Num_Acc,jour,mois,an,hrmn,lum,dep,com,agg,int,atm,col,adr,lat,long,catu,grav,sexe,an_nais,trajet,secu1,secu2,secu3,num_veh_y,senc,obs,obsm,choc,manv,motor,catr,voie,v1,v2,circ,nbv,vosp,prof,plan,surf,infra,situ,vma,age
201900000051,29,11,2019,0 days 17:10:00,2,45,45234,2,6,1,3,RUE DES MONTEES,"47,8763800","1,9145000",1,1,1,1951.0,1,1,4,-1,B01,0,0,2,0,9,5,4, RUE DES MONTEES,0.0,,1,2,0,1,2,1,0,1,50,child
201900000051,29,11,2019,0 days 17:10:00,2,45,45234,2,6,1,3,RUE DES MONTEES,"47,8763800","1,9145000",1,4,1,2004.0,0,8,0,-1,B01,0,0,2,0,9,5,4, RUE DES MONTEES,0.0,,1,2,0,1,2,1,0,1,50,adult
201900000065,27,11,2019,0 days 13:00:00,1,33,33522,2,4,2,3,BD DU PDT FRANKLIN ROOSEVELT,"44,8202000"," -0,5814500",1,1,1,1948.0,5,8,0,-1,A01,1,0,2,1,1,5,4,BD DU PDT FRANKLIN ROOSEVELT,0.0,,3,6,0,1,1,2,0,1,50,child
201900000065,27,11,2019,0 days 13:00:00,1,33,33522,2,4,2,3,BD DU PDT FRANKLIN ROOSEVELT,"44,8202000"," -0,5814500",2,1,2,1961.0,0,8,0,-1,A01,1,0,2,1,1,5,4,BD DU PDT FRANKLIN ROOSEVELT,0.0,,3,6,0,1,1,2,0,1,50,adult
201900000065,27,11,2019,0 days 13:00:00,1,33,33522,2,4,2,3,BD DU PDT FRANKLIN ROOSEVELT,"44,8202000"," -0,5814500",1,4,1,2002.0,0,8,0,-1,A01,1,0,2,1,1,5,4,BD DU PDT FRANKLIN ROOSEVELT,0.0,,3,6,0,1,1,2,0,1,50,adult
201900000113,20,9,2019,0 days 20:05:00,5,974,97411,2,1,1,3,BOIS DE NEFLES (ROUTE DE)," -20,9058900","55,4783700",1,1,2,1960.0,0,8,8,-1,A01,3,0,2,8,14,5,4,BOIS DE NEFLES (ROUTE DE),0.0,,2,0,0,2,3,1,0,1,50,child
201900000113,20,9,2019,0 days 20:05:00,5,974,97411,2,1,1,3,BOIS DE NEFLES (ROUTE DE)," -20,9058900","55,4783700",1,4,1,2002.0,0,8,0,-1,A01,3,0,2,8,14,5,4,BOIS DE NEFLES (ROUTE DE),0.0,,2,0,0,2,3,1,0,1,50,adult
201900000143,19,9,2019,0 days 17:45:00,2,67,67482,2,1,1,1,KLEBSAU (RUE DE LA),"48,5450000","7,7746300",1,1,1,1965.0,0,1,8,-1,B01,2,0,2,1,5,5,4,KLEBSAU (RUE DE LA),0.0,,2,2,1,1,2,1,0,1,50,child
201900000143,19,9,2019,0 days 17:45:00,2,67,67482,2,1,1,1,KLEBSAU (RUE DE LA),"48,5450000","7,7746300",1,4,2,2005.0,0,8,0,-1,B01,2,0,2,1,5,5,4,KLEBSAU (RUE DE LA),0.0,,2,2,1,1,2,1,0,1,50,adult
201900000151,17,2,2019,0 days 07:45:00,1,60,60471,2,6,1,3,AVENUE JEAN JAURÈS,"49,5782422","2,9943981",1,1,1,1955.0,5,1,-1,-1,B01,0,0,2,1,1,5,3,932,0.0,,1,1,0,1,2,1,0,1,50,child
201900000151,17,2,2019,0 days 07:45:00,1,60,60471,2,6,1,3,AVENUE JEAN JAURÈS,"49,5782422","2,9943981",1,4,1,1987.0,5,2,9,-1,B01,0,0,2,1,1,5,3,932,0.0,,1,1,0,1,2,1,0,1,50,adult
201900000181,16,2,2019,0 days 15:30:00,1,28,28287,1,1,1,5,D.153.4 PK: 08+550,"48,1574460","1,6877360",1,3,1,1953.0,5,2,-1,-1,C01,2,0,2,0,1,5,3,153.4,,,2,2,0,1,1,1,0,1,80,child
201900000181,16,2,2019,0 days 15:30:00,1,28,28287,1,1,1,5,D.153.4 PK: 08+550,"48,1574460","1,6877360",1,1,1,1993.0,5,2,-1,-1,C01,2,0,2,0,1,5,3,153.4,,,2,2,0,1,1,1,0,1,80,adult
201900000181,16,2,2019,0 days 15:30:00,1,28,28287,1,1,1,5,D.153.4 PK: 08+550,"48,1574460","1,6877360",1,1,2,2002.0,5,1,-1,-1,C01,2,0,2,0,1,5,3,153.4,,,2,2,0,1,1,1,0,1,80,adult
201900000182,18,2,2019,0 days 11:45:00,1,28,28137,1,1,1,2,D32,"48,5515960","1,7361330",1,2,1,1943.0,5,0,-1,-1,B01,1,0,0,4,2,5,3,32,0.0,,2,1,0,4,1,1,0,1,80,child
201900000182,18,2,2019,0 days 11:45:00,1,28,28137,1,1,1,2,D32,"48,5515960","1,7361330",1,1,1,1995.0,0,1,-1,-1,B01,1,0,0,4,2,5,3,32,0.0,,2,1,0,4,1,1,0,1,80,adult
201900000188,14,2,2019,0 days 15:15:00,1,68,68375,1,1,1,3,RD2 intersection rue d'ensisheim,"47,8164620","7,2676050",1,1,2,1934.0,5,1,-1,-1,B01,2,0,2,3,1,5,3,2,,,2,2,0,2,1,1,0,1,80,child
201900000188,14,2,2019,0 days 15:15:00,1,68,68375,1,1,1,3,RD2 intersection rue d'ensisheim,"47,8164620","7,2676050",1,4,1,1957.0,5,0,-1,-1,B01,2,0,2,3,1,5,3,2,,,2,2,0,2,1,1,0,1,80,adult
201900000192,17,2,2019,0 days 19:10:00,2,76,76660,1,1,1,3,N 1029,"49,4425301","0,2726543",1,1,1,1959.0,5,2,6,-1,B01,1,0,0,0,1,5,2,1029,,,3,4,1,2,1,1,2,5,70,child
201900000192,17,2,2019,0 days 19:10:00,2,76,76660,1,1,1,3,N 1029,"49,4425301","0,2726543",2,3,2,1962.0,5,2,6,-1,B01,1,0,0,0,1,5,2,1029,,,3,4,1,2,1,1,2,5,70,adult
201900000192,17,2,2019,0 days 19:10:00,2,76,76660,1,1,1,3,N 1029,"49,4425301","0,2726543",1,4,1,1994.0,5,0,-1,-1,B01,1,0,0,0,1,5,2,1029,,,3,4,1,2,1,1,2,5,70,adult
201900000220,15,2,2019,0 days 16:40:00,1,77,77317,2,4,7,1,RUE D'ANDREZEL/rue des GUIGNEVEAUX,"48,6092150","2,8869400",1,1,1,1973.0,2,1,-1,-1,B01,1,0,2,1,24,5,4,,,,2,2,0,1,1,1,0,1,50,child
201900000220,15,2,2019,0 days 16:40:00,1,77,77317,2,4,7,1,RUE D'ANDREZEL/rue des GUIGNEVEAUX,"48,6092150","2,8869400",1,3,1,2007.0,2,0,-1,-1,B01,1,0,2,1,24,5,4,,,,2,2,0,1,1,1,0,1,50,adult
201900000224,16,2,2019,0 days 14:43:00,1,78,78548,1,1,1,3,D91,"48,7150440","2,0019880",1,3,1,1964.0,5,2,-1,-1,A01,1,0,2,8,10,5,3,91,0.0,D,2,2,0,1,1,1,0,1,80,child
201900000224,16,2,2019,0 days 14:43:00,1,78,78548,1,1,1,3,D91,"48,7150440","2,0019880",1,4,1,1990.0,5,2,6,-1,A01,1,0,2,8,10,5,3,91,0.0,D,2,2,0,1,1,1,0,1,80,adult
201900000224,16,2,2019,0 days 14:43:00,1,78,78548,1,1,1,3,D91,"48,7150440","2,0019880",2,4,2,1994.0,5,2,6,-1,A01,1,0,2,8,10,5,3,91,0.0,D,2,2,0,1,1,1,0,1,80,adult
201900000245,17,5,2019,0 days 14:30:00,1,33,33238,2,3,1,3,Avenue de Mont de Marsan,"44,7205000"," -0,6037100",1,1,1,1949.0,5,1,-1,-1,B01,2,0,2,1,1,5,3,651,,,2,2,0,2,4,1,0,1,50,child
201900000245,17,5,2019,0 days 14:30:00,1,33,33238,2,3,1,3,Avenue de Mont de Marsan,"44,7205000"," -0,6037100",1,3,1,2001.0,5,2,-1,-1,B01,2,0,2,1,1,5,3,651,,,2,2,0,2,4,1,0,1,50,adult
201900000305,12,5,2019,0 days 11:44:00,1,62,62170,2,1,1,2,52 Route de la Colline,"50,4218350","2,6607360",1,3,1,1950.0,5,2,6,-1,B01,2,0,0,4,1,5,3,75,0.0,D,2,2,0,4,1,1,0,1,50,child
201900000305,12,5,2019,0 days 11:44:00,1,62,62170,2,1,1,2,52 Route de la Colline,"50,4218350","2,6607360",2,3,2,1955.0,5,2,6,-1,B01,2,0,0,4,1,5,3,75,0.0,D,2,2,0,4,1,1,0,1,50,adult
201900000305,12,5,2019,0 days 11:44:00,1,62,62170,2,1,1,2,52 Route de la Colline,"50,4218350","2,6607360",1,4,1,1998.0,5,6,2,-1,B01,2,0,0,4,1,5,3,75,0.0,D,2,2,0,4,1,1,0,1,50,adult
201900000335,27,7,2019,0 days 18:00:00,1,58,58194,2,3,1,6,ARDILLIERS,"46,9919700","3,1613000",3,3,2,1929.0,0,0,0,-1,A01,3,0,1,1,15,5,4,ARDILLIERS,0.0,,1,1,0,1,1,1,0,1,30,child
201900000335,27,7,2019,0 days 18:00:00,1,58,58194,2,3,1,6,ARDILLIERS,"46,9919700","3,1613000",1,1,1,1999.0,5,8,0,-1,A01,3,0,1,1,15,5,4,ARDILLIERS,0.0,,1,1,0,1,1,1,0,1,30,adult
201900000360,15,8,2019,0 days 12:25:00,1,44,44132,2,6,1,3,BD REPUBLIQUE/AVENUE DE GAULLE,"47,2596070"," -2,3390750",1,4,2,1955.0,5,8,0,-1,A01,2,0,2,1,16,5,4,,0.0,,1,2,0,1,2,1,0,1,50,child
201900000360,15,8,2019,0 days 12:25:00,1,44,44132,2,6,1,3,BD REPUBLIQUE/AVENUE DE GAULLE,"47,2596070"," -2,3390750",1,1,1,2003.0,5,8,0,-1,A01,2,0,2,1,16,5,4,,0.0,,1,2,0,1,2,1,0,1,50,adult
201900000394,13,6,2019,0 days 14:30:00,1,93,93048,2,1,1,3,PARIS (RUE DE),"48,8578882","2,4351291",1,4,2,1965.0,1,8,0,-1,B01,1,1,0,1,2,0,3,902,0.0,,-1,2,0,1,1,1,0,1,50,child
201900000394,13,6,2019,0 days 14:30:00,1,93,93048,2,1,1,3,PARIS (RUE DE),"48,8578882","2,4351291",1,1,1,1992.0,4,8,0,-1,B01,1,1,0,1,2,0,3,902,0.0,,-1,2,0,1,1,1,0,1,50,adult
201900000402,19,6,2019,0 days 09:37:00,1,93,93046,2,3,1,3,EUGENE MASSE RUE,"48,9263000","2,5452700",1,1,1,1967.0,0,8,0,-1,B01,1,0,2,5,16,0,4,EUGENE MASSE RUE,0.0,,2,2,0,1,4,1,0,1,50,child
201900000402,19,6,2019,0 days 09:37:00,1,93,93046,2,3,1,3,EUGENE MASSE RUE,"48,9263000","2,5452700",1,4,1,2003.0,4,8,0,-1,B01,1,0,2,5,16,0,4,EUGENE MASSE RUE,0.0,,2,2,0,1,4,1,0,1,50,adult
201900000480,24,10,2019,0 days 19:55:00,5,75,75115,2,2,1,6,RUE OLIVIER DE SERRES,"48,8361386","2,2972210",3,4,1,1967.0,5,0,-1,-1,A01,1,0,1,1,1,5,4,RUE OLIVIER DE SERRES,0.0,,1,1,0,2,1,1,0,1,50,child
201900000480,24,10,2019,0 days 19:55:00,5,75,75115,2,2,1,6,RUE OLIVIER DE SERRES,"48,8361386","2,2972210",1,1,1,1996.0,5,8,2,-1,A01,1,0,1,1,1,5,4,RUE OLIVIER DE SERRES,0.0,,1,1,0,2,1,1,0,1,50,adult
201900000498,24,10,2019,0 days 18:25:00,1,92,92064,2,1,1,6,DAILLY,"48,8451000","2,2176000",1,1,1,1972.0,4,8,0,-1,B01,2,1,0,1,2,5,3,907,0.0,,3,3,0,2,1,1,9,1,50,child
201900000498,24,10,2019,0 days 18:25:00,1,92,92064,2,1,1,6,DAILLY,"48,8451000","2,2176000",1,4,2,1993.0,1,8,0,-1,B01,2,1,0,1,2,5,3,907,0.0,,3,3,0,2,1,1,9,1,50,adult
201900000530,25,10,2019,0 days 11:50:00,1,1,01093,1,3,1,1,1 Lotissement Domaine Berthaud,"46,1073500","4,9627720",1,1,2,1939.0,5,1,-1,-1,B01,3,13,0,4,15,5,3,2,0.0,,2,2,0,1,1,1,0,1,80,child
201900000530,25,10,2019,0 days 11:50:00,1,1,01093,1,3,1,1,1 Lotissement Domaine Berthaud,"46,1073500","4,9627720",2,1,2,1948.0,5,1,-1,-1,B01,3,13,0,4,15,5,3,2,0.0,,2,2,0,1,1,1,0,1,80,adult
201900000530,25,10,2019,0 days 11:50:00,1,1,01093,1,3,1,1,1 Lotissement Domaine Berthaud,"46,1073500","4,9627720",1,3,1,2005.0,5,2,-1,-1,B01,3,13,0,4,15,5,3,2,0.0,,2,2,0,1,1,1,0,1,80,adult
201900000603,30,11,2019,0 days 17:10:00,2,51,51660,2,9,1,1,AVENUE DU VAL DES BOIS,"49,3481234","4,2125039",1,2,1,1940.0,9,8,-1,-1,B01,2,0,2,7,19,5,3,20,,,2,2,0,1,1,1,5,1,50,child
201900000603,30,11,2019,0 days 17:10:00,2,51,51660,2,9,1,1,AVENUE DU VAL DES BOIS,"49,3481234","4,2125039",1,1,1,1978.0,5,9,-1,-1,B01,2,0,2,7,19,5,3,20,,,2,2,0,1,1,1,5,1,50,adult
201900000603,30,11,2019,0 days 17:10:00,2,51,51660,2,9,1,1,AVENUE DU VAL DES BOIS,"49,3481234","4,2125039",2,1,1,2009.0,5,8,-1,-1,B01,2,0,2,7,19,5,3,20,,,2,2,0,1,1,1,5,1,50,adult
201900000634,29,11,2019,0 days 20:45:00,4,33,33199,2,1,1,2,161 avenue Maréchal de lattre de tassigny,"44,6365100"," -1,0956600",1,3,1,1943.0,5,0,-1,-1,B01,1,0,0,4,2,6,3,650,,,2,2,0,1,1,1,0,1,50,child
201900000634,29,11,2019,0 days 20:45:00,4,33,33199,2,1,1,2,161 avenue Maréchal de lattre de tassigny,"44,6365100"," -1,0956600",1,1,1,1989.0,5,1,-1,-1,B01,1,0,0,4,2,6,3,650,,,2,2,0,1,1,1,0,1,50,adult
201900000669,27,11,2019,0 days 06:20:00,5,75,75116,2,2,1,3,ALLEE DE LONGCHAMP,"48,8637090","2,2401166",1,1,1,1973.0,1,1,0,-1,B01,1,0,2,8,1,5,4,ALLEE DE LONGCHAMP,0.0,,2,4,0,1,1,2,0,1,50,child
201900000669,27,11,2019,0 days 06:20:00,5,75,75116,2,2,1,3,ALLEE DE LONGCHAMP,"48,8637090","2,2401166",1,4,1,1996.0,1,8,2,-1,B01,1,0,2,8,1,5,4,ALLEE DE LONGCHAMP,0.0,,2,4,0,1,1,2,0,1,50,adult
201900000684,28,11,2019,0 days 08:30:00,1,93,93045,2,2,2,3,JUIN AVENUE DU MARECHAL,"48,8783400","2,4225100",1,1,1,1959.0,4,2,0,-1,Y01,3,0,2,7,1,0,3,20,0.0,,2,2,0,1,1,1,0,1,50,child
201900000684,28,11,2019,0 days 08:30:00,1,93,93045,2,2,2,3,JUIN AVENUE DU MARECHAL,"48,8783400","2,4225100",1,4,1,1992.0,1,8,0,-1,Y01,3,0,2,7,1,0,3,20,0.0,,2,2,0,1,1,1,0,1,50,adult
201900000690,28,11,2019,0 days 11:25:00,1,92,92012,2,2,1,3,GENERAL LECLERC (AVENUE DU) 35/FIN - 60/,"48,8309329","2,2346122",1,4,2,1947.0,0,8,0,-1,B01,1,0,2,7,15,5,3,910,0.0,,1,7,0,1,1,1,0,1,50,child
201900000690,28,11,2019,0 days 11:25:00,1,92,92012,2,2,1,3,GENERAL LECLERC (AVENUE DU) 35/FIN - 60/,"48,8309329","2,2346122",1,1,2,1992.0,0,1,0,-1,B01,1,0,2,7,15,5,3,910,0.0,,1,7,0,1,1,1,0,1,50,adult
201900000717,28,11,2019,0 days 17:50:00,3,88,88307,1,1,2,3,D460a,"48,0244930","5,8090520",1,1,1,1935.0,5,8,-1,-1,B01,1,0,2,1,15,5,3,460,0.0,A,2,2,0,1,2,2,0,1,80,child
201900000717,28,11,2019,0 days 17:50:00,3,88,88307,1,1,2,3,D460a,"48,0244930","5,8090520",1,3,1,2006.0,5,0,-1,-1,B01,1,0,2,1,15,5,3,460,0.0,A,2,2,0,1,2,2,0,1,80,adult
201900000733,1,9,2019,0 days 15:32:00,1,63,63019,2,1,1,3,SOLEIL LEVANT (RUE DU),"45,7959039","3,1651663",1,1,1,1967.0,4,8,8,-1,B01,3,0,2,1,19,5,4,SOLEIL LEVANT (RUE DU),0.0,,2,2,0,1,1,1,0,1,50,child
201900000733,1,9,2019,0 days 15:32:00,1,63,63019,2,1,1,3,SOLEIL LEVANT (RUE DU),"45,7959039","3,1651663",1,3,1,2004.0,5,8,0,-1,B01,3,0,2,1,19,5,4,SOLEIL LEVANT (RUE DU),0.0,,2,2,0,1,1,1,0,1,50,adult
201900000735,20,9,2019,0 days 22:40:00,5,59,59512,2,6,1,1,AVELGHEM (RUE D'),"50,6946874","3,1949066",1,4,1,1974.0,0,8,0,-1,B01,3,0,0,0,0,5,4,,0.0,,-1,1,1,1,1,1,0,1,50,child
201900000735,20,9,2019,0 days 22:40:00,5,59,59512,2,6,1,1,AVELGHEM (RUE D'),"50,6946874","3,1949066",1,4,1,1996.0,0,1,0,-1,B01,3,0,0,0,0,5,4,,0.0,,-1,1,1,1,1,1,0,1,50,adult
201900000740,19,9,2019,0 days 17:15:00,1,56,56121,2,2,1,3,Rue Louis Guiguen,"47,7557400"," -3,3548100",1,4,1,1963.0,0,2,0,-1,B01,2,0,2,8,1,5,4,Rue de Melun,0.0,,2,2,2,1,1,1,0,1,30,child
201900000740,19,9,2019,0 days 17:15:00,1,56,56121,2,2,1,3,Rue Louis Guiguen,"47,7557400"," -3,3548100",1,1,2,1987.0,5,1,8,-1,B01,2,0,2,8,1,5,4,Rue de Melun,0.0,,2,2,2,1,1,1,0,1,30,adult
201900000750,18,9,2019,0 days 18:50:00,1,41,41018,2,1,1,3,D 766,"47,5827000","1,2976000",1,1,1,1963.0,1,1,8,-1,B01,1,0,2,1,19,5,3,766,0.0,,2,2,0,1,1,1,5,1,50,child
201900000750,18,9,2019,0 days 18:50:00,1,41,41018,2,1,1,3,D 766,"47,5827000","1,2976000",1,4,1,1988.0,1,8,0,-1,B01,1,0,2,1,19,5,3,766,0.0,,2,2,0,1,1,1,5,1,50,adult
201900000774,15,9,2019,0 days 11:00:00,1,22,22278,2,2,1,3,Bd de l'Atlantique,"48,5194100"," -2,7882680",1,4,1,1943.0,5,2,0,-1,A01,1,0,2,0,1,5,4,Bd de L'Atlantique,0.0,,-1,2,0,1,1,1,0,1,50,child
201900000774,15,9,2019,0 days 11:00:00,1,22,22278,2,2,1,3,Bd de l'Atlantique,"48,5194100"," -2,7882680",1,1,1,2008.0,5,2,8,-1,A01,1,0,2,0,1,5,4,Bd de L'Atlantique,0.0,,-1,2,0,1,1,1,0,1,50,adult
201900000815,20,9,2019,0 days 17:20:00,1,75,75104,2,1,1,6,BOULEVARD DU PALAIS,"48,8552101","2,3458059",3,4,2,1964.0,1,0,-1,-1,A01,1,0,1,1,7,5,4,BOULEVARD DU PALAIS,0.0,,1,4,3,1,1,1,0,6,50,child
201900000815,20,9,2019,0 days 17:20:00,1,75,75104,2,1,1,6,BOULEVARD DU PALAIS,"48,8552101","2,3458059",1,1,1,1995.0,9,8,2,-1,A01,1,0,1,1,7,5,4,BOULEVARD DU PALAIS,0.0,,1,4,3,1,1,1,0,6,50,adult
201900000824,20,9,2019,0 days 12:15:00,1,94,94033,2,1,1,1,PIERRE BROSSOLETTE (R),"48,8400000","2,4700000",1,1,2,1982.0,5,1,0,-1,B01,2,0,2,1,1,5,4,PIERRE BROSSOLETTE (R),0.0,,2,1,0,2,1,1,0,1,30,child
201900000824,20,9,2019,0 days 12:15:00,1,94,94033,2,1,1,1,PIERRE BROSSOLETTE (R),"48,8400000","2,4700000",1,4,1,2004.0,2,8,0,-1,B01,2,0,2,1,1,5,4,PIERRE BROSSOLETTE (R),0.0,,2,1,0,2,1,1,0,1,30,adult
201900000858,20,9,2019,0 days 19:45:00,3,41,41149,2,1,1,6,Avenue des reclusages,"47,7467890","0,8643610",1,2,1,1958.0,5,2,-1,-1,B01,0,0,2,5,2,5,4,,,,2,2,0,1,1,1,0,1,-1,child
201900000858,20,9,2019,0 days 19:45:00,3,41,41149,2,1,1,6,Avenue des reclusages,"47,7467890","0,8643610",1,1,1,1994.0,5,2,-1,-1,B01,0,0,2,5,2,5,4,,,,2,2,0,1,1,1,0,1,-1,adult
201900000879,21,9,2019,0 days 15:35:00,1,50,50507,1,1,1,2,RD 421,"49,4950110"," -1,2656440",1,1,1,1939.0,5,1,-1,-1,B01,0,0,2,4,2,5,3,421,0.0,A,2,2,0,1,1,1,0,1,80,child
201900000879,21,9,2019,0 days 15:35:00,1,50,50507,1,1,1,2,RD 421,"49,4950110"," -1,2656440",1,4,1,1960.0,5,2,-1,-1,B01,0,0,2,4,2,5,3,421,0.0,A,2,2,0,1,1,1,0,1,80,adult
201900000907,20,9,2019,0 days 11:15:00,1,27,27016,2,1,1,1,Clos du Gambon,"49,2493350","1,4390520",1,1,1,1958.0,5,1,-1,-1,B01,0,0,2,7,19,5,4,,,,2,2,0,1,1,1,0,1,50,child
201900000907,20,9,2019,0 days 11:15:00,1,27,27016,2,1,1,1,Clos du Gambon,"49,2493350","1,4390520",1,4,1,2001.0,2,0,-1,-1,B01,0,0,2,7,19,5,4,,,,2,2,0,1,1,1,0,1,50,adult
201900000991,13,10,2019,0 days 12:10:00,1,63,63113,2,3,1,5,AURIOL (BOULEVARD VINCENT),"45,7928399","3,1198883",1,1,2,1948.0,0,1,0,-1,B01,1,0,2,1,1,5,7,210,0.0,,2,2,0,1,1,1,0,3,50,child
201900000991,13,10,2019,0 days 12:10:00,1,63,63113,2,3,1,5,AURIOL (BOULEVARD VINCENT),"45,7928399","3,1198883",1,1,1,1993.0,0,8,0,-1,B01,1,0,2,1,1,5,7,210,0.0,,2,2,0,1,1,1,0,3,50,adult
201900000991,13,10,2019,0 days 12:10:00,1,63,63113,2,3,1,5,AURIOL (BOULEVARD VINCENT),"45,7928399","3,1198883",1,4,1,1995.0,0,2,0,-1,B01,1,0,2,1,1,5,7,210,0.0,,2,2,0,1,1,1,0,3,50,adult
201900001022,30,1,2019,0 days 18:10:00,5,69,69191,2,1,1,6,route de lyon,"45,8124880","4,8183480",1,1,1,1933.0,5,1,-1,-1,B01,2,0,2,1,1,5,3,21,0.0,D,2,2,0,2,1,1,0,1,50,child
201900001022,30,1,2019,0 days 18:10:00,5,69,69191,2,1,1,6,route de lyon,"45,8124880","4,8183480",1,3,1,1991.0,9,2,-1,-1,B01,2,0,2,1,1,5,3,21,0.0,D,2,2,0,2,1,1,0,1,50,adult
201900001041,17,2,2019,0 days 12:48:00,1,76,76024,1,1,6,2,route de dieppe,"49,7503050","1,2846030",1,1,2,1931.0,5,1,-1,-1,A01,1,0,2,1,2,5,3,915,,,2,2,0,1,1,1,0,1,80,child
201900001041,17,2,2019,0 days 12:48:00,1,76,76024,1,1,6,2,route de dieppe,"49,7503050","1,2846030",2,1,2,1973.0,0,1,-1,-1,A01,1,0,2,1,2,5,3,915,,,2,2,0,1,1,1,0,1,80,adult
201900001041,17,2,2019,0 days 12:48:00,1,76,76024,1,1,6,2,route de dieppe,"49,7503050","1,2846030",1,3,1,1986.0,5,2,-1,-1,A01,1,0,2,1,2,5,3,915,,,2,2,0,1,1,1,0,1,80,adult
201900001131,13,2,2019,0 days 14:00:00,1,974,97409,2,9,1,2,DE LA GARE(RUE)," -20,9625800","55,6580400",1,1,1,1962.0,4,1,8,-1,A01,3,0,2,1,2,6,4,DE LA GARE(RUE),0.0,,2,1,0,1,1,1,0,1,50,child
201900001131,13,2,2019,0 days 14:00:00,1,974,97409,2,9,1,2,DE LA GARE(RUE)," -20,9625800","55,6580400",1,4,1,2001.0,0,8,0,-1,A01,3,0,2,1,2,6,4,DE LA GARE(RUE),0.0,,2,1,0,1,1,1,0,1,50,adult
201900001156,12,2,2019,0 days 16:40:00,1,83,83069,1,9,1,3,SALINS ( ROUTE DES VIEUX),"43,1244700","6,1887500",1,3,1,1943.0,5,8,0,-1,A01,2,0,2,1,19,5,4,SALINS ( ROUTE DES VIEUX),0.0,,3,2,2,2,1,1,0,1,50,child
201900001156,12,2,2019,0 days 16:40:00,1,83,83069,1,9,1,3,SALINS ( ROUTE DES VIEUX),"43,1244700","6,1887500",1,1,1,1964.0,5,2,8,-1,A01,2,0,2,1,19,5,4,SALINS ( ROUTE DES VIEUX),0.0,,3,2,2,2,1,1,0,1,50,adult
201900001190,23,5,2019,0 days 08:30:00,1,59,59400,2,1,1,3,6 rue thiers,"50,6436200","2,6401080",1,3,1,1938.0,5,0,-1,-1,A01,2,0,2,8,1,5,3,946,0.0,D,2,2,0,1,1,1,0,1,50,child
201900001190,23,5,2019,0 days 08:30:00,1,59,59400,2,1,1,3,6 rue thiers,"50,6436200","2,6401080",1,1,1,1985.0,1,8,-1,-1,A01,2,0,2,8,1,5,3,946,0.0,D,2,2,0,1,1,1,0,1,50,adult
201900001402,14,8,2019,0 days 18:43:00,1,31,31555,2,1,1,3,AV JEAN ZAY,"43,6488900","1,4330900",1,3,1,1939.0,5,2,0,-1,B01,0,0,2,8,1,5,4,,0.0,,2,2,0,1,1,1,0,1,50,child
201900001402,14,8,2019,0 days 18:43:00,1,31,31555,2,1,1,3,AV JEAN ZAY,"43,6488900","1,4330900",1,1,1,1985.0,5,1,7,-1,B01,0,0,2,8,1,5,4,,0.0,,2,2,0,1,1,1,0,1,50,adult
201900001402,14,8,2019,0 days 18:43:00,1,31,31555,2,1,1,3,AV JEAN ZAY,"43,6488900","1,4330900",2,1,2,1989.0,5,1,8,-1,B01,0,0,2,8,1,5,4,,0.0,,2,2,0,1,1,1,0,1,50,adult
201900001426,31,5,2019,0 days 12:40:00,1,92,92063,2,1,1,3,SUE (RUE EUGENE),"48,8765700","2,2012400",1,1,2,1963.0,5,1,8,-1,A01,2,0,2,8,19,5,4,SUE (RUE EUGENE),0.0,,2,2,0,1,1,1,0,1,50,child
201900001426,31,5,2019,0 days 12:40:00,1,92,92063,2,1,1,3,SUE (RUE EUGENE),"48,8765700","2,2012400",1,4,1,2006.0,5,8,8,-1,A01,2,0,2,8,19,5,4,SUE (RUE EUGENE),0.0,,2,2,0,1,1,1,0,1,50,adult
201900001545,14,8,2019,0 days 08:25:00,1,5,05023,2,1,1,6,FORGUES (AVENUE DU PROF.),"44,9056000","6,6302000",3,4,2,1957.0,9,8,0,-1,A01,2,0,1,1,1,5,2,94,0.0,,2,2,0,2,1,1,0,1,50,child
201900001545,14,8,2019,0 days 08:25:00,1,5,05023,2,1,1,6,FORGUES (AVENUE DU PROF.),"44,9056000","6,6302000",1,1,1,1991.0,1,8,0,-1,A01,2,0,1,1,1,5,2,94,0.0,,2,2,0,2,1,1,0,1,50,adult
201900001553,3,6,2019,0 days 18:00:00,1,92,92023,2,1,1,6,PORTE DE TRIVAUX (RUE DE) N°57 A 197 ET,"48,7851000","2,2394300",1,4,1,1972.0,1,8,0,-1,A01,2,0,1,1,25,5,3,80,0.0,,2,2,0,1,1,1,0,1,50,child
201900001553,3,6,2019,0 days 18:00:00,1,92,92023,2,1,1,6,PORTE DE TRIVAUX (RUE DE) N°57 A 197 ET,"48,7851000","2,2394300",3,4,2,2014.0,5,8,0,-1,A01,2,0,1,1,25,5,3,80,0.0,,2,2,0,1,1,1,0,1,50,adult
201900001657,13,8,2019,0 days 12:00:00,1,94,94028,2,1,1,3,SEBASTIEN(VILLA),"48,7892500","2,4652200",1,1,1,1968.0,4,1,8,-1,B01,3,0,2,0,1,5,4,SEBASTIEN(VILLA),0.0,,1,1,1,1,1,1,0,1,50,child
201900001657,13,8,2019,0 days 12:00:00,1,94,94028,2,1,1,3,SEBASTIEN(VILLA),"48,7892500","2,4652200",1,4,2,2004.0,5,8,0,-1,B01,3,0,2,0,1,5,4,SEBASTIEN(VILLA),0.0,,1,1,1,1,1,1,0,1,50,adult
201900001736,17,8,2019,0 days 14:15:00,1,84,84069,1,1,1,3,RD974,"44,1607480","5,1468650",1,3,1,1964.0,5,2,-1,-1,B01,2,0,2,3,13,5,3,974,,D,2,2,0,2,3,1,0,1,80,child