Num_Acc,jour,mois,an,hrmn,lum,dep,com,agg,int,atm,col,adr,lat,long,catu,grav,sexe,an_nais,trajet,secu1,secu2,secu3,num_veh_y,senc,obs,obsm,choc,manv,motor,catr,voie,v1,v2,circ,nbv,vosp,prof,plan,surf,infra,situ,vma,age
201900003293,23,10,2019,0 days 19:30:00,3,73,73252,2,1,2,3,D74,"45,4358454","6,2800275",1,4,1,1989.0,5,0,-1,-1,B01,3,0,2,3,1,5,3,74,,,2,2,0,1,4,2,0,1,50,adult
201900003362,25,9,2019,0 days 17:53:00,1,974,97415,1,1,1,1,25 Chemin Bras Canot," -21,0687800","55,2893260",1,1,1,1976.0,1,1,-1,-1,B01,2,0,2,1,13,5,3,110,,,2,2,0,2,2,1,0,1,90,child
201900003362,25,9,2019,0 days 17:53:00,1,974,97415,1,1,1,1,25 Chemin Bras Canot," -21,0687800","55,2893260",1,3,1,2003.0,5,0,-1,-1,B01,2,0,2,1,13,5,3,110,,,2,2,0,2,2,1,0,1,90,adult
201900003376,16,8,2019,0 days 16:25:00,1,67,67184,2,1,1,3,rue du stade,"48,9012060","7,9779990",1,1,1,1963.0,1,1,-1,-1,B01,3,0,2,1,16,5,4,,,,2,2,0,1,1,1,0,1,50,child
201900003376,16,8,2019,0 days 16:25:00,1,67,67184,2,1,1,3,rue du stade,"48,9012060","7,9779990",1,4,1,2010.0,5,2,-1,-1,B01,3,0,2,1,16,5,4,,,,2,2,0,1,1,1,0,1,50,adult
201900003388,4,6,2019,0 days 23:54:00,5,67,67448,2,1,1,2,101 Grand-rue,"48,4782390","7,2181460",1,3,1,1975.0,1,0,-1,-1,A01,2,0,2,4,1,5,3,392,0.0,,2,2,0,1,1,1,0,1,30,child
201900003388,4,6,2019,0 days 23:54:00,5,67,67448,2,1,1,2,101 Grand-rue,"48,4782390","7,2181460",1,1,1,2000.0,5,8,-1,-1,A01,2,0,2,4,1,5,3,392,0.0,,2,2,0,1,1,1,0,1,30,adult
201900003437,7,8,2019,0 days 10:15:00,1,44,44047,2,1,1,3,88 Rue Alexandre Olivier,"47,2199920"," -1,7246690",1,3,1,1955.0,5,2,-1,-1,B01,0,0,0,8,1,5,7,26,0.0,,2,2,0,2,1,1,0,1,50,child
201900003437,7,8,2019,0 days 10:15:00,1,44,44047,2,1,1,3,88 Rue Alexandre Olivier,"47,2199920"," -1,7246690",1,1,1,1997.0,1,1,-1,-1,B01,0,0,0,8,1,5,7,26,0.0,,2,2,0,2,1,1,0,1,50,adult
201900003478,14,3,2019,0 days 12:55:00,1,60,60141,2,1,1,1,Av de verdun,"49,1868240","2,4595940",1,3,1,1942.0,0,0,-1,-1,B01,2,0,2,1,13,5,9,,,,1,1,2,1,2,1,0,1,30,child
201900003478,14,3,2019,0 days 12:55:00,1,60,60141,2,1,1,1,Av de verdun,"49,1868240","2,4595940",1,1,1,1977.0,1,1,-1,-1,B01,2,0,2,1,13,5,9,,,,1,1,2,1,2,1,0,1,30,adult
201900003552,31,10,2019,0 days 15:25:00,1,67,67482,2,1,8,3,ALPES (QUAI DES),"48,5745500","7,7666700",1,4,1,1938.0,0,8,0,-1,A01,1,0,2,6,19,5,4,ALPES (QUAI DES),0.0,,2,4,1,1,1,1,0,1,50,child
201900003552,31,10,2019,0 days 15:25:00,1,67,67482,2,1,8,3,ALPES (QUAI DES),"48,5745500","7,7666700",1,1,1,1984.0,0,2,6,-1,A01,1,0,2,6,19,5,4,ALPES (QUAI DES),0.0,,2,4,1,1,1,1,0,1,50,adult
201900003564,4,11,2019,0 days 10:30:00,1,35,35238,2,2,1,6,PATTON (AVENUE DU GENERAL SIR GEORGES),"48,1286250"," -1,6641360",1,1,1,1960.0,4,1,8,-1,B01,3,0,0,0,0,5,4,PATTON (AVENUE DU GENERAL SIR GEORGES),0.0,,1,1,0,1,1,1,5,-1,30,child
201900003564,4,11,2019,0 days 10:30:00,1,35,35238,2,2,1,6,PATTON (AVENUE DU GENERAL SIR GEORGES),"48,1286250"," -1,6641360",1,2,2,1997.0,0,8,0,-1,B01,3,0,0,0,0,5,4,PATTON (AVENUE DU GENERAL SIR GEORGES),0.0,,1,1,0,1,1,1,5,-1,30,adult
201900003590,25,11,2019,0 days 13:32:00,1,973,97302,2,1,1,3,SOURCE DE BADUEL (CHEMIN DE LA),"4,9302290"," -52,3089410",1,1,2,1971.0,5,1,0,-1,B01,3,0,2,7,1,5,4,SOURCE DE BADUEL (CHEMIN DE LA),0.0,,2,2,0,1,1,1,0,1,50,child
201900003590,25,11,2019,0 days 13:32:00,1,973,97302,2,1,1,3,SOURCE DE BADUEL (CHEMIN DE LA),"4,9302290"," -52,3089410",1,4,1,2002.0,2,8,0,-1,B01,3,0,2,7,1,5,4,SOURCE DE BADUEL (CHEMIN DE LA),0.0,,2,2,0,1,1,1,0,1,50,adult
201900003591,25,11,2019,0 days 13:08:00,1,973,97302,2,1,2,3,ZEPHIR (ROCADE),"4,9237660"," -52,3250410",1,1,2,1977.0,4,1,0,-1,B01,1,0,2,0,5,5,3,18,0.0,,2,1,2,1,1,2,0,1,50,child
201900003591,25,11,2019,0 days 13:08:00,1,973,97302,2,1,2,3,ZEPHIR (ROCADE),"4,9237660"," -52,3250410",1,4,1,2003.0,0,8,0,-1,B01,1,0,2,0,5,5,3,18,0.0,,2,1,2,1,1,2,0,1,50,adult
201900003628,26,11,2019,0 days 18:27:00,5,59,59098,1,3,2,3,LINSELLES (RUE DE),"50,7621490","3,0781111",1,1,2,1953.0,5,1,8,-1,B01,0,0,2,1,1,5,7,64,0.0,,2,2,0,1,1,2,0,1,80,child
201900003628,26,11,2019,0 days 18:27:00,5,59,59098,1,3,2,3,LINSELLES (RUE DE),"50,7621490","3,0781111",1,4,1,1991.0,1,8,8,-1,B01,0,0,2,1,1,5,7,64,0.0,,2,2,0,1,1,2,0,1,80,adult
201900003647,26,11,2019,0 days 10:10:00,1,31,31555,2,1,1,3,BD D ARCOLE,"43,6112200","1,4405900",1,4,1,1949.0,9,2,0,-1,B01,3,0,2,4,10,5,4,,0.0,,2,4,0,1,1,1,0,1,50,child
201900003647,26,11,2019,0 days 10:10:00,1,31,31555,2,1,1,3,BD D ARCOLE,"43,6112200","1,4405900",1,1,1,1998.0,4,1,8,-1,B01,3,0,2,4,10,5,4,,0.0,,2,4,0,1,1,1,0,1,50,adult
201900003672,26,11,2019,0 days 19:58:00,5,3,03185,2,3,1,6,avenue de la République,"46,3478837","2,5954223",2,4,1,1962.0,1,8,0,-1,C01,1,0,2,4,0,0,3,943,0.0,,2,2,0,1,1,1,0,1,50,child
201900003672,26,11,2019,0 days 19:58:00,5,3,03185,2,3,1,6,avenue de la République,"46,3478837","2,5954223",1,4,1,1963.0,1,8,0,-1,C01,1,0,2,4,0,0,3,943,0.0,,2,2,0,1,1,1,0,1,50,adult
201900003672,26,11,2019,0 days 19:58:00,5,3,03185,2,3,1,6,avenue de la République,"46,3478837","2,5954223",1,1,1,1967.0,5,8,8,-1,C01,1,0,2,4,0,0,3,943,0.0,,2,2,0,1,1,1,0,1,50,adult
201900003672,26,11,2019,0 days 19:58:00,5,3,03185,2,3,1,6,avenue de la République,"46,3478837","2,5954223",1,3,1,1994.0,5,8,0,-1,C01,1,0,2,4,0,0,3,943,0.0,,2,2,0,1,1,1,0,1,50,adult
201900003685,25,11,2019,0 days 22:15:00,5,75,75112,2,3,2,3,RUE DE LYON,"48,8514329","2,3699002",1,1,1,1971.0,4,1,0,-1,A01,2,0,2,8,16,5,4,RUE DE LYON,0.0,,2,4,0,1,1,2,0,1,50,child
201900003685,25,11,2019,0 days 22:15:00,5,75,75112,2,3,2,3,RUE DE LYON,"48,8514329","2,3699002",1,4,2,1999.0,5,8,2,-1,A01,2,0,2,8,16,5,4,RUE DE LYON,0.0,,2,4,0,1,1,2,0,1,50,adult
201900003689,25,11,2019,0 days 09:15:00,1,75,75101,2,1,1,6,RUE DANIELLE CASANOVA,"48,8680848","2,3311400",3,4,2,1965.0,1,0,-1,-1,A01,2,0,1,1,1,5,4,RUE DANIELLE CASANOVA,0.0,,2,2,1,1,1,1,0,5,30,child
201900003689,25,11,2019,0 days 09:15:00,1,75,75101,2,1,1,6,RUE DANIELLE CASANOVA,"48,8680848","2,3311400",1,1,1,1989.0,1,8,2,-1,A01,2,0,1,1,1,5,4,RUE DANIELLE CASANOVA,0.0,,2,2,1,1,1,1,0,5,30,adult
201900003836,17,12,2019,0 days 16:30:00,1,35,35281,2,1,1,6,CLAUDEL (COURS CAMILLE),"48,0813700"," -1,7137600",1,1,1,1990.0,0,8,0,-1,A01,0,0,1,1,0,5,4,CLAUDEL (COURS CAMILLE),0.0,,1,1,0,1,1,1,6,1,30,child
201900003836,17,12,2019,0 days 16:30:00,1,35,35281,2,1,1,6,CLAUDEL (COURS CAMILLE),"48,0813700"," -1,7137600",3,4,1,2011.0,9,0,-1,-1,A01,0,0,1,1,0,5,4,CLAUDEL (COURS CAMILLE),0.0,,1,1,0,1,1,1,6,1,30,adult
201900003839,28,11,2019,0 days 17:50:00,3,29,29212,2,1,2,3,Rue des Myosotis,"48,3733450"," -4,5883910",1,1,1,1974.0,9,1,-1,-1,B01,0,0,2,7,19,5,4,,,,2,2,1,1,1,1,0,1,50,child
201900003839,28,11,2019,0 days 17:50:00,3,29,29212,2,1,2,3,Rue des Myosotis,"48,3733450"," -4,5883910",1,4,2,2005.0,5,2,4,9,B01,0,0,2,7,19,5,4,,,,2,2,1,1,1,1,0,1,50,adult
201900003852,20,9,2019,0 days 08:05:00,1,75,75111,2,2,1,3,AVENUE DE LA REPUBLIQUE,"48,8660025","2,3706578",1,1,1,1960.0,4,1,0,-1,A01,2,0,2,1,1,5,4,AVENUE DE LA REPUBLIQUE,0.0,,2,2,0,2,1,1,0,1,30,child
201900003852,20,9,2019,0 days 08:05:00,1,75,75111,2,2,1,3,AVENUE DE LA REPUBLIQUE,"48,8660025","2,3706578",1,4,2,1988.0,1,8,2,-1,A01,2,0,2,1,1,5,4,AVENUE DE LA REPUBLIQUE,0.0,,2,2,0,2,1,1,0,1,30,adult
201900003919,16,9,2019,0 days 10:15:00,1,974,97411,2,1,1,2,LORY LES HAUTS (RUE)," -20,8974000","55,4808000",1,1,2,1974.0,0,1,0,-1,A01,3,0,2,1,26,5,4,LORY LES HAUTS (RUE),0.0,,2,2,0,2,1,1,0,1,50,child
201900003919,16,9,2019,0 days 10:15:00,1,974,97411,2,1,1,2,LORY LES HAUTS (RUE)," -20,8974000","55,4808000",1,4,1,1999.0,0,8,0,-1,A01,3,0,2,1,26,5,4,LORY LES HAUTS (RUE),0.0,,2,2,0,2,1,1,0,1,50,adult
201900003939,17,9,2019,0 days 18:20:00,1,67,67482,2,1,1,6,MILAN (RUE DE),"48,5768730","7,7673730",3,4,2,1941.0,5,8,0,-1,A01,1,0,1,1,1,5,4,MILAN (RUE DE),0.0,,-1,1,0,1,4,1,9,1,30,child
201900003939,17,9,2019,0 days 18:20:00,1,67,67482,2,1,1,6,MILAN (RUE DE),"48,5768730","7,7673730",1,1,2,2010.0,0,8,0,-1,A01,1,0,1,1,1,5,4,MILAN (RUE DE),0.0,,-1,1,0,1,4,1,9,1,30,adult
201900003953,17,9,2019,0 days 17:10:00,1,56,56121,2,2,1,3,KERJULAUDE ( RUE DE ),"47,7438357"," -3,3810682",1,4,1,1968.0,4,2,0,-1,B01,2,0,2,8,1,5,4,KERJULAUDE ( RUE DE ),0.0,,2,4,1,1,1,1,5,1,50,child
201900003953,17,9,2019,0 days 17:10:00,1,56,56121,2,2,1,3,KERJULAUDE ( RUE DE ),"47,7438357"," -3,3810682",1,1,1,1998.0,4,1,8,-1,B01,2,0,2,8,1,5,4,KERJULAUDE ( RUE DE ),0.0,,2,4,1,1,1,1,5,1,50,adult
201900003980,18,9,2019,0 days 16:00:00,1,14,14327,2,9,1,3,COLOMBELLES CD226 (ROUTE DE),"49,2068600"," -0,3156400",1,1,1,1957.0,-1,1,-1,-1,B01,1,0,0,9,1,5,3,226,0.0,A,2,0,0,1,1,1,9,1,30,child
201900003980,18,9,2019,0 days 16:00:00,1,14,14327,2,9,1,3,COLOMBELLES CD226 (ROUTE DE),"49,2068600"," -0,3156400",1,4,1,1993.0,-1,0,-1,-1,B01,1,0,0,9,1,5,3,226,0.0,A,2,0,0,1,1,1,9,1,30,adult
201900003981,18,9,2019,0 days 12:05:00,1,14,14341,2,1,1,3,NOBEL (RUE  ALFRED),"49,1486700"," -0,3401100",1,4,2,1957.0,5,8,0,-1,B01,3,0,2,3,19,5,4,NOBEL (RUE  ALFRED),0.0,,2,2,0,1,1,1,0,1,50,child
201900003981,18,9,2019,0 days 12:05:00,1,14,14341,2,1,1,3,NOBEL (RUE  ALFRED),"49,1486700"," -0,3401100",1,1,1,1989.0,5,1,0,-1,B01,3,0,2,3,19,5,4,NOBEL (RUE  ALFRED),0.0,,2,2,0,1,1,1,0,1,50,adult
201900004001,18,9,2019,0 days 16:25:00,1,75,75115,2,2,1,3,RUE MARMONTEL,"48,8367520","2,2995440",1,4,2,1957.0,0,2,8,-1,B01,2,0,2,8,1,5,4,RUE MARMONTEL,0.0,,2,2,1,1,1,1,0,5,50,child
201900004001,18,9,2019,0 days 16:25:00,1,75,75115,2,2,1,3,RUE MARMONTEL,"48,8367520","2,2995440",1,1,1,1992.0,9,1,0,-1,B01,2,0,2,8,1,5,4,RUE MARMONTEL,0.0,,2,2,1,1,1,1,0,5,50,adult
201900004021,17,9,2019,0 days 19:30:00,2,92,92073,2,1,1,6,JAURES (AVENUE JEAN),"48,8645810","2,2074000",1,3,1,1962.0,0,8,0,-1,A01,1,0,1,1,1,5,3,39,0.0,,2,2,0,2,1,1,0,1,50,child
201900004021,17,9,2019,0 days 19:30:00,2,92,92073,2,1,1,6,JAURES (AVENUE JEAN),"48,8645810","2,2074000",3,4,1,2011.0,0,0,0,-1,A01,1,0,1,1,1,5,3,39,0.0,,2,2,0,2,1,1,0,1,50,adult
201900004054,19,9,2019,0 days 09:45:00,1,2,02656,1,1,7,2,CD 22,"49,3811420","3,8288310",1,3,1,1948.0,5,2,6,-1,B01,2,0,0,4,1,5,3,22,,,2,2,0,1,1,1,0,1,80,child
201900004054,19,9,2019,0 days 09:45:00,1,2,02656,1,1,7,2,CD 22,"49,3811420","3,8288310",1,1,2,1997.0,1,8,-1,-1,B01,2,0,0,4,1,5,3,22,,,2,2,0,1,1,1,0,1,80,adult
201900004057,18,9,2019,0 days 19:05:00,1,60,60509,2,3,1,1,rue louis boilet,"49,3003579","2,6038163",1,1,1,1969.0,4,1,-1,-1,A01,0,0,2,0,0,5,3,120,,,2,2,0,1,1,1,0,1,50,child
201900004057,18,9,2019,0 days 19:05:00,1,60,60509,2,3,1,1,rue louis boilet,"49,3003579","2,6038163",2,1,1,2002.0,0,1,-1,-1,A01,0,0,2,0,0,5,3,120,,,2,2,0,1,1,1,0,1,50,adult
201900004057,18,9,2019,0 days 19:05:00,1,60,60509,2,3,1,1,rue louis boilet,"49,3003579","2,6038163",1,3,1,2010.0,0,0,-1,-1,A01,0,0,2,0,0,5,3,120,,,2,2,0,1,1,1,0,1,50,adult
201900004060,19,9,2019,0 days 07:20:00,2,64,64371,2,1,8,2,34 Rue de la Navarre,"43,2152791"," -0,8962425",1,1,1,1986.0,2,2,-1,-1,B01,1,0,0,6,15,5,3,918,,D,2,2,0,1,1,1,0,1,50,child
201900004060,19,9,2019,0 days 07:20:00,2,64,64371,2,1,8,2,34 Rue de la Navarre,"43,2152791"," -0,8962425",1,1,1,2000.0,1,8,-1,-1,B01,1,0,0,6,15,5,3,918,,D,2,2,0,1,1,1,0,1,50,adult
201900004060,19,9,2019,0 days 07:20:00,2,64,64371,2,1,8,2,34 Rue de la Navarre,"43,2152791"," -0,8962425",2,4,1,2017.0,2,2,3,4,B01,1,0,0,6,15,5,3,918,,D,2,2,0,1,1,1,0,1,50,adult
201900004094,9,7,2019,0 days 11:05:00,1,75,75109,2,2,1,6,RUE DU FAUBOURG MONTMARTRE,"48,8751010","2,3410220",3,4,2,1946.0,9,8,0,-1,A01,1,0,1,1,1,5,4,RUE DU FAUBOURG MONTMARTRE,0.0,,1,1,0,1,1,1,0,1,50,child
201900004094,9,7,2019,0 days 11:05:00,1,75,75109,2,2,1,6,RUE DU FAUBOURG MONTMARTRE,"48,8751010","2,3410220",1,1,1,1999.0,9,2,0,-1,A01,1,0,1,1,1,5,4,RUE DU FAUBOURG MONTMARTRE,0.0,,1,1,0,1,1,1,0,1,50,adult
201900004112,9,7,2019,0 days 00:30:00,5,93,93007,2,3,1,1,BRUXELLES (AVENUE DE),"48,9307000","2,4784000",1,4,1,1954.0,0,2,0,-1,B01,3,0,2,9,16,5,3,41,0.0,,1,1,0,2,1,1,2,3,50,child
201900004112,9,7,2019,0 days 00:30:00,5,93,93007,2,3,1,1,BRUXELLES (AVENUE DE),"48,9307000","2,4784000",1,1,1,1995.0,5,1,0,-1,B01,3,0,2,9,16,5,3,41,0.0,,1,1,0,2,1,1,2,3,50,adult
201900004136,10,7,2019,0 days 10:15:00,1,65,65340,2,3,1,3,Route de Rabastens,"43,2786164","0,1092397",1,1,1,1962.0,4,1,-1,-1,B01,2,0,2,6,1,5,2,21,0.0,,2,2,0,1,1,1,0,1,70,child
201900004136,10,7,2019,0 days 10:15:00,1,65,65340,2,3,1,3,Route de Rabastens,"43,2786164","0,1092397",1,4,1,1994.0,5,2,-1,-1,B01,2,0,2,6,1,5,2,21,0.0,,2,2,0,1,1,1,0,1,70,adult
201900004170,9,7,2019,0 days 11:45:00,1,971,97134,1,1,1,3,Boulevard Commandant Mortenol,"16,0577930"," -61,7620920",1,1,2,1964.0,4,1,-1,-1,A01,0,0,2,1,0,5,4,13,0.0,,2,2,0,2,1,1,0,1,70,child
201900004170,9,7,2019,0 days 11:45:00,1,971,97134,1,1,1,3,Boulevard Commandant Mortenol,"16,0577930"," -61,7620920",1,3,1,2013.0,0,0,-1,-1,A01,0,0,2,1,0,5,4,13,0.0,,2,2,0,2,1,1,0,1,70,adult
201900004206,6,7,2019,0 days 21:20:00,1,94,94002,2,1,1,3,MICOLON (R),"48,8050700","2,4146500",1,1,1,1978.0,1,1,0,-1,B01,3,0,2,8,25,5,9,MICOLON (R),0.0,,-1,0,3,1,1,1,6,2,1,child
201900004206,6,7,2019,0 days 21:20:00,1,94,94002,2,1,1,3,MICOLON (R),"48,8050700","2,4146500",1,4,1,2011.0,5,8,0,-1,B01,3,0,2,8,25,5,9,MICOLON (R),0.0,,-1,0,3,1,1,1,6,2,1,adult
201900004221,8,7,2019,0 days 09:15:00,1,69,69389,2,1,1,3,ST CYR (DE)                         (R ),"45,7910100","4,8084600",1,4,1,1965.0,1,8,0,-1,B01,2,0,2,5,1,0,4,ST CYR (DE)                         (R ),0.0,,2,2,0,2,1,1,0,1,50,child
201900004221,8,7,2019,0 days 09:15:00,1,69,69389,2,1,1,3,ST CYR (DE)                         (R ),"45,7910100","4,8084600",1,1,1,1998.0,0,1,0,-1,B01,2,0,2,5,1,0,4,ST CYR (DE)                         (R ),0.0,,2,2,0,2,1,1,0,1,50,adult
201900004231,7,7,2019,0 days 12:40:00,1,76,76540,2,3,1,3,VERTE. RUE,"49,4528600","1,0935000",1,1,1,1970.0,5,1,0,-1,A01,0,0,2,1,0,5,4,VERTE. RUE,0.0,,2,2,0,1,1,1,0,1,50,child
201900004231,7,7,2019,0 days 12:40:00,1,76,76540,2,3,1,3,VERTE. RUE,"49,4528600","1,0935000",1,3,1,1999.0,5,8,0,-1,A01,0,0,2,1,0,5,4,VERTE. RUE,0.0,,2,2,0,1,1,1,0,1,50,adult
201900004236,5,7,2019,0 days 11:50:00,1,67,67482,2,3,1,3,JEAN JAURES (AVENUE),"48,5694610","7,7630970",1,4,2,1968.0,0,8,0,-1,B01,2,0,2,7,1,5,4,JEAN JAURES (AVENUE),0.0,,1,2,1,1,1,1,0,1,50,child
201900004236,5,7,2019,0 days 11:50:00,1,67,67482,2,3,1,3,JEAN JAURES (AVENUE),"48,5694610","7,7630970",1,1,1,1995.0,0,1,8,-1,B01,2,0,2,7,1,5,4,JEAN JAURES (AVENUE),0.0,,1,2,1,1,1,1,0,1,50,adult
201900004270,8,2,2019,0 days 17:05:00,2,84,84007,1,1,1,3,RD225  (route touristique),"43,9548800","4,8236500",1,3,1,1951.0,0,2,0,-1,B01,3,0,2,7,19,5,3,225,0.0,,2,2,0,1,1,1,0,1,70,child
201900004270,8,2,2019,0 days 17:05:00,2,84,84007,1,1,1,3,RD225  (route touristique),"43,9548800","4,8236500",1,1,2,1987.0,5,1,0,-1,B01,3,0,2,7,19,5,3,225,0.0,,2,2,0,1,1,1,0,1,70,adult
201900004295,11,2,2019,0 days 09:56:00,1,71,71270,2,1,1,6,HERRIOT (AVENUE EDOUARD),"46,3018561","4,8315016",1,3,2,1941.0,9,8,0,-1,C01,2,0,2,0,2,5,3,906,0.0,,3,5,0,1,1,1,0,1,50,child
201900004295,11,2,2019,0 days 09:56:00,1,71,71270,2,1,1,6,HERRIOT (AVENUE EDOUARD),"46,3018561","4,8315016",1,1,1,1962.0,4,1,8,-1,C01,2,0,2,0,2,5,3,906,0.0,,3,5,0,1,1,1,0,1,50,adult
201900004295,11,2,2019,0 days 09:56:00,1,71,71270,2,1,1,6,HERRIOT (AVENUE EDOUARD),"46,3018561","4,8315016",1,1,1,1973.0,4,1,0,-1,C01,2,0,2,0,2,5,3,906,0.0,,3,5,0,1,1,1,0,1,50,adult
201900004312,8,2,2019,0 days 08:05:00,1,64,64445,2,3,1,3,PHILIPPON,"43,3233900"," -0,3602700",1,1,1,1969.0,9,1,0,-1,B01,2,0,2,7,1,5,4,PHILIPPON,0.0,,2,2,1,1,1,1,0,1,50,child
201900004312,8,2,2019,0 days 08:05:00,1,64,64445,2,3,1,3,PHILIPPON,"43,3233900"," -0,3602700",1,4,1,2002.0,2,8,0,-1,B01,2,0,2,7,1,5,4,PHILIPPON,0.0,,2,2,1,1,1,1,0,1,50,adult
201900004354,7,2,2019,0 days 13:40:00,1,45,45234,2,1,1,6,PLACE DU JARDIN DES PLANTES,"47,8929010","1,8992250",1,1,1,1952.0,1,8,0,-1,B01,1,0,2,3,5,5,3,951,0.0,,2,2,0,1,1,1,0,1,50,child
201900004354,7,2,2019,0 days 13:40:00,1,45,45234,2,1,1,6,PLACE DU JARDIN DES PLANTES,"47,8929010","1,8992250",2,1,2,1958.0,1,1,0,-1,B01,1,0,2,3,5,5,3,951,0.0,,2,2,0,1,1,1,0,1,50,adult
201900004354,7,2,2019,0 days 13:40:00,1,45,45234,2,1,1,6,PLACE DU JARDIN DES PLANTES,"47,8929010","1,8992250",1,4,1,1994.0,1,8,0,-1,B01,1,0,2,3,5,5,3,951,0.0,,2,2,0,1,1,1,0,1,50,adult
201900004372,7,2,2019,0 days 11:45:00,1,37,37261,2,2,1,3,ROTONDE (ROND-POINT DE LA),"47,3813751","0,7064478",1,1,2,1955.0,5,1,8,-1,B01,2,0,2,4,9,5,4,ROTONDE (ROND-POINT DE LA),0.0,,1,4,0,1,1,1,0,1,50,child
201900004372,7,2,2019,0 days 11:45:00,1,37,37261,2,2,1,3,ROTONDE (ROND-POINT DE LA),"47,3813751","0,7064478",1,4,2,1994.0,0,8,0,-1,B01,2,0,2,4,9,5,4,ROTONDE (ROND-POINT DE LA),0.0,,1,4,0,1,1,1,0,1,50,adult
201900004382,8,2,2019,0 days 18:10:00,2,35,35051,2,6,3,3,BRAY (ROND-POINT DE),"48,1080300"," -1,6162800",1,1,2,1972.0,5,1,0,-1,B01,1,0,2,7,19,5,4,BRAY (ROND-POINT DE),0.0,,1,2,0,1,1,2,0,1,50,child
201900004382,8,2,2019,0 days 18:10:00,2,35,35051,2,6,3,3,BRAY (ROND-POINT DE),"48,1080300"," -1,6162800",1,4,2,1999.0,9,8,0,-1,B01,1,0,2,7,19,5,4,BRAY (ROND-POINT DE),0.0,,1,2,0,1,1,2,0,1,50,adult
201900004386,7,2,2019,0 days 17:10:00,1,35,35051,2,1,1,2,TOURAUDAIS (AVENUE DE LA),"48,1155300"," -1,6332000",1,1,1,1967.0,1,1,0,-1,A01,1,0,2,6,1,5,3,197,0.0,,2,3,0,1,1,1,0,1,50,child
201900004386,7,2,2019,0 days 17:10:00,1,35,35051,2,1,1,2,TOURAUDAIS (AVENUE DE LA),"48,1155300"," -1,6332000",1,4,1,1997.0,2,2,8,-1,A01,1,0,2,6,1,5,3,197,0.0,,2,3,0,1,1,1,0,1,50,adult
201900004388,6,2,2019,0 days 09:35:00,1,35,35238,2,5,8,1,ROOSEVELT (BD FRANKLIN),"48,0973200"," -1,6578600",1,1,2,1933.0,9,1,0,-1,B01,1,0,2,1,26,5,4,ROOSEVELT (BD FRANKLIN),0.0,,2,0,2,1,1,2,0,1,50,child
201900004388,6,2,2019,0 days 09:35:00,1,35,35238,2,5,8,1,ROOSEVELT (BD FRANKLIN),"48,0973200"," -1,6578600",1,3,2,1983.0,1,2,0,-1,B01,1,0,2,1,26,5,4,ROOSEVELT (BD FRANKLIN),0.0,,2,0,2,1,1,2,0,1,50,adult
201900004393,7,2,2019,0 days 18:35:00,5,34,34172,2,3,1,3,GALERA (RUE DE LA),"43,6395400","3,8394600",1,1,1,1962.0,5,1,8,-1,B01,2,0,2,0,1,5,4,GALERA (RUE DE LA),0.0,,2,2,0,2,1,1,5,1,50,child
201900004393,7,2,2019,0 days 18:35:00,5,34,34172,2,3,1,3,GALERA (RUE DE LA),"43,6395400","3,8394600",1,4,1,1985.0,1,2,8,-1,B01,2,0,2,0,1,5,4,GALERA (RUE DE LA),0.0,,2,2,0,2,1,1,5,1,50,adult
201900004440,9,4,2019,0 days 21:35:00,5,62,62498,2,3,2,3,BERNANOS (R GEORGES),"50,4303700","2,8135100",1,1,1,1956.0,5,1,8,-1,B01,1,0,2,8,15,5,4,BERNANOS (R GEORGES),0.0,,2,-1,0,1,1,2,0,1,50,child
201900004440,9,4,2019,0 days 21:35:00,5,62,62498,2,3,2,3,BERNANOS (R GEORGES),"50,4303700","2,8135100",1,3,1,1994.0,1,8,0,-1,B01,1,0,2,8,15,5,4,BERNANOS (R GEORGES),0.0,,2,-1,0,1,1,2,0,1,50,adult
201900004465,23,4,2019,0 days 10:20:00,1,976,97611,2,1,1,3,m'tsapere-Mosquée Maevantana (ruelle )," -12,7880800","45,2200400",1,1,1,1965.0,9,1,0,-1,A01,1,0,2,3,1,5,4,m'tsapere-Mosquée Maevantana (ruelle ),0.0,,2,2,0,2,1,9,0,1,2,child
201900004465,23,4,2019,0 days 10:20:00,1,976,97611,2,1,1,3,m'tsapere-Mosquée Maevantana (ruelle )," -12,7880800","45,2200400",1,4,1,2001.0,9,8,0,-1,A01,1,0,2,3,1,5,4,m'tsapere-Mosquée Maevantana (ruelle ),0.0,,2,2,0,2,1,9,0,1,2,adult
201900004487,20,4,2019,0 days 09:05:00,1,974,97409,1,1,2,3,Lefaguyes (chemin)," -20,9533800","55,6714300",1,4,1,1953.0,5,8,8,-1,A01,2,0,2,3,13,0,4,Lefaguyes (chemin),0.0,,2,2,0,1,1,2,0,1,50,child
201900004487,20,4,2019,0 days 09:05:00,1,974,97409,1,1,2,3,Lefaguyes (chemin)," -20,9533800","55,6714300",1,1,2,1996.0,0,1,8,-1,A01,2,0,2,3,13,0,4,Lefaguyes (chemin),0.0,,2,2,0,1,1,2,0,1,50,adult
201900004494,24,4,2019,0 days 15:10:00,1,973,97302,2,1,2,6,DAMAS (LEON GONTRAN),"4,9393383"," -52,3332024",3,4,1,1940.0,0,8,0,-1,A01,1,0,1,1,1,0,4,DAMAS (LEON GONTRAN),0.0,,1,1,0,1,1,2,0,1,50,child