Num_Acc,jour,mois,an,hrmn,lum,dep,com,agg,int,atm,col,adr,lat,long,catu,grav,sexe,an_nais,trajet,secu1,secu2,secu3,num_veh_y,senc,obs,obsm,choc,manv,motor,catr,voie,v1,v2,circ,nbv,vosp,prof,plan,surf,infra,situ,vma,age
201900004494,24,4,2019,0 days 15:10:00,1,973,97302,2,1,2,6,DAMAS (LEON GONTRAN),"4,9393383"," -52,3332024",1,1,1,1994.0,0,8,0,-1,A01,1,0,1,1,1,0,4,DAMAS (LEON GONTRAN),0.0,,1,1,0,1,1,2,0,1,50,adult
201900004511,23,4,2019,0 days 13:05:00,1,69,69386,2,2,1,3,PIERRE CORNEILLE                    (R ),"45,7636300","4,8438600",1,1,1,1968.0,4,8,0,-1,A01,2,0,2,1,1,5,4,PIERRE CORNEILLE                    (R ),0.0,,1,1,0,1,1,2,0,1,50,child
201900004511,23,4,2019,0 days 13:05:00,1,69,69386,2,2,1,3,PIERRE CORNEILLE                    (R ),"45,7636300","4,8438600",1,4,1,1997.0,4,8,0,-1,A01,2,0,2,1,1,5,4,PIERRE CORNEILLE                    (R ),0.0,,1,1,0,1,1,2,0,1,50,adult
201900004558,19,4,2019,0 days 21:15:00,5,91,91377,2,3,1,3,VALLEE DE LA BIEVRE (VOIE DE LA),"48,7373800","2,2696800",1,1,1,1966.0,5,1,8,-1,B01,3,0,2,1,1,5,4,VALLEE DE LA BIEVRE (VOIE DE LA),0.0,,2,2,0,1,1,1,0,1,50,child
201900004558,19,4,2019,0 days 21:15:00,5,91,91377,2,3,1,3,VALLEE DE LA BIEVRE (VOIE DE LA),"48,7373800","2,2696800",1,4,1,2000.0,5,5,0,-1,B01,3,0,2,1,1,5,4,VALLEE DE LA BIEVRE (VOIE DE LA),0.0,,2,2,0,1,1,1,0,1,50,adult
201900004597,21,3,2019,0 days 09:50:00,1,69,69388,2,1,1,6,LAENNEC                             (R ),"45,7392400","4,8830400",1,1,1,1971.0,1,8,0,-1,A01,1,0,1,1,2,5,4,LAENNEC                             (R ),0.0,,2,1,1,1,1,1,0,1,50,child
201900004597,21,3,2019,0 days 09:50:00,1,69,69388,2,1,1,6,LAENNEC                             (R ),"45,7392400","4,8830400",3,3,2,1997.0,0,8,0,-1,A01,1,0,1,1,2,5,4,LAENNEC                             (R ),0.0,,2,1,1,1,1,1,0,1,50,adult
201900004612,22,3,2019,0 days 15:00:00,1,69,69381,2,2,1,3,JEAN MOULIN                         (QU),"45,7677200","4,8378800",1,4,1,1963.0,1,8,0,-1,B01,1,0,2,1,2,0,7,JEAN MOULIN                         (QU),0.0,,1,4,3,1,1,1,0,1,50,child
201900004612,22,3,2019,0 days 15:00:00,1,69,69381,2,2,1,3,JEAN MOULIN                         (QU),"45,7677200","4,8378800",1,1,1,1997.0,1,1,0,-1,B01,1,0,2,1,2,0,7,JEAN MOULIN                         (QU),0.0,,1,4,3,1,1,1,0,1,50,adult
201900004612,22,3,2019,0 days 15:00:00,1,69,69381,2,2,1,3,JEAN MOULIN                         (QU),"45,7677200","4,8378800",2,1,1,1998.0,5,1,0,-1,B01,1,0,2,1,2,0,7,JEAN MOULIN                         (QU),0.0,,1,4,3,1,1,1,0,1,50,adult
201900004674,25,3,2019,0 days 18:10:00,1,78,78638,2,4,1,3,PONTOISE (ROUTE DE),"49,0098060","1,9605930",1,4,2,1970.0,5,2,6,-1,A01,1,0,2,1,15,5,3,17,0.0,,2,2,0,2,2,1,0,1,50,child
201900004674,25,3,2019,0 days 18:10:00,1,78,78638,2,4,1,3,PONTOISE (ROUTE DE),"49,0098060","1,9605930",1,1,1,1997.0,5,1,0,-1,A01,1,0,2,1,15,5,3,17,0.0,,2,2,0,2,2,1,0,1,50,adult
201900004689,19,3,2019,0 days 15:55:00,1,76,76351,2,2,1,3,ERNEST RENAN,"49,4971900","0,1132950",1,1,1,1976.0,4,1,0,-1,A01,1,0,2,1,9,5,4,ERNEST RENAN,0.0,,1,1,0,1,1,1,0,1,30,child
201900004689,19,3,2019,0 days 15:55:00,1,76,76351,2,2,1,3,ERNEST RENAN,"49,4971900","0,1132950",1,3,1,2000.0,0,8,0,-1,A01,1,0,2,1,9,5,4,ERNEST RENAN,0.0,,1,1,0,1,1,1,0,1,30,adult
201900004706,20,3,2019,0 days 14:00:00,1,69,69091,2,2,1,3,GAGARINE (AV),"45,6019400","4,7702300",1,3,1,1959.0,5,2,6,-1,B01,1,0,2,1,18,5,3,386,0.0,,2,2,0,1,1,1,5,1,50,child
201900004706,20,3,2019,0 days 14:00:00,1,69,69091,2,2,1,3,GAGARINE (AV),"45,6019400","4,7702300",1,1,1,1978.0,5,1,8,-1,B01,1,0,2,1,18,5,3,386,0.0,,2,2,0,1,1,1,5,1,50,adult
201900004706,20,3,2019,0 days 14:00:00,1,69,69091,2,2,1,3,GAGARINE (AV),"45,6019400","4,7702300",2,1,2,1992.0,5,1,8,-1,B01,1,0,2,1,18,5,3,386,0.0,,2,2,0,1,1,1,5,1,50,adult
201900004708,24,3,2019,0 days 14:40:00,1,67,67218,2,3,1,3,BURKEL (ROUTE),"48,5189720","7,7138030",1,1,1,1982.0,5,1,8,-1,B01,2,0,2,0,0,0,4,BURKEL (ROUTE),0.0,,2,2,0,1,1,1,0,1,50,child
201900004708,24,3,2019,0 days 14:40:00,1,67,67218,2,3,1,3,BURKEL (ROUTE),"48,5189720","7,7138030",1,4,1,2006.0,0,8,0,-1,B01,2,0,2,0,0,0,4,BURKEL (ROUTE),0.0,,2,2,0,1,1,1,0,1,50,adult
201900004711,22,3,2019,0 days 15:30:00,1,67,67482,2,1,1,3,BOECKLIN (RUE),"48,5974000","7,7769340",1,4,2,1948.0,5,8,0,-1,B01,2,0,-1,3,19,5,4,BOECKLIN (RUE),0.0,,3,6,3,1,1,9,4,1,50,child
201900004711,22,3,2019,0 days 15:30:00,1,67,67482,2,1,1,3,BOECKLIN (RUE),"48,5974000","7,7769340",1,1,2,1982.0,4,8,0,-1,B01,2,0,-1,3,19,5,4,BOECKLIN (RUE),0.0,,3,6,3,1,1,9,4,1,50,adult
201900004713,21,3,2019,0 days 12:00:00,1,67,67482,2,3,1,6,ZURICH (RUE DE),"48,5788520","7,7590960",3,4,2,1974.0,9,8,0,-1,A01,1,0,1,0,1,5,4,ZURICH (RUE DE),0.0,,3,4,0,1,1,1,0,1,30,child
201900004713,21,3,2019,0 days 12:00:00,1,67,67482,2,3,1,6,ZURICH (RUE DE),"48,5788520","7,7590960",1,1,1,1998.0,2,8,0,-1,A01,1,0,1,0,1,5,4,ZURICH (RUE DE),0.0,,3,4,0,1,1,1,0,1,30,adult
201900004719,21,3,2019,0 days 11:15:00,1,66,66136,2,2,1,3,CAYROL (BOULEVARD COLONEL),"42,6960244","2,9055909",1,1,2,1949.0,5,1,-1,-1,A01,0,0,2,1,1,5,4,MERMOZ (AVENUE JEAN),0.0,,-1,2,0,1,1,1,0,1,30,child
201900004719,21,3,2019,0 days 11:15:00,1,66,66136,2,2,1,3,CAYROL (BOULEVARD COLONEL),"42,6960244","2,9055909",1,4,1,1972.0,5,8,0,-1,A01,0,0,2,1,1,5,4,MERMOZ (AVENUE JEAN),0.0,,-1,2,0,1,1,1,0,1,30,adult
201900004737,5,1,2019,0 days 17:10:00,1,62,62215,2,1,1,3,VIEUX CHATEAU (R DU),"50,4836710","2,9618020",1,1,2,1966.0,5,1,8,-1,B01,1,0,2,1,5,5,4,VIEUX CHATEAU (R DU),0.0,,2,2,0,1,1,1,0,1,50,child
201900004737,5,1,2019,0 days 17:10:00,1,62,62215,2,1,1,3,VIEUX CHATEAU (R DU),"50,4836710","2,9618020",1,3,1,1991.0,5,2,0,-1,B01,1,0,2,1,5,5,4,VIEUX CHATEAU (R DU),0.0,,2,2,0,1,1,1,0,1,50,adult
201900004742,22,3,2019,0 days 13:10:00,1,60,60057,2,1,1,3,WINSTON CHURCHILL (AVENUE),"49,4181800","2,0921500",1,1,2,1967.0,5,1,8,-1,B01,3,0,2,8,19,5,4,WINSTON CHURCHILL (AVENUE),0.0,,2,2,0,2,1,1,0,1,70,child
201900004742,22,3,2019,0 days 13:10:00,1,60,60057,2,1,1,3,WINSTON CHURCHILL (AVENUE),"49,4181800","2,0921500",1,4,1,2008.0,5,2,0,-1,B01,3,0,2,8,19,5,4,WINSTON CHURCHILL (AVENUE),0.0,,2,2,0,2,1,1,0,1,70,adult
201900004780,19,10,2019,0 days 12:00:00,1,63,63164,2,6,8,3,Rond point de COURLANDE,"45,8417909","3,1577969",1,4,1,1961.0,0,2,0,-1,B01,3,0,2,7,1,5,3,402,,,2,-1,-1,1,1,1,0,1,-1,child
201900004780,19,10,2019,0 days 12:00:00,1,63,63164,2,6,8,3,Rond point de COURLANDE,"45,8417909","3,1577969",1,1,1,1998.0,0,1,8,-1,B01,3,0,2,7,1,5,3,402,,,2,-1,-1,1,1,1,0,1,-1,adult
201900004782,20,10,2019,0 days 22:20:00,5,49,49007,2,1,2,3,IMBACH PLACE,"47,4736500"," -0,5482700",1,1,1,1964.0,0,1,8,-1,B01,1,0,2,1,1,5,4,IMBACH PLACE,0.0,,2,2,0,1,1,2,0,1,50,child
201900004782,20,10,2019,0 days 22:20:00,5,49,49007,2,1,2,3,IMBACH PLACE,"47,4736500"," -0,5482700",1,4,1,1995.0,0,8,0,-1,B01,1,0,2,1,1,5,4,IMBACH PLACE,0.0,,2,2,0,1,1,2,0,1,50,adult
201900004864,21,10,2019,0 days 08:50:00,1,75,75115,2,2,8,3,RUE DE LA CONVENTION,"48,8453443","2,2785540",1,4,2,1960.0,5,8,2,-1,B01,1,0,2,8,18,5,4,RUE DE LA CONVENTION,0.0,,2,2,0,1,1,2,0,1,50,child
201900004864,21,10,2019,0 days 08:50:00,1,75,75115,2,2,8,3,RUE DE LA CONVENTION,"48,8453443","2,2785540",1,1,1,1981.0,4,1,8,-1,B01,1,0,2,8,18,5,4,RUE DE LA CONVENTION,0.0,,2,2,0,1,1,2,0,1,50,adult
201900004867,21,10,2019,0 days 18:43:00,5,75,75110,2,3,1,6,BOULEVARD DE LA CHAPELLE,"48,8837290","2,3512540",3,4,1,1942.0,0,0,-1,-1,A01,2,0,1,1,1,5,4,BOULEVARD DE LA CHAPELLE,0.0,,1,2,1,1,1,1,0,5,50,child
201900004867,21,10,2019,0 days 18:43:00,5,75,75110,2,3,1,6,BOULEVARD DE LA CHAPELLE,"48,8837290","2,3512540",1,1,2,1987.0,1,2,0,-1,A01,2,0,1,1,1,5,4,BOULEVARD DE LA CHAPELLE,0.0,,1,2,1,1,1,1,0,5,50,adult
201900004898,21,10,2019,0 days 17:30:00,1,79,79179,2,6,1,3,Avenue du Maréchal Leclerc,"46,7249870"," -0,5882800",1,3,1,1933.0,5,2,-1,-1,B01,2,0,2,8,1,0,3,744,,,2,2,0,1,3,1,0,1,50,child
201900004898,21,10,2019,0 days 17:30:00,1,79,79179,2,6,1,3,Avenue du Maréchal Leclerc,"46,7249870"," -0,5882800",1,1,2,1984.0,5,1,-1,-1,B01,2,0,2,8,1,0,3,744,,,2,2,0,1,3,1,0,1,50,adult
201900004914,22,10,2019,0 days 19:15:00,3,67,67327,1,1,1,2,RD3 - PR 41+600,"48,9872030","8,1000130",1,1,1,1966.0,4,1,-1,-1,B01,2,0,2,4,2,5,3,3,,,2,2,0,1,2,1,0,1,80,child
201900004914,22,10,2019,0 days 19:15:00,3,67,67327,1,1,1,2,RD3 - PR 41+600,"48,9872030","8,1000130",1,2,1,1988.0,5,0,-1,-1,B01,2,0,2,4,2,5,3,3,,,2,2,0,1,2,1,0,1,80,adult
201900004926,12,10,2019,0 days 14:30:00,1,44,44047,1,1,1,3,La Galonniere,"47,2459000"," -1,7289370",1,3,1,1970.0,5,2,-1,-1,B01,3,0,2,3,1,5,7,101,,,2,2,0,1,1,1,0,1,50,child
201900004926,12,10,2019,0 days 14:30:00,1,44,44047,1,1,1,3,La Galonniere,"47,2459000"," -1,7289370",1,1,2,1997.0,5,1,-1,-1,B01,3,0,2,3,1,5,7,101,,,2,2,0,1,1,1,0,1,50,adult
201900004944,13,6,2019,0 days 16:25:00,1,32,32280,1,9,1,3,CD 40-PK 1+900,"43,3305260","0,5691020",1,3,2,1940.0,5,2,-1,-1,A01,1,0,2,8,13,5,3,40,,,2,2,0,1,1,1,0,1,80,child
201900004944,13,6,2019,0 days 16:25:00,1,32,32280,1,9,1,3,CD 40-PK 1+900,"43,3305260","0,5691020",1,1,1,1971.0,4,0,-1,-1,A01,1,0,2,8,13,5,3,40,,,2,2,0,1,1,1,0,1,80,adult
201900005025,7,6,2019,0 days 07:35:00,1,68,68290,1,1,1,2,Route départementale 18 Bis,"47,9430650","7,4467240",1,3,1,1960.0,5,2,6,-1,B01,2,0,0,4,1,5,3,18,2.0,,2,2,0,1,1,1,0,1,80,child
201900005025,7,6,2019,0 days 07:35:00,1,68,68290,1,1,1,2,Route départementale 18 Bis,"47,9430650","7,4467240",1,1,2,1991.0,1,8,-1,-1,B01,2,0,0,4,1,5,3,18,2.0,,2,2,0,1,1,1,0,1,80,adult
201900005026,5,6,2019,0 days 18:05:00,1,68,68140,2,1,1,3,RD 2 - rue de Rustenhart,"47,9147370","7,4453800",1,1,2,1972.0,5,1,-1,-1,A01,1,0,2,3,13,5,3,2,0.0,,2,2,0,1,1,1,0,1,50,child
201900005026,5,6,2019,0 days 18:05:00,1,68,68140,2,1,1,3,RD 2 - rue de Rustenhart,"47,9147370","7,4453800",1,4,1,2005.0,5,0,-1,-1,A01,1,0,2,3,13,5,3,2,0.0,,2,2,0,1,1,1,0,1,50,adult
201900005036,31,5,2019,0 days 09:50:00,1,22,22247,2,1,1,6,16 Rue de l'Église,"48,7315130"," -3,2424720",3,3,2,1945.0,5,0,-1,-1,A01,2,0,1,7,1,5,3,6,,,2,2,0,1,1,1,0,1,50,child
201900005036,31,5,2019,0 days 09:50:00,1,22,22247,2,1,1,6,16 Rue de l'Église,"48,7315130"," -3,2424720",1,1,1,1996.0,5,2,-1,-1,A01,2,0,1,7,1,5,3,6,,,2,2,0,1,1,1,0,1,50,adult
201900005046,2,6,2019,0 days 11:30:00,1,39,39306,2,1,1,3,La Fontaine aux Daims,"46,6573040","5,5396870",1,3,1,1953.0,5,2,-1,-1,A01,2,0,2,3,10,5,3,117,0.0,,2,2,0,2,1,1,0,1,50,child
201900005046,2,6,2019,0 days 11:30:00,1,39,39306,2,1,1,3,La Fontaine aux Daims,"46,6573040","5,5396870",1,1,2,2000.0,5,1,-1,-1,A01,2,0,2,3,10,5,3,117,0.0,,2,2,0,2,1,1,0,1,50,adult
201900005051,10,6,2019,0 days 14:40:00,1,44,44189,1,3,1,3,Travers,"47,4376140"," -2,1648270",1,1,1,1966.0,5,1,-1,-1,B01,2,0,2,8,15,5,3,33,0.0,,2,2,0,1,1,1,0,1,80,child
201900005051,10,6,2019,0 days 14:40:00,1,44,44189,1,3,1,3,Travers,"47,4376140"," -2,1648270",1,2,2,2006.0,5,0,-1,-1,B01,2,0,2,8,15,5,3,33,0.0,,2,2,0,1,1,1,0,1,80,adult
201900005237,12,8,2019,0 days 18:10:00,1,17,17300,2,1,1,3,LECLERC   AVENUE DU GENERAL,"46,1599300"," -1,1676100",1,1,1,1947.0,0,1,0,-1,B01,2,0,2,1,1,5,4,LECLERC   AVENUE DU GENERAL,0.0,,2,2,1,2,1,1,0,1,50,child
201900005237,12,8,2019,0 days 18:10:00,1,17,17300,2,1,1,3,LECLERC   AVENUE DU GENERAL,"46,1599300"," -1,1676100",1,4,1,2006.0,0,2,0,-1,B01,2,0,2,1,1,5,4,LECLERC   AVENUE DU GENERAL,0.0,,2,2,1,2,1,1,0,1,50,adult
201900005279,13,8,2019,0 days 11:30:00,1,42,42322,1,4,1,1,Route du Planil,"45,4130470","4,5364850",1,3,1,1953.0,5,2,6,-1,A01,1,0,2,1,1,0,3,76,,,4,2,0,4,1,1,0,1,80,child
201900005279,13,8,2019,0 days 11:30:00,1,42,42322,1,4,1,1,Route du Planil,"45,4130470","4,5364850",1,1,2,1999.0,4,1,-1,-1,A01,1,0,2,1,1,0,3,76,,,4,2,0,4,1,1,0,1,80,adult
201900005292,5,8,2019,0 days 10:15:00,1,35,35302,1,4,1,3,bel-air,"48,1871850"," -2,1688620",1,3,1,1944.0,9,0,-1,-1,B01,1,0,2,1,1,5,2,164,0.0,,1,1,0,2,1,1,3,1,110,child
201900005292,5,8,2019,0 days 10:15:00,1,35,35302,1,4,1,3,bel-air,"48,1871850"," -2,1688620",1,1,1,1990.0,4,1,-1,-1,B01,1,0,2,1,1,5,2,164,0.0,,1,1,0,2,1,1,3,1,110,adult
201900005293,13,8,2019,0 days 16:00:00,1,38,38074,1,1,1,4,PK 31 +300,"45,2331490","5,4436100",1,1,1,1930.0,5,1,-1,-1,C01,1,0,2,4,1,5,3,1092,,,2,2,0,1,1,1,0,1,80,child
201900005293,13,8,2019,0 days 16:00:00,1,38,38074,1,1,1,4,PK 31 +300,"45,2331490","5,4436100",1,1,2,2000.0,5,0,-1,-1,C01,1,0,2,4,1,5,3,1092,,,2,2,0,1,1,1,0,1,80,adult
201900005336,26,11,2019,0 days 17:10:00,2,22,22251,1,6,1,3,la ville auvray,"48,5617800"," -2,8103180",1,1,2,1954.0,5,1,-1,-1,B01,2,0,2,7,12,5,3,786,,,3,4,0,1,1,1,0,1,70,child
201900005336,26,11,2019,0 days 17:10:00,2,22,22251,1,6,1,3,la ville auvray,"48,5617800"," -2,8103180",1,4,1,2002.0,1,0,-1,-1,B01,2,0,2,7,12,5,3,786,,,3,4,0,1,1,1,0,1,70,adult
201900005340,27,11,2019,0 days 11:00:00,1,60,60509,2,1,2,6,22 Rue du Moulin de l'Etang,"49,2903220","2,6053680",1,1,1,1957.0,3,1,-1,-1,B01,3,0,2,0,0,5,4,,,,2,2,0,1,3,2,0,1,50,child
201900005340,27,11,2019,0 days 11:00:00,1,60,60509,2,1,2,6,22 Rue du Moulin de l'Etang,"49,2903220","2,6053680",1,4,1,2014.0,5,0,-1,-1,B01,3,0,2,0,0,5,4,,,,2,2,0,1,3,2,0,1,50,adult
201900005393,23,11,2019,0 days 08:50:00,1,971,97113,1,1,1,4,Pont de BLANCHARD,"16,2210700"," -61,5210600",1,1,1,1949.0,9,1,8,-1,F01,3,0,2,4,1,5,2,4,0.0,,3,3,3,1,1,1,0,1,90,child
201900005393,23,11,2019,0 days 08:50:00,1,971,97113,1,1,1,4,Pont de BLANCHARD,"16,2210700"," -61,5210600",1,1,1,1972.0,0,1,8,-1,F01,3,0,2,4,1,5,2,4,0.0,,3,3,3,1,1,1,0,1,90,adult
201900005393,23,11,2019,0 days 08:50:00,1,971,97113,1,1,1,4,Pont de BLANCHARD,"16,2210700"," -61,5210600",1,3,1,1992.0,9,2,0,-1,F01,3,0,2,4,1,5,2,4,0.0,,3,3,3,1,1,1,0,1,90,adult
201900005393,23,11,2019,0 days 08:50:00,1,971,97113,1,1,1,4,Pont de BLANCHARD,"16,2210700"," -61,5210600",1,4,2,1994.0,9,1,8,-1,F01,3,0,2,4,1,5,2,4,0.0,,3,3,3,1,1,1,0,1,90,adult
201900005393,23,11,2019,0 days 08:50:00,1,971,97113,1,1,1,4,Pont de BLANCHARD,"16,2210700"," -61,5210600",2,1,2,1996.0,9,1,8,-1,F01,3,0,2,4,1,5,2,4,0.0,,3,3,3,1,1,1,0,1,90,adult
201900005427,25,11,2019,0 days 18:13:00,5,51,51454,2,9,1,3,BOULEVARD HENRI VASNIER,"49,2476682","4,0443281",1,1,1,1945.0,0,1,0,-1,B01,3,0,2,1,1,5,4,BOULEVARD HENRI VASNIER,0.0,,2,0,1,1,1,1,0,1,50,child
201900005427,25,11,2019,0 days 18:13:00,5,51,51454,2,9,1,3,BOULEVARD HENRI VASNIER,"49,2476682","4,0443281",1,4,1,1999.0,5,8,8,-1,B01,3,0,2,1,1,5,4,BOULEVARD HENRI VASNIER,0.0,,2,0,1,1,1,1,0,1,50,adult
201900005482,24,11,2019,0 days 10:30:00,1,92,92072,2,1,1,2,Rond Point des Bruyères,"48,8116305","2,2114634",1,4,1,1959.0,5,2,0,-1,B01,3,0,2,4,1,5,3,181,0.0,,-1,2,0,1,2,1,0,1,50,child
201900005482,24,11,2019,0 days 10:30:00,1,92,92072,2,1,1,2,Rond Point des Bruyères,"48,8116305","2,2114634",1,1,1,1991.0,5,8,0,-1,B01,3,0,2,4,1,5,3,181,0.0,,-1,2,0,1,2,1,0,1,50,adult
201900005520,17,8,2019,0 days 20:30:00,2,75,75110,2,3,3,3,RUE DU FAUBOURG SAINT MARTIN,"48,8804013","2,3643155",1,4,2,1977.0,9,2,6,-1,B01,2,0,2,7,15,5,4,RUE DU FAUBOURG SAINT MARTIN,0.0,,2,2,0,1,1,2,0,1,50,child
201900005520,17,8,2019,0 days 20:30:00,2,75,75110,2,3,3,3,RUE DU FAUBOURG SAINT MARTIN,"48,8804013","2,3643155",1,1,1,1999.0,4,2,0,-1,B01,2,0,2,7,15,5,4,RUE DU FAUBOURG SAINT MARTIN,0.0,,2,2,0,1,1,2,0,1,50,adult
201900005528,4,5,2019,0 days 07:00:00,1,971,97125,1,1,1,4,D118,"16,2514390"," -61,2099950",1,3,1,1962.0,5,2,-1,-1,C01,1,0,2,4,1,5,3,118,0.0,D,2,2,0,1,1,1,0,1,-1,child
201900005528,4,5,2019,0 days 07:00:00,1,971,97125,1,1,1,4,D118,"16,2514390"," -61,2099950",1,4,1,1968.0,5,2,-1,-1,C01,1,0,2,4,1,5,3,118,0.0,D,2,2,0,1,1,1,0,1,-1,adult
201900005528,4,5,2019,0 days 07:00:00,1,971,97125,1,1,1,4,D118,"16,2514390"," -61,2099950",1,1,1,1994.0,5,1,-1,-1,C01,1,0,2,4,1,5,3,118,0.0,D,2,2,0,1,1,1,0,1,-1,adult
201900005662,1,8,2019,0 days 11:45:00,1,78,78269,1,1,1,3,D 150,"48,6174100","1,8163100",1,4,1,1959.0,5,2,8,-1,B01,1,0,2,3,1,0,3,150,0.0,,2,2,0,1,1,1,0,1,80,child
201900005662,1,8,2019,0 days 11:45:00,1,78,78269,1,1,1,3,D 150,"48,6174100","1,8163100",1,1,1,1993.0,1,1,8,-1,B01,1,0,2,3,1,0,3,150,0.0,,2,2,0,1,1,1,0,1,80,adult
201900005685,7,6,2019,0 days 16:25:00,1,54,54395,2,3,1,3,ARC ( RUE JEANNE D'N,"48,6851000","6,1723200",1,4,2,1974.0,0,8,0,-1,A01,0,0,2,1,14,5,4,ARC ( RUE JEANNE D'N,0.0,,1,2,0,1,1,1,0,1,30,child
201900005685,7,6,2019,0 days 16:25:00,1,54,54395,2,3,1,3,ARC ( RUE JEANNE D'N,"48,6851000","6,1723200",1,1,2,1998.0,9,1,0,-1,A01,0,0,2,1,14,5,4,ARC ( RUE JEANNE D'N,0.0,,1,2,0,1,1,1,0,1,30,adult
201900005705,8,7,2019,0 days 14:03:00,1,37,37261,2,1,1,3,BUFFON (RUE),"47,3933953","0,6906165",1,1,1,1965.0,1,1,0,-1,B01,2,0,2,1,1,5,4,BUFFON (RUE),0.0,,1,1,1,1,1,1,0,1,50,child
201900005705,8,7,2019,0 days 14:03:00,1,37,37261,2,1,1,3,BUFFON (RUE),"47,3933953","0,6906165",1,4,2,1985.0,1,8,0,-1,B01,2,0,2,1,1,5,4,BUFFON (RUE),0.0,,1,1,1,1,1,1,0,1,50,adult
201900005705,8,7,2019,0 days 14:03:00,1,37,37261,2,1,1,3,BUFFON (RUE),"47,3933953","0,6906165",2,1,2,2000.0,1,1,0,-1,B01,2,0,2,1,1,5,4,BUFFON (RUE),0.0,,1,1,1,1,1,1,0,1,50,adult
201900005712,8,7,2019,0 days 13:59:00,1,34,34172,2,3,1,1,REINE HELENE D'ITALIE (AVENUE DE LA),"43,6234300","3,8919900",1,4,1,1942.0,0,8,0,-1,A01,2,0,2,1,1,5,4,REINE HELENE D'ITALIE (AVENUE DE LA),0.0,,1,1,2,1,3,1,0,1,50,child
201900005712,8,7,2019,0 days 13:59:00,1,34,34172,2,3,1,1,REINE HELENE D'ITALIE (AVENUE DE LA),"43,6234300","3,8919900",1,1,2,1980.0,0,1,0,-1,A01,2,0,2,1,1,5,4,REINE HELENE D'ITALIE (AVENUE DE LA),0.0,,1,1,2,1,3,1,0,1,50,adult
201900005728,7,7,2019,0 days 14:00:00,1,12,12089,2,1,1,2,AOUT (PLACE DU 10 ),"44,5584000","2,2546700",1,1,1,1973.0,5,1,0,-1,A01,3,0,2,1,2,5,6,AOUT (PLACE DU 10 ),0.0,,-1,-1,0,1,1,1,0,1,50,child
201900005728,7,7,2019,0 days 14:00:00,1,12,12089,2,1,1,2,AOUT (PLACE DU 10 ),"44,5584000","2,2546700",1,3,1,2005.0,5,2,-1,-1,A01,3,0,2,1,2,5,6,AOUT (PLACE DU 10 ),0.0,,-1,-1,0,1,1,1,0,1,50,adult
201900005747,8,7,2019,0 days 20:15:00,1,75,75108,2,7,1,5,AVENUE DES CHAMPS ELYSEES,"48,8677560","2,3139680",1,1,1,1969.0,9,1,0,-1,C01,1,0,2,3,23,5,4,AVENUE DES CHAMPS ELYSEES,0.0,,2,6,1,1,1,1,0,1,50,child
201900005747,8,7,2019,0 days 20:15:00,1,75,75108,2,7,1,5,AVENUE DES CHAMPS ELYSEES,"48,8677560","2,3139680",1,4,1,1970.0,9,2,0,-1,C01,1,0,2,3,23,5,4,AVENUE DES CHAMPS ELYSEES,0.0,,2,6,1,1,1,1,0,1,50,adult
201900005747,8,7,2019,0 days 20:15:00,1,75,75108,2,7,1,5,AVENUE DES CHAMPS ELYSEES,"48,8677560","2,3139680",1,4,1,1990.0,9,2,6,-1,C01,1,0,2,3,23,5,4,AVENUE DES CHAMPS ELYSEES,0.0,,2,6,1,1,1,1,0,1,50,adult
201900005750,7,7,2019,0 days 02:00:00,5,75,75101,2,2,1,3,QUAI FRANCOIS MITTERRAND,"48,8601810","2,3332110",1,1,1,1956.0,1,1,0,-1,A01,1,0,2,2,5,5,4,QUAI FRANCOIS MITTERRAND,0.0,,1,4,0,1,1,1,0,1,50,child
201900005750,7,7,2019,0 days 02:00:00,5,75,75101,2,2,1,3,QUAI FRANCOIS MITTERRAND,"48,8601810","2,3332110",1,4,1,1995.0,5,2,0,-1,A01,1,0,2,2,5,5,4,QUAI FRANCOIS MITTERRAND,0.0,,1,4,0,1,1,1,0,1,50,adult
201900005770,9,7,2019,0 days 10:45:00,1,83,83136,2,1,3,3,Boulevard du 17 Août 1944,"43,4541280","6,2989800",1,1,2,1933.0,3,1,-1,-1,B01,2,0,2,1,1,5,3,79,,,2,2,0,2,1,2,0,1,50,child
201900005770,9,7,2019,0 days 10:45:00,1,83,83136,2,1,3,3,Boulevard du 17 Août 1944,"43,4541280","6,2989800",1,2,1,1988.0,5,2,-1,-1,B01,2,0,2,1,1,5,3,79,,,2,2,0,2,1,2,0,1,50,adult
201900005790,8,7,2019,0 days 15:45:00,1,68,68094,2,4,1,3,Rue de hesingue,"47,5518730","7,4491510",1,1,1,1966.0,1,1,-1,-1,B01,2,0,2,6,0,5,3,473,0.0,,2,2,0,2,2,1,0,1,50,child
201900005790,8,7,2019,0 days 15:45:00,1,68,68094,2,4,1,3,Rue de hesingue,"47,5518730","7,4491510",1,3,1,1996.0,5,2,-1,-1,B01,2,0,2,6,0,5,3,473,0.0,,2,2,0,2,2,1,0,1,50,adult
201900005824,9,7,2019,0 days 07:15:00,1,85,85226,1,1,1,2,107 Route du Pissot,"46,7402000"," -1,9533800",1,2,1,1952.0,5,2,-1,-1,B01,1,0,0,4,2,5,3,38,,,2,2,0,1,1,1,0,1,80,child