Num_Acc,jour,mois,an,hrmn,lum,dep,com,agg,int,atm,col,adr,lat,long,catu,grav,sexe,an_nais,trajet,secu1,secu2,secu3,num_veh_y,senc,obs,obsm,choc,manv,motor,catr,voie,v1,v2,circ,nbv,vosp,prof,plan,surf,infra,situ,vma,age
201900005824,9,7,2019,0 days 07:15:00,1,85,85226,1,1,1,2,107 Route du Pissot,"46,7402000"," -1,9533800",1,1,1,1982.0,1,1,-1,-1,B01,1,0,0,4,2,5,3,38,,,2,2,0,1,1,1,0,1,80,adult
201900005894,19,9,2019,0 days 15:45:00,1,60,60317,1,3,1,3,D12,"49,3323610","2,3090870",1,2,1,1955.0,5,2,-1,-1,A01,1,0,2,7,15,5,3,12,0.0,,2,2,0,1,1,1,9,1,80,child
201900005894,19,9,2019,0 days 15:45:00,1,60,60317,1,3,1,3,D12,"49,3323610","2,3090870",1,1,1,1986.0,5,8,-1,-1,A01,1,0,2,7,15,5,3,12,0.0,,2,2,0,1,1,1,9,1,80,adult
201900005894,19,9,2019,0 days 15:45:00,1,60,60317,1,3,1,3,D12,"49,3323610","2,3090870",2,1,2,1990.0,5,8,-1,-1,A01,1,0,2,7,15,5,3,12,0.0,,2,2,0,1,1,1,9,1,80,adult
201900005929,17,9,2019,0 days 17:15:00,1,69,69383,2,3,1,3,AUBIGNY (D')                        (R ),"45,7613000","4,8673800",1,4,1,1976.0,0,8,0,-1,B01,2,0,2,1,1,0,4,AUBIGNY (D')                        (R ),0.0,,1,3,1,1,1,1,8,1,50,child
201900005929,17,9,2019,0 days 17:15:00,1,69,69383,2,3,1,3,AUBIGNY (D')                        (R ),"45,7613000","4,8673800",1,1,1,2000.0,0,8,0,-1,B01,2,0,2,1,1,0,4,AUBIGNY (D')                        (R ),0.0,,1,3,1,1,1,1,8,1,50,adult
201900005932,17,9,2019,0 days 17:40:00,1,69,69385,2,1,1,2,ANTIQUAILLE (DE L')                 (R ),"45,7582500","4,8211000",1,1,1,1965.0,5,1,0,-1,A01,2,0,2,1,2,5,4,ANTIQUAILLE (DE L')                 (R ),0.0,,2,2,0,4,1,1,0,1,50,child
201900005932,17,9,2019,0 days 17:40:00,1,69,69385,2,1,1,2,ANTIQUAILLE (DE L')                 (R ),"45,7582500","4,8211000",1,4,1,1989.0,4,2,0,-1,A01,2,0,2,1,2,5,4,ANTIQUAILLE (DE L')                 (R ),0.0,,2,2,0,4,1,1,0,1,50,adult
201900005940,17,9,2019,0 days 07:50:00,1,77,77118,2,1,1,3,8 MAI 1945 (RUE DU),"48,9486000","2,6792100",1,1,1,1983.0,0,1,0,-1,B01,3,0,2,4,26,0,4,8 MAI 1945 (RUE DU),0.0,,2,2,0,1,1,1,0,1,30,child
201900005940,17,9,2019,0 days 07:50:00,1,77,77118,2,1,1,3,8 MAI 1945 (RUE DU),"48,9486000","2,6792100",1,4,1,2008.0,2,8,0,-1,B01,3,0,2,4,26,0,4,8 MAI 1945 (RUE DU),0.0,,2,2,0,1,1,1,0,1,30,adult
201900005945,16,9,2019,0 days 10:30:00,1,71,71270,2,3,1,3,EUROPE (RUE DE L'),"46,3004300","4,8242600",1,1,1,1951.0,9,1,8,-1,A01,3,0,2,1,19,5,4,EUROPE (RUE DE L'),0.0,,1,1,2,2,1,1,0,1,30,child
201900005945,16,9,2019,0 days 10:30:00,1,71,71270,2,3,1,3,EUROPE (RUE DE L'),"46,3004300","4,8242600",1,4,1,2000.0,0,8,0,-1,A01,3,0,2,1,19,5,4,EUROPE (RUE DE L'),0.0,,1,1,2,2,1,1,0,1,30,adult
201900005950,16,9,2019,0 days 22:00:00,5,67,67482,2,3,1,3,LANGUEDOC (RUE DU),"48,5459140","7,7569180",1,1,1,1943.0,0,8,0,-1,A01,1,0,2,0,1,5,4,PROVENCE (RUE DE),0.0,,2,2,0,1,1,1,0,1,50,child
201900005950,16,9,2019,0 days 22:00:00,5,67,67482,2,3,1,3,LANGUEDOC (RUE DU),"48,5459140","7,7569180",1,4,1,1968.0,0,8,0,-1,A01,1,0,2,0,1,5,4,PROVENCE (RUE DE),0.0,,2,2,0,1,1,1,0,1,50,adult
201900005954,14,9,2019,0 days 14:00:00,1,67,67204,1,6,1,3,TROIS MAIRES (RUE DES),"48,6386780","7,7809400",1,1,2,1961.0,0,1,8,-1,B01,2,0,2,1,19,5,4,TROIS MAIRES (RUE DES),0.0,,3,2,2,1,3,1,0,1,70,child
201900005954,14,9,2019,0 days 14:00:00,1,67,67204,1,6,1,3,TROIS MAIRES (RUE DES),"48,6386780","7,7809400",1,4,2,1997.0,0,8,0,-1,B01,2,0,2,1,19,5,4,TROIS MAIRES (RUE DES),0.0,,3,2,2,1,3,1,0,1,70,adult
201900005959,17,9,2019,0 days 14:05:00,1,64,64445,2,3,1,3,ALLEES DE MORLAAS DES,"43,3038000"," -0,3509000",1,4,1,1923.0,0,8,0,-1,B01,1,0,2,1,1,5,4,TILLEULS DES,0.0,,2,1,0,1,1,1,0,1,50,child
201900005959,17,9,2019,0 days 14:05:00,1,64,64445,2,3,1,3,ALLEES DE MORLAAS DES,"43,3038000"," -0,3509000",1,1,1,1946.0,0,1,0,-1,B01,1,0,2,1,1,5,4,TILLEULS DES,0.0,,2,1,0,1,1,1,0,1,50,adult
201900005976,6,3,2019,0 days 15:00:00,1,54,54395,2,1,2,1,BOFFRAND (AVENUE),"48,6815600","6,1721010",1,1,1,1969.0,0,1,0,-1,Y01,1,0,2,1,5,5,4,BOFFRAND (AVENUE),0.0,,1,1,0,1,2,2,0,1,30,child
201900005976,6,3,2019,0 days 15:00:00,1,54,54395,2,1,2,1,BOFFRAND (AVENUE),"48,6815600","6,1721010",1,4,1,1991.0,0,2,0,-1,Y01,1,0,2,1,5,5,4,BOFFRAND (AVENUE),0.0,,1,1,0,1,2,2,0,1,30,adult
201900005983,15,9,2019,0 days 14:22:00,1,49,49007,2,1,1,2,BON PASTEUR BOULEVARD,"47,4701200"," -0,5689500",1,1,1,1933.0,5,1,8,-1,B01,1,0,2,4,0,5,4,BON PASTEUR BOULEVARD,0.0,,2,2,0,1,1,1,0,1,60,child
201900005983,15,9,2019,0 days 14:22:00,1,49,49007,2,1,1,2,BON PASTEUR BOULEVARD,"47,4701200"," -0,5689500",1,4,2,1990.0,5,8,0,-1,B01,1,0,2,4,0,5,4,BON PASTEUR BOULEVARD,0.0,,2,2,0,1,1,1,0,1,60,adult
201900005986,6,9,2019,0 days 10:45:00,1,44,44132,2,2,1,3,AVENUES POULIGOU / PETIT CANON ,"47,2490000"," -2,3080000",1,1,1,1928.0,3,1,0,-1,B01,3,0,2,1,26,5,4,,0.0,,2,2,1,1,1,1,9,1,50,child
201900005986,6,9,2019,0 days 10:45:00,1,44,44132,2,2,1,3,AVENUES POULIGOU / PETIT CANON ,"47,2490000"," -2,3080000",1,4,2,1963.0,5,2,0,-1,B01,3,0,2,1,26,5,4,,0.0,,2,2,1,1,1,1,9,1,50,adult
201900005991,16,9,2019,0 days 18:15:00,1,31,31069,2,1,1,3,GRENADE (ROUTE DE),"43,6343100","1,3912200",1,1,2,1968.0,1,1,0,-1,B01,1,0,2,7,17,5,3,2,0.0,,1,1,0,2,1,1,0,1,50,child
201900005991,16,9,2019,0 days 18:15:00,1,31,31069,2,1,1,3,GRENADE (ROUTE DE),"43,6343100","1,3912200",1,4,1,1994.0,1,2,0,-1,B01,1,0,2,7,17,5,3,2,0.0,,1,1,0,2,1,1,0,1,50,adult
201900006010,17,9,2019,0 days 17:20:00,1,6,06069,2,9,1,3,PAGNOL (BOULEVARD MARCEL),"43,6438890","6,9473960",1,1,2,1977.0,1,1,0,-1,B01,3,0,2,8,19,6,4,PAGNOL (BOULEVARD MARCEL),0.0,,2,2,0,1,1,1,0,1,50,child
201900006010,17,9,2019,0 days 17:20:00,1,6,06069,2,9,1,3,PAGNOL (BOULEVARD MARCEL),"43,6438890","6,9473960",1,4,1,2003.0,5,8,0,-1,B01,3,0,2,8,19,6,4,PAGNOL (BOULEVARD MARCEL),0.0,,2,2,0,1,1,1,0,1,50,adult
201900006159,8,2,2019,0 days 11:35:00,1,75,75116,2,1,1,2,AVENUE DE NEW YORK,"48,8636850","2,2977740",1,4,1,1948.0,5,2,0,-1,A01,1,0,2,3,2,5,4,AVENUE DE NEW YORK,0.0,,2,4,0,1,1,1,0,1,50,child
201900006159,8,2,2019,0 days 11:35:00,1,75,75116,2,1,1,2,AVENUE DE NEW YORK,"48,8636850","2,2977740",1,1,1,1994.0,4,1,0,-1,A01,1,0,2,3,2,5,4,AVENUE DE NEW YORK,0.0,,2,4,0,1,1,1,0,1,50,adult
201900006236,20,3,2019,0 days 09:10:00,1,56,56121,2,2,1,3,KERMELO ( ET IMP. DE ),"47,7363500"," -3,3855100",1,1,1,1953.0,5,1,8,-1,B01,2,0,2,1,1,5,4,Rue de KERMELO,0.0,,2,2,0,1,1,1,0,1,30,child
201900006236,20,3,2019,0 days 09:10:00,1,56,56121,2,2,1,3,KERMELO ( ET IMP. DE ),"47,7363500"," -3,3855100",1,4,1,2005.0,5,2,0,-1,B01,2,0,2,1,1,5,4,Rue de KERMELO,0.0,,2,2,0,1,1,1,0,1,30,adult
201900006241,19,3,2019,0 days 16:44:00,1,54,54395,2,1,1,6,LAMOUR (RUE JEAN),"48,7005730","6,1735510",1,1,1,1943.0,0,1,0,-1,A01,1,0,2,0,0,5,4,LAMOUR (RUE JEAN),0.0,,-1,2,0,1,1,1,0,1,50,child
201900006241,19,3,2019,0 days 16:44:00,1,54,54395,2,1,1,6,LAMOUR (RUE JEAN),"48,7005730","6,1735510",1,3,1,1992.0,0,8,0,-1,A01,1,0,2,0,0,5,4,LAMOUR (RUE JEAN),0.0,,-1,2,0,1,1,1,0,1,50,adult
201900006290,21,3,2019,0 days 07:55:00,1,37,37122,2,3,1,3,DOUZILLIERE (RUE DE LA),"47,3403891","0,6541688",1,1,1,1960.0,5,1,8,-1,B01,1,0,2,1,1,5,4,,0.0,,-1,1,1,1,1,1,0,1,30,child
201900006290,21,3,2019,0 days 07:55:00,1,37,37122,2,3,1,3,DOUZILLIERE (RUE DE LA),"47,3403891","0,6541688",1,4,1,2006.0,2,8,0,-1,B01,1,0,2,1,1,5,4,,0.0,,-1,1,1,1,1,1,0,1,30,adult
201900006326,22,3,2019,0 days 09:25:00,1,29,29232,2,1,1,3,ERGUE ARMEL  ROND POINT D',"47,9833400"," -4,0754400",1,4,1,1954.0,5,2,0,-1,B01,1,0,2,4,0,6,4,ERGUE ARMEL  ROND POINT D',0.0,,1,1,0,1,2,1,0,1,50,child
201900006326,22,3,2019,0 days 09:25:00,1,29,29232,2,1,1,3,ERGUE ARMEL  ROND POINT D',"47,9833400"," -4,0754400",1,1,2,2000.0,2,1,0,-1,B01,1,0,2,4,0,6,4,ERGUE ARMEL  ROND POINT D',0.0,,1,1,0,1,2,1,0,1,50,adult
201900006399,24,3,2019,0 days 19:10:00,2,10,10081,2,2,1,1,HELENE BOUCHER (RUE),"48,3080000","4,0401000",1,1,1,1963.0,5,8,0,-1,B01,3,0,2,1,19,5,4,HELENE BOUCHER (RUE),0.0,,2,2,0,1,1,1,0,1,50,child
201900006399,24,3,2019,0 days 19:10:00,2,10,10081,2,2,1,1,HELENE BOUCHER (RUE),"48,3080000","4,0401000",1,4,2,2008.0,5,8,0,-1,B01,3,0,2,1,19,5,4,HELENE BOUCHER (RUE),0.0,,2,2,0,1,1,1,0,1,50,adult
201900006399,24,3,2019,0 days 19:10:00,2,10,10081,2,2,1,1,HELENE BOUCHER (RUE),"48,3080000","4,0401000",2,4,1,2011.0,5,8,0,-1,B01,3,0,2,1,19,5,4,HELENE BOUCHER (RUE),0.0,,2,2,0,1,1,1,0,1,50,adult
201900006415,21,4,2019,0 days 08:55:00,1,85,85191,2,1,1,3,RUE DU DOCTEUR BOUTELIER,"46,6843500"," -1,4399500",1,3,2,1958.0,5,2,4,-1,B01,3,0,2,8,19,5,4,RUE DU DOCTEUR BOUTELIER ,0.0,,-1,2,0,1,2,1,0,1,50,child
201900006415,21,4,2019,0 days 08:55:00,1,85,85191,2,1,1,3,RUE DU DOCTEUR BOUTELIER,"46,6843500"," -1,4399500",1,1,1,1999.0,5,1,0,-1,B01,3,0,2,8,19,5,4,RUE DU DOCTEUR BOUTELIER ,0.0,,-1,2,0,1,2,1,0,1,50,adult
201900006427,22,4,2019,0 days 13:30:00,1,83,83050,2,1,1,6,DE GAULLE(AVENUE CHARLES),"43,5240500","6,4725300",1,1,1,1966.0,5,1,8,-1,C01,2,0,2,8,1,0,4,DE GAULLE(AVENUE CHARLES),0.0,,3,4,0,2,2,1,0,1,50,child
201900006427,22,4,2019,0 days 13:30:00,1,83,83050,2,1,1,6,DE GAULLE(AVENUE CHARLES),"43,5240500","6,4725300",1,4,2,1972.0,5,8,0,-1,C01,2,0,2,8,1,0,4,DE GAULLE(AVENUE CHARLES),0.0,,3,4,0,2,2,1,0,1,50,adult
201900006427,22,4,2019,0 days 13:30:00,1,83,83050,2,1,1,6,DE GAULLE(AVENUE CHARLES),"43,5240500","6,4725300",1,1,1,1996.0,5,1,8,-1,C01,2,0,2,8,1,0,4,DE GAULLE(AVENUE CHARLES),0.0,,3,4,0,2,2,1,0,1,50,adult
201900006490,18,4,2019,0 days 13:45:00,1,72,72181,2,3,1,2,DUBIGNON (RUE),"48,0065800","0,2067300",1,1,1,1967.0,4,1,0,-1,A01,2,0,2,1,1,5,4,DUBIGNON (RUE),0.0,,2,2,0,1,1,1,0,1,50,child
201900006490,18,4,2019,0 days 13:45:00,1,72,72181,2,3,1,2,DUBIGNON (RUE),"48,0065800","0,2067300",1,4,1,1990.0,5,8,0,-1,A01,2,0,2,1,1,5,4,DUBIGNON (RUE),0.0,,2,2,0,1,1,1,0,1,50,adult
201900006506,24,4,2019,0 days 12:00:00,1,69,69091,2,1,2,3,JULIAN GRIMAU ( R ),"45,5956100","4,7676300",1,1,1,1980.0,9,8,0,-1,B01,3,0,2,8,19,5,4,JULIAN GRIMAU ( R ),0.0,,2,2,0,1,1,2,0,1,30,child
201900006506,24,4,2019,0 days 12:00:00,1,69,69091,2,1,2,3,JULIAN GRIMAU ( R ),"45,5956100","4,7676300",1,4,1,2009.0,5,2,0,-1,B01,3,0,2,8,19,5,4,JULIAN GRIMAU ( R ),0.0,,2,2,0,1,1,2,0,1,30,adult
201900006512,24,4,2019,0 days 12:30:00,1,67,67482,2,3,1,3,PROVENCE (RUE DE),"48,5457800","7,7582100",1,1,2,1958.0,0,1,8,-1,B01,2,0,0,0,0,5,4,PROVENCE (RUE DE),0.0,,2,3,0,1,1,1,0,1,50,child
201900006512,24,4,2019,0 days 12:30:00,1,67,67482,2,3,1,3,PROVENCE (RUE DE),"48,5457800","7,7582100",1,4,1,1989.0,0,8,0,-1,B01,2,0,0,0,0,5,4,PROVENCE (RUE DE),0.0,,2,3,0,1,1,1,0,1,50,adult
201900006565,25,4,2019,0 days 16:01:00,1,56,56121,2,6,1,3,BIR-HAKEIM ( RD-PT ),"47,7393600"," -3,3802500",1,1,2,1935.0,5,1,8,-1,B01,3,0,2,3,1,5,4,BIR-HAKEIM ( RD-PT ),0.0,,1,1,0,1,3,1,5,1,50,child
201900006565,25,4,2019,0 days 16:01:00,1,56,56121,2,6,1,3,BIR-HAKEIM ( RD-PT ),"47,7393600"," -3,3802500",1,1,2,1983.0,5,2,8,-1,B01,3,0,2,3,1,5,4,BIR-HAKEIM ( RD-PT ),0.0,,1,1,0,1,3,1,5,1,50,adult
201900006565,25,4,2019,0 days 16:01:00,1,56,56121,2,6,1,3,BIR-HAKEIM ( RD-PT ),"47,7393600"," -3,3802500",2,4,1,2016.0,5,2,8,-1,B01,3,0,2,3,1,5,4,BIR-HAKEIM ( RD-PT ),0.0,,1,1,0,1,3,1,5,1,50,adult
201900006610,19,10,2019,0 days 11:20:00,1,69,69266,2,3,2,3,TOLSTOI    (Cours),"45,7601750","4,8876600",1,4,1,1961.0,0,2,0,-1,B01,1,0,2,1,1,5,4,TOLSTOI    (Cours),0.0,,2,3,3,2,1,2,0,1,50,child
201900006610,19,10,2019,0 days 11:20:00,1,69,69266,2,3,2,3,TOLSTOI    (Cours),"45,7601750","4,8876600",1,1,1,1984.0,3,1,0,-1,B01,1,0,2,1,1,5,4,TOLSTOI    (Cours),0.0,,2,3,3,2,1,2,0,1,50,adult
201900006664,20,10,2019,0 days 11:20:00,1,56,56222,2,2,1,3,Rue de Rohan,"47,8450460"," -2,7282100",1,3,1,1956.0,0,2,4,-1,B01,1,0,2,3,1,5,3,778,2.0,,2,2,0,3,1,1,0,1,50,child
201900006664,20,10,2019,0 days 11:20:00,1,56,56222,2,2,1,3,Rue de Rohan,"47,8450460"," -2,7282100",1,1,2,1992.0,0,1,-1,-1,B01,1,0,2,3,1,5,3,778,2.0,,2,2,0,3,1,1,0,1,50,adult
201900006694,16,10,2019,0 days 10:30:00,1,21,21564,1,2,1,3,D996,"47,1229470","5,0991390",1,3,1,1958.0,5,2,-1,-1,B01,2,0,2,1,1,5,3,996,,,2,2,0,1,1,1,5,1,80,child
201900006694,16,10,2019,0 days 10:30:00,1,21,21564,1,2,1,3,D996,"47,1229470","5,0991390",1,1,2,1998.0,5,1,-1,-1,B01,2,0,2,1,1,5,3,996,,,2,2,0,1,1,1,5,1,80,adult
201900006770,9,6,2019,0 days 11:00:00,1,72,72277,1,3,1,3,intersection D7 / D80,"48,1498180","0,5066030",1,3,1,1936.0,5,8,-1,-1,A01,1,0,2,8,1,0,3,80,,,2,2,0,1,1,1,0,1,80,child
201900006770,9,6,2019,0 days 11:00:00,1,72,72277,1,3,1,3,intersection D7 / D80,"48,1498180","0,5066030",1,1,1,1999.0,5,1,-1,-1,A01,1,0,2,8,1,0,3,80,,,2,2,0,1,1,1,0,1,80,adult
201900006799,19,6,2019,0 days 17:30:00,1,90,90042,2,8,1,1,Bas Evette,"47,6824810","6,8028770",1,2,1,1948.0,5,0,-1,-1,B01,0,0,4,8,0,5,3,24,0.0,D,2,2,0,1,1,1,4,8,50,child
201900006799,19,6,2019,0 days 17:30:00,1,90,90042,2,8,1,1,Bas Evette,"47,6824810","6,8028770",1,1,1,1981.0,4,0,-1,-1,B01,0,0,4,8,0,5,3,24,0.0,D,2,2,0,1,1,1,4,8,50,adult
201900006922,4,8,2019,0 days 10:40:00,1,67,67526,1,3,1,3,RD206 PK7,"48,4029070","7,5662820",1,3,1,1940.0,5,8,-1,-1,B01,0,0,2,8,15,5,3,206,,,2,2,0,1,1,1,0,1,80,child
201900006922,4,8,2019,0 days 10:40:00,1,67,67526,1,3,1,3,RD206 PK7,"48,4029070","7,5662820",1,1,1,1969.0,1,8,-1,-1,B01,0,0,2,8,15,5,3,206,,,2,2,0,1,1,1,0,1,80,adult
201900006935,3,6,2019,0 days 08:30:00,1,28,28227,2,6,2,2,Avenue du Général de Gaulle,"48,5862670","1,5870990",1,4,1,1934.0,5,2,-1,-1,B01,1,0,2,7,17,5,3,18,,,2,2,0,1,2,1,5,1,50,child
201900006935,3,6,2019,0 days 08:30:00,1,28,28227,2,6,2,2,Avenue du Général de Gaulle,"48,5862670","1,5870990",1,1,1,1964.0,1,1,-1,-1,B01,1,0,2,7,17,5,3,18,,,2,2,0,1,2,1,5,1,50,adult
201900006952,16,6,2019,0 days 10:50:00,1,87,87154,1,1,1,3,D941,"45,8849300","0,8264120",1,3,1,1947.0,5,2,-1,-1,B01,2,0,2,1,1,6,3,941,0.0,,2,2,0,2,1,1,0,1,70,child
201900006952,16,6,2019,0 days 10:50:00,1,87,87154,1,1,1,3,D941,"45,8849300","0,8264120",1,1,2,1999.0,5,1,-1,-1,B01,2,0,2,1,1,6,3,941,0.0,,2,2,0,2,1,1,0,1,70,adult
201900006956,11,8,2019,0 days 13:00:00,1,974,97416,1,9,1,1,RIFOSTA (CHEMIN)," -21,3434000","55,4867000",1,1,1,1986.0,9,1,8,-1,A01,1,0,2,6,5,6,4,RIFOSTA (CHEMIN),0.0,,1,1,0,2,1,1,9,1,50,child
201900006956,11,8,2019,0 days 13:00:00,1,974,97416,1,9,1,1,RIFOSTA (CHEMIN)," -21,3434000","55,4867000",1,4,1,2012.0,9,8,0,-1,A01,1,0,2,6,5,6,4,RIFOSTA (CHEMIN),0.0,,1,1,0,2,1,1,9,1,50,adult
201900006960,10,8,2019,0 days 17:45:00,1,95,95063,2,2,1,1,AV GABRIEL PERI,"48,9342207","2,2091651",1,1,2,1983.0,5,1,0,-1,B01,2,0,2,1,15,0,3,392,0.0,,2,2,0,1,1,1,0,1,50,child
201900006960,10,8,2019,0 days 17:45:00,1,95,95063,2,2,1,1,AV GABRIEL PERI,"48,9342207","2,2091651",1,3,1,2005.0,5,8,0,-1,B01,2,0,2,1,15,0,3,392,0.0,,2,2,0,1,1,1,0,1,50,adult
201900006960,10,8,2019,0 days 17:45:00,1,95,95063,2,2,1,1,AV GABRIEL PERI,"48,9342207","2,2091651",2,3,1,2006.0,5,8,0,-1,B01,2,0,2,1,15,0,3,392,0.0,,2,2,0,1,1,1,0,1,50,adult
201900007020,11,8,2019,0 days 16:10:00,1,40,40282,2,6,1,3,Rue du Castallet,"43,7536080"," -0,5707110",1,1,2,1946.0,5,1,-1,-1,B01,0,0,2,8,16,5,4,,0.0,,2,2,0,1,1,1,9,1,50,child
201900007020,11,8,2019,0 days 16:10:00,1,40,40282,2,6,1,3,Rue du Castallet,"43,7536080"," -0,5707110",1,3,1,1973.0,5,0,-1,-1,B01,0,0,2,8,16,5,4,,0.0,,2,2,0,1,1,1,9,1,50,adult
201900007045,11,8,2019,0 days 17:00:00,1,44,44176,2,3,1,1,Rue Laennec,"47,3529810"," -2,1836760",1,1,1,1931.0,5,1,-1,-1,B01,3,0,2,1,16,5,4,,0.0,,2,2,0,1,1,1,0,1,50,child
201900007045,11,8,2019,0 days 17:00:00,1,44,44176,2,3,1,1,Rue Laennec,"47,3529810"," -2,1836760",1,3,2,2005.0,5,0,-1,-1,B01,3,0,2,1,16,5,4,,0.0,,2,2,0,1,1,1,0,1,50,adult
201900007094,9,8,2019,0 days 13:10:00,1,973,97302,2,1,1,3,FELIX EBOUE(ROCADE),"4,9281041"," -52,3177528",1,1,1,1949.0,0,1,0,-1,A01,2,0,2,0,19,0,3,18,0.0,,2,2,0,1,1,1,9,1,70,child
201900007094,9,8,2019,0 days 13:10:00,1,973,97302,2,1,1,3,FELIX EBOUE(ROCADE),"4,9281041"," -52,3177528",1,4,1,1983.0,9,8,0,-1,A01,2,0,2,0,19,0,3,18,0.0,,2,2,0,1,1,1,9,1,70,adult
201900007097,9,8,2019,0 days 11:00:00,1,973,97302,2,9,1,3,MANDELA  (BOULEVARD),"4,9404232"," -52,3267543",1,1,1,1930.0,0,1,8,-1,B01,1,0,2,0,0,0,4,MANDELA  (BOULEVARD),0.0,,2,2,0,1,1,1,0,1,50,child
201900007097,9,8,2019,0 days 11:00:00,1,973,97302,2,9,1,3,MANDELA  (BOULEVARD),"4,9404232"," -52,3267543",1,4,1,1985.0,0,0,-1,-1,B01,1,0,2,0,0,0,4,MANDELA  (BOULEVARD),0.0,,2,2,0,1,1,1,0,1,50,adult
201900007111,8,8,2019,0 days 17:10:00,1,69,69382,2,2,1,3,VERDUN PERRACHE                     (VO),"45,7484300","4,8286800",1,4,1,1974.0,5,8,0,-1,B01,2,0,2,8,26,5,4,VERDUN PERRACHE                     (VO),0.0,,-1,2,1,1,1,1,0,1,50,child
201900007111,8,8,2019,0 days 17:10:00,1,69,69382,2,2,1,3,VERDUN PERRACHE                     (VO),"45,7484300","4,8286800",1,1,1,1996.0,0,1,0,-1,B01,2,0,2,8,26,5,4,VERDUN PERRACHE                     (VO),0.0,,-1,2,1,1,1,1,0,1,50,adult
201900007146,25,11,2019,0 days 19:30:00,2,974,97408,2,9,1,1,Avenue Raymond Verges," -20,9333640","55,3327960",1,1,1,1983.0,5,1,-1,-1,B01,3,0,2,1,1,5,4,,,,2,2,0,1,1,1,0,1,50,child
201900007146,25,11,2019,0 days 19:30:00,2,974,97408,2,9,1,1,Avenue Raymond Verges," -20,9333640","55,3327960",1,4,1,2004.0,5,0,-1,-1,B01,3,0,2,1,1,5,4,,,,2,2,0,1,1,1,0,1,50,adult
201900007300,7,7,2019,0 days 13:31:00,1,17,17300,2,1,1,1,MIRABEAU   RUE,"46,1509900"," -1,1209300",1,1,1,1957.0,5,1,0,-1,B01,3,0,2,2,19,5,4,MIRABEAU   RUE,0.0,,2,2,0,2,1,1,0,1,30,child
201900007300,7,7,2019,0 days 13:31:00,1,17,17300,2,1,1,1,MIRABEAU   RUE,"46,1509900"," -1,1209300",1,3,2,2013.0,5,8,0,-1,B01,3,0,2,2,19,5,4,MIRABEAU   RUE,0.0,,2,2,0,2,1,1,0,1,30,adult
201900007313,7,7,2019,0 days 01:05:00,5,75,75120,2,2,1,3,AVENUE LEON GAUMONT,"48,8493270","2,4162210",1,4,1,1967.0,9,2,0,-1,A01,1,0,2,7,19,5,4,AVENUE LEON GAUMONT,0.0,,2,2,1,1,1,1,8,5,50,child
201900007313,7,7,2019,0 days 01:05:00,5,75,75120,2,2,1,3,AVENUE LEON GAUMONT,"48,8493270","2,4162210",2,1,1,1975.0,4,1,0,-1,A01,1,0,2,7,19,5,4,AVENUE LEON GAUMONT,0.0,,2,2,1,1,1,1,8,5,50,adult
201900007313,7,7,2019,0 days 01:05:00,5,75,75120,2,2,1,3,AVENUE LEON GAUMONT,"48,8493270","2,4162210",1,1,1,1989.0,4,1,0,-1,A01,1,0,2,7,19,5,4,AVENUE LEON GAUMONT,0.0,,2,2,1,1,1,1,8,5,50,adult
201900007313,7,7,2019,0 days 01:05:00,5,75,75120,2,2,1,3,AVENUE LEON GAUMONT,"48,8493270","2,4162210",2,1,1,1992.0,4,1,0,-1,A01,1,0,2,7,19,5,4,AVENUE LEON GAUMONT,0.0,,2,2,1,1,1,1,8,5,50,adult
201900007313,7,7,2019,0 days 01:05:00,5,75,75120,2,2,1,3,AVENUE LEON GAUMONT,"48,8493270","2,4162210",2,1,1,1996.0,4,1,0,-1,A01,1,0,2,7,19,5,4,AVENUE LEON GAUMONT,0.0,,2,2,1,1,1,1,8,5,50,adult
201900007367,7,7,2019,0 days 10:45:00,1,35,35360,2,1,9,3,Boulevard Pierre Landais,"48,1205740"," -1,2064820",1,1,2,1938.0,5,1,-1,-1,B01,1,0,2,1,9,0,4,33,,,2,2,2,1,1,1,0,1,30,child
201900007367,7,7,2019,0 days 10:45:00,1,35,35360,2,1,9,3,Boulevard Pierre Landais,"48,1205740"," -1,2064820",1,4,1,1997.0,3,0,-1,-1,B01,1,0,2,1,9,0,4,33,,,2,2,2,1,1,1,0,1,30,adult
201900007383,6,7,2019,0 days 18:10:00,1,52,52450,2,2,1,1,place sainte anne - courcelles sur aujon,"47,8941810","5,0932920",1,1,1,1987.0,1,1,-1,-1,B01,3,0,2,8,15,6,3,288,,D,2,2,0,1,1,1,0,1,50,child
201900007383,6,7,2019,0 days 18:10:00,1,52,52450,2,2,1,1,place sainte anne - courcelles sur aujon,"47,8941810","5,0932920",1,2,2,2011.0,5,0,-1,-1,B01,3,0,2,8,15,6,3,288,,D,2,2,0,1,1,1,0,1,50,adult
201900007482,27,11,2019,0 days 18:57:00,5,87,87085,2,2,2,6,PALISSY (RUE BERNARD),"45,8328400","1,2519200",1,1,1,1976.0,1,2,0,-1,A01,2,0,1,1,7,5,4,CHURCHILL WINSTON (PLACE),0.0,,3,4,3,2,1,2,5,1,50,child
201900007482,27,11,2019,0 days 18:57:00,5,87,87085,2,2,2,6,PALISSY (RUE BERNARD),"45,8328400","1,2519200",3,4,1,2008.0,0,4,0,-1,A01,2,0,1,1,7,5,4,CHURCHILL WINSTON (PLACE),0.0,,3,4,3,2,1,2,5,1,50,adult