Num_Acc,jour,mois,an,hrmn,lum,dep,com,agg,int,atm,col,adr,lat,long,catu,grav,sexe,an_nais,trajet,secu1,secu2,secu3,num_veh_y,senc,obs,obsm,choc,manv,motor,catr,voie,v1,v2,circ,nbv,vosp,prof,plan,surf,infra,situ,vma,age
201900007485,25,11,2019,0 days 16:35:00,1,78,78686,2,1,1,3,GASTON BOISSIER (AVENUE),"48,7994000","2,1737300",1,1,2,1962.0,1,1,0,-1,A01,2,0,2,1,25,5,3,56,0.0,,1,1,0,1,1,1,0,4,30,child
201900007485,25,11,2019,0 days 16:35:00,1,78,78686,2,1,1,3,GASTON BOISSIER (AVENUE),"48,7994000","2,1737300",1,4,2,1987.0,1,8,0,-1,A01,2,0,2,1,25,5,3,56,0.0,,1,1,0,1,1,1,0,4,30,adult
201900007494,27,11,2019,0 days 20:30:00,5,56,56098,2,3,2,3,BILLOUX ( AV. FRANCOIS ),"47,7650900"," -3,3518600",1,1,2,1957.0,5,1,8,-1,B01,1,0,2,7,1,5,4,,0.0,,2,2,0,1,1,2,0,1,50,child
201900007494,27,11,2019,0 days 20:30:00,5,56,56098,2,3,2,3,BILLOUX ( AV. FRANCOIS ),"47,7650900"," -3,3518600",1,4,1,1990.0,5,8,0,-1,B01,1,0,2,7,1,5,4,,0.0,,2,2,0,1,1,2,0,1,50,adult
201900007497,26,11,2019,0 days 19:45:00,3,44,44184,2,3,3,6,RUES MENDES FRANCE / JOLLINIER,"47,2736990"," -2,2147470",3,3,2,1958.0,0,8,0,-1,A01,1,0,1,1,1,5,4,,0.0,,2,2,0,1,3,2,0,1,50,child
201900007497,26,11,2019,0 days 19:45:00,3,44,44184,2,3,3,6,RUES MENDES FRANCE / JOLLINIER,"47,2736990"," -2,2147470",1,1,1,1989.0,1,8,0,-1,A01,1,0,1,1,1,5,4,,0.0,,2,2,0,1,3,2,0,1,50,adult
201900007508,28,11,2019,0 days 17:43:00,5,17,17300,2,1,1,6,MISSY   RUE DE,"46,1608800"," -1,1706700",3,1,1,1975.0,2,8,0,-1,A01,3,0,1,1,25,5,4,MISSY   RUE DE,0.0,,-1,2,0,1,2,2,5,4,50,child
201900007508,28,11,2019,0 days 17:43:00,5,17,17300,2,1,1,6,MISSY   RUE DE,"46,1608800"," -1,1706700",1,4,1,2003.0,2,2,0,-1,A01,3,0,1,1,25,5,4,MISSY   RUE DE,0.0,,-1,2,0,1,2,2,5,4,50,adult
201900007536,3,12,2019,0 days 08:00:00,1,45,45234,2,3,1,3,BD MARIE STUART -R D'AMBERT,"47,9084905","1,9382799",1,4,1,1961.0,1,8,0,-1,B01,1,0,2,3,19,5,4,BD MARIE STUART,0.0,,3,2,0,1,1,1,-1,1,50,child
201900007536,3,12,2019,0 days 08:00:00,1,45,45234,2,3,1,3,BD MARIE STUART -R D'AMBERT,"47,9084905","1,9382799",1,1,2,1982.0,9,1,0,-1,B01,1,0,2,3,19,5,4,BD MARIE STUART,0.0,,3,2,0,1,1,1,-1,1,50,adult
201900007584,2,12,2019,0 days 16:45:00,1,86,86194,2,3,1,3,FAUBOURG PONT NEUF (RUE DU),"46,5773907","0,3518627",1,1,1,1943.0,5,1,8,-1,A01,3,0,2,1,9,5,4,FAUBOURG PONT NEUF (RUE DU),0.0,,2,3,0,2,1,1,0,1,50,child
201900007584,2,12,2019,0 days 16:45:00,1,86,86194,2,3,1,3,FAUBOURG PONT NEUF (RUE DU),"46,5773907","0,3518627",1,4,2,2003.0,2,2,8,-1,A01,3,0,2,1,9,5,4,FAUBOURG PONT NEUF (RUE DU),0.0,,2,3,0,2,1,1,0,1,50,adult
201900007645,8,9,2019,0 days 10:15:00,1,12,12168,2,9,1,3,Place du Claux,"44,0223650","3,3020440",1,1,1,1938.0,5,1,-1,-1,B01,2,0,2,1,17,5,3,999,0.0,,2,2,0,1,2,1,0,3,50,child
201900007645,8,9,2019,0 days 10:15:00,1,12,12168,2,9,1,3,Place du Claux,"44,0223650","3,3020440",1,3,1,1985.0,9,2,-1,-1,B01,2,0,2,1,17,5,3,999,0.0,,2,2,0,1,2,1,0,3,50,adult
201900007723,16,9,2019,0 days 15:25:00,1,69,69034,2,2,1,3,VERNAY (DU)                         (MO),"45,8099000","4,8573200",1,1,2,1964.0,5,1,0,-1,Y01,3,0,2,7,19,5,4,VERNAY (DU)                         (MO),0.0,,2,2,0,1,1,1,0,1,50,child
201900007723,16,9,2019,0 days 15:25:00,1,69,69034,2,2,1,3,VERNAY (DU)                         (MO),"45,8099000","4,8573200",3,4,1,2007.0,2,8,0,-1,Y01,3,0,2,7,19,5,4,VERNAY (DU)                         (MO),0.0,,2,2,0,1,1,1,0,1,50,adult
201900007744,13,9,2019,0 days 16:25:00,1,66,66136,2,1,1,6,PAYRA (PLACE JEAN),"42,6982700","2,8890300",1,1,1,1973.0,0,1,8,-1,B01,1,0,2,2,1,5,4,PAYRA (PLACE JEAN),0.0,,2,1,0,1,1,1,0,1,50,child
201900007744,13,9,2019,0 days 16:25:00,1,66,66136,2,1,1,6,PAYRA (PLACE JEAN),"42,6982700","2,8890300",1,4,1,2002.0,9,8,0,-1,B01,1,0,2,2,1,5,4,PAYRA (PLACE JEAN),0.0,,2,1,0,1,1,1,0,1,50,adult
201900007747,16,9,2019,0 days 23:30:00,5,59,59350,2,9,1,3,ASIE RUE DE L,"50,6045500","3,0527100",1,1,1,1969.0,5,8,0,-1,B01,3,0,2,6,0,5,4,ASIE RUE DE L,0.0,,2,2,0,1,1,1,5,1,50,child
201900007747,16,9,2019,0 days 23:30:00,5,59,59350,2,9,1,3,ASIE RUE DE L,"50,6045500","3,0527100",1,3,1,2002.0,5,8,0,-1,B01,3,0,2,6,0,5,4,ASIE RUE DE L,0.0,,2,2,0,1,1,1,5,1,50,adult
201900007751,16,9,2019,0 days 20:15:00,5,54,54395,2,1,1,6,TOMBLAINE (RUE DE),"48,6871470","6,2029030",1,1,2,1944.0,0,1,0,-1,B01,1,0,2,0,1,-1,4,TOMBLAINE (RUE DE),0.0,,2,2,0,1,1,1,0,1,50,child
201900007751,16,9,2019,0 days 20:15:00,5,54,54395,2,1,1,6,TOMBLAINE (RUE DE),"48,6871470","6,2029030",1,3,2,1967.0,0,0,-1,-1,B01,1,0,2,0,1,-1,4,TOMBLAINE (RUE DE),0.0,,2,2,0,1,1,1,0,1,50,adult
201900007753,16,9,2019,0 days 07:50:00,2,51,51454,2,6,1,1,BOULEVARD VAL DE VESLE,"49,2301771","4,0720817",1,1,1,1940.0,0,1,8,-1,B01,3,0,2,7,1,0,4,BOULEVARD VAL DE VESLE,0.0,,1,1,0,1,2,1,0,1,50,child
201900007753,16,9,2019,0 days 07:50:00,2,51,51454,2,6,1,1,BOULEVARD VAL DE VESLE,"49,2301771","4,0720817",1,4,2,1973.0,0,2,8,-1,B01,3,0,2,7,1,0,4,BOULEVARD VAL DE VESLE,0.0,,1,1,0,1,2,1,0,1,50,adult
201900007948,8,2,2019,0 days 11:50:00,1,31,31455,2,6,1,3,Rond point des Huguenots,"43,2533610","1,2005930",1,3,1,1940.0,5,2,-1,-1,B01,2,0,2,7,1,5,3,627,,,2,2,0,1,4,1,0,1,50,child
201900007948,8,2,2019,0 days 11:50:00,1,31,31455,2,6,1,3,Rond point des Huguenots,"43,2533610","1,2005930",1,1,2,1973.0,5,1,-1,-1,B01,2,0,2,7,1,5,3,627,,,2,2,0,1,4,1,0,1,50,adult
201900007984,11,2,2019,0 days 08:36:00,1,53,53084,2,6,1,3,promenade Charles de Gaulle,"47,8470260"," -0,9482380",1,1,2,1976.0,5,1,-1,-1,A01,2,0,2,0,0,5,3,771,,D,-1,1,0,1,3,1,5,1,50,child
201900007984,11,2,2019,0 days 08:36:00,1,53,53084,2,6,1,3,promenade Charles de Gaulle,"47,8470260"," -0,9482380",1,3,1,1999.0,1,4,-1,-1,A01,2,0,2,0,0,5,3,771,,D,-1,1,0,1,3,1,5,1,50,adult
201900008041,25,3,2019,0 days 20:40:00,5,75,75120,2,2,1,3,RUE DES PYRENEES,"48,8632890","2,3997040",1,1,1,1941.0,5,1,0,-1,A01,1,0,2,0,1,5,4,RUE DES PYRENEES,0.0,,2,2,0,2,1,1,0,1,50,child
201900008041,25,3,2019,0 days 20:40:00,5,75,75120,2,2,1,3,RUE DES PYRENEES,"48,8632890","2,3997040",1,4,1,1987.0,5,2,0,-1,A01,1,0,2,0,1,5,4,RUE DES PYRENEES,0.0,,2,2,0,2,1,1,0,1,50,adult
201900008050,25,3,2019,0 days 09:50:00,1,75,75119,2,2,1,3,RUE DE CRIMEE,"48,8849880","2,3832710",1,1,1,1960.0,1,1,0,-1,B01,2,0,2,1,1,5,4,RUE DE CRIMEE,0.0,,1,2,1,1,1,1,0,5,30,child
201900008050,25,3,2019,0 days 09:50:00,1,75,75119,2,2,1,3,RUE DE CRIMEE,"48,8849880","2,3832710",1,4,1,1994.0,1,2,0,-1,B01,2,0,2,1,1,5,4,RUE DE CRIMEE,0.0,,1,2,1,1,1,1,0,5,30,adult
201900008063,24,3,2019,0 days 15:25:00,1,75,75116,2,1,1,6,ROUTE DE SEVRES A NEUILLY,"48,8606650","2,2373190",3,4,2,1959.0,0,8,0,-1,A01,3,0,1,1,1,5,4,ROUTE DE SEVRES A NEUILLY,0.0,,-1,1,0,1,1,1,0,5,50,child
201900008063,24,3,2019,0 days 15:25:00,1,75,75116,2,1,1,6,ROUTE DE SEVRES A NEUILLY,"48,8606650","2,2373190",1,1,1,2002.0,0,2,8,-1,A01,3,0,1,1,1,5,4,ROUTE DE SEVRES A NEUILLY,0.0,,-1,1,0,1,1,1,0,5,50,adult
201900008083,22,3,2019,0 days 10:40:00,1,75,75113,2,8,1,3,RUE DE TOLBIAC,"48,8259890","2,3536510",1,4,1,1971.0,0,2,0,-1,A01,2,0,2,7,17,5,4,RUE DE TOLBIAC,0.0,,2,3,0,1,1,1,0,1,50,child
201900008083,22,3,2019,0 days 10:40:00,1,75,75113,2,8,1,3,RUE DE TOLBIAC,"48,8259890","2,3536510",1,1,1,1994.0,5,2,6,-1,A01,2,0,2,7,17,5,4,RUE DE TOLBIAC,0.0,,2,3,0,1,1,1,0,1,50,adult
201900008154,21,3,2019,0 days 16:50:00,1,93,93051,2,6,1,3,VICTOR BASCH (AVENUE),"48,8413300","2,5596600",1,1,2,1949.0,5,1,8,-1,B01,2,0,2,1,1,5,4,VICTOR BASCH (AVENUE),0.0,,1,2,0,1,2,1,0,1,50,child
201900008154,21,3,2019,0 days 16:50:00,1,93,93051,2,6,1,3,VICTOR BASCH (AVENUE),"48,8413300","2,5596600",1,4,1,1971.0,1,8,0,-1,B01,2,0,2,1,1,5,4,VICTOR BASCH (AVENUE),0.0,,1,2,0,1,2,1,0,1,50,adult
201900008194,19,3,2019,0 days 21:18:00,5,92,92075,2,1,1,3,RAYMOND MARCHERON (RUE),"48,8182900","2,2850800",1,1,1,1941.0,5,1,0,-1,B01,2,1,0,1,18,5,3,130,0.0,,2,2,0,2,1,1,0,1,50,child
201900008194,19,3,2019,0 days 21:18:00,5,92,92075,2,1,1,3,RAYMOND MARCHERON (RUE),"48,8182900","2,2850800",1,4,1,1989.0,1,8,0,-1,B01,2,1,0,1,18,5,3,130,0.0,,2,2,0,2,1,1,0,1,50,adult
201900008194,19,3,2019,0 days 21:18:00,5,92,92075,2,1,1,3,RAYMOND MARCHERON (RUE),"48,8182900","2,2850800",2,1,1,1990.0,5,1,0,-1,B01,2,1,0,1,18,5,3,130,0.0,,2,2,0,2,1,1,0,1,50,adult
201900008219,19,10,2019,0 days 12:55:00,1,33,33522,2,1,1,3,RUE PACARIS,"44,7981500"," -0,5817500",1,1,2,1963.0,5,1,0,-1,B01,2,0,2,8,16,5,4,RUE PACARIS,0.0,,2,2,0,1,1,1,0,1,50,child
201900008219,19,10,2019,0 days 12:55:00,1,33,33522,2,1,1,3,RUE PACARIS,"44,7981500"," -0,5817500",1,3,1,1992.0,1,8,0,-1,B01,2,0,2,8,16,5,4,RUE PACARIS,0.0,,2,2,0,1,1,1,0,1,50,adult
201900008238,19,10,2019,0 days 17:15:00,1,75,75110,2,2,1,6,RUE BEAUREPAIRE,"48,8693256","2,3633875",3,4,2,1950.0,5,0,-1,-1,A01,1,0,1,1,1,5,4,RUE BEAUREPAIRE,0.0,,2,2,1,1,1,1,0,5,30,child
201900008238,19,10,2019,0 days 17:15:00,1,75,75110,2,2,1,6,RUE BEAUREPAIRE,"48,8693256","2,3633875",1,1,2,1985.0,5,2,8,-1,A01,1,0,1,1,1,5,4,RUE BEAUREPAIRE,0.0,,2,2,1,1,1,1,0,5,30,adult
201900008247,19,10,2019,0 days 08:40:00,1,92,92072,2,1,2,3,LECLERC (AVENUE DE LA DIVISION),"48,8256956","2,2196266",1,1,1,1971.0,1,8,0,-1,B01,3,0,2,1,17,5,3,406,0.0,,2,2,0,2,1,2,0,1,50,child
201900008247,19,10,2019,0 days 08:40:00,1,92,92072,2,1,2,3,LECLERC (AVENUE DE LA DIVISION),"48,8256956","2,2196266",1,4,2,1993.0,0,2,0,-1,B01,3,0,2,1,17,5,3,406,0.0,,2,2,0,2,1,2,0,1,50,adult
201900008350,15,10,2019,0 days 16:35:00,1,70,70550,2,1,2,3,COUBERTIN (RUE PIERRE DE),"47,6221900","6,1666900",1,1,2,1949.0,1,1,0,-1,A01,1,0,2,1,25,5,3,301,0.0,,-1,2,0,1,1,2,0,4,50,child
201900008350,15,10,2019,0 days 16:35:00,1,70,70550,2,1,2,3,COUBERTIN (RUE PIERRE DE),"47,6221900","6,1666900",1,3,1,1984.0,5,8,0,-1,A01,1,0,2,1,25,5,3,301,0.0,,-1,2,0,1,1,2,0,4,50,adult
201900008354,17,10,2019,0 days 22:10:00,5,67,67482,2,3,2,3,GENERAL KOENIG (QUAI DU),"48,5752700","7,7548600",1,4,1,1965.0,0,8,0,-1,A01,1,0,2,0,19,5,4,GENERAL KOENIG (QUAI DU),0.0,,2,5,1,1,1,1,0,1,50,child
201900008354,17,10,2019,0 days 22:10:00,5,67,67482,2,3,2,3,GENERAL KOENIG (QUAI DU),"48,5752700","7,7548600",1,1,1,1992.0,0,1,0,-1,A01,1,0,2,0,19,5,4,GENERAL KOENIG (QUAI DU),0.0,,2,5,1,1,1,1,0,1,50,adult
201900008365,18,10,2019,0 days 17:45:00,1,53,53201,1,6,1,3,RD 900 VERS RENNES,"48,0763000"," -0,8419500",1,3,1,1949.0,5,8,-1,-1,B01,2,0,2,0,1,-1,3,576,0.0,,1,2,0,1,2,1,0,1,90,child
201900008365,18,10,2019,0 days 17:45:00,1,53,53201,1,6,1,3,RD 900 VERS RENNES,"48,0763000"," -0,8419500",1,1,1,1990.0,1,1,0,-1,B01,2,0,2,0,1,-1,3,576,0.0,,1,2,0,1,2,1,0,1,90,adult
201900008410,20,4,2019,0 days 17:30:00,1,46,46156,1,1,1,2,GRAND'RUE,"44,4716660","1,4786510",1,3,1,1952.0,5,8,0,-1,B01,2,0,2,4,2,0,3,653,0.0,,2,2,0,1,1,1,0,1,80,child
201900008410,20,4,2019,0 days 17:30:00,1,46,46156,1,1,1,2,GRAND'RUE,"44,4716660","1,4786510",1,1,2,1983.0,5,1,8,-1,B01,2,0,2,4,2,0,3,653,0.0,,2,2,0,1,1,1,0,1,80,adult
201900008416,18,4,2019,0 days 18:12:00,1,45,45286,2,3,1,3,AV GASTON GALLOUX - RUE DEMAY,"47,8852813","1,9244270",1,4,2,1957.0,1,8,0,-1,B01,2,0,2,1,0,5,4,AV GASTON GALLOUX,0.0,,3,5,1,1,1,1,0,1,50,child
201900008416,18,4,2019,0 days 18:12:00,1,45,45286,2,3,1,3,AV GASTON GALLOUX - RUE DEMAY,"47,8852813","1,9244270",1,1,1,1999.0,0,1,0,-1,B01,2,0,2,1,0,5,4,AV GASTON GALLOUX,0.0,,3,5,1,1,1,1,0,1,50,adult
201900008433,27,4,2019,0 days 08:05:00,1,42,42187,2,2,2,3,BELGIQUE (BOULEVARD DE ),"46,0459000","4,0745500",1,4,1,1953.0,5,1,8,-1,A01,2,0,2,1,19,5,4,BELGIQUE (BOULEVARD DE ),0.0,,2,2,2,2,1,2,5,1,50,child
201900008433,27,4,2019,0 days 08:05:00,1,42,42187,2,2,2,3,BELGIQUE (BOULEVARD DE ),"46,0459000","4,0745500",1,4,2,1983.0,1,2,0,-1,A01,2,0,2,1,19,5,4,BELGIQUE (BOULEVARD DE ),0.0,,2,2,2,2,1,2,5,1,50,adult
201900008459,24,4,2019,0 days 17:02:00,1,36,36159,1,1,1,2,ROUTE DE VARENNES,"46,7720800","1,7344000",1,1,2,1952.0,9,1,8,-1,B01,0,0,2,1,2,5,3,67,0.0,,2,2,0,1,1,1,0,1,50,child
201900008459,24,4,2019,0 days 17:02:00,1,36,36159,1,1,1,2,ROUTE DE VARENNES,"46,7720800","1,7344000",1,4,1,2000.0,5,2,8,-1,B01,0,0,2,1,2,5,3,67,0.0,,2,2,0,1,1,1,0,1,50,adult
201900008465,26,4,2019,0 days 09:10:00,1,35,35238,2,3,1,3,PLANCHES (DES),"48,0994900"," -1,6713400",1,4,1,1960.0,1,8,0,-1,B01,3,0,2,1,15,5,4,PLANCHES (DES),0.0,,2,1,2,1,1,1,0,1,30,child
201900008465,26,4,2019,0 days 09:10:00,1,35,35238,2,3,1,3,PLANCHES (DES),"48,0994900"," -1,6713400",1,1,1,1995.0,4,1,0,-1,B01,3,0,2,1,15,5,4,PLANCHES (DES),0.0,,2,1,2,1,1,1,0,1,30,adult
201900008478,21,4,2019,0 days 20:15:00,2,34,34172,2,9,1,3,PRES D'ARENES (AVENUE DES),"43,5918900","3,8811500",1,1,1,1946.0,5,1,0,-1,B01,1,0,2,1,1,5,4,PRES D'ARENES (AVENUE DES),0.0,,1,2,0,1,1,1,0,1,50,child
201900008478,21,4,2019,0 days 20:15:00,2,34,34172,2,9,1,3,PRES D'ARENES (AVENUE DES),"43,5918900","3,8811500",1,4,1,2007.0,5,8,0,-1,B01,1,0,2,1,1,5,4,PRES D'ARENES (AVENUE DES),0.0,,1,2,0,1,1,1,0,1,50,adult
201900008482,18,4,2019,0 days 09:40:00,1,34,34172,2,2,1,2,FLAHAULT (AVENUE CHARLES,"43,6237900","3,8620100",1,1,1,1957.0,5,1,8,-1,A01,1,0,2,1,1,6,4,FLAHAULT (AVENUE CHARLES,0.0,,2,4,0,1,1,1,5,1,50,child
201900008482,18,4,2019,0 days 09:40:00,1,34,34172,2,2,1,2,FLAHAULT (AVENUE CHARLES,"43,6237900","3,8620100",1,4,2,1998.0,2,2,8,-1,A01,1,0,2,1,1,6,4,FLAHAULT (AVENUE CHARLES,0.0,,2,4,0,1,1,1,5,1,50,adult
201900008494,12,4,2019,0 days 08:45:00,1,33,33063,2,1,1,3,RUE DE BREZETS,"44,8234400"," -0,5713000",1,1,1,1957.0,4,8,0,-1,B01,0,0,2,1,1,5,4,RUE DE BREZETS,0.0,,1,1,0,1,1,1,0,1,50,child
201900008494,12,4,2019,0 days 08:45:00,1,33,33063,2,1,1,3,RUE DE BREZETS,"44,8234400"," -0,5713000",1,4,1,2001.0,0,8,0,-1,B01,0,0,2,1,1,5,4,RUE DE BREZETS,0.0,,1,1,0,1,1,1,0,1,50,adult
201900008506,20,4,2019,0 days 11:30:00,1,31,31555,2,3,1,3,BD PIERRE PAUL RIQUET,"43,6050700","1,4566000",1,3,1,1947.0,5,8,4,-1,B01,3,0,2,8,19,5,4,BD PIERRE PAUL RIQUET,0.0,,1,2,0,1,1,1,0,1,50,child
201900008506,20,4,2019,0 days 11:30:00,1,31,31555,2,3,1,3,BD PIERRE PAUL RIQUET,"43,6050700","1,4566000",1,3,1,1985.0,9,1,8,-1,B01,3,0,2,8,19,5,4,BD PIERRE PAUL RIQUET,0.0,,1,2,0,1,1,1,0,1,50,adult
201900008527,23,4,2019,0 days 08:45:00,1,29,29019,2,1,1,1,DUVAL MARCELLIN (DE 22 A 78 ET 29 A 121),"48,4205423"," -4,4869022",1,1,2,1959.0,0,1,0,-1,B01,2,0,2,0,0,0,4,DUVAL MARCELLIN (DE 22 A 78 ET 29 A 121),0.0,,-1,0,0,2,1,1,0,1,50,child
201900008527,23,4,2019,0 days 08:45:00,1,29,29019,2,1,1,1,DUVAL MARCELLIN (DE 22 A 78 ET 29 A 121),"48,4205423"," -4,4869022",1,4,1,1981.0,0,8,0,-1,B01,2,0,2,0,0,0,4,DUVAL MARCELLIN (DE 22 A 78 ET 29 A 121),0.0,,-1,0,0,2,1,1,0,1,50,adult
201900008546,25,4,2019,0 days 04:50:00,5,21,21231,2,1,2,3,AUGUSTE MORIN GACON (PLACE),"47,3388800","5,0634600",1,4,1,1959.0,0,2,0,-1,B01,3,0,2,2,1,5,4,AUGUSTE MORIN GACON (PLACE),0.0,,1,2,0,1,2,2,0,1,50,child
201900008546,25,4,2019,0 days 04:50:00,5,21,21231,2,1,2,3,AUGUSTE MORIN GACON (PLACE),"47,3388800","5,0634600",1,1,2,1985.0,5,1,8,-1,B01,3,0,2,2,1,5,4,AUGUSTE MORIN GACON (PLACE),0.0,,1,2,0,1,2,2,0,1,50,adult
201900008584,2,6,2019,0 days 14:40:00,1,8,08122,1,2,1,3,RD8051,"50,1221160","4,7929370",1,2,1,1979.0,5,2,6,9,A01,1,0,2,8,15,5,3,8051,0.0,,2,2,3,2,1,1,0,1,80,child
201900008584,2,6,2019,0 days 14:40:00,1,8,08122,1,2,1,3,RD8051,"50,1221160","4,7929370",1,3,1,2005.0,5,0,-1,-1,A01,1,0,2,8,15,5,3,8051,0.0,,2,2,3,2,1,1,0,1,80,adult
201900008663,2,6,2019,0 days 16:45:00,1,69,69043,2,6,1,3,Boulevard Philippe Reydllet,"45,7079060","4,7474220",1,1,1,1984.0,5,1,-1,-1,B01,0,0,0,9,2,5,4,,,,2,1,2,2,1,1,0,1,50,child
201900008663,2,6,2019,0 days 16:45:00,1,69,69043,2,6,1,3,Boulevard Philippe Reydllet,"45,7079060","4,7474220",1,4,1,2006.0,5,0,-1,-1,B01,0,0,0,9,2,5,4,,,,2,1,2,2,1,1,0,1,50,adult
201900008732,31,5,2019,0 days 08:50:00,1,45,45096,1,2,1,1,D44 - D56,"47,7718160","2,6072210",1,3,1,1942.0,5,8,-1,-1,B01,1,0,2,3,1,5,3,44,0.0,,2,2,0,1,1,1,5,1,80,child
201900008732,31,5,2019,0 days 08:50:00,1,45,45096,1,2,1,1,D44 - D56,"47,7718160","2,6072210",1,1,1,1984.0,5,8,-1,-1,B01,1,0,2,3,1,5,3,44,0.0,,2,2,0,1,1,1,5,1,80,adult
201900008736,9,6,2019,0 days 09:00:00,1,77,77437,2,2,1,3,D9 X RUE DE L'INTE,"49,0357400","2,7959800",1,4,1,1933.0,5,2,-1,-1,B01,3,0,2,8,0,5,3,9,,,2,2,0,3,1,1,5,1,50,child
201900008736,9,6,2019,0 days 09:00:00,1,77,77437,2,2,1,3,D9 X RUE DE L'INTE,"49,0357400","2,7959800",1,1,2,1955.0,3,1,-1,-1,B01,3,0,2,8,0,5,3,9,,,2,2,0,3,1,1,5,1,50,adult
201900008778,8,8,2019,0 days 16:35:00,1,67,67482,2,1,1,2,AUBERGE DE JEUNESSE (RUE DE L ),"48,5745400","7,7180400",1,1,1,1946.0,5,1,8,-1,B01,2,0,2,1,1,5,4,AUBERGE DE JEUNESSE (RUE DE L ),0.0,,1,1,1,1,1,1,2,1,20,child
201900008778,8,8,2019,0 days 16:35:00,1,67,67482,2,1,1,2,AUBERGE DE JEUNESSE (RUE DE L ),"48,5745400","7,7180400",1,4,2,1974.0,1,8,0,-1,B01,2,0,2,1,1,5,4,AUBERGE DE JEUNESSE (RUE DE L ),0.0,,1,1,1,1,1,1,2,1,20,adult
201900008792,9,8,2019,0 days 11:00:00,1,64,64445,2,1,1,3,ALSACE LORRAINE D',"43,3056600"," -0,3759100",1,1,1,1934.0,5,1,0,-1,B01,3,0,2,8,26,5,4,ALSACE LORRAINE D',0.0,,2,2,0,1,1,1,9,1,50,child
201900008792,9,8,2019,0 days 11:00:00,1,64,64445,2,1,1,3,ALSACE LORRAINE D',"43,3056600"," -0,3759100",1,3,1,1988.0,5,8,0,-1,B01,3,0,2,8,26,5,4,ALSACE LORRAINE D',0.0,,2,2,0,1,1,1,9,1,50,adult
201900008802,26,7,2019,0 days 16:00:00,1,62,62510,2,6,1,3,LECLERC (AV DU MARECHAL),"50,4229300","2,7772000",1,1,2,1956.0,5,1,8,-1,B01,2,0,2,7,19,5,3,58,0.0,,1,4,0,1,1,1,0,1,50,child
201900008802,26,7,2019,0 days 16:00:00,1,62,62510,2,6,1,3,LECLERC (AV DU MARECHAL),"50,4229300","2,7772000",1,3,1,2004.0,5,8,0,-1,B01,2,0,2,7,19,5,3,58,0.0,,1,4,0,1,1,1,0,1,50,adult
201900008811,10,8,2019,0 days 13:45:00,1,59,59043,2,1,1,2,LILLE (ROUTE DE),"50,7272500","2,7544500",1,3,1,1976.0,5,2,0,-1,B01,2,0,2,4,2,5,3,933,0.0,,2,2,2,1,1,1,0,3,50,child
201900008811,10,8,2019,0 days 13:45:00,1,59,59043,2,1,1,2,LILLE (ROUTE DE),"50,7272500","2,7544500",1,1,1,2001.0,1,1,0,-1,B01,2,0,2,4,2,5,3,933,0.0,,2,2,2,1,1,1,0,3,50,adult
201900008819,9,8,2019,0 days 12:05:00,1,51,51454,2,4,1,3,RUE DE COURCELLES,"49,2620417","4,0181028",1,1,1,1977.0,4,1,8,-1,B01,3,0,2,8,15,5,4,RUE DE COURCELLES,0.0,,2,2,0,1,2,1,0,1,50,child
201900008819,9,8,2019,0 days 12:05:00,1,51,51454,2,4,1,3,RUE DE COURCELLES,"49,2620417","4,0181028",1,4,1,2001.0,9,8,8,-1,B01,3,0,2,8,15,5,4,RUE DE COURCELLES,0.0,,2,2,0,1,2,1,0,1,50,adult
201900008829,7,8,2019,0 days 08:45:00,1,44,44109,2,1,1,1,BRANDT ( PONT WILLY ),"47,2106200"," -1,5356900",1,4,1,1972.0,0,2,0,-1,B01,1,0,2,1,1,5,4,,0.0,,-1,0,1,1,1,1,0,1,30,child
201900008829,7,8,2019,0 days 08:45:00,1,44,44109,2,1,1,1,BRANDT ( PONT WILLY ),"47,2106200"," -1,5356900",1,4,1,1994.0,0,2,0,-1,B01,1,0,2,1,1,5,4,,0.0,,-1,0,1,1,1,1,0,1,30,adult
201900008844,7,8,2019,0 days 13:45:00,1,33,33063,2,3,1,3,R. Elisée Reclus / R. Dufau,"44,8372690"," -0,5806040",1,1,1,1958.0,0,8,0,-1,B01,2,0,2,1,1,5,4,RUE ELISEE RECLUS,0.0,,1,1,0,1,1,1,0,1,50,child
201900008844,7,8,2019,0 days 13:45:00,1,33,33063,2,3,1,3,R. Elisée Reclus / R. Dufau,"44,8372690"," -0,5806040",2,1,2,1961.0,0,8,0,-1,B01,2,0,2,1,1,5,4,RUE ELISEE RECLUS,0.0,,1,1,0,1,1,1,0,1,50,adult
201900008844,7,8,2019,0 days 13:45:00,1,33,33063,2,3,1,3,R. Elisée Reclus / R. Dufau,"44,8372690"," -0,5806040",1,3,2,1999.0,0,8,0,-1,B01,2,0,2,1,1,5,4,RUE ELISEE RECLUS,0.0,,1,1,0,1,1,1,0,1,50,adult
201900008914,7,8,2019,0 days 09:00:00,1,5,05023,2,1,1,1,SOIE (RUE DE LA),"44,8941400","6,6353800",2,1,1,1953.0,5,1,0,-1,B01,1,0,2,1,1,5,4,SOIE (RUE DE LA),0.0,,2,2,0,1,2,1,0,1,50,child
201900008914,7,8,2019,0 days 09:00:00,1,5,05023,2,1,1,1,SOIE (RUE DE LA),"44,8941400","6,6353800",1,1,2,1960.0,5,1,0,-1,B01,1,0,2,1,1,5,4,SOIE (RUE DE LA),0.0,,2,2,0,1,2,1,0,1,50,adult