Num_Acc,jour,mois,an,hrmn,lum,dep,com,agg,int,atm,col,adr,lat,long,catu,grav,sexe,an_nais,trajet,secu1,secu2,secu3,num_veh_y,senc,obs,obsm,choc,manv,motor,catr,voie,v1,v2,circ,nbv,vosp,prof,plan,surf,infra,situ,vma,age
201900008914,7,8,2019,0 days 09:00:00,1,5,05023,2,1,1,1,SOIE (RUE DE LA),"44,8941400","6,6353800",1,4,1,1973.0,5,2,-1,-1,B01,1,0,2,1,1,5,4,SOIE (RUE DE LA),0.0,,2,2,0,1,2,1,0,1,50,adult
201900008914,7,8,2019,0 days 09:00:00,1,5,05023,2,1,1,1,SOIE (RUE DE LA),"44,8941400","6,6353800",2,1,2,2005.0,5,1,0,-1,B01,1,0,2,1,1,5,4,SOIE (RUE DE LA),0.0,,2,2,0,1,2,1,0,1,50,adult
201900008943,23,11,2019,0 days 16:50:00,2,34,34172,2,9,1,3,GOSSEC (RUE FRANCOIS-JOSEPH),"43,5751200","3,8597400",1,4,1,1974.0,0,8,0,-1,A01,2,0,2,6,26,6,3,132,0.0,,-1,2,0,1,3,1,0,1,50,child
201900008943,23,11,2019,0 days 16:50:00,2,34,34172,2,9,1,3,GOSSEC (RUE FRANCOIS-JOSEPH),"43,5751200","3,8597400",1,1,1,1998.0,0,1,0,-1,A01,2,0,2,6,26,6,3,132,0.0,,-1,2,0,1,3,1,0,1,50,adult
201900008950,22,11,2019,0 days 11:47:00,1,10,10362,2,3,1,1,VOIE DE CORPS (CHEMIN),"48,2906800","4,0198400",1,1,1,1944.0,5,1,8,-1,B01,3,0,2,8,9,6,4,VOIE DE CORPS (CHEMIN),0.0,,2,2,0,1,1,1,0,1,50,child
201900008950,22,11,2019,0 days 11:47:00,1,10,10362,2,3,1,1,VOIE DE CORPS (CHEMIN),"48,2906800","4,0198400",1,4,1,2004.0,2,8,0,-1,B01,3,0,2,8,9,6,4,VOIE DE CORPS (CHEMIN),0.0,,2,2,0,1,1,1,0,1,50,adult
201900009008,23,11,2019,0 days 16:00:00,1,973,97309,2,3,1,3,Rue Cannelier,"4,8931990"," -52,2873170",1,1,1,1950.0,5,1,-1,-1,B01,3,0,2,3,5,5,4,,,,2,2,0,1,1,1,0,1,50,child
201900009008,23,11,2019,0 days 16:00:00,1,973,97309,2,3,1,3,Rue Cannelier,"4,8931990"," -52,2873170",1,3,1,2008.0,5,0,-1,-1,B01,3,0,2,3,5,5,4,,,,2,2,0,1,1,1,0,1,50,adult
201900009038,8,10,2019,0 days 08:55:00,1,83,83129,2,9,1,3,CLAUDE POMPIDOU,"43,0935000","5,8449100",1,1,2,1941.0,5,1,8,-1,B01,3,0,2,9,1,5,3,559,0.0,,1,1,0,1,2,1,5,1,50,child
201900009038,8,10,2019,0 days 08:55:00,1,83,83129,2,9,1,3,CLAUDE POMPIDOU,"43,0935000","5,8449100",1,3,2,1963.0,5,2,8,-1,B01,3,0,2,9,1,5,3,559,0.0,,1,1,0,1,2,1,5,1,50,adult
201900009104,22,11,2019,0 days 08:05:00,2,45,45234,2,3,8,3,R A SAVARY - R ST FIACRE,"47,8905900","1,9099800",1,1,1,1973.0,1,1,0,-1,B01,3,0,2,8,1,5,4,RUE SAINT FIACRE,0.0,,2,2,0,1,1,2,0,1,50,child
201900009104,22,11,2019,0 days 08:05:00,2,45,45234,2,3,8,3,R A SAVARY - R ST FIACRE,"47,8905900","1,9099800",1,4,2,2005.0,2,2,0,-1,B01,3,0,2,8,1,5,4,RUE SAINT FIACRE,0.0,,2,2,0,1,1,2,0,1,50,adult
201900009105,22,11,2019,0 days 07:55:00,5,45,45234,2,1,1,1,RUE DU NECOTIN - COLLEGE J ROSTAND,"47,9171656","1,9375136",1,1,2,1967.0,1,1,0,-1,B01,2,0,2,3,15,5,4,RUE DU NECOTIN,0.0,,2,2,0,1,1,2,0,1,50,child
201900009105,22,11,2019,0 days 07:55:00,5,45,45234,2,1,1,1,RUE DU NECOTIN - COLLEGE J ROSTAND,"47,9171656","1,9375136",1,4,1,2007.0,2,8,0,-1,B01,2,0,2,3,15,5,4,RUE DU NECOTIN,0.0,,2,2,0,1,1,2,0,1,50,adult
201900009140,5,7,2019,0 days 11:25:00,1,72,72181,2,1,1,3,BREGUET LOUIS (RUE),"47,9763500","0,1672600",1,3,1,1943.0,5,8,0,-1,A01,3,0,2,1,15,5,4,BREGUET LOUIS (RUE),0.0,,2,2,2,1,1,1,0,1,50,child
201900009140,5,7,2019,0 days 11:25:00,1,72,72181,2,1,1,3,BREGUET LOUIS (RUE),"47,9763500","0,1672600",1,1,1,1971.0,4,1,0,-1,A01,3,0,2,1,15,5,4,BREGUET LOUIS (RUE),0.0,,2,2,2,1,1,1,0,1,50,adult
201900009140,5,7,2019,0 days 11:25:00,1,72,72181,2,1,1,3,BREGUET LOUIS (RUE),"47,9763500","0,1672600",2,1,1,1984.0,4,1,0,-1,A01,3,0,2,1,15,5,4,BREGUET LOUIS (RUE),0.0,,2,2,2,1,1,1,0,1,50,adult
201900009150,4,7,2019,0 days 12:20:00,1,68,68066,2,9,7,3,REY (AVENUE JOSEPH),"48,0957300","7,3777600",1,1,1,1976.0,1,1,8,-1,B01,2,0,2,1,9,5,4,REY (AVENUE JOSEPH),0.0,,1,0,0,1,1,1,0,1,50,child
201900009150,4,7,2019,0 days 12:20:00,1,68,68066,2,9,7,3,REY (AVENUE JOSEPH),"48,0957300","7,3777600",1,3,2,2004.0,5,2,0,-1,B01,2,0,2,1,9,5,4,REY (AVENUE JOSEPH),0.0,,1,0,0,1,1,1,0,1,50,adult
201900009151,4,7,2019,0 days 17:30:00,1,67,67482,2,3,1,3,PORTE DE L HOPITAL (RUE DE LA),"48,5768250","7,7497180",1,4,2,1964.0,0,8,0,-1,B01,2,0,2,1,1,2,4,PORTE DE L HOPITAL (RUE DE LA),0.0,,1,1,0,1,1,1,0,1,30,child
201900009151,4,7,2019,0 days 17:30:00,1,67,67482,2,3,1,3,PORTE DE L HOPITAL (RUE DE LA),"48,5768250","7,7497180",1,1,1,1999.0,5,1,8,-1,B01,2,0,2,1,1,2,4,PORTE DE L HOPITAL (RUE DE LA),0.0,,1,1,0,1,1,1,0,1,30,adult
201900009170,29,6,2019,0 days 08:30:00,1,56,56260,2,4,1,3,GUILLAUDOT (BD DU GAL MAURICE),"47,6670500"," -2,7448200",1,4,1,1962.0,1,2,8,-1,B01,2,0,2,1,1,5,4,GUILLAUDOT (BD DU GAL MAURICE),0.0,,2,2,0,2,1,1,0,1,50,child
201900009170,29,6,2019,0 days 08:30:00,1,56,56260,2,4,1,3,GUILLAUDOT (BD DU GAL MAURICE),"47,6670500"," -2,7448200",1,1,1,1996.0,5,1,0,-1,B01,2,0,2,1,1,5,4,GUILLAUDOT (BD DU GAL MAURICE),0.0,,2,2,0,2,1,1,0,1,50,adult
201900009206,3,7,2019,0 days 19:20:00,1,38,38053,2,3,1,3,MARRONNIERS (AV),"45,5921490","5,2634339",1,3,1,1944.0,5,2,4,-1,B01,1,0,2,7,26,5,4,MARRONNIERS (AV),0.0,,2,2,0,1,1,1,9,3,50,child
201900009206,3,7,2019,0 days 19:20:00,1,38,38053,2,3,1,3,MARRONNIERS (AV),"45,5921490","5,2634339",1,1,1,1998.0,5,1,0,-1,B01,1,0,2,7,26,5,4,MARRONNIERS (AV),0.0,,2,2,0,1,1,1,9,3,50,adult
201900009227,6,7,2019,0 days 10:45:00,1,33,33063,2,1,1,6,BRANDENBURG (BD ALBERT),"44,8757700"," -0,5474800",1,4,1,1947.0,5,2,0,-1,B01,2,0,0,0,0,5,4,BRANDENBURG (BD ALBERT),0.0,,2,4,2,1,1,2,0,1,50,child
201900009227,6,7,2019,0 days 10:45:00,1,33,33063,2,1,1,6,BRANDENBURG (BD ALBERT),"44,8757700"," -0,5474800",1,1,1,1990.0,5,1,0,-1,B01,2,0,0,0,0,5,4,BRANDENBURG (BD ALBERT),0.0,,2,4,2,1,1,2,0,1,50,adult
201900009263,6,7,2019,0 days 07:40:00,1,17,17300,2,1,1,3,LAVENUE   RUE RAYMOND,"46,1730300"," -1,2199700",1,4,1,1966.0,0,2,0,-1,B01,0,0,2,8,11,5,4,LAVENUE   RUE RAYMOND,0.0,,2,2,0,1,3,1,0,1,50,child
201900009263,6,7,2019,0 days 07:40:00,1,17,17300,2,1,1,3,LAVENUE   RUE RAYMOND,"46,1730300"," -1,2199700",1,1,2,1995.0,1,1,0,-1,B01,0,0,2,8,11,5,4,LAVENUE   RUE RAYMOND,0.0,,2,2,0,1,3,1,0,1,50,adult
201900009273,4,7,2019,0 days 07:40:00,1,14,14118,2,6,1,3,DEBARQUEMENT (ROND POINT DU ),"49,2028300"," -0,3919700",1,1,1,1945.0,-1,1,-1,-1,B01,1,0,0,7,1,-1,3,401,,,2,-1,-1,1,1,1,5,1,-1,child
201900009273,4,7,2019,0 days 07:40:00,1,14,14118,2,6,1,3,DEBARQUEMENT (ROND POINT DU ),"49,2028300"," -0,3919700",1,4,1,1970.0,-1,0,-1,-1,B01,1,0,0,7,1,-1,3,401,,,2,-1,-1,1,1,1,5,1,-1,adult
201900009294,15,12,2019,0 days 18:50:00,3,31,31555,2,1,1,3,RUE MONTMORENCY,"43,6131000","1,4289000",1,3,1,1960.0,9,2,8,-1,B01,2,0,2,1,15,5,4,,0.0,,2,2,0,1,1,1,0,1,50,child
201900009294,15,12,2019,0 days 18:50:00,3,31,31555,2,1,1,3,RUE MONTMORENCY,"43,6131000","1,4289000",1,1,1,1988.0,0,1,8,-1,B01,2,0,2,1,15,5,4,,0.0,,2,2,0,1,1,1,0,1,50,adult
201900009328,2,12,2019,0 days 18:00:00,5,6,06069,2,3,1,3,CHENES (CHEMIN DES),"43,6408320","6,9171780",1,1,1,1973.0,0,1,0,-1,B01,1,0,2,1,1,5,4,CHENES (CHEMIN DES),0.0,,2,2,0,2,1,1,0,1,50,child
201900009328,2,12,2019,0 days 18:00:00,5,6,06069,2,3,1,3,CHENES (CHEMIN DES),"43,6408320","6,9171780",1,4,1,2002.0,0,8,0,-1,B01,1,0,2,1,1,5,4,CHENES (CHEMIN DES),0.0,,2,2,0,2,1,1,0,1,50,adult
201900009403,6,12,2019,0 days 08:00:00,2,33,33069,2,2,1,6,AVE DE TIVOLI,"44,8572700"," -0,5912300",1,1,2,1970.0,0,8,0,-1,B01,1,0,2,0,1,5,4,AVE DE TIVOLI,0.0,,-1,2,0,1,1,1,0,1,50,child
201900009403,6,12,2019,0 days 08:00:00,2,33,33069,2,2,1,6,AVE DE TIVOLI,"44,8572700"," -0,5912300",1,4,2,1995.0,0,8,0,-1,B01,1,0,2,0,1,5,4,AVE DE TIVOLI,0.0,,-1,2,0,1,1,1,0,1,50,adult
201900009440,18,10,2019,0 days 07:00:00,1,33,33281,1,2,1,3,AVE MARCEL DASSAULT,"44,8457500"," -0,7252900",1,1,2,1965.0,1,1,0,-1,B01,2,0,2,0,1,5,4,AVE MARCEL DASSAULT,0.0,,2,5,2,1,1,1,0,1,80,child
201900009440,18,10,2019,0 days 07:00:00,1,33,33281,1,2,1,3,AVE MARCEL DASSAULT,"44,8457500"," -0,7252900",1,4,1,1986.0,1,8,0,-1,B01,2,0,2,0,1,5,4,AVE MARCEL DASSAULT,0.0,,2,5,2,1,1,1,0,1,80,adult
201900009468,17,9,2019,0 days 18:30:00,1,62,62869,1,1,1,1,rue de Dainville,"50,2461580","2,7213490",1,1,2,1968.0,0,1,-1,-1,A01,0,0,0,1,13,5,4,,,,2,2,0,2,4,1,0,1,80,child
201900009468,17,9,2019,0 days 18:30:00,1,62,62869,1,1,1,1,rue de Dainville,"50,2461580","2,7213490",1,3,1,2003.0,2,0,-1,-1,A01,0,0,0,1,13,5,4,,,,2,2,0,2,4,1,0,1,80,adult
201900009486,16,9,2019,0 days 13:30:00,1,36,36088,2,2,1,3,RUE FERDINAND DE LESSEPS/RUE BASSE ST DENIS,"46,9599830","1,9884280",1,1,1,1965.0,1,1,-1,-1,A01,1,0,2,1,19,5,4,,,,2,2,0,2,1,1,0,1,50,child
201900009486,16,9,2019,0 days 13:30:00,1,36,36088,2,2,1,3,RUE FERDINAND DE LESSEPS/RUE BASSE ST DENIS,"46,9599830","1,9884280",1,3,1,2008.0,2,0,-1,-1,A01,1,0,2,1,19,5,4,,,,2,2,0,2,1,1,0,1,50,adult
201900009501,10,9,2019,0 days 12:35:00,1,69,69074,1,2,1,3,D19/D44,"46,0084100","4,6368640",1,3,1,1946.0,5,2,-1,-1,A01,0,0,2,1,1,5,3,44,,,2,2,0,2,1,1,0,1,80,child
201900009501,10,9,2019,0 days 12:35:00,1,69,69074,1,2,1,3,D19/D44,"46,0084100","4,6368640",1,1,2,1970.0,4,1,-1,-1,A01,0,0,2,1,1,5,3,44,,,2,2,0,2,1,1,0,1,80,adult
201900009533,13,9,2019,0 days 19:55:00,2,81,81244,2,2,1,3,PARC (AVENUE DU),"44,0475440","2,1333200",1,1,1,1953.0,9,1,8,-1,A01,3,0,2,1,1,6,4,PARC (AVENUE DU),0.0,,2,0,0,2,1,1,0,1,50,child
201900009533,13,9,2019,0 days 19:55:00,2,81,81244,2,2,1,3,PARC (AVENUE DU),"44,0475440","2,1333200",1,3,1,2007.0,5,8,0,-1,A01,3,0,2,1,1,6,4,PARC (AVENUE DU),0.0,,2,0,0,2,1,1,0,1,50,adult
201900009538,15,9,2019,0 days 15:35:00,1,64,64445,2,1,1,3,MONTARDON DE,"43,3262800"," -0,3684300",1,1,2,1946.0,5,1,0,-1,B01,1,0,2,1,1,5,4,MONTARDON DE,0.0,,2,2,0,1,1,1,0,1,50,child
201900009538,15,9,2019,0 days 15:35:00,1,64,64445,2,1,1,3,MONTARDON DE,"43,3262800"," -0,3684300",1,4,1,1973.0,5,8,0,-1,B01,1,0,2,1,1,5,4,MONTARDON DE,0.0,,2,2,0,1,1,1,0,1,50,adult
201900009577,15,9,2019,0 days 10:00:00,1,92,92073,2,1,1,6,DUCLAUX (RUE EMILE),"48,8781400","2,2361500",3,3,1,1956.0,5,0,0,-1,A01,1,0,1,1,2,5,7,DUCLAUX (RUE EMILE),0.0,,1,2,2,1,1,1,0,1,30,child
201900009577,15,9,2019,0 days 10:00:00,1,92,92073,2,1,1,6,DUCLAUX (RUE EMILE),"48,8781400","2,2361500",1,4,1,1984.0,5,2,8,-1,A01,1,0,1,1,2,5,7,DUCLAUX (RUE EMILE),0.0,,1,2,2,1,1,1,0,1,30,adult
201900009745,23,3,2019,0 days 16:08:00,1,65,65080,2,1,1,3,38 Rue du Pic du Midi,"43,1520360","0,0243990",1,3,1,1959.0,5,2,-1,-1,B01,1,0,2,8,1,5,3,7,0.0,,2,2,0,1,4,1,0,1,50,child
201900009745,23,3,2019,0 days 16:08:00,1,65,65080,2,1,1,3,38 Rue du Pic du Midi,"43,1520360","0,0243990",1,1,1,1984.0,4,1,-1,-1,B01,1,0,2,8,1,5,3,7,0.0,,2,2,0,1,4,1,0,1,50,adult
201900009774,25,3,2019,0 days 17:07:00,1,2,02478,2,3,1,3,Rue des Champs Druant,"49,5166540","3,5039720",1,1,1,1959.0,1,1,-1,-1,A01,3,0,2,1,19,5,3,510,,,2,2,0,1,1,1,0,1,50,child
201900009774,25,3,2019,0 days 17:07:00,1,2,02478,2,3,1,3,Rue des Champs Druant,"49,5166540","3,5039720",1,3,1,2011.0,5,2,-1,-1,A01,3,0,2,1,19,5,3,510,,,2,2,0,1,1,1,0,1,50,adult
201900009820,26,3,2019,0 days 17:20:00,1,17,17256,1,1,1,1,CD 129,"45,8586260"," -0,4619560",1,2,1,1936.0,5,2,-1,-1,B01,1,0,2,1,1,5,3,129,,,2,2,0,1,1,1,0,1,80,child
201900009820,26,3,2019,0 days 17:20:00,1,17,17256,1,1,1,1,CD 129,"45,8586260"," -0,4619560",1,1,1,1988.0,1,1,-1,-1,B01,1,0,2,1,1,5,3,129,,,2,2,0,1,1,1,0,1,80,adult
201900009889,8,2,2019,0 days 08:45:00,1,973,97312,1,1,1,3,RN1 - PK 110+300,"5,3462575"," -52,9347897",2,1,2,1958.0,5,1,-1,-1,B01,2,0,2,9,13,5,2,1,,,2,2,0,1,1,1,0,1,80,child
201900009889,8,2,2019,0 days 08:45:00,1,973,97312,1,1,1,3,RN1 - PK 110+300,"5,3462575"," -52,9347897",2,1,2,1978.0,5,1,-1,-1,B01,2,0,2,9,13,5,2,1,,,2,2,0,1,1,1,0,1,80,adult
201900009889,8,2,2019,0 days 08:45:00,1,973,97312,1,1,1,3,RN1 - PK 110+300,"5,3462575"," -52,9347897",1,1,1,1993.0,5,1,-1,-1,B01,2,0,2,9,13,5,2,1,,,2,2,0,1,1,1,0,1,80,adult
201900009889,8,2,2019,0 days 08:45:00,1,973,97312,1,1,1,3,RN1 - PK 110+300,"5,3462575"," -52,9347897",1,2,1,1998.0,5,0,-1,-1,B01,2,0,2,9,13,5,2,1,,,2,2,0,1,1,1,0,1,80,adult
201900009960,8,2,2019,0 days 11:00:00,1,59,59363,1,1,6,3,D934,"50,2129370","3,6412780",1,3,1,1953.0,0,0,-1,-1,B01,1,0,2,8,2,0,3,934,0.0,D,2,2,0,3,1,1,0,1,80,child
201900009960,8,2,2019,0 days 11:00:00,1,59,59363,1,1,6,3,D934,"50,2129370","3,6412780",1,1,1,1983.0,4,1,-1,-1,B01,1,0,2,8,2,0,3,934,0.0,D,2,2,0,3,1,1,0,1,80,adult
201900010043,18,10,2019,0 days 14:15:00,1,33,33069,2,6,1,1,VOIE LIAISON LAMARTINE PRESSENCE,"44,8635800"," -0,6063100",1,1,1,1944.0,0,1,0,-1,B01,1,0,0,0,15,5,4,RUE LAMARTINE,0.0,,2,2,0,1,1,1,0,1,30,child
201900010043,18,10,2019,0 days 14:15:00,1,33,33069,2,6,1,1,VOIE LIAISON LAMARTINE PRESSENCE,"44,8635800"," -0,6063100",1,4,2,1994.0,0,2,0,-1,B01,1,0,0,0,15,5,4,RUE LAMARTINE,0.0,,2,2,0,1,1,1,0,1,30,adult
201900010059,18,10,2019,0 days 16:45:00,1,13,13208,2,3,1,3,PRADO (AVENUE DU),"43,2741200","5,3904900",1,1,1,1960.0,0,8,0,-1,B01,0,0,0,0,0,0,4,PRADO (AVENUE DU),0.0,,2,6,3,1,1,1,0,1,50,child
201900010059,18,10,2019,0 days 16:45:00,1,13,13208,2,3,1,3,PRADO (AVENUE DU),"43,2741200","5,3904900",1,4,1,2002.0,5,8,0,-1,B01,0,0,0,0,0,0,4,PRADO (AVENUE DU),0.0,,2,6,3,1,1,1,0,1,50,adult
201900010081,18,10,2019,0 days 18:30:00,2,75,75111,2,1,1,3,BOULEVARD VOLTAIRE,"48,8550120","2,3848330",1,1,2,1948.0,5,1,8,-1,B01,2,0,2,1,1,5,4,BOULEVARD VOLTAIRE,0.0,,2,2,1,1,1,1,0,5,30,child
201900010081,18,10,2019,0 days 18:30:00,2,75,75111,2,1,1,3,BOULEVARD VOLTAIRE,"48,8550120","2,3848330",1,4,1,1996.0,9,8,0,-1,B01,2,0,2,1,1,5,4,BOULEVARD VOLTAIRE,0.0,,2,2,1,1,1,1,0,5,30,adult
201900010087,16,10,2019,0 days 19:55:00,5,75,75104,2,3,2,3,BOULEVARD DE SEBASTOPOL,"48,8612120","2,3497250",1,1,1,1965.0,1,1,0,-1,B01,1,0,2,2,1,5,4,BOULEVARD DE SEBASTOPOL,0.0,,2,2,1,1,1,2,0,5,50,child
201900010087,16,10,2019,0 days 19:55:00,5,75,75104,2,3,2,3,BOULEVARD DE SEBASTOPOL,"48,8612120","2,3497250",1,4,1,1999.0,0,8,2,-1,B01,1,0,2,2,1,5,4,BOULEVARD DE SEBASTOPOL,0.0,,2,2,1,1,1,2,0,5,50,adult
201900010109,17,10,2019,0 days 20:00:00,5,92,92048,2,1,8,6,PARIS (RUE DE) N° 1 A 15BIS,"48,8167700","2,2478500",3,4,2,1958.0,3,8,0,-1,A01,2,0,1,1,1,5,4,PARIS (RUE DE) N° 1 A 15BIS,0.0,,2,2,0,2,1,1,0,1,50,child
201900010109,17,10,2019,0 days 20:00:00,5,92,92048,2,1,8,6,PARIS (RUE DE) N° 1 A 15BIS,"48,8167700","2,2478500",1,4,1,2001.0,5,8,0,-1,A01,2,0,1,1,1,5,4,PARIS (RUE DE) N° 1 A 15BIS,0.0,,2,2,0,2,1,1,0,1,50,adult
201900010212,15,10,2019,0 days 15:58:00,1,76,76402,2,2,1,6, (ROUTE DE DIEPPE),"49,5283600","1,0416800",3,3,2,1961.0,5,8,0,-1,A01,0,0,1,1,25,5,3,927,0.0,,2,2,0,1,1,2,0,4,50,child
201900010212,15,10,2019,0 days 15:58:00,1,76,76402,2,2,1,6, (ROUTE DE DIEPPE),"49,5283600","1,0416800",1,1,1,2000.0,1,8,0,-1,A01,0,0,1,1,25,5,3,927,0.0,,2,2,0,1,1,2,0,4,50,adult
201900010215,17,10,2019,0 days 19:37:00,5,74,74093,2,1,2,3,CROISEE (DE LA),"45,8955490","6,1121450",1,4,1,1947.0,0,2,8,-1,B01,1,0,2,2,0,0,4,CROISEE (DE LA),0.0,,2,2,1,1,1,2,0,1,50,child
201900010215,17,10,2019,0 days 19:37:00,5,74,74093,2,1,2,3,CROISEE (DE LA),"45,8955490","6,1121450",1,1,1,1971.0,1,1,8,-1,B01,1,0,2,2,0,0,4,CROISEE (DE LA),0.0,,2,2,1,1,1,2,0,1,50,adult
201900010305,19,6,2019,0 days 17:20:00,1,48,48198,2,1,1,1,Avenue de la Gare,"44,4392620","3,9216350",1,3,2,1968.0,5,2,-1,-1,B01,2,0,2,1,2,2,3,66,,,2,2,0,2,4,1,2,1,50,child
201900010305,19,6,2019,0 days 17:20:00,1,48,48198,2,1,1,1,Avenue de la Gare,"44,4392620","3,9216350",1,1,1,2002.0,5,2,-1,-1,B01,2,0,2,1,2,2,3,66,,,2,2,0,2,4,1,2,1,50,adult
201900010314,5,6,2019,0 days 08:45:00,1,34,34143,1,3,7,2,Route de Villeveyrac,"43,4568948","3,6105155",1,3,1,1948.0,5,2,-1,-1,B01,3,0,2,4,15,5,3,158,0.0,E,2,2,0,2,1,1,9,1,70,child
201900010314,5,6,2019,0 days 08:45:00,1,34,34143,1,3,7,2,Route de Villeveyrac,"43,4568948","3,6105155",1,3,1,1999.0,9,2,-1,-1,B01,3,0,2,4,15,5,3,158,0.0,E,2,2,0,2,1,1,9,1,70,adult
201900010327,22,4,2019,0 days 14:55:00,1,11,11262,2,6,1,3,MARCORIGNAN (ROUTE DE),"43,1894200","2,9851000",1,1,1,1939.0,0,1,8,-1,B01,3,0,2,7,1,0,4,MARCORIGNAN (ROUTE DE),0.0,,1,2,0,1,2,1,0,1,50,child
201900010327,22,4,2019,0 days 14:55:00,1,11,11262,2,6,1,3,MARCORIGNAN (ROUTE DE),"43,1894200","2,9851000",1,4,2,1963.0,0,8,0,-1,B01,3,0,2,7,1,0,4,MARCORIGNAN (ROUTE DE),0.0,,1,2,0,1,2,1,0,1,50,adult
201900010333,23,4,2019,0 days 15:15:00,1,11,11069,2,3,1,3,VARSOVIE -BD-,"43,2148400","2,3473300",1,1,1,1942.0,5,1,0,-1,A01,2,0,0,0,3,5,4,VARSOVIE -BD-,0.0,,1,2,0,1,1,1,0,1,50,child
201900010333,23,4,2019,0 days 15:15:00,1,11,11069,2,3,1,3,VARSOVIE -BD-,"43,2148400","2,3473300",1,3,1,1993.0,0,2,0,-1,A01,2,0,0,0,3,5,4,VARSOVIE -BD-,0.0,,1,2,0,1,1,1,0,1,50,adult
201900010336,19,6,2019,0 days 09:15:00,1,83,83035,1,1,1,2,,"43,2028100","5,7757450",1,1,1,1941.0,5,1,-1,-1,A01,2,0,0,4,2,5,3,66,0.0,D,2,2,0,1,1,1,0,1,80,child
201900010336,19,6,2019,0 days 09:15:00,1,83,83035,1,1,1,2,,"43,2028100","5,7757450",1,3,1,1979.0,5,2,-1,-1,A01,2,0,0,4,2,5,3,66,0.0,D,2,2,0,1,1,1,0,1,80,adult
201900010384,19,4,2019,0 days 17:25:00,1,6,06027,2,1,1,6,GARE AVENUE DE LA,"43,6545542","7,1453120",1,2,1,1936.0,9,8,0,-1,B01,1,0,2,8,3,5,7,(2085)    GARE AVENUE DE LA,0.0,,2,3,0,2,1,1,0,1,50,child
201900010384,19,4,2019,0 days 17:25:00,1,6,06027,2,1,1,6,GARE AVENUE DE LA,"43,6545542","7,1453120",1,1,2,1987.0,9,1,8,-1,B01,1,0,2,8,3,5,7,(2085)    GARE AVENUE DE LA,0.0,,2,3,0,2,1,1,0,1,50,adult
201900010403,8,6,2019,0 days 10:00:00,1,13,13073,1,3,1,1,intersection D 908 - D 8,"43,4017520","5,5648040",1,3,1,1941.0,5,2,6,9,B01,3,0,2,7,1,5,3,8,,,2,2,0,3,1,1,0,1,80,child
201900010403,8,6,2019,0 days 10:00:00,1,13,13073,1,3,1,1,intersection D 908 - D 8,"43,4017520","5,5648040",1,1,1,1964.0,4,8,-1,-1,B01,3,0,2,7,1,5,3,8,,,2,2,0,3,1,1,0,1,80,adult
201900010474,25,4,2019,0 days 19:40:00,1,75,75119,2,2,1,6,BOULEVARD DE LA VILLETTE,"48,8738250","2,3751100",3,4,2,1961.0,0,0,0,0,A01,1,0,1,1,1,5,4,BOULEVARD DE LA VILLETTE,0.0,,1,2,1,1,1,1,0,5,30,child
201900010474,25,4,2019,0 days 19:40:00,1,75,75119,2,2,1,6,BOULEVARD DE LA VILLETTE,"48,8738250","2,3751100",1,1,1,1989.0,0,2,0,-1,A01,1,0,1,1,1,5,4,BOULEVARD DE LA VILLETTE,0.0,,1,2,1,1,1,1,0,5,30,adult
201900010476,22,4,2019,0 days 17:20:00,1,75,75119,2,3,1,3,RUE LALLY TOLLENDAL,"48,8828500","2,3745430",1,4,1,1954.0,5,2,6,-1,A01,1,0,2,8,5,5,4,RUE LALLY TOLLENDAL,0.0,,1,1,0,1,3,1,0,1,30,child
201900010476,22,4,2019,0 days 17:20:00,1,75,75119,2,3,1,3,RUE LALLY TOLLENDAL,"48,8828500","2,3745430",2,4,2,1978.0,5,2,6,-1,A01,1,0,2,8,5,5,4,RUE LALLY TOLLENDAL,0.0,,1,1,0,1,3,1,0,1,30,adult
201900010476,22,4,2019,0 days 17:20:00,1,75,75119,2,3,1,3,RUE LALLY TOLLENDAL,"48,8828500","2,3745430",1,1,1,2001.0,5,2,0,-1,A01,1,0,2,8,5,5,4,RUE LALLY TOLLENDAL,0.0,,1,1,0,1,3,1,0,1,30,adult
201900010491,28,5,2019,0 days 06:25:00,2,67,67067,1,1,1,3,CD 30 PK 29+300,"48,7145820","7,6901590",1,1,1,1963.0,1,1,-1,-1,A01,1,0,0,8,2,5,3,30,,,2,2,0,3,1,1,0,1,80,child
201900010491,28,5,2019,0 days 06:25:00,2,67,67067,1,1,1,3,CD 30 PK 29+300,"48,7145820","7,6901590",1,4,1,1990.0,1,2,4,-1,A01,1,0,0,8,2,5,3,30,,,2,2,0,3,1,1,0,1,80,adult
201900010501,25,4,2019,0 days 19:25:00,1,75,75117,2,1,1,3,BOULEVARD DE REIMS,"48,8911240","2,2992230",1,1,1,1959.0,5,1,0,-1,A01,3,0,2,8,19,5,4,BOULEVARD DE REIMS,0.0,,1,1,0,1,1,1,0,1,30,child
201900010501,25,4,2019,0 days 19:25:00,1,75,75117,2,1,1,3,BOULEVARD DE REIMS,"48,8911240","2,2992230",1,4,2,1992.0,5,2,0,-1,A01,3,0,2,8,19,5,4,BOULEVARD DE REIMS,0.0,,1,1,0,1,1,1,0,1,30,adult
201900010592,2,6,2019,0 days 11:10:00,1,1,01248,1,6,1,3,D38,"45,8828390","4,8837350",1,1,2,1947.0,0,0,-1,-1,B01,1,0,2,8,1,5,3,38,0.0,,4,2,0,1,2,1,5,1,20,child
201900010592,2,6,2019,0 days 11:10:00,1,1,01248,1,6,1,3,D38,"45,8828390","4,8837350",3,4,1,1976.0,0,0,-1,-1,B01,1,0,2,8,1,5,3,38,0.0,,4,2,0,1,2,1,5,1,20,adult
201900010636,10,8,2019,0 days 12:30:00,1,75,75109,2,2,1,3,RUE DE PROVENCE,"48,8742349","2,3352668",1,1,1,1966.0,0,1,0,-1,B01,1,0,2,1,1,5,4,RUE DE PROVENCE,0.0,,2,2,1,1,1,1,0,5,30,child