Num_Acc,jour,mois,an,hrmn,lum,dep,com,agg,int,atm,col,adr,lat,long,catu,grav,sexe,an_nais,trajet,secu1,secu2,secu3,num_veh_y,senc,obs,obsm,choc,manv,motor,catr,voie,v1,v2,circ,nbv,vosp,prof,plan,surf,infra,situ,vma,age
201900010636,10,8,2019,0 days 12:30:00,1,75,75109,2,2,1,3,RUE DE PROVENCE,"48,8742349","2,3352668",1,4,1,1993.0,0,2,8,-1,B01,1,0,2,1,1,5,4,RUE DE PROVENCE,0.0,,2,2,1,1,1,1,0,5,30,adult
201900010656,7,8,2019,0 days 15:00:00,1,94,94028,2,1,1,1,SAVAR.(RUE JULIETTE),"48,7795800","2,4657600",2,1,2,1964.0,5,1,0,-1,A01,1,0,2,1,17,5,4,SAVAR.(RUE JULIETTE),0.0,,2,2,0,1,1,1,0,1,50,child
201900010656,7,8,2019,0 days 15:00:00,1,94,94028,2,1,1,1,SAVAR.(RUE JULIETTE),"48,7795800","2,4657600",2,1,1,1966.0,5,1,0,-1,A01,1,0,2,1,17,5,4,SAVAR.(RUE JULIETTE),0.0,,2,2,0,1,1,1,0,1,50,adult
201900010656,7,8,2019,0 days 15:00:00,1,94,94028,2,1,1,1,SAVAR.(RUE JULIETTE),"48,7795800","2,4657600",1,1,1,1994.0,5,1,0,-1,A01,1,0,2,1,17,5,4,SAVAR.(RUE JULIETTE),0.0,,2,2,0,1,1,1,0,1,50,adult
201900010656,7,8,2019,0 days 15:00:00,1,94,94028,2,1,1,1,SAVAR.(RUE JULIETTE),"48,7795800","2,4657600",1,4,1,1995.0,5,8,0,-1,A01,1,0,2,1,17,5,4,SAVAR.(RUE JULIETTE),0.0,,2,2,0,1,1,1,0,1,50,adult
201900010681,10,8,2019,0 days 20:40:00,2,92,92020,2,2,1,3,VERDUN AVENUE DE N°1 A 45,"48,8024400","2,2862600",1,1,1,1975.0,1,1,0,-1,A01,3,0,2,1,26,5,3,906,0.0,,2,4,2,2,1,1,9,1,50,child
201900010681,10,8,2019,0 days 20:40:00,2,92,92020,2,2,1,3,VERDUN AVENUE DE N°1 A 45,"48,8024400","2,2862600",1,4,1,2002.0,5,8,0,-1,A01,3,0,2,1,26,5,3,906,0.0,,2,4,2,2,1,1,9,1,50,adult
201900010750,8,8,2019,0 days 08:20:00,1,65,65442,1,1,1,4,rd 632,"43,2954990","0,6244500",1,3,1,1946.0,5,2,-1,-1,B01,1,0,2,4,1,5,3,632,0.0,,2,2,0,1,1,1,0,1,80,child
201900010750,8,8,2019,0 days 08:20:00,1,65,65442,1,1,1,4,rd 632,"43,2954990","0,6244500",1,2,1,1959.0,5,2,-1,-1,B01,1,0,2,4,1,5,3,632,0.0,,2,2,0,1,1,1,0,1,80,adult
201900010750,8,8,2019,0 days 08:20:00,1,65,65442,1,1,1,4,rd 632,"43,2954990","0,6244500",1,3,1,1962.0,5,2,-1,-1,B01,1,0,2,4,1,5,3,632,0.0,,2,2,0,1,1,1,0,1,80,adult
201900010750,8,8,2019,0 days 08:20:00,1,65,65442,1,1,1,4,rd 632,"43,2954990","0,6244500",1,1,1,1984.0,5,1,-1,-1,B01,1,0,2,4,1,5,3,632,0.0,,2,2,0,1,1,1,0,1,80,adult
201900010763,10,8,2019,0 days 11:30:00,1,55,55537,1,2,1,5,D24,"49,2094400","5,4857200",1,1,1,1970.0,5,2,-1,-1,B01,0,0,2,8,1,5,2,24,,,2,2,0,1,1,1,0,1,80,child
201900010763,10,8,2019,0 days 11:30:00,1,55,55537,1,2,1,5,D24,"49,2094400","5,4857200",1,4,1,1991.0,5,2,-1,-1,B01,0,0,2,8,1,5,2,24,,,2,2,0,1,1,1,0,1,80,adult
201900010764,8,8,2019,0 days 17:25:00,1,55,55533,1,1,1,3,Route Départementale 964,"48,6001750","5,6691100",1,1,2,1968.0,0,1,-1,-1,A01,2,0,2,3,2,5,3,964,,,2,2,0,1,1,1,0,1,70,child
201900010764,8,8,2019,0 days 17:25:00,1,55,55533,1,1,1,3,Route Départementale 964,"48,6001750","5,6691100",1,2,1,2005.0,5,0,-1,-1,A01,2,0,2,3,2,5,3,964,,,2,2,0,1,1,1,0,1,70,adult
201900010774,15,7,2019,0 days 18:50:00,1,22,22055,2,6,7,2,RUE DU GUESCLIN,"48,6442450"," -2,8338470",1,1,2,1933.0,5,1,-1,-1,B01,3,0,2,8,1,6,4,,0.0,,2,2,0,1,1,1,0,1,50,child
201900010774,15,7,2019,0 days 18:50:00,1,22,22055,2,6,7,2,RUE DU GUESCLIN,"48,6442450"," -2,8338470",1,3,1,2007.0,5,0,-1,-1,B01,3,0,2,8,1,6,4,,0.0,,2,2,0,1,1,1,0,1,50,adult
201900010790,9,8,2019,0 days 17:30:00,1,15,15122,2,1,1,3,Rue de la Martinelle,"44,7103930","2,2003050",1,2,1,1965.0,5,1,-1,-1,B01,2,0,2,1,1,6,3,19,,,2,2,0,2,1,1,0,1,50,child
201900010790,9,8,2019,0 days 17:30:00,1,15,15122,2,1,1,3,Rue de la Martinelle,"44,7103930","2,2003050",1,1,1,2000.0,9,2,-1,-1,B01,2,0,2,1,1,6,3,19,,,2,2,0,2,1,1,0,1,50,adult
201900010821,3,7,2019,0 days 10:00:00,1,1,01053,2,1,1,3,BROU ( BD N°65 B A FIN),"46,1935560","5,2394780",1,4,1,1930.0,9,8,8,-1,B01,1,0,2,4,19,5,3,1075,0.0,,2,2,0,1,1,1,6,1,50,child
201900010821,3,7,2019,0 days 10:00:00,1,1,01053,2,1,1,3,BROU ( BD N°65 B A FIN),"46,1935560","5,2394780",1,1,2,1970.0,9,1,8,-1,B01,1,0,2,4,19,5,3,1075,0.0,,2,2,0,1,1,1,6,1,50,adult
201900010836,5,7,2019,0 days 09:05:00,1,75,75106,2,1,1,4,BOULEVARD SAINT MICHEL,"48,8411350","2,3374030",1,4,2,1947.0,0,2,0,-1,C01,2,0,2,3,7,5,4,BOULEVARD SAINT MICHEL,0.0,,2,3,3,1,1,1,0,6,50,child
201900010836,5,7,2019,0 days 09:05:00,1,75,75106,2,1,1,4,BOULEVARD SAINT MICHEL,"48,8411350","2,3374030",1,1,1,1957.0,4,1,0,-1,C01,2,0,2,3,7,5,4,BOULEVARD SAINT MICHEL,0.0,,2,3,3,1,1,1,0,6,50,adult
201900010836,5,7,2019,0 days 09:05:00,1,75,75106,2,1,1,4,BOULEVARD SAINT MICHEL,"48,8411350","2,3374030",1,4,2,1989.0,5,2,0,-1,C01,2,0,2,3,7,5,4,BOULEVARD SAINT MICHEL,0.0,,2,3,3,1,1,1,0,6,50,adult
201900010866,5,7,2019,0 days 23:45:00,5,75,75113,2,4,1,3,BOULEVARD MASSENA,"48,8226700","2,3728430",1,1,1,1951.0,5,1,0,-1,B01,2,0,2,1,1,5,4,BOULEVARD MASSENA,0.0,,2,6,0,2,1,1,0,1,50,child
201900010866,5,7,2019,0 days 23:45:00,5,75,75113,2,4,1,3,BOULEVARD MASSENA,"48,8226700","2,3728430",1,4,1,1997.0,5,2,0,-1,B01,2,0,2,1,1,5,4,BOULEVARD MASSENA,0.0,,2,6,0,2,1,1,0,1,50,adult
201900010875,2,7,2019,0 days 14:35:00,1,75,75109,2,1,1,3,RUE LA FAYETTE,"48,8732280","2,3338920",1,4,2,1962.0,9,2,0,-1,A01,1,0,2,8,13,5,4,RUE LA FAYETTE,0.0,,1,2,0,1,1,1,0,1,50,child
201900010875,2,7,2019,0 days 14:35:00,1,75,75109,2,1,1,3,RUE LA FAYETTE,"48,8732280","2,3338920",1,1,1,1992.0,9,1,0,-1,A01,1,0,2,8,13,5,4,RUE LA FAYETTE,0.0,,1,2,0,1,1,1,0,1,50,adult
201900010900,5,7,2019,0 days 10:35:00,1,94,94034,2,3,1,3,PAUL VAILLANT COUTURIER (AV),"48,7610200","2,3169700",1,1,1,1963.0,5,1,8,-1,A01,3,0,2,1,1,5,4,PAUL VAILLANT COUTURIER (AV),0.0,,3,6,1,1,1,1,0,1,50,child
201900010900,5,7,2019,0 days 10:35:00,1,94,94034,2,3,1,3,PAUL VAILLANT COUTURIER (AV),"48,7610200","2,3169700",1,4,1,2004.0,5,8,0,-1,A01,3,0,2,1,1,5,4,PAUL VAILLANT COUTURIER (AV),0.0,,3,6,1,1,1,1,0,1,50,adult
201900010992,22,11,2019,0 days 08:05:00,1,37,37261,2,1,1,6,TRANCHEE (AVENUE DE LA),"47,4080000","0,6814200",1,1,1,1945.0,1,1,0,-1,B01,2,1,0,2,1,0,4,TRANCHEE (AVENUE DE LA),0.0,,2,2,0,2,1,1,0,1,50,child
201900010992,22,11,2019,0 days 08:05:00,1,37,37261,2,1,1,6,TRANCHEE (AVENUE DE LA),"47,4080000","0,6814200",1,4,1,1996.0,0,2,0,-1,B01,2,1,0,2,1,0,4,TRANCHEE (AVENUE DE LA),0.0,,2,2,0,2,1,1,0,1,50,adult
201900011036,21,11,2019,0 days 20:40:00,5,75,75106,2,7,1,6,PLACE SAINT MICHEL,"48,8537523","2,3442794",3,4,1,1946.0,9,0,-1,-1,A01,1,0,1,8,7,5,4,PLACE SAINT MICHEL,0.0,,2,4,3,1,1,1,0,6,30,child
201900011036,21,11,2019,0 days 20:40:00,5,75,75106,2,7,1,6,PLACE SAINT MICHEL,"48,8537523","2,3442794",1,1,1,1982.0,0,2,8,-1,A01,1,0,1,8,7,5,4,PLACE SAINT MICHEL,0.0,,2,4,3,1,1,1,0,6,30,adult
201900011038,22,11,2019,0 days 17:00:00,5,75,75119,2,1,1,3,AVENUE JEAN JAURES,"48,8844620","2,3766360",1,1,1,1962.0,5,1,0,-1,B01,2,0,2,1,1,5,4,AVENUE JEAN JAURES,0.0,,2,4,1,1,1,1,0,5,30,child
201900011038,22,11,2019,0 days 17:00:00,5,75,75119,2,1,1,3,AVENUE JEAN JAURES,"48,8844620","2,3766360",2,1,2,1963.0,5,1,0,-1,B01,2,0,2,1,1,5,4,AVENUE JEAN JAURES,0.0,,2,4,1,1,1,1,0,5,30,adult
201900011038,22,11,2019,0 days 17:00:00,5,75,75119,2,1,1,3,AVENUE JEAN JAURES,"48,8844620","2,3766360",1,4,1,1995.0,0,8,2,-1,B01,2,0,2,1,1,5,4,AVENUE JEAN JAURES,0.0,,2,4,1,1,1,1,0,5,30,adult
201900011049,22,11,2019,0 days 15:15:00,1,75,75109,2,3,1,6,RUE DE MONTHOLON,"48,8765700","2,3461103",3,4,1,1937.0,5,0,-1,-1,A01,1,0,1,2,1,5,4,RUE DE MONTHOLON,0.0,,1,1,0,1,1,1,0,1,50,child
201900011049,22,11,2019,0 days 15:15:00,1,75,75109,2,3,1,6,RUE DE MONTHOLON,"48,8765700","2,3461103",1,1,1,1982.0,0,2,8,-1,A01,1,0,1,2,1,5,4,RUE DE MONTHOLON,0.0,,1,1,0,1,1,1,0,1,50,adult
201900011110,22,11,2019,0 days 19:00:00,3,60,60348,1,1,8,2,Route de Montdidier,"49,5743043","2,9661612",1,2,1,1942.0,5,4,9,-1,B01,0,0,2,4,2,5,3,938,,,2,2,0,2,1,1,0,1,80,child
201900011110,22,11,2019,0 days 19:00:00,3,60,60348,1,1,8,2,Route de Montdidier,"49,5743043","2,9661612",1,1,1,1966.0,1,8,-1,-1,B01,0,0,2,4,2,5,3,938,,,2,2,0,2,1,1,0,1,80,adult
201900011171,21,11,2019,0 days 07:30:00,2,69,69388,2,2,1,6,ALBERT THOMAS                       (CO),"45,7443900","4,8745600",3,3,2,1967.0,0,0,-1,-1,A01,1,0,1,1,2,5,4,ALBERT THOMAS                       (CO),0.0,,2,4,3,1,1,1,0,1,50,child
201900011171,21,11,2019,0 days 07:30:00,2,69,69388,2,2,1,6,ALBERT THOMAS                       (CO),"45,7443900","4,8745600",1,1,1,1988.0,1,2,8,-1,A01,1,0,1,1,2,5,4,ALBERT THOMAS                       (CO),0.0,,2,4,3,1,1,1,0,1,50,adult
201900011184,31,12,2019,0 days 14:30:00,1,22,22098,2,1,5,1,Rue de Saint-glen,"48,4273920"," -2,5388350",1,3,1,1956.0,5,2,-1,-1,B01,1,0,2,1,1,5,3,46,,,2,2,0,2,1,2,0,1,50,child
201900011184,31,12,2019,0 days 14:30:00,1,22,22098,2,1,5,1,Rue de Saint-glen,"48,4273920"," -2,5388350",1,1,1,1983.0,5,1,-1,-1,B01,1,0,2,1,1,5,3,46,,,2,2,0,2,1,2,0,1,50,adult
201900011184,31,12,2019,0 days 14:30:00,1,22,22098,2,1,5,1,Rue de Saint-glen,"48,4273920"," -2,5388350",2,1,2,1985.0,5,1,-1,-1,B01,1,0,2,1,1,5,3,46,,,2,2,0,2,1,2,0,1,50,adult
201900011189,20,7,2019,0 days 13:52:00,1,75,75105,2,2,1,2,RUE SAINT JACQUES,"48,8502089","2,3452202",1,4,1,1964.0,5,2,0,-1,A01,1,0,2,1,21,5,4,RUE SAINT JACQUES,0.0,,1,2,0,2,1,1,0,1,30,child
201900011189,20,7,2019,0 days 13:52:00,1,75,75105,2,2,1,2,RUE SAINT JACQUES,"48,8502089","2,3452202",1,1,1,1992.0,5,1,0,-1,A01,1,0,2,1,21,5,4,RUE SAINT JACQUES,0.0,,1,2,0,2,1,1,0,1,30,adult
201900011207,14,11,2019,0 days 19:50:00,5,92,92014,2,2,1,3,GENERAL LECLERC (AV.) (1 A 55BIS - 2 A 4,"48,7824601","2,3165969",1,1,2,1976.0,2,1,0,-1,B01,1,0,2,1,19,5,3,920,0.0,,1,3,1,2,1,1,5,1,50,child
201900011207,14,11,2019,0 days 19:50:00,5,92,92014,2,2,1,3,GENERAL LECLERC (AV.) (1 A 55BIS - 2 A 4,"48,7824601","2,3165969",1,4,1,1987.0,0,8,0,-1,B01,1,0,2,1,19,5,3,920,0.0,,1,3,1,2,1,1,5,1,50,adult
201900011207,14,11,2019,0 days 19:50:00,5,92,92014,2,2,1,3,GENERAL LECLERC (AV.) (1 A 55BIS - 2 A 4,"48,7824601","2,3165969",2,1,2,2004.0,2,1,0,-1,B01,1,0,2,1,19,5,3,920,0.0,,1,3,1,2,1,1,5,1,50,adult
201900011229,18,12,2019,0 days 15:00:00,1,82,82121,2,4,1,2,MAYENNE (AVENUE),"44,0153000","1,3436220",1,3,1,1952.0,5,2,0,-1,A01,1,0,2,1,19,5,4,MAYENNE (AVENUE),0.0,,2,2,1,1,1,1,0,1,50,child
201900011229,18,12,2019,0 days 15:00:00,1,82,82121,2,4,1,2,MAYENNE (AVENUE),"44,0153000","1,3436220",1,1,1,1983.0,4,1,8,-1,A01,1,0,2,1,19,5,4,MAYENNE (AVENUE),0.0,,2,2,1,1,1,1,0,1,50,adult
201900011263,16,12,2019,0 days 08:00:00,2,54,54300,2,1,8,3,PATTON (RUE DU GENERAL),"48,6545570","6,2323810",1,1,1,1974.0,0,1,0,-1,B01,1,0,2,7,1,5,4,PATTON (RUE DU GENERAL),0.0,,2,2,0,1,1,2,0,1,50,child
201900011263,16,12,2019,0 days 08:00:00,2,54,54300,2,1,8,3,PATTON (RUE DU GENERAL),"48,6545570","6,2323810",1,4,1,2001.0,0,8,0,-1,B01,1,0,2,7,1,5,4,PATTON (RUE DU GENERAL),0.0,,2,2,0,1,1,2,0,1,50,adult
201900011311,17,12,2019,0 days 16:15:00,1,75,75116,2,1,2,6,RUE DE LA POMPE,"48,8696621","2,2823882",3,4,1,1949.0,5,0,-1,-1,A01,2,0,1,1,5,5,4,RUE DE LA POMPE,0.0,,1,2,-1,1,1,2,0,1,50,child
201900011311,17,12,2019,0 days 16:15:00,1,75,75116,2,1,2,6,RUE DE LA POMPE,"48,8696621","2,2823882",1,4,1,1996.0,9,8,2,-1,A01,2,0,1,1,5,5,4,RUE DE LA POMPE,0.0,,1,2,-1,1,1,2,0,1,50,adult
201900011322,18,12,2019,0 days 16:25:00,1,75,75111,2,2,1,1,BOULEVARD VOLTAIRE,"48,8597420","2,3768770",1,4,1,1948.0,5,8,2,-1,A01,2,0,2,3,13,5,4,BOULEVARD VOLTAIRE,0.0,,2,4,1,1,1,1,0,5,50,child
201900011322,18,12,2019,0 days 16:25:00,1,75,75111,2,2,1,1,BOULEVARD VOLTAIRE,"48,8597420","2,3768770",1,1,1,1984.0,5,8,2,-1,A01,2,0,2,3,13,5,4,BOULEVARD VOLTAIRE,0.0,,2,4,1,1,1,1,0,5,50,adult
201900011330,18,12,2019,0 days 13:50:00,1,75,75117,2,5,1,3,BOULEVARD DE COURCELLES,"48,8791530","2,3030841",1,4,1,1956.0,0,2,8,-1,A01,1,0,2,3,1,5,4,BOULEVARD DE COURCELLES,0.0,,2,4,-1,1,1,1,0,1,50,child
201900011330,18,12,2019,0 days 13:50:00,1,75,75117,2,5,1,3,BOULEVARD DE COURCELLES,"48,8791530","2,3030841",1,4,1,1982.0,4,2,6,-1,A01,1,0,2,3,1,5,4,BOULEVARD DE COURCELLES,0.0,,2,4,-1,1,1,1,0,1,50,adult
201900011336,18,12,2019,0 days 17:10:00,5,75,75107,2,2,1,3,BOULEVARD SAINT GERMAIN,"48,8599960","2,3216880",1,4,2,1964.0,0,2,6,-1,A01,1,0,2,1,12,5,4,BOULEVARD SAINT GERMAIN,0.0,,1,3,-1,1,1,1,0,1,50,child
201900011336,18,12,2019,0 days 17:10:00,5,75,75107,2,2,1,3,BOULEVARD SAINT GERMAIN,"48,8599960","2,3216880",1,1,1,1985.0,0,8,2,-1,A01,1,0,2,1,12,5,4,BOULEVARD SAINT GERMAIN,0.0,,1,3,-1,1,1,1,0,1,50,adult
201900011368,21,7,2019,0 days 10:30:00,1,62,62543,1,2,1,6,Rue d'Enguinegatte,"50,6163720","2,3039590",1,3,1,1968.0,5,2,-1,-1,B01,3,0,2,7,19,5,3,130,,,2,2,0,2,1,1,0,1,80,child
201900011368,21,7,2019,0 days 10:30:00,1,62,62543,1,2,1,6,Rue d'Enguinegatte,"50,6163720","2,3039590",1,1,1,1991.0,3,1,-1,-1,B01,3,0,2,7,19,5,3,130,,,2,2,0,2,1,1,0,1,80,adult
201900011400,14,9,2019,0 days 15:40:00,1,50,50532,2,1,1,1,MAIRIE (RUE DE LA),"48,8142000"," -1,5678000",1,4,1,1967.0,5,8,0,-1,A01,2,0,2,1,5,5,4,MAIRIE (RUE DE LA),0.0,,1,1,0,1,1,1,0,1,30,child
201900011400,14,9,2019,0 days 15:40:00,1,50,50532,2,1,1,1,MAIRIE (RUE DE LA),"48,8142000"," -1,5678000",1,1,1,1996.0,5,1,8,-1,A01,2,0,2,1,5,5,4,MAIRIE (RUE DE LA),0.0,,1,1,0,1,1,1,0,1,30,adult
201900011402,14,9,2019,0 days 09:00:00,1,45,45075,2,3,1,3,RTE D'ORLEANS - RUE DU GAIGNEAU,"47,8930822","1,8478691",1,4,2,1948.0,5,8,0,-1,B01,1,0,2,8,25,5,3,2152,0.0,G,3,2,0,1,1,1,0,1,50,child
201900011402,14,9,2019,0 days 09:00:00,1,45,45075,2,3,1,3,RTE D'ORLEANS - RUE DU GAIGNEAU,"47,8930822","1,8478691",1,1,1,1976.0,5,1,8,-1,B01,1,0,2,8,25,5,3,2152,0.0,G,3,2,0,1,1,1,0,1,50,adult
201900011425,14,9,2019,0 days 14:07:00,1,1,01053,2,1,1,3,BLERIOT (PLACE LOUIS ),"46,2112739","5,2326152",1,1,1,1962.0,5,1,8,-1,A01,3,0,2,1,19,5,4,BLERIOT (PLACE LOUIS ),0.0,,2,2,0,1,2,1,0,1,30,child
201900011425,14,9,2019,0 days 14:07:00,1,1,01053,2,1,1,3,BLERIOT (PLACE LOUIS ),"46,2112739","5,2326152",1,4,2,2009.0,5,8,0,-1,A01,3,0,2,1,19,5,4,BLERIOT (PLACE LOUIS ),0.0,,2,2,0,1,2,1,0,1,30,adult
201900011433,14,9,2019,0 days 16:40:00,1,75,75113,2,3,1,2,BOULEVARD KELLERMANN,"48,8206610","2,3494500",1,1,1,1954.0,5,1,0,-1,A01,1,0,2,1,1,5,4,BOULEVARD KELLERMANN,0.0,,2,4,0,2,1,1,0,1,50,child
201900011433,14,9,2019,0 days 16:40:00,1,75,75113,2,3,1,2,BOULEVARD KELLERMANN,"48,8206610","2,3494500",1,4,1,1984.0,1,2,8,-1,A01,1,0,2,1,1,5,4,BOULEVARD KELLERMANN,0.0,,2,4,0,2,1,1,0,1,50,adult
201900011437,14,9,2019,0 days 10:40:00,1,94,94080,2,1,1,3,FRANCE (R DE),"48,8489200","2,4548500",1,1,1,1959.0,0,8,0,-1,B01,1,1,0,1,1,0,4,FRANCE (R DE),0.0,,2,2,0,1,1,1,0,1,25,child
201900011437,14,9,2019,0 days 10:40:00,1,94,94080,2,1,1,3,FRANCE (R DE),"48,8489200","2,4548500",3,4,1,2000.0,1,8,0,-1,B01,1,1,0,1,1,0,4,FRANCE (R DE),0.0,,2,2,0,1,1,1,0,1,25,adult
201900011457,14,9,2019,0 days 17:52:00,1,33,33138,2,3,1,3,RD674 / RD674E4,"45,0446370"," -0,1217240",1,1,2,1966.0,5,1,-1,-1,A01,2,0,2,8,15,0,3,674,0.0,,2,2,0,1,1,1,0,1,50,child
201900011457,14,9,2019,0 days 17:52:00,1,33,33138,2,3,1,3,RD674 / RD674E4,"45,0446370"," -0,1217240",1,3,1,2006.0,5,0,-1,-1,A01,2,0,2,8,15,0,3,674,0.0,,2,2,0,1,1,1,0,1,50,adult
201900011472,14,9,2019,0 days 09:40:00,1,42,42206,1,3,1,3,La Cartala,"45,5333940","4,3199120",1,1,1,1940.0,3,1,-1,-1,B01,2,0,2,1,1,5,3,10,,,2,2,0,1,1,1,0,1,80,child
201900011472,14,9,2019,0 days 09:40:00,1,42,42206,1,3,1,3,La Cartala,"45,5333940","4,3199120",1,4,1,1973.0,5,2,-1,-1,B01,2,0,2,1,1,5,3,10,,,2,2,0,1,1,1,0,1,80,adult
201900011552,21,3,2019,0 days 14:59:00,1,77,77217,1,3,1,3,D471 X VC7 CH. DES BOIS,"48,6940100","2,6942500",1,4,1,1944.0,5,2,-1,-1,B01,2,0,2,1,13,5,3,471,,,2,2,0,1,1,1,5,1,80,child
201900011552,21,3,2019,0 days 14:59:00,1,77,77217,1,3,1,3,D471 X VC7 CH. DES BOIS,"48,6940100","2,6942500",1,1,1,1969.0,1,1,-1,-1,B01,2,0,2,1,13,5,3,471,,,2,2,0,1,1,1,5,1,80,adult
201900011586,26,3,2019,0 days 16:45:00,1,69,69009,1,3,1,3,route de lachassagne,"45,9284500","4,7042200",1,3,1,1954.0,5,2,-1,-1,B01,0,0,2,1,1,5,3,39,,,2,2,0,2,1,1,0,1,70,child
201900011586,26,3,2019,0 days 16:45:00,1,69,69009,1,3,1,3,route de lachassagne,"45,9284500","4,7042200",1,1,1,1996.0,1,1,-1,-1,B01,0,0,2,1,1,5,3,39,,,2,2,0,2,1,1,0,1,70,adult
201900011693,19,3,2019,0 days 15:30:00,1,69,69259,2,1,1,3,CLOS VERGER (DU)                    (R ),"45,7181900","4,8921500",1,4,1,1952.0,5,2,0,-1,A01,3,0,2,1,1,0,6,CLOS VERGER (DU)                    (R ),0.0,,-1,-1,0,1,1,1,0,1,50,child
201900011693,19,3,2019,0 days 15:30:00,1,69,69259,2,1,1,3,CLOS VERGER (DU)                    (R ),"45,7181900","4,8921500",1,1,1,1979.0,0,1,8,-1,A01,3,0,2,1,1,0,6,CLOS VERGER (DU)                    (R ),0.0,,-1,-1,0,1,1,1,0,1,50,adult
201900011708,18,3,2019,0 days 16:50:00,1,86,86041,2,1,1,3,SAINTE CROIX (RUE),"46,6000539","0,3520533",1,1,2,1958.0,9,1,0,-1,B01,1,0,2,7,26,5,4,SAINTE CROIX (RUE),0.0,,2,2,0,1,1,1,0,1,50,child
201900011708,18,3,2019,0 days 16:50:00,1,86,86041,2,1,1,3,SAINTE CROIX (RUE),"46,6000539","0,3520533",1,4,1,2008.0,2,8,0,-1,B01,1,0,2,7,26,5,4,SAINTE CROIX (RUE),0.0,,2,2,0,1,1,1,0,1,50,adult
201900011724,15,3,2019,0 days 08:30:00,1,67,67482,2,1,3,3,ALFRED KASTLER (RUE),"48,5734600","7,7709600",1,4,2,1967.0,0,8,0,-1,B01,2,0,0,0,0,5,4,ALFRED KASTLER (RUE),0.0,,3,4,0,3,1,2,2,1,50,child
201900011724,15,3,2019,0 days 08:30:00,1,67,67482,2,1,3,3,ALFRED KASTLER (RUE),"48,5734600","7,7709600",1,1,2,1997.0,1,1,8,-1,B01,2,0,0,0,0,5,4,ALFRED KASTLER (RUE),0.0,,3,4,0,3,1,2,2,1,50,adult
201900011744,6,2,2019,0 days 17:35:00,2,69,69199,2,2,1,3,YVES FARGE                          (BD),"45,6886400","4,8617100",1,1,2,1954.0,9,1,8,-1,A01,1,0,2,8,19,0,3,307,0.0,,2,2,0,1,1,1,0,1,50,child
201900011744,6,2,2019,0 days 17:35:00,2,69,69199,2,2,1,3,YVES FARGE                          (BD),"45,6886400","4,8617100",1,4,1,1975.0,9,8,0,-1,A01,1,0,2,8,19,0,3,307,0.0,,2,2,0,1,1,1,0,1,50,adult
201900011745,6,2,2019,0 days 16:00:00,1,69,69383,2,1,1,3,LACASSAGNE                          (AV),"45,7488400","4,8780300",1,4,1,1972.0,1,8,0,-1,B01,3,0,2,8,19,5,4,LACASSAGNE                          (AV),0.0,,2,3,3,1,1,1,0,1,50,child
201900011745,6,2,2019,0 days 16:00:00,1,69,69383,2,1,1,3,LACASSAGNE                          (AV),"45,7488400","4,8780300",1,1,1,1996.0,4,1,0,-1,B01,3,0,2,8,19,5,4,LACASSAGNE                          (AV),0.0,,2,3,3,1,1,1,0,1,50,adult
201900011781,5,2,2019,0 days 13:28:00,1,36,36044,1,1,1,3,64 RUE DES MADRONS,"46,7975500","1,6607600",1,1,1,1973.0,1,1,-1,-1,A01,0,0,2,4,1,5,4,64 RUE DES MADRONS,0.0,,2,2,0,1,1,1,0,1,50,child
201900011781,5,2,2019,0 days 13:28:00,1,36,36044,1,1,1,3,64 RUE DES MADRONS,"46,7975500","1,6607600",1,3,1,2002.0,9,2,8,-1,A01,0,0,2,4,1,5,4,64 RUE DES MADRONS,0.0,,2,2,0,1,1,1,0,1,50,adult
201900011823,6,2,2019,0 days 17:30:00,1,31,31445,2,1,1,6,16 le mail,"43,5838060","1,5290060",1,1,1,1977.0,5,2,-1,-1,A01,3,0,1,1,1,5,4,,,,3,1,0,1,1,1,0,1,-1,child
201900011823,6,2,2019,0 days 17:30:00,1,31,31445,2,1,1,6,16 le mail,"43,5838060","1,5290060",3,4,1,2017.0,5,0,-1,-1,A01,3,0,1,1,1,5,4,,,,3,1,0,1,1,1,0,1,-1,adult
201900011908,17,10,2019,0 days 07:45:00,5,64,64445,2,1,3,3,ALFRED NOBEL,"43,3146172"," -0,3164878",1,1,2,1968.0,1,1,0,-1,B01,2,0,2,1,1,5,4,ALFRED NOBEL,0.0,,2,2,1,1,1,2,0,1,50,child
201900011908,17,10,2019,0 days 07:45:00,5,64,64445,2,1,3,3,ALFRED NOBEL,"43,3146172"," -0,3164878",1,4,1,2007.0,2,8,0,-1,B01,2,0,2,1,1,5,4,ALFRED NOBEL,0.0,,2,2,1,1,1,2,0,1,50,adult
201900011912,17,10,2019,0 days 08:47:00,1,64,64024,2,6,2,3,CESTAC (ROND POINT ELISE),"43,4946759"," -1,5279807",1,1,2,1960.0,0,1,0,-1,B01,3,0,2,1,1,5,4,CESTAC (ROND POINT ELISE),0.0,,1,2,0,2,2,2,0,1,50,child
201900011912,17,10,2019,0 days 08:47:00,1,64,64024,2,6,2,3,CESTAC (ROND POINT ELISE),"43,4946759"," -1,5279807",1,4,1,1996.0,0,8,0,-1,B01,3,0,2,1,1,5,4,CESTAC (ROND POINT ELISE),0.0,,1,2,0,2,2,2,0,1,50,adult