Num_Acc,jour,mois,an,hrmn,lum,dep,com,agg,int,atm,col,adr,lat,long,catu,grav,sexe,an_nais,trajet,secu1,secu2,secu3,num_veh_y,senc,obs,obsm,choc,manv,motor,catr,voie,v1,v2,circ,nbv,vosp,prof,plan,surf,infra,situ,vma,age
201900011936,17,10,2019,0 days 15:20:00,1,37,37233,2,1,1,6,LABOURDE (RUE JEANNE),"47,3936552","0,7419205",1,3,1,1940.0,0,8,0,-1,B01,3,0,2,1,23,0,4,LABOURDE (RUE JEANNE),0.0,,2,2,0,1,1,1,0,1,50,child
201900011936,17,10,2019,0 days 15:20:00,1,37,37233,2,1,1,6,LABOURDE (RUE JEANNE),"47,3936552","0,7419205",1,1,1,1994.0,0,1,0,-1,B01,3,0,2,1,23,0,4,LABOURDE (RUE JEANNE),0.0,,2,2,0,1,1,1,0,1,50,adult
201900011939,17,10,2019,0 days 07:05:00,5,37,37233,2,6,2,6,JAURES (BOULEVARD JEAN),"47,3949815","0,7261247",1,1,1,1966.0,0,1,0,-1,B01,3,0,2,7,1,5,4,PAUL (RUE MARCEL),0.0,,2,2,0,1,1,2,5,1,50,child
201900011939,17,10,2019,0 days 07:05:00,5,37,37233,2,6,2,6,JAURES (BOULEVARD JEAN),"47,3949815","0,7261247",1,4,1,1989.0,1,8,0,-1,B01,3,0,2,7,1,5,4,PAUL (RUE MARCEL),0.0,,2,2,0,1,1,2,5,1,50,adult
201900011957,17,10,2019,0 days 06:30:00,3,17,17274,1,1,3,2,D108,"46,1610316"," -1,0833131",1,2,1,1955.0,1,0,0,-1,B01,2,0,2,4,1,5,3,108,0.0,,2,2,0,1,1,2,0,1,80,child
201900011957,17,10,2019,0 days 06:30:00,3,17,17274,1,1,3,2,D108,"46,1610316"," -1,0833131",1,1,1,1997.0,4,1,0,-1,B01,2,0,2,4,1,5,3,108,0.0,,2,2,0,1,1,2,0,1,80,adult
201900011971,17,10,2019,0 days 18:00:00,1,75,75106,2,4,8,6,BOULEVARD SAINT MICHEL,"48,8469218","2,3406054",1,4,1,1977.0,9,8,2,-1,A01,2,0,1,1,7,5,4,BOULEVARD SAINT MICHEL,0.0,,2,4,3,1,1,1,-1,6,50,child
201900011971,17,10,2019,0 days 18:00:00,1,75,75106,2,4,8,6,BOULEVARD SAINT MICHEL,"48,8469218","2,3406054",3,4,2,2001.0,2,0,-1,-1,A01,2,0,1,1,7,5,4,BOULEVARD SAINT MICHEL,0.0,,2,4,3,1,1,1,-1,6,50,adult
201900011973,17,10,2019,0 days 18:30:00,1,75,75120,2,3,1,3,BOULEVARD DAVOUT,"48,8479425","2,4113542",1,1,1,1958.0,3,1,0,-1,B01,1,0,2,1,18,5,4,BOULEVARD DAVOUT,0.0,,3,4,0,1,1,1,0,1,50,child
201900011973,17,10,2019,0 days 18:30:00,1,75,75120,2,3,1,3,BOULEVARD DAVOUT,"48,8479425","2,4113542",1,3,1,1990.0,0,2,8,-1,B01,1,0,2,1,18,5,4,BOULEVARD DAVOUT,0.0,,3,4,0,1,1,1,0,1,50,adult
201900011987,16,10,2019,0 days 10:05:00,1,75,75111,2,1,2,3,AVENUE DE LA REPUBLIQUE,"48,8648771","2,3765928",1,1,1,1967.0,0,1,0,-1,B01,2,0,2,0,18,5,4,AVENUE DE LA REPUBLIQUE,0.0,,2,2,0,1,1,2,0,1,50,child
201900011987,16,10,2019,0 days 10:05:00,1,75,75111,2,1,2,3,AVENUE DE LA REPUBLIQUE,"48,8648771","2,3765928",1,4,1,1994.0,1,8,2,-1,B01,2,0,2,0,18,5,4,AVENUE DE LA REPUBLIQUE,0.0,,2,2,0,1,1,2,0,1,50,adult
201900011990,17,10,2019,0 days 18:30:00,2,75,75102,2,2,8,3,RUE DE TURBIGO,"48,8641035","2,3501137",1,4,2,1966.0,0,8,2,-1,B01,2,0,2,1,13,5,4,RUE DE TURBIGO,0.0,,2,4,1,1,1,1,0,5,30,child
201900011990,17,10,2019,0 days 18:30:00,2,75,75102,2,2,8,3,RUE DE TURBIGO,"48,8641035","2,3501137",1,4,1,1997.0,1,8,2,-1,B01,2,0,2,1,13,5,4,RUE DE TURBIGO,0.0,,2,4,1,1,1,1,0,5,30,adult
201900012034,17,10,2019,0 days 13:20:00,1,971,97125,1,1,1,2,N5,"16,2770110"," -61,2851750",1,2,1,1957.0,0,0,-1,-1,B01,0,0,2,0,0,0,2,5,0.0,,2,1,0,1,1,1,0,1,80,child
201900012034,17,10,2019,0 days 13:20:00,1,971,97125,1,1,1,2,N5,"16,2770110"," -61,2851750",1,1,1,1991.0,4,1,-1,-1,B01,0,0,2,0,0,0,2,5,0.0,,2,1,0,1,1,1,0,1,80,adult
201900012091,18,4,2019,0 days 19:00:00,1,75,75115,2,1,1,3,RUE LACRETELLE,"48,8329550","2,2919710",1,1,1,1952.0,5,1,0,-1,B01,1,0,2,1,1,5,4,RUE LACRETELLE,0.0,,1,1,0,2,1,1,0,1,30,child
201900012091,18,4,2019,0 days 19:00:00,1,75,75115,2,1,1,3,RUE LACRETELLE,"48,8329550","2,2919710",1,4,1,1995.0,5,2,0,-1,B01,1,0,2,1,1,5,4,RUE LACRETELLE,0.0,,1,1,0,2,1,1,0,1,30,adult
201900012113,25,4,2019,0 days 19:50:00,1,75,75112,2,2,1,3,RUE DE CHARENTON,"48,8464450","2,3789420",1,1,1,1959.0,1,1,0,-1,B01,2,0,2,1,1,5,4,RUE DE CHARENTON,0.0,,1,1,0,1,1,1,0,5,50,child
201900012113,25,4,2019,0 days 19:50:00,1,75,75112,2,2,1,3,RUE DE CHARENTON,"48,8464450","2,3789420",1,4,1,1993.0,5,2,0,-1,B01,2,0,2,1,1,5,4,RUE DE CHARENTON,0.0,,1,1,0,1,1,1,0,5,50,adult
201900012155,25,4,2019,0 days 16:05:00,1,75,75103,2,1,1,3,RUE DE TURBIGO,"48,8647010","2,3527090",1,1,1,1950.0,3,2,0,-1,A01,2,0,2,0,11,5,4,RUE DE TURBIGO,0.0,,3,3,0,1,1,1,0,1,50,child
201900012155,25,4,2019,0 days 16:05:00,1,75,75103,2,1,1,3,RUE DE TURBIGO,"48,8647010","2,3527090",1,4,1,1985.0,3,2,6,-1,A01,2,0,2,0,11,5,4,RUE DE TURBIGO,0.0,,3,3,0,1,1,1,0,1,50,adult
201900012164,25,4,2019,0 days 08:25:00,1,75,75101,2,2,1,3,RUE DE L AMIRAL DE COLIGNY,"48,8609130","2,3408490",1,4,1,1970.0,1,2,0,-1,B01,1,0,2,1,17,5,4,RUE DE L AMIRAL DE COLIGNY,0.0,,-1,4,0,1,1,1,0,1,50,child
201900012164,25,4,2019,0 days 08:25:00,1,75,75101,2,2,1,3,RUE DE L AMIRAL DE COLIGNY,"48,8609130","2,3408490",1,1,1,1997.0,4,1,0,-1,B01,1,0,2,1,17,5,4,RUE DE L AMIRAL DE COLIGNY,0.0,,-1,4,0,1,1,1,0,1,50,adult
201900012255,22,4,2019,0 days 18:25:00,1,93,93051,2,9,1,2,PAVE NEUF (AVENUE),"48,8378400","2,5618000",1,1,2,1981.0,5,1,0,-1,A01,2,0,2,1,2,5,3,194,0.0,,3,4,0,2,1,1,5,1,50,child
201900012255,22,4,2019,0 days 18:25:00,1,93,93051,2,9,1,2,PAVE NEUF (AVENUE),"48,8378400","2,5618000",1,4,1,2003.0,5,2,8,-1,A01,2,0,2,1,2,5,3,194,0.0,,3,4,0,2,1,1,5,1,50,adult
201900012260,18,4,2019,0 days 14:25:00,1,93,93050,2,1,1,2,GENERAL DE GAULLE (AVENUE),"48,8567680","2,5301400",1,4,1,1952.0,0,8,0,-1,Y01,1,0,2,0,0,0,3,934,0.0,,3,4,0,1,1,1,0,1,50,child
201900012260,18,4,2019,0 days 14:25:00,1,93,93050,2,1,1,2,GENERAL DE GAULLE (AVENUE),"48,8567680","2,5301400",1,1,2,1978.0,1,1,0,-1,Y01,1,0,2,0,0,0,3,934,0.0,,3,4,0,1,1,1,0,1,50,adult
201900012288,11,8,2019,0 days 11:00:00,1,6,06150,2,1,1,3,9 Route de Menton,"43,7469790","7,4014240",1,4,1,1952.0,5,2,-1,-1,B01,1,0,2,1,17,5,3,2564,0.0,,2,2,0,2,1,1,0,1,30,child
201900012288,11,8,2019,0 days 11:00:00,1,6,06150,2,1,1,3,9 Route de Menton,"43,7469790","7,4014240",1,1,2,1984.0,5,1,-1,-1,B01,1,0,2,1,17,5,3,2564,0.0,,2,2,0,2,1,1,0,1,30,adult
201900012301,9,8,2019,0 days 09:10:00,1,64,64160,2,1,1,2,Avenue de l'Ursuya,"43,3604473"," -1,3826789",1,3,1,1957.0,5,2,-1,-1,B01,1,0,2,4,1,6,3,10,,,2,2,0,2,1,1,0,1,50,child
201900012301,9,8,2019,0 days 09:10:00,1,64,64160,2,1,1,2,Avenue de l'Ursuya,"43,3604473"," -1,3826789",1,1,2,1986.0,5,1,-1,-1,B01,1,0,2,4,1,6,3,10,,,2,2,0,2,1,1,0,1,50,adult
201900012305,8,8,2019,0 days 17:30:00,1,43,43159,1,1,1,1,La détourbe,"45,1717800","4,2851720",1,2,1,1958.0,5,0,-1,-1,B01,1,0,2,1,0,5,3,105,,D,2,2,0,1,1,1,0,1,80,child
201900012305,8,8,2019,0 days 17:30:00,1,43,43159,1,1,1,1,La détourbe,"45,1717800","4,2851720",1,1,1,1998.0,1,8,-1,-1,B01,1,0,2,1,0,5,3,105,,D,2,2,0,1,1,1,0,1,80,adult
201900012360,6,8,2019,0 days 11:10:00,1,66,66037,2,1,1,3,avenue jean moulin,"42,7052000","3,0060950",1,3,1,1934.0,5,0,-1,-1,B01,0,0,2,0,2,6,4,,,,1,1,1,1,1,1,5,5,50,child
201900012360,6,8,2019,0 days 11:10:00,1,66,66037,2,1,1,3,avenue jean moulin,"42,7052000","3,0060950",1,1,1,1958.0,0,1,-1,-1,B01,0,0,2,0,2,6,4,,,,1,1,1,1,1,1,5,5,50,adult
201900012361,9,8,2019,0 days 10:35:00,1,34,34344,2,1,1,3,Avenue de Melgueil,"43,5604980","4,0880440",1,3,2,1966.0,5,0,-1,-1,B01,3,0,2,1,19,5,4,,0.0,,2,3,0,1,1,1,6,1,50,child
201900012361,9,8,2019,0 days 10:35:00,1,34,34344,2,1,1,3,Avenue de Melgueil,"43,5604980","4,0880440",1,1,1,1998.0,4,1,-1,-1,B01,3,0,2,1,19,5,4,,0.0,,2,3,0,1,1,1,6,1,50,adult
201900012378,10,8,2019,0 days 16:24:00,1,71,71440,1,1,1,3,Le Buis,"46,9190930","4,0903040",1,1,1,1955.0,5,1,-1,-1,A01,2,0,2,3,26,5,3,3,,,3,2,0,2,1,1,0,1,80,child
201900012378,10,8,2019,0 days 16:24:00,1,71,71440,1,1,1,3,Le Buis,"46,9190930","4,0903040",2,1,2,1957.0,5,1,-1,-1,A01,2,0,2,3,26,5,3,3,,,3,2,0,2,1,1,0,1,80,adult
201900012378,10,8,2019,0 days 16:24:00,1,71,71440,1,1,1,3,Le Buis,"46,9190930","4,0903040",1,3,1,1959.0,5,2,-1,-1,A01,2,0,2,3,26,5,3,3,,,3,2,0,2,1,1,0,1,80,adult
201900012378,10,8,2019,0 days 16:24:00,1,71,71440,1,1,1,3,Le Buis,"46,9190930","4,0903040",2,1,2,2014.0,5,1,3,-1,A01,2,0,2,3,26,5,3,3,,,3,2,0,2,1,1,0,1,80,adult
201900012401,9,8,2019,0 days 21:15:00,5,9,09194,2,2,1,3,rue victor hugo,"43,0895540","1,8761350",1,2,1,1943.0,5,0,-1,-1,A01,0,0,2,7,1,5,4,,0.0,,2,2,0,1,1,1,0,1,50,child
201900012401,9,8,2019,0 days 21:15:00,5,9,09194,2,2,1,3,rue victor hugo,"43,0895540","1,8761350",1,1,1,1979.0,5,0,-1,-1,A01,0,0,2,7,1,5,4,,0.0,,2,2,0,1,1,1,0,1,50,adult
201900012521,2,6,2019,0 days 16:00:00,1,62,62899,1,1,1,3,D244,"50,8891590","1,6939590",1,1,1,1944.0,5,1,-1,-1,B01,1,0,2,8,2,2,3,244,,,2,2,0,2,1,1,0,1,90,child
201900012521,2,6,2019,0 days 16:00:00,1,62,62899,1,1,1,3,D244,"50,8891590","1,6939590",1,3,2,1965.0,5,0,-1,-1,B01,1,0,2,8,2,2,3,244,,,2,2,0,2,1,1,0,1,90,adult
201900012701,4,7,2019,0 days 14:30:00,1,35,35246,1,1,7,3,La Haie,"48,5348200"," -1,7999470",1,4,1,1970.0,5,2,6,-1,B01,2,0,2,3,2,5,3,676,,,2,2,0,2,3,1,0,3,70,child
201900012701,4,7,2019,0 days 14:30:00,1,35,35246,1,1,7,3,La Haie,"48,5348200"," -1,7999470",1,1,1,1997.0,4,1,-1,-1,B01,2,0,2,3,2,5,3,676,,,2,2,0,2,3,1,0,3,70,adult
201900012718,6,7,2019,0 days 08:20:00,1,26,26113,2,3,1,6,49 Rue Camille Buffardel,"44,7543260","5,3709600",3,3,2,1939.0,5,8,8,8,A01,3,0,1,0,5,5,4,RUE BUFFARDEL,,,1,-1,-1,1,1,1,0,1,30,child
201900012718,6,7,2019,0 days 08:20:00,1,26,26113,2,3,1,6,49 Rue Camille Buffardel,"44,7543260","5,3709600",1,3,1,2000.0,-1,2,-1,-1,A01,3,0,1,0,5,5,4,RUE BUFFARDEL,,,1,-1,-1,1,1,1,0,1,30,adult
201900012814,5,7,2019,0 days 07:13:00,1,89,89037,1,1,1,3,D943,"47,9704160","3,3437705",1,2,2,1954.0,5,2,-1,-1,B01,2,0,0,8,2,5,3,943,,,2,2,0,2,1,1,0,1,80,child
201900012814,5,7,2019,0 days 07:13:00,1,89,89037,1,1,1,3,D943,"47,9704160","3,3437705",1,1,1,1985.0,4,1,-1,-1,B01,2,0,0,8,2,5,3,943,,,2,2,0,2,1,1,0,1,80,adult
201900012817,6,7,2019,0 days 15:17:00,1,71,71512,2,3,1,1,Route de Gigny,"46,6388910","4,8739610",1,1,1,1975.0,5,1,-1,-1,B01,3,0,0,4,15,5,4,,0.0,,2,2,0,2,1,1,0,1,50,child
201900012817,6,7,2019,0 days 15:17:00,1,71,71512,2,3,1,1,Route de Gigny,"46,6388910","4,8739610",1,3,1,2008.0,5,0,-1,-1,B01,3,0,0,4,15,5,4,,0.0,,2,2,0,2,1,1,0,1,50,adult
201900012848,21,11,2019,0 days 09:10:00,1,66,66136,2,2,1,3,COQUELICOTS (DES),"42,7049900","2,9019500",1,4,1,1947.0,5,8,8,-1,B01,1,0,2,4,1,5,4,COQUELICOTS (DES),0.0,,2,2,1,1,1,1,0,1,50,child
201900012848,21,11,2019,0 days 09:10:00,1,66,66136,2,2,1,3,COQUELICOTS (DES),"42,7049900","2,9019500",1,1,2,1979.0,1,1,8,-1,B01,1,0,2,4,1,5,4,COQUELICOTS (DES),0.0,,2,2,1,1,1,1,0,1,50,adult
201900012862,18,11,2019,0 days 18:25:00,2,44,44184,2,2,1,3,RUES MOZART / VOLTAIRE,"47,2670000"," -2,2359000",1,3,2,1966.0,5,8,8,-1,B01,3,0,2,1,1,5,4,,0.0,,2,2,0,1,1,1,0,1,50,child
201900012862,18,11,2019,0 days 18:25:00,2,44,44184,2,2,1,3,RUES MOZART / VOLTAIRE,"47,2670000"," -2,2359000",1,1,2,1992.0,0,8,0,-1,B01,3,0,2,1,1,5,4,,0.0,,2,2,0,1,1,1,0,1,50,adult
201900012936,22,11,2019,0 days 08:45:00,1,47,47165,1,1,1,2,À Carreau,"44,5002060","0,0016310",1,1,2,1982.0,1,1,-1,-1,B01,0,0,0,4,2,5,4,2,,,2,2,0,1,1,1,0,1,80,child
201900012936,22,11,2019,0 days 08:45:00,1,47,47165,1,1,1,2,À Carreau,"44,5002060","0,0016310",1,1,2,1990.0,2,0,-1,-1,B01,0,0,0,4,2,5,4,2,,,2,2,0,1,1,1,0,1,80,adult
201900012936,22,11,2019,0 days 08:45:00,1,47,47165,1,1,1,2,À Carreau,"44,5002060","0,0016310",2,4,1,2015.0,5,0,-1,-1,B01,0,0,0,4,2,5,4,2,,,2,2,0,1,1,1,0,1,80,adult
201900012936,22,11,2019,0 days 08:45:00,1,47,47165,1,1,1,2,À Carreau,"44,5002060","0,0016310",2,3,2,2016.0,5,0,-1,-1,B01,0,0,0,4,2,5,4,2,,,2,2,0,1,1,1,0,1,80,adult
201900013102,31,12,2019,0 days 15:10:00,1,37,37122,2,1,5,6,CHINON (BOULEVARD DE),"47,3524895","0,6883621",1,1,1,1964.0,5,1,0,-1,A01,3,0,2,2,15,5,4,CHINON (BOULEVARD DE),0.0,,1,1,1,1,1,1,5,5,50,child
201900013102,31,12,2019,0 days 15:10:00,1,37,37122,2,1,5,6,CHINON (BOULEVARD DE),"47,3524895","0,6883621",1,4,1,1987.0,5,8,8,-1,A01,3,0,2,2,15,5,4,CHINON (BOULEVARD DE),0.0,,1,1,1,1,1,1,5,5,50,adult
201900013127,28,12,2019,0 days 16:25:00,1,95,95210,2,3,1,3,MALLEVILLE (RUE DE),"48,9670000","2,3046500",1,3,1,1963.0,5,8,0,-1,B01,3,0,2,1,1,0,4,MALLEVILLE (RUE DE),0.0,,2,2,0,1,1,1,0,1,50,child
201900013127,28,12,2019,0 days 16:25:00,1,95,95210,2,3,1,3,MALLEVILLE (RUE DE),"48,9670000","2,3046500",1,1,2,1986.0,3,1,0,-1,B01,3,0,2,1,1,0,4,MALLEVILLE (RUE DE),0.0,,2,2,0,1,1,1,0,1,50,adult
201900013263,3,3,2019,0 days 10:30:00,1,54,54274,2,3,1,3,SAINT SAENS (RUE CAMILLE),"48,6727300","6,2090500",1,1,1,1972.0,0,1,0,-1,A01,1,0,2,2,9,5,4,SAINT SAENS (RUE CAMILLE),0.0,,1,1,0,1,1,1,0,1,50,child
201900013263,3,3,2019,0 days 10:30:00,1,54,54274,2,3,1,3,SAINT SAENS (RUE CAMILLE),"48,6727300","6,2090500",1,4,1,2002.0,0,2,0,-1,A01,1,0,2,2,9,5,4,SAINT SAENS (RUE CAMILLE),0.0,,1,1,0,1,1,1,0,1,50,adult
201900013273,12,9,2019,0 days 21:50:00,5,49,49007,2,1,1,5,FREMUR,"47,4622000"," -0,5591000",1,1,2,1945.0,5,1,8,-1,B01,1,0,2,9,0,5,4,FREMUR,0.0,,2,2,0,1,1,1,0,1,60,child
201900013273,12,9,2019,0 days 21:50:00,5,49,49007,2,1,1,5,FREMUR,"47,4622000"," -0,5591000",1,1,2,1998.0,0,1,8,-1,B01,1,0,2,9,0,5,4,FREMUR,0.0,,2,2,0,1,1,1,0,1,60,adult
201900013273,12,9,2019,0 days 21:50:00,5,49,49007,2,1,1,5,FREMUR,"47,4622000"," -0,5591000",1,4,1,1999.0,5,8,0,-1,B01,1,0,2,9,0,5,4,FREMUR,0.0,,2,2,0,1,1,1,0,1,60,adult
201900013279,13,9,2019,0 days 09:00:00,1,44,44109,2,3,1,3,BD ORION / RUE CHARLES LEBOURG,"47,2337100"," -1,5606500",1,3,2,1965.0,0,1,0,-1,A01,0,0,2,1,2,5,4,,0.0,,2,0,0,1,1,1,0,1,50,child
201900013279,13,9,2019,0 days 09:00:00,1,44,44109,2,3,1,3,BD ORION / RUE CHARLES LEBOURG,"47,2337100"," -1,5606500",1,3,1,1990.0,9,2,0,-1,A01,0,0,2,1,2,5,4,,0.0,,2,0,0,1,1,1,0,1,50,adult
201900013286,13,9,2019,0 days 15:20:00,1,35,35238,2,1,1,3,LE GUILLOUX (HENRI),"48,1165900"," -1,6965200",1,1,1,1946.0,0,8,0,-1,B01,2,1,0,1,21,6,4,LE GUILLOUX (HENRI),0.0,,2,2,0,1,1,1,0,1,50,child
201900013286,13,9,2019,0 days 15:20:00,1,35,35238,2,1,1,3,LE GUILLOUX (HENRI),"48,1165900"," -1,6965200",1,4,1,1993.0,0,2,0,-1,B01,2,1,0,1,21,6,4,LE GUILLOUX (HENRI),0.0,,2,2,0,1,1,1,0,1,50,adult
201900013333,13,9,2019,0 days 08:30:00,1,75,75120,2,4,1,3,RUE DES FOUGERES,"48,8712234","2,4106896",1,4,2,1972.0,0,8,2,-1,B01,1,0,2,6,19,5,4,RUE DES FOUGERES,0.0,,2,4,0,1,1,1,9,1,50,child
201900013333,13,9,2019,0 days 08:30:00,1,75,75120,2,4,1,3,RUE DES FOUGERES,"48,8712234","2,4106896",1,1,1,1997.0,0,1,0,-1,B01,1,0,2,6,19,5,4,RUE DES FOUGERES,0.0,,2,4,0,1,1,1,9,1,50,adult
201900013374,18,3,2019,0 days 19:55:00,3,35,35055,2,1,2,2,BREILLOU (RUE DU),"48,0969400"," -1,6198100",1,1,2,1964.0,9,1,0,-1,B01,3,0,2,4,2,5,4,BREILLOU (RUE DU),0.0,,2,2,0,2,1,2,0,1,50,child
201900013374,18,3,2019,0 days 19:55:00,3,35,35055,2,1,2,2,BREILLOU (RUE DU),"48,0969400"," -1,6198100",1,4,1,1999.0,0,8,0,-1,B01,3,0,2,4,2,5,4,BREILLOU (RUE DU),0.0,,2,2,0,2,1,2,0,1,50,adult
201900013403,18,3,2019,0 days 11:35:00,1,75,75116,2,4,1,3,AVENUE EDOUARD VAILLANT,"48,8366580","2,2551040",1,1,1,1966.0,4,2,6,-1,A01,1,0,2,2,13,5,4,AVENUE EDOUARD VAILLANT,0.0,,2,4,0,1,1,1,0,1,50,child
201900013403,18,3,2019,0 days 11:35:00,1,75,75116,2,4,1,3,AVENUE EDOUARD VAILLANT,"48,8366580","2,2551040",1,4,1,1995.0,5,2,0,-1,A01,1,0,2,2,13,5,4,AVENUE EDOUARD VAILLANT,0.0,,2,4,0,1,1,1,0,1,50,adult
201900013476,19,3,2019,0 days 12:05:00,1,62,62318,2,1,1,2,boulevard billet,"50,5173080","1,6400020",1,1,2,1957.0,1,1,-1,-1,B01,0,0,2,1,2,5,3,939,0.0,D,2,2,0,1,1,1,0,1,50,child
201900013476,19,3,2019,0 days 12:05:00,1,62,62318,2,1,1,2,boulevard billet,"50,5173080","1,6400020",1,3,1,2001.0,5,2,-1,-1,B01,0,0,2,1,2,5,3,939,0.0,D,2,2,0,1,1,1,0,1,50,adult
201900013516,18,3,2019,0 days 16:50:00,1,74,74012,2,1,1,3,FAUCIGNY (RUE DU),"46,1941900","6,2400600",1,1,1,1960.0,0,1,0,-1,A01,2,0,2,7,19,5,4,FAUCIGNY (RUE DU),0.0,,1,0,0,1,1,1,0,1,50,child
201900013516,18,3,2019,0 days 16:50:00,1,74,74012,2,1,1,3,FAUCIGNY (RUE DU),"46,1941900","6,2400600",2,1,1,1970.0,0,1,0,-1,A01,2,0,2,7,19,5,4,FAUCIGNY (RUE DU),0.0,,1,0,0,1,1,1,0,1,50,adult
201900013516,18,3,2019,0 days 16:50:00,1,74,74012,2,1,1,3,FAUCIGNY (RUE DU),"46,1941900","6,2400600",1,4,1,1982.0,0,2,0,-1,A01,2,0,2,7,19,5,4,FAUCIGNY (RUE DU),0.0,,1,0,0,1,1,1,0,1,50,adult
201900013550,4,2,2019,0 days 11:30:00,1,66,66136,2,1,1,6,KENNEDY (BD JOHN-FITZGERALD),"42,6901600","2,9021100",1,1,1,1973.0,9,1,8,-1,B01,1,0,2,1,1,5,4,KENNEDY (BD JOHN-FITZGERALD),0.0,,2,1,0,1,1,1,0,1,50,child
201900013550,4,2,2019,0 days 11:30:00,1,66,66136,2,1,1,6,KENNEDY (BD JOHN-FITZGERALD),"42,6901600","2,9021100",1,4,1,1999.0,9,8,0,-1,B01,1,0,2,1,1,5,4,KENNEDY (BD JOHN-FITZGERALD),0.0,,2,1,0,1,1,1,0,1,50,adult
201900013608,5,2,2019,0 days 13:20:00,1,17,17300,2,2,2,6,JOURDAN   RUE,"46,1642200"," -1,1604500",1,1,1,1971.0,1,1,8,-1,A01,1,0,2,7,2,5,4,MASSE   RUE CLAUDE,0.0,,1,1,0,1,1,2,0,1,50,child
201900013608,5,2,2019,0 days 13:20:00,1,17,17300,2,2,2,6,JOURDAN   RUE,"46,1642200"," -1,1604500",1,4,1,2001.0,5,8,0,-1,A01,1,0,2,7,2,5,4,MASSE   RUE CLAUDE,0.0,,1,1,0,1,1,2,0,1,50,adult
201900013659,5,2,2019,0 days 16:00:00,1,75,75111,2,1,1,3,BOULEVARD VOLTAIRE,"48,8513220","2,3909920",1,4,2,1949.0,0,2,0,-1,B01,1,0,2,5,1,5,4,BOULEVARD VOLTAIRE,0.0,,2,2,0,1,1,1,0,1,50,child
201900013659,5,2,2019,0 days 16:00:00,1,75,75111,2,1,1,3,BOULEVARD VOLTAIRE,"48,8513220","2,3909920",1,1,1,1982.0,0,1,0,-1,B01,1,0,2,5,1,5,4,BOULEVARD VOLTAIRE,0.0,,2,2,0,1,1,1,0,1,50,adult
201900013745,16,10,2019,0 days 18:40:00,1,44,44143,2,6,8,3,RUES CAMILLE CLAUDEL / LA GALARNIERE,"47,1691500"," -1,5512400",1,1,2,1968.0,0,1,0,-1,B01,1,0,2,1,1,5,4,,0.0,,-1,2,0,2,3,2,5,1,50,child
201900013745,16,10,2019,0 days 18:40:00,1,44,44143,2,6,8,3,RUES CAMILLE CLAUDEL / LA GALARNIERE,"47,1691500"," -1,5512400",1,4,2,1999.0,0,8,0,-1,B01,1,0,2,1,1,5,4,,0.0,,-1,2,0,2,3,2,5,1,50,adult
201900013772,16,10,2019,0 days 15:15:00,1,75,75110,2,1,2,6,BOULEVARD DE LA CHAPELLE,"48,8836710","2,3503830",3,3,1,1949.0,0,0,-1,-1,A01,2,0,1,1,1,5,4,BOULEVARD DE LA CHAPELLE,0.0,,3,2,1,1,1,2,0,5,30,child
201900013772,16,10,2019,0 days 15:15:00,1,75,75110,2,1,2,6,BOULEVARD DE LA CHAPELLE,"48,8836710","2,3503830",1,1,1,1992.0,0,8,2,-1,A01,2,0,1,1,1,5,4,BOULEVARD DE LA CHAPELLE,0.0,,3,2,1,1,1,2,0,5,30,adult
201900013802,15,10,2019,0 days 18:08:00,2,38,38188,1,4,2,3,51 Chemin de l'Abreuvoir,"45,1438650","5,8032310",1,1,1,1986.0,1,1,-1,-1,B01,3,0,2,1,16,5,4,,,,2,2,0,2,3,2,0,1,50,child
201900013802,15,10,2019,0 days 18:08:00,2,38,38188,1,4,2,3,51 Chemin de l'Abreuvoir,"45,1438650","5,8032310",1,4,1,2008.0,5,2,-1,-1,B01,3,0,2,1,16,5,4,,,,2,2,0,2,3,2,0,1,50,adult
201900013825,6,9,2019,0 days 08:05:00,1,73,73065,2,1,1,2,DESFRANCOIS (AVENUE DU DOCTEUR),"45,5687457","5,9286014",1,1,2,1976.0,9,1,0,-1,A01,1,0,2,1,2,5,4,DESFRANCOIS (AVENUE DU DOCTEUR),0.0,,2,2,0,1,1,1,0,1,50,child
201900013825,6,9,2019,0 days 08:05:00,1,73,73065,2,1,1,2,DESFRANCOIS (AVENUE DU DOCTEUR),"45,5687457","5,9286014",1,4,1,2006.0,0,2,0,-1,A01,1,0,2,1,2,5,4,DESFRANCOIS (AVENUE DU DOCTEUR),0.0,,2,2,0,1,1,1,0,1,50,adult
201900013858,11,10,2019,0 days 08:31:00,1,69,69383,2,2,1,3,LACASSAGNE                          (AV),"45,7544500","4,8666400",1,2,2,1966.0,0,2,0,-1,B01,1,0,2,3,1,0,4,LACASSAGNE                          (AV),0.0,,2,3,3,1,1,1,0,1,50,child
201900013858,11,10,2019,0 days 08:31:00,1,69,69383,2,2,1,3,LACASSAGNE                          (AV),"45,7544500","4,8666400",1,1,1,1988.0,4,8,0,-1,B01,1,0,2,3,1,0,4,LACASSAGNE                          (AV),0.0,,2,3,3,1,1,1,0,1,50,adult
201900013860,10,10,2019,0 days 10:25:00,1,69,69386,2,2,1,6,BROTTEAUX (DES)                     (BD),"45,7661300","4,8569500",3,4,2,1958.0,3,8,0,-1,A01,2,0,1,1,1,5,4,BROTTEAUX (DES)                     (BD),0.0,,2,4,2,1,1,1,0,1,30,child