Num_Acc,jour,mois,an,hrmn,lum,dep,com,agg,int,atm,col,adr,lat,long,catu,grav,sexe,an_nais,trajet,secu1,secu2,secu3,num_veh_y,senc,obs,obsm,choc,manv,motor,catr,voie,v1,v2,circ,nbv,vosp,prof,plan,surf,infra,situ,vma,age
201900013860,10,10,2019,0 days 10:25:00,1,69,69386,2,2,1,6,BROTTEAUX (DES)                     (BD),"45,7661300","4,8569500",1,1,2,1993.0,5,2,8,-1,A01,2,0,1,1,1,5,4,BROTTEAUX (DES)                     (BD),0.0,,2,4,2,1,1,1,0,1,30,adult
201900013862,10,10,2019,0 days 17:28:00,2,972,97213,1,1,1,1,ROUTE DEPARTEMENTALE 15,"14,6161800"," -61,0052800",1,4,1,1971.0,5,2,4,-1,A01,1,0,2,1,5,5,3,15,0.0,,2,2,0,1,1,1,0,1,50,child
201900013862,10,10,2019,0 days 17:28:00,2,972,97213,1,1,1,1,ROUTE DEPARTEMENTALE 15,"14,6161800"," -61,0052800",1,1,1,1995.0,4,1,8,-1,A01,1,0,2,1,5,5,3,15,0.0,,2,2,0,1,1,1,0,1,50,adult
201900013939,20,4,2019,0 days 14:15:00,1,92,92026,2,1,1,3,RÉPUBLIQUE ( DE 65 A FIN ),"48,9019700","2,2526600",1,1,2,1957.0,1,1,0,-1,B01,1,1,0,2,1,0,4,RÉPUBLIQUE ( DE 65 A FIN ),0.0,,2,2,0,1,1,1,0,1,50,child
201900013939,20,4,2019,0 days 14:15:00,1,92,92026,2,1,1,3,RÉPUBLIQUE ( DE 65 A FIN ),"48,9019700","2,2526600",1,4,1,1986.0,5,2,0,-1,B01,1,1,0,2,1,0,4,RÉPUBLIQUE ( DE 65 A FIN ),0.0,,2,2,0,1,1,1,0,1,50,adult
201900014016,19,4,2019,0 days 19:10:00,1,42,42199,2,2,1,3,RUE DE LA BERNARDE,"46,0315440","3,9295800",1,1,2,1985.0,9,1,-1,-1,B01,3,0,2,1,19,5,4,1,0.0,,2,2,0,1,1,1,0,1,50,child
201900014016,19,4,2019,0 days 19:10:00,1,42,42199,2,2,1,3,RUE DE LA BERNARDE,"46,0315440","3,9295800",1,3,1,2006.0,5,0,-1,-1,B01,3,0,2,1,19,5,4,1,0.0,,2,2,0,1,1,1,0,1,50,adult
201900014117,1,8,2019,0 days 17:43:00,1,87,87085,1,1,1,3,42 GROSSEREIX (ROUTE DES),"45,8943900","1,2888200",1,3,1,1947.0,5,8,0,-1,A01,1,0,2,8,25,5,4,GROSSEREIX (ROUTE DES),0.0,,2,2,0,2,1,1,0,1,50,child
201900014117,1,8,2019,0 days 17:43:00,1,87,87085,1,1,1,3,42 GROSSEREIX (ROUTE DES),"45,8943900","1,2888200",1,1,1,1980.0,1,1,0,-1,A01,1,0,2,8,25,5,4,GROSSEREIX (ROUTE DES),0.0,,2,2,0,2,1,1,0,1,50,adult
201900014168,3,8,2019,0 days 19:05:00,1,39,39300,2,1,1,3,PYMONT (CHEMIN DE),"46,6800000","5,5554500",1,1,2,1972.0,3,1,8,-1,B01,2,0,2,3,19,5,4,PYMONT (CHEMIN DE),0.0,,2,2,0,2,2,1,0,1,50,child
201900014168,3,8,2019,0 days 19:05:00,1,39,39300,2,1,1,3,PYMONT (CHEMIN DE),"46,6800000","5,5554500",1,3,1,2005.0,5,2,8,-1,B01,2,0,2,3,19,5,4,PYMONT (CHEMIN DE),0.0,,2,2,0,2,2,1,0,1,50,adult
201900014185,5,8,2019,0 days 12:45:00,1,33,33009,2,2,1,3,RAPP (AVE),"44,6583500"," -1,1803600",1,1,1,1951.0,5,1,0,-1,B01,1,0,2,1,1,5,4,14 avenue RAPP,0.0,,2,2,0,2,1,1,0,1,50,child
201900014185,5,8,2019,0 days 12:45:00,1,33,33009,2,2,1,3,RAPP (AVE),"44,6583500"," -1,1803600",1,3,2,2003.0,5,8,0,-1,B01,1,0,2,1,1,5,4,14 avenue RAPP,0.0,,2,2,0,2,1,1,0,1,50,adult
201900014241,4,8,2019,0 days 16:10:00,1,75,75117,2,1,1,3,AVENUE DE WAGRAM,"48,8866000","2,3043730",1,1,1,1975.0,5,1,8,-1,B01,2,0,2,1,1,5,4,AVENUE DE WAGRAM,0.0,,2,4,0,1,1,1,0,1,30,child
201900014241,4,8,2019,0 days 16:10:00,1,75,75117,2,1,1,3,AVENUE DE WAGRAM,"48,8866000","2,3043730",1,4,1,2001.0,0,2,8,-1,B01,2,0,2,1,1,5,4,AVENUE DE WAGRAM,0.0,,2,4,0,1,1,1,0,1,30,adult
201900014252,6,8,2019,0 days 08:30:00,1,75,75111,2,2,1,3,RUE DE CHARONNE,"48,8557651","2,3913253",1,4,2,1959.0,0,2,0,-1,A01,2,0,2,1,17,5,4,RUE DE CHARONNE,0.0,,2,2,0,2,1,1,5,1,30,child
201900014252,6,8,2019,0 days 08:30:00,1,75,75111,2,2,1,3,RUE DE CHARONNE,"48,8557651","2,3913253",1,1,1,1996.0,0,2,6,-1,A01,2,0,2,1,17,5,4,RUE DE CHARONNE,0.0,,2,2,0,2,1,1,5,1,30,adult
201900014443,6,7,2019,0 days 09:36:00,1,33,33227,2,1,1,3,RD932E2 : Boulevard Pierre Lagorce,"44,5439800"," -0,2577000",1,1,1,1941.0,5,1,-1,-1,B01,2,0,2,2,19,5,3,932E2,2.0,E,2,5,2,1,1,1,0,1,50,child
201900014443,6,7,2019,0 days 09:36:00,1,33,33227,2,1,1,3,RD932E2 : Boulevard Pierre Lagorce,"44,5439800"," -0,2577000",1,3,1,1964.0,5,0,-1,-1,B01,2,0,2,2,19,5,3,932E2,2.0,E,2,5,2,1,1,1,0,1,50,adult
201900014502,1,7,2019,0 days 08:42:00,1,41,41018,2,1,1,3,METAIRIES (RUE DES),"47,5773500","1,3396400",1,1,2,1962.0,4,1,-1,-1,B01,3,0,2,1,9,-1,4,rue des Métairies,,,2,-1,-1,1,1,1,0,1,-1,child
201900014502,1,7,2019,0 days 08:42:00,1,41,41018,2,1,1,3,METAIRIES (RUE DES),"47,5773500","1,3396400",1,4,1,2008.0,2,0,-1,-1,B01,3,0,2,1,9,-1,4,rue des Métairies,,,2,-1,-1,1,1,1,0,1,-1,adult
201900014532,2,7,2019,0 days 15:15:00,1,72,72181,2,6,1,1,MONTHEARD (RUE DE),"47,9946600","0,2161800",1,1,1,1949.0,5,1,0,-1,A01,3,0,2,1,5,5,4,MONTHEARD (RUE DE),0.0,,2,2,2,1,1,1,0,1,50,child
201900014532,2,7,2019,0 days 15:15:00,1,72,72181,2,6,1,1,MONTHEARD (RUE DE),"47,9946600","0,2161800",1,4,1,1975.0,0,8,0,-1,A01,3,0,2,1,5,5,4,MONTHEARD (RUE DE),0.0,,2,2,2,1,1,1,0,1,50,adult
201900014556,3,7,2019,0 days 12:00:00,1,44,44162,2,1,1,6,BOULEVARD CHARLES DE GAULLE,"47,2233000"," -1,6126700",1,1,1,1969.0,4,8,0,-1,B01,0,0,0,0,0,0,7,,0.0,,2,0,3,1,1,1,0,1,50,child
201900014556,3,7,2019,0 days 12:00:00,1,44,44162,2,1,1,6,BOULEVARD CHARLES DE GAULLE,"47,2233000"," -1,6126700",1,1,1,1977.0,0,8,0,-1,B01,0,0,0,0,0,0,7,,0.0,,2,0,3,1,1,1,0,1,50,adult
201900014556,3,7,2019,0 days 12:00:00,1,44,44162,2,1,1,6,BOULEVARD CHARLES DE GAULLE,"47,2233000"," -1,6126700",2,4,2,2001.0,0,8,0,-1,B01,0,0,0,0,0,0,7,,0.0,,2,0,3,1,1,1,0,1,50,adult
201900014578,3,7,2019,0 days 18:15:00,1,13,13208,2,1,1,3,PONSON RAPHAEL RUE,"43,2654000","5,3857000",1,4,1,1935.0,5,8,0,-1,A01,1,0,2,0,2,5,4,PONSON RAPHAEL RUE,0.0,,2,2,0,1,1,1,0,1,50,child
201900014578,3,7,2019,0 days 18:15:00,1,13,13208,2,1,1,3,PONSON RAPHAEL RUE,"43,2654000","5,3857000",1,1,2,1969.0,5,1,8,-1,A01,1,0,2,0,2,5,4,PONSON RAPHAEL RUE,0.0,,2,2,0,1,1,1,0,1,50,adult
201900014657,20,11,2019,0 days 21:30:00,5,51,51454,2,3,1,3,BOULEVARD LUNDY,"49,2612371","4,0306847",1,1,2,1972.0,0,1,0,-1,B01,1,0,2,1,1,5,4,BOULEVARD LUNDY,0.0,,2,2,0,1,1,1,5,1,50,child
201900014657,20,11,2019,0 days 21:30:00,5,51,51454,2,3,1,3,BOULEVARD LUNDY,"49,2612371","4,0306847",1,3,1,1996.0,4,8,6,-1,B01,1,0,2,1,1,5,4,BOULEVARD LUNDY,0.0,,2,2,0,1,1,1,5,1,50,adult
201900014660,20,11,2019,0 days 17:44:00,5,45,45286,2,1,1,3,RUE DU GENERAL DE GAULLE,"47,8910802","1,9210049",1,1,2,1985.0,0,1,8,-1,B01,2,0,2,1,1,5,4, RUE DU GENERAL DE GAULLE,0.0,,2,3,1,1,1,1,0,5,50,child
201900014660,20,11,2019,0 days 17:44:00,5,45,45286,2,1,1,3,RUE DU GENERAL DE GAULLE,"47,8910802","1,9210049",1,4,1,1990.0,5,8,0,-1,B01,2,0,2,1,1,5,4, RUE DU GENERAL DE GAULLE,0.0,,2,3,1,1,1,1,0,5,50,adult
201900014660,20,11,2019,0 days 17:44:00,5,45,45286,2,1,1,3,RUE DU GENERAL DE GAULLE,"47,8910802","1,9210049",2,1,1,2010.0,0,1,8,-1,B01,2,0,2,1,1,5,4, RUE DU GENERAL DE GAULLE,0.0,,2,3,1,1,1,1,0,5,50,adult
201900014666,20,11,2019,0 days 19:20:00,3,37,37261,2,1,1,6,PLAT D'ETAIN (RUE DU),"47,3837800","0,6728400",1,3,1,1965.0,1,2,8,-1,B01,1,1,0,1,1,0,4,PLAT D'ETAIN (RUE DU),0.0,,2,2,0,1,1,1,0,1,50,child
201900014666,20,11,2019,0 days 19:20:00,3,37,37261,2,1,1,6,PLAT D'ETAIN (RUE DU),"47,3837800","0,6728400",1,1,1,1999.0,5,8,0,-1,B01,1,1,0,1,1,0,4,PLAT D'ETAIN (RUE DU),0.0,,2,2,0,1,1,1,0,1,50,adult
201900014671,20,11,2019,0 days 11:00:00,1,27,27681,2,6,1,3,JAURES (BOULEVARD JAURES),"49,0963400","1,4637400",1,1,1,1939.0,5,1,0,-1,B01,3,0,2,1,1,5,4,JAURES (BOULEVARD JAURES),0.0,,2,2,1,1,3,1,0,1,50,child
201900014671,20,11,2019,0 days 11:00:00,1,27,27681,2,6,1,3,JAURES (BOULEVARD JAURES),"49,0963400","1,4637400",1,4,1,2000.0,1,8,0,-1,B01,3,0,2,1,1,5,4,JAURES (BOULEVARD JAURES),0.0,,2,2,1,1,3,1,0,1,50,adult
201900014756,20,11,2019,0 days 13:45:00,1,1,01376,2,2,1,3,21 Rue du Tronfou,"45,8365440","4,9828590",1,4,1,1959.0,0,2,-1,-1,B01,3,0,2,1,26,6,4,,,,-1,2,0,1,1,1,0,1,50,child
201900014756,20,11,2019,0 days 13:45:00,1,1,01376,2,2,1,3,21 Rue du Tronfou,"45,8365440","4,9828590",1,4,1,2007.0,5,0,-1,-1,B01,3,0,2,1,26,6,4,,,,-1,2,0,1,1,1,0,1,50,adult
201900014804,31,12,2019,0 days 14:38:00,1,94,94033,2,2,1,3,COMMANDANT JEAN DUHAIL (R DU),"48,8436908","2,4661609",1,1,1,1989.0,4,8,0,-1,Y01,2,0,2,1,1,0,3,240,0.0,,1,1,0,1,1,1,0,1,50,child
201900014804,31,12,2019,0 days 14:38:00,1,94,94033,2,2,1,3,COMMANDANT JEAN DUHAIL (R DU),"48,8436908","2,4661609",1,4,1,2010.0,5,8,0,-1,Y01,2,0,2,1,1,0,3,240,0.0,,1,1,0,1,1,1,0,1,50,adult
201900014847,29,12,2019,0 days 16:49:00,1,87,87085,2,1,1,2,VIGENAL (BOULEVARD DU),"45,8498300","1,2476600",1,3,1,1924.0,5,8,0,-1,B01,1,0,2,4,2,5,4,VIGENAL (BOULEVARD DU),0.0,,3,4,0,1,1,2,0,1,50,child
201900014847,29,12,2019,0 days 16:49:00,1,87,87085,2,1,1,2,VIGENAL (BOULEVARD DU),"45,8498300","1,2476600",1,1,1,1995.0,5,1,8,-1,B01,1,0,2,4,2,5,4,VIGENAL (BOULEVARD DU),0.0,,3,4,0,1,1,2,0,1,50,adult
201900014892,30,12,2019,0 days 10:15:00,1,17,17299,2,6,7,3,BEGON ROND POINT ET RUE,"45,9429640"," -0,9601650",1,4,2,1963.0,4,2,8,-1,B01,3,0,2,7,19,5,4,BEGON ROND POINT ET RUE,0.0,,2,2,0,1,1,1,0,1,30,child
201900014892,30,12,2019,0 days 10:15:00,1,17,17299,2,6,7,3,BEGON ROND POINT ET RUE,"45,9429640"," -0,9601650",1,1,2,1985.0,5,1,8,-1,B01,3,0,2,7,19,5,4,BEGON ROND POINT ET RUE,0.0,,2,2,0,1,1,1,0,1,30,adult
201900014909,30,12,2019,0 days 09:10:00,1,75,75115,2,1,1,3,RUE DE LA PORTE D ISSY,"48,8326491","2,2814197",1,4,1,1966.0,1,2,6,-1,B01,1,0,2,1,1,5,4,RUE DE LA PORTE D ISSY,0.0,,2,5,1,1,1,1,2,5,30,child
201900014909,30,12,2019,0 days 09:10:00,1,75,75115,2,1,1,3,RUE DE LA PORTE D ISSY,"48,8326491","2,2814197",1,1,1,1995.0,1,2,8,-1,B01,1,0,2,1,1,5,4,RUE DE LA PORTE D ISSY,0.0,,2,5,1,1,1,1,2,5,30,adult
201900015052,19,3,2019,0 days 10:45:00,1,67,67065,1,3,1,3,CD45,"48,5709538","7,5834201",1,2,1,1949.0,5,2,-1,-1,B01,0,0,2,0,15,5,7,45,,,2,2,0,3,2,1,5,1,70,child
201900015052,19,3,2019,0 days 10:45:00,1,67,67065,1,3,1,3,CD45,"48,5709538","7,5834201",1,1,1,1982.0,4,1,-1,-1,B01,0,0,2,0,15,5,7,45,,,2,2,0,3,2,1,5,1,70,adult
201900015098,17,3,2019,0 days 18:15:00,1,45,45234,2,1,1,3,FAUBOURG SAINT JEAN,"47,9067135","1,8888915",1,1,1,1952.0,0,1,0,-1,A01,1,0,2,8,13,5,4,FAUBOURG SAINT JEAN,0.0,,2,2,0,1,1,1,0,1,50,child
201900015098,17,3,2019,0 days 18:15:00,1,45,45234,2,1,1,3,FAUBOURG SAINT JEAN,"47,9067135","1,8888915",2,1,2,1960.0,0,1,0,-1,A01,1,0,2,8,13,5,4,FAUBOURG SAINT JEAN,0.0,,2,2,0,1,1,1,0,1,50,adult
201900015098,17,3,2019,0 days 18:15:00,1,45,45234,2,1,1,3,FAUBOURG SAINT JEAN,"47,9067135","1,8888915",1,4,1,2006.0,0,8,0,-1,A01,1,0,2,8,13,5,4,FAUBOURG SAINT JEAN,0.0,,2,2,0,1,1,1,0,1,50,adult
201900015102,15,3,2019,0 days 09:00:00,1,34,34172,2,6,1,3,FRANKLIN (ROND-POINT BENJAMIN),"43,6189400","3,9135800",1,1,2,1965.0,1,1,0,-1,A01,2,0,2,8,19,5,4,FRANKLIN (ROND-POINT BENJAMIN),0.0,,1,2,0,1,1,1,0,1,50,child
201900015102,15,3,2019,0 days 09:00:00,1,34,34172,2,6,1,3,FRANKLIN (ROND-POINT BENJAMIN),"43,6189400","3,9135800",1,4,2,1993.0,0,8,0,-1,A01,2,0,2,8,19,5,4,FRANKLIN (ROND-POINT BENJAMIN),0.0,,1,2,0,1,1,1,0,1,50,adult
201900015167,13,9,2019,0 days 13:35:00,1,93,93048,2,3,1,3,DOCTEUR SCHAFFNER (AVENUE DU),"48,8532430","2,4235500",1,1,1,1948.0,5,8,-1,-1,B01,3,1,0,2,17,5,3,39,,,2,-1,-1,1,1,1,5,1,-1,child
201900015167,13,9,2019,0 days 13:35:00,1,93,93048,2,3,1,3,DOCTEUR SCHAFFNER (AVENUE DU),"48,8532430","2,4235500",1,4,1,1971.0,0,2,0,-1,B01,3,1,0,2,17,5,3,39,,,2,-1,-1,1,1,1,5,1,-1,adult
201900015178,13,9,2019,0 days 17:10:00,1,92,92024,2,1,1,2,CLICHY (QUAI DE) DE (104 A 202),"48,9076770","2,2980344",1,1,1,1934.0,5,1,0,-1,B01,0,0,0,4,1,0,3,1,0.0,,1,2,1,1,1,1,0,1,50,child
201900015178,13,9,2019,0 days 17:10:00,1,92,92024,2,1,1,2,CLICHY (QUAI DE) DE (104 A 202),"48,9076770","2,2980344",1,4,2,1978.0,1,8,0,-1,B01,0,0,0,4,1,0,3,1,0.0,,1,2,1,1,1,1,0,1,50,adult
201900015180,13,9,2019,0 days 12:25:00,1,92,92002,2,6,1,3,AUBEPINE (RUE DE L'),"48,7407690","2,3123523",1,1,1,1961.0,4,1,8,-1,B01,2,0,2,2,1,5,4,AUBEPINE (RUE DE L'),0.0,,2,2,0,1,1,1,0,1,30,child
201900015180,13,9,2019,0 days 12:25:00,1,92,92002,2,6,1,3,AUBEPINE (RUE DE L'),"48,7407690","2,3123523",1,4,2,1982.0,1,2,0,-1,B01,2,0,2,2,1,5,4,AUBEPINE (RUE DE L'),0.0,,2,2,0,1,1,1,0,1,30,adult
201900015195,13,9,2019,0 days 16:20:00,1,56,56186,2,1,1,2,6 Boulevard Louison Bobet,"47,4751150"," -3,1022910",1,4,1,1940.0,5,0,-1,-1,B01,3,0,2,1,1,5,4,Bd Louison Bobet,,,2,2,2,2,2,1,0,5,50,child
201900015195,13,9,2019,0 days 16:20:00,1,56,56186,2,1,1,2,6 Boulevard Louison Bobet,"47,4751150"," -3,1022910",1,1,2,1969.0,0,1,-1,-1,B01,3,0,2,1,1,5,4,Bd Louison Bobet,,,2,2,2,2,2,1,0,5,50,adult
201900015279,9,9,2019,0 days 16:00:00,1,89,89387,2,3,1,5,INDUSTRIE (RUE DE L'),"48,2085273","3,2685711",1,1,1,1931.0,9,1,0,-1,C01,3,0,2,1,23,5,4,INDUSTRIE (RUE DE L'),0.0,,2,2,0,2,2,1,0,1,50,child
201900015279,9,9,2019,0 days 16:00:00,1,89,89387,2,3,1,5,INDUSTRIE (RUE DE L'),"48,2085273","3,2685711",1,4,1,1982.0,1,8,0,-1,C01,3,0,2,1,23,5,4,INDUSTRIE (RUE DE L'),0.0,,2,2,0,2,2,1,0,1,50,adult
201900015279,9,9,2019,0 days 16:00:00,1,89,89387,2,3,1,5,INDUSTRIE (RUE DE L'),"48,2085273","3,2685711",1,1,2,1992.0,9,1,0,-1,C01,3,0,2,1,23,5,4,INDUSTRIE (RUE DE L'),0.0,,2,2,0,2,2,1,0,1,50,adult
201900015292,12,9,2019,0 days 07:51:00,1,67,67482,2,1,1,2,SCHIRMECK (ROUTE DE),"48,5737750","7,7225260",1,1,1,1963.0,0,1,8,-1,B01,2,0,2,0,0,5,4,SCHIRMECK (ROUTE DE),0.0,,1,1,0,1,3,1,0,1,50,child
201900015292,12,9,2019,0 days 07:51:00,1,67,67482,2,1,1,2,SCHIRMECK (ROUTE DE),"48,5737750","7,7225260",1,4,1,2004.0,0,8,0,-1,B01,2,0,2,0,0,5,4,SCHIRMECK (ROUTE DE),0.0,,1,1,0,1,3,1,0,1,50,adult
201900015293,12,9,2019,0 days 11:40:00,1,64,64132,2,1,1,6,GEORGES CLEMENCEAU,"43,2913900"," -0,3578500",1,1,2,1965.0,1,8,0,-1,B01,2,1,0,0,13,5,4,GEORGES CLEMENCEAU,0.0,,2,0,0,1,1,1,0,1,50,child
201900015293,12,9,2019,0 days 11:40:00,1,64,64132,2,1,1,6,GEORGES CLEMENCEAU,"43,2913900"," -0,3578500",1,4,1,2000.0,1,8,0,-1,B01,2,1,0,0,13,5,4,GEORGES CLEMENCEAU,0.0,,2,0,0,1,1,1,0,1,50,adult
201900015427,16,1,2019,0 days 13:05:00,1,42,42316,2,3,1,3,RD 3,"45,3953120","4,2631510",1,1,1,1967.0,1,1,0,-1,B01,1,0,2,1,1,5,3,3,0.0,,-1,2,0,1,1,1,0,1,50,child
201900015427,16,1,2019,0 days 13:05:00,1,42,42316,2,3,1,3,RD 3,"45,3953120","4,2631510",1,4,1,1994.0,5,8,0,-1,B01,1,0,2,1,1,5,3,3,0.0,,-1,2,0,1,1,1,0,1,50,adult
201900015442,16,1,2019,0 days 13:20:00,1,75,75112,2,1,1,3,AVENUE DAUMESNIL,"48,8425960","2,3850760",1,1,1,1961.0,4,1,0,-1,B01,1,0,2,1,1,5,4,AVENUE DAUMESNIL,0.0,,2,2,1,1,1,1,9,1,50,child
201900015442,16,1,2019,0 days 13:20:00,1,75,75112,2,1,1,3,AVENUE DAUMESNIL,"48,8425960","2,3850760",1,4,1,2000.0,4,2,0,-1,B01,1,0,2,1,1,5,4,AVENUE DAUMESNIL,0.0,,2,2,1,1,1,1,9,1,50,adult
201900015446,16,1,2019,0 days 10:00:00,1,93,93078,2,1,1,3,NATIONS (AVENUE DES),"48,9713100","2,5051200",1,4,1,1962.0,0,8,0,-1,B01,3,0,2,4,11,0,4,NATIONS (AVENUE DES),0.0,,-1,0,0,1,1,1,0,1,50,child
201900015446,16,1,2019,0 days 10:00:00,1,93,93078,2,1,1,3,NATIONS (AVENUE DES),"48,9713100","2,5051200",1,1,1,1990.0,1,8,0,-1,B01,3,0,2,4,11,0,4,NATIONS (AVENUE DES),0.0,,-1,0,0,1,1,1,0,1,50,adult
201900015455,16,1,2019,0 days 19:15:00,3,62,62649,1,1,2,3,rue de Famechon,"50,1466370","2,4752410",1,1,1,1980.0,1,1,-1,-1,A01,1,0,2,8,1,5,3,1,,,2,2,0,1,1,2,0,1,80,child
201900015455,16,1,2019,0 days 19:15:00,3,62,62649,1,1,2,3,rue de Famechon,"50,1466370","2,4752410",1,4,1,2005.0,5,0,-1,-1,A01,1,0,2,8,1,5,3,1,,,2,2,0,1,1,2,0,1,80,adult
201900015481,3,2,2019,0 days 14:20:00,1,974,97416,2,1,1,1,AMIRAL LACAZE(RUE)," -21,3496100","55,4842000",1,4,1,1962.0,0,8,0,-1,A01,2,0,2,1,5,0,4,AMIRAL LACAZE(RUE),0.0,,1,1,0,2,3,1,0,1,50,child
201900015481,3,2,2019,0 days 14:20:00,1,974,97416,2,1,1,1,AMIRAL LACAZE(RUE)," -21,3496100","55,4842000",1,1,1,1988.0,0,1,0,-1,A01,2,0,2,1,5,0,4,AMIRAL LACAZE(RUE),0.0,,1,1,0,2,3,1,0,1,50,adult
201900015485,30,1,2019,0 days 11:05:00,1,974,97409,2,1,1,3,Rue Rocade Sud," -20,9730990","55,6514490",1,1,1,1978.0,1,1,8,-1,A01,2,0,2,3,19,5,3,48,0.0,,2,2,0,1,1,1,9,2,50,child
201900015485,30,1,2019,0 days 11:05:00,1,974,97409,2,1,1,3,Rue Rocade Sud," -20,9730990","55,6514490",1,4,1,2007.0,3,8,0,-1,A01,2,0,2,3,19,5,3,48,0.0,,2,2,0,1,1,1,9,2,50,adult
201900015496,31,1,2019,0 days 15:00:00,1,69,69386,2,2,2,3,DUGUESCLIN  (R),"45,7745200","4,8462500",1,1,1,1957.0,5,1,8,-1,B01,3,0,2,8,19,5,4,DUGUESCLIN  (R),0.0,,1,1,1,1,1,2,0,1,50,child
201900015496,31,1,2019,0 days 15:00:00,1,69,69386,2,2,2,3,DUGUESCLIN  (R),"45,7745200","4,8462500",1,4,2,1989.0,5,8,0,-1,B01,3,0,2,8,19,5,4,DUGUESCLIN  (R),0.0,,1,1,1,1,1,2,0,1,50,adult
201900015560,14,10,2019,0 days 12:20:00,1,69,69275,2,8,1,3,PAUL BERT                           (R ),"45,7690300","4,9511700",1,1,1,1986.0,1,1,0,-1,B01,2,0,4,8,9,5,4,PAUL BERT                           (R ),0.0,,2,2,1,1,1,1,4,6,50,child
201900015560,14,10,2019,0 days 12:20:00,1,69,69275,2,8,1,3,PAUL BERT                           (R ),"45,7690300","4,9511700",1,4,1,2007.0,2,8,0,-1,B01,2,0,4,8,9,5,4,PAUL BERT                           (R ),0.0,,2,2,1,1,1,1,4,6,50,adult
201900015563,11,10,2019,0 days 07:45:00,2,69,69266,2,6,1,3,ALBERT THOMAS    (Place),"45,7639300","4,8740500",1,1,1,1963.0,4,1,0,-1,B01,3,0,2,0,0,0,4,ALBERT THOMAS    (Place),0.0,,-1,0,0,1,3,1,0,1,50,child
201900015563,11,10,2019,0 days 07:45:00,2,69,69266,2,6,1,3,ALBERT THOMAS    (Place),"45,7639300","4,8740500",1,3,2,1988.0,0,8,0,-1,B01,3,0,2,0,0,0,4,ALBERT THOMAS    (Place),0.0,,-1,0,0,1,3,1,0,1,50,adult
201900015566,14,10,2019,0 days 13:45:00,1,67,67365,2,1,1,3,MULHOUSE (RUE DE),"48,5385400","7,7138600",1,4,2,1966.0,0,8,0,-1,B01,2,0,2,1,1,5,4,MULHOUSE (RUE DE),0.0,,2,2,1,1,2,1,0,1,30,child
201900015566,14,10,2019,0 days 13:45:00,1,67,67365,2,1,1,3,MULHOUSE (RUE DE),"48,5385400","7,7138600",1,1,2,1990.0,0,1,8,-1,B01,2,0,2,1,1,5,4,MULHOUSE (RUE DE),0.0,,2,2,1,1,2,1,0,1,30,adult
201900015570,13,10,2019,0 days 15:55:00,1,67,67482,2,1,1,1,BELGES (QUAI DES),"48,5814720","7,7823410",1,4,2,1951.0,0,8,0,-1,A01,1,0,2,1,13,5,4,BELGES (QUAI DES),0.0,,2,2,2,1,1,1,0,1,35,child
201900015570,13,10,2019,0 days 15:55:00,1,67,67482,2,1,1,1,BELGES (QUAI DES),"48,5814720","7,7823410",1,4,1,1994.0,0,8,0,-1,A01,1,0,2,1,13,5,4,BELGES (QUAI DES),0.0,,2,2,2,1,1,1,0,1,35,adult
201900015575,11,10,2019,0 days 17:45:00,1,67,67482,2,1,2,6,ALTENHEIM (ROUTE D ),"48,5362600","7,7710900",1,1,2,1963.0,0,1,8,-1,B01,2,0,2,2,1,5,4,ALTENHEIM (ROUTE D ),0.0,,2,3,0,1,1,2,0,1,50,child
201900015575,11,10,2019,0 days 17:45:00,1,67,67482,2,1,2,6,ALTENHEIM (ROUTE D ),"48,5362600","7,7710900",1,4,1,2000.0,0,8,0,-1,B01,2,0,2,2,1,5,4,ALTENHEIM (ROUTE D ),0.0,,2,3,0,1,1,2,0,1,50,adult
201900015576,11,10,2019,0 days 17:40:00,1,67,67482,2,1,1,1,RHIN (AVENUE DU),"48,5726900","7,7939600",1,4,1,1952.0,0,2,8,-1,A01,1,0,2,1,26,5,4,RHIN (AVENUE DU),0.0,,3,4,0,1,1,1,0,1,50,child
201900015576,11,10,2019,0 days 17:40:00,1,67,67482,2,1,1,1,RHIN (AVENUE DU),"48,5726900","7,7939600",1,1,1,2003.0,0,8,0,-1,A01,1,0,2,1,26,5,4,RHIN (AVENUE DU),0.0,,3,4,0,1,1,1,0,1,50,adult
201900015617,15,10,2019,0 days 15:55:00,1,54,54395,2,4,8,3,BRIAND (RUE ARISTIDE),"48,6820600","6,1649000",1,1,1,1967.0,0,1,0,-1,B01,1,0,2,1,1,5,4,BRIAND (RUE ARISTIDE),0.0,,1,2,1,1,2,1,0,1,50,child
201900015617,15,10,2019,0 days 15:55:00,1,54,54395,2,4,8,3,BRIAND (RUE ARISTIDE),"48,6820600","6,1649000",1,4,1,1995.0,0,2,-1,-1,B01,1,0,2,1,1,5,4,BRIAND (RUE ARISTIDE),0.0,,1,2,1,1,2,1,0,1,50,adult
201900015637,14,10,2019,0 days 13:13:00,1,49,49007,2,1,1,3,ROMANERIE BOULEVARD,"47,4862500"," -0,5142000",1,4,1,1942.0,5,8,0,-1,B01,1,0,2,4,0,5,4,ROMANERIE BOULEVARD,0.0,,2,2,0,1,1,1,0,1,60,child
201900015637,14,10,2019,0 days 13:13:00,1,49,49007,2,1,1,3,ROMANERIE BOULEVARD,"47,4862500"," -0,5142000",1,1,1,1982.0,0,1,8,-1,B01,1,0,2,4,0,5,4,ROMANERIE BOULEVARD,0.0,,2,2,0,1,1,1,0,1,60,adult
201900015650,14,10,2019,0 days 21:15:00,5,44,44109,2,1,1,1,RUE DE FLEURUS,"47,2120800"," -1,5423700",1,1,1,1959.0,0,1,0,-1,B01,1,0,2,7,1,5,4,,0.0,,2,0,0,1,1,2,0,1,50,child