Num_Acc,jour,mois,an,hrmn,lum,dep,com,agg,int,atm,col,adr,lat,long,catu,grav,sexe,an_nais,trajet,secu1,secu2,secu3,num_veh_y,senc,obs,obsm,choc,manv,motor,catr,voie,v1,v2,circ,nbv,vosp,prof,plan,surf,infra,situ,vma,age
201900015650,14,10,2019,0 days 21:15:00,5,44,44109,2,1,1,1,RUE DE FLEURUS,"47,2120800"," -1,5423700",1,4,1,1997.0,0,8,0,-1,B01,1,0,2,7,1,5,4,,0.0,,2,0,0,1,1,2,0,1,50,adult
201900015693,12,10,2019,0 days 17:45:00,1,29,29019,2,6,2,3,VILLENEUVE (RUE),"48,4114000"," -4,4571200",1,1,1,1975.0,5,1,0,-1,B01,0,0,2,7,1,5,4,VILLENEUVE (RUE),0.0,,2,2,0,2,2,2,0,1,30,child
201900015693,12,10,2019,0 days 17:45:00,1,29,29019,2,6,2,3,VILLENEUVE (RUE),"48,4114000"," -4,4571200",1,4,1,1996.0,1,8,0,-1,B01,0,0,2,7,1,5,4,VILLENEUVE (RUE),0.0,,2,2,0,2,2,2,0,1,30,adult
201900015706,14,10,2019,0 days 07:50:00,1,13,13117,2,1,1,6,PIGNES ( CHEMIN DES ),"43,4268300","5,2793900",1,1,1,1960.0,1,1,0,-1,A01,0,0,2,8,19,5,4,PIGNES ( CHEMIN DES ),0.0,,2,2,0,1,1,1,0,1,50,child
201900015706,14,10,2019,0 days 07:50:00,1,13,13117,2,1,1,6,PIGNES ( CHEMIN DES ),"43,4268300","5,2793900",1,4,1,2006.0,2,8,0,-1,A01,0,0,2,8,19,5,4,PIGNES ( CHEMIN DES ),0.0,,2,2,0,1,1,1,0,1,50,adult
201900015719,23,4,2019,0 days 10:00:00,1,76,76177,1,1,1,2,route de cailly,"49,5961460","1,1982420",1,2,1,1952.0,5,0,-1,-1,B01,2,0,2,5,0,5,3,6,,,2,2,0,1,1,1,0,1,80,child
201900015719,23,4,2019,0 days 10:00:00,1,76,76177,1,1,1,2,route de cailly,"49,5961460","1,1982420",1,1,1,1992.0,0,1,-1,-1,B01,2,0,2,5,0,5,3,6,,,2,2,0,1,1,1,0,1,80,adult
201900015719,23,4,2019,0 days 10:00:00,1,76,76177,1,1,1,2,route de cailly,"49,5961460","1,1982420",2,1,1,2018.0,0,3,-1,-1,B01,2,0,2,5,0,5,3,6,,,2,2,0,1,1,1,0,1,80,adult
201900015760,29,4,2019,0 days 07:50:00,1,89,89034,1,1,1,2,D965,"47,8233688","3,7550503",1,2,1,1947.0,5,2,4,-1,B01,2,0,0,4,1,5,3,965,,,4,3,0,1,3,1,0,1,80,child
201900015760,29,4,2019,0 days 07:50:00,1,89,89034,1,1,1,2,D965,"47,8233688","3,7550503",1,1,1,1977.0,1,1,-1,-1,B01,2,0,0,4,1,5,3,965,,,4,3,0,1,3,1,0,1,80,adult
201900015760,29,4,2019,0 days 07:50:00,1,89,89034,1,1,1,2,D965,"47,8233688","3,7550503",2,1,1,2002.0,1,1,-1,-1,B01,2,0,0,4,1,5,3,965,,,4,3,0,1,3,1,0,1,80,adult
201900015800,26,4,2019,0 days 16:30:00,1,44,44188,1,1,1,3,15 le verger,"47,0250930"," -1,6411150",1,1,1,1980.0,2,1,-1,-1,B01,3,0,2,1,15,5,4,,,,2,2,0,1,3,1,0,1,80,child
201900015800,26,4,2019,0 days 16:30:00,1,44,44188,1,1,1,3,15 le verger,"47,0250930"," -1,6411150",1,3,1,2003.0,3,0,-1,-1,B01,3,0,2,1,15,5,4,,,,2,2,0,1,3,1,0,1,80,adult
201900015801,25,4,2019,0 days 22:15:00,3,44,44169,1,1,2,2,RD 37,"47,2526010"," -1,3766420",1,2,1,1964.0,1,2,4,-1,B01,1,0,2,4,2,5,3,37,0.0,,2,2,0,1,1,2,0,1,80,child
201900015801,25,4,2019,0 days 22:15:00,3,44,44169,1,1,2,2,RD 37,"47,2526010"," -1,3766420",1,1,1,1993.0,5,1,-1,-1,B01,1,0,2,4,2,5,3,37,0.0,,2,2,0,1,1,2,0,1,80,adult
201900015825,20,4,2019,0 days 18:00:00,1,2,02680,1,2,1,3,D7,"49,5823610","3,4103410",1,1,1,1951.0,5,1,-1,-1,A01,2,0,0,1,9,5,3,730,,,2,2,0,1,1,1,0,1,80,child
201900015825,20,4,2019,0 days 18:00:00,1,2,02680,1,2,1,3,D7,"49,5823610","3,4103410",1,4,1,1986.0,5,0,-1,-1,A01,2,0,0,1,9,5,3,730,,,2,2,0,1,1,1,0,1,80,adult
201900015845,21,4,2019,0 days 19:30:00,1,70,70427,2,2,1,1,Rue du Vaux,"47,7492040","5,9990410",1,1,1,1978.0,5,1,-1,-1,A01,2,0,2,8,5,5,3,7,0.0,,2,2,0,2,1,1,0,1,50,child
201900015845,21,4,2019,0 days 19:30:00,1,70,70427,2,2,1,1,Rue du Vaux,"47,7492040","5,9990410",1,3,1,2005.0,5,0,-1,-1,A01,2,0,2,8,5,5,3,7,0.0,,2,2,0,2,1,1,0,1,50,adult
201900015847,17,4,2019,0 days 17:15:00,1,26,26272,1,1,1,1,RD4,"44,4931810","4,8752170",1,1,1,1936.0,5,1,-1,-1,B01,2,0,2,1,1,6,3,4,,,2,2,0,2,3,1,0,1,80,child
201900015847,17,4,2019,0 days 17:15:00,1,26,26272,1,1,1,1,RD4,"44,4931810","4,8752170",1,3,1,1970.0,5,2,-1,-1,B01,2,0,2,1,1,6,3,4,,,2,2,0,2,3,1,0,1,80,adult
201900015885,27,4,2019,0 days 05:00:00,3,90,90023,1,1,3,1,d465,"47,6996590","6,8349720",1,2,1,1957.0,0,0,-1,-1,C01,2,0,2,1,1,5,3,465,,,2,2,0,1,1,2,0,1,80,child
201900015885,27,4,2019,0 days 05:00:00,3,90,90023,1,1,3,1,d465,"47,6996590","6,8349720",1,1,1,1989.0,1,1,-1,-1,C01,2,0,2,1,1,5,3,465,,,2,2,0,1,1,2,0,1,80,adult
201900015893,23,4,2019,0 days 08:10:00,1,60,60155,2,9,1,3,Rue du Château,"49,2589490","2,3325410",3,3,2,1976.0,2,0,-1,-1,B01,2,0,2,2,19,5,3,929,,,2,2,1,1,1,1,9,1,50,child
201900015893,23,4,2019,0 days 08:10:00,1,60,60155,2,9,1,3,Rue du Château,"49,2589490","2,3325410",1,1,1,1982.0,4,1,-1,-1,B01,2,0,2,2,19,5,3,929,,,2,2,1,1,1,1,9,1,50,adult
201900015893,23,4,2019,0 days 08:10:00,1,60,60155,2,9,1,3,Rue du Château,"49,2589490","2,3325410",1,2,1,2014.0,2,0,-1,-1,B01,2,0,2,2,19,5,3,929,,,2,2,1,1,1,1,9,1,50,adult
201900015926,6,8,2019,0 days 10:30:00,1,93,93008,2,1,1,1,JAURES (AVENUE JEAN),"48,9021000","2,4405300",1,1,1,1974.0,4,8,0,-1,B01,2,1,0,1,18,5,3,30,0.0,,3,2,0,1,1,1,0,1,50,child
201900015926,6,8,2019,0 days 10:30:00,1,93,93008,2,1,1,1,JAURES (AVENUE JEAN),"48,9021000","2,4405300",1,3,1,1999.0,0,8,0,-1,B01,2,1,0,1,18,5,3,30,0.0,,3,2,0,1,1,1,0,1,50,adult
201900015927,5,8,2019,0 days 20:00:00,1,93,93008,2,1,1,3,ELUARD (AVENUE PAUL),"48,9077712","2,4443634",1,1,1,1973.0,0,8,0,-1,B01,3,14,0,1,25,5,4,ELUARD (AVENUE PAUL),0.0,,2,2,0,1,1,1,0,3,50,child
201900015927,5,8,2019,0 days 20:00:00,1,93,93008,2,1,1,3,ELUARD (AVENUE PAUL),"48,9077712","2,4443634",1,4,1,2006.0,5,8,0,-1,B01,3,14,0,1,25,5,4,ELUARD (AVENUE PAUL),0.0,,2,2,0,1,1,1,0,3,50,adult
201900015941,4,8,2019,0 days 17:10:00,1,62,62550,2,6,1,3,Rd 349,"50,3714410","2,0292140",1,1,1,1955.0,5,1,-1,-1,B01,0,0,9,1,15,5,3,349,0.0,D,2,2,0,1,2,1,5,1,50,child
201900015941,4,8,2019,0 days 17:10:00,1,62,62550,2,6,1,3,Rd 349,"50,3714410","2,0292140",1,4,2,1989.0,5,2,-1,-1,B01,0,0,9,1,15,5,3,349,0.0,D,2,2,0,1,2,1,5,1,50,adult
201900015985,7,8,2019,0 days 08:00:00,1,74,74267,2,1,2,3,RD 1508 en face du 295 Route de Piron (Sévrier),"45,8434770","6,1511630",1,3,1,1938.0,5,0,-1,-1,B01,2,0,0,8,19,5,3,1508,0.0,D,2,2,0,1,1,2,6,1,70,child
201900015985,7,8,2019,0 days 08:00:00,1,74,74267,2,1,2,3,RD 1508 en face du 295 Route de Piron (Sévrier),"45,8434770","6,1511630",1,1,1,1959.0,1,1,-1,-1,B01,2,0,0,8,19,5,3,1508,0.0,D,2,2,0,1,1,2,6,1,70,adult
201900016022,7,8,2019,0 days 09:25:00,1,84,84009,1,6,1,2,D 946,"43,7852190","5,6259150",1,3,1,1948.0,5,2,-1,-1,B01,0,0,2,4,1,5,3,956,,,2,2,1,1,2,1,0,1,80,child
201900016022,7,8,2019,0 days 09:25:00,1,84,84009,1,6,1,2,D 946,"43,7852190","5,6259150",1,1,1,1992.0,4,1,-1,-1,B01,0,0,2,4,1,5,3,956,,,2,2,1,1,2,1,0,1,80,adult
201900016035,7,8,2019,0 days 16:13:00,1,50,50551,2,1,7,2,Rue du Onze Novembre,"49,3835410"," -1,5404420",1,1,1,1938.0,5,1,-1,-1,B01,3,0,0,4,2,0,3,15,0.0,,2,2,0,2,1,1,0,1,50,child
201900016035,7,8,2019,0 days 16:13:00,1,50,50551,2,1,7,2,Rue du Onze Novembre,"49,3835410"," -1,5404420",1,2,1,1960.0,5,2,-1,-1,B01,3,0,0,4,2,0,3,15,0.0,,2,2,0,2,1,1,0,1,50,adult
201900016047,24,6,2019,0 days 12:15:00,1,40,40150,2,6,1,2,Avenue Loys Labeque,"43,8717600"," -1,2998320",1,3,2,1966.0,5,0,-1,-1,B01,0,0,2,5,12,5,3,16,,,1,1,0,1,2,1,9,1,50,child
201900016047,24,6,2019,0 days 12:15:00,1,40,40150,2,6,1,2,Avenue Loys Labeque,"43,8717600"," -1,2998320",1,1,1,2001.0,2,1,-1,-1,B01,0,0,2,5,12,5,3,16,,,1,1,0,1,2,1,9,1,50,adult
201900016075,7,8,2019,0 days 08:45:00,1,77,77420,1,1,1,2,D404,"49,0427700","2,6814200",1,3,1,1959.0,5,0,-1,-1,B01,1,0,2,4,14,0,3,404,,,2,2,0,2,1,1,0,1,80,child
201900016075,7,8,2019,0 days 08:45:00,1,77,77420,1,1,1,2,D404,"49,0427700","2,6814200",1,1,1,1995.0,0,1,-1,-1,B01,1,0,2,4,14,0,3,404,,,2,2,0,2,1,1,0,1,80,adult
201900016141,2,7,2019,0 days 16:25:00,1,50,50219,1,1,1,2,Route du Gros Frêne,"49,0653210"," -1,4673860",1,1,1,1948.0,5,1,-1,-1,B01,3,0,0,4,2,5,3,57,,,1,2,0,1,1,1,0,1,80,child
201900016141,2,7,2019,0 days 16:25:00,1,50,50219,1,1,1,2,Route du Gros Frêne,"49,0653210"," -1,4673860",1,3,1,1974.0,5,2,-1,-1,B01,3,0,0,4,2,5,3,57,,,1,2,0,1,1,1,0,1,80,adult
201900016142,4,7,2019,0 days 08:30:00,1,83,83032,1,1,1,1,,"43,4709010","6,2007590",1,3,1,1951.0,5,2,-1,-1,B01,2,0,2,1,1,5,3,13,0.0,,2,2,0,1,3,1,0,1,80,child
201900016142,4,7,2019,0 days 08:30:00,1,83,83032,1,1,1,1,,"43,4709010","6,2007590",1,1,2,1977.0,2,1,-1,-1,B01,2,0,2,1,1,5,3,13,0.0,,2,2,0,1,3,1,0,1,80,adult
201900016149,30,6,2019,0 days 17:30:00,1,973,97303,1,1,1,2,Route Nationale 1,"5,4839991"," -53,2779408",2,1,1,1963.0,4,1,-1,-1,B01,2,0,2,4,0,5,2,1,,,-1,2,0,1,1,1,0,1,90,child
201900016149,30,6,2019,0 days 17:30:00,1,973,97303,1,1,1,2,Route Nationale 1,"5,4839991"," -53,2779408",1,1,1,1981.0,4,1,-1,-1,B01,2,0,2,4,0,5,2,1,,,-1,2,0,1,1,1,0,1,90,adult
201900016149,30,6,2019,0 days 17:30:00,1,973,97303,1,1,1,2,Route Nationale 1,"5,4839991"," -53,2779408",1,3,1,2003.0,5,0,-1,-1,B01,2,0,2,4,0,5,2,1,,,-1,2,0,1,1,1,0,1,90,adult
201900016168,3,7,2019,0 days 11:15:00,1,91,91377,1,1,1,2,RD 188,"48,7227000","2,2761200",1,4,1,1952.0,0,8,0,-1,B01,1,0,2,4,1,5,3,188,0.0,,1,3,0,2,1,1,0,3,70,child
201900016168,3,7,2019,0 days 11:15:00,1,91,91377,1,1,1,2,RD 188,"48,7227000","2,2761200",1,1,2,1982.0,0,1,0,-1,B01,1,0,2,4,1,5,3,188,0.0,,1,3,0,2,1,1,0,3,70,adult
201900016223,1,7,2019,0 days 16:30:00,1,67,67447,2,1,1,3,BISCHWILLER (ROUTE DE),"48,5992800","7,7427600",1,1,2,1931.0,5,1,8,-1,B01,2,0,2,0,1,5,4,BISCHWILLER (ROUTE DE),0.0,,3,2,1,1,1,1,0,1,50,child
201900016223,1,7,2019,0 days 16:30:00,1,67,67447,2,1,1,3,BISCHWILLER (ROUTE DE),"48,5992800","7,7427600",1,4,1,1983.0,5,8,0,-1,B01,2,0,2,0,1,5,4,BISCHWILLER (ROUTE DE),0.0,,3,2,1,1,1,1,0,1,50,adult
201900016224,28,6,2019,0 days 22:40:00,5,67,67482,2,1,1,6,GERLINDE (RUE),"48,5819600","7,7127700",1,1,1,1959.0,-1,8,8,8,B01,2,0,2,1,19,5,4,GERLINDE (RUE),0.0,,2,2,0,1,1,1,0,1,30,child
201900016224,28,6,2019,0 days 22:40:00,5,67,67482,2,1,1,6,GERLINDE (RUE),"48,5819600","7,7127700",1,4,2,2014.0,5,8,0,-1,B01,2,0,2,1,19,5,4,GERLINDE (RUE),0.0,,2,2,0,1,1,1,0,1,30,adult
201900016228,2,7,2019,0 days 17:30:00,1,64,64483,2,1,1,3,CHANTACO (AVENUE DE ),"43,3825395"," -1,6483494",1,1,2,1935.0,0,1,0,-1,B01,2,0,2,8,1,5,3,918,0.0,,2,-1,1,1,1,1,0,1,50,child
201900016228,2,7,2019,0 days 17:30:00,1,64,64483,2,1,1,3,CHANTACO (AVENUE DE ),"43,3825395"," -1,6483494",1,4,1,1991.0,0,2,0,-1,B01,2,0,2,8,1,5,3,918,0.0,,2,-1,1,1,1,1,0,1,50,adult
201900016232,2,7,2019,0 days 08:45:00,1,61,61006,2,3,1,3,PARIS (AVENUE DE) N° 13,"48,7489440"," -0,0119120",1,1,2,1947.0,5,1,8,-1,B01,1,0,2,1,1,5,3,926,0.0,,2,4,2,1,1,1,0,5,50,child
201900016232,2,7,2019,0 days 08:45:00,1,61,61006,2,3,1,3,PARIS (AVENUE DE) N° 13,"48,7489440"," -0,0119120",1,4,1,1995.0,1,2,8,-1,B01,1,0,2,1,1,5,3,926,0.0,,2,4,2,1,1,1,0,5,50,adult
201900016245,19,6,2019,0 days 02:54:00,5,49,49007,2,1,1,6,BAUDRIERE,"47,4719300"," -0,5564900",1,4,1,1963.0,9,8,8,-1,B01,2,0,2,1,5,5,4,BAUDRIERE,0.0,,1,1,0,2,1,1,0,1,30,child
201900016245,19,6,2019,0 days 02:54:00,5,49,49007,2,1,1,6,BAUDRIERE,"47,4719300"," -0,5564900",2,1,1,2001.0,9,1,0,-1,B01,2,0,2,1,5,5,4,BAUDRIERE,0.0,,1,1,0,2,1,1,0,1,30,adult
201900016245,19,6,2019,0 days 02:54:00,5,49,49007,2,1,1,6,BAUDRIERE,"47,4719300"," -0,5564900",1,1,1,2002.0,0,1,0,-1,B01,2,0,2,1,5,5,4,BAUDRIERE,0.0,,1,1,0,2,1,1,0,1,30,adult
201900016262,30,6,2019,0 days 21:15:00,1,31,31555,2,1,1,3,AV DE LARDENNE,"43,5929200","1,3893200",1,1,1,1982.0,5,1,7,-1,B01,1,0,2,8,1,5,3,632,0.0,,2,2,1,1,1,1,0,1,50,child
201900016262,30,6,2019,0 days 21:15:00,1,31,31555,2,1,1,3,AV DE LARDENNE,"43,5929200","1,3893200",1,4,1,2011.0,5,2,7,-1,B01,1,0,2,8,1,5,3,632,0.0,,2,2,1,1,1,1,0,1,50,adult
201900016288,13,5,2019,0 days 10:50:00,1,51,51454,2,2,1,1,PLACE LUTON,"49,2700900","4,0253700",1,4,2,1976.0,5,8,0,-1,B01,2,0,2,7,1,5,4,PLACE LUTON,0.0,,1,2,1,1,1,1,0,1,50,child
201900016288,13,5,2019,0 days 10:50:00,1,51,51454,2,2,1,1,PLACE LUTON,"49,2700900","4,0253700",1,1,2,2000.0,5,1,0,-1,B01,2,0,2,7,1,5,4,PLACE LUTON,0.0,,1,2,1,1,1,1,0,1,50,adult
201900016304,13,5,2019,0 days 08:55:00,1,22,22278,2,1,1,3,ARMOR (AV. D') COTE IMPAIR,"48,5122720"," -2,7541940",1,1,2,1976.0,0,8,0,-1,B01,2,1,0,1,1,0,4,ARMOR (AV. D') COTE IMPAIR,0.0,,2,3,2,1,1,1,2,1,50,child
201900016304,13,5,2019,0 days 08:55:00,1,22,22278,2,1,1,3,ARMOR (AV. D') COTE IMPAIR,"48,5122720"," -2,7541940",1,4,2,1982.0,1,2,0,-1,B01,2,1,0,1,1,0,4,ARMOR (AV. D') COTE IMPAIR,0.0,,2,3,2,1,1,1,2,1,50,adult
201900016304,13,5,2019,0 days 08:55:00,1,22,22278,2,1,1,3,ARMOR (AV. D') COTE IMPAIR,"48,5122720"," -2,7541940",2,1,2,2002.0,2,8,0,-1,B01,2,1,0,1,1,0,4,ARMOR (AV. D') COTE IMPAIR,0.0,,2,3,2,1,1,1,2,1,50,adult
201900016330,21,5,2019,0 days 09:22:00,1,7,07070,2,3,1,3,COLONNEL ROUSSET (AVENUE DU),"44,9587600","4,8474100",1,4,1,1949.0,5,2,0,-1,B01,3,0,2,8,2,5,3,86,0.0,,2,2,0,1,1,1,0,1,50,child
201900016330,21,5,2019,0 days 09:22:00,1,7,07070,2,3,1,3,COLONNEL ROUSSET (AVENUE DU),"44,9587600","4,8474100",1,1,2,1971.0,0,1,0,-1,B01,3,0,2,8,2,5,3,86,0.0,,2,2,0,1,1,1,0,1,50,adult
201900016331,30,4,2019,0 days 08:47:00,1,7,07102,2,3,1,3,LANGUEDOC (Rue du),"44,9276600","4,8621800",1,1,2,1961.0,5,1,0,-1,A01,3,0,2,1,15,5,4,LANGUEDOC (Rue du),0.0,,2,2,0,1,1,1,0,1,50,child
201900016331,30,4,2019,0 days 08:47:00,1,7,07102,2,3,1,3,LANGUEDOC (Rue du),"44,9276600","4,8621800",1,4,2,1999.0,5,8,0,-1,A01,3,0,2,1,15,5,4,LANGUEDOC (Rue du),0.0,,2,2,0,1,1,1,0,1,50,adult
201900016334,14,3,2019,0 days 08:15:00,1,2,02722,2,6,2,6,MAIL ( ROND POINT DU ),"49,3843000","3,3295600",1,1,1,1937.0,5,1,0,-1,B01,3,0,2,7,1,5,4,MAIL ( AVENUE DU ),0.0,,2,-1,0,1,1,2,5,1,50,child
201900016334,14,3,2019,0 days 08:15:00,1,2,02722,2,6,2,6,MAIL ( ROND POINT DU ),"49,3843000","3,3295600",1,3,1,2001.0,5,8,8,-1,B01,3,0,2,7,1,5,4,MAIL ( AVENUE DU ),0.0,,2,-1,0,1,1,2,5,1,50,adult
201900016392,1,5,2019,0 days 09:05:00,1,988,98818,2,3,2,3,RUE TINDALE/RUE JULES GARNIER," -22,2899200","166,4426700",1,1,1,1949.0,5,8,8,-1,B01,0,0,0,3,1,5,4,594,0.0,,2,2,0,1,1,2,0,1,50,child
201900016392,1,5,2019,0 days 09:05:00,1,988,98818,2,3,2,3,RUE TINDALE/RUE JULES GARNIER," -22,2899200","166,4426700",1,4,1,1973.0,5,2,2,-1,B01,0,0,0,3,1,5,4,594,0.0,,2,2,0,1,1,2,0,1,50,adult
201900016405,7,5,2019,0 days 18:15:00,2,974,97416,2,3,1,3,D28 LIGNE DES BAMBOUS," -21,2989000","55,4939000",1,1,1,1977.0,0,1,8,-1,B01,2,0,2,1,26,5,4,D28 LIGNE DES BAMBOUS,0.0,,2,2,0,2,1,1,0,1,50,child
201900016405,7,5,2019,0 days 18:15:00,2,974,97416,2,3,1,3,D28 LIGNE DES BAMBOUS," -21,2989000","55,4939000",1,4,1,2002.0,5,8,0,-1,B01,2,0,2,1,26,5,4,D28 LIGNE DES BAMBOUS,0.0,,2,2,0,2,1,1,0,1,50,adult
201900016425,19,11,2019,0 days 08:20:00,1,77,77294,2,2,1,2,LILAS (AVENUE DES),"48,9553678","2,6067612",1,1,2,1967.0,2,8,0,-1,Y01,3,0,2,4,19,0,4,LILAS (AVENUE DES),0.0,,2,2,0,1,1,1,0,1,50,child
201900016425,19,11,2019,0 days 08:20:00,1,77,77294,2,2,1,2,LILAS (AVENUE DES),"48,9553678","2,6067612",1,4,1,2006.0,2,8,0,-1,Y01,3,0,2,4,19,0,4,LILAS (AVENUE DES),0.0,,2,2,0,1,1,1,0,1,50,adult
201900016468,18,11,2019,0 days 16:15:00,1,17,17306,2,1,1,2,AMPERE,"45,6306600"," -1,0051800",1,4,1,1946.0,3,8,0,-1,B01,0,0,0,0,0,5,4,Jean Delay,0.0,,2,2,0,2,1,1,9,1,50,child
201900016468,18,11,2019,0 days 16:15:00,1,17,17306,2,1,1,2,AMPERE,"45,6306600"," -1,0051800",1,1,2,1978.0,0,1,0,-1,B01,0,0,0,0,0,5,4,Jean Delay,0.0,,2,2,0,2,1,1,9,1,50,adult
201900016469,19,11,2019,0 days 08:20:00,2,17,17028,2,6,1,3,REPUBLIQUE   BOULEVARD DE LA,"46,1397900"," -1,1452000",1,4,2,1967.0,1,2,4,-1,A01,3,0,2,7,1,5,4,REPUBLIQUE   BOULEVARD DE LA,0.0,,2,2,2,1,3,1,0,1,50,child
201900016469,19,11,2019,0 days 08:20:00,2,17,17028,2,6,1,3,REPUBLIQUE   BOULEVARD DE LA,"46,1397900"," -1,1452000",1,1,1,1997.0,1,1,0,-1,A01,3,0,2,7,1,5,4,REPUBLIQUE   BOULEVARD DE LA,0.0,,2,2,2,1,3,1,0,1,50,adult
201900016664,27,12,2019,0 days 17:20:00,3,2B,2B050,2,1,1,3,D81,"42,5636940","8,7420920",1,4,1,1974.0,5,6,2,-1,B01,2,0,2,1,2,5,3,81,0.0,B,2,2,0,1,1,1,0,1,30,child
201900016664,27,12,2019,0 days 17:20:00,3,2B,2B050,2,1,1,3,D81,"42,5636940","8,7420920",2,4,1,2005.0,5,2,-1,-1,B01,2,0,2,1,2,5,3,81,0.0,B,2,2,0,1,1,1,0,1,30,adult
201900016737,28,12,2019,0 days 17:40:00,5,75,75113,2,3,1,3,RUE DARMESTETER,"48,8234000","2,3750320",1,1,1,1949.0,0,1,0,-1,B01,1,0,2,1,1,5,4,RUE DARMESTETER,0.0,,2,2,1,2,1,1,0,5,50,child
201900016737,28,12,2019,0 days 17:40:00,5,75,75113,2,3,1,3,RUE DARMESTETER,"48,8234000","2,3750320",1,4,1,1987.0,5,8,2,-1,B01,1,0,2,1,1,5,4,RUE DARMESTETER,0.0,,2,2,1,2,1,1,0,5,50,adult
201900016800,18,3,2019,0 days 08:40:00,1,38,38565,1,1,1,3,3345 avenue du 11 novembre,"45,2697360","5,6529310",1,4,2,1964.0,1,0,-1,-1,B01,1,0,2,1,1,5,3,1075,0.0,D,2,2,2,1,1,1,0,5,70,child
201900016800,18,3,2019,0 days 08:40:00,1,38,38565,1,1,1,3,3345 avenue du 11 novembre,"45,2697360","5,6529310",1,1,1,1988.0,4,1,-1,-1,B01,1,0,2,1,1,5,3,1075,0.0,D,2,2,2,1,1,1,0,5,70,adult
201900016850,15,1,2019,0 days 08:30:00,2,94,94002,2,9,8,3,TOULON (R DE),"48,7876300","2,4289200",1,4,2,1961.0,5,8,4,-1,B01,2,0,2,1,1,5,4,TOULON (R DE),0.0,,1,1,1,1,1,1,0,2,50,child
201900016850,15,1,2019,0 days 08:30:00,2,94,94002,2,9,8,3,TOULON (R DE),"48,7876300","2,4289200",1,1,1,1987.0,5,1,0,-1,B01,2,0,2,1,1,5,4,TOULON (R DE),0.0,,1,1,1,1,1,1,0,2,50,adult
201900016879,14,3,2019,0 days 18:30:00,5,69,69152,2,1,2,6,HENRI BARBUSSE                      (R ),"45,6974400","4,8212500",1,1,2,1964.0,1,8,8,-1,B01,2,0,6,1,26,5,4,HENRI BARBUSSE                      (R ),0.0,,-1,2,0,1,1,2,0,1,50,child
201900016879,14,3,2019,0 days 18:30:00,5,69,69152,2,1,2,6,HENRI BARBUSSE                      (R ),"45,6974400","4,8212500",1,4,1,1991.0,1,8,8,-1,B01,2,0,6,1,26,5,4,HENRI BARBUSSE                      (R ),0.0,,-1,2,0,1,1,2,0,1,50,adult
201900016879,14,3,2019,0 days 18:30:00,5,69,69152,2,1,2,6,HENRI BARBUSSE                      (R ),"45,6974400","4,8212500",2,1,2,1996.0,1,8,8,-1,B01,2,0,6,1,26,5,4,HENRI BARBUSSE                      (R ),0.0,,-1,2,0,1,1,2,0,1,50,adult
201900016921,13,3,2019,0 days 17:45:00,1,67,67482,2,1,2,6,22 NOVEMBRE (RUE DU),"48,5828880","7,7407980",3,3,2,1952.0,0,8,0,-1,A01,1,0,1,1,1,5,4,22 NOVEMBRE (RUE DU),0.0,,2,3,1,1,1,2,8,1,30,child
201900016921,13,3,2019,0 days 17:45:00,1,67,67482,2,1,2,6,22 NOVEMBRE (RUE DU),"48,5828880","7,7407980",1,4,1,1993.0,5,2,0,-1,A01,1,0,1,1,1,5,4,22 NOVEMBRE (RUE DU),0.0,,2,3,1,1,1,2,8,1,30,adult
201900016932,15,3,2019,0 days 00:50:00,5,59,59350,2,7,8,3,SEBASTOPOL PLACE N°1 - 11,"50,6289900","3,0589500",1,1,1,1900.0,-1,1,0,0,B01,1,14,2,1,2,5,4,SEBASTOPOL PLACE N°1 - 11,0.0,,4,4,0,1,1,1,0,1,50,child
201900016932,15,3,2019,0 days 00:50:00,5,59,59350,2,7,8,3,SEBASTOPOL PLACE N°1 - 11,"50,6289900","3,0589500",1,4,1,1996.0,5,8,0,-1,B01,1,14,2,1,2,5,4,SEBASTOPOL PLACE N°1 - 11,0.0,,4,4,0,1,1,1,0,1,50,adult
201900016937,15,3,2019,0 days 17:20:00,1,50,50165,2,3,6,3,MOULIN (RUE DU),"48,8451000"," -1,5768900",1,1,1,1964.0,1,1,0,-1,B01,2,0,2,2,15,5,3,21,0.0,,2,2,0,2,1,1,0,1,50,child
201900016937,15,3,2019,0 days 17:20:00,1,50,50165,2,3,6,3,MOULIN (RUE DU),"48,8451000"," -1,5768900",1,3,1,2001.0,0,8,0,-1,B01,2,0,2,2,15,5,3,21,0.0,,2,2,0,2,1,1,0,1,50,adult
201900016964,1,2,2019,0 days 18:30:00,2,71,71445,2,1,1,1,VARENNE (RUE DE LA),"46,7783400","4,8951000",1,4,1,1949.0,0,8,0,-1,A01,1,0,2,1,26,5,4,VARENNE (RUE DE LA),0.0,,2,2,0,1,1,1,0,1,50,child
201900016964,1,2,2019,0 days 18:30:00,2,71,71445,2,1,1,1,VARENNE (RUE DE LA),"46,7783400","4,8951000",1,1,1,1997.0,9,1,8,-1,A01,1,0,2,1,26,5,4,VARENNE (RUE DE LA),0.0,,2,2,0,1,1,1,0,1,50,adult
201900016995,28,1,2019,0 days 13:10:00,1,49,49007,2,2,1,3,BIRGE BOULEVARD,"47,4705600"," -0,5190200",1,2,1,1936.0,5,2,8,-1,B01,2,0,2,8,1,5,4,BIRGE BOULEVARD,0.0,,3,5,0,1,1,1,5,1,50,child
201900016995,28,1,2019,0 days 13:10:00,1,49,49007,2,2,1,3,BIRGE BOULEVARD,"47,4705600"," -0,5190200",1,1,1,1968.0,4,1,0,-1,B01,2,0,2,8,1,5,4,BIRGE BOULEVARD,0.0,,3,5,0,1,1,1,5,1,50,adult