Num_Acc,jour,mois,an,hrmn,lum,dep,com,agg,int,atm,col,adr,lat,long,catu,grav,sexe,an_nais,trajet,secu1,secu2,secu3,num_veh_y,senc,obs,obsm,choc,manv,motor,catr,voie,v1,v2,circ,nbv,vosp,prof,plan,surf,infra,situ,vma,age
201900017002,31,1,2019,0 days 08:45:00,1,42,42187,2,1,1,6,THOMAS (RUE ALBERT),"46,0466700","4,0743600",1,1,1,1932.0,5,1,0,-1,B01,2,1,0,1,1,5,4,THOMAS (RUE ALBERT),0.0,,2,2,0,1,1,1,0,1,50,child
201900017002,31,1,2019,0 days 08:45:00,1,42,42187,2,1,1,6,THOMAS (RUE ALBERT),"46,0466700","4,0743600",1,4,2,1958.0,1,8,0,-1,B01,2,1,0,1,1,5,4,THOMAS (RUE ALBERT),0.0,,2,2,0,1,1,1,0,1,50,adult
201900017020,2,2,2019,0 days 12:00:00,1,34,34172,2,2,2,3,TOULOUSE (AVENUE DE,"43,5973300","3,8642200",1,1,1,1952.0,5,1,0,-1,B01,2,0,2,1,1,5,4,TOULOUSE (AVENUE DE,0.0,,2,4,0,1,1,2,0,1,50,child
201900017020,2,2,2019,0 days 12:00:00,1,34,34172,2,2,2,3,TOULOUSE (AVENUE DE,"43,5973300","3,8642200",1,4,1,1990.0,0,8,0,-1,B01,2,0,2,1,1,5,4,TOULOUSE (AVENUE DE,0.0,,2,4,0,1,1,2,0,1,50,adult
201900017032,22,1,2019,0 days 08:00:00,1,33,33281,2,2,2,3,AVE DES EYQUEMS,"44,8279300"," -0,6461500",1,4,1,1968.0,0,8,0,-1,B01,0,0,2,1,1,5,4,AVE DES EYQUEMS,0.0,,2,4,2,1,1,2,0,1,30,child
201900017032,22,1,2019,0 days 08:00:00,1,33,33281,2,2,2,3,AVE DES EYQUEMS,"44,8279300"," -0,6461500",1,1,2,1994.0,4,8,0,-1,B01,0,0,2,1,1,5,4,AVE DES EYQUEMS,0.0,,2,4,2,1,1,2,0,1,30,adult
201900017035,24,1,2019,0 days 13:40:00,1,33,33039,2,2,1,3,RUE CALIXTE CAMELLE,"44,8087900"," -0,5422600",1,1,2,1953.0,0,1,0,-1,A01,1,15,2,1,19,0,4,RUE CALIXTE CAMELLE,0.0,,2,4,2,1,1,1,0,8,30,child
201900017035,24,1,2019,0 days 13:40:00,1,33,33039,2,2,1,3,RUE CALIXTE CAMELLE,"44,8087900"," -0,5422600",1,4,1,1977.0,0,8,0,-1,A01,1,15,2,1,19,0,4,RUE CALIXTE CAMELLE,0.0,,2,4,2,1,1,1,0,8,30,adult
201900017058,31,1,2019,0 days 16:50:00,1,17,17300,2,6,1,6,REPUBLIQUE   BOULEVARD DE LA,"46,1418800"," -1,1401480",1,2,1,1961.0,0,8,0,-1,C01,3,0,2,8,1,0,4,REPUBLIQUE   BOULEVARD DE LA,0.0,,2,2,1,1,3,2,0,1,50,child
201900017058,31,1,2019,0 days 16:50:00,1,17,17300,2,6,1,6,REPUBLIQUE   BOULEVARD DE LA,"46,1418800"," -1,1401480",1,1,1,1990.0,0,1,0,-1,C01,3,0,2,8,1,0,4,REPUBLIQUE   BOULEVARD DE LA,0.0,,2,2,1,1,3,2,0,1,50,adult
201900017058,31,1,2019,0 days 16:50:00,1,17,17300,2,6,1,6,REPUBLIQUE   BOULEVARD DE LA,"46,1418800"," -1,1401480",1,1,1,1992.0,4,1,0,-1,C01,3,0,2,8,1,0,4,REPUBLIQUE   BOULEVARD DE LA,0.0,,2,2,1,1,3,2,0,1,50,adult
201900017118,12,9,2019,0 days 09:40:00,1,75,75107,2,3,1,3,AVENUE BOSQUET,"48,8598198","2,3028583",1,1,1,1929.0,0,1,0,-1,A01,2,0,2,1,5,5,4,AVENUE BOSQUET,0.0,,1,3,-1,1,1,1,0,1,30,child
201900017118,12,9,2019,0 days 09:40:00,1,75,75107,2,3,1,3,AVENUE BOSQUET,"48,8598198","2,3028583",1,4,2,1983.0,0,8,2,-1,A01,2,0,2,1,5,5,4,AVENUE BOSQUET,0.0,,1,3,-1,1,1,1,0,1,30,adult
201900017125,12,9,2019,0 days 09:30:00,1,94,94017,2,3,8,3,STALINGRAD (BD DE),"48,8244750","2,4960240",1,3,1,1936.0,3,2,0,-1,B01,3,0,0,8,19,0,3,145,0.0,,2,3,0,1,1,1,0,1,50,child
201900017125,12,9,2019,0 days 09:30:00,1,94,94017,2,3,8,3,STALINGRAD (BD DE),"48,8244750","2,4960240",1,1,2,1999.0,4,1,6,-1,B01,3,0,0,8,19,0,3,145,0.0,,2,3,0,1,1,1,0,1,50,adult
201900017145,12,9,2019,0 days 16:45:00,1,62,62491,2,1,1,3,33 Rue du 11 Novembre,"50,6290450","2,7706520",1,4,1,1953.0,5,2,-1,-1,B01,1,0,2,2,17,5,9,33,,,2,2,0,1,1,1,0,1,50,child
201900017145,12,9,2019,0 days 16:45:00,1,62,62491,2,1,1,3,33 Rue du 11 Novembre,"50,6290450","2,7706520",1,1,2,1977.0,0,1,-1,-1,B01,1,0,2,2,17,5,9,33,,,2,2,0,1,1,1,0,1,50,adult
201900017189,12,9,2019,0 days 18:00:00,1,973,97311,2,3,1,3,Avenue Paul Castaing,"5,4858373"," -54,0163141",1,1,1,1967.0,5,1,-1,-1,B01,3,0,2,6,0,5,4,Paul castaing,,,2,2,0,1,1,1,0,1,50,child
201900017189,12,9,2019,0 days 18:00:00,1,973,97311,2,3,1,3,Avenue Paul Castaing,"5,4858373"," -54,0163141",1,3,2,1988.0,1,0,-1,-1,B01,3,0,2,6,0,5,4,Paul castaing,,,2,2,0,1,1,1,0,1,50,adult
201900017189,12,9,2019,0 days 18:00:00,1,973,97311,2,3,1,3,Avenue Paul Castaing,"5,4858373"," -54,0163141",2,1,1,1995.0,1,1,-1,-1,B01,3,0,2,6,0,5,4,Paul castaing,,,2,2,0,1,1,1,0,1,50,adult
201900017198,13,9,2019,0 days 06:15:00,3,74,74094,2,1,1,1,Route de la Bergue,"46,1807680","6,2931430",1,3,1,1962.0,1,2,-1,-1,B01,2,0,2,1,1,5,3,183,,,2,2,0,2,4,1,0,1,50,child
201900017198,13,9,2019,0 days 06:15:00,3,74,74094,2,1,1,1,Route de la Bergue,"46,1807680","6,2931430",1,1,1,1987.0,1,1,-1,-1,B01,2,0,2,1,1,5,3,183,,,2,2,0,2,4,1,0,1,50,adult
201900017235,11,9,2019,0 days 18:55:00,1,69,69387,2,9,1,3,VIVIER (DU)                         (R ),"45,7416400","4,8482300",2,4,2,1932.0,0,8,0,-1,A01,1,0,2,1,19,0,4,VIVIER (DU)                         (R ),0.0,,1,2,0,1,1,1,0,1,50,child
201900017235,11,9,2019,0 days 18:55:00,1,69,69387,2,9,1,3,VIVIER (DU)                         (R ),"45,7416400","4,8482300",1,1,1,1981.0,0,8,0,-1,A01,1,0,2,1,19,0,4,VIVIER (DU)                         (R ),0.0,,1,2,0,1,1,1,0,1,50,adult
201900017235,11,9,2019,0 days 18:55:00,1,69,69387,2,9,1,3,VIVIER (DU)                         (R ),"45,7416400","4,8482300",1,4,2,1990.0,0,8,0,-1,A01,1,0,2,1,19,0,4,VIVIER (DU)                         (R ),0.0,,1,2,0,1,1,1,0,1,50,adult
201900017235,11,9,2019,0 days 18:55:00,1,69,69387,2,9,1,3,VIVIER (DU)                         (R ),"45,7416400","4,8482300",2,4,1,1997.0,0,8,0,-1,A01,1,0,2,1,19,0,4,VIVIER (DU)                         (R ),0.0,,1,2,0,1,1,1,0,1,50,adult
201900017269,8,9,2019,0 days 16:40:00,1,67,67482,2,1,2,1,EXTENWOERTH (RUE DE L ),"48,5590330","7,7535830",1,4,1,1968.0,0,2,8,-1,A01,1,0,2,1,1,5,4,EXTENWOERTH (RUE DE L ),0.0,,2,2,2,1,4,2,0,1,30,child
201900017269,8,9,2019,0 days 16:40:00,1,67,67482,2,1,2,1,EXTENWOERTH (RUE DE L ),"48,5590330","7,7535830",1,1,1,1995.0,-1,8,-1,-1,A01,1,0,2,1,1,5,4,EXTENWOERTH (RUE DE L ),0.0,,2,2,2,1,4,2,0,1,30,adult
201900017278,10,9,2019,0 days 08:15:00,1,56,56083,2,1,1,6,JOFFRE (RUE  DU MARECHAL ),"47,8076683"," -3,2713294",3,4,1,1958.0,4,8,0,-1,A01,3,0,1,1,25,5,4,JOFFRE (RUE  DU MARECHAL ),0.0,,2,2,0,1,1,1,9,4,30,child
201900017278,10,9,2019,0 days 08:15:00,1,56,56083,2,1,1,6,JOFFRE (RUE  DU MARECHAL ),"47,8076683"," -3,2713294",1,1,1,1987.0,5,2,0,-1,A01,3,0,1,1,25,5,4,JOFFRE (RUE  DU MARECHAL ),0.0,,2,2,0,1,1,1,9,4,30,adult
201900017281,10,9,2019,0 days 12:00:00,1,51,51454,2,1,1,1,BOULEVARD SAINT MARCEAUX,"49,2522424","4,0438949",1,1,1,1942.0,5,1,0,-1,Y01,1,0,2,7,12,5,4,BOULEVARD SAINT MARCEAUX,0.0,,2,4,0,1,1,1,0,1,50,child
201900017281,10,9,2019,0 days 12:00:00,1,51,51454,2,1,1,1,BOULEVARD SAINT MARCEAUX,"49,2522424","4,0438949",1,4,1,1998.0,1,8,0,-1,Y01,1,0,2,7,12,5,4,BOULEVARD SAINT MARCEAUX,0.0,,2,4,0,1,1,1,0,1,50,adult
201900017336,14,10,2019,0 days 16:20:00,1,93,93053,2,9,1,3,GENERAL DE GAULLE (ROND POINT DU),"48,8880000","2,4580000",1,4,1,1957.0,0,2,0,-1,A01,3,12,2,5,9,5,4,GENERAL DE GAULLE (ROND POINT DU),0.0,,4,2,0,2,3,1,9,1,50,child
201900017336,14,10,2019,0 days 16:20:00,1,93,93053,2,9,1,3,GENERAL DE GAULLE (ROND POINT DU),"48,8880000","2,4580000",1,1,1,1995.0,1,1,0,-1,A01,3,12,2,5,9,5,4,GENERAL DE GAULLE (ROND POINT DU),0.0,,4,2,0,2,3,1,9,1,50,adult
201900017389,11,10,2019,0 days 11:40:00,1,67,67263,2,3,1,3,10 Rue des Ecoles,"49,0028620","7,7937890",1,1,1,1953.0,5,8,-1,-1,B01,3,0,2,7,10,5,4,,,,2,2,3,4,1,1,0,1,50,child
201900017389,11,10,2019,0 days 11:40:00,1,67,67263,2,3,1,3,10 Rue des Ecoles,"49,0028620","7,7937890",1,3,2,2017.0,2,2,-1,-1,B01,3,0,2,7,10,5,4,,,,2,2,3,4,1,1,0,1,50,adult
201900017454,15,10,2019,0 days 07:45:00,2,5,05017,2,3,3,3,Avenue Francois Mitterrand,"44,5647564","6,1984831",1,1,2,1961.0,1,8,-1,-1,B01,3,0,2,8,1,5,3,11,,,2,2,-1,1,1,1,0,1,50,child
201900017454,15,10,2019,0 days 07:45:00,2,5,05017,2,3,3,3,Avenue Francois Mitterrand,"44,5647564","6,1984831",1,4,2,2007.0,2,0,-1,-1,B01,3,0,2,8,1,5,3,11,,,2,2,-1,1,1,1,0,1,50,adult
201900017479,22,4,2019,0 days 15:25:00,1,64,64148,2,1,1,2,place de la mairie,"43,1266424"," -0,3041451",1,4,1,1950.0,5,2,-1,-1,B01,2,0,0,4,1,5,3,35,0.0,D,2,2,0,1,1,1,0,1,50,child
201900017479,22,4,2019,0 days 15:25:00,1,64,64148,2,1,1,2,place de la mairie,"43,1266424"," -0,3041451",1,1,2,1985.0,5,1,-1,-1,B01,2,0,0,4,1,5,3,35,0.0,D,2,2,0,1,1,1,0,1,50,adult
201900017489,22,4,2019,0 days 08:55:00,1,43,43141,2,3,1,3,Rue des Petits Communaux,"45,1879870","4,3240540",1,2,1,1945.0,5,2,-1,-1,B01,1,0,2,2,15,5,3,61,,,4,2,0,1,1,1,0,1,50,child
201900017489,22,4,2019,0 days 08:55:00,1,43,43141,2,3,1,3,Rue des Petits Communaux,"45,1879870","4,3240540",1,1,1,1985.0,5,1,-1,-1,B01,1,0,2,2,15,5,3,61,,,4,2,0,1,1,1,0,1,50,adult
201900017504,21,4,2019,0 days 10:45:00,1,21,21496,1,1,1,5,D 959,"47,3015010","5,4457780",1,1,2,1948.0,0,1,-1,-1,A01,2,0,2,3,17,5,3,959,0.0,,2,2,0,1,1,1,0,1,80,child
201900017504,21,4,2019,0 days 10:45:00,1,21,21496,1,1,1,5,D 959,"47,3015010","5,4457780",1,3,1,2001.0,5,2,-1,-1,A01,2,0,2,3,17,5,3,959,0.0,,2,2,0,1,1,1,0,1,80,adult
201900017508,29,4,2019,0 days 18:30:00,1,40,40312,2,1,1,5,Boulevard Jacques Duclos,"43,5370330"," -1,4609060",1,1,1,1945.0,5,1,-1,-1,C01,3,0,2,7,19,5,3,810,0.0,D,2,2,0,2,1,1,8,1,30,child
201900017508,29,4,2019,0 days 18:30:00,1,40,40312,2,1,1,5,Boulevard Jacques Duclos,"43,5370330"," -1,4609060",1,4,1,1988.0,5,0,-1,-1,C01,3,0,2,7,19,5,3,810,0.0,D,2,2,0,2,1,1,8,1,30,adult
201900017508,29,4,2019,0 days 18:30:00,1,40,40312,2,1,1,5,Boulevard Jacques Duclos,"43,5370330"," -1,4609060",1,1,1,2014.0,5,2,-1,-1,C01,3,0,2,7,19,5,3,810,0.0,D,2,2,0,2,1,1,8,1,30,adult
201900017509,26,4,2019,0 days 17:20:00,1,40,40312,1,1,1,2,avenue du 1er mai,"43,5523300"," -1,4650690",1,1,1,1957.0,5,1,-1,-1,B01,1,0,2,4,13,5,3,85,0.0,A,3,4,2,2,1,1,0,1,70,child
201900017509,26,4,2019,0 days 17:20:00,1,40,40312,1,1,1,2,avenue du 1er mai,"43,5523300"," -1,4650690",1,3,1,2013.0,5,2,-1,-1,B01,1,0,2,4,13,5,3,85,0.0,A,3,4,2,2,1,1,0,1,70,adult
201900017660,24,4,2019,0 days 13:40:00,1,84,84129,2,1,1,2,161 Avenue du Griffon,"44,0117440","4,8749410",1,1,1,1979.0,0,1,8,-1,B01,1,0,2,1,2,5,9,161,,,1,1,0,1,1,1,9,1,30,child
201900017660,24,4,2019,0 days 13:40:00,1,84,84129,2,1,1,2,161 Avenue du Griffon,"44,0117440","4,8749410",1,3,1,2002.0,5,2,-1,-1,B01,1,0,2,1,2,5,9,161,,,1,1,0,1,1,1,9,1,30,adult
201900017673,5,8,2019,0 days 10:20:00,1,68,68063,1,1,1,1,voie verte,"47,8065340","7,2003630",1,3,1,1941.0,5,2,6,-1,B01,3,0,0,3,1,5,9,,0.0,,2,2,1,2,3,1,0,5,-1,child
201900017673,5,8,2019,0 days 10:20:00,1,68,68063,1,1,1,1,voie verte,"47,8065340","7,2003630",1,1,1,1976.0,1,2,6,-1,B01,3,0,0,3,1,5,9,,0.0,,2,2,1,2,3,1,0,5,-1,adult
201900017686,3,8,2019,0 days 11:15:00,1,14,14658,2,9,1,1,rue de la gare,"48,8399150"," -1,0482470",1,1,2,1950.0,3,1,-1,-1,B01,1,0,2,1,0,5,3,77,,,-1,2,0,2,1,1,0,1,50,child
201900017686,3,8,2019,0 days 11:15:00,1,14,14658,2,9,1,1,rue de la gare,"48,8399150"," -1,0482470",1,3,1,2002.0,5,0,-1,-1,B01,1,0,2,1,0,5,3,77,,,-1,2,0,2,1,1,0,1,50,adult
201900017719,8,7,2019,0 days 09:00:00,1,86,86066,2,1,1,2,CHEVALIER DE TERNAY (RUE DU),"46,8269000","0,5637400",1,4,1,1944.0,5,8,0,-1,B01,3,0,2,4,2,5,4,CHEVALIER DE TERNAY (RUE DU),0.0,,2,3,1,1,1,1,0,1,50,child
201900017719,8,7,2019,0 days 09:00:00,1,86,86066,2,1,1,2,CHEVALIER DE TERNAY (RUE DU),"46,8269000","0,5637400",1,1,2,1987.0,1,1,0,-1,B01,3,0,2,4,2,5,4,CHEVALIER DE TERNAY (RUE DU),0.0,,2,3,1,1,1,1,0,1,50,adult
201900017778,30,7,2019,0 days 15:30:00,1,76,76351,2,1,1,6,ARISTIDE BRIAND,"49,5003300","0,1354000",3,4,1,1961.0,0,0,0,-1,A01,1,0,1,0,25,5,3,982,0.0,,2,2,0,1,1,1,0,1,50,child
201900017778,30,7,2019,0 days 15:30:00,1,76,76351,2,1,1,6,ARISTIDE BRIAND,"49,5003300","0,1354000",1,1,1,1985.0,0,8,0,-1,A01,1,0,1,0,25,5,3,982,0.0,,2,2,0,1,1,1,0,1,50,adult
201900017783,3,8,2019,0 days 11:25:00,1,72,72181,2,1,1,3,RUBILLARD AV N° PAIRS 118 ET >,"48,0122200","0,1815600",1,1,1,1928.0,5,1,0,-1,B01,2,0,2,4,1,5,7,RUBILLARD AV N° PAIRS 118 ET >,0.0,,3,2,2,1,1,1,4,1,50,child
201900017783,3,8,2019,0 days 11:25:00,1,72,72181,2,1,1,3,RUBILLARD AV N° PAIRS 118 ET >,"48,0122200","0,1815600",1,4,2,1984.0,5,8,0,-1,B01,2,0,2,4,1,5,7,RUBILLARD AV N° PAIRS 118 ET >,0.0,,3,2,2,1,1,1,4,1,50,adult
201900017786,1,8,2019,0 days 18:35:00,1,71,71306,2,3,1,3,PLESSIS (BOULEVARD DU),"46,6775200","4,3785000",1,4,1,1957.0,0,2,0,-1,B01,1,0,2,7,1,5,4,PLESSIS (BOULEVARD DU),0.0,,2,2,1,1,1,1,0,1,50,child
201900017786,1,8,2019,0 days 18:35:00,1,71,71306,2,3,1,3,PLESSIS (BOULEVARD DU),"46,6775200","4,3785000",1,1,1,1986.0,0,1,0,-1,B01,1,0,2,7,1,5,4,PLESSIS (BOULEVARD DU),0.0,,2,2,1,1,1,1,0,1,50,adult
201900017803,2,8,2019,0 days 18:20:00,1,59,59009,2,1,1,2,SAINT GHISLAIN ROND POINT,"50,6520200","3,1274400",2,1,2,1901.0,0,1,0,-1,B01,0,0,2,4,1,5,7,14,0.0,,1,3,0,1,2,1,0,1,50,child
201900017803,2,8,2019,0 days 18:20:00,1,59,59009,2,1,1,2,SAINT GHISLAIN ROND POINT,"50,6520200","3,1274400",1,1,2,1968.0,9,1,0,-1,B01,0,0,2,4,1,5,7,14,0.0,,1,3,0,1,2,1,0,1,50,adult
201900017803,2,8,2019,0 days 18:20:00,1,59,59009,2,1,1,2,SAINT GHISLAIN ROND POINT,"50,6520200","3,1274400",1,3,2,1992.0,0,8,0,-1,B01,0,0,2,4,1,5,7,14,0.0,,1,3,0,1,2,1,0,1,50,adult
201900017822,31,7,2019,0 days 19:45:00,1,45,45234,2,2,1,3,R ROYALE - R PERREIRA,"47,8990454","1,9041713",1,1,2,1955.0,1,1,0,-1,B01,0,0,2,7,1,5,4,R ROYALE,0.0,,1,2,0,1,1,1,0,1,50,child
201900017822,31,7,2019,0 days 19:45:00,1,45,45234,2,2,1,3,R ROYALE - R PERREIRA,"47,8990454","1,9041713",1,4,1,1998.0,5,8,0,-1,B01,0,0,2,7,1,5,4,R ROYALE,0.0,,1,2,0,1,1,1,0,1,50,adult
201900017854,1,7,2019,0 days 18:40:00,1,7,07102,2,2,1,3,MONTGOLFIER (RUE),"44,9357800","4,8739000",1,4,1,1948.0,0,8,0,-1,B01,3,0,2,2,1,5,4,MONTGOLFIER (RUE),0.0,,3,2,0,1,1,1,8,1,50,child
201900017854,1,7,2019,0 days 18:40:00,1,7,07102,2,2,1,3,MONTGOLFIER (RUE),"44,9357800","4,8739000",1,1,2,1982.0,0,1,0,-1,B01,3,0,2,2,1,5,4,MONTGOLFIER (RUE),0.0,,3,2,0,1,1,1,8,1,50,adult
201900017866,2,7,2019,0 days 14:10:00,1,75,75120,2,2,1,3,RUE VITRUVE,"48,8581300","2,4046450",1,1,1,1958.0,4,1,0,-1,A01,2,0,2,0,1,5,4,RUE VITRUVE,0.0,,1,1,0,1,1,1,0,1,30,child
201900017866,2,7,2019,0 days 14:10:00,1,75,75120,2,2,1,3,RUE VITRUVE,"48,8581300","2,4046450",1,4,1,2000.0,5,2,0,-1,A01,2,0,2,0,1,5,4,RUE VITRUVE,0.0,,1,1,0,1,1,1,0,1,30,adult
201900017905,2,7,2019,0 days 15:00:00,1,93,93001,2,3,1,6,FIRMIN GEMIER (RUE),"48,9095270","2,3821230",3,4,1,1963.0,0,0,0,-1,A01,1,0,1,8,11,5,4,FIRMIN GEMIER (RUE),0.0,,2,2,0,1,1,1,0,1,50,child
201900017905,2,7,2019,0 days 15:00:00,1,93,93001,2,3,1,6,FIRMIN GEMIER (RUE),"48,9095270","2,3821230",1,4,1,1987.0,4,8,0,-1,A01,1,0,1,8,11,5,4,FIRMIN GEMIER (RUE),0.0,,2,2,0,1,1,1,0,1,50,adult
201900017929,3,7,2019,0 days 09:42:00,1,80,80582,1,1,1,3,cd 38,"49,8083400","2,1067620",1,1,1,1964.0,9,1,-1,-1,B01,3,1,0,1,2,5,3,38,0.0,,2,2,0,1,1,1,2,1,80,child
201900017929,3,7,2019,0 days 09:42:00,1,80,80582,1,1,1,3,cd 38,"49,8083400","2,1067620",1,4,1,2002.0,5,2,-1,-1,B01,3,1,0,1,2,5,3,38,0.0,,2,2,0,1,1,1,2,1,80,adult
201900017951,26,6,2019,0 days 13:50:00,1,37,37016,2,3,1,3,Chemin du Chesneau,"47,2056897","0,9694791",1,1,1,1979.0,4,1,-1,-1,B01,0,0,2,1,9,5,3,10,0.0,,2,2,0,2,1,1,0,1,50,child
201900017951,26,6,2019,0 days 13:50:00,1,37,37016,2,3,1,3,Chemin du Chesneau,"47,2056897","0,9694791",1,4,1,2002.0,5,0,-1,-1,B01,0,0,2,1,9,5,3,10,0.0,,2,2,0,2,1,1,0,1,50,adult
201900017952,3,7,2019,0 days 08:30:00,1,48,48075,2,1,1,1,1 route neuve,"44,3702550","3,5349140",1,4,1,1940.0,5,0,-1,-1,B01,3,0,2,8,19,5,3,907,2.0,,2,2,0,1,1,1,0,1,50,child
201900017952,3,7,2019,0 days 08:30:00,1,48,48075,2,1,1,1,1 route neuve,"44,3702550","3,5349140",1,1,1,1965.0,4,1,-1,-1,B01,3,0,2,8,19,5,3,907,2.0,,2,2,0,1,1,1,0,1,50,adult
201900017966,2,7,2019,0 days 08:20:00,1,67,67348,2,2,1,3,29 Chemin des Aulnes,"48,4634680","7,4316370",1,4,1,1955.0,5,0,-1,-1,B01,3,0,2,3,1,5,4,chemin des aulnes,0.0,,2,2,0,1,1,1,8,5,30,child
201900017966,2,7,2019,0 days 08:20:00,1,67,67348,2,2,1,3,29 Chemin des Aulnes,"48,4634680","7,4316370",1,1,1,1979.0,0,1,-1,-1,B01,3,0,2,3,1,5,4,chemin des aulnes,0.0,,2,2,0,1,1,1,8,5,30,adult
201900018017,30,6,2019,0 days 11:15:00,1,45,45284,2,1,1,1,AV P ET M CURIE,"47,9081841","1,9782268",1,4,2,1946.0,0,8,0,-1,B01,2,0,2,1,1,5,4,AV P ET M CURIE,0.0,,2,2,-1,1,1,1,0,5,50,child
201900018017,30,6,2019,0 days 11:15:00,1,45,45284,2,1,1,1,AV P ET M CURIE,"47,9081841","1,9782268",1,1,1,1991.0,9,8,0,-1,B01,2,0,2,1,1,5,4,AV P ET M CURIE,0.0,,2,2,-1,1,1,1,0,5,50,adult
201900018026,1,7,2019,0 days 08:45:00,1,69,69149,2,1,1,6,PROFESSEUR CALMETTE (DU)            (R ),"45,7104700","4,8134500",1,1,1,1953.0,5,8,0,-1,B01,1,1,0,1,1,0,4,PROFESSEUR CALMETTE (DU)            (R ),0.0,,2,2,0,1,1,1,0,1,50,child
201900018026,1,7,2019,0 days 08:45:00,1,69,69149,2,1,1,6,PROFESSEUR CALMETTE (DU)            (R ),"45,7104700","4,8134500",1,4,1,1977.0,1,8,0,-1,B01,1,1,0,1,1,0,4,PROFESSEUR CALMETTE (DU)            (R ),0.0,,2,2,0,1,1,1,0,1,50,adult
201900018038,19,5,2019,0 days 16:35:00,1,974,97411,2,1,1,3,RIVIERE DES PLUIES (ROUTE DE LA)," -20,9024300","55,5031900",1,1,2,1967.0,4,1,8,-1,B01,0,0,2,1,18,5,2,6,0.0,,1,2,0,1,1,1,0,1,50,child
201900018038,19,5,2019,0 days 16:35:00,1,974,97411,2,1,1,3,RIVIERE DES PLUIES (ROUTE DE LA)," -20,9024300","55,5031900",1,4,1,2005.0,5,8,0,-1,B01,0,0,2,1,18,5,2,6,0.0,,1,2,0,1,1,1,0,1,50,adult
201900018086,29,5,2019,0 days 15:30:00,1,69,69383,2,2,1,3,CHATEAU (DU)                        (AV),"45,7485800","4,8837500",1,1,2,1971.0,0,1,0,-1,B01,1,0,2,1,1,0,4,BONNAND                             (R ),0.0,,1,3,1,1,1,1,0,1,50,child
201900018086,29,5,2019,0 days 15:30:00,1,69,69383,2,2,1,3,CHATEAU (DU)                        (AV),"45,7485800","4,8837500",1,4,1,2000.0,0,8,0,-1,B01,1,0,2,1,1,0,4,BONNAND                             (R ),0.0,,1,3,1,1,1,1,0,1,50,adult
201900018113,21,5,2019,0 days 10:20:00,1,69,69383,2,2,1,6,FELIX FAURE                         (AV),"45,7528813","4,8534606",3,4,2,1922.0,5,8,0,-1,A01,3,0,1,1,16,5,4,FELIX FAURE                         (AV),0.0,,1,1,3,1,1,1,5,1,50,child
201900018113,21,5,2019,0 days 10:20:00,1,69,69383,2,2,1,6,FELIX FAURE                         (AV),"45,7528813","4,8534606",1,1,1,1984.0,9,8,0,-1,A01,3,0,1,1,16,5,4,FELIX FAURE                         (AV),0.0,,1,1,3,1,1,1,5,1,50,adult
201900018127,14,5,2019,0 days 21:45:00,5,69,69388,2,2,1,1,FRERES LUMIERE (DES)                (AV),"45,7433200","4,8742600",1,1,2,1956.0,5,1,0,-1,A01,1,9,0,2,1,5,4,FRERES LUMIERE (DES)                (AV),0.0,,1,3,2,1,1,1,0,1,50,child
201900018127,14,5,2019,0 days 21:45:00,5,69,69388,2,2,1,1,FRERES LUMIERE (DES)                (AV),"45,7433200","4,8742600",1,4,1,1999.0,4,8,0,-1,A01,1,9,0,2,1,5,4,FRERES LUMIERE (DES)                (AV),0.0,,1,3,2,1,1,1,0,1,50,adult
201900018160,30,4,2019,0 days 23:30:00,5,69,69259,2,3,1,1,IRENE JOLIOT CURIE                  (BD),"45,7182700","4,8759600",1,1,1,1944.0,5,1,0,-1,B01,2,0,2,4,19,0,3,95,0.0,,1,2,2,1,1,1,3,1,50,child
201900018160,30,4,2019,0 days 23:30:00,5,69,69259,2,3,1,1,IRENE JOLIOT CURIE                  (BD),"45,7182700","4,8759600",1,3,1,1972.0,0,8,0,-1,B01,2,0,2,4,19,0,3,95,0.0,,1,2,2,1,1,1,3,1,50,adult
201900018198,28,5,2019,0 days 14:15:00,1,69,69381,2,1,1,3,ANDRE LASSAGNE                      (QU),"45,7715000","4,8383700",1,4,1,1965.0,0,2,8,-1,B01,2,0,2,8,19,5,4,ANDRE LASSAGNE                      (QU),0.0,,1,4,1,1,1,1,0,1,50,child
201900018198,28,5,2019,0 days 14:15:00,1,69,69381,2,1,1,3,ANDRE LASSAGNE                      (QU),"45,7715000","4,8383700",1,1,1,1995.0,0,2,8,-1,B01,2,0,2,8,19,5,4,ANDRE LASSAGNE                      (QU),0.0,,1,4,1,1,1,1,0,1,50,adult
201900018226,18,11,2019,0 days 17:20:00,5,91,91589,2,3,2,3,FROMENTEAU (AVENUE),"48,6885280","2,3688830",1,4,1,1967.0,0,2,4,-1,B01,1,0,2,1,1,5,4,FROMENTEAU (AVENUE),0.0,,2,2,0,1,1,2,0,1,50,child