Num_Acc,jour,mois,an,hrmn,lum,dep,com,agg,int,atm,col,adr,lat,long,catu,grav,sexe,an_nais,trajet,secu1,secu2,secu3,num_veh_y,senc,obs,obsm,choc,manv,motor,catr,voie,v1,v2,circ,nbv,vosp,prof,plan,surf,infra,situ,vma,age
201900018226,18,11,2019,0 days 17:20:00,5,91,91589,2,3,2,3,FROMENTEAU (AVENUE),"48,6885280","2,3688830",1,1,2,1992.0,1,1,8,-1,B01,1,0,2,1,1,5,4,FROMENTEAU (AVENUE),0.0,,2,2,0,1,1,2,0,1,50,adult
201900018241,15,11,2019,0 days 17:34:00,1,66,66136,2,1,1,3,CLEMENCEAU (BOULEVARD),"42,7009350","2,8921420",1,1,2,1955.0,5,1,0,-1,A01,2,0,2,7,19,5,4,CLEMENCEAU (BOULEVARD),0.0,,2,3,0,1,1,1,0,1,50,child
201900018241,15,11,2019,0 days 17:34:00,1,66,66136,2,1,1,3,CLEMENCEAU (BOULEVARD),"42,7009350","2,8921420",1,4,1,2004.0,5,8,0,-1,A01,2,0,2,7,19,5,4,CLEMENCEAU (BOULEVARD),0.0,,2,3,0,1,1,1,0,1,50,adult
201900018287,17,11,2019,0 days 03:35:00,5,75,75110,2,2,1,3,BOULEVARD DE STRASBOURG,"48,8748112","2,3573878",2,1,1,1969.0,0,1,0,-1,B01,1,0,2,1,1,5,4,BOULEVARD DE STRASBOURG,0.0,,2,2,1,1,1,1,0,5,50,child
201900018287,17,11,2019,0 days 03:35:00,5,75,75110,2,2,1,3,BOULEVARD DE STRASBOURG,"48,8748112","2,3573878",2,1,1,1975.0,0,1,0,-1,B01,1,0,2,1,1,5,4,BOULEVARD DE STRASBOURG,0.0,,2,2,1,1,1,1,0,5,50,adult
201900018287,17,11,2019,0 days 03:35:00,5,75,75110,2,2,1,3,BOULEVARD DE STRASBOURG,"48,8748112","2,3573878",2,1,1,1987.0,0,1,0,-1,B01,1,0,2,1,1,5,4,BOULEVARD DE STRASBOURG,0.0,,2,2,1,1,1,1,0,5,50,adult
201900018287,17,11,2019,0 days 03:35:00,5,75,75110,2,2,1,3,BOULEVARD DE STRASBOURG,"48,8748112","2,3573878",2,1,1,1988.0,0,1,0,-1,B01,1,0,2,1,1,5,4,BOULEVARD DE STRASBOURG,0.0,,2,2,1,1,1,1,0,5,50,adult
201900018287,17,11,2019,0 days 03:35:00,5,75,75110,2,2,1,3,BOULEVARD DE STRASBOURG,"48,8748112","2,3573878",2,1,1,1991.0,0,1,0,-1,B01,1,0,2,1,1,5,4,BOULEVARD DE STRASBOURG,0.0,,2,2,1,1,1,1,0,5,50,adult
201900018287,17,11,2019,0 days 03:35:00,5,75,75110,2,2,1,3,BOULEVARD DE STRASBOURG,"48,8748112","2,3573878",1,4,1,1993.0,9,2,6,-1,B01,1,0,2,1,1,5,4,BOULEVARD DE STRASBOURG,0.0,,2,2,1,1,1,1,0,5,50,adult
201900018302,17,11,2019,0 days 12:25:00,1,94,94037,2,9,1,3,PAUL VAILLANT COUTURIER (AV),"48,8166848","2,3348938",1,1,1,1954.0,0,1,0,-1,B01,1,0,2,1,1,0,3,150,0.0,,2,2,0,1,1,1,0,1,50,child
201900018302,17,11,2019,0 days 12:25:00,1,94,94037,2,9,1,3,PAUL VAILLANT COUTURIER (AV),"48,8166848","2,3348938",1,4,1,2003.0,0,8,0,-1,B01,1,0,2,1,1,0,3,150,0.0,,2,2,0,1,1,1,0,1,50,adult
201900018339,17,11,2019,0 days 00:45:00,3,61,61167,1,1,1,2,D14,"48,8389720","0,4948910",1,3,1,1955.0,5,0,-1,-1,B01,2,0,2,4,1,5,3,14,0.0,,2,2,0,1,1,2,0,1,80,child
201900018339,17,11,2019,0 days 00:45:00,3,61,61167,1,1,1,2,D14,"48,8389720","0,4948910",1,1,2,1983.0,5,1,-1,-1,B01,2,0,2,4,1,5,3,14,0.0,,2,2,0,1,1,2,0,1,80,adult
201900018423,16,3,2019,0 days 20:10:00,5,35,35238,2,3,1,3,PATTON (AVENUE DU GENERAL SIR GEORGES),"48,1260050"," -1,6656970",1,1,2,1946.0,0,1,0,-1,B01,3,0,2,8,4,5,4,PATTON (AVENUE DU GENERAL SIR GEORGES),0.0,,2,2,0,2,1,1,9,1,50,child
201900018423,16,3,2019,0 days 20:10:00,5,35,35238,2,3,1,3,PATTON (AVENUE DU GENERAL SIR GEORGES),"48,1260050"," -1,6656970",1,4,1,1992.0,9,2,0,-1,B01,3,0,2,8,4,5,4,PATTON (AVENUE DU GENERAL SIR GEORGES),0.0,,2,2,0,2,1,1,9,1,50,adult
201900018441,10,3,2019,0 days 18:30:00,2,28,28085,2,3,1,3,QUINTINE Jean-Baptiste (rue),"48,4615079","1,4926834",1,1,2,1986.0,5,1,8,-1,Y01,1,0,2,3,15,5,4,,0.0,,1,1,0,1,1,1,0,1,30,child
201900018441,10,3,2019,0 days 18:30:00,2,28,28085,2,3,1,3,QUINTINE Jean-Baptiste (rue),"48,4615079","1,4926834",1,3,1,2009.0,5,2,0,-1,Y01,1,0,2,3,15,5,4,,0.0,,1,1,0,1,1,1,0,1,30,adult
201900018537,13,3,2019,0 days 10:20:00,1,75,75107,2,2,1,2,BOULEVARD RASPAIL,"48,8534000","2,3263820",1,1,1,1971.0,4,1,0,-1,A01,2,0,2,4,11,5,4,BOULEVARD RASPAIL,0.0,,2,4,0,1,1,1,0,1,50,child
201900018537,13,3,2019,0 days 10:20:00,1,75,75107,2,2,1,2,BOULEVARD RASPAIL,"48,8534000","2,3263820",1,4,1,1996.0,4,2,0,-1,A01,2,0,2,4,11,5,4,BOULEVARD RASPAIL,0.0,,2,4,0,1,1,1,0,1,50,adult
201900018603,5,11,2019,0 days 18:05:00,3,7,07107,2,9,1,1,rue de molle,"44,6361440","4,2547180",1,1,1,1941.0,5,1,-1,-1,B01,0,0,2,1,9,5,3,5,,,2,2,0,2,1,1,0,1,50,child
201900018603,5,11,2019,0 days 18:05:00,3,7,07107,2,9,1,1,rue de molle,"44,6361440","4,2547180",1,3,1,2001.0,5,9,-1,-1,B01,0,0,2,1,9,5,3,5,,,2,2,0,2,1,1,0,1,50,adult
201900018621,27,12,2019,0 days 14:30:00,1,973,97302,1,1,1,2,ROUTE NATIONALE 1,"4,9182430"," -52,3309380",1,1,2,1956.0,0,1,0,-1,B01,1,0,2,0,1,5,2,1,0.0,,3,4,0,1,1,1,0,2,90,child
201900018621,27,12,2019,0 days 14:30:00,1,973,97302,1,1,1,2,ROUTE NATIONALE 1,"4,9182430"," -52,3309380",1,4,1,1977.0,0,8,0,-1,B01,1,0,2,0,1,5,2,1,0.0,,3,4,0,1,1,1,0,2,90,adult
201900018633,22,11,2019,0 days 16:25:00,1,86,86194,2,1,1,6,RENE CASSIN (BOULEVARD),"46,5759000","0,3764400",3,3,2,1952.0,0,0,-1,-1,A01,0,0,1,8,25,5,4,RENE CASSIN (BOULEVARD),0.0,,-1,2,3,1,1,1,0,4,50,child
201900018633,22,11,2019,0 days 16:25:00,1,86,86194,2,1,1,6,RENE CASSIN (BOULEVARD),"46,5759000","0,3764400",1,1,1,2006.0,5,8,0,-1,A01,0,0,1,8,25,5,4,RENE CASSIN (BOULEVARD),0.0,,-1,2,3,1,1,1,0,4,50,adult
201900018642,25,12,2019,0 days 11:45:00,1,64,64445,2,2,1,3,JEAN MERMOZ,"43,3080900"," -0,3765100",1,1,1,1960.0,5,8,0,-1,B01,1,0,2,8,1,5,4,JEAN MERMOZ,0.0,,2,3,0,1,1,1,0,1,50,child
201900018642,25,12,2019,0 days 11:45:00,1,64,64445,2,2,1,3,JEAN MERMOZ,"43,3080900"," -0,3765100",1,4,1,2003.0,0,8,0,-1,B01,1,0,2,8,1,5,4,JEAN MERMOZ,0.0,,2,3,0,1,1,1,0,1,50,adult
201900018710,28,12,2019,0 days 13:30:00,1,63,63066,1,3,1,1,Avenue des Acacias,"45,8642350","3,6399660",1,2,1,1958.0,5,2,-1,-1,B01,1,0,2,1,1,5,3,7,0.0,,2,2,0,2,1,1,0,1,80,child
201900018710,28,12,2019,0 days 13:30:00,1,63,63066,1,3,1,1,Avenue des Acacias,"45,8642350","3,6399660",1,1,2,2000.0,0,8,-1,-1,B01,1,0,2,1,1,5,3,7,0.0,,2,2,0,2,1,1,0,1,80,adult
201900018726,28,12,2019,0 days 10:30:00,1,24,24547,1,1,1,2,Le Couquet,"45,1099000","1,3087100",1,4,1,1953.0,5,2,6,-1,B01,1,0,2,4,2,0,3,63,,,2,2,0,2,2,1,0,1,80,child
201900018726,28,12,2019,0 days 10:30:00,1,24,24547,1,1,1,2,Le Couquet,"45,1099000","1,3087100",1,1,1,1980.0,1,1,-1,-1,B01,1,0,2,4,2,0,3,63,,,2,2,0,2,2,1,0,1,80,adult
201900018881,3,2,2019,0 days 12:30:00,1,80,80740,1,2,1,3,Intersection D14 PK 7+900 - route communale sans numéro,"49,7156340","2,3992660",1,1,2,1944.0,5,1,-1,-1,A01,2,0,2,1,1,5,3,14,,,2,2,0,1,1,1,0,1,80,child
201900018881,3,2,2019,0 days 12:30:00,1,80,80740,1,2,1,3,Intersection D14 PK 7+900 - route communale sans numéro,"49,7156340","2,3992660",1,3,1,1969.0,5,2,-1,-1,A01,2,0,2,1,1,5,3,14,,,2,2,0,1,1,1,0,1,80,adult
201900018987,11,9,2019,0 days 16:16:00,1,75,75119,2,2,1,3,RUE D AUBERVILLIERS,"48,8855430","2,3658050",1,1,1,1946.0,5,1,0,-1,B01,1,0,2,1,1,5,4,RUE D AUBERVILLIERS,0.0,,2,2,1,1,1,1,0,5,30,child
201900018987,11,9,2019,0 days 16:16:00,1,75,75119,2,2,1,3,RUE D AUBERVILLIERS,"48,8855430","2,3658050",1,4,1,1997.0,5,2,0,-1,B01,1,0,2,1,1,5,4,RUE D AUBERVILLIERS,0.0,,2,2,1,1,1,1,0,5,30,adult
201900019021,7,9,2019,0 days 16:50:00,1,32,32160,2,1,1,2,5 TER Rue Charles Bacque,"43,6122660","1,0786850",1,1,1,1935.0,5,1,-1,-1,B01,3,0,2,4,2,5,4,,,,2,2,0,2,1,1,0,1,50,child
201900019021,7,9,2019,0 days 16:50:00,1,32,32160,2,1,1,2,5 TER Rue Charles Bacque,"43,6122660","1,0786850",1,3,1,1965.0,5,2,-1,-1,B01,3,0,2,4,2,5,4,,,,2,2,0,2,1,1,0,1,50,adult
201900019062,11,9,2019,0 days 12:26:00,1,38,38474,2,3,1,1,Avenue de Valence,"45,2078510","5,6625710",1,1,1,1970.0,0,1,-1,-1,A01,1,0,2,3,25,5,3,1532,,D,2,3,3,1,1,1,9,1,30,child
201900019062,11,9,2019,0 days 12:26:00,1,38,38474,2,3,1,1,Avenue de Valence,"45,2078510","5,6625710",1,4,1,2008.0,2,0,-1,-1,A01,1,0,2,3,25,5,3,1532,,D,2,3,3,1,1,1,9,1,30,adult
201900019079,19,6,2019,0 days 14:30:00,1,62,62193,2,1,1,3,ROGER SALENGRO (AVENUE),"50,9457000","1,8227000",1,1,2,1984.0,5,1,8,-1,A01,3,0,2,3,19,6,4,ROGER SALENGRO (AVENUE),0.0,,2,2,1,1,1,1,0,1,50,child
201900019079,19,6,2019,0 days 14:30:00,1,62,62193,2,1,1,3,ROGER SALENGRO (AVENUE),"50,9457000","1,8227000",1,3,1,2009.0,5,8,0,-1,A01,3,0,2,3,19,6,4,ROGER SALENGRO (AVENUE),0.0,,2,2,1,1,1,1,0,1,50,adult
201900019082,9,9,2019,0 days 07:50:00,1,45,45298,2,1,1,4,PONT DE L'EUROPE,"47,8933233","1,8762337",1,4,1,1966.0,1,8,0,-1,C01,0,0,2,0,19,5,4,PONT DE L'EUROPE,0.0,,2,4,2,1,1,1,5,1,50,child
201900019082,9,9,2019,0 days 07:50:00,1,45,45298,2,1,1,4,PONT DE L'EUROPE,"47,8933233","1,8762337",1,1,1,1994.0,1,1,0,-1,C01,0,0,2,0,19,5,4,PONT DE L'EUROPE,0.0,,2,4,2,1,1,1,5,1,50,adult
201900019082,9,9,2019,0 days 07:50:00,1,45,45298,2,1,1,4,PONT DE L'EUROPE,"47,8933233","1,8762337",1,1,2,2000.0,1,1,0,-1,C01,0,0,2,0,19,5,4,PONT DE L'EUROPE,0.0,,2,4,2,1,1,1,5,1,50,adult
201900019096,10,9,2019,0 days 17:55:00,1,69,69286,2,4,1,1,BIEVRE (DE LA)                      (R ),"45,8266200","4,8916100",1,1,2,1931.0,5,1,0,-1,B01,2,0,2,8,15,5,4,BIEVRE (DE LA)                      (R ),0.0,,2,4,0,1,1,1,0,1,50,child
201900019096,10,9,2019,0 days 17:55:00,1,69,69286,2,4,1,1,BIEVRE (DE LA)                      (R ),"45,8266200","4,8916100",1,3,2,2004.0,2,8,0,-1,B01,2,0,2,8,15,5,4,BIEVRE (DE LA)                      (R ),0.0,,2,4,0,1,1,1,0,1,50,adult
201900019106,4,9,2019,0 days 09:50:00,1,83,83069,2,6,1,3,ARROMANCHES ( ROND POINT D' ),"43,0827022","6,1501063",1,4,1,1939.0,5,2,0,-1,B01,2,0,2,1,1,6,3,197,0.0,,1,2,0,1,2,1,0,1,50,child
201900019106,4,9,2019,0 days 09:50:00,1,83,83069,2,6,1,3,ARROMANCHES ( ROND POINT D' ),"43,0827022","6,1501063",1,1,1,1996.0,4,1,0,-1,B01,2,0,2,1,1,6,3,197,0.0,,1,2,0,1,2,1,0,1,50,adult
201900019115,9,9,2019,0 days 17:00:00,1,67,67482,2,3,8,3,ROTHAU (RUE DE),"48,5788310","7,7285080",1,1,2,1947.0,5,1,8,-1,B01,2,0,0,5,1,5,4,ROTHAU (RUE DE),0.0,,2,2,0,1,1,1,1,1,50,child
201900019115,9,9,2019,0 days 17:00:00,1,67,67482,2,3,8,3,ROTHAU (RUE DE),"48,5788310","7,7285080",1,4,1,1992.0,0,8,0,-1,B01,2,0,0,5,1,5,4,ROTHAU (RUE DE),0.0,,2,2,0,1,1,1,1,1,50,adult
201900019125,7,9,2019,0 days 02:40:00,5,56,56121,2,3,1,3,CHAZELLES ( COURS LOUIS  DE ),"47,7558800"," -3,3638700",1,3,1,1963.0,5,2,0,-1,B01,2,0,2,8,1,5,4,CHAZELLES ( COURS LOUIS  DE ),0.0,,2,5,2,1,1,1,0,1,50,child
201900019125,7,9,2019,0 days 02:40:00,5,56,56121,2,3,1,3,CHAZELLES ( COURS LOUIS  DE ),"47,7558800"," -3,3638700",1,1,1,1991.0,5,1,8,-1,B01,2,0,2,8,1,5,4,CHAZELLES ( COURS LOUIS  DE ),0.0,,2,5,2,1,1,1,0,1,50,adult
201900019132,10,9,2019,0 days 17:55:00,1,51,51454,2,6,1,3,BOULEVARD DIEU LUMIERE,"49,2409300","4,0440400",1,4,2,1976.0,1,8,0,-1,B01,0,0,2,8,19,0,4,BOULEVARD DIEU LUMIERE,0.0,,2,2,0,2,1,1,5,1,50,child
201900019132,10,9,2019,0 days 17:55:00,1,51,51454,2,6,1,3,BOULEVARD DIEU LUMIERE,"49,2409300","4,0440400",1,1,1,2000.0,9,8,8,-1,B01,0,0,2,8,19,0,4,BOULEVARD DIEU LUMIERE,0.0,,2,2,0,2,1,1,5,1,50,adult
201900019134,13,10,2019,0 days 11:22:00,1,69,69093,1,3,1,2,lieu-dit Montgrand,"46,0448100","4,4572800",1,3,1,1958.0,5,2,-1,-1,B01,2,0,2,1,1,5,3,504,0.0,D,2,2,0,2,2,1,0,1,80,child
201900019134,13,10,2019,0 days 11:22:00,1,69,69093,1,3,1,2,lieu-dit Montgrand,"46,0448100","4,4572800",1,1,1,1985.0,9,1,-1,-1,B01,2,0,2,1,1,5,3,504,0.0,D,2,2,0,2,2,1,0,1,80,adult
201900019174,9,10,2019,0 days 18:06:00,1,69,69290,2,3,1,4,JULES VERNE                         (R ),"45,7012200","4,9794500",1,1,1,1973.0,5,1,0,-1,A01,1,0,2,1,15,5,4,JULES VERNE                         (R ),0.0,,1,1,0,1,1,1,0,1,50,child
201900019174,9,10,2019,0 days 18:06:00,1,69,69290,2,3,1,4,JULES VERNE                         (R ),"45,7012200","4,9794500",1,1,2,1982.0,5,1,0,-1,A01,1,0,2,1,15,5,4,JULES VERNE                         (R ),0.0,,1,1,0,1,1,1,0,1,50,adult
201900019174,9,10,2019,0 days 18:06:00,1,69,69290,2,3,1,4,JULES VERNE                         (R ),"45,7012200","4,9794500",1,3,1,2007.0,5,2,0,-1,A01,1,0,2,1,15,5,4,JULES VERNE                         (R ),0.0,,1,1,0,1,1,1,0,1,50,adult
201900019193,13,10,2019,0 days 17:22:00,1,10,10387,2,2,1,3,SIMART (RUE),"48,3034800","4,0808100",1,1,1,1962.0,1,1,8,-1,B01,3,0,2,1,15,5,4,SIMART (RUE),0.0,,2,2,0,1,1,1,0,1,50,child
201900019193,13,10,2019,0 days 17:22:00,1,10,10387,2,2,1,3,SIMART (RUE),"48,3034800","4,0808100",1,4,1,2007.0,5,8,0,-1,B01,3,0,2,1,15,5,4,SIMART (RUE),0.0,,2,2,0,1,1,1,0,1,50,adult
201900019268,18,8,2019,0 days 06:50:00,1,971,97103,1,1,1,5,RN 1 - LA JAILLE,"16,2542910"," -61,5515940",1,3,1,1972.0,5,2,-1,-1,B01,0,0,0,8,2,5,2,1,0.0,,3,4,0,1,1,1,0,1,90,child
201900019268,18,8,2019,0 days 06:50:00,1,971,97103,1,1,1,5,RN 1 - LA JAILLE,"16,2542910"," -61,5515940",1,1,1,1991.0,5,1,-1,-1,B01,0,0,0,8,2,5,2,1,0.0,,3,4,0,1,1,1,0,1,90,adult
201900019268,18,8,2019,0 days 06:50:00,1,971,97103,1,1,1,5,RN 1 - LA JAILLE,"16,2542910"," -61,5515940",1,4,1,1999.0,5,2,-1,-1,B01,0,0,0,8,2,5,2,1,0.0,,3,4,0,1,1,1,0,1,90,adult
201900019302,12,10,2019,0 days 17:30:00,1,69,69389,2,1,8,2,PAUL SEDAILLIAN                     (QU),"45,7945100","4,8237500",1,4,1,1968.0,5,2,0,-1,B01,2,0,2,1,0,5,7,PAUL SEDAILLIAN                     (QU),0.0,,2,4,1,1,1,1,0,1,50,child
201900019302,12,10,2019,0 days 17:30:00,1,69,69389,2,1,8,2,PAUL SEDAILLIAN                     (QU),"45,7945100","4,8237500",1,1,1,1996.0,5,1,0,-1,B01,2,0,2,1,0,5,7,PAUL SEDAILLIAN                     (QU),0.0,,2,4,1,1,1,1,0,1,50,adult
201900019317,12,10,2019,0 days 08:10:00,1,35,35238,2,1,1,3,MARTENOT,"48,1124200"," -1,6735100",1,1,2,1953.0,9,1,0,-1,B01,2,0,2,1,1,5,4,MARTENOT,0.0,,1,1,2,3,2,1,0,1,30,child
201900019317,12,10,2019,0 days 08:10:00,1,35,35238,2,1,1,3,MARTENOT,"48,1124200"," -1,6735100",1,4,2,1991.0,4,8,0,-1,B01,2,0,2,1,1,5,4,MARTENOT,0.0,,1,1,2,3,2,1,0,1,30,adult
201900019334,25,4,2019,0 days 08:55:00,1,13,13111,1,1,8,1,RD11,"43,5605480","5,6225680",1,1,1,1955.0,5,1,-1,-1,A01,2,0,2,1,13,5,3,11,,,2,2,0,2,3,1,0,1,50,child
201900019334,25,4,2019,0 days 08:55:00,1,13,13111,1,1,8,1,RD11,"43,5605480","5,6225680",2,1,1,1964.0,5,1,-1,-1,A01,2,0,2,1,13,5,3,11,,,2,2,0,2,3,1,0,1,50,adult
201900019334,25,4,2019,0 days 08:55:00,1,13,13111,1,1,8,1,RD11,"43,5605480","5,6225680",1,4,1,1969.0,1,2,-1,-1,A01,2,0,2,1,13,5,3,11,,,2,2,0,2,3,1,0,1,50,adult
201900019334,25,4,2019,0 days 08:55:00,1,13,13111,1,1,8,1,RD11,"43,5605480","5,6225680",2,1,1,1983.0,5,1,-1,-1,A01,2,0,2,1,13,5,3,11,,,2,2,0,2,3,1,0,1,50,adult
201900019365,22,4,2019,0 days 16:30:00,1,38,38468,1,1,1,2,N 7,"45,3327100","4,8057800",1,2,1,1957.0,5,2,-1,-1,B01,2,0,2,4,2,5,2,7,,,2,2,0,1,1,1,0,3,80,child
201900019365,22,4,2019,0 days 16:30:00,1,38,38468,1,1,1,2,N 7,"45,3327100","4,8057800",1,1,1,1994.0,5,1,-1,-1,B01,2,0,2,4,2,5,2,7,,,2,2,0,1,1,1,0,3,80,adult
201900019365,22,4,2019,0 days 16:30:00,1,38,38468,1,1,1,2,N 7,"45,3327100","4,8057800",2,1,1,1997.0,5,1,-1,-1,B01,2,0,2,4,2,5,2,7,,,2,2,0,1,1,1,0,3,80,adult
201900019413,18,4,2019,0 days 14:45:00,1,35,35256,2,3,1,3,Rue du Buot,"48,6211570"," -2,1316760",1,4,2,1951.0,5,0,-1,-1,B01,3,0,2,3,15,5,4,,0.0,,2,2,1,2,1,1,9,5,30,child
201900019413,18,4,2019,0 days 14:45:00,1,35,35256,2,3,1,3,Rue du Buot,"48,6211570"," -2,1316760",1,1,2,2005.0,5,0,-1,-1,B01,3,0,2,3,15,5,4,,0.0,,2,2,1,2,1,1,9,5,30,adult
201900019428,19,4,2019,0 days 08:15:00,1,2,02798,1,1,1,2,La Bouloy,"48,8967766","3,4184142",1,2,1,1958.0,5,0,-1,-1,B01,0,0,2,4,1,5,3,933,,,2,2,0,1,1,1,0,1,80,child
201900019428,19,4,2019,0 days 08:15:00,1,2,02798,1,1,1,2,La Bouloy,"48,8967766","3,4184142",1,1,1,1992.0,4,1,-1,-1,B01,0,0,2,4,1,5,3,933,,,2,2,0,1,1,1,0,1,80,adult
201900019433,28,4,2019,0 days 12:15:00,1,62,62861,1,1,2,2,Route départementale 46E2,"50,3730760","2,8327950",1,1,1,1950.0,5,1,-1,-1,B01,2,0,0,4,1,5,3,46E2,,,2,2,0,1,1,2,0,1,80,child
201900019433,28,4,2019,0 days 12:15:00,1,62,62861,1,1,2,2,Route départementale 46E2,"50,3730760","2,8327950",1,4,1,1972.0,5,2,9,-1,B01,2,0,0,4,1,5,3,46E2,,,2,2,0,1,1,2,0,1,80,adult
201900019503,1,7,2019,0 days 17:50:00,1,81,81004,2,1,1,3,Rue François ARAGO,"43,9292447","2,1992639",1,1,2,1935.0,5,1,8,-1,B01,3,0,2,7,14,5,4,ARAGO (FRANCOIS) ZI,0.0,,2,2,0,1,1,1,9,1,50,child
201900019503,1,7,2019,0 days 17:50:00,1,81,81004,2,1,1,3,Rue François ARAGO,"43,9292447","2,1992639",1,4,1,1968.0,5,2,8,-1,B01,3,0,2,7,14,5,4,ARAGO (FRANCOIS) ZI,0.0,,2,2,0,1,1,1,9,1,50,adult
201900019507,28,6,2019,0 days 19:35:00,1,80,80021,2,2,1,3,"2, BD D'ALSACE LORRAINE ","49,8923300","2,3076700",1,1,1,1958.0,5,1,0,-1,B01,0,0,2,1,1,5,4,GLORIETTE (RUE),0.0,,2,2,0,1,1,1,0,1,50,child
201900019507,28,6,2019,0 days 19:35:00,1,80,80021,2,2,1,3,"2, BD D'ALSACE LORRAINE ","49,8923300","2,3076700",1,4,1,2000.0,5,8,0,-1,B01,0,0,2,1,1,5,4,GLORIETTE (RUE),0.0,,2,2,0,1,1,1,0,1,50,adult
201900019534,1,7,2019,0 days 17:10:00,1,37,37261,2,1,1,3,BORDIERS (RUE DES),"47,4239000","0,6727100",1,1,2,1934.0,5,1,8,-1,B01,3,0,2,1,19,5,4,BORDIERS (RUE DES),0.0,,2,2,0,1,1,1,6,1,50,child
201900019534,1,7,2019,0 days 17:10:00,1,37,37261,2,1,1,3,BORDIERS (RUE DES),"47,4239000","0,6727100",1,4,2,2002.0,5,8,0,-1,B01,3,0,2,1,19,5,4,BORDIERS (RUE DES),0.0,,2,2,0,1,1,1,6,1,50,adult
201900019573,29,6,2019,0 days 21:20:00,5,75,75115,2,2,1,3,RUE DE LA CONVENTION,"48,8392570","2,2919850",1,4,1,1970.0,1,2,6,-1,A01,2,0,2,8,19,5,4,RUE DE LA CONVENTION,0.0,,2,2,0,1,1,1,0,1,50,child
201900019573,29,6,2019,0 days 21:20:00,5,75,75115,2,2,1,3,RUE DE LA CONVENTION,"48,8392570","2,2919850",1,4,1,1996.0,1,2,0,-1,A01,2,0,2,8,19,5,4,RUE DE LA CONVENTION,0.0,,2,2,0,1,1,1,0,1,50,adult
201900019582,1,7,2019,0 days 09:00:00,1,75,75114,2,1,1,3,BOULEVARD ADOLPHE PINARD,"48,8226160","2,3128630",1,4,2,1957.0,9,2,0,-1,A01,1,0,2,1,25,5,4,BOULEVARD ADOLPHE PINARD,0.0,,1,1,0,1,1,1,8,4,50,child
201900019582,1,7,2019,0 days 09:00:00,1,75,75114,2,1,1,3,BOULEVARD ADOLPHE PINARD,"48,8226160","2,3128630",1,1,1,1994.0,1,2,6,-1,A01,1,0,2,1,25,5,4,BOULEVARD ADOLPHE PINARD,0.0,,1,1,0,1,1,1,8,4,50,adult
201900019586,1,7,2019,0 days 19:35:00,1,75,75111,2,2,1,3,RUE DE NEMOURS,"48,8656640","2,3724290",1,1,2,1972.0,1,1,0,-1,B01,1,0,2,7,1,5,4,RUE DE NEMOURS,0.0,,2,2,0,1,1,1,0,1,50,child
201900019586,1,7,2019,0 days 19:35:00,1,75,75111,2,2,1,3,RUE DE NEMOURS,"48,8656640","2,3724290",1,4,2,1997.0,1,2,0,-1,B01,1,0,2,7,1,5,4,RUE DE NEMOURS,0.0,,2,2,0,1,1,1,0,1,50,adult
201900019641,1,7,2019,0 days 15:35:00,1,17,17323,2,1,1,1,23 Rue d'Antiochat,"46,0385280"," -1,3793840",1,3,2,1948.0,5,0,-1,-1,A01,3,0,2,3,1,5,4,rue d'Antiochat,0.0,,2,2,0,1,1,1,0,1,50,child
201900019641,1,7,2019,0 days 15:35:00,1,17,17323,2,1,1,1,23 Rue d'Antiochat,"46,0385280"," -1,3793840",1,1,1,1969.0,4,1,-1,-1,A01,3,0,2,3,1,5,4,rue d'Antiochat,0.0,,2,2,0,1,1,1,0,1,50,adult
201900019642,2,7,2019,0 days 14:05:00,1,41,41136,2,1,1,6,17 place de la halle,"47,7040060","1,5067630",3,4,2,1954.0,5,0,-1,-1,A01,2,0,1,1,1,5,9,,0.0,,1,1,0,2,1,1,0,1,50,child
201900019642,2,7,2019,0 days 14:05:00,1,41,41136,2,1,1,6,17 place de la halle,"47,7040060","1,5067630",1,1,1,2005.0,9,0,-1,-1,A01,2,0,1,1,1,5,9,,0.0,,1,1,0,2,1,1,0,1,50,adult
201900019654,1,7,2019,0 days 07:00:00,1,69,69131,1,1,1,3,Avenue de l'Ouest Lyonnais,"45,7031300","4,6960700",1,3,1,1947.0,5,2,-1,-1,B01,2,0,2,3,13,5,3,30,,D,2,2,0,2,1,1,0,1,70,child
201900019654,1,7,2019,0 days 07:00:00,1,69,69131,1,1,1,3,Avenue de l'Ouest Lyonnais,"45,7031300","4,6960700",1,1,1,1979.0,0,1,-1,-1,B01,2,0,2,3,13,5,3,30,,D,2,2,0,2,1,1,0,1,70,adult
201900019682,31,7,2019,0 days 08:45:00,1,31,31149,2,1,1,3,RD PT TERRE ENVOL,"43,6133550","1,3070420",1,1,2,1970.0,9,1,7,-1,B01,3,0,2,7,1,5,4,,0.0,,2,2,0,1,1,1,0,1,50,child
201900019682,31,7,2019,0 days 08:45:00,1,31,31149,2,1,1,3,RD PT TERRE ENVOL,"43,6133550","1,3070420",1,4,1,1995.0,9,2,0,-1,B01,3,0,2,7,1,5,4,,0.0,,2,2,0,1,1,1,0,1,50,adult