Num_Acc,jour,mois,an,hrmn,lum,dep,com,agg,int,atm,col,adr,lat,long,catu,grav,sexe,an_nais,trajet,secu1,secu2,secu3,num_veh_y,senc,obs,obsm,choc,manv,motor,catr,voie,v1,v2,circ,nbv,vosp,prof,plan,surf,infra,situ,vma,age
201900019690,1,8,2019,0 days 09:35:00,1,29,29039,2,6,7,3,TREGUNC ( RUE DE ),"47,8698300"," -3,9061500",1,4,2,1955.0,5,2,0,-1,B01,2,0,2,1,2,5,3,322,0.0,,1,1,0,1,2,1,5,1,50,child
201900019690,1,8,2019,0 days 09:35:00,1,29,29039,2,6,7,3,TREGUNC ( RUE DE ),"47,8698300"," -3,9061500",1,1,2,1998.0,1,1,0,-1,B01,2,0,2,1,2,5,3,322,0.0,,1,1,0,1,2,1,5,1,50,adult
201900019693,2,8,2019,0 days 12:15:00,1,27,27229,2,1,1,3,BOUIN (RUE JEAN),"49,0235300","1,1248200",1,1,1,1973.0,0,1,8,-1,B01,0,0,2,0,0,5,4,BOUIN (RUE JEAN),0.0,,2,2,0,1,1,1,0,1,50,child
201900019693,2,8,2019,0 days 12:15:00,1,27,27229,2,1,1,3,BOUIN (RUE JEAN),"49,0235300","1,1248200",1,4,1,2000.0,0,2,8,-1,B01,0,0,2,0,0,5,4,BOUIN (RUE JEAN),0.0,,2,2,0,1,1,1,0,1,50,adult
201900019737,3,8,2019,0 days 00:08:00,5,75,75119,2,2,1,3,BOULEVARD DE LA VILLETTE,"48,8721169","2,3770365",1,1,1,1945.0,0,1,0,-1,B01,2,0,2,1,1,5,4,BOULEVARD DE LA VILLETTE,0.0,,3,2,0,1,1,1,0,1,50,child
201900019737,3,8,2019,0 days 00:08:00,5,75,75119,2,2,1,3,BOULEVARD DE LA VILLETTE,"48,8721169","2,3770365",1,4,1,1983.0,0,2,0,-1,B01,2,0,2,1,1,5,4,BOULEVARD DE LA VILLETTE,0.0,,3,2,0,1,1,1,0,1,50,adult
201900019745,1,8,2019,0 days 19:00:00,1,75,75113,2,2,1,2,PONT DE TOLBIAC,"48,8322420","2,3798030",1,1,1,1977.0,1,1,0,-1,A01,2,0,2,1,2,5,4,PONT DE TOLBIAC,0.0,,2,5,0,1,1,1,2,1,50,child
201900019745,1,8,2019,0 days 19:00:00,1,75,75113,2,2,1,2,PONT DE TOLBIAC,"48,8322420","2,3798030",1,4,1,2004.0,5,2,0,-1,A01,2,0,2,1,2,5,4,PONT DE TOLBIAC,0.0,,2,5,0,1,1,1,2,1,50,adult
201900019746,2,8,2019,0 days 18:10:00,1,75,75112,2,2,1,3,AVENUE DE SAINT MAURICE,"48,8242405","2,4199743",1,4,1,1950.0,9,2,0,-1,B01,1,0,2,7,1,5,4,AVENUE DE SAINT MAURICE,0.0,,2,2,-1,1,1,1,0,5,50,child
201900019746,2,8,2019,0 days 18:10:00,1,75,75112,2,2,1,3,AVENUE DE SAINT MAURICE,"48,8242405","2,4199743",1,1,1,1979.0,1,2,6,-1,B01,1,0,2,7,1,5,4,AVENUE DE SAINT MAURICE,0.0,,2,2,-1,1,1,1,0,5,50,adult
201900019747,1,8,2019,0 days 18:15:00,1,75,75112,2,1,1,3,RUE DE PICPUS,"48,8461110","2,3946230",1,1,1,1964.0,1,1,0,-1,B01,1,0,2,1,1,5,4,RUE DE PICPUS,0.0,,2,2,0,1,1,1,0,1,50,child
201900019747,1,8,2019,0 days 18:15:00,1,75,75112,2,1,1,3,RUE DE PICPUS,"48,8461110","2,3946230",1,4,2,1992.0,1,2,0,-1,B01,1,0,2,1,1,5,4,RUE DE PICPUS,0.0,,2,2,0,1,1,1,0,1,50,adult
201900019790,2,8,2019,0 days 08:05:00,1,93,93079,2,3,1,3,DIVISION LECLERC (AV),"48,9499500","2,3424800",1,1,1,1926.0,5,1,0,-1,B01,1,0,2,7,19,5,3,24,0.0,,2,2,0,1,1,1,0,6,50,child
201900019790,2,8,2019,0 days 08:05:00,1,93,93079,2,3,1,3,DIVISION LECLERC (AV),"48,9499500","2,3424800",1,4,1,1993.0,0,2,0,-1,B01,1,0,2,7,19,5,3,24,0.0,,2,2,0,1,1,1,0,6,50,adult
201900019850,1,8,2019,0 days 09:45:00,1,83,83097,1,1,1,5,CD23 - PK18,"43,5273570","5,7356180",1,3,1,1960.0,5,2,-1,-1,C01,1,0,2,1,1,0,3,23,,D,2,2,0,2,3,1,0,1,80,child
201900019850,1,8,2019,0 days 09:45:00,1,83,83097,1,1,1,5,CD23 - PK18,"43,5273570","5,7356180",1,1,1,1968.0,5,8,-1,-1,C01,1,0,2,1,1,0,3,23,,D,2,2,0,2,3,1,0,1,80,adult
201900019850,1,8,2019,0 days 09:45:00,1,83,83097,1,1,1,5,CD23 - PK18,"43,5273570","5,7356180",1,1,2,1999.0,0,8,-1,-1,C01,1,0,2,1,1,0,3,23,,D,2,2,0,2,3,1,0,1,80,adult
201900019856,4,8,2019,0 days 11:40:00,1,67,67276,2,4,1,1,1 Rue des Biancons,"48,5226150","7,2905780",1,1,1,1953.0,5,1,-1,-1,B01,1,0,2,1,16,5,4,rue des Biancons,0.0,,2,2,0,2,3,1,9,1,50,child
201900019856,4,8,2019,0 days 11:40:00,1,67,67276,2,4,1,1,1 Rue des Biancons,"48,5226150","7,2905780",1,3,1,1975.0,5,2,6,9,B01,1,0,2,1,16,5,4,rue des Biancons,0.0,,2,2,0,2,3,1,9,1,50,adult
201900019866,10,5,2019,0 days 14:00:00,1,69,69034,2,1,1,3,GENERAL DE GAULLE                   (AV),"45,8127700","4,8601200",1,1,2,1948.0,0,1,0,-1,B01,1,0,2,8,1,5,4,GENERAL DE GAULLE                   (AV),0.0,,2,3,3,1,1,1,0,1,50,child
201900019866,10,5,2019,0 days 14:00:00,1,69,69034,2,1,1,3,GENERAL DE GAULLE                   (AV),"45,8127700","4,8601200",1,4,1,1973.0,0,8,0,-1,B01,1,0,2,8,1,5,4,GENERAL DE GAULLE                   (AV),0.0,,2,3,3,1,1,1,0,1,50,adult
201900019878,2,5,2019,0 days 08:20:00,1,69,69384,2,3,1,3,CROIX-ROUSSE (DE LA)                (BD),"45,7725300","4,8198700",1,1,2,1943.0,5,8,0,-1,B01,2,0,2,1,1,5,4,CROIX-ROUSSE (DE LA)                (BD),0.0,,2,4,2,1,1,1,0,1,50,child
201900019878,2,5,2019,0 days 08:20:00,1,69,69384,2,3,1,3,CROIX-ROUSSE (DE LA)                (BD),"45,7725300","4,8198700",1,4,1,1987.0,0,8,0,-1,B01,2,0,2,1,1,5,4,CROIX-ROUSSE (DE LA)                (BD),0.0,,2,4,2,1,1,1,0,1,50,adult
201900019914,16,5,2019,0 days 17:20:00,1,2A,2A004,2,1,1,2,MEZZAVIA ROUTE DE,"41,9525900","8,7847000",1,1,2,1964.0,0,1,0,-1,B01,3,0,2,1,2,5,2,22,0.0,,2,2,0,1,1,1,0,1,50,child
201900019914,16,5,2019,0 days 17:20:00,1,2A,2A004,2,1,1,2,MEZZAVIA ROUTE DE,"41,9525900","8,7847000",1,3,1,1986.0,0,2,0,-1,B01,3,0,2,1,2,5,2,22,0.0,,2,2,0,1,1,1,0,1,50,adult
201900019927,27,5,2019,0 days 16:49:00,1,95,95051,2,1,1,6,EGALITE (AVENUE),"49,0171500","2,1843800",1,1,1,1966.0,5,8,0,-1,A01,3,0,1,1,1,5,4,EGALITE (AVENUE),0.0,,2,1,0,1,1,1,0,1,10,child
201900019927,27,5,2019,0 days 16:49:00,1,95,95051,2,1,1,6,EGALITE (AVENUE),"49,0171500","2,1843800",3,1,2,1991.0,5,8,0,-1,A01,3,0,1,1,1,5,4,EGALITE (AVENUE),0.0,,2,1,0,1,1,1,0,1,10,adult
201900019927,27,5,2019,0 days 16:49:00,1,95,95051,2,1,1,6,EGALITE (AVENUE),"49,0171500","2,1843800",3,4,1,2017.0,5,8,0,-1,A01,3,0,1,1,1,5,4,EGALITE (AVENUE),0.0,,2,1,0,1,1,1,0,1,10,adult
201900019948,29,5,2019,0 days 16:35:00,1,95,95063,2,1,1,3,RUE ROUGET DE LISLE,"48,9343505","2,2096778",1,1,1,1971.0,1,1,0,-1,B01,3,0,2,1,1,0,4,RUE ROUGET DE LISLE,0.0,,2,2,0,1,1,1,0,1,50,child
201900019948,29,5,2019,0 days 16:35:00,1,95,95063,2,1,1,3,RUE ROUGET DE LISLE,"48,9343505","2,2096778",1,4,1,2004.0,2,8,0,-1,B01,3,0,2,1,1,0,4,RUE ROUGET DE LISLE,0.0,,2,2,0,1,1,1,0,1,50,adult
201900019953,23,5,2019,0 days 16:45:00,1,91,91589,2,3,1,3,ALLEMANE (RUE JEAN),"48,6853300","2,3420500",1,1,2,1975.0,5,1,8,-1,B01,1,0,2,8,1,5,4,ALLEMANE (RUE JEAN),0.0,,2,2,0,1,1,1,0,1,50,child
201900019953,23,5,2019,0 days 16:45:00,1,91,91589,2,3,1,3,ALLEMANE (RUE JEAN),"48,6853300","2,3420500",1,4,1,2009.0,2,2,8,-1,B01,1,0,2,8,1,5,4,ALLEMANE (RUE JEAN),0.0,,2,2,0,1,1,1,0,1,50,adult
201900019960,10,5,2019,0 days 10:30:00,1,91,91064,1,9,1,3,FAVREUSE (ROUTE DE),"48,7440700","2,1888500",1,4,1,1963.0,1,2,8,-1,A01,3,0,2,1,26,5,4,FAVREUSE (ROUTE DE),0.0,,-1,2,0,1,3,1,0,1,50,child
201900019960,10,5,2019,0 days 10:30:00,1,91,91064,1,9,1,3,FAVREUSE (ROUTE DE),"48,7440700","2,1888500",1,1,1,1996.0,1,1,8,-1,A01,3,0,2,1,26,5,4,FAVREUSE (ROUTE DE),0.0,,-1,2,0,1,3,1,0,1,50,adult
201900019962,5,5,2019,0 days 19:20:00,1,91,91477,2,1,1,3,VIALA (BOULEVARD),"48,7129000","2,2412000",1,1,2,1954.0,5,1,0,-1,B01,3,0,2,6,1,5,4,VIALA (BOULEVARD),0.0,,2,2,0,1,1,1,0,1,50,child
201900019962,5,5,2019,0 days 19:20:00,1,91,91477,2,1,1,3,VIALA (BOULEVARD),"48,7129000","2,2412000",1,4,1,1996.0,5,2,0,-1,B01,3,0,2,6,1,5,4,VIALA (BOULEVARD),0.0,,2,2,0,1,1,1,0,1,50,adult
201900019996,27,5,2019,0 days 18:00:00,1,91,91103,2,6,1,3,DE GAULLE (ROND POINT DU GENERAL),"48,6057200","2,3176800",1,1,1,1950.0,5,1,8,-1,B01,0,0,2,0,0,5,4,DE GAULLE (ROND POINT DU GENERAL),0.0,,1,2,0,1,3,1,0,1,50,child
201900019996,27,5,2019,0 days 18:00:00,1,91,91103,2,6,1,3,DE GAULLE (ROND POINT DU GENERAL),"48,6057200","2,3176800",1,4,2,1996.0,0,8,8,-1,B01,0,0,2,0,0,5,4,DE GAULLE (ROND POINT DU GENERAL),0.0,,1,2,0,1,3,1,0,1,50,adult
201900020112,16,11,2019,0 days 16:50:00,1,91,91377,2,6,1,2,DIX-NEUF MARS 1962 (ROND POINT DU),"48,7375400","2,2725500",1,4,1,1967.0,0,2,8,-1,B01,3,0,2,4,12,0,7,DIX-NEUF MARS 1962 (ROND POINT DU),0.0,,1,2,0,1,2,1,5,1,50,child
201900020112,16,11,2019,0 days 16:50:00,1,91,91377,2,6,1,2,DIX-NEUF MARS 1962 (ROND POINT DU),"48,7375400","2,2725500",1,1,1,1990.0,4,8,0,-1,B01,3,0,2,4,12,0,7,DIX-NEUF MARS 1962 (ROND POINT DU),0.0,,1,2,0,1,2,1,5,1,50,adult
201900020143,15,11,2019,0 days 11:00:00,1,13,13028,2,1,1,6,CROZET (AVENUE LOUIS ),"43,1767000","5,6026100",3,3,2,1937.0,5,8,0,-1,A01,2,0,1,1,1,5,4,CROZET (AVENUE LOUIS ),0.0,,1,1,1,2,2,1,0,1,30,child
201900020143,15,11,2019,0 days 11:00:00,1,13,13028,2,1,1,6,CROZET (AVENUE LOUIS ),"43,1767000","5,6026100",1,1,1,2006.0,2,8,0,-1,A01,2,0,1,1,1,5,4,CROZET (AVENUE LOUIS ),0.0,,1,1,1,2,2,1,0,1,30,adult
201900020238,27,2,2019,0 days 06:11:00,5,68,68253,1,3,1,3,route départementale 52,"47,7895800","7,5220270",1,3,1,1954.0,5,2,-1,-1,B01,2,0,2,1,1,5,3,52,,,2,2,1,1,1,1,0,1,70,child
201900020238,27,2,2019,0 days 06:11:00,5,68,68253,1,3,1,3,route départementale 52,"47,7895800","7,5220270",1,1,1,1987.0,4,1,-1,-1,B01,2,0,2,1,1,5,3,52,,,2,2,1,1,1,1,0,1,70,adult
201900020242,15,3,2019,0 days 18:45:00,3,978,97801,2,1,1,1,rue ground dove,"17,8532900"," -63,3251960",1,1,1,1964.0,5,0,-1,-1,B01,3,0,2,1,26,0,4,,0.0,,2,2,0,1,1,1,0,1,30,child
201900020242,15,3,2019,0 days 18:45:00,3,978,97801,2,1,1,1,rue ground dove,"17,8532900"," -63,3251960",1,1,1,2002.0,5,0,-1,-1,B01,3,0,2,1,26,0,4,,0.0,,2,2,0,1,1,1,0,1,30,adult
201900020242,15,3,2019,0 days 18:45:00,3,978,97801,2,1,1,1,rue ground dove,"17,8532900"," -63,3251960",2,3,1,2006.0,5,0,-1,-1,B01,3,0,2,1,26,0,4,,0.0,,2,2,0,1,1,1,0,1,30,adult
201900020305,12,3,2019,0 days 11:00:00,1,30,30089,1,3,1,3,Intersection D2 - D 986L,"43,8418290","4,6190720",1,3,1,1948.0,5,2,6,-1,B01,1,0,2,8,15,5,3,986,0.0,L,2,2,0,1,1,1,9,1,50,child
201900020305,12,3,2019,0 days 11:00:00,1,30,30089,1,3,1,3,Intersection D2 - D 986L,"43,8418290","4,6190720",1,1,2,1996.0,3,8,-1,-1,B01,1,0,2,8,15,5,3,986,0.0,L,2,2,0,1,1,1,9,1,50,adult
201900020309,16,3,2019,0 days 05:30:00,3,973,97309,2,1,1,2,la matourienne,"4,8788038"," -52,2956085",1,3,1,1961.0,0,0,-1,-1,B01,2,0,2,6,0,5,3,25,0.0,,2,2,0,1,1,1,0,3,80,child
201900020309,16,3,2019,0 days 05:30:00,3,973,97309,2,1,1,2,la matourienne,"4,8788038"," -52,2956085",1,1,1,2000.0,5,1,-1,-1,B01,2,0,2,6,0,5,3,25,0.0,,2,2,0,1,1,1,0,3,80,adult
201900020442,24,12,2019,0 days 12:20:00,1,31,31555,2,1,1,3,RUE DE PERIOLE,"43,6163600","1,4570700",1,1,1,1960.0,9,1,0,-1,A01,1,0,2,0,18,5,4,,0.0,,2,2,0,2,1,1,0,1,50,child
201900020442,24,12,2019,0 days 12:20:00,1,31,31555,2,1,1,3,RUE DE PERIOLE,"43,6163600","1,4570700",1,4,1,1995.0,9,8,0,-1,A01,1,0,2,0,18,5,4,,0.0,,2,2,0,2,1,1,0,1,50,adult
201900020453,26,12,2019,0 days 15:35:00,1,75,75120,2,1,1,3,BOULEVARD DE MENILMONTANT,"48,8618569","2,3880330",1,4,2,1967.0,0,2,8,-1,B01,1,0,2,7,17,5,4,BOULEVARD DE MENILMONTANT,0.0,,2,2,1,1,1,1,0,5,50,child
201900020453,26,12,2019,0 days 15:35:00,1,75,75120,2,1,1,3,BOULEVARD DE MENILMONTANT,"48,8618569","2,3880330",1,1,1,1991.0,1,2,8,-1,B01,1,0,2,7,17,5,4,BOULEVARD DE MENILMONTANT,0.0,,2,2,1,1,1,1,0,5,50,adult
201900020458,26,12,2019,0 days 15:55:00,1,75,75115,2,3,1,6,RUE DE LOURMEL,"48,8496180","2,2914570",3,4,2,1942.0,0,0,-1,-1,A01,2,0,1,1,1,5,4,RUE DE LOURMEL,0.0,,1,1,1,1,1,1,0,5,50,child
201900020458,26,12,2019,0 days 15:55:00,1,75,75115,2,3,1,6,RUE DE LOURMEL,"48,8496180","2,2914570",1,1,1,1999.0,5,8,2,-1,A01,2,0,1,1,1,5,4,RUE DE LOURMEL,0.0,,1,1,1,1,1,1,0,5,50,adult
201900020509,26,12,2019,0 days 20:30:00,3,973,97305,1,1,1,1,N1,"4,9845960"," -52,4462650",2,1,2,1964.0,3,1,-1,-1,B01,1,0,2,1,0,5,2,1,,,2,2,0,1,1,1,0,1,80,child
201900020509,26,12,2019,0 days 20:30:00,3,973,97305,1,1,1,1,N1,"4,9845960"," -52,4462650",1,2,1,1974.0,9,0,-1,-1,B01,1,0,2,1,0,5,2,1,,,2,2,0,1,1,1,0,1,80,adult
201900020509,26,12,2019,0 days 20:30:00,3,973,97305,1,1,1,1,N1,"4,9845960"," -52,4462650",1,1,2,1985.0,3,1,-1,-1,B01,1,0,2,1,0,5,2,1,,,2,2,0,1,1,1,0,1,80,adult
201900020515,27,12,2019,0 days 20:10:00,3,34,34151,1,1,1,2,D34,"43,6656780","4,1601170",1,1,1,1971.0,1,1,-1,-1,A01,2,0,2,4,1,5,3,34,,,2,2,0,1,1,1,0,1,-1,child
201900020515,27,12,2019,0 days 20:10:00,3,34,34151,1,1,1,2,D34,"43,6656780","4,1601170",1,3,1,2004.0,5,0,-1,-1,A01,2,0,2,4,1,5,3,34,,,2,2,0,1,1,1,0,1,-1,adult
201900020536,25,12,2019,0 days 06:42:00,1,971,97101,2,1,1,2,RN5-BOISRIPEAUX,"16,2633800"," -61,5132200",1,3,1,1962.0,9,8,0,-1,B01,3,0,2,4,18,5,2,5,0.0,,3,2,0,1,1,1,5,1,50,child
201900020536,25,12,2019,0 days 06:42:00,1,971,97101,2,1,1,2,RN5-BOISRIPEAUX,"16,2633800"," -61,5132200",1,1,1,1994.0,5,1,8,-1,B01,3,0,2,4,18,5,2,5,0.0,,3,2,0,1,1,1,5,1,50,adult
201900020566,25,12,2019,0 days 18:00:00,2,31,31410,1,1,1,6,30 Chemin de la Serre,"43,7111720","1,4481070",3,4,2,1948.0,5,0,-1,-1,A01,3,0,1,1,2,5,4,,,,2,2,0,1,1,1,0,1,50,child
201900020566,25,12,2019,0 days 18:00:00,2,31,31410,1,1,1,6,30 Chemin de la Serre,"43,7111720","1,4481070",1,1,1,1987.0,5,2,6,-1,A01,3,0,1,1,2,5,4,,,,2,2,0,1,1,1,0,1,50,adult
201900020713,29,1,2019,0 days 08:20:00,1,71,71076,2,1,1,6,PARIS (AVENUE DE),"46,7879900","4,8499200",1,1,2,1945.0,5,1,0,-1,B01,2,0,2,1,1,5,4,PARIS (AVENUE DE),0.0,,2,2,2,1,1,1,0,1,50,child
201900020713,29,1,2019,0 days 08:20:00,1,71,71076,2,1,1,6,PARIS (AVENUE DE),"46,7879900","4,8499200",1,4,1,1979.0,0,2,0,-1,B01,2,0,2,1,1,5,4,PARIS (AVENUE DE),0.0,,2,2,2,1,1,1,0,1,50,adult
201900020722,29,1,2019,0 days 06:30:00,2,973,97309,1,1,2,3,RD24,"4,9006537"," -52,3097062",1,4,1,1958.0,0,8,0,-1,A01,1,0,2,7,19,5,3,24,0.0,,2,2,0,1,1,2,0,1,50,child
201900020722,29,1,2019,0 days 06:30:00,2,973,97309,1,1,2,3,RD24,"4,9006537"," -52,3097062",1,1,1,1981.0,0,8,0,-1,A01,1,0,2,7,19,5,3,24,0.0,,2,2,0,1,1,2,0,1,50,adult
201900020764,29,1,2019,0 days 09:05:00,1,76,76351,2,2,2,1,CAVEE VERTE (RUE DE LA),"49,5021100","0,1034900",1,1,2,1930.0,0,1,8,-1,A01,3,0,2,0,1,0,3,32,0.0,,2,2,0,4,1,2,0,1,50,child
201900020764,29,1,2019,0 days 09:05:00,1,76,76351,2,2,2,1,CAVEE VERTE (RUE DE LA),"49,5021100","0,1034900",1,4,1,2003.0,0,2,0,-1,A01,3,0,2,0,1,0,3,32,0.0,,2,2,0,4,1,2,0,1,50,adult
201900020777,12,10,2019,0 days 15:00:00,1,33,33063,2,4,1,2,75  BD ALBERT 1ER,"44,8139900"," -0,5682700",1,2,1,1926.0,5,8,0,-1,A01,1,0,2,1,13,1,4,BD ALBERT 1ER,0.0,,2,4,0,1,1,1,0,1,50,child
201900020777,12,10,2019,0 days 15:00:00,1,33,33063,2,4,1,2,75  BD ALBERT 1ER,"44,8139900"," -0,5682700",1,1,1,1997.0,5,1,0,-1,A01,1,0,2,1,13,1,4,BD ALBERT 1ER,0.0,,2,4,0,1,1,1,0,1,50,adult
201900020786,12,10,2019,0 days 17:30:00,1,13,13209,2,1,1,3,MORGIOU (chemin de ),"43,2357700","5,4104910",1,4,1,1973.0,5,2,0,-1,B01,0,0,0,0,0,0,4,MORGIOU (chemin de ),0.0,,2,2,0,1,1,1,0,1,1,child
201900020786,12,10,2019,0 days 17:30:00,1,13,13209,2,1,1,3,MORGIOU (chemin de ),"43,2357700","5,4104910",1,1,1,2000.0,1,1,-1,-1,B01,0,0,0,0,0,0,4,MORGIOU (chemin de ),0.0,,2,2,0,1,1,1,0,1,1,adult
201900020864,13,10,2019,0 days 11:00:00,1,33,33199,1,1,1,4,RD 652  - PK 10+840,"44,5449370"," -1,0836860",1,1,1,1943.0,5,1,-1,-1,A01,1,0,9,0,2,5,3,652,,,2,2,0,1,1,1,0,1,80,child
201900020864,13,10,2019,0 days 11:00:00,1,33,33199,1,1,1,4,RD 652  - PK 10+840,"44,5449370"," -1,0836860",1,4,1,1961.0,5,2,-1,-1,A01,1,0,9,0,2,5,3,652,,,2,2,0,1,1,1,0,1,80,adult
201900020864,13,10,2019,0 days 11:00:00,1,33,33199,1,1,1,4,RD 652  - PK 10+840,"44,5449370"," -1,0836860",1,4,2,2004.0,9,2,-1,-1,A01,1,0,9,0,2,5,3,652,,,2,2,0,1,1,1,0,1,80,adult
201900020902,10,10,2019,0 days 21:00:00,5,75,75115,2,4,1,3,RUE DE LA CONVENTION,"48,8390700","2,2923560",1,1,1,1956.0,0,2,6,-1,A01,2,0,2,1,15,5,4,RUE DE LA CONVENTION,0.0,,2,2,0,1,1,1,0,1,50,child
201900020902,10,10,2019,0 days 21:00:00,5,75,75115,2,4,1,3,RUE DE LA CONVENTION,"48,8390700","2,2923560",1,4,1,1997.0,4,8,2,-1,A01,2,0,2,1,15,5,4,RUE DE LA CONVENTION,0.0,,2,2,0,1,1,1,0,1,50,adult
201900020917,10,10,2019,0 days 12:32:00,1,94,94041,2,2,1,1,MICHELET (R),"48,8095300","2,3803400",1,1,1,1950.0,5,1,0,-1,B01,3,0,2,1,19,5,3,223,0.0,B,2,2,0,1,1,1,0,1,50,child
201900020917,10,10,2019,0 days 12:32:00,1,94,94041,2,2,1,1,MICHELET (R),"48,8095300","2,3803400",1,4,1,2004.0,2,8,0,-1,B01,3,0,2,1,19,5,3,223,0.0,B,2,2,0,1,1,1,0,1,50,adult
201900020962,2,10,2019,0 days 09:45:00,1,29,29221,2,4,1,3,Route de Melon,"48,4996257"," -4,7641466",1,1,1,1931.0,5,1,-1,-1,B01,2,0,2,1,1,5,3,27,,,2,2,0,2,3,1,0,1,50,child
201900020962,2,10,2019,0 days 09:45:00,1,29,29221,2,4,1,3,Route de Melon,"48,4996257"," -4,7641466",2,1,2,1942.0,5,1,-1,-1,B01,2,0,2,1,1,5,3,27,,,2,2,0,2,3,1,0,1,50,adult
201900020962,2,10,2019,0 days 09:45:00,1,29,29221,2,4,1,3,Route de Melon,"48,4996257"," -4,7641466",1,4,1,1967.0,5,2,-1,-1,B01,2,0,2,1,1,5,3,27,,,2,2,0,2,3,1,0,1,50,adult
201900021005,6,6,2019,0 days 12:10:00,1,3,03013,2,6,1,3,route de Paris,"46,5871671","3,3156939",3,3,1,1959.0,1,8,0,-1,B01,1,0,2,3,1,5,3,707,0.0,,2,1,0,1,3,1,0,1,50,child
201900021005,6,6,2019,0 days 12:10:00,1,3,03013,2,6,1,3,route de Paris,"46,5871671","3,3156939",1,1,1,1998.0,5,1,0,-1,B01,1,0,2,3,1,5,3,707,0.0,,2,1,0,1,3,1,0,1,50,adult
201900021015,10,9,2019,0 days 12:25:00,1,75,75112,2,1,1,6,RUE DU RENDEZ VOUS,"48,8453800","2,4041110",3,4,1,1950.0,0,0,0,0,A01,1,0,1,1,1,5,4,RUE DU RENDEZ VOUS,0.0,,2,2,1,1,1,1,0,5,50,child
201900021015,10,9,2019,0 days 12:25:00,1,75,75112,2,1,1,6,RUE DU RENDEZ VOUS,"48,8453800","2,4041110",1,4,1,2006.0,5,2,8,-1,A01,1,0,1,1,1,5,4,RUE DU RENDEZ VOUS,0.0,,2,2,1,1,1,1,0,5,50,adult
201900021144,6,9,2019,0 days 17:35:00,1,56,56083,2,1,1,3,MITTERAND (AV. DU Pt ),"47,8090800"," -3,2625000",1,1,1,1965.0,1,1,8,-1,B01,1,0,2,1,1,5,3,23,0.0,C,3,2,0,2,1,1,0,1,30,child
201900021144,6,9,2019,0 days 17:35:00,1,56,56083,2,1,1,3,MITTERAND (AV. DU Pt ),"47,8090800"," -3,2625000",1,4,1,2003.0,2,2,0,-1,B01,1,0,2,1,1,5,3,23,0.0,C,3,2,0,2,1,1,0,1,30,adult
201900021223,17,4,2019,0 days 18:45:00,1,69,69386,2,2,1,3,VIABERT (DE LA)                     (R ),"45,7663600","4,8671500",1,1,1,1966.0,0,1,0,-1,B01,1,0,2,7,9,0,4,VIABERT (DE LA)                     (R ),0.0,,1,1,1,1,1,1,0,1,50,child
201900021223,17,4,2019,0 days 18:45:00,1,69,69386,2,2,1,3,VIABERT (DE LA)                     (R ),"45,7663600","4,8671500",1,4,1,2010.0,5,8,0,-1,B01,1,0,2,7,9,0,4,VIABERT (DE LA)                     (R ),0.0,,1,1,1,1,1,1,0,1,50,adult
201900021231,16,4,2019,0 days 07:37:00,2,87,87113,2,6,2,3,ANGUERNAUD (RUE D'),"45,8766700","1,3042200",1,1,2,1960.0,1,1,0,-1,B01,0,0,2,3,1,0,3,942,0.0,,1,2,0,1,2,2,0,1,50,child
201900021231,16,4,2019,0 days 07:37:00,2,87,87113,2,6,2,3,ANGUERNAUD (RUE D'),"45,8766700","1,3042200",1,3,1,1986.0,1,8,0,-1,B01,0,0,2,3,1,0,3,942,0.0,,1,2,0,1,2,2,0,1,50,adult
201900021245,17,4,2019,0 days 16:05:00,1,56,56260,2,1,1,2,PASTEUR (RUE),"47,6552000"," -2,7639000",1,1,1,1946.0,5,1,0,-1,A01,1,0,2,1,2,5,4,PASTEUR(RUE),0.0,,1,1,0,2,1,1,0,1,50,child
201900021245,17,4,2019,0 days 16:05:00,1,56,56260,2,1,1,2,PASTEUR (RUE),"47,6552000"," -2,7639000",2,1,2,1951.0,5,1,0,-1,A01,1,0,2,1,2,5,4,PASTEUR(RUE),0.0,,1,1,0,2,1,1,0,1,50,adult
201900021245,17,4,2019,0 days 16:05:00,1,56,56260,2,1,1,2,PASTEUR (RUE),"47,6552000"," -2,7639000",1,4,1,2002.0,5,8,0,-1,A01,1,0,2,1,2,5,4,PASTEUR(RUE),0.0,,1,1,0,2,1,1,0,1,50,adult
201900021247,16,4,2019,0 days 11:55:00,1,49,49007,2,1,1,3,LEROY PLACE,"47,4648300"," -0,5488400",1,3,2,1932.0,0,2,0,-1,A01,1,0,2,0,0,5,4,LEROY PLACE,0.0,,-1,2,0,1,1,1,0,1,50,child
201900021247,16,4,2019,0 days 11:55:00,1,49,49007,2,1,1,3,LEROY PLACE,"47,4648300"," -0,5488400",1,1,1,1979.0,0,1,0,-1,A01,1,0,2,0,0,5,4,LEROY PLACE,0.0,,-1,2,0,1,1,1,0,1,50,adult
201900021266,16,4,2019,0 days 17:55:00,1,17,17300,2,2,7,3,LECLERC   AVENUE DU GENERAL,"46,1626800"," -1,1607600",1,1,1,1932.0,5,8,0,-1,B01,2,0,2,1,1,5,4,LECLERC   AVENUE DU GENERAL,0.0,,2,4,2,1,1,1,0,1,50,child
201900021266,16,4,2019,0 days 17:55:00,1,17,17300,2,2,7,3,LECLERC   AVENUE DU GENERAL,"46,1626800"," -1,1607600",1,4,2,1959.0,0,8,0,-1,B01,2,0,2,1,1,5,4,LECLERC   AVENUE DU GENERAL,0.0,,2,4,2,1,1,1,0,1,50,adult