Num_Acc,jour,mois,an,hrmn,lum,dep,com,agg,int,atm,col,adr,lat,long,catu,grav,sexe,an_nais,trajet,secu1,secu2,secu3,num_veh_y,senc,obs,obsm,choc,manv,motor,catr,voie,v1,v2,circ,nbv,vosp,prof,plan,surf,infra,situ,vma,age
201900021325,18,4,2019,0 days 10:25:00,1,80,80211,1,1,1,2,Route de Loeuilly,"49,7499200","2,1617630",1,4,1,1954.0,5,2,-1,-1,B01,3,0,0,4,1,0,3,8,,,2,1,0,1,1,1,0,1,80,child
201900021325,18,4,2019,0 days 10:25:00,1,80,80211,1,1,1,2,Route de Loeuilly,"49,7499200","2,1617630",1,1,2,1992.0,5,1,-1,-1,B01,3,0,0,4,1,0,3,8,,,2,1,0,1,1,1,0,1,80,adult
201900021349,30,6,2019,0 days 18:00:00,1,64,64445,2,6,7,3,MORLAAS DE,"43,3079000"," -0,3384800",1,4,1,1943.0,0,2,0,-1,B01,1,0,2,7,1,5,4,CORPS FRANC POMMIES DU,0.0,,2,2,0,1,1,1,0,1,50,child
201900021349,30,6,2019,0 days 18:00:00,1,64,64445,2,6,7,3,MORLAAS DE,"43,3079000"," -0,3384800",1,1,2,1981.0,0,1,0,-1,B01,1,0,2,7,1,5,4,CORPS FRANC POMMIES DU,0.0,,2,2,0,1,1,1,0,1,50,adult
201900021384,30,6,2019,0 days 14:40:00,1,1,01427,2,9,1,3,Boulevard des Combattants,"45,9401290","4,7799860",1,1,1,1969.0,5,1,-1,-1,B01,2,0,2,1,19,6,3,6,0.0,,2,2,0,1,1,1,0,1,50,child
201900021384,30,6,2019,0 days 14:40:00,1,1,01427,2,9,1,3,Boulevard des Combattants,"45,9401290","4,7799860",1,4,1,2008.0,5,0,-1,-1,B01,2,0,2,1,19,6,3,6,0.0,,2,2,0,1,1,1,0,1,50,adult
201900021403,30,6,2019,0 days 08:45:00,1,55,55066,1,1,1,6,Route Départementale 29,"48,6339440","5,4920510",1,1,1,1900.0,0,8,-1,-1,B01,2,0,2,8,2,5,3,29,0.0,R,2,2,0,1,1,1,0,1,80,child
201900021403,30,6,2019,0 days 08:45:00,1,55,55066,1,1,1,6,Route Départementale 29,"48,6339440","5,4920510",1,4,1,1953.0,5,2,6,-1,B01,2,0,2,8,2,5,3,29,0.0,R,2,2,0,1,1,1,0,1,80,adult
201900021416,1,7,2019,0 days 11:35:00,1,50,50403,1,1,1,6,Vge les Miellettes,"49,1521360"," -1,5856620",1,3,2,1950.0,5,0,-1,-1,B01,3,0,2,0,2,5,3,432,0.0,,2,2,0,1,1,1,0,1,80,child
201900021416,1,7,2019,0 days 11:35:00,1,50,50403,1,1,1,6,Vge les Miellettes,"49,1521360"," -1,5856620",1,1,1,1986.0,4,1,-1,-1,B01,3,0,2,0,2,5,3,432,0.0,,2,2,0,1,1,1,0,1,80,adult
201900021448,1,7,2019,0 days 17:50:00,1,3,03102,2,2,1,6,Grande Rue,"46,5201538","3,6835027",1,1,2,1942.0,3,1,-1,-1,B01,1,0,2,8,1,5,3,779,0.0,,2,2,0,2,1,1,0,1,50,child
201900021448,1,7,2019,0 days 17:50:00,1,3,03102,2,2,1,6,Grande Rue,"46,5201538","3,6835027",1,1,2,1970.0,3,1,-1,-1,B01,1,0,2,8,1,5,3,779,0.0,,2,2,0,2,1,1,0,1,50,adult
201900021448,1,7,2019,0 days 17:50:00,1,3,03102,2,2,1,6,Grande Rue,"46,5201538","3,6835027",1,4,1,2002.0,5,0,-1,-1,B01,1,0,2,8,1,5,3,779,0.0,,2,2,0,2,1,1,0,1,50,adult
201900021475,5,6,2019,0 days 00:40:00,5,69,69383,2,2,1,3,MARIUS VIVIER MERLE                 (BD),"45,7570300","4,8587400",1,1,1,1955.0,4,1,0,-1,B01,1,0,2,7,19,0,4,MARIUS VIVIER MERLE                 (BD),0.0,,2,4,3,1,1,1,5,1,50,child
201900021475,5,6,2019,0 days 00:40:00,5,69,69383,2,2,1,3,MARIUS VIVIER MERLE                 (BD),"45,7570300","4,8587400",1,4,1,1996.0,0,8,0,-1,B01,1,0,2,7,19,0,4,MARIUS VIVIER MERLE                 (BD),0.0,,2,4,3,1,1,1,5,1,50,adult
201900021508,31,7,2019,0 days 06:00:00,2,33,33394,1,1,1,3,RD 243,"44,9104200"," -0,1941700",1,1,1,1964.0,1,1,-1,-1,B01,1,0,2,3,15,5,3,243,,,2,2,0,1,1,1,0,1,80,child
201900021508,31,7,2019,0 days 06:00:00,2,33,33394,1,1,1,3,RD 243,"44,9104200"," -0,1941700",1,3,1,1997.0,1,4,-1,-1,B01,1,0,2,3,15,5,3,243,,,2,2,0,1,1,1,0,1,80,adult
201900021528,2,8,2019,0 days 15:00:00,1,29,29037,1,1,1,2,Route de Kergulan,"47,8735800"," -4,1551040",1,1,2,1943.0,4,8,-1,-1,B01,0,0,2,8,2,6,4,,,,2,2,0,1,1,1,0,3,50,child
201900021528,2,8,2019,0 days 15:00:00,1,29,29037,1,1,1,2,Route de Kergulan,"47,8735800"," -4,1551040",1,4,1,1966.0,5,0,-1,-1,B01,0,0,2,8,2,6,4,,,,2,2,0,1,1,1,0,3,50,adult
201900021538,2,8,2019,0 days 19:40:00,1,72,72039,2,1,1,3,Les aigues losses,"48,1777640","0,4245200",1,4,1,1959.0,5,0,-1,-1,A01,3,0,2,8,15,0,9,,,,2,2,0,1,1,1,0,1,50,child
201900021538,2,8,2019,0 days 19:40:00,1,72,72039,2,1,1,3,Les aigues losses,"48,1777640","0,4245200",1,1,1,1990.0,5,1,-1,-1,A01,3,0,2,8,15,0,9,,,,2,2,0,1,1,1,0,1,50,adult
201900021557,14,7,2019,0 days 11:50:00,1,21,21060,1,1,1,2,D34 - PR 3+450,"47,3577120","5,2367790",1,1,1,1929.0,3,8,-1,-1,B01,1,0,2,0,1,5,3,34,0.0,,2,2,0,1,1,1,0,1,80,child
201900021557,14,7,2019,0 days 11:50:00,1,21,21060,1,1,1,2,D34 - PR 3+450,"47,3577120","5,2367790",1,4,1,1968.0,5,2,-1,-1,B01,1,0,2,0,1,5,3,34,0.0,,2,2,0,1,1,1,0,1,80,adult
201900021601,28,7,2019,0 days 19:00:00,1,66,66171,2,1,1,3,cami de la mar,"42,6183050","3,0177730",1,1,1,1954.0,5,1,-1,-1,B01,3,0,2,1,26,5,4,rue,0.0,,3,2,2,1,1,1,0,5,50,child
201900021601,28,7,2019,0 days 19:00:00,1,66,66171,2,1,1,3,cami de la mar,"42,6183050","3,0177730",1,4,1,1996.0,1,0,-1,-1,B01,3,0,2,1,26,5,4,rue,0.0,,3,2,2,1,1,1,0,5,50,adult
201900021608,1,8,2019,0 days 11:10:00,1,13,13007,1,1,1,1,Route de la Sainte-Baume,"43,3529670","5,6594050",1,3,1,1947.0,5,2,-1,-1,A01,1,0,2,1,13,5,3,45,0.0,A,2,2,0,2,2,1,0,1,80,child
201900021608,1,8,2019,0 days 11:10:00,1,13,13007,1,1,1,1,Route de la Sainte-Baume,"43,3529670","5,6594050",1,1,1,1979.0,1,1,-1,-1,A01,1,0,2,1,13,5,3,45,0.0,A,2,2,0,2,2,1,0,1,80,adult
201900021612,1,8,2019,0 days 18:15:00,1,67,67451,2,4,1,3,Rue des Paquerettes 67160,"48,9936160","8,0349100",1,3,2,1939.0,5,2,-1,-1,B01,0,0,9,2,26,5,4,rue des Paquerettes,,,2,2,1,1,2,1,0,1,30,child
201900021612,1,8,2019,0 days 18:15:00,1,67,67451,2,4,1,3,Rue des Paquerettes 67160,"48,9936160","8,0349100",1,1,1,1980.0,1,1,-1,-1,B01,0,0,9,2,26,5,4,rue des Paquerettes,,,2,2,1,1,2,1,0,1,30,adult
201900021638,4,8,2019,0 days 17:50:00,1,27,27465,1,1,1,2,PK 26 + 400 RD 141,"48,9924480","1,3430820",1,1,1,1936.0,5,1,-1,-1,B01,2,0,0,4,2,5,3,141,0.0,,2,2,0,1,1,1,0,1,80,child
201900021638,4,8,2019,0 days 17:50:00,1,27,27465,1,1,1,2,PK 26 + 400 RD 141,"48,9924480","1,3430820",1,2,1,1957.0,5,2,-1,-1,B01,2,0,0,4,2,5,3,141,0.0,,2,2,0,1,1,1,0,1,80,adult
201900021672,24,6,2019,0 days 10:20:00,1,76,76575,2,1,1,1,CANADIENS. AVENUE DES,"49,4051100","1,0676300",1,1,1,1969.0,0,1,0,-1,A01,3,0,2,3,0,5,3,938,0.0,,2,2,0,1,1,1,0,1,50,child
201900021672,24,6,2019,0 days 10:20:00,1,76,76575,2,1,1,1,CANADIENS. AVENUE DES,"49,4051100","1,0676300",1,4,1,1995.0,0,8,0,-1,A01,3,0,2,3,0,5,3,938,0.0,,2,2,0,1,1,1,0,1,50,adult
201900021749,25,5,2019,0 days 12:15:00,1,83,83144,2,1,1,3,PICASSO (AVE PABLO),"43,1322400","5,9877400",1,1,2,1925.0,5,1,8,-1,B01,1,0,2,5,2,5,4,PICASSO (AVE PABLO),0.0,,2,2,0,1,1,1,0,1,50,child
201900021749,25,5,2019,0 days 12:15:00,1,83,83144,2,1,1,3,PICASSO (AVE PABLO),"43,1322400","5,9877400",1,3,1,1998.0,5,8,0,-1,B01,1,0,2,5,2,5,4,PICASSO (AVE PABLO),0.0,,2,2,0,1,1,1,0,1,50,adult
201900021768,9,5,2019,0 days 11:45:00,1,83,83069,1,1,1,6,PIERREFEU (ROUTE DE) RD 12,"43,2050000","6,1360000",1,3,1,1948.0,5,2,8,-1,B01,2,0,2,0,1,5,3,12,0.0,,2,2,0,1,1,1,0,1,70,child
201900021768,9,5,2019,0 days 11:45:00,1,83,83069,1,1,1,6,PIERREFEU (ROUTE DE) RD 12,"43,2050000","6,1360000",1,1,1,1995.0,4,1,8,-1,B01,2,0,2,0,1,5,3,12,0.0,,2,2,0,1,1,1,0,1,70,adult
201900021782,23,5,2019,0 days 14:00:00,1,81,81004,2,1,1,3,LUDE (BD ET ALLEE DU),"43,9191078","2,1505829",1,1,2,1968.0,1,1,0,-1,B01,1,0,2,4,13,0,4,LUDE (BD ET ALLEE DU),0.0,,-1,2,0,1,1,1,0,1,50,child
201900021782,23,5,2019,0 days 14:00:00,1,81,81004,2,1,1,3,LUDE (BD ET ALLEE DU),"43,9191078","2,1505829",1,4,2,1997.0,0,2,0,-1,B01,1,0,2,4,13,0,4,LUDE (BD ET ALLEE DU),0.0,,-1,2,0,1,1,1,0,1,50,adult
201900021804,2,5,2019,0 days 13:20:00,1,80,80021,2,1,3,3,"1, PL RENE GOBLET","49,8915300","2,3022200",1,1,1,1971.0,0,1,0,-1,B01,0,0,2,1,1,5,4,RENE GOBLET (PLACE),0.0,,1,1,0,1,1,2,0,1,20,child
201900021804,2,5,2019,0 days 13:20:00,1,80,80021,2,1,3,3,"1, PL RENE GOBLET","49,8915300","2,3022200",1,4,1,2005.0,0,2,0,-1,B01,0,0,2,1,1,5,4,RENE GOBLET (PLACE),0.0,,1,1,0,1,1,2,0,1,20,adult
201900021858,12,3,2019,0 days 17:12:00,1,36,36044,2,3,1,3,60 RUE DE L'INDRE,"46,8133266","1,6902323",1,1,1,1979.0,0,1,8,-1,B01,0,0,2,1,19,5,4,53 RUE DE L'INDRE,0.0,,1,1,0,1,1,1,0,1,50,child
201900021858,12,3,2019,0 days 17:12:00,1,36,36044,2,3,1,3,60 RUE DE L'INDRE,"46,8133266","1,6902323",1,3,1,2004.0,9,2,0,-1,B01,0,0,2,1,19,5,4,53 RUE DE L'INDRE,0.0,,1,1,0,1,1,1,0,1,50,adult
201900021898,12,3,2019,0 days 15:50:00,1,75,75103,2,4,1,6,RUE DU TEMPLE,"48,8660780","2,3611240",1,4,2,1957.0,5,8,8,-1,B01,1,0,2,1,17,5,4,RUE DU TEMPLE,0.0,,1,3,0,1,1,1,0,1,50,child
201900021898,12,3,2019,0 days 15:50:00,1,75,75103,2,4,1,6,RUE DU TEMPLE,"48,8660780","2,3611240",1,4,1,1995.0,5,1,0,-1,B01,1,0,2,1,17,5,4,RUE DU TEMPLE,0.0,,1,3,0,1,1,1,0,1,50,adult
201900022021,15,11,2019,0 days 19:00:00,5,973,97302,2,1,1,3,JADFARD (RENE),"4,9341489"," -52,3324871",1,1,1,1976.0,0,8,0,-1,B01,3,0,2,9,1,0,4,JADFARD (RENE),0.0,,2,2,0,1,1,1,0,1,50,child
201900022021,15,11,2019,0 days 19:00:00,5,973,97302,2,1,1,3,JADFARD (RENE),"4,9341489"," -52,3324871",1,4,2,2002.0,0,8,0,-1,B01,3,0,2,9,1,0,4,JADFARD (RENE),0.0,,2,2,0,1,1,1,0,1,50,adult
201900022056,12,11,2019,0 days 19:20:00,5,82,82121,2,1,1,3,MOULIN (avenue jean ),"44,0244000","1,3641000",1,1,1,1932.0,5,1,8,-1,B01,0,0,2,1,1,5,4,MOULIN (avenue jean ),0.0,,2,4,2,2,1,1,0,1,50,child
201900022056,12,11,2019,0 days 19:20:00,5,82,82121,2,1,1,3,MOULIN (avenue jean ),"44,0244000","1,3641000",1,4,1,1998.0,1,8,0,-1,B01,0,0,2,1,1,5,4,MOULIN (avenue jean ),0.0,,2,4,2,2,1,1,0,1,50,adult
201900022078,13,11,2019,0 days 08:40:00,1,67,67482,2,3,1,3,ANKARA (RUE D ),"48,5743400","7,7712700",1,1,1,1943.0,0,1,0,-1,B01,2,0,2,8,19,5,4,ANKARA (RUE D ),0.0,,2,3,0,1,1,1,0,1,50,child
201900022078,13,11,2019,0 days 08:40:00,1,67,67482,2,3,1,3,ANKARA (RUE D ),"48,5743400","7,7712700",1,4,1,1977.0,0,8,0,-1,B01,2,0,2,8,19,5,4,ANKARA (RUE D ),0.0,,2,3,0,1,1,1,0,1,50,adult
201900022080,14,11,2019,0 days 13:50:00,1,64,64445,2,1,1,1,JEAN MERMOZ,"43,3100000"," -0,3773000",1,1,1,1971.0,0,8,0,-1,A01,2,0,2,1,13,5,4,JEAN MERMOZ,0.0,,3,2,0,1,1,1,0,1,50,child
201900022080,14,11,2019,0 days 13:50:00,1,64,64445,2,1,1,1,JEAN MERMOZ,"43,3100000"," -0,3773000",1,4,1,1995.0,0,8,0,-1,A01,2,0,2,1,13,5,4,JEAN MERMOZ,0.0,,3,2,0,1,1,1,0,1,50,adult
201900022100,14,11,2019,0 days 14:25:00,1,37,37214,2,6,1,6,HUGO (RUE VICTOR),"47,4100300","0,6674200",1,1,2,1951.0,5,1,0,-1,B01,3,0,2,1,1,5,4,HUGO (RUE VICTOR),0.0,,1,2,0,1,3,1,0,1,50,child
201900022100,14,11,2019,0 days 14:25:00,1,37,37214,2,6,1,6,HUGO (RUE VICTOR),"47,4100300","0,6674200",1,4,2,1977.0,1,8,0,-1,B01,3,0,2,1,1,5,4,HUGO (RUE VICTOR),0.0,,1,2,0,1,3,1,0,1,50,adult
201900022132,14,11,2019,0 days 14:50:00,1,5,05061,2,1,2,2,GEORGES POMPIDOU ( BD),"44,5550300","6,0761100",1,1,1,1946.0,9,1,0,-1,A01,2,0,2,1,2,5,4,GEORGES POMPIDOU ( BD),0.0,,2,2,0,1,1,2,0,1,50,child
201900022132,14,11,2019,0 days 14:50:00,1,5,05061,2,1,2,2,GEORGES POMPIDOU ( BD),"44,5550300","6,0761100",1,4,1,2001.0,1,8,0,-1,A01,2,0,2,1,2,5,4,GEORGES POMPIDOU ( BD),0.0,,2,2,0,1,1,2,0,1,50,adult
201900022150,15,11,2019,0 days 19:50:00,5,75,75114,2,4,2,6,RUE DAREAU,"48,8309000","2,3367000",3,4,1,1960.0,0,0,-1,-1,A01,2,0,1,1,1,5,4,RUE DAREAU,0.0,,1,1,1,2,1,2,0,5,50,child
201900022150,15,11,2019,0 days 19:50:00,5,75,75114,2,4,2,6,RUE DAREAU,"48,8309000","2,3367000",1,4,1,1984.0,1,2,8,-1,A01,2,0,1,1,1,5,4,RUE DAREAU,0.0,,1,1,1,2,1,2,0,5,50,adult
201900022234,25,12,2019,0 days 17:00:00,1,33,33449,1,1,7,2,Ex RD211 - Avenue de Martignas,"44,8567510"," -0,7416200",1,1,1,1930.0,5,1,-1,-1,B01,3,0,0,6,2,5,4,Ex RD211,,,2,2,0,1,1,1,0,1,80,child
201900022234,25,12,2019,0 days 17:00:00,1,33,33449,1,1,7,2,Ex RD211 - Avenue de Martignas,"44,8567510"," -0,7416200",1,3,1,1967.0,5,0,-1,-1,B01,3,0,0,6,2,5,4,Ex RD211,,,2,2,0,1,1,1,0,1,80,adult
201900022238,26,12,2019,0 days 11:30:00,1,59,59411,2,1,1,5,Rue du Moulin,"50,4805460","3,0981660",1,3,1,1967.0,5,2,-1,-1,B01,2,0,2,1,1,5,3,954,0.0,,2,2,0,1,1,1,0,1,30,child
201900022238,26,12,2019,0 days 11:30:00,1,59,59411,2,1,1,5,Rue du Moulin,"50,4805460","3,0981660",1,1,1,1992.0,5,0,-1,-1,B01,2,0,2,1,1,5,3,954,0.0,,2,2,0,1,1,1,0,1,30,adult
201900022272,23,12,2019,0 days 14:39:00,1,67,67482,2,3,1,3,NEUHOF (ROUTE),"48,5473900","7,7655200",1,1,1,1965.0,4,8,8,-1,A01,1,0,2,1,1,5,4,NEUHOF (ROUTE),0.0,,2,2,3,1,1,1,4,6,50,child
201900022272,23,12,2019,0 days 14:39:00,1,67,67482,2,3,1,3,NEUHOF (ROUTE),"48,5473900","7,7655200",1,4,1,2000.0,0,8,0,-1,A01,1,0,2,1,1,5,4,NEUHOF (ROUTE),0.0,,2,2,3,1,1,1,4,6,50,adult
201900022426,30,1,2019,0 days 13:30:00,1,75,75113,2,1,1,2,AVENUE DE LA PORTE DE CHOISY,"48,8204484","2,3643941",1,4,2,1962.0,1,8,0,-1,B01,2,0,2,0,21,5,4,AVENUE DE LA PORTE DE CHOISY,0.0,,2,2,0,1,1,2,0,1,50,child
201900022426,30,1,2019,0 days 13:30:00,1,75,75113,2,1,1,2,AVENUE DE LA PORTE DE CHOISY,"48,8204484","2,3643941",1,1,1,1983.0,5,1,0,-1,B01,2,0,2,0,21,5,4,AVENUE DE LA PORTE DE CHOISY,0.0,,2,2,0,1,1,2,0,1,50,adult
201900022455,30,1,2019,0 days 18:30:00,5,94,94041,2,2,2,3,VERDUN (AV DE),"48,8130700","2,3702700",1,1,2,1967.0,5,1,0,-1,A01,2,0,2,2,17,5,3,5,0.0,,2,2,0,1,1,2,5,1,50,child
201900022455,30,1,2019,0 days 18:30:00,5,94,94041,2,2,2,3,VERDUN (AV DE),"48,8130700","2,3702700",1,4,1,1988.0,0,2,0,-1,A01,2,0,2,2,17,5,3,5,0.0,,2,2,0,1,1,2,5,1,50,adult
201900022455,30,1,2019,0 days 18:30:00,5,94,94041,2,2,2,3,VERDUN (AV DE),"48,8130700","2,3702700",2,1,1,2008.0,5,1,0,-1,A01,2,0,2,2,17,5,3,5,0.0,,2,2,0,1,1,2,5,1,50,adult
201900022546,30,1,2019,0 days 18:45:00,5,9,09332,2,6,2,3,d12,"43,0740220","1,6453280",1,1,2,1946.0,5,1,-1,-1,B01,2,0,2,6,1,5,3,12,0.0,,-1,2,0,1,2,2,9,1,50,child
201900022546,30,1,2019,0 days 18:45:00,5,9,09332,2,6,2,3,d12,"43,0740220","1,6453280",1,3,1,1996.0,1,0,-1,-1,B01,2,0,2,6,1,5,3,12,0.0,,-1,2,0,1,2,2,9,1,50,adult
201900022582,5,7,2019,0 days 14:00:00,1,987,98734,1,1,2,2,RT1 -  PK 41 - Golf d'Atimaono," -17,7233790"," -149,5057300",1,1,1,1958.0,1,1,-1,-1,B01,1,0,2,4,14,5,2,01,,,2,2,0,1,1,2,0,1,60,child
201900022582,5,7,2019,0 days 14:00:00,1,987,98734,1,1,2,2,RT1 -  PK 41 - Golf d'Atimaono," -17,7233790"," -149,5057300",1,3,1,1984.0,1,0,-1,-1,B01,1,0,2,4,14,5,2,01,,,2,2,0,1,1,2,0,1,60,adult
201900022654,10,10,2019,0 days 07:35:00,2,74,74305,2,9,1,3,VOIRONS (RUE DES),"46,2025000","6,2559000",1,4,1,1963.0,1,2,6,-1,B01,2,0,2,1,1,5,3,150,0.0,,2,3,0,2,2,2,9,2,50,child
201900022654,10,10,2019,0 days 07:35:00,2,74,74305,2,9,1,3,VOIRONS (RUE DES),"46,2025000","6,2559000",1,1,1,1987.0,1,1,0,-1,B01,2,0,2,1,1,5,3,150,0.0,,2,3,0,2,2,2,9,2,50,adult
201900022666,7,10,2019,0 days 14:30:00,1,59,59178,2,6,1,3,HAUBERSART (PLACE D'),"50,3669900","3,0879800",1,1,1,1934.0,9,1,0,-1,B01,3,0,2,2,1,5,3,645,0.0,,2,2,0,1,1,1,0,3,50,child
201900022666,7,10,2019,0 days 14:30:00,1,59,59178,2,6,1,3,HAUBERSART (PLACE D'),"50,3669900","3,0879800",1,4,1,1996.0,9,8,0,-1,B01,3,0,2,2,1,5,3,645,0.0,,2,2,0,1,1,1,0,3,50,adult
201900022677,10,10,2019,0 days 08:30:00,1,37,37122,2,3,1,6,CERCELE (RUE),"47,3336715","0,6538565",1,1,1,1975.0,0,1,0,-1,A01,3,0,2,5,15,5,4,CERCELE (RUE),0.0,,2,2,0,1,1,1,0,1,50,child
201900022677,10,10,2019,0 days 08:30:00,1,37,37122,2,3,1,6,CERCELE (RUE),"47,3336715","0,6538565",1,4,1,2008.0,2,2,0,-1,A01,3,0,2,5,15,5,4,CERCELE (RUE),0.0,,2,2,0,1,1,1,0,1,50,adult
201900022678,10,10,2019,0 days 08:20:00,1,35,35238,2,3,1,3,AVENUE DES PREALES,"48,1064700"," -1,6861700",1,1,2,1961.0,1,1,0,-1,A01,3,0,2,1,1,5,4,PERRIN (JEAN),0.0,,2,2,0,3,1,1,0,1,30,child
201900022678,10,10,2019,0 days 08:20:00,1,35,35238,2,3,1,3,AVENUE DES PREALES,"48,1064700"," -1,6861700",1,4,1,1991.0,1,8,0,-1,A01,3,0,2,1,1,5,4,PERRIN (JEAN),0.0,,2,2,0,3,1,1,0,1,30,adult
201900022686,10,10,2019,0 days 09:17:00,1,29,29019,2,1,1,3,AV PROVENCE,"48,4073447"," -4,5176544",1,1,2,1960.0,9,1,0,-1,B01,3,0,2,2,1,5,4,PROVENCE (AVENUE ET ROND POINT),0.0,,2,0,0,1,2,1,0,1,50,child
201900022686,10,10,2019,0 days 09:17:00,1,29,29019,2,1,1,3,AV PROVENCE,"48,4073447"," -4,5176544",1,4,2,1984.0,1,2,8,-1,B01,3,0,2,2,1,5,4,PROVENCE (AVENUE ET ROND POINT),0.0,,2,0,0,1,2,1,0,1,50,adult
201900022687,10,10,2019,0 days 09:55:00,1,17,17300,2,6,2,3,COUREILLES   RUE DE,"46,1420500"," -1,1575300",1,1,1,1965.0,1,1,8,-1,B01,3,0,2,1,2,5,4,COUREILLES   RUE DE,0.0,,-1,2,0,1,1,2,0,1,50,child
201900022687,10,10,2019,0 days 09:55:00,1,17,17300,2,6,2,3,COUREILLES   RUE DE,"46,1420500"," -1,1575300",1,4,1,1999.0,2,8,0,-1,B01,3,0,2,1,2,5,4,COUREILLES   RUE DE,0.0,,-1,2,0,1,1,2,0,1,50,adult
201900022697,9,10,2019,0 days 17:28:00,1,10,10387,2,6,1,3,JULES GUESDE (RUE),"48,2880000","4,0812100",1,1,1,1936.0,0,1,8,-1,B01,3,0,2,2,1,5,4,JULES GUESDE (RUE),0.0,,1,2,1,1,1,1,0,1,50,child
201900022697,9,10,2019,0 days 17:28:00,1,10,10387,2,6,1,3,JULES GUESDE (RUE),"48,2880000","4,0812100",1,4,1,1996.0,0,8,0,-1,B01,3,0,2,2,1,5,4,JULES GUESDE (RUE),0.0,,1,2,1,1,1,1,0,1,50,adult
201900022707,10,10,2019,0 days 19:35:00,5,75,75118,2,1,1,3,RUE ORDENER,"48,8929894","2,3410362",1,1,1,1962.0,9,1,0,-1,B01,1,0,2,3,1,5,4,RUE ORDENER,0.0,,2,2,0,1,1,1,0,1,50,child
201900022707,10,10,2019,0 days 19:35:00,5,75,75118,2,1,1,3,RUE ORDENER,"48,8929894","2,3410362",1,4,1,1992.0,0,2,8,-1,B01,1,0,2,3,1,5,4,RUE ORDENER,0.0,,2,2,0,1,1,1,0,1,50,adult
201900022713,8,10,2019,0 days 16:00:00,1,75,75116,2,7,2,3,PLACE DE LA PORTE D AUTEUIL,"48,8480887","2,2580140",1,4,1,1933.0,0,2,0,-1,A01,3,0,2,7,1,5,4,PLACE DE LA PORTE D AUTEUIL,0.0,,2,2,0,1,1,2,0,1,50,child
201900022713,8,10,2019,0 days 16:00:00,1,75,75116,2,7,2,3,PLACE DE LA PORTE D AUTEUIL,"48,8480887","2,2580140",1,1,1,1980.0,5,1,8,-1,A01,3,0,2,7,1,5,4,PLACE DE LA PORTE D AUTEUIL,0.0,,2,2,0,1,1,2,0,1,50,adult
201900022790,9,9,2019,0 days 12:30:00,1,75,75117,2,2,1,3,AVENUE DE CLICHY,"48,8902690","2,3207590",1,1,1,1971.0,4,1,0,-1,A01,1,0,2,1,1,5,4,AVENUE DE CLICHY,0.0,,2,3,0,2,1,1,0,1,30,child
201900022790,9,9,2019,0 days 12:30:00,1,75,75117,2,2,1,3,AVENUE DE CLICHY,"48,8902690","2,3207590",1,4,1,1998.0,4,2,8,-1,A01,1,0,2,1,1,5,4,AVENUE DE CLICHY,0.0,,2,3,0,2,1,1,0,1,30,adult
201900022792,9,9,2019,0 days 20:00:00,5,75,75116,2,2,1,3,ALLEE DE LONGCHAMP,"48,8749200","2,2711040",1,4,1,1961.0,1,2,6,-1,A01,1,0,2,7,1,5,4,ALLEE DE LONGCHAMP,0.0,,2,2,0,1,1,1,5,1,50,child
201900022792,9,9,2019,0 days 20:00:00,5,75,75116,2,2,1,3,ALLEE DE LONGCHAMP,"48,8749200","2,2711040",2,1,1,2005.0,5,2,8,-1,A01,1,0,2,7,1,5,4,ALLEE DE LONGCHAMP,0.0,,2,2,0,1,1,1,5,1,50,adult
201900022792,9,9,2019,0 days 20:00:00,5,75,75116,2,2,1,3,ALLEE DE LONGCHAMP,"48,8749200","2,2711040",1,1,1,2006.0,5,2,8,-1,A01,1,0,2,7,1,5,4,ALLEE DE LONGCHAMP,0.0,,2,2,0,1,1,1,5,1,50,adult
201900022945,17,4,2019,0 days 12:50:00,1,24,24291,1,3,1,3,Lieu-dit Brenac,"45,0494140","1,1515090",1,1,2,1976.0,1,1,-1,-1,B01,1,0,2,8,15,6,3,65,,,2,2,0,1,1,1,0,1,80,child
201900022945,17,4,2019,0 days 12:50:00,1,24,24291,1,3,1,3,Lieu-dit Brenac,"45,0494140","1,1515090",1,3,1,1997.0,1,0,-1,-1,B01,1,0,2,8,15,6,3,65,,,2,2,0,1,1,1,0,1,80,adult
201900022970,11,4,2019,0 days 11:50:00,1,33,33238,2,3,1,3,rue du 19 mars 1962,"44,7306400"," -0,5977700",1,1,2,1936.0,3,1,-1,-1,A01,1,0,2,4,1,5,4,Rue du 19 mars 1962,0.0,,2,2,0,1,2,1,0,1,50,child
201900022970,11,4,2019,0 days 11:50:00,1,33,33238,2,3,1,3,rue du 19 mars 1962,"44,7306400"," -0,5977700",1,4,2,2004.0,5,0,-1,-1,A01,1,0,2,4,1,5,4,Rue du 19 mars 1962,0.0,,2,2,0,1,2,1,0,1,50,adult
201900023028,16,4,2019,0 days 10:05:00,1,67,67482,1,1,1,6,BOEUFS (RUE DES),"48,5779520","7,7524750",1,1,1,1955.0,4,8,0,-1,B01,2,0,2,1,1,5,4,BOEUFS (RUE DES),0.0,,2,3,1,4,1,1,0,1,50,child
201900023028,16,4,2019,0 days 10:05:00,1,67,67482,1,1,1,6,BOEUFS (RUE DES),"48,5779520","7,7524750",1,4,2,1976.0,0,2,0,-1,B01,2,0,2,1,1,5,4,BOEUFS (RUE DES),0.0,,2,3,1,4,1,1,0,1,50,adult