Num_Acc,jour,mois,an,hrmn,lum,dep,com,agg,int,atm,col,adr,lat,long,catu,grav,sexe,an_nais,trajet,secu1,secu2,secu3,num_veh_y,senc,obs,obsm,choc,manv,motor,catr,voie,v1,v2,circ,nbv,vosp,prof,plan,surf,infra,situ,vma,age
201900023063,15,4,2019,0 days 08:10:00,1,5,05061,2,1,1,1,METIERS ( RUE DES ),"44,5622000","6,0958000",1,3,1,1948.0,0,2,0,-1,A01,2,0,2,7,13,5,4,METIERS ( RUE DES ),0.0,,2,2,0,2,1,1,0,1,50,child
201900023063,15,4,2019,0 days 08:10:00,1,5,05061,2,1,1,1,METIERS ( RUE DES ),"44,5622000","6,0958000",1,1,1,1987.0,4,1,0,-1,A01,2,0,2,7,13,5,4,METIERS ( RUE DES ),0.0,,2,2,0,2,1,1,0,1,50,adult
201900023109,17,4,2019,0 days 12:05:00,1,65,65025,2,3,1,5,Avenue des Pyrénées,"43,0033140"," -0,0990060",1,2,1,1956.0,5,2,-1,-1,B01,2,0,2,1,17,5,3,921,,B,2,2,0,2,1,1,0,1,50,child
201900023109,17,4,2019,0 days 12:05:00,1,65,65025,2,3,1,5,Avenue des Pyrénées,"43,0033140"," -0,0990060",1,1,1,1969.0,5,1,-1,-1,B01,2,0,2,1,17,5,3,921,,B,2,2,0,2,1,1,0,1,50,adult
201900023109,17,4,2019,0 days 12:05:00,1,65,65025,2,3,1,5,Avenue des Pyrénées,"43,0033140"," -0,0990060",1,4,1,1996.0,1,2,-1,-1,B01,2,0,2,1,17,5,3,921,,B,2,2,0,2,1,1,0,1,50,adult
201900023165,27,6,2019,0 days 13:45:00,1,973,97302,2,1,1,3,RABAN (ROUTE DE),"4,9323370"," -52,3127210",1,1,1,1901.0,9,8,0,-1,B01,0,0,2,8,26,6,4,RABAN (ROUTE DE),0.0,,2,1,0,1,2,1,0,1,50,child
201900023165,27,6,2019,0 days 13:45:00,1,973,97302,2,1,1,3,RABAN (ROUTE DE),"4,9323370"," -52,3127210",1,1,1,2002.0,9,8,0,-1,B01,0,0,2,8,26,6,4,RABAN (ROUTE DE),0.0,,2,1,0,1,2,1,0,1,50,adult
201900023165,27,6,2019,0 days 13:45:00,1,973,97302,2,1,1,3,RABAN (ROUTE DE),"4,9323370"," -52,3127210",2,4,2,2004.0,9,8,0,-1,B01,0,0,2,8,26,6,4,RABAN (ROUTE DE),0.0,,2,1,0,1,2,1,0,1,50,adult
201900023192,27,6,2019,0 days 20:05:00,1,86,86194,2,1,7,3,ROCADE EST (RD 162),"46,5726392","0,3705525",1,1,2,1954.0,9,1,8,-1,A01,2,0,2,0,9,0,3,162,0.0,,3,4,0,1,1,1,0,1,50,child
201900023192,27,6,2019,0 days 20:05:00,1,86,86194,2,1,7,3,ROCADE EST (RD 162),"46,5726392","0,3705525",1,4,1,1999.0,9,8,0,-1,A01,2,0,2,0,9,0,3,162,0.0,,3,4,0,1,1,1,0,1,50,adult
201900023223,27,6,2019,0 days 15:40:00,1,68,68066,2,2,1,3,INGERSHEIM (ROUTE D'),"48,0845700","7,3423100",1,2,2,1959.0,1,2,0,-1,B01,1,0,2,1,1,0,3,418,0.0,,2,3,1,1,1,1,0,1,50,child
201900023223,27,6,2019,0 days 15:40:00,1,68,68066,2,2,1,3,INGERSHEIM (ROUTE D'),"48,0845700","7,3423100",1,1,1,1989.0,4,1,8,-1,B01,1,0,2,1,1,0,3,418,0.0,,2,3,1,1,1,1,0,1,50,adult
201900023228,24,6,2019,0 days 13:50:00,1,67,67482,2,3,1,5,ROBERTSAU (ALLEE DE LA),"48,5877860","7,7648160",1,1,2,1935.0,5,1,8,-1,C01,1,0,2,4,0,5,4,ROBERTSAU (ALLEE DE LA),0.0,,3,4,0,1,1,1,0,1,50,child
201900023228,24,6,2019,0 days 13:50:00,1,67,67482,2,3,1,5,ROBERTSAU (ALLEE DE LA),"48,5877860","7,7648160",1,2,1,1958.0,4,8,0,-1,C01,1,0,2,4,0,5,4,ROBERTSAU (ALLEE DE LA),0.0,,3,4,0,1,1,1,0,1,50,adult
201900023228,24,6,2019,0 days 13:50:00,1,67,67482,2,3,1,5,ROBERTSAU (ALLEE DE LA),"48,5877860","7,7648160",1,1,1,1964.0,0,1,8,-1,C01,1,0,2,4,0,5,4,ROBERTSAU (ALLEE DE LA),0.0,,3,4,0,1,1,1,0,1,50,adult
201900023233,28,6,2019,0 days 09:30:00,1,64,64445,2,9,1,3,GASTON PHOEBUS,"43,3024000"," -0,3793800",1,1,2,1941.0,5,1,0,-1,B01,2,0,2,3,15,5,4,GASTON PHOEBUS,0.0,,2,3,0,1,2,1,0,1,50,child
201900023233,28,6,2019,0 days 09:30:00,1,64,64445,2,9,1,3,GASTON PHOEBUS,"43,3024000"," -0,3793800",1,4,2,2001.0,5,8,0,-1,B01,2,0,2,3,15,5,4,GASTON PHOEBUS,0.0,,2,3,0,1,2,1,0,1,50,adult
201900023246,27,6,2019,0 days 08:40:00,1,56,56098,2,1,1,4,REPUBLIQUE (RUE DE LA ),"47,7569300"," -3,3448500",1,4,1,1963.0,1,2,0,-1,C01,2,0,2,1,2,5,4,REPUBLIQUE (RUE DE LA ),0.0,,1,1,0,1,1,1,0,1,30,child
201900023246,27,6,2019,0 days 08:40:00,1,56,56098,2,1,1,4,REPUBLIQUE (RUE DE LA ),"47,7569300"," -3,3448500",1,1,2,1988.0,5,1,8,-1,C01,2,0,2,1,2,5,4,REPUBLIQUE (RUE DE LA ),0.0,,1,1,0,1,1,1,0,1,30,adult
201900023246,27,6,2019,0 days 08:40:00,1,56,56098,2,1,1,4,REPUBLIQUE (RUE DE LA ),"47,7569300"," -3,3448500",1,4,1,1995.0,1,2,8,-1,C01,2,0,2,1,2,5,4,REPUBLIQUE (RUE DE LA ),0.0,,1,1,0,1,1,1,0,1,30,adult
201900023247,26,6,2019,0 days 15:40:00,1,56,56162,2,1,1,3,KERVAM (RUE DE),"47,7350400"," -3,4282000",1,1,1,1935.0,5,1,8,-1,A01,3,0,2,1,1,5,6,KERVAM (RUE DE),0.0,,-1,-1,0,1,1,1,0,1,30,child
201900023247,26,6,2019,0 days 15:40:00,1,56,56162,2,1,1,3,KERVAM (RUE DE),"47,7350400"," -3,4282000",1,4,1,2001.0,5,8,0,-1,A01,3,0,2,1,1,5,6,KERVAM (RUE DE),0.0,,-1,-1,0,1,1,1,0,1,30,adult
201900023255,29,6,2019,0 days 16:10:00,1,45,45234,2,3,1,3,PLACE DOMREMY - RUE SAINT MARCEAU,"47,8898023","1,9056968",1,1,1,1979.0,5,1,0,-1,A01,0,0,2,1,1,0,4,PLACE DOMREMY,0.0,,2,2,2,1,1,1,4,1,50,child
201900023255,29,6,2019,0 days 16:10:00,1,45,45234,2,3,1,3,PLACE DOMREMY - RUE SAINT MARCEAU,"47,8898023","1,9056968",1,4,1,2003.0,5,8,0,-1,A01,0,0,2,1,1,0,4,PLACE DOMREMY,0.0,,2,2,2,1,1,1,4,1,50,adult
201900023287,29,7,2019,0 days 10:30:00,1,67,67482,2,3,1,1,MITTELHAUSBERGEN (ROUTE DE),"48,5940770","7,7202400",1,4,1,1955.0,0,8,0,-1,B01,2,0,2,1,1,5,4,MITTELHAUSBERGEN (ROUTE DE),0.0,,2,2,0,1,1,9,0,1,30,child
201900023287,29,7,2019,0 days 10:30:00,1,67,67482,2,3,1,1,MITTELHAUSBERGEN (ROUTE DE),"48,5940770","7,7202400",1,1,2,1997.0,3,1,8,-1,B01,2,0,2,1,1,5,4,MITTELHAUSBERGEN (ROUTE DE),0.0,,2,2,0,1,1,9,0,1,30,adult
201900023337,29,7,2019,0 days 18:20:00,1,92,92050,2,1,1,2,JOFFRE MARECHAL AVENUE DU,"48,8852580","2,1954400",1,1,1,1966.0,5,1,0,-1,A01,2,0,2,1,21,5,3,913,0.0,,3,4,0,1,1,1,0,1,50,child
201900023337,29,7,2019,0 days 18:20:00,1,92,92050,2,1,1,2,JOFFRE MARECHAL AVENUE DU,"48,8852580","2,1954400",1,4,1,1987.0,5,2,8,-1,A01,2,0,2,1,21,5,3,913,0.0,,3,4,0,1,1,1,0,1,50,adult
201900023340,30,7,2019,0 days 16:56:00,1,92,92012,2,1,1,3,PONT DE SEVRES (ROND POINT DU),"48,8290198","2,2292472",1,3,1,1961.0,5,8,0,-1,B01,2,0,2,3,1,5,3,910,0.0,,1,3,0,1,1,1,8,1,50,child
201900023340,30,7,2019,0 days 16:56:00,1,92,92012,2,1,1,3,PONT DE SEVRES (ROND POINT DU),"48,8290198","2,2292472",1,1,1,1987.0,5,1,8,-1,B01,2,0,2,3,1,5,3,910,0.0,,1,3,0,1,1,1,8,1,50,adult
201900023371,30,7,2019,0 days 17:10:00,1,67,67309,1,1,1,2,route de Brumath,"48,6471370","7,7249100",1,3,1,1942.0,5,0,-1,-1,B01,3,0,0,4,3,5,7,263,,,3,4,0,1,1,1,3,1,80,child
201900023371,30,7,2019,0 days 17:10:00,1,67,67309,1,1,1,2,route de Brumath,"48,6471370","7,7249100",1,1,1,1973.0,1,1,-1,-1,B01,3,0,0,4,3,5,7,263,,,3,4,0,1,1,1,3,1,80,adult
201900023378,31,7,2019,0 days 19:02:00,1,74,74128,1,3,1,1,Route de Soly,"46,1599970","6,3183930",1,1,2,1960.0,4,1,-1,-1,B01,3,0,2,2,19,5,4,soly,,,2,2,0,1,1,1,0,1,70,child
201900023378,31,7,2019,0 days 19:02:00,1,74,74128,1,3,1,1,Route de Soly,"46,1599970","6,3183930",1,3,1,2011.0,5,2,-1,-1,B01,3,0,2,2,19,5,4,soly,,,2,2,0,1,1,1,0,1,70,adult
201900023412,28,7,2019,0 days 17:30:00,1,974,97409,2,2,2,3,DUMESNIL D'ENGENTE(RUE)," -20,9502300","55,6512500",1,1,1,1968.0,5,1,0,-1,B01,3,0,2,1,1,0,4,DUMESNIL D'ENGENTE(RUE),0.0,,2,2,0,1,1,2,0,1,50,child
201900023412,28,7,2019,0 days 17:30:00,1,974,97409,2,2,2,3,DUMESNIL D'ENGENTE(RUE)," -20,9502300","55,6512500",1,4,1,2002.0,5,8,0,-1,B01,3,0,2,1,1,0,4,DUMESNIL D'ENGENTE(RUE),0.0,,2,2,0,1,1,2,0,1,50,adult
201900023464,23,5,2019,0 days 11:05:00,1,77,77372,1,3,1,3,D934 X LIBERATION (RUE DE  LA),"48,8823881","2,6533917",1,1,1,1939.0,0,1,0,-1,B01,2,0,2,1,0,0,3,934,0.0,,2,2,0,1,1,1,0,1,80,child
201900023464,23,5,2019,0 days 11:05:00,1,77,77372,1,3,1,3,D934 X LIBERATION (RUE DE  LA),"48,8823881","2,6533917",1,3,1,1962.0,5,2,8,-1,B01,2,0,2,1,0,0,3,934,0.0,,2,2,0,1,1,1,0,1,80,adult
201900023483,6,3,2019,0 days 13:05:00,1,76,76561,2,1,1,1,VILLERS. AVENUE LOUIS,"49,3082100","1,0385700",1,1,2,1935.0,0,1,0,-1,B01,3,0,2,8,0,5,4,Avenue Louuis Villers,0.0,,2,2,0,1,1,1,0,1,50,child
201900023483,6,3,2019,0 days 13:05:00,1,76,76561,2,1,1,1,VILLERS. AVENUE LOUIS,"49,3082100","1,0385700",1,3,1,1989.0,0,8,0,-1,B01,3,0,2,8,0,5,4,Avenue Louuis Villers,0.0,,2,2,0,1,1,1,0,1,50,adult
201900023525,10,5,2019,0 days 15:20:00,1,74,74010,2,1,1,6,TOCHON (PLACE),"45,9037000","6,1245000",3,4,2,1945.0,0,8,0,-1,A01,3,0,1,1,26,6,4,TOCHON (PLACE),0.0,,2,2,3,1,3,1,6,1,30,child
201900023525,10,5,2019,0 days 15:20:00,1,74,74010,2,1,1,6,TOCHON (PLACE),"45,9037000","6,1245000",1,1,1,2003.0,0,8,0,-1,A01,3,0,1,1,26,6,4,TOCHON (PLACE),0.0,,2,2,3,1,3,1,6,1,30,adult
201900023527,30,4,2019,0 days 17:00:00,1,73,73011,2,2,1,3,Parking ccial,"45,6610341","6,3812006",1,3,2,1952.0,3,2,8,-1,A01,3,0,2,1,1,5,6,,0.0,,-1,-1,-1,1,1,1,9,1,50,child
201900023527,30,4,2019,0 days 17:00:00,1,73,73011,2,2,1,3,Parking ccial,"45,6610341","6,3812006",1,1,1,2000.0,3,1,8,-1,A01,3,0,2,1,1,5,6,,0.0,,-1,-1,-1,1,1,1,9,1,50,adult
201900023529,28,5,2019,0 days 13:00:00,1,72,72181,2,1,3,6,GAULLE GENERAL DE (AV DU),"48,0039200","0,1993300",3,3,1,1941.0,0,8,0,-1,A01,1,0,1,1,1,5,4,GAULLE GENERAL DE (AV DU),0.0,,2,3,0,1,1,2,0,1,50,child
201900023529,28,5,2019,0 days 13:00:00,1,72,72181,2,1,3,6,GAULLE GENERAL DE (AV DU),"48,0039200","0,1993300",1,1,2,1992.0,0,1,0,-1,A01,1,0,1,1,1,5,4,GAULLE GENERAL DE (AV DU),0.0,,2,3,0,1,1,2,0,1,50,adult
201900023529,28,5,2019,0 days 13:00:00,1,72,72181,2,1,3,6,GAULLE GENERAL DE (AV DU),"48,0039200","0,1993300",1,4,1,1997.0,4,8,0,-1,A01,1,0,1,1,1,5,4,GAULLE GENERAL DE (AV DU),0.0,,2,3,0,1,1,2,0,1,50,adult
201900023613,12,3,2019,0 days 17:30:00,1,75,75116,2,7,8,3,AVENUE BUGEAUD,"48,8697260","2,2850510",1,4,1,1986.0,1,2,8,-1,B01,2,0,2,8,19,5,4,AVENUE BUGEAUD,0.0,,2,2,0,2,1,1,0,1,50,child
201900023613,12,3,2019,0 days 17:30:00,1,75,75116,2,7,8,3,AVENUE BUGEAUD,"48,8697260","2,2850510",1,4,1,2007.0,5,8,0,-1,B01,2,0,2,8,19,5,4,AVENUE BUGEAUD,0.0,,2,2,0,2,1,1,0,1,50,adult
201900023622,11,3,2019,0 days 13:25:00,1,94,94068,2,1,1,2,REMISES (R DES),"48,8062000","2,4732500",1,1,1,1968.0,9,1,0,-1,A01,2,0,2,1,1,5,4,REMISES (R DES),0.0,,1,1,0,1,1,1,0,1,30,child
201900023622,11,3,2019,0 days 13:25:00,1,94,94068,2,1,1,2,REMISES (R DES),"48,8062000","2,4732500",1,4,1,2002.0,2,8,0,-1,A01,2,0,2,1,1,5,4,REMISES (R DES),0.0,,1,1,0,1,1,1,0,1,30,adult
201900023622,11,3,2019,0 days 13:25:00,1,94,94068,2,1,1,2,REMISES (R DES),"48,8062000","2,4732500",2,1,2,2004.0,9,8,0,-1,A01,2,0,2,1,1,5,4,REMISES (R DES),0.0,,1,1,0,1,1,1,0,1,30,adult
201900023723,11,3,2019,0 days 07:50:00,2,64,64445,2,6,2,1,ALSACE LORRAINE D',"43,3044735"," -0,3675141",1,1,1,1962.0,9,1,8,-1,B01,1,0,2,1,15,5,4,ALSACE LORRAINE D',0.0,,2,2,0,1,1,2,9,1,50,child
201900023723,11,3,2019,0 days 07:50:00,2,64,64445,2,6,2,1,ALSACE LORRAINE D',"43,3044735"," -0,3675141",1,4,1,1998.0,9,8,0,-1,B01,1,0,2,1,15,5,4,ALSACE LORRAINE D',0.0,,2,2,0,1,1,2,9,1,50,adult
201900023731,8,3,2019,0 days 13:29:00,1,54,54395,2,1,1,6,LEBRUN (RUE ALBERT),"48,6853380","6,1902600",1,1,1,1951.0,0,1,0,-1,B01,1,0,2,0,1,5,4,LEBRUN (RUE ALBERT),0.0,,-1,2,0,1,1,1,0,1,50,child
201900023731,8,3,2019,0 days 13:29:00,1,54,54395,2,1,1,6,LEBRUN (RUE ALBERT),"48,6853380","6,1902600",1,4,1,1995.0,0,2,0,-1,B01,1,0,2,0,1,5,4,LEBRUN (RUE ALBERT),0.0,,-1,2,0,1,1,1,0,1,50,adult
201900023746,11,3,2019,0 days 20:30:00,5,37,37208,2,1,1,1,FONTAINES (AVENUE DES),"47,3668377","0,7214509",1,4,1,1954.0,5,2,8,-1,B01,1,0,2,8,19,5,4,FONTAINES (AVENUE DES),0.0,,1,1,0,2,3,1,0,1,50,child
201900023746,11,3,2019,0 days 20:30:00,5,37,37208,2,1,1,1,FONTAINES (AVENUE DES),"47,3668377","0,7214509",1,1,1,1988.0,5,1,8,-1,B01,1,0,2,8,19,5,4,FONTAINES (AVENUE DES),0.0,,1,1,0,2,3,1,0,1,50,adult
201900023867,12,11,2019,0 days 15:20:00,1,59,59636,2,1,1,3,QUESNOY RUE DE,"50,6922800","3,0529800",1,1,1,1955.0,5,8,0,-1,B01,2,0,2,3,26,6,4,QUESNOY RUE DE,0.0,,2,2,0,1,1,1,0,1,50,child
201900023867,12,11,2019,0 days 15:20:00,1,59,59636,2,1,1,3,QUESNOY RUE DE,"50,6922800","3,0529800",1,4,1,1976.0,5,8,0,-1,B01,2,0,2,3,26,6,4,QUESNOY RUE DE,0.0,,2,2,0,1,1,1,0,1,50,adult
201900023891,13,11,2019,0 days 16:12:00,1,2,02408,2,2,1,3,WINSTON CHURCHILL (RUE),"49,5660829","3,6361367",1,1,2,1977.0,1,1,0,-1,A01,1,0,2,3,19,5,4,WINSTON CHURCHILL (RUE),0.0,,2,2,0,2,1,1,0,1,50,child
201900023891,13,11,2019,0 days 16:12:00,1,2,02408,2,2,1,3,WINSTON CHURCHILL (RUE),"49,5660829","3,6361367",1,3,1,2007.0,0,8,0,-1,A01,1,0,2,3,19,5,4,WINSTON CHURCHILL (RUE),0.0,,2,2,0,2,1,1,0,1,50,adult
201900023905,13,11,2019,0 days 11:35:00,1,75,75110,2,1,2,3,RUE DE L AQUEDUC,"48,8824474","2,3640507",1,1,1,1963.0,4,1,0,-1,B01,1,0,2,1,1,5,4,RUE DE L AQUEDUC,0.0,,2,2,-1,1,1,2,0,1,50,child
201900023905,13,11,2019,0 days 11:35:00,1,75,75110,2,1,2,3,RUE DE L AQUEDUC,"48,8824474","2,3640507",1,4,2,1989.0,1,8,2,-1,B01,1,0,2,1,1,5,4,RUE DE L AQUEDUC,0.0,,2,2,-1,1,1,2,0,1,50,adult
201900023949,1,11,2019,0 days 13:45:00,2,38,38224,2,1,8,3,Route du lac,"44,8735620","5,7160060",1,3,1,1962.0,5,2,-1,-1,B01,1,0,2,1,0,5,3,116,,D,2,2,0,2,3,2,0,1,50,child
201900023949,1,11,2019,0 days 13:45:00,2,38,38224,2,1,8,3,Route du lac,"44,8735620","5,7160060",1,1,1,1980.0,4,1,-1,-1,B01,1,0,2,1,0,5,3,116,,D,2,2,0,2,3,2,0,1,50,adult
201900023949,1,11,2019,0 days 13:45:00,2,38,38224,2,1,8,3,Route du lac,"44,8735620","5,7160060",2,1,1,1991.0,4,1,-1,-1,B01,1,0,2,1,0,5,3,116,,D,2,2,0,2,3,2,0,1,50,adult
201900023952,26,1,2019,0 days 12:00:00,1,67,67055,2,3,2,4,"D5, intersection avec la rue du camping","48,3282240","7,6910690",1,1,2,1945.0,5,1,-1,-1,C01,2,0,2,3,1,5,3,5,0.0,,2,2,1,1,1,2,0,1,70,child
201900023952,26,1,2019,0 days 12:00:00,1,67,67055,2,3,2,4,"D5, intersection avec la rue du camping","48,3282240","7,6910690",1,4,1,1955.0,5,0,-1,-1,C01,2,0,2,3,1,5,3,5,0.0,,2,2,1,1,1,2,0,1,70,adult
201900023952,26,1,2019,0 days 12:00:00,1,67,67055,2,3,2,4,"D5, intersection avec la rue du camping","48,3282240","7,6910690",1,4,1,2003.0,5,2,6,-1,C01,2,0,2,3,1,5,3,5,0.0,,2,2,1,1,1,2,0,1,70,adult
201900023961,24,1,2019,0 days 15:00:00,1,72,72154,1,1,1,3,Lieu dit les brosses route du lude,"47,6884280"," -0,0193370",3,3,1,1953.0,5,0,-1,-1,B01,1,0,2,8,19,5,3,306,0.0,,2,2,1,1,3,1,0,1,80,child
201900023961,24,1,2019,0 days 15:00:00,1,72,72154,1,1,1,3,Lieu dit les brosses route du lude,"47,6884280"," -0,0193370",1,1,2,1977.0,5,1,-1,-1,B01,1,0,2,8,19,5,3,306,0.0,,2,2,1,1,3,1,0,1,80,adult
201900024015,25,1,2019,0 days 13:40:00,1,67,67482,2,1,8,3,PAUL ELUARD (RUE),"48,5881100","7,6974600",1,4,1,1962.0,0,8,8,-1,A01,1,0,2,0,1,5,4,PAUL ELUARD (RUE),0.0,,3,2,2,2,1,2,9,1,30,child
201900024015,25,1,2019,0 days 13:40:00,1,67,67482,2,1,8,3,PAUL ELUARD (RUE),"48,5881100","7,6974600",1,1,1,1984.0,3,1,8,-1,A01,1,0,2,0,1,5,4,PAUL ELUARD (RUE),0.0,,3,2,2,2,1,2,9,1,30,adult
201900024040,28,1,2019,0 days 16:50:00,1,34,34172,2,1,1,2,GRAND SAINT JEAN (RUE DU),"43,6052900","3,8753100",1,4,1,1949.0,0,2,0,-1,A01,0,0,2,8,19,5,4,GRAND SAINT JEAN (RUE DU),0.0,,2,3,0,1,1,1,0,1,50,child
201900024040,28,1,2019,0 days 16:50:00,1,34,34172,2,1,1,2,GRAND SAINT JEAN (RUE DU),"43,6052900","3,8753100",1,1,1,1984.0,0,8,0,-1,A01,0,0,2,8,19,5,4,GRAND SAINT JEAN (RUE DU),0.0,,2,3,0,1,1,1,0,1,50,adult
201900024060,28,1,2019,0 days 17:00:00,1,75,75115,2,1,1,3,RUE DE LOURMEL,"48,8438930","2,2864470",1,1,1,1947.0,3,1,0,-1,B01,2,0,2,5,5,5,4,RUE DE LOURMEL,0.0,,1,1,1,1,1,1,0,5,50,child
201900024060,28,1,2019,0 days 17:00:00,1,75,75115,2,1,1,3,RUE DE LOURMEL,"48,8438930","2,2864470",1,4,2,1970.0,1,8,0,-1,B01,2,0,2,5,5,5,4,RUE DE LOURMEL,0.0,,1,1,1,1,1,1,0,5,50,adult
201900024131,10,10,2019,0 days 17:30:00,1,63,63074,2,3,1,3,intersection route de Villeneuve et rue des 4 vents,"45,4648250","3,2089700",1,1,2,1969.0,9,1,-1,-1,B01,3,0,2,1,1,5,3,125,0.0,,2,2,0,2,3,1,0,1,50,child
201900024131,10,10,2019,0 days 17:30:00,1,63,63074,2,3,1,3,intersection route de Villeneuve et rue des 4 vents,"45,4648250","3,2089700",1,4,1,2008.0,5,2,-1,-1,B01,3,0,2,1,1,5,3,125,0.0,,2,2,0,2,3,1,0,1,50,adult
201900024204,8,10,2019,0 days 12:20:00,1,54,54395,2,2,2,3,LECLERC (AV. DU GENE,"48,6841200","6,1859500",1,1,1,1954.0,9,1,0,-1,A01,1,0,2,1,1,5,4,LECLERC (AV. DU GENE,0.0,,2,8,3,1,1,1,0,1,50,child
201900024204,8,10,2019,0 days 12:20:00,1,54,54395,2,2,2,3,LECLERC (AV. DU GENE,"48,6841200","6,1859500",1,4,2,2004.0,0,2,0,-1,A01,1,0,2,1,1,5,4,LECLERC (AV. DU GENE,0.0,,2,8,3,1,1,1,0,1,50,adult
201900024341,21,12,2019,0 days 11:00:00,1,80,80021,2,1,1,3,MARIVAUX (RUE),"49,9115640","2,3246950",1,1,1,1984.0,0,1,0,-1,B01,0,0,2,1,1,5,4,MARIVAUX (RUE),0.0,,2,4,0,1,1,1,0,1,50,child
201900024341,21,12,2019,0 days 11:00:00,1,80,80021,2,1,1,3,MARIVAUX (RUE),"49,9115640","2,3246950",1,4,1,2009.0,0,2,0,-1,B01,0,0,2,1,1,5,4,MARIVAUX (RUE),0.0,,2,4,0,1,1,1,0,1,50,adult
201900024351,20,12,2019,0 days 18:00:00,5,67,67482,2,3,2,3,KASTNER (ALLEE),"48,5970200","7,7767600",1,1,1,1978.0,0,1,0,-1,A01,1,0,2,4,19,5,4,KASTNER (ALLEE),0.0,,2,2,0,1,1,2,0,1,50,child
201900024351,20,12,2019,0 days 18:00:00,5,67,67482,2,3,2,3,KASTNER (ALLEE),"48,5970200","7,7767600",1,4,1,2002.0,0,8,0,-1,A01,1,0,2,4,19,5,4,KASTNER (ALLEE),0.0,,2,2,0,1,1,2,0,1,50,adult
201900024403,18,12,2019,0 days 17:45:00,5,13,13001,2,6,1,3,ANDREANI JEAN (RUE),"43,5128180","5,4373390",1,1,2,1982.0,0,1,0,-1,B01,3,12,0,8,2,0,4,ANDREANI JEAN (RUE),0.0,,1,1,0,2,2,1,0,1,30,child
201900024403,18,12,2019,0 days 17:45:00,5,13,13001,2,6,1,3,ANDREANI JEAN (RUE),"43,5128180","5,4373390",1,4,1,2003.0,0,8,0,-1,B01,3,12,0,8,2,0,4,ANDREANI JEAN (RUE),0.0,,1,1,0,2,2,1,0,1,30,adult
201900024411,23,12,2019,0 days 17:45:00,5,75,75105,2,4,1,6,BOULEVARD DE L HOPITAL,"48,8403300","2,3620230",3,4,1,1959.0,0,0,-1,-1,A01,2,0,1,1,7,5,4,BOULEVARD DE L HOPITAL,0.0,,2,6,3,4,1,1,0,6,50,child
201900024411,23,12,2019,0 days 17:45:00,5,75,75105,2,4,1,6,BOULEVARD DE L HOPITAL,"48,8403300","2,3620230",1,1,1,2004.0,5,8,2,-1,A01,2,0,1,1,7,5,4,BOULEVARD DE L HOPITAL,0.0,,2,6,3,4,1,1,0,6,50,adult
201900024425,23,12,2019,0 days 16:05:00,1,94,94016,2,3,1,3,MOULIN DE CACHAN (R DU),"48,7892495","2,3331891",1,1,1,1938.0,5,1,0,-1,B01,1,0,2,0,0,5,4,MOULIN DE CACHAN (R DU),0.0,,2,2,1,2,1,1,0,5,50,child
201900024425,23,12,2019,0 days 16:05:00,1,94,94016,2,3,1,3,MOULIN DE CACHAN (R DU),"48,7892495","2,3331891",1,4,1,2005.0,5,8,0,-1,B01,1,0,2,0,0,5,4,MOULIN DE CACHAN (R DU),0.0,,2,2,1,2,1,1,0,5,50,adult
201900024453,23,12,2019,0 days 17:35:00,3,62,62407,1,1,1,2,Rue de Bourecq,"50,5880440","2,4475750",1,3,1,1985.0,5,4,-1,-1,B01,2,0,0,4,2,5,3,188,0.0,,2,2,0,1,1,1,0,1,80,child
201900024453,23,12,2019,0 days 17:35:00,3,62,62407,1,1,1,2,Rue de Bourecq,"50,5880440","2,4475750",1,1,1,1986.0,1,1,-1,-1,B01,2,0,0,4,2,5,3,188,0.0,,2,2,0,1,1,1,0,1,80,adult
201900024453,23,12,2019,0 days 17:35:00,3,62,62407,1,1,1,2,Rue de Bourecq,"50,5880440","2,4475750",2,1,1,2015.0,5,1,-1,-1,B01,2,0,0,4,2,5,3,188,0.0,,2,2,0,1,1,1,0,1,80,adult
201900024453,23,12,2019,0 days 17:35:00,3,62,62407,1,1,1,2,Rue de Bourecq,"50,5880440","2,4475750",2,1,1,2017.0,5,1,-1,-1,B01,2,0,0,4,2,5,3,188,0.0,,2,2,0,1,1,1,0,1,80,adult
201900024481,23,12,2019,0 days 16:30:00,1,66,66227,2,3,1,3,Avenue de la Mediterranee,"42,6323210","2,9198760",1,1,2,1959.0,1,1,-1,-1,B01,3,0,2,1,15,0,4,,0.0,,2,2,0,1,1,1,0,1,30,child
201900024481,23,12,2019,0 days 16:30:00,1,66,66227,2,3,1,3,Avenue de la Mediterranee,"42,6323210","2,9198760",1,3,1,2005.0,5,0,-1,-1,B01,3,0,2,1,15,0,4,,0.0,,2,2,0,1,1,1,0,1,30,adult
201900024492,24,12,2019,0 days 12:55:00,1,60,60446,2,3,7,1,route de paris,"49,1387502","2,8084599",1,1,1,1962.0,0,1,-1,-1,B01,1,0,0,1,1,5,4,,0.0,,2,2,0,2,1,2,0,1,50,child
201900024492,24,12,2019,0 days 12:55:00,1,60,60446,2,3,7,1,route de paris,"49,1387502","2,8084599",1,4,1,1987.0,0,0,-1,-1,B01,1,0,0,1,1,5,4,,0.0,,2,2,0,2,1,2,0,1,50,adult
201900024524,8,9,2019,0 days 17:45:00,1,973,97312,2,3,1,3,Rue Renner,"5,3731172"," -52,9548526",1,1,1,1964.0,5,1,-1,-1,B01,3,0,2,1,26,5,4,rue antony albert,,,2,2,0,1,1,1,0,1,50,child