Num_Acc,jour,mois,an,hrmn,lum,dep,com,agg,int,atm,col,adr,lat,long,catu,grav,sexe,an_nais,trajet,secu1,secu2,secu3,num_veh_y,senc,obs,obsm,choc,manv,motor,catr,voie,v1,v2,circ,nbv,vosp,prof,plan,surf,infra,situ,vma,age
201900024524,8,9,2019,0 days 17:45:00,1,973,97312,2,3,1,3,Rue Renner,"5,3731172"," -52,9548526",2,1,1,1989.0,5,1,-1,-1,B01,3,0,2,1,26,5,4,rue antony albert,,,2,2,0,1,1,1,0,1,50,adult
201900024524,8,9,2019,0 days 17:45:00,1,973,97312,2,3,1,3,Rue Renner,"5,3731172"," -52,9548526",1,3,2,2011.0,5,0,-1,-1,B01,3,0,2,1,26,5,4,rue antony albert,,,2,2,0,1,1,1,0,1,50,adult
201900024529,9,9,2019,0 days 15:20:00,1,34,34276,2,6,1,2,RD1,"43,7743510","3,8702910",1,1,2,1953.0,5,1,-1,-1,B01,1,0,2,4,1,5,3,17,,,1,2,0,1,2,1,0,1,50,child
201900024529,9,9,2019,0 days 15:20:00,1,34,34276,2,6,1,2,RD1,"43,7743510","3,8702910",1,4,1,1998.0,5,2,-1,-1,B01,1,0,2,4,1,5,3,17,,,1,2,0,1,2,1,0,1,50,adult
201900024617,7,9,2019,0 days 08:50:00,1,69,69092,1,6,1,2,DE L'OASIS (rond point),"46,0076900","4,7132800",1,1,1,1950.0,0,1,8,-1,B01,3,0,2,4,1,5,4,DE L'OASIS (rond point),0.0,,1,1,0,1,2,1,0,1,50,child
201900024617,7,9,2019,0 days 08:50:00,1,69,69092,1,6,1,2,DE L'OASIS (rond point),"46,0076900","4,7132800",1,4,1,1986.0,5,2,8,-1,B01,3,0,2,4,1,5,4,DE L'OASIS (rond point),0.0,,1,1,0,1,2,1,0,1,50,adult
201900024619,5,9,2019,0 days 21:00:00,5,67,67482,2,1,1,3,ELMERFORST (RUE D ),"48,5631800","7,7114700",1,1,1,1976.0,4,1,8,-1,A01,1,0,4,1,19,5,4,ELMERFORST (RUE D ),0.0,,2,2,3,1,1,1,4,1,50,child
201900024619,5,9,2019,0 days 21:00:00,5,67,67482,2,1,1,3,ELMERFORST (RUE D ),"48,5631800","7,7114700",1,3,1,1999.0,5,8,0,-1,A01,1,0,4,1,19,5,4,ELMERFORST (RUE D ),0.0,,2,2,3,1,1,1,4,1,50,adult
201900024627,5,9,2019,0 days 21:44:00,5,64,64445,2,6,1,2,BACHAGA BOUALAN,"43,3131100"," -0,3685200",1,4,1,1971.0,5,8,0,-1,B01,1,0,2,4,15,5,4,BACHAGA BOUALAN,0.0,,1,1,0,1,2,1,0,1,50,child
201900024627,5,9,2019,0 days 21:44:00,5,64,64445,2,6,1,2,BACHAGA BOUALAN,"43,3131100"," -0,3685200",1,1,1,1992.0,5,1,0,-1,B01,1,0,2,4,15,5,4,BACHAGA BOUALAN,0.0,,1,1,0,1,2,1,0,1,50,adult
201900024653,21,1,2019,0 days 08:20:00,1,54,54395,2,3,1,6,BLANDAN (IMPASSE ET RUE DU SGT),"48,6799300","6,1667100",1,4,2,1959.0,-1,2,-1,-1,C01,2,1,0,0,5,-1,4,BLANDAN (IMPASSE ET RUE DU SGT),0.0,,-1,2,0,1,1,1,0,1,30,child
201900024653,21,1,2019,0 days 08:20:00,1,54,54395,2,3,1,6,BLANDAN (IMPASSE ET RUE DU SGT),"48,6799300","6,1667100",2,1,2,1989.0,9,1,0,-1,C01,2,1,0,0,5,-1,4,BLANDAN (IMPASSE ET RUE DU SGT),0.0,,-1,2,0,1,1,1,0,1,30,adult
201900024661,6,1,2019,0 days 08:55:00,1,54,54395,2,3,1,1,LOUIS (RUE BARON),"48,6957400","6,1710600",1,4,1,1946.0,0,8,0,-1,B01,1,0,2,0,0,0,4,LOUIS (RUE BARON),0.0,,-1,2,0,1,1,1,0,1,50,child
201900024661,6,1,2019,0 days 08:55:00,1,54,54395,2,3,1,1,LOUIS (RUE BARON),"48,6957400","6,1710600",1,1,1,1992.0,0,1,0,-1,B01,1,0,2,0,0,0,4,LOUIS (RUE BARON),0.0,,-1,2,0,1,1,1,0,1,50,adult
201900024672,17,4,2019,0 days 18:10:00,1,31,31118,1,3,1,3,CD29,"43,8137670","1,3731490",1,1,1,1962.0,1,1,-1,-1,B01,3,0,2,1,1,5,3,29,,,2,2,0,1,1,1,0,1,80,child
201900024672,17,4,2019,0 days 18:10:00,1,31,31118,1,3,1,3,CD29,"43,8137670","1,3731490",1,3,1,1997.0,5,2,-1,-1,B01,3,0,2,1,1,5,3,29,,,2,2,0,1,1,1,0,1,80,adult
201900024721,15,4,2019,0 days 17:05:00,1,69,69388,2,2,1,6,GUILLAUME PARADIN                   (R ),"45,7390900","4,8859000",1,1,1,1979.0,1,2,8,-1,A01,2,0,1,1,1,5,4,GUILLAUME PARADIN                   (R ),0.0,,2,2,0,1,1,1,0,1,50,child
201900024721,15,4,2019,0 days 17:05:00,1,69,69388,2,2,1,6,GUILLAUME PARADIN                   (R ),"45,7390900","4,8859000",3,4,1,2013.0,2,0,0,0,A01,2,0,1,1,1,5,4,GUILLAUME PARADIN                   (R ),0.0,,2,2,0,1,1,1,0,1,50,adult
201900024776,14,4,2019,0 days 16:20:00,1,38,38544,2,1,1,1,CAROLINGIENS(RUE DES),"45,5273700","4,9034200",1,1,1,1963.0,5,1,8,-1,A01,1,0,2,1,16,5,4,CAROLINGIENS(RUE DES),0.0,,1,1,0,2,2,1,0,1,50,child
201900024776,14,4,2019,0 days 16:20:00,1,38,38544,2,1,1,1,CAROLINGIENS(RUE DES),"45,5273700","4,9034200",1,4,1,2010.0,5,5,0,-1,A01,1,0,2,1,16,5,4,CAROLINGIENS(RUE DES),0.0,,1,1,0,2,2,1,0,1,50,adult
201900024820,15,4,2019,0 days 11:15:00,1,75,75117,2,3,1,3,AVENUE DE LA GRANDE ARMEE,"48,8757150","2,2889390",2,1,2,1951.0,1,1,0,-1,B01,1,0,2,1,1,5,4,AVENUE DE LA GRANDE ARMEE,0.0,,2,8,1,2,1,1,0,5,50,child
201900024820,15,4,2019,0 days 11:15:00,1,75,75117,2,3,1,3,AVENUE DE LA GRANDE ARMEE,"48,8757150","2,2889390",1,4,1,1980.0,1,2,0,-1,B01,1,0,2,1,1,5,4,AVENUE DE LA GRANDE ARMEE,0.0,,2,8,1,2,1,1,0,5,50,adult
201900024825,15,4,2019,0 days 17:25:00,1,75,75113,2,2,1,2,RUE DE TOLBIAC,"48,8259410","2,3452150",1,4,1,1967.0,5,2,0,-1,B01,1,0,2,4,1,5,4,RUE DE TOLBIAC,0.0,,2,4,0,1,1,1,0,1,50,child
201900024825,15,4,2019,0 days 17:25:00,1,75,75113,2,2,1,2,RUE DE TOLBIAC,"48,8259410","2,3452150",1,4,1,1993.0,5,0,0,-1,B01,1,0,2,4,1,5,4,RUE DE TOLBIAC,0.0,,2,4,0,1,1,1,0,1,50,adult
201900024866,27,6,2019,0 days 08:20:00,1,31,31555,2,1,1,3,LANUSSE (CHE DE) DU 4AU 181,"43,6352200","1,4544300",1,1,2,1968.0,9,1,8,-1,A01,2,0,2,7,19,5,4,LANUSSE (CHE DE) DU 4AU 181,0.0,,2,2,0,1,1,1,0,1,50,child
201900024866,27,6,2019,0 days 08:20:00,1,31,31555,2,1,1,3,LANUSSE (CHE DE) DU 4AU 181,"43,6352200","1,4544300",1,4,2,1990.0,9,2,0,-1,A01,2,0,2,7,19,5,4,LANUSSE (CHE DE) DU 4AU 181,0.0,,2,2,0,1,1,1,0,1,50,adult
201900024883,26,6,2019,0 days 21:55:00,2,19,19272,2,1,1,3,Chammard (Quai),"45,2678400","1,7723300",1,1,1,1960.0,0,1,0,-1,B01,2,0,2,7,2,5,4,Chammard (Quai),0.0,,1,2,0,1,1,1,0,1,50,child
201900024883,26,6,2019,0 days 21:55:00,2,19,19272,2,1,1,3,Chammard (Quai),"45,2678400","1,7723300",1,4,1,1989.0,0,8,0,-1,B01,2,0,2,7,2,5,4,Chammard (Quai),0.0,,1,2,0,1,1,1,0,1,50,adult
201900024899,28,6,2019,0 days 11:45:00,1,11,11262,2,2,1,3,VERDOUBLE (RUE DU),"43,1825900","2,9761900",1,1,2,1947.0,0,1,8,-1,B01,2,0,2,8,1,0,4,VERDOUBLE (RUE DU),0.0,,2,2,0,1,1,1,0,1,50,child
201900024899,28,6,2019,0 days 11:45:00,1,11,11262,2,2,1,3,VERDOUBLE (RUE DU),"43,1825900","2,9761900",1,4,1,1990.0,0,8,0,-1,B01,2,0,2,8,1,0,4,VERDOUBLE (RUE DU),0.0,,2,2,0,1,1,1,0,1,50,adult
201900024913,27,6,2019,0 days 12:19:00,1,1,01053,2,9,1,3,KENNEDY BVD J  - IMPAIR DE EUROPE A DIME,"46,2072300","5,2385300",1,4,2,1963.0,1,2,0,-1,A01,2,0,2,1,25,5,3,1075,0.0,,-1,4,0,1,1,1,0,1,5,child
201900024913,27,6,2019,0 days 12:19:00,1,1,01053,2,9,1,3,KENNEDY BVD J  - IMPAIR DE EUROPE A DIME,"46,2072300","5,2385300",1,1,1,1990.0,1,1,0,-1,A01,2,0,2,1,25,5,3,1075,0.0,,-1,4,0,1,1,1,0,1,5,adult
201900024950,26,6,2019,0 days 20:30:00,1,75,75113,2,3,1,3,BOULEVARD MASSENA,"48,8192150","2,3620540",1,1,1,1963.0,4,8,8,-1,A01,2,0,4,1,19,5,4,BOULEVARD MASSENA,0.0,,3,6,3,1,4,1,4,1,50,child
201900024950,26,6,2019,0 days 20:30:00,1,75,75113,2,3,1,3,BOULEVARD MASSENA,"48,8192150","2,3620540",1,3,1,1986.0,9,2,8,-1,A01,2,0,4,1,19,5,4,BOULEVARD MASSENA,0.0,,3,6,3,1,4,1,4,1,50,adult
201900024965,27,6,2019,0 days 06:40:00,2,75,75107,2,1,1,6,RUE DU BAC,"48,8585880","2,3285970",3,4,1,1966.0,0,8,0,-1,A01,1,0,1,1,1,5,4,RUE DU BAC,0.0,,1,1,0,1,1,1,0,1,30,child
201900024965,27,6,2019,0 days 06:40:00,2,75,75107,2,1,1,6,RUE DU BAC,"48,8585880","2,3285970",1,1,1,1992.0,0,8,0,-1,A01,1,0,1,1,1,5,4,RUE DU BAC,0.0,,1,1,0,1,1,1,0,1,30,adult
201900024971,26,6,2019,0 days 19:50:00,1,75,75104,2,1,1,3,BOULEVARD BOURDON,"48,8521830","2,3678880",1,1,2,1972.0,9,8,0,-1,B01,0,0,2,1,1,5,4,BOULEVARD BOURDON,0.0,,1,0,0,1,1,1,9,1,50,child
201900024971,26,6,2019,0 days 19:50:00,1,75,75104,2,1,1,3,BOULEVARD BOURDON,"48,8521830","2,3678880",1,4,2,1996.0,5,8,0,-1,B01,0,0,2,1,1,5,4,BOULEVARD BOURDON,0.0,,1,0,0,1,1,1,9,1,50,adult
201900025008,27,6,2019,0 days 09:10:00,1,93,93053,2,1,1,6,VICTOR HUGO (AVENUE),"48,8923600","2,4692600",1,1,1,1961.0,5,8,0,-1,A01,1,0,1,1,1,5,4,VICTOR HUGO (AVENUE),0.0,,1,1,1,1,1,1,0,1,50,child
201900025008,27,6,2019,0 days 09:10:00,1,93,93053,2,1,1,6,VICTOR HUGO (AVENUE),"48,8923600","2,4692600",3,4,1,1995.0,1,0,-1,-1,A01,1,0,1,1,1,5,4,VICTOR HUGO (AVENUE),0.0,,1,1,1,1,1,1,0,1,50,adult
201900025017,27,6,2019,0 days 14:30:00,1,93,93031,2,6,1,3,DE LATTRE DE TASSIGNY (1 A 51),"48,9593300","2,3002500",1,1,1,1980.0,0,1,0,-1,B01,3,0,0,0,0,0,3,914,0.0,,-1,2,0,1,1,1,9,1,50,child
201900025017,27,6,2019,0 days 14:30:00,1,93,93031,2,6,1,3,DE LATTRE DE TASSIGNY (1 A 51),"48,9593300","2,3002500",1,4,1,2004.0,5,8,0,-1,B01,3,0,0,0,0,0,3,914,0.0,,-1,2,0,1,1,1,9,1,50,adult
201900025029,27,6,2019,0 days 19:18:00,1,92,92022,2,1,1,6,SALENGRO (AVENUE ROGER),"48,8146800","2,1933400",3,4,2,1953.0,5,8,0,-1,A01,2,0,1,1,1,5,3,181,0.0,,1,3,0,1,1,1,0,1,50,child
201900025029,27,6,2019,0 days 19:18:00,1,92,92022,2,1,1,6,SALENGRO (AVENUE ROGER),"48,8146800","2,1933400",1,1,1,2003.0,5,8,0,-1,A01,2,0,1,1,1,5,3,181,0.0,,1,3,0,1,1,1,0,1,50,adult
201900025047,29,7,2019,0 days 11:25:00,1,56,56121,2,3,2,3,Rue de l'Enclos du Port,"47,7494400"," -3,3574600",1,1,1,1950.0,5,1,8,-1,B01,1,0,2,0,1,5,4,Rue de l'Enclos du Port,0.0,,2,1,1,2,1,2,0,1,50,child
201900025047,29,7,2019,0 days 11:25:00,1,56,56121,2,3,2,3,Rue de l'Enclos du Port,"47,7494400"," -3,3574600",1,4,1,1988.0,5,8,0,-1,B01,1,0,2,0,1,5,4,Rue de l'Enclos du Port,0.0,,2,1,1,2,1,2,0,1,50,adult
201900025054,29,7,2019,0 days 17:40:00,1,49,49007,2,1,1,3,GAULLE BOULEVARD CHARLES DE,"47,4700700"," -0,5616800",1,3,1,1934.0,0,1,8,-1,B01,1,0,2,1,0,5,4,GAULLE BOULEVARD CHARLES DE,0.0,,2,4,0,1,1,1,0,1,30,child
201900025054,29,7,2019,0 days 17:40:00,1,49,49007,2,1,1,3,GAULLE BOULEVARD CHARLES DE,"47,4700700"," -0,5616800",2,4,2,1938.0,0,1,8,-1,B01,1,0,2,1,0,5,4,GAULLE BOULEVARD CHARLES DE,0.0,,2,4,0,1,1,1,0,1,30,adult
201900025054,29,7,2019,0 days 17:40:00,1,49,49007,2,1,1,3,GAULLE BOULEVARD CHARLES DE,"47,4700700"," -0,5616800",1,3,1,2003.0,5,8,0,-1,B01,1,0,2,1,0,5,4,GAULLE BOULEVARD CHARLES DE,0.0,,2,4,0,1,1,1,0,1,30,adult
201900025110,28,7,2019,0 days 20:15:00,1,11,11262,2,3,1,6,VALLONS (CHEMIN DES),"43,1816600","2,9812000",1,1,1,1977.0,5,1,0,-1,B01,0,0,0,8,9,6,4,VALLONS (CHEMIN DES),0.0,,2,2,0,2,1,1,0,1,50,child
201900025110,28,7,2019,0 days 20:15:00,1,11,11262,2,3,1,6,VALLONS (CHEMIN DES),"43,1816600","2,9812000",1,4,1,2001.0,5,2,0,-1,B01,0,0,0,8,9,6,4,VALLONS (CHEMIN DES),0.0,,2,2,0,2,1,1,0,1,50,adult
201900025114,29,7,2019,0 days 08:40:00,1,6,06088,2,1,1,3,DESBOUTINS (RUE),"43,6957200","7,2697900",1,1,1,1964.0,4,1,0,-1,A01,2,0,2,1,17,0,4,DESBOUTINS (RUE),0.0,,1,1,0,1,1,1,0,1,50,child
201900025114,29,7,2019,0 days 08:40:00,1,6,06088,2,1,1,3,DESBOUTINS (RUE),"43,6957200","7,2697900",1,4,1,1995.0,0,8,0,-1,A01,2,0,2,1,17,0,4,DESBOUTINS (RUE),0.0,,1,1,0,1,1,1,0,1,50,adult
201900025140,29,7,2019,0 days 18:10:00,1,75,75111,2,4,1,3,BOULEVARD BEAUMARCHAIS,"48,8540433","2,3689348",1,1,1,1971.0,5,1,0,-1,A01,1,0,2,3,18,5,4,BOULEVARD BEAUMARCHAIS,0.0,,3,2,0,1,1,1,0,1,50,child
201900025140,29,7,2019,0 days 18:10:00,1,75,75111,2,4,1,3,BOULEVARD BEAUMARCHAIS,"48,8540433","2,3689348",1,4,1,1993.0,1,2,0,-1,A01,1,0,2,3,18,5,4,BOULEVARD BEAUMARCHAIS,0.0,,3,2,0,1,1,1,0,1,50,adult
201900025182,30,7,2019,0 days 11:00:00,1,92,92062,2,3,1,3,DE DION BOUTON (QUAI) DU 1 AU 28,"48,8772800","2,2408000",1,4,1,1957.0,5,2,0,-1,B01,1,0,2,7,1,5,3,7,0.0,,1,2,1,1,1,1,0,1,50,child
201900025182,30,7,2019,0 days 11:00:00,1,92,92062,2,3,1,3,DE DION BOUTON (QUAI) DU 1 AU 28,"48,8772800","2,2408000",1,1,1,1992.0,4,1,8,-1,B01,1,0,2,7,1,5,3,7,0.0,,1,2,1,1,1,1,0,1,50,adult
201900025235,11,3,2019,0 days 17:30:00,1,92,92051,2,2,1,3,"BINEAU (BOULEVARD, N°53 A 131 ET 52 A 13","48,8875450","2,2787440",1,1,1,1945.0,0,1,0,-1,B01,1,0,2,1,1,0,3,908,0.0,,2,5,0,1,1,1,0,1,50,child
201900025235,11,3,2019,0 days 17:30:00,1,92,92051,2,2,1,3,"BINEAU (BOULEVARD, N°53 A 131 ET 52 A 13","48,8875450","2,2787440",1,4,1,1976.0,4,8,0,-1,B01,1,0,2,1,1,0,3,908,0.0,,2,5,0,1,1,1,0,1,50,adult
201900025254,12,3,2019,0 days 12:05:00,1,70,70096,2,1,1,1,9 rue de la Côtotte,"47,5834330","6,7939170",1,1,2,1974.0,0,1,-1,-1,A01,3,0,2,1,13,5,4,,,,2,2,0,1,3,1,0,1,50,child
201900025254,12,3,2019,0 days 12:05:00,1,70,70096,2,1,1,1,9 rue de la Côtotte,"47,5834330","6,7939170",1,4,2,2008.0,5,2,-1,-1,A01,3,0,2,1,13,5,4,,,,2,2,0,1,3,1,0,1,50,adult
201900025262,7,3,2019,0 days 11:00:00,1,66,66012,1,6,8,3,Route Nationale,"42,7043810","2,8323230",1,3,1,1949.0,5,2,-1,-1,A01,2,0,2,1,1,5,3,616,0.0,A,1,2,0,1,2,1,0,1,80,child
201900025262,7,3,2019,0 days 11:00:00,1,66,66012,1,6,8,3,Route Nationale,"42,7043810","2,8323230",1,1,1,1987.0,1,8,-1,-1,A01,2,0,2,1,1,5,3,616,0.0,A,1,2,0,1,2,1,0,1,80,adult
201900025399,26,4,2019,0 days 19:25:00,1,68,68066,2,1,1,3,SCHUMANN (RUE),"48,0813410","7,3317610",1,1,2,1970.0,5,1,8,-1,B01,3,0,2,1,25,6,9,SCHUMANN (RUE),0.0,,2,2,0,1,1,1,0,1,30,child
201900025399,26,4,2019,0 days 19:25:00,1,68,68066,2,1,1,3,SCHUMANN (RUE),"48,0813410","7,3317610",1,4,1,2009.0,5,8,0,-1,B01,3,0,2,1,25,6,9,SCHUMANN (RUE),0.0,,2,2,0,1,1,1,0,1,30,adult
201900025403,26,5,2019,0 days 17:40:00,1,67,67482,2,3,1,3,ALTENHEIM (ROUTE D ),"48,5401700","7,7677700",1,1,2,1958.0,5,1,8,-1,A01,1,0,2,1,1,5,4,ALTENHEIM (ROUTE D ),0.0,,2,2,0,1,1,1,0,1,50,child
201900025403,26,5,2019,0 days 17:40:00,1,67,67482,2,3,1,3,ALTENHEIM (ROUTE D ),"48,5401700","7,7677700",1,4,1,2007.0,5,2,8,-1,A01,1,0,2,1,1,5,4,ALTENHEIM (ROUTE D ),0.0,,2,2,0,1,1,1,0,1,50,adult
201900025405,24,5,2019,0 days 13:40:00,1,67,67482,2,3,1,6,HOPITAL (ROUTE DE L ),"48,5689310","7,7513550",1,1,1,1961.0,1,1,8,-1,B01,2,0,2,4,1,5,4,HOPITAL (ROUTE DE L ),0.0,,3,4,0,1,1,1,0,1,50,child
201900025405,24,5,2019,0 days 13:40:00,1,67,67482,2,3,1,6,HOPITAL (ROUTE DE L ),"48,5689310","7,7513550",1,4,1,2009.0,2,8,0,-1,B01,2,0,2,4,1,5,4,HOPITAL (ROUTE DE L ),0.0,,3,4,0,1,1,1,0,1,50,adult
201900025421,4,5,2019,0 days 11:50:00,1,67,67482,2,1,3,6,PREMIERE ARMEE (RUE DE LA),"48,5761500","7,7526000",3,4,2,1978.0,5,8,0,-1,A01,1,0,1,1,1,5,4,PREMIERE ARMEE (RUE DE LA),0.0,,2,4,3,2,1,2,4,1,50,child
201900025421,4,5,2019,0 days 11:50:00,1,67,67482,2,1,3,6,PREMIERE ARMEE (RUE DE LA),"48,5761500","7,7526000",1,1,1,2000.0,4,8,0,-1,A01,1,0,1,1,1,5,4,PREMIERE ARMEE (RUE DE LA),0.0,,2,4,3,2,1,2,4,1,50,adult
201900025427,1,5,2019,0 days 14:45:00,1,67,67218,2,1,1,3,ALFRED KASTLER (ROUTE),"48,5430120","7,7364930",1,1,1,1969.0,0,1,8,-1,B01,2,0,2,7,19,5,4,ALFRED KASTLER (ROUTE),0.0,,3,4,0,1,1,1,0,1,50,child
201900025427,1,5,2019,0 days 14:45:00,1,67,67218,2,1,1,3,ALFRED KASTLER (ROUTE),"48,5430120","7,7364930",1,4,2,2000.0,0,8,0,-1,B01,2,0,2,7,19,5,4,ALFRED KASTLER (ROUTE),0.0,,3,4,0,1,1,1,0,1,50,adult
201900025443,30,4,2019,0 days 08:45:00,1,66,66136,2,1,1,3,ARGELES SUR MER AVENUE D',"42,6770000","2,9130000",1,4,1,1936.0,5,8,8,-1,A01,0,0,2,3,9,5,4,ARGELES SUR MER AVENUE D',0.0,,-1,2,0,1,2,1,0,1,50,child
201900025443,30,4,2019,0 days 08:45:00,1,66,66136,2,1,1,3,ARGELES SUR MER AVENUE D',"42,6770000","2,9130000",1,1,1,1957.0,5,1,0,-1,A01,0,0,2,3,9,5,4,ARGELES SUR MER AVENUE D',0.0,,-1,2,0,1,2,1,0,1,50,adult
201900025451,14,5,2019,0 days 11:00:00,1,64,64483,2,1,1,2,ITHURRALDE ANDRE (AVENUE),"43,3969625"," -1,6450471",1,1,1,1927.0,0,1,0,-1,B01,2,0,2,4,2,0,3,810,0.0,,2,2,0,1,1,1,0,1,50,child
201900025451,14,5,2019,0 days 11:00:00,1,64,64483,2,1,1,2,ITHURRALDE ANDRE (AVENUE),"43,3969625"," -1,6450471",1,4,1,1955.0,0,8,0,-1,B01,2,0,2,4,2,0,3,810,0.0,,2,2,0,1,1,1,0,1,50,adult
201900025508,14,5,2019,0 days 17:10:00,1,63,63113,2,1,1,2,LAFAYETTE (BD),"45,7731000","3,0957000",1,1,2,1957.0,0,1,0,-1,A01,1,0,2,1,2,6,4,LAFAYETTE (BD),0.0,,2,2,0,1,1,1,0,1,50,child
201900025508,14,5,2019,0 days 17:10:00,1,63,63113,2,1,1,2,LAFAYETTE (BD),"45,7731000","3,0957000",1,4,1,2001.0,0,8,0,-1,A01,1,0,2,1,2,6,4,LAFAYETTE (BD),0.0,,2,2,0,1,1,1,0,1,50,adult
201900025612,13,11,2019,0 days 10:20:00,1,988,98818,2,1,1,6,LAROQUE (PROMENADE ROGER)," -22,3074400","166,4482800",3,4,2,1959.0,5,0,-1,-1,A01,1,0,1,1,1,5,4,358,0.0,,2,2,1,4,3,1,9,1,50,child
201900025612,13,11,2019,0 days 10:20:00,1,988,98818,2,1,1,6,LAROQUE (PROMENADE ROGER)," -22,3074400","166,4482800",1,4,1,1986.0,5,2,8,-1,A01,1,0,1,1,1,5,4,358,0.0,,2,2,1,4,3,1,9,1,50,adult
201900025641,8,11,2019,0 days 16:25:00,2,67,67482,2,1,2,3,COLMAR (AVENUE DE),"48,5490170","7,7415530",1,1,1,1948.0,9,1,0,-1,B01,1,0,2,8,19,5,4,COLMAR (AVENUE DE),0.0,,3,2,1,1,1,2,5,1,50,child
201900025641,8,11,2019,0 days 16:25:00,2,67,67482,2,1,2,3,COLMAR (AVENUE DE),"48,5490170","7,7415530",1,3,1,1987.0,0,2,0,-1,B01,1,0,2,8,19,5,4,COLMAR (AVENUE DE),0.0,,3,2,1,1,1,2,5,1,50,adult
201900025681,13,11,2019,0 days 19:55:00,5,17,17300,2,6,2,2,MONNET   AVENUE JEAN,"46,1431700"," -1,1533200",1,1,1,1965.0,5,1,8,-1,B01,3,0,2,4,2,5,4,MONNET   AVENUE JEAN,0.0,,1,2,1,1,3,2,0,1,30,child
201900025681,13,11,2019,0 days 19:55:00,5,17,17300,2,6,2,2,MONNET   AVENUE JEAN,"46,1431700"," -1,1533200",1,4,1,1990.0,1,2,8,-1,B01,3,0,2,4,2,5,4,MONNET   AVENUE JEAN,0.0,,1,2,1,1,3,2,0,1,30,adult
201900025690,13,11,2019,0 days 18:48:00,5,10,10387,2,1,1,1,GENERAL LECLERC (RUE DU),"48,3083000","4,0506000",1,1,1,1968.0,1,1,4,-1,B01,2,0,2,1,1,5,4,GENERAL LECLERC (RUE DU),0.0,,2,3,0,1,1,1,0,1,50,child
201900025690,13,11,2019,0 days 18:48:00,5,10,10387,2,1,1,1,GENERAL LECLERC (RUE DU),"48,3083000","4,0506000",1,4,1,2003.0,5,8,0,-1,B01,2,0,2,1,1,5,4,GENERAL LECLERC (RUE DU),0.0,,2,3,0,1,1,1,0,1,50,adult
201900025706,13,11,2019,0 days 16:00:00,1,75,75116,2,1,1,3,ROUTE DE SEVRES A NEUILLY,"48,8541540","2,2373660",1,3,1,1942.0,5,2,0,-1,B01,2,12,2,7,1,5,4,ROUTE DE SEVRES A NEUILLY,0.0,,2,2,-1,1,1,1,0,1,50,child
201900025706,13,11,2019,0 days 16:00:00,1,75,75116,2,1,1,3,ROUTE DE SEVRES A NEUILLY,"48,8541540","2,2373660",1,1,1,1999.0,5,1,0,-1,B01,2,12,2,7,1,5,4,ROUTE DE SEVRES A NEUILLY,0.0,,2,2,-1,1,1,1,0,1,50,adult
201900025796,21,12,2019,0 days 19:50:00,5,75,75120,2,1,2,3,AVENUE GAMBETTA,"48,8714530","2,4041710",1,4,1,1978.0,1,8,2,-1,A01,1,0,2,6,13,5,4,AVENUE GAMBETTA,0.0,,2,2,0,2,1,2,0,1,50,child
201900025796,21,12,2019,0 days 19:50:00,5,75,75120,2,1,2,3,AVENUE GAMBETTA,"48,8714530","2,4041710",1,4,1,2003.0,0,2,6,-1,A01,1,0,2,6,13,5,4,AVENUE GAMBETTA,0.0,,2,2,0,2,1,2,0,1,50,adult
201900025809,21,12,2019,0 days 07:35:00,5,75,75107,2,4,1,3,RUE DE LUYNES,"48,8547300","2,3259960",1,1,1,1970.0,0,1,0,-1,B01,1,0,2,1,1,5,4,RUE DE LUYNES,0.0,,1,1,1,1,1,1,0,5,30,child
201900025809,21,12,2019,0 days 07:35:00,5,75,75107,2,4,1,3,RUE DE LUYNES,"48,8547300","2,3259960",1,4,2,1996.0,0,8,2,-1,B01,1,0,2,1,1,5,4,RUE DE LUYNES,0.0,,1,1,1,1,1,1,0,5,30,adult
201900025936,9,10,2019,0 days 10:15:00,1,92,92012,2,3,1,3,PAUL BERT (RUE),"48,8357000","2,2392000",1,1,1,1951.0,0,1,0,-1,B01,2,0,2,1,1,5,3,50,0.0,,2,2,0,1,1,2,0,1,50,child
201900025936,9,10,2019,0 days 10:15:00,1,92,92012,2,3,1,3,PAUL BERT (RUE),"48,8357000","2,2392000",1,4,1,1998.0,0,8,0,-1,B01,2,0,2,1,1,5,3,50,0.0,,2,2,0,1,1,2,0,1,50,adult
201900026043,8,10,2019,0 days 08:06:00,1,66,66136,1,1,1,2,MAS-DONAT (CHEMIN DU),"42,7135800","2,9059400",1,1,1,1978.0,9,1,0,-1,B01,1,0,2,4,1,5,4,MAS-DONAT (CHEMIN DU),0.0,,-1,1,0,1,3,1,0,1,50,child
201900026043,8,10,2019,0 days 08:06:00,1,66,66136,1,1,1,2,MAS-DONAT (CHEMIN DU),"42,7135800","2,9059400",1,4,1,2000.0,9,2,8,-1,B01,1,0,2,4,1,5,4,MAS-DONAT (CHEMIN DU),0.0,,-1,1,0,1,3,1,0,1,50,adult
201900026045,8,10,2019,0 days 08:45:00,1,64,64129,2,1,1,3,BAYONNE DE,"43,2995110"," -0,3914410",1,1,1,1962.0,5,1,8,-1,B01,2,0,2,1,1,5,4,BAYONNE DE,0.0,,2,1,2,1,1,1,0,1,50,child
201900026045,8,10,2019,0 days 08:45:00,1,64,64129,2,1,1,3,BAYONNE DE,"43,2995110"," -0,3914410",1,4,1,1993.0,5,8,0,-1,B01,2,0,2,1,1,5,4,BAYONNE DE,0.0,,2,1,2,1,1,1,0,1,50,adult
201900026093,7,10,2019,0 days 14:19:00,1,17,17300,2,6,2,3,CHAMP DE MARS   AVENUE DU,"46,1690200"," -1,1501000",1,1,2,1944.0,5,1,0,-1,B01,1,0,2,3,1,5,4,CHAMP DE MARS   AVENUE DU,0.0,,1,1,1,1,2,2,0,1,30,child