Num_Acc,jour,mois,an,hrmn,lum,dep,com,agg,int,atm,col,adr,lat,long,catu,grav,sexe,an_nais,trajet,secu1,secu2,secu3,num_veh_y,senc,obs,obsm,choc,manv,motor,catr,voie,v1,v2,circ,nbv,vosp,prof,plan,surf,infra,situ,vma,age
201900028809,24,7,2019,0 days 15:10:00,1,21,21231,2,3,1,3,MANUTENTION (DE LA) (RUE),"47,3172100","5,0335500",1,1,1,1998.0,5,1,0,-1,A01,3,0,2,1,1,5,4,MANUTENTION (DE LA) (RUE),0.0,,4,2,1,1,1,1,0,1,50,adult
201900028831,7,3,2019,0 days 16:50:00,1,37,37261,2,1,1,3,VICTOIRE (RUE DE LA),"47,3949968","0,6775753",1,4,1,1939.0,5,8,0,-1,B01,3,0,2,8,19,5,4,VICTOIRE (RUE DE LA),0.0,,2,3,1,1,1,1,2,1,50,child
201900028831,7,3,2019,0 days 16:50:00,1,37,37261,2,1,1,3,VICTOIRE (RUE DE LA),"47,3949968","0,6775753",1,1,2,1987.0,5,1,8,-1,B01,3,0,2,8,19,5,4,VICTOIRE (RUE DE LA),0.0,,2,3,1,1,1,1,2,1,50,adult
201900028846,26,7,2019,0 days 13:55:00,1,10,10325,2,6,7,6,ROCADE OUEST (RD 610),"48,2674266","4,0615294",1,1,2,1956.0,0,1,0,-1,B01,3,0,0,0,15,5,3,610,0.0,,2,1,0,1,2,1,5,1,80,child
201900028846,26,7,2019,0 days 13:55:00,1,10,10325,2,6,7,6,ROCADE OUEST (RD 610),"48,2674266","4,0615294",1,4,2,1986.0,0,8,0,-1,B01,3,0,0,0,15,5,3,610,0.0,,2,1,0,1,2,1,5,1,80,adult
201900028858,5,3,2019,0 days 20:45:00,5,34,34172,2,2,1,5,MARES (AVENUE HENRI),"43,6200500","3,8512000",1,3,1,1973.0,0,8,0,-1,A01,1,0,2,7,19,5,4,MARES (AVENUE HENRI),0.0,,2,4,0,2,1,1,0,1,50,child
201900028858,5,3,2019,0 days 20:45:00,5,34,34172,2,2,1,5,MARES (AVENUE HENRI),"43,6200500","3,8512000",1,4,2,1985.0,0,1,0,-1,A01,1,0,2,7,19,5,4,MARES (AVENUE HENRI),0.0,,2,4,0,2,1,1,0,1,50,adult
201900028858,5,3,2019,0 days 20:45:00,5,34,34172,2,2,1,5,MARES (AVENUE HENRI),"43,6200500","3,8512000",1,1,1,1995.0,1,1,0,-1,A01,1,0,2,7,19,5,4,MARES (AVENUE HENRI),0.0,,2,4,0,2,1,1,0,1,50,adult
201900028885,5,3,2019,0 days 13:35:00,1,19,19031,2,3,1,3,BRUNE (RUE DU MARECHAL),"45,1620000","1,5310800",1,1,1,1934.0,5,1,0,-1,B01,1,0,2,1,1,5,4,BRUNE (RUE DU MARECHAL),0.0,,1,1,0,1,1,1,0,1,50,child
201900028885,5,3,2019,0 days 13:35:00,1,19,19031,2,3,1,3,BRUNE (RUE DU MARECHAL),"45,1620000","1,5310800",1,4,2,2001.0,5,2,0,-1,B01,1,0,2,1,1,5,4,BRUNE (RUE DU MARECHAL),0.0,,1,1,0,1,1,1,0,1,50,adult
201900028962,8,3,2019,0 days 16:20:00,1,6,06004,1,6,1,3,MICHARD PELISSIER AV.JEAN,"43,6151160","7,1084570",1,3,1,1958.0,5,8,0,-1,B01,1,0,2,7,14,5,3,504,0.0,,1,1,0,1,2,1,5,1,50,child
201900028962,8,3,2019,0 days 16:20:00,1,6,06004,1,6,1,3,MICHARD PELISSIER AV.JEAN,"43,6151160","7,1084570",1,1,1,1991.0,4,1,0,-1,B01,1,0,2,7,14,5,3,504,0.0,,1,1,0,1,2,1,5,1,50,adult
201900028994,15,5,2019,0 days 07:45:00,1,49,49007,2,1,1,6,INKERMANN,"47,4656000"," -0,5426100",3,4,2,1956.0,0,8,0,-1,A01,1,0,1,1,1,5,4,INKERMANN,0.0,,2,2,0,1,1,1,0,1,50,child
201900028994,15,5,2019,0 days 07:45:00,1,49,49007,2,1,1,6,INKERMANN,"47,4656000"," -0,5426100",1,1,1,1998.0,0,8,0,-1,A01,1,0,1,1,1,5,4,INKERMANN,0.0,,2,2,0,1,1,1,0,1,50,adult
201900028996,14,5,2019,0 days 07:40:00,1,49,49007,2,1,1,2,GEOFFRAY,"47,4583800"," -0,5450400",1,1,1,1935.0,0,1,8,-1,B01,1,0,2,0,0,5,4,GEOFFRAY,0.0,,2,2,0,1,1,1,0,1,60,child
201900028996,14,5,2019,0 days 07:40:00,1,49,49007,2,1,1,2,GEOFFRAY,"47,4583800"," -0,5450400",1,4,2,1982.0,1,2,8,-1,B01,1,0,2,0,0,5,4,GEOFFRAY,0.0,,2,2,0,1,1,1,0,1,60,adult
201900029017,26,5,2019,0 days 11:25:00,1,45,45147,1,3,1,1,BD DE LAMBALLE - R DESCARTES,"47,9273500","1,9199500",1,4,1,1930.0,0,8,0,-1,B01,0,0,2,8,15,5,4,BD DE LAMBALLE,0.0,,3,2,1,1,1,1,0,1,50,child
201900029017,26,5,2019,0 days 11:25:00,1,45,45147,1,3,1,1,BD DE LAMBALLE - R DESCARTES,"47,9273500","1,9199500",1,1,1,1983.0,9,1,0,-1,B01,0,0,2,8,15,5,4,BD DE LAMBALLE,0.0,,3,2,1,1,1,1,0,1,50,adult
201900029039,13,5,2019,0 days 16:45:00,1,45,45075,2,1,1,1,AVENUE GEORGES POMPIDOU,"47,8993820","1,8556980",1,1,1,1970.0,1,2,0,-1,B01,0,0,2,1,1,5,4,AVENUE GEORGES POMPIDOU,0.0,,2,2,2,1,1,1,0,5,20,child
201900029039,13,5,2019,0 days 16:45:00,1,45,45075,2,1,1,1,AVENUE GEORGES POMPIDOU,"47,8993820","1,8556980",1,4,1,1992.0,2,8,0,-1,B01,0,0,2,1,1,5,4,AVENUE GEORGES POMPIDOU,0.0,,2,2,2,1,1,1,0,5,20,adult
201900029043,10,5,2019,0 days 17:05:00,1,45,45234,2,2,2,3,R DE LA BRETONNERIE - R DES ANGLAISES,"47,9035500","1,9079200",1,1,1,1964.0,0,1,0,-1,A01,0,0,2,1,1,5,4,R DE LA BRETONNERIE,0.0,,1,1,0,1,1,2,0,1,50,child
201900029043,10,5,2019,0 days 17:05:00,1,45,45234,2,2,2,3,R DE LA BRETONNERIE - R DES ANGLAISES,"47,9035500","1,9079200",1,4,2,1987.0,0,8,0,-1,A01,0,0,2,1,1,5,4,R DE LA BRETONNERIE,0.0,,1,1,0,1,1,2,0,1,50,adult
201900029143,2,5,2019,0 days 16:20:00,1,38,38421,1,1,1,6,HUIT MAI 45 (AVENUE DU 8),"45,1711200","5,7569300",1,1,1,1963.0,0,1,0,-1,B01,3,0,2,7,19,5,4,HUIT MAI 45 (AVENUE DU 8),0.0,,2,2,0,1,1,1,0,1,30,child
201900029143,2,5,2019,0 days 16:20:00,1,38,38421,1,1,1,6,HUIT MAI 45 (AVENUE DU 8),"45,1711200","5,7569300",1,4,1,2007.0,0,8,0,-1,B01,3,0,2,7,19,5,4,HUIT MAI 45 (AVENUE DU 8),0.0,,2,2,0,1,1,1,0,1,30,adult
201900029156,15,5,2019,0 days 13:45:00,1,37,37261,2,2,1,3,HUGO (RUE VICTOR),"47,3882591","0,6833041",1,4,1,1944.0,5,8,0,-1,B01,1,0,2,3,1,5,4,HUGO (RUE VICTOR),0.0,,2,1,0,1,1,1,0,1,50,child
201900029156,15,5,2019,0 days 13:45:00,1,37,37261,2,2,1,3,HUGO (RUE VICTOR),"47,3882591","0,6833041",1,1,2,1985.0,5,1,8,-1,B01,1,0,2,3,1,5,4,HUGO (RUE VICTOR),0.0,,2,1,0,1,1,1,0,1,50,adult
201900029175,1,5,2019,0 days 14:20:00,1,37,37122,2,1,1,3,CHINON (BOULEVARD DE),"47,3519400","0,6862500",1,1,1,1947.0,5,1,8,-1,B01,3,0,2,5,21,5,4,CHINON (BOULEVARD DE),0.0,,2,4,1,2,1,1,9,1,50,child
201900029175,1,5,2019,0 days 14:20:00,1,37,37122,2,1,1,3,CHINON (BOULEVARD DE),"47,3519400","0,6862500",1,4,1,1980.0,5,8,0,-1,B01,3,0,2,5,21,5,4,CHINON (BOULEVARD DE),0.0,,2,4,1,2,1,1,9,1,50,adult
201900029258,11,11,2019,0 days 15:40:00,1,17,17291,2,1,1,3,BELGIQUE  RUE,"46,1749800"," -1,1233300",1,4,2,1972.0,5,2,0,-1,B01,3,0,2,7,19,0,4,BELGIQUE  RUE,0.0,,2,2,0,1,1,1,9,1,50,child
201900029258,11,11,2019,0 days 15:40:00,1,17,17291,2,1,1,3,BELGIQUE  RUE,"46,1749800"," -1,1233300",1,4,2,2007.0,5,2,0,-1,B01,3,0,2,7,19,0,4,BELGIQUE  RUE,0.0,,2,2,0,1,1,1,9,1,50,adult
201900029309,12,11,2019,0 days 07:40:00,1,34,34299,2,1,1,1,Rue Georges Ricard,"43,2859200","3,2738370",1,1,2,1986.0,1,1,-1,-1,B01,3,0,2,1,17,5,4,,,,2,2,0,1,1,1,0,1,50,child
201900029309,12,11,2019,0 days 07:40:00,1,34,34299,2,1,1,1,Rue Georges Ricard,"43,2859200","3,2738370",1,4,1,2007.0,2,2,-1,-1,B01,3,0,2,1,17,5,4,,,,2,2,0,1,1,1,0,1,50,adult
201900029384,13,7,2019,0 days 10:30:00,1,14,14294,2,3,1,1,D229,"49,0980740"," -0,2562910",1,3,1,1944.0,5,2,-1,-1,B01,2,0,2,1,1,5,3,229,,A,2,2,0,1,1,1,5,1,50,child
201900029384,13,7,2019,0 days 10:30:00,1,14,14294,2,3,1,1,D229,"49,0980740"," -0,2562910",1,1,1,1983.0,5,1,-1,-1,B01,2,0,2,1,1,5,3,229,,A,2,2,0,1,1,1,5,1,50,adult
201900029467,19,12,2019,0 days 13:30:00,1,69,69383,2,1,1,1,BONNEL (DE)                         (R ),"45,7627500","4,8591800",1,1,1,1976.0,0,1,0,-1,A01,2,1,0,1,5,0,4,BONNEL (DE)                         (R ),0.0,,1,4,3,1,1,1,0,4,50,child
201900029467,19,12,2019,0 days 13:30:00,1,69,69383,2,1,1,1,BONNEL (DE)                         (R ),"45,7627500","4,8591800",1,4,2,2002.0,9,8,0,-1,A01,2,1,0,1,5,0,4,BONNEL (DE)                         (R ),0.0,,1,4,3,1,1,1,0,4,50,adult
201900029470,19,12,2019,0 days 17:25:00,5,91,91377,2,9,1,3,DIX-NEUF MARS 1962 (ROND POINT DU),"48,7375770","2,2725860",1,4,1,1975.0,0,8,8,-1,B01,1,0,2,8,9,0,7,DIX-NEUF MARS 1962 (ROND POINT DU),0.0,,-1,1,0,1,1,1,9,1,30,child
201900029470,19,12,2019,0 days 17:25:00,5,91,91377,2,9,1,3,DIX-NEUF MARS 1962 (ROND POINT DU),"48,7375770","2,2725860",1,1,1,2000.0,0,1,0,-1,B01,1,0,2,8,9,0,7,DIX-NEUF MARS 1962 (ROND POINT DU),0.0,,-1,1,0,1,1,1,9,1,30,adult
201900029498,18,12,2019,0 days 15:10:00,1,24,24037,2,1,1,2,FEYRY (AVENUE MARCEAU),"44,8631700","0,4981200",1,2,1,1938.0,5,8,0,-1,B01,1,0,2,4,2,5,3,936E1,0.0,,2,2,0,1,1,1,0,1,50,child
201900029498,18,12,2019,0 days 15:10:00,1,24,24037,2,1,1,2,FEYRY (AVENUE MARCEAU),"44,8631700","0,4981200",1,1,1,1959.0,9,1,0,-1,B01,1,0,2,4,2,5,3,936E1,0.0,,2,2,0,1,1,1,0,1,50,adult
201900029535,7,10,2019,0 days 07:30:00,5,35,35238,2,6,3,3,BOSPHORE (DU),"48,0838340"," -1,6770700",1,4,1,1958.0,0,2,0,-1,B01,3,0,0,4,1,6,4,BOSPHORE (DU),0.0,,1,1,0,1,1,2,0,1,30,child
201900029535,7,10,2019,0 days 07:30:00,5,35,35238,2,6,3,3,BOSPHORE (DU),"48,0838340"," -1,6770700",1,1,1,1991.0,4,1,0,-1,B01,3,0,0,4,1,6,4,BOSPHORE (DU),0.0,,1,1,0,1,1,2,0,1,30,adult
201900029567,7,10,2019,0 days 10:00:00,1,75,75117,2,3,1,3,BOULEVARD DES BATIGNOLLES,"48,8832241","2,3253237",1,1,1,1958.0,5,1,0,-1,B01,1,0,2,8,1,5,4,BOULEVARD DES BATIGNOLLES,0.0,,3,2,1,1,1,1,0,5,50,child
201900029567,7,10,2019,0 days 10:00:00,1,75,75117,2,3,1,3,BOULEVARD DES BATIGNOLLES,"48,8832241","2,3253237",1,4,2,1994.0,1,2,0,-1,B01,1,0,2,8,1,5,4,BOULEVARD DES BATIGNOLLES,0.0,,3,2,1,1,1,1,0,5,50,adult
201900029583,7,10,2019,0 days 13:30:00,1,94,94041,2,1,1,3,JEAN LE GALLEU (R),"48,8140500","2,3765900",1,1,1,1976.0,4,1,0,-1,B01,1,0,2,2,25,5,3,223,0.0,B,1,1,0,1,1,1,0,1,50,child
201900029583,7,10,2019,0 days 13:30:00,1,94,94041,2,1,1,3,JEAN LE GALLEU (R),"48,8140500","2,3765900",1,4,1,2005.0,2,8,0,-1,B01,1,0,2,2,25,5,3,223,0.0,B,1,1,0,1,1,1,0,1,50,adult
201900029677,6,10,2019,0 days 19:45:00,5,54,54482,2,1,2,3,CARNOT (AVENUE),"48,7010330","6,2093480",1,1,1,1942.0,0,1,0,-1,B01,1,0,2,1,1,1,4,CARNOT (AVENUE),0.0,,2,2,0,1,1,1,0,1,50,child
201900029677,6,10,2019,0 days 19:45:00,5,54,54482,2,1,2,3,CARNOT (AVENUE),"48,7010330","6,2093480",1,4,2,1996.0,0,8,0,-1,B01,1,0,2,1,1,1,4,CARNOT (AVENUE),0.0,,2,2,0,1,1,1,0,1,50,adult
201900029857,25,1,2019,0 days 14:45:00,1,37,37139,1,1,1,3,RD48,"47,4261434","0,4947010",1,3,1,1956.0,5,2,-1,-1,B01,1,13,0,8,1,5,3,48,,,2,2,0,1,1,2,0,1,80,child
201900029857,25,1,2019,0 days 14:45:00,1,37,37139,1,1,1,3,RD48,"47,4261434","0,4947010",1,1,1,1997.0,3,8,-1,-1,B01,1,13,0,8,1,5,3,48,,,2,2,0,1,1,2,0,1,80,adult
201900030008,29,8,2019,0 days 09:15:00,1,84,84007,2,6,1,3,REALPANIER (Rond point de)-MONTFAVET,"43,9495095","4,8597014",1,3,1,1963.0,5,8,8,-1,B01,3,0,2,2,15,5,4,REALPANIER (Rond point de)-MONTFAVET,0.0,,1,2,0,1,1,1,0,1,50,child
201900030008,29,8,2019,0 days 09:15:00,1,84,84007,2,6,1,3,REALPANIER (Rond point de)-MONTFAVET,"43,9495095","4,8597014",1,1,2,1997.0,0,1,0,-1,B01,3,0,2,2,15,5,4,REALPANIER (Rond point de)-MONTFAVET,0.0,,1,2,0,1,1,1,0,1,50,adult
201900030012,4,9,2019,0 days 08:08:00,1,72,72181,2,3,1,3,ESTOURNELLES DE CONSTANT PAUL (BD D'),"48,0166200","0,1581200",1,4,2,1964.0,1,8,0,-1,B01,1,0,2,4,1,5,4,ARISTOTE (RUE),0.0,,2,2,0,1,1,1,0,2,50,child
201900030012,4,9,2019,0 days 08:08:00,1,72,72181,2,3,1,3,ESTOURNELLES DE CONSTANT PAUL (BD D'),"48,0166200","0,1581200",1,1,2,2000.0,1,1,0,-1,B01,1,0,2,4,1,5,4,ARISTOTE (RUE),0.0,,2,2,0,1,1,1,0,2,50,adult
201900030013,3,9,2019,0 days 12:10:00,1,71,71076,2,1,1,3,AVENUE Pierre MENDES FRANCE,"46,7737600","4,8413900",1,1,1,1934.0,0,1,8,-1,B01,3,0,2,1,1,5,4,AVENUE Pierre MENDES FRANCE,0.0,,2,2,0,2,2,1,0,1,50,child
201900030013,3,9,2019,0 days 12:10:00,1,71,71076,2,1,1,3,AVENUE Pierre MENDES FRANCE,"46,7737600","4,8413900",1,3,1,1969.0,1,8,0,-1,B01,3,0,2,1,1,5,4,AVENUE Pierre MENDES FRANCE,0.0,,2,2,0,2,2,1,0,1,50,adult
201900030028,3,9,2019,0 days 14:00:00,1,49,49328,1,1,1,1,CADRE NOIR (PONT DU) N 347,"47,2723000"," -0,0784800",1,3,1,1939.0,5,2,0,-1,B01,2,0,6,1,26,5,9,CADRE NOIR (PONT DU) N 347,0.0,,2,1,1,2,3,1,0,1,30,child
201900030028,3,9,2019,0 days 14:00:00,1,49,49328,1,1,1,1,CADRE NOIR (PONT DU) N 347,"47,2723000"," -0,0784800",1,4,1,2000.0,5,2,0,-1,B01,2,0,6,1,26,5,9,CADRE NOIR (PONT DU) N 347,0.0,,2,1,1,2,3,1,0,1,30,adult
201900030036,3,9,2019,0 days 18:20:00,1,35,35238,1,1,1,2,ALMA (DE L'),"48,1018963"," -1,6764398",1,4,2,1945.0,5,8,0,-1,B01,3,0,2,4,11,0,4,ALMA (DE L'),0.0,,2,3,1,3,1,1,0,1,50,child
201900030036,3,9,2019,0 days 18:20:00,1,35,35238,1,1,1,2,ALMA (DE L'),"48,1018963"," -1,6764398",1,4,1,1990.0,5,2,6,-1,B01,3,0,2,4,11,0,4,ALMA (DE L'),0.0,,2,3,1,3,1,1,0,1,50,adult
201900030054,4,9,2019,0 days 08:15:00,1,7,07102,2,6,1,3,Jean MOULIN (Rue),"44,9376300","4,8634900",1,4,1,1954.0,5,8,0,-1,B01,2,0,2,1,1,0,4,Jean MOULIN (Rue),0.0,,2,2,0,1,1,1,0,1,50,child
201900030054,4,9,2019,0 days 08:15:00,1,7,07102,2,6,1,3,Jean MOULIN (Rue),"44,9376300","4,8634900",1,1,2,1989.0,1,1,0,-1,B01,2,0,2,1,1,0,4,Jean MOULIN (Rue),0.0,,2,2,0,1,1,1,0,1,50,adult
201900030071,3,9,2019,0 days 18:35:00,1,75,75114,2,1,1,3,BOULEVARD BRUNE,"48,8265130","2,3110400",1,1,1,1963.0,5,2,8,-1,A01,2,0,2,8,19,5,4,BOULEVARD BRUNE,2.0,,3,2,0,1,1,1,0,1,50,child
201900030071,3,9,2019,0 days 18:35:00,1,75,75114,2,1,1,3,BOULEVARD BRUNE,"48,8265130","2,3110400",1,4,1,1990.0,1,2,6,-1,A01,2,0,2,8,19,5,4,BOULEVARD BRUNE,2.0,,3,2,0,1,1,1,0,1,50,adult
201900030072,4,9,2019,0 days 17:00:00,1,75,75113,2,2,1,3,RUE DE TOLBIAC,"48,8284661","2,3729348",1,4,1,1972.0,5,2,6,-1,A01,2,0,2,6,13,5,4,RUE DE TOLBIAC,0.0,,2,3,0,2,1,1,0,1,50,child
201900030072,4,9,2019,0 days 17:00:00,1,75,75113,2,2,1,3,RUE DE TOLBIAC,"48,8284661","2,3729348",1,1,1,1998.0,1,2,0,-1,A01,2,0,2,6,13,5,4,RUE DE TOLBIAC,0.0,,2,3,0,2,1,1,0,1,50,adult
201900030073,4,9,2019,0 days 07:47:00,1,75,75113,2,3,1,3,AVENUE D ITALIE,"48,8267561","2,3570893",1,1,1,1950.0,0,1,0,-1,A01,2,0,2,7,1,5,4,AVENUE D ITALIE,0.0,,2,4,1,1,1,1,0,5,50,child
201900030073,4,9,2019,0 days 07:47:00,1,75,75113,2,3,1,3,AVENUE D ITALIE,"48,8267561","2,3570893",1,4,1,1994.0,0,2,8,-1,A01,2,0,2,7,1,5,4,AVENUE D ITALIE,0.0,,2,4,1,1,1,1,0,5,50,adult
201900030118,26,6,2019,0 days 12:45:00,1,75,75111,2,1,2,1,BOULEVARD VOLTAIRE,"48,8614040","2,3740930",1,1,1,1934.0,5,1,0,-1,A01,1,0,2,1,17,5,4,BOULEVARD VOLTAIRE,0.0,,2,2,1,1,1,1,0,1,50,child
201900030118,26,6,2019,0 days 12:45:00,1,75,75111,2,1,2,1,BOULEVARD VOLTAIRE,"48,8614040","2,3740930",1,4,1,1993.0,4,8,0,-1,A01,1,0,2,1,17,5,4,BOULEVARD VOLTAIRE,0.0,,2,2,1,1,1,1,0,1,50,adult
201900030122,26,6,2019,0 days 19:40:00,1,75,75108,2,1,1,3,BOULEVARD DE COURCELLES,"48,8782790","2,2990690",1,4,2,1959.0,1,8,0,-1,B01,2,0,2,4,17,5,4,BOULEVARD DE COURCELLES,0.0,,2,4,0,1,1,1,0,1,50,child
201900030122,26,6,2019,0 days 19:40:00,1,75,75108,2,1,1,3,BOULEVARD DE COURCELLES,"48,8782790","2,2990690",1,1,1,1990.0,4,1,0,-1,B01,2,0,2,4,17,5,4,BOULEVARD DE COURCELLES,0.0,,2,4,0,1,1,1,0,1,50,adult
201900030159,27,6,2019,0 days 07:20:00,1,61,61145,2,3,7,3,Rue Robert Massoul (Domfront),"48,5872254"," -0,6280341",1,1,1,1959.0,4,1,-1,-1,B01,3,0,2,3,1,5,4,RUE DE LA COSNIERE,,,2,2,0,2,1,1,0,1,50,child
201900030159,27,6,2019,0 days 07:20:00,1,61,61145,2,3,7,3,Rue Robert Massoul (Domfront),"48,5872254"," -0,6280341",1,3,1,2002.0,5,2,-1,-1,B01,3,0,2,3,1,5,4,RUE DE LA COSNIERE,,,2,2,0,2,1,1,0,1,50,adult
201900030159,27,6,2019,0 days 07:20:00,1,61,61145,2,3,7,3,Rue Robert Massoul (Domfront),"48,5872254"," -0,6280341",2,3,1,2003.0,5,2,-1,-1,B01,3,0,2,3,1,5,4,RUE DE LA COSNIERE,,,2,2,0,2,1,1,0,1,50,adult
201900030177,27,6,2019,0 days 16:40:00,1,13,13051,1,2,1,2,D15,"43,6134850","5,1386960",1,1,1,1948.0,1,1,-1,-1,B01,1,0,2,4,15,5,3,15,0.0,,2,2,0,1,1,1,0,1,80,child
201900030177,27,6,2019,0 days 16:40:00,1,13,13051,1,2,1,2,D15,"43,6134850","5,1386960",1,3,1,2003.0,2,0,-1,-1,B01,1,0,2,4,15,5,3,15,0.0,,2,2,0,1,1,1,0,1,80,adult
201900030222,24,6,2019,0 days 08:40:00,1,69,69081,2,1,1,2,VERNIQUE (DE LA )              CH,"45,7711000","4,7837000",1,1,1,1979.0,9,8,8,-1,B01,1,0,2,4,13,5,4,VERNIQUE (DE LA )              CH,0.0,,2,2,0,2,1,1,0,1,50,child
201900030222,24,6,2019,0 days 08:40:00,1,69,69081,2,1,1,2,VERNIQUE (DE LA )              CH,"45,7711000","4,7837000",1,4,1,1982.0,1,8,8,-1,B01,1,0,2,4,13,5,4,VERNIQUE (DE LA )              CH,0.0,,2,2,0,2,1,1,0,1,50,adult
201900030222,24,6,2019,0 days 08:40:00,1,69,69081,2,1,1,2,VERNIQUE (DE LA )              CH,"45,7711000","4,7837000",2,1,1,2011.0,0,1,8,-1,B01,1,0,2,4,13,5,4,VERNIQUE (DE LA )              CH,0.0,,2,2,0,2,1,1,0,1,50,adult
201900030222,24,6,2019,0 days 08:40:00,1,69,69081,2,1,1,2,VERNIQUE (DE LA )              CH,"45,7711000","4,7837000",2,1,2,2012.0,5,1,8,-1,B01,1,0,2,4,13,5,4,VERNIQUE (DE LA )              CH,0.0,,2,2,0,2,1,1,0,1,50,adult
201900030250,24,6,2019,0 days 17:25:00,1,65,65440,2,6,1,2,SAINT FRAI (ROND POINT),"43,2288430","0,0883780",1,3,1,1950.0,5,2,0,-1,A01,1,0,2,1,2,5,2,21,0.0,,2,2,0,1,1,1,0,1,30,child
201900030250,24,6,2019,0 days 17:25:00,1,65,65440,2,6,1,2,SAINT FRAI (ROND POINT),"43,2288430","0,0883780",1,1,1,1990.0,9,1,8,-1,A01,1,0,2,1,2,5,2,21,0.0,,2,2,0,1,1,1,0,1,30,adult
201900030276,13,4,2019,0 days 09:19:00,1,75,75110,2,2,1,3,QUAI DE VALMY,"48,8729030","2,3637390",1,1,1,1959.0,4,1,0,-1,B01,2,0,2,1,1,5,4,QUAI DE VALMY,0.0,,1,3,1,2,1,1,0,1,50,child
201900030276,13,4,2019,0 days 09:19:00,1,75,75110,2,2,1,3,QUAI DE VALMY,"48,8729030","2,3637390",1,4,2,1993.0,0,8,6,-1,B01,2,0,2,1,1,5,4,QUAI DE VALMY,0.0,,1,3,1,2,1,1,0,1,50,adult
201900030369,4,4,2019,0 days 09:45:00,1,62,62706,2,2,1,3,Rue Hennelle,"50,5926594","2,7426445",1,4,2,1952.0,5,0,-1,-1,B01,1,0,2,1,1,5,3,166,,,2,2,0,1,1,1,0,1,50,child
201900030369,4,4,2019,0 days 09:45:00,1,62,62706,2,2,1,3,Rue Hennelle,"50,5926594","2,7426445",1,1,1,1990.0,4,1,-1,-1,B01,1,0,2,1,1,5,3,166,,,2,2,0,1,1,1,0,1,50,adult
201900030380,8,4,2019,0 days 22:00:00,3,59,59445,1,1,2,2,D963,"50,0486070","4,1161710",1,1,1,1970.0,-1,1,0,0,B01,1,0,2,4,1,5,3,963,0.0,D,2,2,0,1,1,2,0,1,80,child
201900030380,8,4,2019,0 days 22:00:00,3,59,59445,1,1,2,2,D963,"50,0486070","4,1161710",1,3,1,2001.0,5,9,-1,-1,B01,1,0,2,4,1,5,3,963,0.0,D,2,2,0,1,1,2,0,1,80,adult
201900030417,12,4,2019,0 days 18:55:00,1,72,72217,2,3,7,6,Rue Principale,"48,0738900","0,2253176",1,1,1,1900.0,-1,1,-1,-1,B01,2,0,2,8,1,5,3,300,0.0,,2,2,0,1,1,1,0,1,50,child
201900030417,12,4,2019,0 days 18:55:00,1,72,72217,2,3,7,6,Rue Principale,"48,0738900","0,2253176",1,3,1,1967.0,5,2,-1,-1,B01,2,0,2,8,1,5,3,300,0.0,,2,2,0,1,1,1,0,1,50,adult
201900030417,12,4,2019,0 days 18:55:00,1,72,72217,2,3,7,6,Rue Principale,"48,0738900","0,2253176",1,1,2,2000.0,5,1,-1,-1,B01,2,0,2,8,1,5,3,300,0.0,,2,2,0,1,1,1,0,1,50,adult
201900030454,5,3,2019,0 days 14:20:00,1,75,75117,2,3,1,3,RUE MILNE EDWARDS,"48,8826460","2,2925900",1,1,1,1966.0,9,1,0,-1,A01,1,0,2,1,16,5,4,RUE MILNE EDWARDS,0.0,,2,2,0,1,1,1,0,1,50,child
201900030454,5,3,2019,0 days 14:20:00,1,75,75117,2,3,1,3,RUE MILNE EDWARDS,"48,8826460","2,2925900",1,4,1,1991.0,1,2,8,-1,A01,1,0,2,1,16,5,4,RUE MILNE EDWARDS,0.0,,2,2,0,1,1,1,0,1,50,adult
201900030472,7,3,2019,0 days 16:30:00,1,75,75114,2,3,2,3,RUE JULES GUESDE,"48,8374870","2,3202070",1,1,1,1970.0,4,1,0,-1,A01,2,0,2,2,1,5,4,RUE JULES GUESDE,0.0,,1,1,0,1,1,2,0,1,50,child
201900030472,7,3,2019,0 days 16:30:00,1,75,75114,2,3,2,3,RUE JULES GUESDE,"48,8374870","2,3202070",1,4,1,1992.0,0,2,0,-1,A01,2,0,2,2,1,5,4,RUE JULES GUESDE,0.0,,1,1,0,1,1,2,0,1,50,adult
201900030476,7,3,2019,0 days 18:30:00,2,75,75112,2,3,2,6,BOULEVARD DIDEROT,"48,8456820","2,3726780",3,3,2,1937.0,5,8,0,-1,A01,1,0,1,1,1,5,4,BOULEVARD DIDEROT,0.0,,2,4,0,1,1,2,0,1,50,child
201900030476,7,3,2019,0 days 18:30:00,2,75,75112,2,3,2,6,BOULEVARD DIDEROT,"48,8456820","2,3726780",1,1,2,1980.0,1,2,0,-1,A01,1,0,1,1,1,5,4,BOULEVARD DIDEROT,0.0,,2,4,0,1,1,2,0,1,50,adult
201900030481,6,3,2019,0 days 13:40:00,1,75,75111,2,3,8,3,BOULEVARD BEAUMARCHAIS,"48,8594760","2,3676050",1,1,1,1960.0,1,1,0,-1,A01,2,0,2,1,7,5,4,BOULEVARD BEAUMARCHAIS,0.0,,2,3,3,1,1,2,0,6,50,child
201900030481,6,3,2019,0 days 13:40:00,1,75,75111,2,3,8,3,BOULEVARD BEAUMARCHAIS,"48,8594760","2,3676050",1,4,1,1991.0,1,2,0,-1,A01,2,0,2,1,7,5,4,BOULEVARD BEAUMARCHAIS,0.0,,2,3,3,1,1,2,0,6,50,adult