Num_Acc,jour,mois,an,hrmn,lum,dep,com,agg,int,atm,col,adr,lat,long,catu,grav,sexe,an_nais,trajet,secu1,secu2,secu3,num_veh_y,senc,obs,obsm,choc,manv,motor,catr,voie,v1,v2,circ,nbv,vosp,prof,plan,surf,infra,situ,vma,age
201900030490,6,3,2019,0 days 17:11:00,1,75,75102,2,7,8,6,PLACE DE L OPERA,"48,8706920","2,3325260",3,4,2,1942.0,0,8,0,-1,A01,1,0,1,1,1,5,4,PLACE DE L OPERA,0.0,,1,2,0,1,1,1,0,1,50,child
201900030490,6,3,2019,0 days 17:11:00,1,75,75102,2,7,8,6,PLACE DE L OPERA,"48,8706920","2,3325260",1,1,1,1992.0,0,2,0,-1,A01,1,0,1,1,1,5,4,PLACE DE L OPERA,0.0,,1,2,0,1,1,1,0,1,50,adult
201900030496,6,3,2019,0 days 09:30:00,1,75,75107,2,1,1,3,PLACE HENRY DE MONTHERLANT,"48,8605930","2,3259540",1,1,1,1949.0,5,1,0,-1,B01,1,4,2,7,17,5,4,PLACE HENRY DE MONTHERLANT,0.0,,1,2,0,1,1,1,0,1,50,child
201900030496,6,3,2019,0 days 09:30:00,1,75,75107,2,1,1,3,PLACE HENRY DE MONTHERLANT,"48,8605930","2,3259540",1,4,1,1995.0,4,2,0,-1,B01,1,4,2,7,17,5,4,PLACE HENRY DE MONTHERLANT,0.0,,1,2,0,1,1,1,0,1,50,adult
201900030498,4,3,2019,0 days 14:10:00,1,75,75107,2,7,8,3,PLACE DE FONTENOY,"48,8503510","2,3068590",1,1,1,1937.0,0,1,0,-1,B01,1,0,2,2,19,5,4,PLACE DE FONTENOY,0.0,,1,2,0,1,3,1,0,1,50,child
201900030498,4,3,2019,0 days 14:10:00,1,75,75107,2,7,8,3,PLACE DE FONTENOY,"48,8503510","2,3068590",1,4,1,2004.0,0,2,0,-1,B01,1,0,2,2,19,5,4,PLACE DE FONTENOY,0.0,,1,2,0,1,3,1,0,1,50,adult
201900030550,5,3,2019,0 days 09:50:00,1,93,93006,2,9,1,3,REPUBLIQUE AVENUE DE LA,"48,8623000","2,4159000",1,1,1,1966.0,1,1,0,-1,B01,1,0,2,1,19,5,3,37,0.0,,1,2,1,1,1,2,0,1,50,child
201900030550,5,3,2019,0 days 09:50:00,1,93,93006,2,9,1,3,REPUBLIQUE AVENUE DE LA,"48,8623000","2,4159000",1,4,1,2001.0,4,2,0,-1,B01,1,0,2,1,19,5,3,37,0.0,,1,2,1,1,1,2,0,1,50,adult
201900030555,6,3,2019,0 days 08:40:00,1,93,93047,2,2,2,3,JEAN JAURES (AVENUE),"48,8979300","2,5593300",1,3,1,1935.0,5,8,0,-1,A01,3,0,2,7,0,0,3,117,0.0,,3,0,0,1,1,2,8,2,50,child
201900030555,6,3,2019,0 days 08:40:00,1,93,93047,2,2,2,3,JEAN JAURES (AVENUE),"48,8979300","2,5593300",1,1,2,1970.0,1,1,8,-1,A01,3,0,2,7,0,0,3,117,0.0,,3,0,0,1,1,2,8,2,50,adult
201900030567,5,3,2019,0 days 08:30:00,1,92,92035,2,1,1,3,Général de Gaulle  ( avenue du ),"48,9090000","2,2551800",1,4,2,1968.0,1,8,0,-1,B01,3,0,2,8,25,5,4,Général de Gaulle  ( avenue du ),0.0,,2,2,0,1,1,1,0,1,50,child
201900030567,5,3,2019,0 days 08:30:00,1,92,92035,2,1,1,3,Général de Gaulle  ( avenue du ),"48,9090000","2,2551800",1,1,2,1994.0,1,1,0,-1,B01,3,0,2,8,25,5,4,Général de Gaulle  ( avenue du ),0.0,,2,2,0,1,1,1,0,1,50,adult
201900030614,6,3,2019,0 days 13:20:00,1,89,89419,2,1,8,3,15 rue du Corbeau Blanc,"47,7320380","3,3030050",1,1,2,1943.0,5,1,-1,-1,B01,1,0,2,1,1,0,3,965,,,3,2,0,2,1,2,0,1,50,child
201900030614,6,3,2019,0 days 13:20:00,1,89,89419,2,1,8,3,15 rue du Corbeau Blanc,"47,7320380","3,3030050",1,3,1,1996.0,5,2,-1,-1,B01,1,0,2,1,1,0,3,965,,,3,2,0,2,1,2,0,1,50,adult
201900030657,25,7,2019,0 days 00:05:00,5,75,75120,2,2,1,3,RUE D AVRON,"48,8527070","2,4061290",1,1,1,1975.0,5,2,0,-1,B01,1,0,2,6,1,5,4,RUE D AVRON,0.0,,2,2,0,1,1,1,6,1,50,child
201900030657,25,7,2019,0 days 00:05:00,5,75,75120,2,2,1,3,RUE D AVRON,"48,8527070","2,4061290",1,4,1,2000.0,4,2,6,-1,B01,1,0,2,6,1,5,4,RUE D AVRON,0.0,,2,2,0,1,1,1,6,1,50,adult
201900030661,27,7,2019,0 days 00:20:00,5,75,75118,2,2,3,3,RUE ORDENER,"48,8924080","2,3449990",1,1,2,1967.0,0,1,0,-1,A01,2,0,2,1,1,5,4,RUE ORDENER,0.0,,2,2,0,1,1,2,0,1,50,child
201900030661,27,7,2019,0 days 00:20:00,5,75,75118,2,2,3,3,RUE ORDENER,"48,8924080","2,3449990",1,4,1,1998.0,0,2,0,-1,A01,2,0,2,1,1,5,4,RUE ORDENER,0.0,,2,2,0,1,1,2,0,1,50,adult
201900030676,27,7,2019,0 days 13:59:00,1,75,75108,2,2,1,3,RUE PIERRE CHARRON,"48,8705200","2,3052860",1,4,1,1955.0,5,2,6,-1,B01,1,0,2,7,1,5,4,RUE PIERRE CHARRON,0.0,,2,2,0,1,1,1,6,1,50,child
201900030676,27,7,2019,0 days 13:59:00,1,75,75108,2,2,1,3,RUE PIERRE CHARRON,"48,8705200","2,3052860",1,4,2,1978.0,5,2,0,-1,B01,1,0,2,7,1,5,4,RUE PIERRE CHARRON,0.0,,2,2,0,1,1,1,6,1,50,adult
201900030716,26,7,2019,0 days 21:15:00,2,92,92075,2,1,1,6,FABIEN (BOULEVARD DU COLONEL),"48,8122100","2,2802100",3,4,2,1965.0,0,8,0,-1,A01,3,0,1,1,2,0,4,FABIEN (BOULEVARD DU COLONEL),0.0,,2,2,0,2,1,1,0,1,50,child
201900030716,26,7,2019,0 days 21:15:00,2,92,92075,2,1,1,6,FABIEN (BOULEVARD DU COLONEL),"48,8122100","2,2802100",1,1,1,1992.0,1,2,8,-1,A01,3,0,1,1,2,0,4,FABIEN (BOULEVARD DU COLONEL),0.0,,2,2,0,2,1,1,0,1,50,adult
201900030772,28,7,2019,0 days 09:15:00,1,56,56193,1,1,1,3,Kerhabonnet,"47,7341190"," -3,3109910",1,3,1,1964.0,5,2,-1,-1,B01,2,0,2,8,1,6,3,781,,,2,2,0,1,2,1,0,1,80,child
201900030772,28,7,2019,0 days 09:15:00,1,56,56193,1,1,1,3,Kerhabonnet,"47,7341190"," -3,3109910",2,1,1,1999.0,5,8,-1,-1,B01,2,0,2,8,1,6,3,781,,,2,2,0,1,2,1,0,1,80,adult
201900030772,28,7,2019,0 days 09:15:00,1,56,56193,1,1,1,3,Kerhabonnet,"47,7341190"," -3,3109910",1,1,1,2000.0,5,8,-1,-1,B01,2,0,2,8,1,6,3,781,,,2,2,0,1,2,1,0,1,80,adult
201900030798,26,7,2019,0 days 09:10:00,1,29,29206,1,1,1,3,RD10,"48,6501570"," -4,2073020",1,4,1,1966.0,5,2,-1,-1,B01,1,0,2,8,1,5,3,10,,,2,2,0,1,1,1,0,1,80,child
201900030798,26,7,2019,0 days 09:10:00,1,29,29206,1,1,1,3,RD10,"48,6501570"," -4,2073020",1,1,1,1998.0,1,8,-1,-1,B01,1,0,2,8,1,5,3,10,,,2,2,0,1,1,1,0,1,80,adult
201900030819,27,7,2019,0 days 19:50:00,1,64,64386,2,2,2,3,1 route de PAU,"43,1892419"," -0,2503662",1,3,1,1970.0,5,2,-1,-1,B01,2,0,2,1,1,6,3,145,,,2,2,0,1,1,2,0,1,50,child
201900030819,27,7,2019,0 days 19:50:00,1,64,64386,2,2,2,3,1 route de PAU,"43,1892419"," -0,2503662",1,1,1,1998.0,1,1,-1,-1,B01,2,0,2,1,1,6,3,145,,,2,2,0,1,1,2,0,1,50,adult
201900030832,23,5,2019,0 days 19:00:00,1,35,35238,2,1,1,3,ROGER HENRI GUERRAND (RUE),"48,0988500"," -1,6985900",1,1,2,1987.0,1,1,0,-1,B01,3,0,2,0,0,0,4,ROGER HENRI GUERRAND (RUE),0.0,,2,2,0,1,1,1,8,1,50,child
201900030832,23,5,2019,0 days 19:00:00,1,35,35238,2,1,1,3,ROGER HENRI GUERRAND (RUE),"48,0988500"," -1,6985900",1,4,1,2008.0,5,2,0,-1,B01,3,0,2,0,0,0,4,ROGER HENRI GUERRAND (RUE),0.0,,2,2,0,1,1,1,8,1,50,adult
201900030858,2,5,2019,0 days 18:05:00,1,35,35238,2,1,1,5,GROS MALHON (AVENUE),"48,1298970"," -1,6841180",1,1,1,1950.0,5,1,0,-1,C01,1,0,2,1,2,0,4,GROS MALHON (AVENUE),0.0,,1,2,3,1,1,1,0,1,50,child
201900030858,2,5,2019,0 days 18:05:00,1,35,35238,2,1,1,5,GROS MALHON (AVENUE),"48,1298970"," -1,6841180",1,3,1,1998.0,9,2,0,-1,C01,1,0,2,1,2,0,4,GROS MALHON (AVENUE),0.0,,1,2,3,1,1,1,0,1,50,adult
201900030858,2,5,2019,0 days 18:05:00,1,35,35238,2,1,1,5,GROS MALHON (AVENUE),"48,1298970"," -1,6841180",1,1,1,2000.0,5,1,0,-1,C01,1,0,2,1,2,0,4,GROS MALHON (AVENUE),0.0,,1,2,3,1,1,1,0,1,50,adult
201900030869,27,5,2019,0 days 12:00:00,1,34,34172,2,1,1,3,PAVELET (AVENUE DU COLONEL),"43,5852900","3,8599600",1,4,1,1959.0,0,8,0,-1,A01,0,0,2,1,19,5,4,PAVELET (AVENUE DU COLONEL),0.0,,2,5,0,1,1,1,0,1,50,child
201900030869,27,5,2019,0 days 12:00:00,1,34,34172,2,1,1,3,PAVELET (AVENUE DU COLONEL),"43,5852900","3,8599600",1,1,1,1996.0,0,1,0,-1,A01,0,0,2,1,19,5,4,PAVELET (AVENUE DU COLONEL),0.0,,2,5,0,1,1,1,0,1,50,adult
201900030872,23,5,2019,0 days 18:00:00,1,34,34172,2,2,1,2,PONT DE LAVERUNE (RUE DU),"43,6064600","3,8370900",1,1,1,1967.0,4,1,8,-1,B01,1,0,2,4,1,5,4,PONT DE LAVERUNE (RUE DU),0.0,,2,2,2,2,1,1,5,1,50,child
201900030872,23,5,2019,0 days 18:00:00,1,34,34172,2,2,1,2,PONT DE LAVERUNE (RUE DU),"43,6064600","3,8370900",1,4,1,2004.0,5,8,0,-1,B01,1,0,2,4,1,5,4,PONT DE LAVERUNE (RUE DU),0.0,,2,2,2,2,1,1,5,1,50,adult
201900030875,23,5,2019,0 days 18:50:00,1,34,34172,2,2,1,3,GAMBETTA (COURS),"43,6065300","3,8721900",1,1,1,1974.0,4,1,0,-1,B01,0,0,2,1,1,5,4,GAMBETTA (COURS),0.0,,1,2,3,1,1,1,4,1,50,child
201900030875,23,5,2019,0 days 18:50:00,1,34,34172,2,2,1,3,GAMBETTA (COURS),"43,6065300","3,8721900",1,4,1,1995.0,5,8,0,-1,B01,0,0,2,1,1,5,4,GAMBETTA (COURS),0.0,,1,2,3,1,1,1,4,1,50,adult
201900030885,10,5,2019,0 days 18:25:00,1,34,34172,2,1,1,6,SAINT LOUIS (RUE),"43,6108300","3,8666400",3,4,2,1965.0,0,8,0,-1,A01,0,0,1,2,1,5,4,SAINT LOUIS (RUE),0.0,,1,1,0,1,1,1,0,1,50,child
201900030885,10,5,2019,0 days 18:25:00,1,34,34172,2,1,1,6,SAINT LOUIS (RUE),"43,6108300","3,8666400",1,1,1,1993.0,0,8,0,-1,A01,0,0,1,2,1,5,4,SAINT LOUIS (RUE),0.0,,1,1,0,1,1,1,0,1,50,adult
201900030907,29,5,2019,0 days 18:55:00,1,33,33249,2,3,1,2,RUE MICHEL MONTAIGNE,"44,8722500"," -0,5161500",1,1,2,1985.0,0,8,0,-1,B01,0,0,2,0,1,5,4,RUE MICHEL MONTAIGNE,0.0,,2,2,0,1,1,1,0,1,30,child
201900030907,29,5,2019,0 days 18:55:00,1,33,33249,2,3,1,2,RUE MICHEL MONTAIGNE,"44,8722500"," -0,5161500",1,4,1,2010.0,0,8,0,-1,B01,0,0,2,0,1,5,4,RUE MICHEL MONTAIGNE,0.0,,2,2,0,1,1,1,0,1,30,adult
201900030910,28,5,2019,0 days 22:00:00,5,33,33063,2,2,1,3,PASTEUR CAUD (RUE ),"44,8468910"," -0,6291470",1,1,2,1944.0,5,1,0,-1,B01,0,0,2,1,1,5,4,PASTEUR CAUD (RUE ),0.0,,2,2,0,1,1,1,0,1,50,child
201900030910,28,5,2019,0 days 22:00:00,5,33,33063,2,2,1,3,PASTEUR CAUD (RUE ),"44,8468910"," -0,6291470",1,3,1,1986.0,5,8,0,-1,B01,0,0,2,1,1,5,4,PASTEUR CAUD (RUE ),0.0,,2,2,0,1,1,1,0,1,50,adult
201900030922,12,7,2019,0 days 08:00:00,1,33,33063,2,1,1,3,QUAI DE BRAZZA,"44,8576400"," -0,5468000",1,1,1,1963.0,4,1,8,-1,A01,1,0,2,8,1,5,4,QUAI DE BRAZZA,0.0,,3,6,-1,1,1,1,0,1,50,child
201900030922,12,7,2019,0 days 08:00:00,1,33,33063,2,1,1,3,QUAI DE BRAZZA,"44,8576400"," -0,5468000",1,4,2,1990.0,1,8,0,-1,A01,1,0,2,8,1,5,4,QUAI DE BRAZZA,0.0,,3,6,-1,1,1,1,0,1,50,adult
201900030946,30,4,2019,0 days 17:47:00,1,33,33063,2,3,1,3,QUAI DES CHARTRONS,"44,8555400"," -0,5638100",1,3,2,1966.0,0,8,0,-1,A01,1,0,4,7,19,5,4,QUAI DES CHARTRONS,0.0,,2,7,0,1,2,1,4,6,50,child
201900030946,30,4,2019,0 days 17:47:00,1,33,33063,2,3,1,3,QUAI DES CHARTRONS,"44,8555400"," -0,5638100",1,1,1,1989.0,4,8,8,-1,A01,1,0,4,7,19,5,4,QUAI DES CHARTRONS,0.0,,2,7,0,1,2,1,4,6,50,adult
201900030956,20,4,2019,0 days 15:40:00,1,33,33063,2,1,1,3,QUAI RICHELIEU,"44,8389600"," -0,5676800",1,3,1,1950.0,5,8,0,-1,B01,1,0,2,3,11,5,4,QUAI RICHELIEU,0.0,,3,9,1,1,1,1,0,1,50,child
201900030956,20,4,2019,0 days 15:40:00,1,33,33063,2,1,1,3,QUAI RICHELIEU,"44,8389600"," -0,5676800",1,1,1,2000.0,0,8,0,-1,B01,1,0,2,3,11,5,4,QUAI RICHELIEU,0.0,,3,9,1,1,1,1,0,1,50,adult
201900030976,23,5,2019,0 days 14:10:00,1,31,31555,2,1,1,3,Allée Serge RAVANEL,"43,5927600","1,4526100",1,4,2,1942.0,0,2,0,-1,A01,2,0,2,8,19,0,4,Allée Serge RAVANEL,0.0,,1,2,0,1,1,1,0,1,50,child
201900030976,23,5,2019,0 days 14:10:00,1,31,31555,2,1,1,3,Allée Serge RAVANEL,"43,5927600","1,4526100",1,4,1,1964.0,0,2,0,-1,A01,2,0,2,8,19,0,4,Allée Serge RAVANEL,0.0,,1,2,0,1,1,1,0,1,50,adult
201900030982,19,5,2019,0 days 13:40:00,1,31,31555,2,1,1,3,LYON (AV DE) DU 1AU 37,"43,6160400","1,4532000",1,4,1,1968.0,5,8,0,-1,B01,1,0,2,1,1,5,3,188,0.0,,2,2,0,1,1,1,0,1,30,child
201900030982,19,5,2019,0 days 13:40:00,1,31,31555,2,1,1,3,LYON (AV DE) DU 1AU 37,"43,6160400","1,4532000",1,1,1,1994.0,9,1,8,-1,B01,1,0,2,1,1,5,3,188,0.0,,2,2,0,1,1,1,0,1,30,adult
201900031032,9,11,2019,0 days 12:00:00,1,75,75109,2,4,1,6,RUE DU FAUBOURG MONTMARTRE,"48,8766588","2,3394497",3,4,2,1936.0,0,0,8,-1,A01,2,0,1,1,1,5,4,RUE DU FAUBOURG MONTMARTRE,0.0,,1,2,-1,2,2,1,0,1,30,child
201900031032,9,11,2019,0 days 12:00:00,1,75,75109,2,4,1,6,RUE DU FAUBOURG MONTMARTRE,"48,8766588","2,3394497",1,1,1,1999.0,0,8,2,-1,A01,2,0,1,1,1,5,4,RUE DU FAUBOURG MONTMARTRE,0.0,,1,2,-1,2,2,1,0,1,30,adult
201900031039,27,10,2019,0 days 09:15:00,1,17,17442,1,1,1,3,Route de Saintonge,"45,6280960"," -0,7782450",1,3,1,1955.0,5,2,-1,-1,B01,2,0,2,8,1,5,3,114,,,2,2,0,1,1,1,0,1,80,child
201900031039,27,10,2019,0 days 09:15:00,1,17,17442,1,1,1,3,Route de Saintonge,"45,6280960"," -0,7782450",1,1,1,1985.0,1,1,-1,-1,B01,2,0,2,8,1,5,3,114,,,2,2,0,1,1,1,0,1,80,adult
201900031053,11,11,2019,0 days 16:45:00,1,42,42325,1,1,1,6,D42,"45,9370950","4,1352690",1,3,1,1969.0,5,2,4,-1,A01,1,0,1,1,2,0,3,42,0.0,,2,2,0,2,2,9,0,1,50,child
201900031053,11,11,2019,0 days 16:45:00,1,42,42325,1,1,1,6,D42,"45,9370950","4,1352690",3,3,1,2006.0,5,0,-1,-1,A01,1,0,1,1,2,0,3,42,0.0,,2,2,0,2,2,9,0,1,50,adult
201900031077,11,11,2019,0 days 14:50:00,1,22,22198,2,6,8,3,D21,"48,7733877"," -3,5203692",1,1,1,1932.0,0,1,-1,-1,B01,1,0,2,4,1,5,3,21,,,2,2,0,1,1,1,0,1,50,child
201900031077,11,11,2019,0 days 14:50:00,1,22,22198,2,6,8,3,D21,"48,7733877"," -3,5203692",1,2,1,2003.0,5,2,-1,-1,B01,1,0,2,4,1,5,3,21,,,2,2,0,1,1,1,0,1,50,adult
201900031107,9,11,2019,0 days 09:35:00,1,72,72181,2,1,1,3,GENDEBIEN OLIVIER (RUE),"47,9605000","0,1972400",1,4,1,1943.0,5,8,0,-1,B01,1,0,2,1,1,5,4,GENDEBIEN OLIVIER (RUE),0.0,,2,2,0,2,1,1,0,1,30,child
201900031107,9,11,2019,0 days 09:35:00,1,72,72181,2,1,1,3,GENDEBIEN OLIVIER (RUE),"47,9605000","0,1972400",1,1,1,1970.0,5,1,0,-1,B01,1,0,2,1,1,5,4,GENDEBIEN OLIVIER (RUE),0.0,,2,2,0,2,1,1,0,1,30,adult
201900031149,9,11,2019,0 days 11:20:00,1,93,93029,2,2,1,3,JACQUELINE QUATREMAIRE,"48,9191900","2,4605300",1,1,2,1971.0,5,1,0,-1,B01,0,0,2,2,19,5,4,JACQUELINE QUATREMAIRE,0.0,,2,2,0,1,1,1,0,2,50,child
201900031149,9,11,2019,0 days 11:20:00,1,93,93029,2,2,1,3,JACQUELINE QUATREMAIRE,"48,9191900","2,4605300",1,4,1,2007.0,5,8,0,-1,B01,0,0,2,2,19,5,4,JACQUELINE QUATREMAIRE,0.0,,2,2,0,1,1,1,0,2,50,adult
201900031165,9,11,2019,0 days 14:45:00,1,68,68088,1,6,1,3,route départementale D429,"47,8480560","7,2788890",1,3,1,1954.0,0,0,-1,-1,B01,1,0,2,1,1,5,3,429,0.0,,2,2,0,1,1,1,0,1,80,child
201900031165,9,11,2019,0 days 14:45:00,1,68,68088,1,6,1,3,route départementale D429,"47,8480560","7,2788890",1,1,2,1991.0,0,1,-1,-1,B01,1,0,2,1,1,5,3,429,0.0,,2,2,0,1,1,1,0,1,80,adult
201900031255,16,12,2019,0 days 07:00:00,5,74,74268,2,4,1,1,Route de Sacconges,"45,8843850","6,1087250",1,1,2,1964.0,1,1,-1,-1,B01,1,0,2,1,1,0,3,05,0.0, -,3,2,1,2,1,1,0,5,50,child
201900031255,16,12,2019,0 days 07:00:00,5,74,74268,2,4,1,1,Route de Sacconges,"45,8843850","6,1087250",1,4,1,1988.0,1,0,-1,-1,B01,1,0,2,1,1,0,3,05,0.0, -,3,2,1,2,1,1,0,5,50,adult
201900031271,19,12,2019,0 days 08:40:00,2,29,29046,1,6,2,3,Route de Quimper,"48,0757690"," -4,3117580",1,1,2,1950.0,0,1,-1,-1,B01,2,0,0,7,2,6,3,765,,D,1,1,0,1,2,2,0,1,70,child
201900031271,19,12,2019,0 days 08:40:00,2,29,29046,1,6,2,3,Route de Quimper,"48,0757690"," -4,3117580",1,4,2,1995.0,0,0,-1,-1,B01,2,0,0,7,2,6,3,765,,D,1,1,0,1,2,2,0,1,70,adult
201900031296,16,12,2019,0 days 07:30:00,5,75,75117,2,7,3,3,BOULEVARD BERTHIER,"48,8873230","2,2978860",1,1,2,1963.0,1,1,0,-1,B01,1,0,2,7,7,5,4,PLACE PAUL LEAUTAUD,0.0,,1,2,3,1,1,2,0,6,50,child
201900031296,16,12,2019,0 days 07:30:00,5,75,75117,2,7,3,3,BOULEVARD BERTHIER,"48,8873230","2,2978860",1,4,2,1988.0,1,8,2,-1,B01,1,0,2,7,7,5,4,PLACE PAUL LEAUTAUD,0.0,,1,2,3,1,1,2,0,6,50,adult
201900031373,17,12,2019,0 days 17:35:00,3,17,17385,2,3,2,3,Route des Allées,"45,9366690"," -1,3037690",1,1,1,1982.0,5,1,-1,-1,B01,0,0,2,7,15,0,4,route des allées,,,2,2,0,1,1,2,0,1,50,child
201900031373,17,12,2019,0 days 17:35:00,3,17,17385,2,3,2,3,Route des Allées,"45,9366690"," -1,3037690",1,3,1,2010.0,5,2,-1,-1,B01,0,0,2,7,15,0,4,route des allées,,,2,2,0,1,1,2,0,1,50,adult
201900031419,28,8,2019,0 days 16:00:00,1,74,74010,2,1,1,1,Route de Quintal,"45,8565060","6,0890800",1,3,1,1962.0,5,2,-1,-1,B01,0,0,2,1,1,1,3,5,0.0,,2,2,1,2,2,1,0,1,50,child
201900031419,28,8,2019,0 days 16:00:00,1,74,74010,2,1,1,1,Route de Quintal,"45,8565060","6,0890800",1,1,2,1984.0,5,8,-1,-1,B01,0,0,2,1,1,1,3,5,0.0,,2,2,1,2,2,1,0,1,50,adult
201900031467,5,10,2019,0 days 17:10:00,1,74,74012,2,1,1,3,BUCHILLONS (AVENUE DES),"46,1982300","6,2644300",1,1,1,1975.0,0,1,0,-1,B01,3,0,2,3,15,5,4,BUCHILLONS (AVENUE DES),0.0,,2,2,0,2,1,1,0,1,50,child
201900031467,5,10,2019,0 days 17:10:00,1,74,74012,2,1,1,3,BUCHILLONS (AVENUE DES),"46,1982300","6,2644300",1,4,1,2001.0,9,8,0,-1,B01,3,0,2,3,15,5,4,BUCHILLONS (AVENUE DES),0.0,,2,2,0,2,1,1,0,1,50,adult
201900031477,5,10,2019,0 days 11:00:00,1,44,44109,2,6,1,3,CANCLAUX ( PLACE ) RUE ALFRED RIOM,"47,2142100"," -1,5741300",1,2,1,1953.0,3,0,0,-1,B01,0,0,2,8,1,5,4,,0.0,,1,0,0,1,2,1,0,1,30,child
201900031477,5,10,2019,0 days 11:00:00,1,44,44109,2,6,1,3,CANCLAUX ( PLACE ) RUE ALFRED RIOM,"47,2142100"," -1,5741300",1,1,2,1990.0,3,1,0,-1,B01,0,0,2,8,1,5,4,,0.0,,1,0,0,1,2,1,0,1,30,adult
201900031494,3,10,2019,0 days 14:10:00,1,7,07281,2,1,1,3,TREMOLETS (RUE DES),"44,9379600","4,8630600",1,4,2,1950.0,5,8,0,-1,B01,3,0,2,7,1,5,4,TREMOLETS (RUE DES),0.0,,2,2,1,1,1,1,0,1,50,child
201900031494,3,10,2019,0 days 14:10:00,1,7,07281,2,1,1,3,TREMOLETS (RUE DES),"44,9379600","4,8630600",1,1,1,1992.0,1,1,0,-1,B01,3,0,2,7,1,5,4,TREMOLETS (RUE DES),0.0,,2,2,1,1,1,1,0,1,50,adult
201900031539,2,10,2019,0 days 18:00:00,2,74,74010,2,1,1,1,Route de Geneve (Pringy),"45,9467840","6,1210580",1,4,1,1974.0,0,2,-1,-1,B01,1,0,9,1,1,5,3,1201,,,2,2,1,1,2,2,0,5,-1,child
201900031539,2,10,2019,0 days 18:00:00,2,74,74010,2,1,1,1,Route de Geneve (Pringy),"45,9467840","6,1210580",1,1,1,2001.0,0,0,-1,-1,B01,1,0,9,1,1,5,3,1201,,,2,2,1,1,2,2,0,5,-1,adult
201900031559,13,9,2019,0 days 11:45:00,1,47,47054,2,6,7,3,Rue du 11 Novembre 1918,"44,3975670","0,4950290",1,1,1,1931.0,3,1,-1,-1,A01,0,0,0,5,15,5,3,13,,,2,2,0,1,1,1,5,1,50,child
201900031559,13,9,2019,0 days 11:45:00,1,47,47054,2,6,7,3,Rue du 11 Novembre 1918,"44,3975670","0,4950290",1,3,1,1959.0,5,2,6,-1,A01,0,0,0,5,15,5,3,13,,,2,2,0,1,1,1,5,1,50,adult
201900031560,5,10,2019,0 days 14:35:00,1,47,47051,1,2,8,3,"D813, La Gravette","44,1729970","0,6912390",1,1,1,1972.0,3,1,-1,-1,A01,1,0,2,8,13,5,3,813,,,2,2,0,3,1,1,0,1,70,child
201900031560,5,10,2019,0 days 14:35:00,1,47,47051,1,2,8,3,"D813, La Gravette","44,1729970","0,6912390",1,3,1,2003.0,5,0,-1,-1,A01,1,0,2,8,13,5,3,813,,,2,2,0,3,1,1,0,1,70,adult
201900031637,22,1,2019,0 days 13:40:00,1,66,66136,2,1,1,3,ARGELES SUR MER AVENUE D',"42,6812000","2,9105900",1,1,1,1949.0,5,1,8,-1,B01,0,0,2,1,1,5,4,ARGELES SUR MER AVENUE D',0.0,,2,2,0,1,2,1,5,1,50,child
201900031637,22,1,2019,0 days 13:40:00,1,66,66136,2,1,1,3,ARGELES SUR MER AVENUE D',"42,6812000","2,9105900",1,4,2,1991.0,0,8,0,-1,B01,0,0,2,1,1,5,4,ARGELES SUR MER AVENUE D',0.0,,2,2,0,1,2,1,5,1,50,adult
201900031639,20,1,2019,0 days 20:30:00,4,62,62270,2,1,8,3,REPUBLIQUE (RUE DE LA),"50,4792200","2,4795300",1,1,1,1964.0,5,1,8,-1,B01,3,0,2,1,1,5,4,REPUBLIQUE (RUE DE LA),0.0,,2,2,0,2,1,1,0,1,50,child
201900031639,20,1,2019,0 days 20:30:00,4,62,62270,2,1,8,3,REPUBLIQUE (RUE DE LA),"50,4792200","2,4795300",2,1,1,1973.0,5,1,0,-1,B01,3,0,2,1,1,5,4,REPUBLIQUE (RUE DE LA),0.0,,2,2,0,2,1,1,0,1,50,adult
201900031639,20,1,2019,0 days 20:30:00,4,62,62270,2,1,8,3,REPUBLIQUE (RUE DE LA),"50,4792200","2,4795300",1,3,1,2001.0,0,8,0,-1,B01,3,0,2,1,1,5,4,REPUBLIQUE (RUE DE LA),0.0,,2,2,0,2,1,1,0,1,50,adult
201900031668,22,1,2019,0 days 09:05:00,1,31,31555,2,6,1,3,ROND POINT JEROME PUGENS,"43,5894500","1,4787900",1,1,1,1940.0,5,1,8,-1,B01,1,0,2,7,1,5,4,ROND POINT JEROME PUGENS,0.0,,1,1,0,1,2,1,0,1,50,child
201900031668,22,1,2019,0 days 09:05:00,1,31,31555,2,6,1,3,ROND POINT JEROME PUGENS,"43,5894500","1,4787900",1,4,1,1988.0,9,2,8,-1,B01,1,0,2,7,1,5,4,ROND POINT JEROME PUGENS,0.0,,1,1,0,1,2,1,0,1,50,adult
201900031754,25,6,2019,0 days 21:10:00,2,44,44162,2,1,1,3,RUE DE LA JOHARDIERE,"47,2272400"," -1,6510200",1,3,1,1936.0,9,8,0,-1,B01,1,0,2,1,1,0,4,,0.0,,2,0,1,1,1,1,0,1,50,child
201900031754,25,6,2019,0 days 21:10:00,2,44,44162,2,1,1,3,RUE DE LA JOHARDIERE,"47,2272400"," -1,6510200",1,1,1,1973.0,1,1,0,-1,B01,1,0,2,1,1,0,4,,0.0,,2,0,1,1,1,1,0,1,50,adult
201900031762,24,6,2019,0 days 18:00:00,1,31,31555,2,1,1,3,RUE DU PONT GUILHEMERY,"43,6017600","1,4580700",1,4,1,1940.0,5,2,0,-1,B01,2,0,2,1,8,5,3,126,0.0,,2,4,3,2,2,1,0,1,50,child