Num_Acc,jour,mois,an,hrmn,lum,dep,com,agg,int,atm,col,adr,lat,long,catu,grav,sexe,an_nais,trajet,secu1,secu2,secu3,num_veh_y,senc,obs,obsm,choc,manv,motor,catr,voie,v1,v2,circ,nbv,vosp,prof,plan,surf,infra,situ,vma,age
201900031762,24,6,2019,0 days 18:00:00,1,31,31555,2,1,1,3,RUE DU PONT GUILHEMERY,"43,6017600","1,4580700",1,1,2,1976.0,9,1,8,-1,B01,2,0,2,1,8,5,3,126,0.0,,2,4,3,2,2,1,0,1,50,adult
201900031775,25,6,2019,0 days 13:35:00,1,13,13204,2,1,1,3,ALEX. FLEMING (BOULEVARD),"43,3154100","5,4015500",1,1,1,1937.0,0,1,8,-1,B01,2,0,2,1,9,0,4,ALEX. FLEMING (BOULEVARD),0.0,,2,6,0,1,1,1,0,1,50,child
201900031775,25,6,2019,0 days 13:35:00,1,13,13204,2,1,1,3,ALEX. FLEMING (BOULEVARD),"43,3154100","5,4015500",1,4,1,1976.0,0,2,0,-1,B01,2,0,2,1,9,0,4,ALEX. FLEMING (BOULEVARD),0.0,,2,6,0,1,1,1,0,1,50,adult
201900031813,4,9,2019,0 days 08:00:00,1,92,92007,2,6,1,3,RAVERA (AVENUE HENRI) N° 92 A 106,"48,8098300","2,3174300",1,4,2,1937.0,9,8,0,-1,A01,1,0,2,8,14,0,3,128,0.0,,3,2,0,1,2,1,0,1,50,child
201900031813,4,9,2019,0 days 08:00:00,1,92,92007,2,6,1,3,RAVERA (AVENUE HENRI) N° 92 A 106,"48,8098300","2,3174300",1,1,1,1975.0,1,1,0,-1,A01,1,0,2,8,14,0,3,128,0.0,,3,2,0,1,2,1,0,1,50,adult
201900031814,25,6,2019,0 days 19:20:00,1,94,94046,2,1,1,6,PROFESSEUR CADIOT (AV DU),"48,8060388","2,4300433",1,1,2,1970.0,5,1,0,-1,B01,1,0,2,1,1,0,3,6,0.0,,2,4,0,1,1,1,0,1,50,child
201900031814,25,6,2019,0 days 19:20:00,1,94,94046,2,1,1,6,PROFESSEUR CADIOT (AV DU),"48,8060388","2,4300433",1,4,1,1993.0,5,2,0,-1,B01,1,0,2,1,1,0,3,6,0.0,,2,4,0,1,1,1,0,1,50,adult
201900031825,4,9,2019,0 days 17:45:00,1,74,74019,2,6,7,3,Route de Champ Moisi,"45,9399000","6,1442430",1,4,1,1934.0,0,0,-1,-1,B01,3,0,0,7,19,5,4,,,,2,2,1,1,1,1,0,6,50,child
201900031825,4,9,2019,0 days 17:45:00,1,74,74019,2,6,7,3,Route de Champ Moisi,"45,9399000","6,1442430",1,1,1,1980.0,1,2,6,-1,B01,3,0,0,7,19,5,4,,,,2,2,1,1,1,1,0,6,50,adult
201900031842,25,6,2019,0 days 15:50:00,1,92,92040,2,1,1,3,VICTOR CRESSON (AVENUE) DU 01 AU 27,"48,8232300","2,2702000",1,1,1,1978.0,4,1,0,-1,B01,1,0,2,3,13,0,3,989,0.0,,1,2,0,1,1,1,0,1,50,child
201900031842,25,6,2019,0 days 15:50:00,1,92,92040,2,1,1,3,VICTOR CRESSON (AVENUE) DU 01 AU 27,"48,8232300","2,2702000",1,4,1,2007.0,5,8,0,-1,B01,1,0,2,3,13,0,3,989,0.0,,1,2,0,1,1,1,0,1,50,adult
201900031864,4,9,2019,0 days 18:45:00,1,5,05010,2,1,1,3,Aiguebelle,"44,5253160","5,7723640",1,1,2,1974.0,4,1,-1,-1,B01,3,0,2,3,1,5,4,,,,2,2,0,3,4,1,0,1,50,child
201900031864,4,9,2019,0 days 18:45:00,1,5,05010,2,1,1,3,Aiguebelle,"44,5253160","5,7723640",1,3,1,2005.0,5,2,-1,-1,B01,3,0,2,3,1,5,4,,,,2,2,0,3,4,1,0,1,50,adult
201900031866,25,6,2019,0 days 15:00:00,1,76,76238,2,3,1,3,53 Rue Roger Cuvelier,"49,5630690","0,2339620",1,1,2,1960.0,4,1,-1,-1,B01,2,0,2,8,15,5,3,52,,,2,2,0,1,1,1,0,1,50,child
201900031866,25,6,2019,0 days 15:00:00,1,76,76238,2,3,1,3,53 Rue Roger Cuvelier,"49,5630690","0,2339620",1,4,1,2006.0,2,2,-1,-1,B01,2,0,2,8,15,5,3,52,,,2,2,0,1,1,1,0,1,50,adult
201900031906,4,9,2019,0 days 17:25:00,1,84,84138,1,1,1,2,Route de Richerenches,"44,3734680","4,9369510",1,3,1,1959.0,5,2,-1,-1,B01,1,0,2,4,1,5,3,18,0.0,,2,2,0,1,1,1,0,1,80,child
201900031906,4,9,2019,0 days 17:25:00,1,84,84138,1,1,1,2,Route de Richerenches,"44,3734680","4,9369510",1,1,1,1981.0,1,1,-1,-1,B01,1,0,2,4,1,5,3,18,0.0,,2,2,0,1,1,1,0,1,80,adult
201900032037,5,4,2019,0 days 18:00:00,1,44,44109,2,1,2,3,BOULEVARD JEAN MOULIN,"47,2061200"," -1,6014000",1,1,1,1961.0,4,8,0,-1,A01,0,0,-1,0,0,5,7,,0.0,,-1,0,3,1,1,1,0,1,50,child
201900032037,5,4,2019,0 days 18:00:00,1,44,44109,2,1,2,3,BOULEVARD JEAN MOULIN,"47,2061200"," -1,6014000",1,4,1,1996.0,4,8,0,-1,A01,0,0,-1,0,0,5,7,,0.0,,-1,0,3,1,1,1,0,1,50,adult
201900032063,24,6,2019,0 days 08:30:00,1,69,69276,2,3,1,1,BEAUREGARD (DE)                 CH,"45,6767000","4,8579300",1,1,1,1973.0,0,1,0,-1,A01,1,0,2,1,1,6,4,BEAUREGARD (DE)                 CH,0.0,,1,1,0,1,1,1,0,1,50,child
201900032063,24,6,2019,0 days 08:30:00,1,69,69276,2,3,1,1,BEAUREGARD (DE)                 CH,"45,6767000","4,8579300",1,4,1,2001.0,0,8,0,-1,A01,1,0,2,1,1,6,4,BEAUREGARD (DE)                 CH,0.0,,1,1,0,1,1,1,0,1,50,adult
201900032118,6,3,2019,0 days 17:55:00,2,3,03072,2,1,8,3,,"46,4831668","2,5258305",1,1,1,1976.0,0,1,-1,-1,B01,1,0,0,0,19,5,3,40,0.0,,2,2,0,1,1,2,0,1,50,child
201900032118,6,3,2019,0 days 17:55:00,2,3,03072,2,1,8,3,,"46,4831668","2,5258305",1,4,1,2014.0,5,0,-1,-1,B01,1,0,0,0,19,5,3,40,0.0,,2,2,0,1,1,2,0,1,50,adult
201900032178,7,3,2019,0 days 18:00:00,2,69,69033,1,1,1,2,RD 85,"45,8622500","4,8935800",1,4,1,1938.0,5,2,-1,-1,B01,2,0,2,4,1,5,3,85,,,2,2,1,1,1,1,0,5,80,child
201900032178,7,3,2019,0 days 18:00:00,2,69,69033,1,1,1,2,RD 85,"45,8622500","4,8935800",1,1,1,1991.0,4,1,-1,-1,B01,2,0,2,4,1,5,3,85,,,2,2,1,1,1,1,0,5,80,adult
201900032215,12,4,2019,0 days 16:30:00,1,74,74042,2,2,1,1,avenue de la roche Parnale,"46,0784436","6,4007643",1,3,1,1958.0,5,2,-1,-1,B01,1,0,2,7,15,5,4,,,,2,2,2,1,1,1,0,1,50,child
201900032215,12,4,2019,0 days 16:30:00,1,74,74042,2,2,1,1,avenue de la roche Parnale,"46,0784436","6,4007643",1,1,1,1992.0,0,8,-1,-1,B01,1,0,2,7,15,5,4,,,,2,2,2,1,1,1,0,1,50,adult
201900032234,13,4,2019,0 days 11:30:00,1,29,29022,2,6,1,3,rue de la gare,"48,2723490"," -4,5956590",1,1,1,1944.0,5,1,-1,-1,B01,1,0,2,7,1,5,3,8,0.0,,2,2,0,1,2,1,0,1,50,child
201900032234,13,4,2019,0 days 11:30:00,1,29,29022,2,6,1,3,rue de la gare,"48,2723490"," -4,5956590",1,4,1,1967.0,5,2,-1,-1,B01,1,0,2,7,1,5,3,8,0.0,,2,2,0,1,2,1,0,1,50,adult
201900032362,4,3,2019,0 days 07:35:00,1,974,97416,2,3,1,2,PRESBYTERE (RUE DU)," -21,3353800","55,4745800",1,1,1,1936.0,5,1,8,-1,A01,1,0,2,1,11,5,4,PRESBYTERE (RUE DU),0.0,,1,1,0,2,1,1,0,1,50,child
201900032362,4,3,2019,0 days 07:35:00,1,974,97416,2,3,1,2,PRESBYTERE (RUE DU)," -21,3353800","55,4745800",1,3,1,2005.0,5,2,0,-1,A01,1,0,2,1,11,5,4,PRESBYTERE (RUE DU),0.0,,1,1,0,2,1,1,0,1,50,adult
201900032382,10,4,2019,0 days 12:50:00,1,69,69383,2,2,1,3,PAUL BERT                           (R ),"45,7570400","4,8585900",1,1,2,1951.0,0,1,0,-1,B01,1,0,2,8,0,0,4,PAUL BERT                           (R ),0.0,,2,3,1,1,1,1,0,1,50,child
201900032382,10,4,2019,0 days 12:50:00,1,69,69383,2,2,1,3,PAUL BERT                           (R ),"45,7570400","4,8585900",1,4,1,1988.0,0,8,0,-1,B01,1,0,2,8,0,0,4,PAUL BERT                           (R ),0.0,,2,3,1,1,1,1,0,1,50,adult
201900032399,10,4,2019,0 days 14:15:00,1,65,65440,2,6,1,3,HOPITAL (ROND POINT DE L'),"43,2213000","0,0582500",1,3,2,1950.0,3,8,0,-1,B01,2,0,2,1,1,5,2,21,0.0,,1,1,0,1,3,1,9,1,50,child
201900032399,10,4,2019,0 days 14:15:00,1,65,65440,2,6,1,3,HOPITAL (ROND POINT DE L'),"43,2213000","0,0582500",1,1,2,1979.0,1,1,0,-1,B01,2,0,2,1,1,5,2,21,0.0,,1,1,0,1,3,1,9,1,50,adult
201900032414,10,4,2019,0 days 13:00:00,1,45,45235,2,1,1,3,RUE DES CHATAIGNIERS,"47,9509852","1,8431068",1,1,1,1950.0,4,1,0,-1,A01,3,0,2,8,26,6,4,RUE DES CHATAIGNIERS,0.0,,2,2,0,1,1,1,0,1,50,child
201900032414,10,4,2019,0 days 13:00:00,1,45,45235,2,1,1,3,RUE DES CHATAIGNIERS,"47,9509852","1,8431068",1,4,1,1972.0,1,2,0,-1,A01,3,0,2,8,26,6,4,RUE DES CHATAIGNIERS,0.0,,2,2,0,1,1,1,0,1,50,adult
201900032482,25,7,2019,0 days 07:49:00,1,43,43038,1,3,7,3,RN102 Barliéres,"45,3486160","3,3419870",1,3,1,1960.0,0,0,-1,-1,B01,2,0,2,1,1,5,2,102,0.0,,2,2,0,1,1,1,0,1,80,child
201900032482,25,7,2019,0 days 07:49:00,1,43,43038,1,3,7,3,RN102 Barliéres,"45,3486160","3,3419870",1,1,1,1987.0,0,1,-1,-1,B01,2,0,2,1,1,5,2,102,0.0,,2,2,0,1,1,1,0,1,80,adult
201900032526,28,7,2019,0 days 04:10:00,3,988,98814,1,1,8,6,RM3," -20,7778900","167,1284600",3,2,1,1954.0,5,0,-1,-1,A01,3,0,1,1,1,5,4,3,,,2,2,0,2,3,1,0,1,90,child
201900032526,28,7,2019,0 days 04:10:00,3,988,98814,1,1,8,6,RM3," -20,7778900","167,1284600",1,4,1,1996.0,5,0,-1,-1,A01,3,0,1,1,1,5,4,3,,,2,2,0,2,3,1,0,1,90,adult
201900032533,24,7,2019,0 days 12:17:00,1,13,13081,1,6,1,2,RD20,"43,5043580","5,2207080",1,4,1,1959.0,5,2,-1,-1,B01,2,0,2,4,1,5,3,20,,,1,1,0,1,2,1,0,1,80,child
201900032533,24,7,2019,0 days 12:17:00,1,13,13081,1,6,1,2,RD20,"43,5043580","5,2207080",1,1,2,1984.0,0,1,-1,-1,B01,2,0,2,4,1,5,3,20,,,1,1,0,1,2,1,0,1,80,adult
201900032544,27,7,2019,0 days 14:20:00,1,63,63077,1,1,2,1,D 996,"45,5740651","2,8861494",1,3,1,1980.0,5,2,-1,-1,B01,2,0,2,1,1,5,3,996,,,2,2,0,2,3,2,0,1,80,child
201900032544,27,7,2019,0 days 14:20:00,1,63,63077,1,1,2,1,D 996,"45,5740651","2,8861494",1,4,1,2001.0,1,1,5,-1,B01,2,0,2,1,1,5,3,996,,,2,2,0,2,3,2,0,1,80,adult
201900032627,23,7,2019,0 days 17:30:00,1,72,72181,1,1,1,3,MAC JEAN (AV) N° IMP 107 ET plus,"47,9790200","0,2255200",1,1,1,1942.0,5,1,-1,-1,B01,2,0,2,8,1,5,4,MAC JEAN (AV) N° IMP 107 ET plus,0.0,,2,2,2,1,1,1,0,1,50,child
201900032627,23,7,2019,0 days 17:30:00,1,72,72181,1,1,1,3,MAC JEAN (AV) N° IMP 107 ET plus,"47,9790200","0,2255200",1,4,1,1989.0,0,8,0,-1,B01,2,0,2,8,1,5,4,MAC JEAN (AV) N° IMP 107 ET plus,0.0,,2,2,2,1,1,1,0,1,50,adult
201900032631,23,7,2019,0 days 15:30:00,1,67,67482,2,1,1,5,RHIN (AVENUE DU),"48,5695960","7,7804700",1,1,1,1961.0,5,8,0,-1,C01,2,0,2,6,19,5,4,RHIN (AVENUE DU),0.0,,2,4,0,1,1,1,0,1,50,child
201900032631,23,7,2019,0 days 15:30:00,1,67,67482,2,1,1,5,RHIN (AVENUE DU),"48,5695960","7,7804700",1,4,1,1987.0,5,8,0,-1,C01,2,0,2,6,19,5,4,RHIN (AVENUE DU),0.0,,2,4,0,1,1,1,0,1,50,adult
201900032631,23,7,2019,0 days 15:30:00,1,67,67482,2,1,1,5,RHIN (AVENUE DU),"48,5695960","7,7804700",1,4,1,1990.0,0,1,8,-1,C01,2,0,2,6,19,5,4,RHIN (AVENUE DU),0.0,,2,4,0,1,1,1,0,1,50,adult
201900032646,24,7,2019,0 days 07:05:00,1,35,35278,2,6,1,3,CHESNAIS BEAUREGARD (RUE DU),"48,1374620"," -1,6864830",1,1,1,1965.0,1,1,8,-1,B01,3,0,2,3,1,5,4,CHESNAIS BEAUREGARD (RUE DU),0.0,,-1,1,0,1,1,1,0,1,50,child
201900032646,24,7,2019,0 days 07:05:00,1,35,35278,2,6,1,3,CHESNAIS BEAUREGARD (RUE DU),"48,1374620"," -1,6864830",1,4,1,1992.0,1,2,0,-1,B01,3,0,2,3,1,5,4,CHESNAIS BEAUREGARD (RUE DU),0.0,,-1,1,0,1,1,1,0,1,50,adult
201900032700,16,5,2019,0 days 12:25:00,1,26,26058,2,1,1,2,LYON AVENUE DE,"44,9500600","4,8920600",1,3,1,1979.0,1,2,-1,-1,B01,3,0,2,4,1,5,4,LYON AVENUE DE,0.0,,2,-1,-1,1,1,1,0,1,50,child
201900032700,16,5,2019,0 days 12:25:00,1,26,26058,2,1,1,2,LYON AVENUE DE,"44,9500600","4,8920600",1,1,2,2000.0,1,1,0,-1,B01,3,0,2,4,1,5,4,LYON AVENUE DE,0.0,,2,-1,-1,1,1,1,0,1,50,adult
201900032713,4,5,2019,0 days 11:46:00,1,25,25462,2,1,8,6,SALINS DE (DU 0 AU 15),"46,9057500","6,3497800",3,4,1,1959.0,0,8,0,-1,A01,3,0,1,1,25,5,4,SALINS DE (DU 0 AU 15),0.0,,1,2,0,1,1,2,6,1,50,child
201900032713,4,5,2019,0 days 11:46:00,1,25,25462,2,1,8,6,SALINS DE (DU 0 AU 15),"46,9057500","6,3497800",1,1,1,1987.0,0,2,0,-1,A01,3,0,1,1,25,5,4,SALINS DE (DU 0 AU 15),0.0,,1,2,0,1,1,2,6,1,50,adult
201900032717,20,5,2019,0 days 23:13:00,5,25,25056,2,2,8,3,CHURCHILL BD WINSTON (sup19),"47,2463400","5,9980800",1,1,2,1960.0,1,1,8,-1,A01,2,0,2,1,26,5,4,CHURCHILL BD WINSTON (sup19),0.0,,2,4,0,1,1,1,5,1,50,child
201900032717,20,5,2019,0 days 23:13:00,5,25,25056,2,2,8,3,CHURCHILL BD WINSTON (sup19),"47,2463400","5,9980800",1,4,1,2001.0,5,8,0,-1,A01,2,0,2,1,26,5,4,CHURCHILL BD WINSTON (sup19),0.0,,2,4,0,1,1,1,5,1,50,adult
201900032764,30,4,2019,0 days 19:30:00,1,17,17380,2,1,1,2,VERDUN (74 AVENUE DE),"45,6586340"," -1,0758270",1,3,2,1954.0,5,8,0,-1,B01,2,0,0,4,15,5,4,VERDUN (AVENUE DE),0.0,,-1,2,0,1,1,1,0,1,50,child
201900032764,30,4,2019,0 days 19:30:00,1,17,17380,2,1,1,2,VERDUN (74 AVENUE DE),"45,6586340"," -1,0758270",1,1,2,1996.0,1,1,0,-1,B01,2,0,0,4,15,5,4,VERDUN (AVENUE DE),0.0,,-1,2,0,1,1,1,0,1,50,adult
201900032783,2,5,2019,0 days 17:00:00,1,17,17300,2,3,1,3,CHAUDRIER   RUE,"46,1627600"," -1,1523900",1,1,1,1942.0,5,1,8,-1,A01,1,0,2,1,1,5,4,CHAUDRIER   RUE,0.0,,2,2,3,1,1,1,0,1,30,child
201900032783,2,5,2019,0 days 17:00:00,1,17,17300,2,3,1,3,CHAUDRIER   RUE,"46,1627600"," -1,1523900",1,4,1,2003.0,2,2,8,-1,A01,1,0,2,1,1,5,4,CHAUDRIER   RUE,0.0,,2,2,3,1,1,1,0,1,30,adult
201900032799,27,5,2019,0 days 18:35:00,1,14,14118,2,1,1,3,VENDEUVRE (QUAI),"49,1830300"," -0,3557900",1,1,1,1963.0,-1,1,-1,-1,D01,2,0,2,9,1,5,4,,,,2,-1,-1,1,1,1,0,1,-1,child
201900032799,27,5,2019,0 days 18:35:00,1,14,14118,2,1,1,3,VENDEUVRE (QUAI),"49,1830300"," -0,3557900",1,3,1,2000.0,-1,0,-1,-1,D01,2,0,2,9,1,5,4,,,,2,-1,-1,1,1,1,0,1,-1,adult
201900032859,4,11,2019,0 days 13:00:00,1,63,63113,2,1,1,6,PREVOST (RUE ABBE),"45,7933884","3,0842028",1,1,2,1963.0,0,1,0,-1,B01,1,0,2,1,1,5,4,PREVOST (RUE ABBE),0.0,,2,2,0,1,1,2,0,1,50,child
201900032859,4,11,2019,0 days 13:00:00,1,63,63113,2,1,1,6,PREVOST (RUE ABBE),"45,7933884","3,0842028",1,4,1,2000.0,0,8,0,-1,B01,1,0,2,1,1,5,4,PREVOST (RUE ABBE),0.0,,2,2,0,1,1,2,0,1,50,adult
201900032889,14,12,2019,0 days 17:40:00,3,4,04197,1,4,1,2,RD 4096 / Vieux ch de Manosque,"43,8028210","5,7784700",2,1,2,1940.0,5,1,-1,-1,A01,1,0,2,4,15,5,3,4096,0.0,,2,2,0,1,1,1,0,1,80,child
201900032889,14,12,2019,0 days 17:40:00,3,4,04197,1,4,1,2,RD 4096 / Vieux ch de Manosque,"43,8028210","5,7784700",1,1,1,1948.0,5,1,-1,-1,A01,1,0,2,4,15,5,3,4096,0.0,,2,2,0,1,1,1,0,1,80,adult
201900032889,14,12,2019,0 days 17:40:00,3,4,04197,1,4,1,2,RD 4096 / Vieux ch de Manosque,"43,8028210","5,7784700",1,4,1,1996.0,5,0,-1,-1,A01,1,0,2,4,15,5,3,4096,0.0,,2,2,0,1,1,1,0,1,80,adult
201900032934,8,11,2019,0 days 20:20:00,5,64,64445,2,1,2,6,RESISTANCE,"43,3025000"," -0,3752800",1,1,1,1950.0,9,1,8,-1,A01,2,0,2,1,15,5,4,RESISTANCE,0.0,,2,2,0,1,1,2,0,1,50,child
201900032934,8,11,2019,0 days 20:20:00,5,64,64445,2,1,2,6,RESISTANCE,"43,3025000"," -0,3752800",1,4,2,1992.0,9,8,8,-1,A01,2,0,2,1,15,5,4,RESISTANCE,0.0,,2,2,0,1,1,2,0,1,50,adult
201900032990,15,12,2019,0 days 15:17:00,1,30,30189,2,1,1,3,ALLENDE SALVADOR (RUE),"43,8485053","4,3988358",1,1,1,1942.0,3,8,0,-1,B01,2,0,2,6,12,5,4,ALLENDE SALVADOR (RUE),0.0,,1,2,0,2,1,1,0,1,50,child
201900032990,15,12,2019,0 days 15:17:00,1,30,30189,2,1,1,3,ALLENDE SALVADOR (RUE),"43,8485053","4,3988358",1,4,1,1969.0,5,8,0,-1,B01,2,0,2,6,12,5,4,ALLENDE SALVADOR (RUE),0.0,,1,2,0,2,1,1,0,1,50,adult
201900032992,7,11,2019,0 days 11:34:00,1,26,26362,2,2,1,3,JONCHERE RUE,"44,9318200","4,8938900",1,3,2,1967.0,5,8,0,-1,A01,3,0,2,7,19,5,4,JEU DE PAUME RUE DU,0.0,,1,1,0,1,1,1,0,1,30,child
201900032992,7,11,2019,0 days 11:34:00,1,26,26362,2,2,1,3,JONCHERE RUE,"44,9318200","4,8938900",1,1,1,1994.0,1,8,0,-1,A01,3,0,2,7,19,5,4,JEU DE PAUME RUE DU,0.0,,1,1,0,1,1,1,0,1,30,adult
201900033018,15,12,2019,0 days 16:10:00,1,75,75116,2,1,1,6,ROUTE DES TRIBUNES,"48,8578254","2,2288065",1,4,1,1977.0,5,2,8,-1,A01,2,0,1,1,1,5,4,ROUTE DES TRIBUNES,0.0,,1,1,1,1,1,1,0,5,50,child
201900033018,15,12,2019,0 days 16:10:00,1,75,75116,2,1,1,6,ROUTE DES TRIBUNES,"48,8578254","2,2288065",3,4,1,2011.0,5,0,-1,-1,A01,2,0,1,1,1,5,4,ROUTE DES TRIBUNES,0.0,,1,1,1,1,1,1,0,5,50,adult
201900033023,6,11,2019,0 days 16:02:00,1,5,05061,2,9,3,3,SAGNIERES ( RUE DES ),"44,5498300","6,0651900",1,1,1,1949.0,5,1,0,-1,B01,2,0,2,7,19,5,4,SAGNIERES ( RUE DES ),0.0,,2,2,0,1,1,1,9,1,50,child
201900033023,6,11,2019,0 days 16:02:00,1,5,05061,2,9,3,3,SAGNIERES ( RUE DES ),"44,5498300","6,0651900",1,3,1,2006.0,5,8,0,-1,B01,2,0,2,7,19,5,4,SAGNIERES ( RUE DES ),0.0,,2,2,0,1,1,1,9,1,50,adult
201900033034,8,11,2019,0 days 16:30:00,1,75,75106,2,4,1,3,RUE DE RENNES,"48,8502790","2,3299380",1,1,2,1947.0,0,1,0,-1,B01,1,0,2,3,18,5,4,RUE DE RENNES,0.0,,2,2,0,1,1,1,0,1,50,child
201900033034,8,11,2019,0 days 16:30:00,1,75,75106,2,4,1,3,RUE DE RENNES,"48,8502790","2,3299380",1,4,1,1973.0,0,2,8,-1,B01,1,0,2,3,18,5,4,RUE DE RENNES,0.0,,2,2,0,1,1,1,0,1,50,adult
201900033037,8,11,2019,0 days 13:40:00,1,75,75120,2,1,1,6,RUE VITRUVE,"48,8591510","2,4064600",3,3,2,1944.0,0,0,-1,-1,A01,1,0,1,1,25,5,4,RUE VITRUVE,0.0,,2,2,0,2,1,1,0,4,30,child
201900033037,8,11,2019,0 days 13:40:00,1,75,75120,2,1,1,6,RUE VITRUVE,"48,8591510","2,4064600",1,4,1,1979.0,3,2,0,-1,A01,1,0,1,1,25,5,4,RUE VITRUVE,0.0,,2,2,0,2,1,1,0,4,30,adult
201900033046,8,11,2019,0 days 16:10:00,1,75,75116,2,3,1,6,RUE DE PASSY,"48,8579035","2,2807574",3,4,2,1950.0,0,0,-1,-1,A01,1,0,1,1,5,5,4,RUE DE PASSY,0.0,,1,2,0,1,1,1,0,1,50,child
201900033046,8,11,2019,0 days 16:10:00,1,75,75116,2,3,1,6,RUE DE PASSY,"48,8579035","2,2807574",1,1,1,2003.0,1,2,8,-1,A01,1,0,1,1,5,5,4,RUE DE PASSY,0.0,,1,2,0,1,1,1,0,1,50,adult
201900033051,8,11,2019,0 days 12:02:00,1,75,75115,2,2,1,3,RUE EMERIAU,"48,8496240","2,2861540",1,4,1,1961.0,0,8,2,-1,B01,2,0,2,8,18,5,4,RUE EMERIAU,0.0,,3,1,0,1,1,1,0,1,50,child
201900033051,8,11,2019,0 days 12:02:00,1,75,75115,2,2,1,3,RUE EMERIAU,"48,8496240","2,2861540",1,1,1,1978.0,4,1,0,-1,B01,2,0,2,8,18,5,4,RUE EMERIAU,0.0,,3,1,0,1,1,1,0,1,50,adult
201900033051,8,11,2019,0 days 12:02:00,1,75,75115,2,2,1,3,RUE EMERIAU,"48,8496240","2,2861540",2,1,2,1996.0,0,1,0,-1,B01,2,0,2,8,18,5,4,RUE EMERIAU,0.0,,3,1,0,1,1,1,0,1,50,adult
201900033096,15,12,2019,0 days 11:40:00,1,59,59641,1,2,1,1,Route de la Colme,"50,9880970","2,5282030",1,3,1,1948.0,5,2,-1,-1,B01,2,0,2,8,19,0,3,3,0.0,D,2,2,0,1,1,2,0,1,70,child
201900033096,15,12,2019,0 days 11:40:00,1,59,59641,1,2,1,1,Route de la Colme,"50,9880970","2,5282030",1,1,2,1976.0,0,1,-1,-1,B01,2,0,2,8,19,0,3,3,0.0,D,2,2,0,1,1,2,0,1,70,adult
201900033126,15,12,2019,0 days 05:40:00,3,973,97303,1,1,1,3,N1,"5,4786300"," -53,1949470",1,1,1,1957.0,4,1,-1,-1,B01,2,0,0,0,2,5,2,1,,,2,2,0,1,1,2,0,1,80,child
201900033126,15,12,2019,0 days 05:40:00,3,973,97303,1,1,1,3,N1,"5,4786300"," -53,1949470",3,3,1,1980.0,0,0,-1,-1,B01,2,0,0,0,2,5,2,1,,,2,2,0,1,1,2,0,1,80,adult
201900033168,14,12,2019,0 days 18:30:00,3,972,97209,2,1,1,3,AVE CAMILLE DARSIERES,"14,5992900"," -61,0508900",1,1,1,1965.0,5,1,0,-1,B01,1,0,2,6,13,5,4,AVE CAMILLE DARSIERES,0.0,,3,3,0,1,1,1,0,1,50,child
201900033168,14,12,2019,0 days 18:30:00,3,972,97209,2,1,1,3,AVE CAMILLE DARSIERES,"14,5992900"," -61,0508900",1,4,1,1997.0,5,8,0,-1,B01,1,0,2,6,13,5,4,AVE CAMILLE DARSIERES,0.0,,3,3,0,1,1,1,0,1,50,adult
201900033184,5,10,2019,0 days 17:20:00,1,34,34192,2,3,1,5,Avenue de l'Eveche de Maguelone,"43,5229610","3,9190620",1,3,1,1961.0,5,8,-1,-1,A01,2,0,2,1,1,5,4,,,,2,2,2,1,1,1,9,1,50,child
201900033184,5,10,2019,0 days 17:20:00,1,34,34192,2,3,1,5,Avenue de l'Eveche de Maguelone,"43,5229610","3,9190620",1,1,1,1962.0,5,1,-1,-1,A01,2,0,2,1,1,5,4,,,,2,2,2,1,1,1,9,1,50,adult
201900033184,5,10,2019,0 days 17:20:00,1,34,34192,2,3,1,5,Avenue de l'Eveche de Maguelone,"43,5229610","3,9190620",1,1,2,1985.0,5,1,-1,-1,A01,2,0,2,1,1,5,4,,,,2,2,2,1,1,1,9,1,50,adult
201900033216,5,10,2019,0 days 17:15:00,1,22,22173,1,3,1,3,le val,"48,5453150"," -2,5957200",1,3,1,1948.0,5,2,-1,-1,B01,3,0,2,1,1,5,4,,,,2,2,0,2,1,1,0,1,80,child
201900033216,5,10,2019,0 days 17:15:00,1,22,22173,1,3,1,3,le val,"48,5453150"," -2,5957200",1,1,2,1970.0,5,1,-1,-1,B01,3,0,2,1,1,5,4,,,,2,2,0,2,1,1,0,1,80,adult
201900033247,3,10,2019,0 days 12:28:00,1,95,95051,2,1,1,3,RUE DENIS PAPIN,"49,0172070","2,1775780",1,1,1,1973.0,4,8,8,-1,B01,3,0,2,7,1,5,4,8 RUE DENIS PAPIN,0.0,,2,2,0,1,1,1,0,1,50,child
201900033247,3,10,2019,0 days 12:28:00,1,95,95051,2,1,1,3,RUE DENIS PAPIN,"49,0172070","2,1775780",1,2,1,2007.0,2,8,0,-1,B01,3,0,2,7,1,5,4,8 RUE DENIS PAPIN,0.0,,2,2,0,1,1,1,0,1,50,adult
201900033279,2,10,2019,0 days 18:41:00,1,49,49007,2,1,1,3,RABELAIS,"47,4578400"," -0,5445500",1,1,1,1946.0,0,1,8,-1,B01,1,0,2,8,0,5,4,RABELAIS,0.0,,2,2,0,1,1,1,0,1,60,child
201900033279,2,10,2019,0 days 18:41:00,1,49,49007,2,1,1,3,RABELAIS,"47,4578400"," -0,5445500",1,4,2,1999.0,0,2,0,-1,B01,1,0,2,8,0,5,4,RABELAIS,0.0,,2,2,0,1,1,1,0,1,60,adult