Num_Acc,jour,mois,an,hrmn,lum,dep,com,agg,int,atm,col,adr,lat,long,catu,grav,sexe,an_nais,trajet,secu1,secu2,secu3,num_veh_y,senc,obs,obsm,choc,manv,motor,catr,voie,v1,v2,circ,nbv,vosp,prof,plan,surf,infra,situ,vma,age
201900033318,4,10,2019,0 days 17:04:00,1,10,10362,2,1,1,3,ERIC TABARLY (RUE),"48,2960000","4,0394100",1,1,2,1978.0,0,1,8,-1,B01,3,0,2,1,1,5,7,ERIC TABARLY (RUE),0.0,,-1,1,0,1,3,1,0,1,50,child
201900033318,4,10,2019,0 days 17:04:00,1,10,10362,2,1,1,3,ERIC TABARLY (RUE),"48,2960000","4,0394100",1,4,1,1994.0,0,8,0,-1,B01,3,0,2,1,1,5,7,ERIC TABARLY (RUE),0.0,,-1,1,0,1,3,1,0,1,50,adult
201900033318,4,10,2019,0 days 17:04:00,1,10,10362,2,1,1,3,ERIC TABARLY (RUE),"48,2960000","4,0394100",2,1,2,2015.0,0,1,8,-1,B01,3,0,2,1,1,5,7,ERIC TABARLY (RUE),0.0,,-1,1,0,1,3,1,0,1,50,adult
201900033332,4,10,2019,0 days 12:15:00,1,75,75120,2,4,8,3,RUE DE LA JUSTICE,"48,8690599","2,4088319",1,1,1,1964.0,4,1,0,-1,B01,1,0,2,3,1,5,4,RUE DE LA JUSTICE,0.0,,1,1,1,4,1,1,0,5,30,child
201900033332,4,10,2019,0 days 12:15:00,1,75,75120,2,4,8,3,RUE DE LA JUSTICE,"48,8690599","2,4088319",1,4,1,1996.0,1,8,2,-1,B01,1,0,2,3,1,5,4,RUE DE LA JUSTICE,0.0,,1,1,1,4,1,1,0,5,30,adult
201900033339,4,10,2019,0 days 18:45:00,1,75,75115,2,3,1,3,BOULEVARD GENERAL MARTIAL VALIN,"48,8383398","2,2707986",1,4,1,1970.0,5,2,8,-1,A01,1,0,2,8,13,5,4,BOULEVARD GENERAL MARTIAL VALIN,0.0,,1,3,1,2,1,1,0,5,50,child
201900033339,4,10,2019,0 days 18:45:00,1,75,75115,2,3,1,3,BOULEVARD GENERAL MARTIAL VALIN,"48,8383398","2,2707986",1,1,1,2000.0,0,8,2,-1,A01,1,0,2,8,13,5,4,BOULEVARD GENERAL MARTIAL VALIN,0.0,,1,3,1,2,1,1,0,5,50,adult
201900033359,4,10,2019,0 days 19:10:00,2,94,94028,2,1,8,3,POMPADOUR.(CHEMIN DE LA),"48,7721070","2,4315810",1,1,1,1976.0,1,1,0,-1,A01,3,0,2,5,19,5,3,1,0.0,,1,2,0,1,1,1,0,1,50,child
201900033359,4,10,2019,0 days 19:10:00,2,94,94028,2,1,8,3,POMPADOUR.(CHEMIN DE LA),"48,7721070","2,4315810",1,4,1,2004.0,0,8,0,-1,A01,3,0,2,5,19,5,3,1,0.0,,1,2,0,1,1,1,0,1,50,adult
201900033385,24,6,2019,0 days 14:10:00,1,51,51172,2,1,1,3,VOIE VERTE,"49,2163100","4,0514100",1,1,1,1955.0,5,1,0,-1,A01,3,0,2,1,19,5,4,VOIE VERTE,0.0,,3,5,0,1,3,1,0,1,50,child
201900033385,24,6,2019,0 days 14:10:00,1,51,51172,2,1,1,3,VOIE VERTE,"49,2163100","4,0514100",1,4,1,2001.0,5,2,0,-1,A01,3,0,2,1,19,5,4,VOIE VERTE,0.0,,3,5,0,1,3,1,0,1,50,adult
201900033391,21,6,2019,0 days 19:32:00,1,49,49007,2,1,1,6,JERUSALEM,"47,4736100"," -0,5309300",1,1,1,1961.0,0,1,0,-1,B01,3,0,2,1,19,5,4,JERUSALEM,0.0,,2,2,0,1,1,1,0,1,50,child
201900033391,21,6,2019,0 days 19:32:00,1,49,49007,2,1,1,6,JERUSALEM,"47,4736100"," -0,5309300",1,4,1,2016.0,9,2,4,-1,B01,3,0,2,1,19,5,4,JERUSALEM,0.0,,2,2,0,1,1,1,0,1,50,adult
201900033445,24,6,2019,0 days 14:07:00,1,75,75104,2,1,1,3,BOULEVARD BOURDON,"48,8500150","2,3668720",1,4,1,1967.0,9,2,0,-1,B01,2,0,2,2,1,5,4,BOULEVARD BOURDON,0.0,,2,0,1,1,1,1,0,5,50,child
201900033445,24,6,2019,0 days 14:07:00,1,75,75104,2,1,1,3,BOULEVARD BOURDON,"48,8500150","2,3668720",1,1,2,1992.0,1,1,0,-1,B01,2,0,2,2,1,5,4,BOULEVARD BOURDON,0.0,,2,0,1,1,1,1,0,5,50,adult
201900033469,22,6,2019,0 days 14:25:00,1,92,92023,2,1,1,3,PORTE DE TRIVAUX (RUE DE) N°57 A 197 ET,"48,7864200","2,2439700",1,1,2,1934.0,3,1,8,-1,B01,3,0,2,1,19,5,3,80,0.0,,2,2,0,1,1,1,0,1,50,child
201900033469,22,6,2019,0 days 14:25:00,1,92,92023,2,1,1,3,PORTE DE TRIVAUX (RUE DE) N°57 A 197 ET,"48,7864200","2,2439700",1,3,1,2010.0,0,8,0,-1,B01,3,0,2,1,19,5,3,80,0.0,,2,2,0,1,1,1,0,1,50,adult
201900033471,24,6,2019,0 days 14:35:00,1,92,92012,2,1,1,2,ANATOLE FRANCE (BOULEVARD) 1/4BIS,"48,8505800","2,2362900",1,1,2,1961.0,5,1,8,-1,A01,2,0,2,1,2,5,4,ANATOLE FRANCE (BOULEVARD) 1/4BIS,0.0,,2,2,0,1,1,1,0,1,50,child
201900033471,24,6,2019,0 days 14:35:00,1,92,92012,2,1,1,2,ANATOLE FRANCE (BOULEVARD) 1/4BIS,"48,8505800","2,2362900",1,4,1,1982.0,5,2,8,-1,A01,2,0,2,1,2,5,4,ANATOLE FRANCE (BOULEVARD) 1/4BIS,0.0,,2,2,0,1,1,1,0,1,50,adult
201900033481,25,6,2019,0 days 07:50:00,1,62,62043,2,1,1,2,chemin latérale,"50,9009210","1,9423960",1,2,1,1953.0,5,2,-1,-1,B01,3,0,0,4,2,5,9,,,,2,2,0,1,1,1,0,1,50,child
201900033481,25,6,2019,0 days 07:50:00,1,62,62043,2,1,1,2,chemin latérale,"50,9009210","1,9423960",1,1,1,1991.0,1,8,-1,-1,B01,3,0,0,4,2,5,9,,,,2,2,0,1,1,1,0,1,50,adult
201900033493,24,6,2019,0 days 08:30:00,1,39,39149,2,1,1,1,,"47,0208570","5,7174310",1,3,1,1958.0,5,2,-1,-1,A01,2,0,2,1,13,5,3,7,,,2,2,0,1,3,1,0,1,50,child
201900033493,24,6,2019,0 days 08:30:00,1,39,39149,2,1,1,1,,"47,0208570","5,7174310",1,1,1,1993.0,1,1,-1,-1,A01,2,0,2,1,13,5,3,7,,,2,2,0,1,3,1,0,1,50,adult
201900033495,23,6,2019,0 days 10:40:00,1,31,31396,1,6,1,2,RD 19,"43,3556730","1,6228400",1,3,1,1948.0,5,0,-1,-1,B01,2,0,2,4,1,5,3,19,,,2,2,0,1,1,1,0,1,80,child
201900033495,23,6,2019,0 days 10:40:00,1,31,31396,1,6,1,2,RD 19,"43,3556730","1,6228400",1,1,1,1987.0,5,0,-1,-1,B01,2,0,2,4,1,5,3,19,,,2,2,0,1,1,1,0,1,80,adult
201900033497,19,6,2019,0 days 10:15:00,1,66,66106,2,6,1,3,RD618,"42,4902658","2,8026526",1,1,1,1954.0,5,1,-1,-1,B01,1,0,2,7,1,5,3,618,,,-1,2,0,1,1,1,5,1,50,child
201900033497,19,6,2019,0 days 10:15:00,1,66,66106,2,6,1,3,RD618,"42,4902658","2,8026526",1,3,1,1976.0,5,0,-1,-1,B01,1,0,2,7,1,5,3,618,,,-1,2,0,1,1,1,5,1,50,adult
201900033511,24,6,2019,0 days 17:15:00,1,91,91200,1,9,1,3,Rue de la Gambade,"48,5426770","1,9943760",1,3,1,1959.0,5,2,6,-1,A01,3,0,0,8,9,5,3,836,,,2,2,0,1,1,1,0,1,80,child
201900033511,24,6,2019,0 days 17:15:00,1,91,91200,1,9,1,3,Rue de la Gambade,"48,5426770","1,9943760",2,1,1,1980.0,4,1,-1,-1,A01,3,0,0,8,9,5,3,836,,,2,2,0,1,1,1,0,1,80,adult
201900033511,24,6,2019,0 days 17:15:00,1,91,91200,1,9,1,3,Rue de la Gambade,"48,5426770","1,9943760",1,1,1,1991.0,4,1,-1,-1,A01,3,0,0,8,9,5,3,836,,,2,2,0,1,1,1,0,1,80,adult
201900033512,17,6,2019,0 days 14:20:00,1,78,78128,1,1,1,3,d24,"48,6795080","1,9452570",1,4,1,1962.0,5,2,4,-1,B01,1,0,2,8,1,5,3,24,0.0,,2,2,0,1,1,1,0,1,70,child
201900033512,17,6,2019,0 days 14:20:00,1,78,78128,1,1,1,3,d24,"48,6795080","1,9452570",1,1,1,1985.0,4,1,-1,-1,B01,1,0,2,8,1,5,3,24,0.0,,2,2,0,1,1,1,0,1,70,adult
201900033522,25,6,2019,0 days 10:00:00,1,63,63417,1,1,1,5,RD 943,"45,8468282","3,0231500",1,4,1,1955.0,5,2,-1,-1,C01,2,0,2,0,1,5,3,943,0.0,,2,2,0,2,3,1,0,1,80,child
201900033522,25,6,2019,0 days 10:00:00,1,63,63417,1,1,1,5,RD 943,"45,8468282","3,0231500",1,2,1,1957.0,5,2,-1,-1,C01,2,0,2,0,1,5,3,943,0.0,,2,2,0,2,3,1,0,1,80,adult
201900033522,25,6,2019,0 days 10:00:00,1,63,63417,1,1,1,5,RD 943,"45,8468282","3,0231500",1,1,1,1999.0,4,1,-1,-1,C01,2,0,2,0,1,5,3,943,0.0,,2,2,0,2,3,1,0,1,80,adult
201900033522,25,6,2019,0 days 10:00:00,1,63,63417,1,1,1,5,RD 943,"45,8468282","3,0231500",2,1,2,2000.0,4,1,-1,-1,C01,2,0,2,0,1,5,3,943,0.0,,2,2,0,2,3,1,0,1,80,adult
201900033563,21,1,2019,0 days 06:45:00,2,974,97407,1,1,1,2,VOIE DE LIAISON PORTUAIRE EST/ OUEST," -20,9275800","55,2953600",1,1,1,1959.0,1,1,8,-1,B01,1,0,2,4,19,5,9,VOIE DE LIAISON PORTUAIRE EST/ OUEST,0.0,,1,2,1,1,1,1,0,1,70,child
201900033563,21,1,2019,0 days 06:45:00,2,974,97407,1,1,1,2,VOIE DE LIAISON PORTUAIRE EST/ OUEST," -20,9275800","55,2953600",1,4,1,1995.0,5,2,0,-1,B01,1,0,2,4,19,5,9,VOIE DE LIAISON PORTUAIRE EST/ OUEST,0.0,,1,2,1,1,1,1,0,1,70,adult
201900033644,21,1,2019,0 days 20:45:00,5,75,75113,2,7,1,2,PLACE D ITALIE,"48,8312710","2,3562640",1,1,1,1949.0,5,1,0,-1,B01,3,0,2,5,1,5,4,PLACE D ITALIE,0.0,,1,0,0,1,2,1,0,1,50,child
201900033644,21,1,2019,0 days 20:45:00,5,75,75113,2,7,1,2,PLACE D ITALIE,"48,8312710","2,3562640",1,4,1,1986.0,1,2,4,-1,B01,3,0,2,5,1,5,4,PLACE D ITALIE,0.0,,1,0,0,1,2,1,0,1,50,adult
201900033739,31,8,2019,0 days 18:03:00,1,85,85234,2,1,1,6,Rue Auguste Lepère,"46,7845500"," -2,0707900",1,3,2,1958.0,5,0,-1,-1,B01,3,1,0,0,26,5,4,,,,2,2,0,1,1,1,0,1,50,child
201900033739,31,8,2019,0 days 18:03:00,1,85,85234,2,1,1,6,Rue Auguste Lepère,"46,7845500"," -2,0707900",1,1,1,1989.0,5,0,-1,-1,B01,3,1,0,0,26,5,4,,,,2,2,0,1,1,1,0,1,50,adult
201900033753,3,9,2019,0 days 19:15:00,2,91,91017,2,1,1,1,21 Grande Rue,"48,5919140","2,0671080",1,4,1,1969.0,5,0,-1,-1,B01,1,0,2,3,1,5,3,132,0.0,D,2,2,0,1,1,1,0,1,30,child
201900033753,3,9,2019,0 days 19:15:00,2,91,91017,2,1,1,1,21 Grande Rue,"48,5919140","2,0671080",1,1,1,1991.0,5,1,-1,-1,B01,1,0,2,3,1,5,3,132,0.0,D,2,2,0,1,1,1,0,1,30,adult
201900033759,3,9,2019,0 days 20:50:00,3,67,67046,2,6,1,3,Route de Strasbourg,"48,7524190","7,8476050",1,1,1,1941.0,0,1,-1,-1,B01,3,0,2,3,2,5,3,37,0.0,D,1,1,0,1,1,1,0,1,50,child
201900033759,3,9,2019,0 days 20:50:00,3,67,67046,2,6,1,3,Route de Strasbourg,"48,7524190","7,8476050",1,4,1,2000.0,1,0,-1,-1,B01,3,0,2,3,2,5,3,37,0.0,D,1,1,0,1,1,1,0,1,50,adult
201900033763,4,9,2019,0 days 14:15:00,1,64,64230,2,1,1,2,Chemin de Lacau,"43,2369120"," -0,3911960",1,4,2,1961.0,5,2,-1,-1,B01,3,0,2,2,1,5,4,,0.0,,2,2,0,2,1,1,0,1,50,child
201900033763,4,9,2019,0 days 14:15:00,1,64,64230,2,1,1,2,Chemin de Lacau,"43,2369120"," -0,3911960",1,1,1,1987.0,4,0,-1,-1,B01,3,0,2,2,1,5,4,,0.0,,2,2,0,2,1,1,0,1,50,adult
201900033805,30,8,2019,0 days 14:05:00,1,76,76351,1,6,1,6,JEAN JACQUES ROUSSEAU (PONT),"49,4919900","0,1326800",2,1,2,1938.0,4,1,8,-1,A01,0,0,2,1,13,5,4,JEAN JACQUES ROUSSEAU (PONT),0.0,,3,6,0,2,1,1,0,1,50,child
201900033805,30,8,2019,0 days 14:05:00,1,76,76351,1,6,1,6,JEAN JACQUES ROUSSEAU (PONT),"49,4919900","0,1326800",1,1,1,1957.0,4,1,8,-1,A01,0,0,2,1,13,5,4,JEAN JACQUES ROUSSEAU (PONT),0.0,,3,6,0,2,1,1,0,1,50,adult
201900033805,30,8,2019,0 days 14:05:00,1,76,76351,1,6,1,6,JEAN JACQUES ROUSSEAU (PONT),"49,4919900","0,1326800",1,4,1,1997.0,4,2,0,-1,A01,0,0,2,1,13,5,4,JEAN JACQUES ROUSSEAU (PONT),0.0,,3,6,0,2,1,1,0,1,50,adult
201900033807,31,8,2019,0 days 17:30:00,1,76,76351,2,2,1,3,MARYSE BASTIE,"49,5242800","0,0968600",1,1,2,1964.0,9,1,8,-1,A01,0,0,2,1,19,5,3,52,0.0,,2,2,0,1,1,1,0,1,50,child
201900033807,31,8,2019,0 days 17:30:00,1,76,76351,2,2,1,3,MARYSE BASTIE,"49,5242800","0,0968600",1,4,1,2007.0,5,2,0,-1,A01,0,0,2,1,19,5,3,52,0.0,,2,2,0,1,1,1,0,1,50,adult
201900033822,2,9,2019,0 days 18:30:00,1,44,44109,2,1,1,6,RUE L'OUCHE DE VERSAILLES,"47,2289400"," -1,5548400",1,3,1,1955.0,9,8,0,-1,B01,0,0,2,7,17,5,4,,0.0,,2,0,0,2,1,1,0,1,50,child
201900033822,2,9,2019,0 days 18:30:00,1,44,44109,2,1,1,6,RUE L'OUCHE DE VERSAILLES,"47,2289400"," -1,5548400",1,1,1,1996.0,0,8,0,-1,B01,0,0,2,7,17,5,4,,0.0,,2,0,0,2,1,1,0,1,50,adult
201900033823,28,8,2019,0 days 03:05:00,5,44,44055,2,2,1,3,AVENUES SAINT GEORGES / VERNE,"47,2723100"," -2,3480320",1,1,1,1976.0,5,1,0,-1,B01,0,0,2,0,1,0,4,,0.0,,-1,0,0,1,1,1,0,1,50,child
201900033823,28,8,2019,0 days 03:05:00,5,44,44055,2,2,1,3,AVENUES SAINT GEORGES / VERNE,"47,2723100"," -2,3480320",1,3,1,1998.0,5,8,0,-1,B01,0,0,2,0,1,0,4,,0.0,,-1,0,0,1,1,1,0,1,50,adult
201900033825,27,8,2019,0 days 16:00:00,1,35,35238,2,6,1,3,GRAFF (AVENUE GEORGES),"48,0900400"," -1,6909300",1,4,1,1942.0,5,8,0,-1,A01,2,0,2,8,0,0,7,GRAFF (AVENUE GEORGES),0.0,,2,0,0,1,1,1,0,1,50,child
201900033825,27,8,2019,0 days 16:00:00,1,35,35238,2,6,1,3,GRAFF (AVENUE GEORGES),"48,0900400"," -1,6909300",3,1,2,1965.0,0,8,0,-1,A01,2,0,2,8,0,0,7,GRAFF (AVENUE GEORGES),0.0,,2,0,0,1,1,1,0,1,50,adult
201900033825,27,8,2019,0 days 16:00:00,1,35,35238,2,6,1,3,GRAFF (AVENUE GEORGES),"48,0900400"," -1,6909300",3,1,2,1995.0,0,8,0,-1,A01,2,0,2,8,0,0,7,GRAFF (AVENUE GEORGES),0.0,,2,0,0,1,1,1,0,1,50,adult
201900033839,2,9,2019,0 days 18:35:00,1,15,15014,2,4,1,1,REPUBLIQUE (AVENUE DE LA),"44,9231290","2,4362600",1,1,1,1947.0,5,1,0,-1,B01,2,0,2,3,1,5,4,REPUBLIQUE (AVENUE DE LA),0.0,,2,3,0,2,2,1,0,1,50,child
201900033839,2,9,2019,0 days 18:35:00,1,15,15014,2,4,1,1,REPUBLIQUE (AVENUE DE LA),"44,9231290","2,4362600",1,4,1,1988.0,5,2,8,-1,B01,2,0,2,3,1,5,4,REPUBLIQUE (AVENUE DE LA),0.0,,2,3,0,2,2,1,0,1,50,adult
201900033883,2,9,2019,0 days 13:30:00,1,62,62271,2,1,1,4,11 Rue d'Upen,"50,6368300","2,1889370",1,4,2,1971.0,5,1,-1,-1,C01,2,0,2,4,1,5,3,190,0.0,D,2,2,0,1,2,1,0,1,50,child
201900033883,2,9,2019,0 days 13:30:00,1,62,62271,2,1,1,4,11 Rue d'Upen,"50,6368300","2,1889370",1,4,2,1982.0,2,1,-1,-1,C01,2,0,2,4,1,5,3,190,0.0,D,2,2,0,1,2,1,0,1,50,adult
201900033883,2,9,2019,0 days 13:30:00,1,62,62271,2,1,1,4,11 Rue d'Upen,"50,6368300","2,1889370",1,3,1,2002.0,5,0,-1,-1,C01,2,0,2,4,1,5,3,190,0.0,D,2,2,0,1,2,1,0,1,50,adult
201900033886,2,9,2019,0 days 14:10:00,1,62,62748,2,3,7,2,58 Rue de Calais,"50,9442360","2,1267170",1,1,2,1985.0,3,1,-1,-1,B01,1,0,2,8,2,5,3,218,0.0,D,2,2,0,1,1,1,0,1,50,child
201900033886,2,9,2019,0 days 14:10:00,1,62,62748,2,3,7,2,58 Rue de Calais,"50,9442360","2,1267170",1,3,1,2006.0,5,0,-1,-1,B01,1,0,2,8,2,5,3,218,0.0,D,2,2,0,1,1,1,0,1,50,adult
201900033909,10,2,2019,0 days 06:40:00,5,59,59350,2,1,1,2,CAMBRAI RUE DE N°PAIRS,"50,6243600","3,0698000",1,1,1,1900.0,-1,0,0,0,A01,1,0,0,1,14,5,4,CAMBRAI RUE DE N°PAIRS,0.0,,2,2,0,1,1,1,0,1,50,child
201900033909,10,2,2019,0 days 06:40:00,5,59,59350,2,1,1,2,CAMBRAI RUE DE N°PAIRS,"50,6243600","3,0698000",1,4,1,1993.0,0,8,0,-1,A01,1,0,0,1,14,5,4,CAMBRAI RUE DE N°PAIRS,0.0,,2,2,0,1,1,1,0,1,50,adult
201900033930,3,3,2019,0 days 12:05:00,1,29,29232,2,1,3,3,PONT L'ABBE ROUTE DE,"47,9808333"," -4,1212528",1,1,2,1951.0,3,1,8,-1,B01,2,0,2,3,1,5,4,PONT L'ABBE ROUTE DE,0.0,,2,2,0,1,1,2,0,1,50,child
201900033930,3,3,2019,0 days 12:05:00,1,29,29232,2,1,3,3,PONT L'ABBE ROUTE DE,"47,9808333"," -4,1212528",1,4,1,1977.0,5,2,8,-1,B01,2,0,2,3,1,5,4,PONT L'ABBE ROUTE DE,0.0,,2,2,0,1,1,2,0,1,50,adult
201900033945,3,3,2019,0 days 18:05:00,2,75,75114,2,2,1,3,RUE JULIA BARTET,"48,8254580","2,3023080",1,1,1,1974.0,5,1,0,-1,A01,1,0,2,2,17,5,4,RUE JULIA BARTET,0.0,,2,4,0,1,1,1,0,1,50,child
201900033945,3,3,2019,0 days 18:05:00,2,75,75114,2,2,1,3,RUE JULIA BARTET,"48,8254580","2,3023080",1,4,1,1998.0,4,2,0,-1,A01,1,0,2,2,17,5,4,RUE JULIA BARTET,0.0,,2,4,0,1,1,1,0,1,50,adult
201900034009,5,3,2019,0 days 14:20:00,1,22,22093,1,1,6,6,Lieu-dit La Garde,"48,4554195"," -2,5363441",1,3,1,1961.0,5,2,-1,-1,A01,2,0,0,1,21,5,3,768,,,2,2,0,2,4,1,0,1,80,child
201900034009,5,3,2019,0 days 14:20:00,1,22,22093,1,1,6,6,Lieu-dit La Garde,"48,4554195"," -2,5363441",1,1,2,1997.0,5,1,-1,-1,A01,2,0,0,1,21,5,3,768,,,2,2,0,2,4,1,0,1,80,adult
201900034022,23,2,2019,0 days 12:31:00,1,49,49267,2,2,1,3,PELLERINIERE,"47,4611300"," -0,4899100",1,4,1,1944.0,0,2,0,-1,B01,1,0,2,7,1,0,4,PELLERINIERE,0.0,,-1,5,2,1,1,1,0,1,50,child
201900034022,23,2,2019,0 days 12:31:00,1,49,49267,2,2,1,3,PELLERINIERE,"47,4611300"," -0,4899100",1,1,1,1998.0,0,1,8,-1,B01,1,0,2,7,1,0,4,PELLERINIERE,0.0,,-1,5,2,1,1,1,0,1,50,adult
201900034075,1,3,2019,0 days 09:30:00,1,974,97407,1,1,1,3,RUE VERLAINE," -20,9375000","55,3158000",1,1,1,1957.0,9,1,8,-1,B01,3,0,2,0,19,5,4,Rue Verlaine,0.0,,2,2,0,1,1,1,0,3,50,child
201900034075,1,3,2019,0 days 09:30:00,1,974,97407,1,1,1,3,RUE VERLAINE," -20,9375000","55,3158000",1,4,2,2000.0,0,8,0,-1,B01,3,0,2,0,19,5,4,Rue Verlaine,0.0,,2,2,0,1,1,1,0,3,50,adult
201900034108,8,4,2019,0 days 09:30:00,1,31,31263,2,2,1,3,Rue du Pont de Mont Merly,"43,4080260","1,3856430",1,3,2,1961.0,5,2,-1,-1,B01,3,0,2,1,1,5,3,74,0.0,D,2,2,0,1,1,1,5,1,50,child
201900034108,8,4,2019,0 days 09:30:00,1,31,31263,2,2,1,3,Rue du Pont de Mont Merly,"43,4080260","1,3856430",1,1,1,1990.0,1,1,-1,-1,B01,3,0,2,1,1,5,3,74,0.0,D,2,2,0,1,1,1,5,1,50,adult
201900034132,12,1,2019,0 days 16:55:00,2,93,93001,2,2,2,3,BERNARD ET MAZOYER (RUE)   => 21/24,"48,9122400","2,3811400",1,4,1,1939.0,0,8,0,-1,B01,2,0,2,1,1,5,3,20,0.0,,1,1,0,1,1,2,0,1,50,child
201900034132,12,1,2019,0 days 16:55:00,2,93,93001,2,2,2,3,BERNARD ET MAZOYER (RUE)   => 21/24,"48,9122400","2,3811400",1,1,1,1981.0,9,1,0,-1,B01,2,0,2,1,1,5,3,20,0.0,,1,1,0,1,1,2,0,1,50,adult
201900034145,8,4,2019,0 days 19:30:00,4,974,97416,2,3,1,1,STADE(RUE DU)," -21,3286300","55,4813000",1,1,1,1972.0,5,1,0,-1,A01,2,0,2,1,13,5,2,3,0.0,B,2,2,0,1,1,1,0,1,50,child
201900034145,8,4,2019,0 days 19:30:00,4,974,97416,2,3,1,1,STADE(RUE DU)," -21,3286300","55,4813000",1,4,1,1997.0,0,8,0,-1,A01,2,0,2,1,13,5,2,3,0.0,B,2,2,0,1,1,1,0,1,50,adult
201900034176,9,4,2019,0 days 09:50:00,1,86,86194,2,3,1,3,IASSY (AVENUE DE),"46,5736865","0,3918225",1,1,2,1950.0,5,1,0,-1,A01,1,14,0,1,25,5,4,IASSY (AVENUE DE),0.0,,2,3,0,1,1,1,0,1,50,child
201900034176,9,4,2019,0 days 09:50:00,1,86,86194,2,3,1,3,IASSY (AVENUE DE),"46,5736865","0,3918225",1,4,1,2000.0,2,8,0,-1,A01,1,14,0,1,25,5,4,IASSY (AVENUE DE),0.0,,2,3,0,1,1,1,0,1,50,adult
201900034196,6,4,2019,0 days 17:00:00,1,64,64102,2,6,1,3,GIRATOIRE LES PONTOTS ,"43,4881900"," -1,4916700",1,3,1,1943.0,5,2,8,-1,B01,3,0,2,7,1,5,4,GIRATOIRE LES PONTOTS,0.0,,4,2,0,1,2,1,5,1,50,child
201900034196,6,4,2019,0 days 17:00:00,1,64,64102,2,6,1,3,GIRATOIRE LES PONTOTS ,"43,4881900"," -1,4916700",1,1,1,1971.0,3,1,5,-1,B01,3,0,2,7,1,5,4,GIRATOIRE LES PONTOTS,0.0,,4,2,0,1,2,1,5,1,50,adult
201900034206,6,4,2019,0 days 01:25:00,3,56,56107,2,1,1,6,LE PORT (ROGER BOULEVARD),"47,7194000"," -3,3745000",3,4,2,1962.0,5,8,0,-1,A01,2,0,1,1,1,5,4,LE PORT (ROGER BOULEVARD),0.0,,2,2,1,1,1,1,0,1,30,child
201900034206,6,4,2019,0 days 01:25:00,3,56,56107,2,1,1,6,LE PORT (ROGER BOULEVARD),"47,7194000"," -3,3745000",1,1,1,1993.0,5,2,8,-1,A01,2,0,1,1,1,5,4,LE PORT (ROGER BOULEVARD),0.0,,2,2,1,1,1,1,0,1,30,adult
201900034214,6,4,2019,0 days 15:46:00,1,49,49007,2,1,1,3,BON PASTEUR BOULEVARD,"47,4727900"," -0,5769000",1,1,1,1959.0,0,1,8,-1,B01,1,0,2,3,1,5,4,BON PASTEUR BOULEVARD,0.0,,2,2,0,1,1,1,0,1,50,child
201900034214,6,4,2019,0 days 15:46:00,1,49,49007,2,1,1,3,BON PASTEUR BOULEVARD,"47,4727900"," -0,5769000",1,4,1,1995.0,0,8,0,-1,B01,1,0,2,3,1,5,4,BON PASTEUR BOULEVARD,0.0,,2,2,0,1,1,1,0,1,50,adult
201900034279,23,7,2019,0 days 16:10:00,1,94,94068,2,1,1,1,PARC (QU DU),"48,8100100","2,4985700",1,4,2,1972.0,5,8,0,-1,A01,2,0,6,1,25,5,9,PARC (QU DU),0.0,,-1,1,0,1,2,1,6,1,30,child
201900034279,23,7,2019,0 days 16:10:00,1,94,94068,2,1,1,1,PARC (QU DU),"48,8100100","2,4985700",1,4,1,1999.0,5,8,0,-1,A01,2,0,6,1,25,5,9,PARC (QU DU),0.0,,-1,1,0,1,2,1,6,1,30,adult
201900034300,25,7,2019,0 days 17:00:00,1,63,63163,2,1,1,3,Tracros,"45,7856654","2,7485565",1,1,1,1972.0,4,1,-1,-1,A01,0,0,2,1,26,5,4,,,,2,2,0,2,1,1,0,1,50,child
201900034300,25,7,2019,0 days 17:00:00,1,63,63163,2,1,1,3,Tracros,"45,7856654","2,7485565",1,3,1,2003.0,5,0,-1,-1,A01,0,0,2,1,26,5,4,,,,2,2,0,2,1,1,0,1,50,adult
201900034343,25,7,2019,0 days 00:00:00,3,34,34327,1,2,1,3,Route Départementale,"43,6581100","3,9631450",1,1,1,1978.0,5,1,-1,-1,B01,2,0,2,1,11,5,3,610,0.0,,4,3,0,1,1,1,5,1,70,child
201900034343,25,7,2019,0 days 00:00:00,3,34,34327,1,2,1,3,Route Départementale,"43,6581100","3,9631450",1,4,1,2002.0,5,0,-1,-1,B01,2,0,2,1,11,5,3,610,0.0,,4,3,0,1,1,1,5,1,70,adult
201900034403,22,7,2019,0 days 11:00:00,1,56,56162,2,1,1,6,Bd de l'Océan,"47,7354600"," -3,5003400",1,1,1,1956.0,5,1,8,-1,C01,1,0,0,8,1,5,3,152,0.0,,2,2,0,1,1,2,0,1,50,child
201900034403,22,7,2019,0 days 11:00:00,1,56,56162,2,1,1,6,Bd de l'Océan,"47,7354600"," -3,5003400",1,4,1,1967.0,5,2,8,-1,C01,1,0,0,8,1,5,3,152,0.0,,2,2,0,1,1,2,0,1,50,adult
201900034403,22,7,2019,0 days 11:00:00,1,56,56162,2,1,1,6,Bd de l'Océan,"47,7354600"," -3,5003400",1,1,2,1988.0,5,2,8,-1,C01,1,0,0,8,1,5,3,152,0.0,,2,2,0,1,1,2,0,1,50,adult
201900034411,23,7,2019,0 days 12:20:00,1,45,45234,2,3,1,3,R DE BOURGOGNE - R DU BOURDON BLANC,"47,9005000","1,9135000",1,4,1,1946.0,5,2,0,-1,B01,1,0,2,7,1,5,4,RUE DE BOURGOGNE,0.0,,1,1,0,1,1,1,0,1,50,child
201900034411,23,7,2019,0 days 12:20:00,1,45,45234,2,3,1,3,R DE BOURGOGNE - R DU BOURDON BLANC,"47,9005000","1,9135000",1,1,1,1988.0,5,1,0,-1,B01,1,0,2,7,1,5,4,RUE DE BOURGOGNE,0.0,,1,1,0,1,1,1,0,1,50,adult