Num_Acc,jour,mois,an,hrmn,lum,dep,com,agg,int,atm,col,adr,lat,long,catu,grav,sexe,an_nais,trajet,secu1,secu2,secu3,num_veh_y,senc,obs,obsm,choc,manv,motor,catr,voie,v1,v2,circ,nbv,vosp,prof,plan,surf,infra,situ,vma,age
201900034616,25,5,2019,0 days 18:10:00,1,10,10387,2,3,2,3,TEINTURIERS (DES),"48,3000000","4,0900000",1,1,1,1979.0,5,1,8,-1,B01,3,0,2,1,19,0,7,TEINTURIERS (DES),0.0,,2,2,0,1,1,2,0,1,30,child
201900034616,25,5,2019,0 days 18:10:00,1,10,10387,2,3,2,3,TEINTURIERS (DES),"48,3000000","4,0900000",1,3,1,2009.0,5,8,0,-1,B01,3,0,2,1,19,0,7,TEINTURIERS (DES),0.0,,2,2,0,1,1,2,0,1,30,adult
201900034640,14,12,2019,0 days 16:17:00,1,10,10362,2,1,2,6,PAUL DOUMER (RUE),"48,2895000","4,0460000",1,3,1,1948.0,5,2,8,-1,A01,2,1,0,1,1,5,7,PAUL DOUMER (RUE),0.0,,2,0,0,1,1,2,0,1,50,child
201900034640,14,12,2019,0 days 16:17:00,1,10,10362,2,1,2,6,PAUL DOUMER (RUE),"48,2895000","4,0460000",1,1,1,1991.0,5,8,0,-1,A01,2,1,0,1,1,5,7,PAUL DOUMER (RUE),0.0,,2,0,0,1,1,2,0,1,50,adult
201900034761,13,12,2019,0 days 07:30:00,5,78,78440,2,2,3,3,JEAN MONNET (RUE),"48,9934800","1,9112800",1,1,2,1960.0,0,1,0,-1,C01,0,0,2,0,1,-1,4,JEAN MONNET (RUE),0.0,,2,2,0,1,1,2,0,1,50,child
201900034761,13,12,2019,0 days 07:30:00,5,78,78440,2,2,3,3,JEAN MONNET (RUE),"48,9934800","1,9112800",1,4,1,1992.0,1,8,0,-1,C01,0,0,2,0,1,-1,4,JEAN MONNET (RUE),0.0,,2,2,0,1,1,2,0,1,50,adult
201900034762,12,12,2019,0 days 18:22:00,5,77,77445,2,6,3,1,D151 X OREE DU BOIS (RUE DE L'),"48,5872000","2,5951000",1,4,1,1962.0,5,8,0,-1,B01,1,0,2,7,19,5,3,151,0.0,,2,2,0,1,1,2,5,5,50,child
201900034762,12,12,2019,0 days 18:22:00,5,77,77445,2,6,3,1,D151 X OREE DU BOIS (RUE DE L'),"48,5872000","2,5951000",1,1,1,1995.0,0,8,0,-1,B01,1,0,2,7,19,5,3,151,0.0,,2,2,0,1,1,2,5,5,50,adult
201900034796,13,12,2019,0 days 09:00:00,2,33,33063,2,3,1,3,RUE LUCIE AUBRAC,"44,8685400"," -0,5523000",1,4,2,1989.0,0,8,8,-1,B01,2,0,2,0,1,5,4,RUE LUCIE AUBRAC,0.0,,1,1,0,1,1,2,0,1,30,child
201900034796,13,12,2019,0 days 09:00:00,2,33,33063,2,3,1,3,RUE LUCIE AUBRAC,"44,8685400"," -0,5523000",2,1,2,2015.0,0,8,8,-1,B01,2,0,2,0,1,5,4,RUE LUCIE AUBRAC,0.0,,1,1,0,1,1,2,0,1,30,adult
201900034816,7,11,2019,0 days 18:35:00,3,72,72056,1,1,1,4,LE HARAS DU VIEUX PRESSOIR,"48,3970900","0,1362780",1,1,1,1943.0,5,1,-1,-1,A01,2,0,0,8,1,6,3,19,0.0,,2,2,0,1,1,1,0,1,80,child
201900034816,7,11,2019,0 days 18:35:00,3,72,72056,1,1,1,4,LE HARAS DU VIEUX PRESSOIR,"48,3970900","0,1362780",1,1,1,1994.0,5,1,-1,-1,A01,2,0,0,8,1,6,3,19,0.0,,2,2,0,1,1,1,0,1,80,adult
201900034816,7,11,2019,0 days 18:35:00,3,72,72056,1,1,1,4,LE HARAS DU VIEUX PRESSOIR,"48,3970900","0,1362780",1,4,1,2004.0,2,0,-1,-1,A01,2,0,0,8,1,6,3,19,0.0,,2,2,0,1,1,1,0,1,80,adult
201900034912,6,11,2019,0 days 15:55:00,1,62,62108,2,3,1,3,QUETTIER,"50,4107500","1,5655000",1,3,1,1958.0,0,2,0,-1,B01,1,0,2,1,1,5,4,QUETTIER,0.0,,2,2,0,2,1,1,0,1,50,child
201900034912,6,11,2019,0 days 15:55:00,1,62,62108,2,3,1,3,QUETTIER,"50,4107500","1,5655000",1,1,1,1985.0,4,1,0,-1,B01,1,0,2,1,1,5,4,QUETTIER,0.0,,2,2,0,2,1,1,0,1,50,adult
201900034930,7,11,2019,0 days 09:00:00,1,35,35238,2,1,1,2,ALSACE (D'),"48,1226400"," -1,7037800",1,1,2,1973.0,1,1,0,-1,B01,3,0,2,1,1,0,4,ALSACE (D'),0.0,,-1,2,0,2,1,2,0,1,50,child
201900034930,7,11,2019,0 days 09:00:00,1,35,35238,2,1,1,2,ALSACE (D'),"48,1226400"," -1,7037800",1,4,1,1995.0,0,8,0,-1,B01,3,0,2,1,1,0,4,ALSACE (D'),0.0,,-1,2,0,2,1,2,0,1,50,adult
201900034945,7,11,2019,0 days 08:50:00,1,17,17300,2,6,2,3,MONNET   AVENUE JEAN,"46,1432400"," -1,1538100",1,1,1,1952.0,9,1,0,-1,B01,1,0,2,7,1,5,4,MONNET   AVENUE JEAN,0.0,,1,2,1,1,2,2,0,1,30,child
201900034945,7,11,2019,0 days 08:50:00,1,17,17300,2,6,2,3,MONNET   AVENUE JEAN,"46,1432400"," -1,1538100",1,4,2,1975.0,1,2,0,-1,B01,1,0,2,7,1,5,4,MONNET   AVENUE JEAN,0.0,,1,2,1,1,2,2,0,1,30,adult
201900035052,24,6,2019,0 days 08:20:00,1,15,15154,1,1,1,3,RN 122 PK063+150,"44,9446360","2,5562550",1,3,1,1942.0,5,2,-1,-1,B01,2,0,2,8,1,5,2,122,,,2,4,0,3,2,1,0,1,90,child
201900035052,24,6,2019,0 days 08:20:00,1,15,15154,1,1,1,3,RN 122 PK063+150,"44,9446360","2,5562550",1,1,1,1987.0,1,1,-1,-1,B01,2,0,2,8,1,5,2,122,,,2,4,0,3,2,1,0,1,90,adult
201900035109,18,6,2019,0 days 18:25:00,1,45,45284,2,1,1,3,RUE DU CLOCHETON,"47,9163245","1,9660526",1,1,1,1979.0,9,1,0,-1,A01,3,0,2,1,19,5,4,RUE DU CLOCHETON,0.0,,2,2,0,1,1,1,0,1,50,child
201900035109,18,6,2019,0 days 18:25:00,1,45,45284,2,1,1,3,RUE DU CLOCHETON,"47,9163245","1,9660526",1,4,1,2009.0,9,8,0,-1,A01,3,0,2,1,19,5,4,RUE DU CLOCHETON,0.0,,2,2,0,1,1,1,0,1,50,adult
201900035127,20,6,2019,0 days 10:35:00,1,69,69387,2,9,1,6,GABRIEL PERI                        (PL),"45,7550600","4,8428100",3,4,2,1933.0,5,8,0,-1,A01,0,0,0,0,25,5,9,GABRIEL PERI                        (PL),0.0,,-1,0,0,1,1,1,6,1,5,child
201900035127,20,6,2019,0 days 10:35:00,1,69,69387,2,9,1,6,GABRIEL PERI                        (PL),"45,7550600","4,8428100",1,1,1,1969.0,0,8,0,-1,A01,0,0,0,0,25,5,9,GABRIEL PERI                        (PL),0.0,,-1,0,0,1,1,1,6,1,5,adult
201900035130,17,6,2019,0 days 15:21:00,1,69,69383,2,1,1,2,LAFAYETTE                           (PT),"45,7635537","4,8399471",1,1,1,1936.0,5,1,0,-1,B01,3,12,2,4,2,5,4,LAFAYETTE                           (PT),0.0,,2,6,3,1,1,1,2,1,50,child
201900035130,17,6,2019,0 days 15:21:00,1,69,69383,2,1,1,2,LAFAYETTE                           (PT),"45,7635537","4,8399471",1,4,1,1979.0,9,8,0,-1,B01,3,12,2,4,2,5,4,LAFAYETTE                           (PT),0.0,,2,6,3,1,1,1,2,1,50,adult
201900035134,22,6,2019,0 days 17:25:00,1,69,69381,2,1,1,6,SERGENT BLANDAN (DU)                (R ),"45,7688000","4,8296000",1,1,1,1989.0,5,2,0,-1,A01,3,0,1,1,18,5,4,SERGENT BLANDAN (DU)                (R ),0.0,,1,1,0,1,1,1,0,1,50,child
201900035134,22,6,2019,0 days 17:25:00,1,69,69381,2,1,1,6,SERGENT BLANDAN (DU)                (R ),"45,7688000","4,8296000",3,4,1,2013.0,5,8,0,-1,A01,3,0,1,1,18,5,4,SERGENT BLANDAN (DU)                (R ),0.0,,1,1,0,1,1,1,0,1,50,adult
201900035203,8,9,2019,0 days 05:40:00,2,987,98745,1,1,1,2,Murifenua - District de Tapuamu," -16,6308330"," -151,5040280",1,2,2,1952.0,5,0,-1,-1,B01,1,0,0,4,13,6,3,1,,,2,2,0,1,1,1,0,1,60,child
201900035203,8,9,2019,0 days 05:40:00,2,987,98745,1,1,1,2,Murifenua - District de Tapuamu," -16,6308330"," -151,5040280",1,1,1,1993.0,5,0,-1,-1,B01,1,0,0,4,13,6,3,1,,,2,2,0,1,1,1,0,1,60,adult
201900035220,5,10,2019,0 days 11:15:00,1,59,59449,2,1,1,1,Rue de la Poterne,"50,4725550","3,2477090",1,4,1,1970.0,5,0,-1,-1,B01,2,0,2,1,5,5,3,953,,,1,1,0,1,1,1,0,1,50,child
201900035220,5,10,2019,0 days 11:15:00,1,59,59449,2,1,1,1,Rue de la Poterne,"50,4725550","3,2477090",1,1,1,1992.0,1,1,-1,-1,B01,2,0,2,1,5,5,3,953,,,1,1,0,1,1,1,0,1,50,adult
201900035320,3,10,2019,0 days 08:55:00,1,75,75108,2,7,1,6,RUE DE CONSTANTINOPLE,"48,8790604","2,3232349",3,4,2,1967.0,1,0,-1,-1,A01,1,0,1,1,16,5,4,RUE DE CONSTANTINOPLE,0.0,,1,1,0,1,1,1,0,1,50,child
201900035320,3,10,2019,0 days 08:55:00,1,75,75108,2,7,1,6,RUE DE CONSTANTINOPLE,"48,8790604","2,3232349",1,1,1,1990.0,1,2,8,-1,A01,1,0,1,1,16,5,4,RUE DE CONSTANTINOPLE,0.0,,1,1,0,1,1,1,0,1,50,adult
201900035325,1,10,2019,0 days 16:45:00,1,94,94068,2,1,2,2,DIDEROT (AV),"48,8026258","2,4831150",1,1,2,1982.0,1,1,0,-1,A01,1,0,2,1,19,0,4,DIDEROT (AV),0.0,,1,1,0,1,1,1,0,1,50,child
201900035325,1,10,2019,0 days 16:45:00,1,94,94068,2,1,2,2,DIDEROT (AV),"48,8026258","2,4831150",1,4,1,2003.0,0,8,0,-1,A01,1,0,2,1,19,0,4,DIDEROT (AV),0.0,,1,1,0,1,1,1,0,1,50,adult
201900035326,3,10,2019,0 days 17:40:00,1,94,94003,2,3,1,3,LAPLACE (AV),"48,8099000","2,3274700",1,1,2,1961.0,9,1,0,-1,B01,3,0,2,1,1,5,3,161,0.0,,2,1,3,1,1,1,0,6,50,child
201900035326,3,10,2019,0 days 17:40:00,1,94,94003,2,3,1,3,LAPLACE (AV),"48,8099000","2,3274700",1,4,1,2000.0,9,0,-1,-1,B01,3,0,2,1,1,5,3,161,0.0,,2,1,3,1,1,1,0,6,50,adult
201900035334,16,1,2019,0 days 16:30:00,1,38,38185,2,1,1,3,AVENUE MARIE REYNOARD,"45,1673900","5,7284700",1,1,1,1936.0,5,1,8,-1,B01,1,0,2,1,2,0,4,AVENUE MARIE REYNOARD,0.0,,1,-1,0,1,3,1,0,1,50,child
201900035334,16,1,2019,0 days 16:30:00,1,38,38185,2,1,1,3,AVENUE MARIE REYNOARD,"45,1673900","5,7284700",1,3,2,2009.0,2,2,0,-1,B01,1,0,2,1,2,0,4,AVENUE MARIE REYNOARD,0.0,,1,-1,0,1,3,1,0,1,50,adult
201900035335,18,1,2019,0 days 14:44:00,1,17,17300,2,3,1,3,Boulevard Joffre,"46,1560200"," -1,1430400",1,3,2,1950.0,5,8,0,-1,A01,3,0,2,2,19,5,4,Boulevard Joffre,0.0,,2,2,0,1,1,1,0,1,50,child
201900035335,18,1,2019,0 days 14:44:00,1,17,17300,2,3,1,3,Boulevard Joffre,"46,1560200"," -1,1430400",1,4,1,1971.0,0,2,0,-1,A01,3,0,2,2,19,5,4,Boulevard Joffre,0.0,,2,2,0,1,1,1,0,1,50,adult
201900035351,17,1,2019,0 days 09:50:00,1,973,97302,2,1,1,3,BADUEL (ROND POINT DE),"4,9331066"," -52,3094702",1,1,1,1936.0,9,1,0,-1,B01,1,0,2,7,19,5,3,3,0.0,,1,1,0,1,3,1,5,1,50,child
201900035351,17,1,2019,0 days 09:50:00,1,973,97302,2,1,1,3,BADUEL (ROND POINT DE),"4,9331066"," -52,3094702",1,3,1,1980.0,9,8,0,-1,B01,1,0,2,7,19,5,3,3,0.0,,1,1,0,1,3,1,5,1,50,adult
201900035440,16,1,2019,0 days 13:21:00,1,56,56083,2,6,8,3,LIBERATION ( AV. DE LA ),"47,8038000"," -3,2679300",1,4,1,1963.0,4,2,8,-1,B01,1,0,0,0,0,5,3,724,0.0,,-1,2,0,1,1,1,5,1,50,child
201900035440,16,1,2019,0 days 13:21:00,1,56,56083,2,6,8,3,LIBERATION ( AV. DE LA ),"47,8038000"," -3,2679300",1,1,1,1985.0,5,1,8,-1,B01,1,0,0,0,0,5,3,724,0.0,,-1,2,0,1,1,1,5,1,50,adult
201900035442,16,1,2019,0 days 12:15:00,1,52,52121,2,1,1,2,NEUILLY (ROUTE DE) R.D.143,"48,0846600","5,1458800",1,1,1,1977.0,5,8,-1,-1,C01,-1,1,0,-1,-1,5,3,143,,,2,2,-1,1,1,1,0,4,50,child
201900035442,16,1,2019,0 days 12:15:00,1,52,52121,2,1,1,2,NEUILLY (ROUTE DE) R.D.143,"48,0846600","5,1458800",1,4,1,1998.0,2,0,-1,-1,C01,-1,1,0,-1,-1,5,3,143,,,2,2,-1,1,1,1,0,4,50,adult
201900035462,17,1,2019,0 days 15:45:00,1,44,44114,1,1,1,3,RD 965,"47,2528900"," -1,6247700",1,3,1,1958.0,5,2,0,-1,B01,3,0,2,3,2,5,7,965,0.0,,2,2,0,1,1,1,0,1,70,child
201900035462,17,1,2019,0 days 15:45:00,1,44,44114,1,1,1,3,RD 965,"47,2528900"," -1,6247700",1,1,1,1982.0,4,1,0,-1,B01,3,0,2,3,2,5,7,965,0.0,,2,2,0,1,1,1,0,1,70,adult
201900035470,17,1,2019,0 days 13:50:00,1,37,37261,2,1,1,2,SAINT SAUVEUR (PONT),"47,3725425","0,6781797",1,1,2,1954.0,5,1,8,-1,A01,3,0,2,1,2,5,4,SAINT SAUVEUR (PONT),0.0,,2,2,1,1,1,1,2,1,50,child
201900035470,17,1,2019,0 days 13:50:00,1,37,37261,2,1,1,2,SAINT SAUVEUR (PONT),"47,3725425","0,6781797",1,4,1,1981.0,5,2,8,-1,A01,3,0,2,1,2,5,4,SAINT SAUVEUR (PONT),0.0,,2,2,1,1,1,1,2,1,50,adult
201900035508,3,9,2019,0 days 07:30:00,1,52,52242,1,1,1,6,RN19 - MONTLANDON,"47,8405460","5,4661250",1,3,1,1943.0,5,0,-1,-1,B01,2,0,0,0,1,5,2,19,0.0,,2,2,0,2,2,1,0,3,80,child
201900035508,3,9,2019,0 days 07:30:00,1,52,52242,1,1,1,6,RN19 - MONTLANDON,"47,8405460","5,4661250",1,1,1,1986.0,4,1,-1,-1,B01,2,0,0,0,1,5,2,19,0.0,,2,2,0,2,2,1,0,3,80,adult
201900035509,1,9,2019,0 days 16:00:00,1,88,88372,2,3,8,1,rue jules ferry,"48,4073610","6,8428580",1,3,1,1979.0,5,2,-1,-1,B01,1,0,2,1,1,5,3,159,0.0,B,2,3,0,1,1,1,5,1,50,child
201900035509,1,9,2019,0 days 16:00:00,1,88,88372,2,3,8,1,rue jules ferry,"48,4073610","6,8428580",1,1,1,2000.0,5,1,-1,-1,B01,1,0,2,1,1,5,3,159,0.0,B,2,3,0,1,1,1,5,1,50,adult
201900035591,1,9,2019,0 days 16:19:00,1,53,53226,2,1,1,3,7 rue des lilas,"48,2245060"," -0,9320710",1,1,2,1970.0,5,1,-1,-1,A01,3,0,2,1,1,5,4,,,,2,2,0,1,1,1,0,1,20,child
201900035591,1,9,2019,0 days 16:19:00,1,53,53226,2,1,1,3,7 rue des lilas,"48,2245060"," -0,9320710",1,4,2,2007.0,5,2,-1,-1,A01,3,0,2,1,1,5,4,,,,2,2,0,1,1,1,0,1,20,adult
201900035630,24,5,2019,0 days 17:37:00,1,68,68066,2,1,1,3,ROME (AVENUE DE),"48,0744700","7,3338200",1,1,1,1946.0,5,8,0,-1,B01,1,1,0,1,1,6,4,,0.0,,2,0,0,1,2,1,0,1,50,child
201900035630,24,5,2019,0 days 17:37:00,1,68,68066,2,1,1,3,ROME (AVENUE DE),"48,0744700","7,3338200",1,4,2,1999.0,0,8,0,-1,B01,1,1,0,1,1,6,4,,0.0,,2,0,0,1,2,1,0,1,50,adult
201900035702,2,3,2019,0 days 09:00:00,1,2A,2A004,2,1,1,2,LANTIVY BD,"41,9170872","8,7360081",1,1,1,1942.0,5,1,8,-1,B01,3,0,2,4,2,5,4,,0.0,,2,2,0,1,1,1,0,1,50,child
201900035702,2,3,2019,0 days 09:00:00,1,2A,2A004,2,1,1,2,LANTIVY BD,"41,9170872","8,7360081",1,4,2,1981.0,1,8,4,-1,B01,3,0,2,4,2,5,4,,0.0,,2,2,0,1,1,1,0,1,50,adult
201900035712,28,2,2019,0 days 10:00:00,1,95,95018,2,2,1,5,JAURES (AVENUE JEAN),"48,9398400","2,2284100",1,4,1,1944.0,5,8,0,-1,B01,2,0,2,8,1,0,3,41,0.0,,3,6,0,2,1,1,5,1,50,child
201900035712,28,2,2019,0 days 10:00:00,1,95,95018,2,2,1,5,JAURES (AVENUE JEAN),"48,9398400","2,2284100",1,1,1,1984.0,9,1,0,-1,B01,2,0,2,8,1,0,3,41,0.0,,3,6,0,2,1,1,5,1,50,adult
201900035712,28,2,2019,0 days 10:00:00,1,95,95018,2,2,1,5,JAURES (AVENUE JEAN),"48,9398400","2,2284100",1,1,1,1990.0,-1,1,0,0,B01,2,0,2,8,1,0,3,41,0.0,,3,6,0,2,1,1,5,1,50,adult
201900035717,27,2,2019,0 days 16:50:00,1,91,91657,2,3,1,6,CONCORDE (AVENUE),"48,7037300","2,4255000",1,4,2,1954.0,5,8,0,0,P01,1,0,2,1,16,5,4,RESISTANCE (RUE DE LA ),0.0,,2,2,0,1,1,1,6,1,50,child
201900035717,27,2,2019,0 days 16:50:00,1,91,91657,2,3,1,6,CONCORDE (AVENUE),"48,7037300","2,4255000",1,1,2,1982.0,1,8,0,-1,P01,1,0,2,1,16,5,4,RESISTANCE (RUE DE LA ),0.0,,2,2,0,1,1,1,6,1,50,adult
201900035748,27,2,2019,0 days 18:10:00,1,80,80021,2,3,1,3,"280, BD DE BAPAUME","49,8792300","2,3062500",1,1,1,1965.0,0,2,0,-1,A01,0,0,2,0,15,5,4,BAPAUME (BOULEVARD DE),0.0,,2,2,0,1,1,1,0,1,50,child
201900035748,27,2,2019,0 days 18:10:00,1,80,80021,2,3,1,3,"280, BD DE BAPAUME","49,8792300","2,3062500",1,4,1,2000.0,0,2,0,-1,A01,0,0,2,0,15,5,4,BAPAUME (BOULEVARD DE),0.0,,2,2,0,1,1,1,0,1,50,adult
201900035768,28,2,2019,0 days 17:45:00,1,72,72095,2,1,1,3,PAIX (RUE DE LA),"48,0242000","0,2033600",1,1,2,1979.0,0,1,0,-1,A01,2,0,2,1,2,5,4,PAIX (RUE DE LA),0.0,,2,2,0,2,1,1,0,1,50,child
201900035768,28,2,2019,0 days 17:45:00,1,72,72095,2,1,1,3,PAIX (RUE DE LA),"48,0242000","0,2033600",1,4,1,2001.0,5,8,0,-1,A01,2,0,2,1,2,5,4,PAIX (RUE DE LA),0.0,,2,2,0,2,1,1,0,1,50,adult
201900035768,28,2,2019,0 days 17:45:00,1,72,72095,2,1,1,3,PAIX (RUE DE LA),"48,0242000","0,2033600",2,1,1,2004.0,5,8,0,-1,A01,2,0,2,1,2,5,4,PAIX (RUE DE LA),0.0,,2,2,0,2,1,1,0,1,50,adult
201900035798,1,3,2019,0 days 13:25:00,1,64,64445,2,1,1,2,HAUTERIVE,"43,3231500"," -0,3489100",1,1,2,1962.0,9,1,0,-1,A01,2,0,2,1,2,5,4,HAUTERIVE,0.0,,2,3,0,1,1,1,0,1,50,child
201900035798,1,3,2019,0 days 13:25:00,1,64,64445,2,1,1,2,HAUTERIVE,"43,3231500"," -0,3489100",1,4,1,1996.0,2,8,0,-1,A01,2,0,2,1,2,5,4,HAUTERIVE,0.0,,2,3,0,1,1,1,0,1,50,adult
201900035905,9,4,2019,0 days 15:45:00,1,92,92044,2,2,1,5,ARISTIDE BRIAND(RUE)1A49 ET 2A52,"48,8898430","2,2823660",1,1,2,1962.0,0,1,0,-1,B01,2,0,2,3,1,5,4,ARISTIDE BRIAND(RUE)1A49 ET 2A52,0.0,,1,2,0,1,1,1,0,1,50,child
201900035905,9,4,2019,0 days 15:45:00,1,92,92044,2,2,1,5,ARISTIDE BRIAND(RUE)1A49 ET 2A52,"48,8898430","2,2823660",1,4,1,1989.0,5,9,8,-1,B01,2,0,2,3,1,5,4,ARISTIDE BRIAND(RUE)1A49 ET 2A52,0.0,,1,2,0,1,1,1,0,1,50,adult
201900035905,9,4,2019,0 days 15:45:00,1,92,92044,2,2,1,5,ARISTIDE BRIAND(RUE)1A49 ET 2A52,"48,8898430","2,2823660",1,4,1,2005.0,5,8,0,-1,B01,2,0,2,3,1,5,4,ARISTIDE BRIAND(RUE)1A49 ET 2A52,0.0,,1,2,0,1,1,1,0,1,50,adult
201900035912,8,4,2019,0 days 19:00:00,1,92,92063,2,1,1,2,COLMAR (AVENUE DE),"48,8264372","2,2442365",1,1,1,1953.0,1,1,0,-1,B01,3,1,0,1,1,5,4,YVES KERMEN (RUE) 3/49 - 2/38,0.0,,3,4,0,1,1,1,0,1,50,child
201900035912,8,4,2019,0 days 19:00:00,1,92,92063,2,1,1,2,COLMAR (AVENUE DE),"48,8264372","2,2442365",1,4,1,1995.0,1,8,0,-1,B01,3,1,0,1,1,5,4,YVES KERMEN (RUE) 3/49 - 2/38,0.0,,3,4,0,1,1,1,0,1,50,adult
201900035926,8,4,2019,0 days 16:00:00,1,83,83073,2,1,1,2,Rue Victor Hugo,"43,3949030","6,3142540",1,3,1,1966.0,5,2,-1,-1,B01,1,0,2,4,2,5,3,33,,,2,2,0,1,1,1,0,1,50,child
201900035926,8,4,2019,0 days 16:00:00,1,83,83073,2,1,1,2,Rue Victor Hugo,"43,3949030","6,3142540",1,1,2,1998.0,5,1,-1,-1,B01,1,0,2,4,2,5,3,33,,,2,2,0,1,1,1,0,1,50,adult
201900035933,10,4,2019,0 days 13:26:00,1,89,89237,2,4,1,3,Rue Camélinat,"47,5994310","3,6808000",1,4,1,1965.0,5,0,-1,-1,B01,1,0,2,1,1,5,3,950,0.0,,2,2,0,1,1,1,0,1,50,child
201900035933,10,4,2019,0 days 13:26:00,1,89,89237,2,4,1,3,Rue Camélinat,"47,5994310","3,6808000",1,1,2,1991.0,1,1,-1,-1,B01,1,0,2,1,1,5,3,950,0.0,,2,2,0,1,1,1,0,1,50,adult
201900035941,9,4,2019,0 days 14:10:00,1,44,44185,1,1,1,3,Ker Yannick,"47,6234450"," -2,0450650",1,2,1,1958.0,5,0,-1,-1,B01,2,0,2,3,1,6,3,164,0.0,,2,2,0,1,1,1,0,1,80,child
201900035941,9,4,2019,0 days 14:10:00,1,44,44185,1,1,1,3,Ker Yannick,"47,6234450"," -2,0450650",1,1,1,1985.0,4,1,-1,-1,B01,2,0,2,3,1,6,3,164,0.0,,2,2,0,1,1,1,0,1,80,adult
201900035985,9,4,2019,0 days 07:45:00,1,81,81054,1,1,2,3,RN 126 PK 45+450,"43,5691150","2,1324900",1,2,1,1948.0,5,0,-1,-1,A01,2,0,2,6,19,5,2,126,,,2,2,0,1,1,2,9,1,80,child
201900035985,9,4,2019,0 days 07:45:00,1,81,81054,1,1,2,3,RN 126 PK 45+450,"43,5691150","2,1324900",1,1,2,1995.0,5,1,-1,-1,A01,2,0,2,6,19,5,2,126,,,2,2,0,1,1,2,9,1,80,adult
201900036078,24,7,2019,0 days 09:05:00,1,73,73186,2,1,1,1,D71 B,"45,8062090","6,5172303",1,1,1,1943.0,3,1,-1,-1,B01,1,0,2,1,5,5,3,71,0.0,B,2,2,0,2,2,1,0,1,50,child
201900036078,24,7,2019,0 days 09:05:00,1,73,73186,2,1,1,1,D71 B,"45,8062090","6,5172303",1,4,1,1985.0,5,2,-1,-1,B01,1,0,2,1,5,5,3,71,0.0,B,2,2,0,2,2,1,0,1,50,adult
201900036096,2,6,2019,0 days 15:00:00,1,13,13072,2,1,1,5,Avenue de la Libération,"43,4461610","5,6380120",1,1,1,1981.0,5,1,-1,-1,D01,1,0,2,1,5,5,3,908,,,2,2,0,2,2,1,0,1,50,child
201900036096,2,6,2019,0 days 15:00:00,1,13,13072,2,1,1,5,Avenue de la Libération,"43,4461610","5,6380120",1,3,1,2001.0,9,2,-1,-1,D01,1,0,2,1,5,5,3,908,,,2,2,0,2,2,1,0,1,50,adult
201900036096,2,6,2019,0 days 15:00:00,1,13,13072,2,1,1,5,Avenue de la Libération,"43,4461610","5,6380120",1,4,1,2002.0,9,2,-1,-1,D01,1,0,2,1,5,5,3,908,,,2,2,0,2,2,1,0,1,50,adult
201900036104,24,7,2019,0 days 10:30:00,1,35,35228,1,1,1,3,D 266,"48,6067590"," -2,0676660",1,2,2,1943.0,5,0,-1,-1,B01,2,0,2,8,1,5,3,266,,,2,2,0,1,1,1,0,1,80,child
201900036104,24,7,2019,0 days 10:30:00,1,35,35228,1,1,1,3,D 266,"48,6067590"," -2,0676660",1,1,2,1964.0,5,1,-1,-1,B01,2,0,2,8,1,5,3,266,,,2,2,0,1,1,1,0,1,80,adult
201900036160,20,7,2019,0 days 13:10:00,1,56,56121,2,1,1,3,JAURES ( AVE JEAN ),"47,7451800"," -3,3740200",1,1,1,1976.0,0,1,8,-1,A01,1,0,2,0,19,5,4,JAURES ( AVE JEAN ),0.0,,2,2,0,1,1,1,0,1,30,child
201900036160,20,7,2019,0 days 13:10:00,1,56,56121,2,1,1,3,JAURES ( AVE JEAN ),"47,7451800"," -3,3740200",1,4,1,2001.0,9,8,8,-1,A01,1,0,2,0,19,5,4,JAURES ( AVE JEAN ),0.0,,2,2,0,1,1,1,0,1,30,adult
201900036185,21,7,2019,0 days 20:30:00,1,75,75116,2,2,1,6,ALLEE DE LA REINE MARGUERITE,"48,8585740","2,2448590",1,4,1,1964.0,5,2,0,-1,B01,2,0,2,1,1,5,4,ALLEE DE LA REINE MARGUERITE,0.0,,2,4,0,1,1,1,0,1,50,child
201900036185,21,7,2019,0 days 20:30:00,1,75,75116,2,2,1,6,ALLEE DE LA REINE MARGUERITE,"48,8585740","2,2448590",1,1,1,1985.0,5,1,0,-1,B01,2,0,2,1,1,5,4,ALLEE DE LA REINE MARGUERITE,0.0,,2,4,0,1,1,1,0,1,50,adult
201900036185,21,7,2019,0 days 20:30:00,1,75,75116,2,2,1,6,ALLEE DE LA REINE MARGUERITE,"48,8585740","2,2448590",2,1,1,1990.0,5,1,0,-1,B01,2,0,2,1,1,5,4,ALLEE DE LA REINE MARGUERITE,0.0,,2,4,0,1,1,1,0,1,50,adult
201900036185,21,7,2019,0 days 20:30:00,1,75,75116,2,2,1,6,ALLEE DE LA REINE MARGUERITE,"48,8585740","2,2448590",2,1,1,1994.0,5,1,0,-1,B01,2,0,2,1,1,5,4,ALLEE DE LA REINE MARGUERITE,0.0,,2,4,0,1,1,1,0,1,50,adult
201900036185,21,7,2019,0 days 20:30:00,1,75,75116,2,2,1,6,ALLEE DE LA REINE MARGUERITE,"48,8585740","2,2448590",2,1,1,1998.0,5,1,0,-1,B01,2,0,2,1,1,5,4,ALLEE DE LA REINE MARGUERITE,0.0,,2,4,0,1,1,1,0,1,50,adult