Num_Acc,jour,mois,an,hrmn,lum,dep,com,agg,int,atm,col,adr,lat,long,catu,grav,sexe,an_nais,trajet,secu1,secu2,secu3,num_veh_y,senc,obs,obsm,choc,manv,motor,catr,voie,v1,v2,circ,nbv,vosp,prof,plan,surf,infra,situ,vma,age
201900036206,13,12,2019,0 days 20:35:00,5,17,17300,2,6,3,3,NORMANDIN   RUE EMILE,"46,1418000"," -1,1399800",1,1,1,1957.0,0,1,0,-1,B01,1,0,2,7,1,5,4,NORMANDIN   RUE EMILE,0.0,,1,2,2,1,2,2,0,5,50,child
201900036206,13,12,2019,0 days 20:35:00,5,17,17300,2,6,3,3,NORMANDIN   RUE EMILE,"46,1418000"," -1,1399800",1,4,2,1996.0,5,2,0,-1,B01,1,0,2,7,1,5,4,NORMANDIN   RUE EMILE,0.0,,1,2,2,1,2,2,0,5,50,adult
201900036232,11,12,2019,0 days 21:25:00,5,75,75114,2,4,2,3,BOULEVARD BRUNE,"48,8241117","2,3212317",1,1,1,1958.0,4,1,0,-1,B01,1,0,2,1,1,5,4,BOULEVARD BRUNE,0.0,,3,3,1,1,1,2,0,5,50,child
201900036232,11,12,2019,0 days 21:25:00,5,75,75114,2,4,2,3,BOULEVARD BRUNE,"48,8241117","2,3212317",2,1,1,1966.0,5,1,0,-1,B01,1,0,2,1,1,5,4,BOULEVARD BRUNE,0.0,,3,3,1,1,1,2,0,5,50,adult
201900036232,11,12,2019,0 days 21:25:00,5,75,75114,2,4,2,3,BOULEVARD BRUNE,"48,8241117","2,3212317",1,4,1,1968.0,0,2,8,-1,B01,1,0,2,1,1,5,4,BOULEVARD BRUNE,0.0,,3,3,1,1,1,2,0,5,50,adult
201900036232,11,12,2019,0 days 21:25:00,5,75,75114,2,4,2,3,BOULEVARD BRUNE,"48,8241117","2,3212317",2,1,1,1981.0,5,1,0,-1,B01,1,0,2,1,1,5,4,BOULEVARD BRUNE,0.0,,3,3,1,1,1,2,0,5,50,adult
201900036233,13,12,2019,0 days 19:20:00,5,75,75104,2,3,2,3,RUE DE LOBAU,"48,8569590","2,3537140",1,4,1,1965.0,4,1,0,-1,A01,1,0,2,1,1,5,4,RUE DE LOBAU,0.0,,2,2,1,1,1,2,0,5,50,child
201900036233,13,12,2019,0 days 19:20:00,5,75,75104,2,3,2,3,RUE DE LOBAU,"48,8569590","2,3537140",1,4,2,1992.0,0,8,2,-1,A01,1,0,2,1,1,5,4,RUE DE LOBAU,0.0,,2,2,1,1,1,2,0,5,50,adult
201900036239,13,12,2019,0 days 17:00:00,1,75,75108,2,1,1,3,RUE DE ROME,"48,8810950","2,3210010",1,1,1,1951.0,5,1,0,-1,B01,1,0,2,1,1,5,4,RUE DE ROME,0.0,,2,3,1,1,1,1,0,5,50,child
201900036239,13,12,2019,0 days 17:00:00,1,75,75108,2,1,1,3,RUE DE ROME,"48,8810950","2,3210010",1,4,2,1989.0,1,8,2,-1,B01,1,0,2,1,1,5,4,RUE DE ROME,0.0,,2,3,1,1,1,1,0,5,50,adult
201900036274,13,12,2019,0 days 16:45:00,1,93,93001,2,1,1,3,HEURTAULT (RUE),"48,9133300","2,3760800",1,1,2,1984.0,1,1,0,-1,B01,2,0,2,2,5,0,9,HEURTAULT (RUE),0.0,,1,1,0,1,1,1,0,-1,50,child
201900036274,13,12,2019,0 days 16:45:00,1,93,93001,2,1,1,3,HEURTAULT (RUE),"48,9133300","2,3760800",1,4,2,2005.0,9,8,0,-1,B01,2,0,2,2,5,0,9,HEURTAULT (RUE),0.0,,1,1,0,1,1,1,0,-1,50,adult
201900036353,29,7,2019,0 days 17:30:00,1,49,49278,1,1,1,3,D112,"47,4278590"," -0,5574720",1,3,1,1946.0,5,0,-1,-1,A01,1,0,2,8,9,5,3,112,,,2,2,2,1,1,1,0,1,-1,child
201900036353,29,7,2019,0 days 17:30:00,1,49,49278,1,1,1,3,D112,"47,4278590"," -0,5574720",1,1,2,2001.0,1,1,-1,-1,A01,1,0,2,8,9,5,3,112,,,2,2,2,1,1,1,0,1,-1,adult
201900036383,7,5,2019,0 days 17:00:00,1,10,10081,2,9,1,3,JEAN JAURES (AVENUE),"48,3080700","4,0433300",1,1,1,1966.0,9,1,0,-1,B01,1,0,2,1,26,5,4,JEAN JAURES (AVENUE),0.0,,-1,2,1,1,1,1,5,1,50,child
201900036383,7,5,2019,0 days 17:00:00,1,10,10081,2,9,1,3,JEAN JAURES (AVENUE),"48,3080700","4,0433300",1,4,1,2011.0,5,8,0,-1,B01,1,0,2,1,26,5,4,JEAN JAURES (AVENUE),0.0,,-1,2,1,1,1,1,5,1,50,adult
201900036389,29,4,2019,0 days 09:25:00,1,10,10333,2,6,1,3,ABBAYE DE MONTIER LA CELLE (RUE DE),"48,2857600","4,0523400",1,1,1,1900.0,-1,1,9,9,B01,3,0,2,7,26,5,4,ABBAYE DE MONTIER LA CELLE (RUE DE),0.0,,2,2,0,1,3,1,9,1,50,child
201900036389,29,4,2019,0 days 09:25:00,1,10,10333,2,6,1,3,ABBAYE DE MONTIER LA CELLE (RUE DE),"48,2857600","4,0523400",1,4,1,1997.0,1,8,0,-1,B01,3,0,2,7,26,5,4,ABBAYE DE MONTIER LA CELLE (RUE DE),0.0,,2,2,0,1,3,1,9,1,50,adult
201900036440,6,5,2019,0 days 11:05:00,1,6,06069,2,1,1,2,PEGOMAS (ROUTE DE),"43,6415470","6,9369800",1,4,1,1938.0,5,2,8,-1,B01,2,0,2,4,1,5,3,9,0.0,,2,3,0,2,1,1,3,1,50,child
201900036440,6,5,2019,0 days 11:05:00,1,6,06069,2,1,1,2,PEGOMAS (ROUTE DE),"43,6415470","6,9369800",1,1,1,1967.0,0,1,0,-1,B01,2,0,2,4,1,5,3,9,0.0,,2,3,0,2,1,1,3,1,50,adult
201900036442,1,5,2019,0 days 11:15:00,1,6,06069,2,1,1,1,ALBERT 1ER,"43,6638579","6,9230765",2,1,2,1967.0,9,1,0,-1,B01,2,0,2,3,9,5,4,ALBERT 1ER,0.0,,2,2,0,2,1,1,0,1,50,child
201900036442,1,5,2019,0 days 11:15:00,1,6,06069,2,1,1,1,ALBERT 1ER,"43,6638579","6,9230765",1,1,2,1971.0,9,1,0,-1,B01,2,0,2,3,9,5,4,ALBERT 1ER,0.0,,2,2,0,2,1,1,0,1,50,adult
201900036442,1,5,2019,0 days 11:15:00,1,6,06069,2,1,1,1,ALBERT 1ER,"43,6638579","6,9230765",1,4,1,2012.0,5,2,0,-1,B01,2,0,2,3,9,5,4,ALBERT 1ER,0.0,,2,2,0,2,1,1,0,1,50,adult
201900036546,28,5,2019,0 days 15:30:00,1,75,75105,2,1,1,2,RUE POLIVEAU,"48,8401460","2,3587790",1,4,1,1943.0,5,8,0,-1,A01,2,0,2,1,5,5,4,RUE POLIVEAU,0.0,,1,2,0,1,1,1,0,1,30,child
201900036546,28,5,2019,0 days 15:30:00,1,75,75105,2,1,1,2,RUE POLIVEAU,"48,8401460","2,3587790",1,1,2,1976.0,1,1,0,-1,A01,2,0,2,1,5,5,4,RUE POLIVEAU,0.0,,1,2,0,1,1,1,0,1,30,adult
201900036630,4,11,2019,0 days 08:35:00,2,69,69236,1,3,2,3,D488e,"45,5659900","4,7030510",1,3,1,1959.0,5,2,-1,-1,B01,2,0,2,7,1,5,3,488,0.0,E,2,2,0,1,1,2,0,1,70,child
201900036630,4,11,2019,0 days 08:35:00,2,69,69236,1,3,2,3,D488e,"45,5659900","4,7030510",1,1,2,1988.0,0,1,-1,-1,B01,2,0,2,7,1,5,3,488,0.0,E,2,2,0,1,1,2,0,1,70,adult
201900036716,25,10,2019,0 days 20:18:00,5,84,84007,2,2,1,3,MONCLAR (Avenue),"43,9374800","4,8050900",1,3,1,1966.0,5,8,4,-1,B01,3,0,2,3,1,0,4,MONCLAR (Avenue),0.0,,2,0,1,1,1,1,5,1,50,child
201900036716,25,10,2019,0 days 20:18:00,5,84,84007,2,2,1,3,MONCLAR (Avenue),"43,9374800","4,8050900",1,1,1,1989.0,5,1,0,-1,B01,3,0,2,3,1,0,4,MONCLAR (Avenue),0.0,,2,0,1,1,1,1,5,1,50,adult
201900036746,20,6,2019,0 days 17:30:00,1,91,91687,2,1,1,1,FORET (AVENUE DE LA),"48,6558700","2,3696000",1,1,1,1956.0,0,1,0,-1,B01,3,0,2,1,19,0,4,FORET (AVENUE DE LA),0.0,,2,2,0,1,1,1,0,2,50,child
201900036746,20,6,2019,0 days 17:30:00,1,91,91687,2,1,1,1,FORET (AVENUE DE LA),"48,6558700","2,3696000",1,4,1,2008.0,0,8,0,-1,B01,3,0,2,1,19,0,4,FORET (AVENUE DE LA),0.0,,2,2,0,1,1,1,0,2,50,adult
201900036758,17,6,2019,0 days 17:20:00,1,83,83129,2,9,1,6,COUDOULIERE (LA),"43,0932700","5,8120900",3,3,2,1931.0,5,8,0,-1,A01,1,0,1,1,1,5,4,COUDOULIERE (LA),0.0,,2,0,1,2,1,1,9,1,30,child
201900036758,17,6,2019,0 days 17:20:00,1,83,83129,2,9,1,6,COUDOULIERE (LA),"43,0932700","5,8120900",1,4,1,2000.0,5,8,0,-1,A01,1,0,1,1,1,5,4,COUDOULIERE (LA),0.0,,2,0,1,2,1,1,9,1,30,adult
201900036830,19,6,2019,0 days 15:53:00,1,49,49007,2,1,1,6,JUSTICES PLACE,"47,4529900"," -0,5263200",1,1,1,1949.0,0,1,0,-1,B01,3,0,2,1,19,5,4,JUSTICES PLACE,0.0,,2,2,0,1,1,1,0,1,30,child
201900036830,19,6,2019,0 days 15:53:00,1,49,49007,2,1,1,6,JUSTICES PLACE,"47,4529900"," -0,5263200",1,4,1,2004.0,9,8,0,-1,B01,3,0,2,1,19,5,4,JUSTICES PLACE,0.0,,2,2,0,1,1,1,0,1,30,adult
201900036833,21,6,2019,0 days 13:30:00,1,45,45234,2,3,1,3,131 BD DE CHATEAUDUN,"47,9123187","1,8942288",1,4,2,1962.0,1,2,0,-1,B01,1,0,2,1,1,0,4,131 BD DE CHATEAUDUN,0.0,,-1,2,1,1,1,1,0,5,50,child
201900036833,21,6,2019,0 days 13:30:00,1,45,45234,2,3,1,3,131 BD DE CHATEAUDUN,"47,9123187","1,8942288",1,1,2,1990.0,4,2,0,-1,B01,1,0,2,1,1,0,4,131 BD DE CHATEAUDUN,0.0,,-1,2,1,1,1,1,0,5,50,adult
201900036842,21,6,2019,0 days 08:00:00,1,37,37261,2,1,1,3,LAPIERRE (RUE GEORGES),"47,3916999","0,6709925",1,1,2,1955.0,1,1,8,-1,A01,1,0,2,7,17,5,4,LAPIERRE (RUE GEORGES),0.0,,1,1,0,1,1,1,0,1,50,child
201900036842,21,6,2019,0 days 08:00:00,1,37,37261,2,1,1,3,LAPIERRE (RUE GEORGES),"47,3916999","0,6709925",1,4,1,2005.0,2,8,8,-1,A01,1,0,2,7,17,5,4,LAPIERRE (RUE GEORGES),0.0,,1,1,0,1,1,1,0,1,50,adult
201900036855,21,6,2019,0 days 09:00:00,1,35,35238,2,3,7,1,LECLERC (AVENUE DU GENERAL),"48,1147500"," -1,6526200",1,1,2,1966.0,1,1,0,-1,B01,3,0,2,1,1,0,4,LECLERC (AVENUE DU GENERAL),0.0,,-1,2,0,2,1,1,5,1,50,child
201900036855,21,6,2019,0 days 09:00:00,1,35,35238,2,3,7,1,LECLERC (AVENUE DU GENERAL),"48,1147500"," -1,6526200",1,4,1,1989.0,1,8,0,-1,B01,3,0,2,1,1,0,4,LECLERC (AVENUE DU GENERAL),0.0,,-1,2,0,2,1,1,5,1,50,adult
201900036865,12,6,2019,0 days 17:30:00,1,33,33063,2,3,1,2,PCE DE STALINGRAD,"44,8405580"," -0,5590690",1,3,2,1970.0,0,8,0,-1,A01,0,0,2,1,1,5,4,PCE DE STALINGRAD,0.0,,1,3,0,2,1,1,0,1,30,child
201900036865,12,6,2019,0 days 17:30:00,1,33,33063,2,3,1,2,PCE DE STALINGRAD,"44,8405580"," -0,5590690",1,1,1,2002.0,5,8,0,-1,A01,0,0,2,1,1,5,4,PCE DE STALINGRAD,0.0,,1,3,0,2,1,1,0,1,30,adult
201900036990,10,5,2019,0 days 05:45:00,2,987,98758,2,1,1,1,en face du lycée public," -16,7398040"," -151,4570020",1,1,1,1974.0,1,1,-1,-1,B01,3,0,2,1,26,5,4,,,,2,2,0,1,1,1,0,1,40,child
201900036990,10,5,2019,0 days 05:45:00,2,987,98758,2,1,1,1,en face du lycée public," -16,7398040"," -151,4570020",1,3,1,1997.0,1,0,-1,-1,B01,3,0,2,1,26,5,4,,,,2,2,0,1,1,1,0,1,40,adult
201900036992,11,5,2019,0 days 18:00:00,4,987,98747,1,1,1,1,RT.3 à hauteur du PK14+300 à TAUTIRA," -17,7456570"," -149,2420810",1,1,1,1978.0,1,1,-1,-1,B01,1,0,2,7,19,5,2,3,0.0,,2,2,0,1,1,1,0,1,-1,child
201900036992,11,5,2019,0 days 18:00:00,4,987,98747,1,1,1,1,RT.3 à hauteur du PK14+300 à TAUTIRA," -17,7456570"," -149,2420810",1,2,1,2005.0,5,0,-1,-1,B01,1,0,2,7,19,5,2,3,0.0,,2,2,0,1,1,1,0,1,-1,adult
201900036997,2,6,2019,0 days 03:00:00,5,987,98733,2,1,1,1,PK 20.500 RT1," -17,6793140"," -149,5877070",1,1,1,1977.0,5,1,-1,-1,B01,1,0,2,1,1,6,2,1,,,2,2,2,1,1,1,0,1,60,child
201900036997,2,6,2019,0 days 03:00:00,5,987,98733,2,1,1,1,PK 20.500 RT1," -17,6793140"," -149,5877070",2,2,1,2001.0,5,0,-1,-1,B01,1,0,2,1,1,6,2,1,,,2,2,2,1,1,1,0,1,60,adult
201900036997,2,6,2019,0 days 03:00:00,5,987,98733,2,1,1,1,PK 20.500 RT1," -17,6793140"," -149,5877070",1,3,1,2002.0,5,0,-1,-1,B01,1,0,2,1,1,6,2,1,,,2,2,2,1,1,1,0,1,60,adult
201900037051,1,10,2019,0 days 10:25:00,1,69,69034,2,6,1,3,LOUIS DUFOUR                        (AV),"45,8007800","4,8514300",1,1,1,1949.0,5,1,8,-1,B01,2,0,2,4,1,5,3,1E1,0.0,,2,2,0,1,1,1,0,1,50,child
201900037051,1,10,2019,0 days 10:25:00,1,69,69034,2,6,1,3,LOUIS DUFOUR                        (AV),"45,8007800","4,8514300",1,4,1,1974.0,5,2,8,-1,B01,2,0,2,4,1,5,3,1E1,0.0,,2,2,0,1,1,1,0,1,50,adult
201900037075,1,10,2019,0 days 14:20:00,1,56,56121,2,6,1,3,BLUM ( BD LEON ),"47,7492000"," -3,3735800",1,1,2,1957.0,4,1,8,-1,B01,3,0,2,7,0,5,4,BLUM ( BD LEON ),0.0,,1,1,0,1,1,1,5,1,30,child
201900037075,1,10,2019,0 days 14:20:00,1,56,56121,2,6,1,3,BLUM ( BD LEON ),"47,7492000"," -3,3735800",1,4,1,2002.0,4,2,8,-1,B01,3,0,2,7,0,5,4,BLUM ( BD LEON ),0.0,,1,1,0,1,1,1,5,1,30,adult
201900037080,2,10,2019,0 days 08:30:00,1,44,44114,2,1,1,3,ROND-POINT DU HAMEAU DU MAIL,"47,2695800"," -1,6142300",1,4,1,1946.0,5,2,0,-1,B01,1,0,1,7,9,5,4,,0.0,,2,0,0,2,1,1,0,1,50,child
201900037080,2,10,2019,0 days 08:30:00,1,44,44114,2,1,1,3,ROND-POINT DU HAMEAU DU MAIL,"47,2695800"," -1,6142300",1,1,1,1977.0,0,1,0,-1,B01,1,0,1,7,9,5,4,,0.0,,2,0,0,2,1,1,0,1,50,adult
201900037128,19,1,2019,0 days 10:40:00,1,17,17300,2,2,1,1,CREPEAU   AVENUE MICHEL,"46,1492200"," -1,1586600",1,1,1,1960.0,1,1,8,-1,B01,1,0,2,2,1,5,4,CREPEAU   AVENUE MICHEL,0.0,,2,2,0,1,1,2,5,1,50,child
201900037128,19,1,2019,0 days 10:40:00,1,17,17300,2,2,1,1,CREPEAU   AVENUE MICHEL,"46,1492200"," -1,1586600",1,4,2,1998.0,5,8,0,-1,B01,1,0,2,2,1,5,4,CREPEAU   AVENUE MICHEL,0.0,,2,2,0,1,1,2,5,1,50,adult
201900037184,17,1,2019,0 days 10:50:00,1,75,75105,2,3,1,2,BOULEVARD SAINT MICHEL,"48,8473400","2,3408440",1,4,2,1939.0,0,8,0,-1,B01,2,0,2,4,1,5,4,BOULEVARD SAINT MICHEL,0.0,,2,2,0,2,1,1,0,1,50,child
201900037184,17,1,2019,0 days 10:50:00,1,75,75105,2,3,1,2,BOULEVARD SAINT MICHEL,"48,8473400","2,3408440",1,1,1,1972.0,4,1,0,-1,B01,2,0,2,4,1,5,4,BOULEVARD SAINT MICHEL,0.0,,2,2,0,2,1,1,0,1,50,adult
201900037225,17,1,2019,0 days 21:00:00,5,75,75110,2,1,1,3,QUAI DE VALMY,"48,8768480","2,3646880",1,1,2,1968.0,5,1,0,-1,B01,2,0,2,1,1,5,4,QUAI DE VALMY,0.0,,1,2,1,2,1,1,0,5,50,child
201900037225,17,1,2019,0 days 21:00:00,5,75,75110,2,1,1,3,QUAI DE VALMY,"48,8768480","2,3646880",1,4,1,1991.0,4,2,6,-1,B01,2,0,2,1,1,5,4,QUAI DE VALMY,0.0,,1,2,1,2,1,1,0,5,50,adult
201900037236,19,1,2019,0 days 10:00:00,1,75,75107,2,1,1,6,QUAI D ORSAY,"48,8628970","2,3169590",2,1,1,1957.0,0,1,0,-1,B01,2,0,2,0,1,5,4,QUAI D ORSAY,0.0,,2,3,2,1,1,1,0,5,50,child
201900037236,19,1,2019,0 days 10:00:00,1,75,75107,2,1,1,6,QUAI D ORSAY,"48,8628970","2,3169590",1,4,1,1959.0,0,2,0,-1,B01,2,0,2,0,1,5,4,QUAI D ORSAY,0.0,,2,3,2,1,1,1,0,5,50,adult
201900037236,19,1,2019,0 days 10:00:00,1,75,75107,2,1,1,6,QUAI D ORSAY,"48,8628970","2,3169590",1,1,1,1989.0,4,1,0,-1,B01,2,0,2,0,1,5,4,QUAI D ORSAY,0.0,,2,3,2,1,1,1,0,5,50,adult
201900037251,17,1,2019,0 days 09:30:00,1,94,94076,2,1,1,7,PARIS (AV DE),"48,8043400","2,3644600",3,4,1,1960.0,1,0,0,-1,A01,2,0,1,7,25,6,3,7,0.0,,1,0,1,2,1,3,0,1,30,child
201900037251,17,1,2019,0 days 09:30:00,1,94,94076,2,1,1,7,PARIS (AV DE),"48,8043400","2,3644600",1,1,1,1984.0,0,2,0,-1,A01,2,0,1,7,25,6,3,7,0.0,,1,0,1,2,1,3,0,1,30,adult
201900037302,26,8,2019,0 days 10:35:00,1,2B,2B033,2,9,1,3,CAP - ROUTE DU CAP,"42,7094500","9,4544200",1,4,1,1971.0,5,2,0,-1,B01,1,0,2,0,0,0,4,CAP - ROUTE DU CAP,0.0,,-1,2,0,1,2,1,0,1,50,child
201900037302,26,8,2019,0 days 10:35:00,1,2B,2B033,2,9,1,3,CAP - ROUTE DU CAP,"42,7094500","9,4544200",1,1,1,1992.0,5,8,0,-1,B01,1,0,2,0,0,0,4,CAP - ROUTE DU CAP,0.0,,-1,2,0,1,2,1,0,1,50,adult
201900037302,26,8,2019,0 days 10:35:00,1,2B,2B033,2,9,1,3,CAP - ROUTE DU CAP,"42,7094500","9,4544200",2,1,2,1994.0,5,1,0,-1,B01,1,0,2,0,0,0,4,CAP - ROUTE DU CAP,0.0,,-1,2,0,1,2,1,0,1,50,adult
201900037332,26,8,2019,0 days 13:20:00,1,85,85194,2,6,1,3,RUE GEORGES CLEMENCEAU ,"46,4996500"," -1,7564500",1,1,2,1931.0,5,1,0,-1,B01,3,0,2,0,1,0,4,RUE GEORGES CLEMENCEAU ,0.0,,1,2,1,1,2,1,0,1,50,child
201900037332,26,8,2019,0 days 13:20:00,1,85,85194,2,6,1,3,RUE GEORGES CLEMENCEAU ,"46,4996500"," -1,7564500",1,4,1,1963.0,1,8,0,-1,B01,3,0,2,0,1,0,4,RUE GEORGES CLEMENCEAU ,0.0,,1,2,1,1,2,1,0,1,50,adult
201900037369,31,8,2019,0 days 10:50:00,1,69,69091,2,1,1,2,NEUVE  ( RTE ),"45,5840400","4,7671400",1,3,1,1947.0,5,2,0,-1,A01,2,0,2,4,26,5,3,50,0.0,,2,2,0,2,1,1,0,1,50,child
201900037369,31,8,2019,0 days 10:50:00,1,69,69091,2,1,1,2,NEUVE  ( RTE ),"45,5840400","4,7671400",1,4,2,1993.0,3,1,0,-1,A01,2,0,2,4,26,5,3,50,0.0,,2,2,0,2,1,1,0,1,50,adult
201900037375,29,8,2019,0 days 10:04:00,1,66,66136,2,1,1,1,JULIEN PANCHOT (AVENUE),"42,6871200","2,8704000",1,4,1,1938.0,5,2,8,-1,B01,2,0,2,1,1,5,4,JULIEN PANCHOT (AVENUE),0.0,,3,2,1,1,1,1,0,1,50,child
201900037375,29,8,2019,0 days 10:04:00,1,66,66136,2,1,1,1,JULIEN PANCHOT (AVENUE),"42,6871200","2,8704000",1,1,1,1987.0,4,1,8,-1,B01,2,0,2,1,1,5,4,JULIEN PANCHOT (AVENUE),0.0,,3,2,1,1,1,1,0,1,50,adult
201900037381,27,8,2019,0 days 12:00:00,1,64,64483,2,9,1,3,LARRAMENDY PIERRE (AVENUE),"43,3835900"," -1,6598900",1,1,1,1965.0,0,1,0,-1,A01,1,0,2,1,15,5,4,LARRAMENDY PIERRE (AVENUE),0.0,,2,3,1,1,1,1,0,3,50,child
201900037381,27,8,2019,0 days 12:00:00,1,64,64483,2,9,1,3,LARRAMENDY PIERRE (AVENUE),"43,3835900"," -1,6598900",1,4,1,1991.0,0,8,0,-1,A01,1,0,2,1,15,5,4,LARRAMENDY PIERRE (AVENUE),0.0,,2,3,1,1,1,1,0,3,50,adult
201900037383,31,8,2019,0 days 17:20:00,1,64,64445,2,1,1,6,FEDERICO GARCIA LORCA,"43,3087200"," -0,3548200",1,1,1,1955.0,9,1,8,-1,B01,2,0,2,1,1,5,4,FEDERICO GARCIA LORCA,0.0,,2,2,0,1,1,1,0,1,50,child
201900037383,31,8,2019,0 days 17:20:00,1,64,64445,2,1,1,6,FEDERICO GARCIA LORCA,"43,3087200"," -0,3548200",1,4,2,1995.0,0,8,0,-1,B01,2,0,2,1,1,5,4,FEDERICO GARCIA LORCA,0.0,,2,2,0,1,1,1,0,1,50,adult
201900037407,31,8,2019,0 days 10:44:00,1,54,54395,2,1,1,1,LORRAIN (QUAI CLAUDE,"48,6964040","6,1707370",1,4,1,1952.0,0,8,0,-1,A01,1,0,6,1,26,5,4,LORRAIN (QUAI CLAUDE,0.0,,1,1,1,1,1,1,0,1,30,child
201900037407,31,8,2019,0 days 10:44:00,1,54,54395,2,1,1,1,LORRAIN (QUAI CLAUDE,"48,6964040","6,1707370",1,4,1,2000.0,0,8,0,-1,A01,1,0,6,1,26,5,4,LORRAIN (QUAI CLAUDE,0.0,,1,1,1,1,1,1,0,1,30,adult
201900037415,26,8,2019,0 days 18:55:00,1,54,54395,2,1,1,7,STANISLAS (RUE),"48,6932800","6,1824700",3,1,1,1982.0,-1,0,-1,-1,Z01,1,0,1,1,1,6,4,STANISLAS (RUE),0.0,,1,1,0,1,1,1,6,3,5,child
201900037415,26,8,2019,0 days 18:55:00,1,54,54395,2,1,1,7,STANISLAS (RUE),"48,6932800","6,1824700",3,4,1,2017.0,5,8,0,-1,Z01,1,0,1,1,1,6,4,STANISLAS (RUE),0.0,,1,1,0,1,1,1,6,3,5,adult
201900037418,24,8,2019,0 days 11:26:00,1,52,52121,2,3,1,3,R.D. 161,"48,1262000","5,1360000",1,3,1,1950.0,5,8,0,-1,B01,0,0,2,1,1,5,3,161,0.0,,2,2,0,1,2,1,0,1,50,child
201900037418,24,8,2019,0 days 11:26:00,1,52,52121,2,3,1,3,R.D. 161,"48,1262000","5,1360000",1,1,1,1987.0,5,1,0,-1,B01,0,0,2,1,1,5,3,161,0.0,,2,2,0,1,2,1,0,1,50,adult
201900037429,28,8,2019,0 days 13:21:00,1,49,49007,2,1,1,3,CARMES QUAI ET RUE,"47,4732900"," -0,5585800",1,4,1,1966.0,0,2,8,-1,B01,1,0,2,8,0,5,4,CARMES QUAI ET RUE,0.0,,2,2,0,1,1,1,0,1,60,child
201900037429,28,8,2019,0 days 13:21:00,1,49,49007,2,1,1,3,CARMES QUAI ET RUE,"47,4732900"," -0,5585800",1,4,1,1995.0,0,8,0,-1,B01,1,0,2,8,0,5,4,CARMES QUAI ET RUE,0.0,,2,2,0,1,1,1,0,1,60,adult
201900037451,19,2,2019,0 days 13:30:00,1,54,54395,2,1,1,6,LECLERC (AV. DU GENE,"48,6771650","6,1782040",1,4,1,1968.0,0,2,0,-1,B01,1,0,2,0,1,5,4,LECLERC (AV. DU GENE,0.0,,-1,1,0,1,1,1,0,1,50,child
201900037451,19,2,2019,0 days 13:30:00,1,54,54395,2,1,1,6,LECLERC (AV. DU GENE,"48,6771650","6,1782040",1,1,1,1992.0,0,8,0,-1,B01,1,0,2,0,1,5,4,LECLERC (AV. DU GENE,0.0,,-1,1,0,1,1,1,0,1,50,adult
201900037472,25,2,2019,0 days 08:03:00,1,49,49007,2,1,1,3,LETANDUERE,"47,4606100"," -0,5547000",2,4,1,1967.0,1,2,8,-1,B01,3,0,6,7,26,5,4,LETANDUERE,0.0,,-1,1,0,1,1,1,0,1,30,child
201900037472,25,2,2019,0 days 08:03:00,1,49,49007,2,1,1,3,LETANDUERE,"47,4606100"," -0,5547000",1,4,1,2000.0,1,2,0,-1,B01,3,0,6,7,26,5,4,LETANDUERE,0.0,,-1,1,0,1,1,1,0,1,30,adult
201900037502,26,2,2019,0 days 18:40:00,5,38,38185,2,1,1,6,JOUHAUX       61-102 A 79-118,"45,1756580","5,7442350",1,1,1,1968.0,0,1,0,-1,A01,3,0,2,3,15,5,4,,0.0,,2,2,0,1,1,1,0,1,50,child
201900037502,26,2,2019,0 days 18:40:00,5,38,38185,2,1,1,6,JOUHAUX       61-102 A 79-118,"45,1756580","5,7442350",1,4,1,2001.0,0,8,0,-1,A01,3,0,2,3,15,5,4,,0.0,,2,2,0,1,1,1,0,1,50,adult
201900037510,27,2,2019,0 days 05:35:00,3,37,37261,2,4,1,3,MIRABEAU (PONT),"47,4028000","0,7019600",1,4,1,1965.0,1,8,0,-1,A01,2,0,2,2,19,5,4,BERT (QUAI PAUL),0.0,,1,1,2,3,3,1,9,1,50,child
201900037510,27,2,2019,0 days 05:35:00,3,37,37261,2,4,1,3,MIRABEAU (PONT),"47,4028000","0,7019600",1,1,2,1993.0,5,1,8,-1,A01,2,0,2,2,19,5,4,BERT (QUAI PAUL),0.0,,1,1,2,3,3,1,9,1,50,adult
201900037510,27,2,2019,0 days 05:35:00,3,37,37261,2,4,1,3,MIRABEAU (PONT),"47,4028000","0,7019600",2,1,1,1995.0,0,1,8,-1,A01,2,0,2,2,19,5,4,BERT (QUAI PAUL),0.0,,1,1,2,3,3,1,9,1,50,adult
201900037518,27,2,2019,0 days 18:20:00,2,35,35238,2,2,1,6,BRIAND (AVENUE ARISTIDE),"48,1103000"," -1,6658700",1,1,1,1970.0,0,8,0,-1,B01,0,14,2,3,15,5,4,BRIAND (AVENUE ARISTIDE),0.0,,1,1,0,1,1,1,0,1,50,child
201900037518,27,2,2019,0 days 18:20:00,2,35,35238,2,2,1,6,BRIAND (AVENUE ARISTIDE),"48,1103000"," -1,6658700",1,4,1,2003.0,5,8,0,-1,B01,0,14,2,3,15,5,4,BRIAND (AVENUE ARISTIDE),0.0,,1,1,0,1,1,1,0,1,50,adult
201900037522,25,2,2019,0 days 19:45:00,3,35,35238,2,2,1,3,PARIS (RUE DE),"48,1146100"," -1,6572000",1,1,1,1970.0,1,2,6,-1,B01,0,0,2,5,19,5,4,PARIS (RUE DE),0.0,,2,3,0,1,1,1,5,1,30,child
201900037522,25,2,2019,0 days 19:45:00,3,35,35238,2,2,1,3,PARIS (RUE DE),"48,1146100"," -1,6572000",1,4,1,2005.0,5,8,0,-1,B01,0,0,2,5,19,5,4,PARIS (RUE DE),0.0,,2,3,0,1,1,1,5,1,30,adult
201900037564,26,2,2019,0 days 08:10:00,1,27,27681,2,9,1,6,ARDECHE (AVENUE DE L'),"49,0878100","1,4811100",1,2,2,1943.0,0,8,0,-1,B01,2,1,0,0,1,0,4,ARDECHE (AVENUE DE L'),0.0,,2,4,1,2,1,1,0,1,50,child