Num_Acc,jour,mois,an,hrmn,lum,dep,com,agg,int,atm,col,adr,lat,long,catu,grav,sexe,an_nais,trajet,secu1,secu2,secu3,num_veh_y,senc,obs,obsm,choc,manv,motor,catr,voie,v1,v2,circ,nbv,vosp,prof,plan,surf,infra,situ,vma,age
201900037564,26,2,2019,0 days 08:10:00,1,27,27681,2,9,1,6,ARDECHE (AVENUE DE L'),"49,0878100","1,4811100",1,1,2,1964.0,1,8,0,-1,B01,2,1,0,0,1,0,4,ARDECHE (AVENUE DE L'),0.0,,2,4,1,2,1,1,0,1,50,adult
201900037577,26,2,2019,0 days 10:25:00,1,19,19031,2,1,1,3,RIBOT (AVENUE),"45,1645400","1,5075200",1,1,1,1934.0,5,1,0,-1,B01,1,0,2,1,1,5,4,RIBOT (AVENUE),0.0,,2,2,0,1,1,1,0,1,50,child
201900037577,26,2,2019,0 days 10:25:00,1,19,19031,2,1,1,3,RIBOT (AVENUE),"45,1645400","1,5075200",1,4,1,1965.0,5,2,0,-1,B01,1,0,2,1,1,5,4,RIBOT (AVENUE),0.0,,2,2,0,1,1,1,0,1,50,adult
201900037580,23,2,2019,0 days 14:00:00,1,19,19031,2,3,1,3,BUFFET (AVENUE CAPITAINE ANDRE),"45,1639200","1,5521200",1,1,2,1949.0,0,1,0,-1,B01,1,0,2,7,1,5,4,BUFFET (AVENUE CAPITAINE ANDRE),0.0,,2,2,0,1,1,1,0,1,50,child
201900037580,23,2,2019,0 days 14:00:00,1,19,19031,2,3,1,3,BUFFET (AVENUE CAPITAINE ANDRE),"45,1639200","1,5521200",1,4,1,1989.0,0,2,0,-1,B01,1,0,2,7,1,5,4,BUFFET (AVENUE CAPITAINE ANDRE),0.0,,2,2,0,1,1,1,0,1,50,adult
201900037591,26,2,2019,0 days 17:05:00,1,17,17300,2,2,1,6,FROMENTIN   RUE EUGENE,"46,1603200"," -1,1541200",1,4,1,1943.0,5,8,0,-1,A01,3,6,0,1,1,5,4,FROMENTIN   RUE EUGENE,0.0,,1,1,0,1,1,1,5,1,30,child
201900037591,26,2,2019,0 days 17:05:00,1,17,17300,2,2,1,6,FROMENTIN   RUE EUGENE,"46,1603200"," -1,1541200",3,1,1,2001.0,5,8,0,-1,A01,3,6,0,1,1,5,4,FROMENTIN   RUE EUGENE,0.0,,1,1,0,1,1,1,5,1,30,adult
201900037596,28,2,2019,0 days 15:15:00,1,14,14327,2,1,1,3,GARBSEN (AVENUE DE),"49,2129900"," -0,3430700",1,4,1,1971.0,1,8,0,-1,B01,3,0,2,1,1,5,4,GARBSEN (AVENUE DE),0.0,,2,2,0,1,1,1,0,1,50,child
201900037596,28,2,2019,0 days 15:15:00,1,14,14327,2,1,1,3,GARBSEN (AVENUE DE),"49,2129900"," -0,3430700",1,1,1,1996.0,5,1,0,-1,B01,3,0,2,1,1,5,4,GARBSEN (AVENUE DE),0.0,,2,2,0,1,1,1,0,1,50,adult
201900037700,29,3,2019,0 days 12:40:00,1,41,41198,2,9,7,1,Impasse des Terres Rouges,"47,2609170","1,3620360",1,1,1,1952.0,3,1,-1,-1,B01,3,0,2,8,15,5,5,,,,-1,2,0,2,1,1,0,1,50,child
201900037700,29,3,2019,0 days 12:40:00,1,41,41198,2,9,7,1,Impasse des Terres Rouges,"47,2609170","1,3620360",1,3,1,1985.0,3,0,-1,-1,B01,3,0,2,8,15,5,5,,,,-1,2,0,2,1,1,0,1,50,adult
201900037727,8,4,2019,0 days 16:25:00,1,60,60041,1,1,1,2,RD12,"49,3847362","2,2201033",1,1,1,1965.0,9,8,-1,-1,B01,1,0,0,4,2,5,3,12,,,2,2,1,1,1,1,0,1,70,child
201900037727,8,4,2019,0 days 16:25:00,1,60,60041,1,1,1,2,RD12,"49,3847362","2,2201033",1,4,1,2001.0,9,8,-1,-1,B01,1,0,0,4,2,5,3,12,,,2,2,1,1,1,1,0,1,70,adult
201900037792,6,4,2019,0 days 10:30:00,1,91,91326,2,9,1,6,COUR DE FRANCE (AVENUE DE LA),"48,6970700","2,3719200",3,4,1,1945.0,0,8,0,-1,A01,3,0,1,0,25,6,9,COUR DE FRANCE (AVENUE DE LA),0.0,,-1,0,0,1,1,1,9,1,50,child
201900037792,6,4,2019,0 days 10:30:00,1,91,91326,2,9,1,6,COUR DE FRANCE (AVENUE DE LA),"48,6970700","2,3719200",1,1,2,1996.0,4,2,8,-1,A01,3,0,1,0,25,6,9,COUR DE FRANCE (AVENUE DE LA),0.0,,-1,0,0,1,1,1,9,1,50,adult
201900037794,3,4,2019,0 days 18:08:00,1,91,91223,2,3,1,3,COQUERIVE (AVENUE DE),"48,4350200","2,1681600",1,4,2,1950.0,9,8,0,-1,B01,0,0,2,1,1,5,2,20,0.0,,1,1,0,2,1,2,0,1,50,child
201900037794,3,4,2019,0 days 18:08:00,1,91,91223,2,3,1,3,COQUERIVE (AVENUE DE),"48,4350200","2,1681600",1,1,1,1980.0,9,1,0,-1,B01,0,0,2,1,1,5,2,20,0.0,,1,1,0,2,1,2,0,1,50,adult
201900037819,22,7,2019,0 days 19:30:00,1,57,57467,1,3,1,3,Mey,"49,1299280","6,2431580",1,3,2,1960.0,5,8,-1,-1,B01,2,0,2,8,1,5,3,69,,,2,2,0,1,1,1,0,8,80,child
201900037819,22,7,2019,0 days 19:30:00,1,57,57467,1,3,1,3,Mey,"49,1299280","6,2431580",1,1,1,1981.0,0,8,-1,-1,B01,2,0,2,8,1,5,3,69,,,2,2,0,1,1,1,0,8,80,adult
201900037829,14,7,2019,0 days 13:20:00,1,49,49050,2,1,1,7,Rue Saint-Aubin (Saint-Rémy-la-Varenne),"47,3545884"," -0,4491704",1,3,1,1943.0,5,2,9,-1,A01,0,0,1,0,1,0,3,21,,,2,2,0,1,3,1,0,1,-1,child
201900037829,14,7,2019,0 days 13:20:00,1,49,49050,2,1,1,7,Rue Saint-Aubin (Saint-Rémy-la-Varenne),"47,3545884"," -0,4491704",3,1,2,1967.0,-1,0,0,0,A01,0,0,1,0,1,0,3,21,,,2,2,0,1,3,1,0,1,-1,adult
201900037889,21,7,2019,0 days 10:00:00,1,59,59090,2,6,1,1,GAULLE (AVENUE DU GENERAL DE),"50,7197600","3,1095100",1,1,2,1974.0,0,1,0,-1,B01,2,0,2,1,1,0,4,GAULLE (AVENUE DU GENERAL DE),0.0,,2,3,3,1,1,1,5,1,50,child
201900037889,21,7,2019,0 days 10:00:00,1,59,59090,2,6,1,1,GAULLE (AVENUE DU GENERAL DE),"50,7197600","3,1095100",1,4,1,1985.0,0,8,0,-1,B01,2,0,2,1,1,0,4,GAULLE (AVENUE DU GENERAL DE),0.0,,2,3,3,1,1,1,5,1,50,adult
201900037889,21,7,2019,0 days 10:00:00,1,59,59090,2,6,1,1,GAULLE (AVENUE DU GENERAL DE),"50,7197600","3,1095100",2,1,2,1995.0,9,1,0,-1,B01,2,0,2,1,1,0,4,GAULLE (AVENUE DU GENERAL DE),0.0,,2,3,3,1,1,1,5,1,50,adult
201900037933,21,7,2019,0 days 08:15:00,1,31,31113,2,1,1,1,12 Route de Mervilla,"43,5142590","1,4851140",1,2,1,1966.0,5,2,-1,-1,A01,1,0,2,1,1,5,3,79,0.0,D,2,2,0,2,2,1,0,1,50,child
201900037933,21,7,2019,0 days 08:15:00,1,31,31113,2,1,1,1,12 Route de Mervilla,"43,5142590","1,4851140",1,1,1,1990.0,5,1,-1,-1,A01,1,0,2,1,1,5,3,79,0.0,D,2,2,0,2,2,1,0,1,50,adult
201900037975,18,7,2019,0 days 07:34:00,1,85,85012,1,3,1,3,D 38 - LA GUITONNIERE,"46,8636200"," -2,1155400",1,3,2,1937.0,5,0,-1,-1,B01,1,0,2,0,15,5,3,38,,,2,2,0,1,1,1,0,1,80,child
201900037975,18,7,2019,0 days 07:34:00,1,85,85012,1,3,1,3,D 38 - LA GUITONNIERE,"46,8636200"," -2,1155400",1,1,2,1991.0,1,1,-1,-1,B01,1,0,2,0,15,5,3,38,,,2,2,0,1,1,1,0,1,80,adult
201900037988,9,12,2019,0 days 07:38:00,5,77,77058,2,2,3,3,ANDRE MALRAUX (AVENUE),"48,8405800","2,7106500",1,1,2,1979.0,1,1,0,-1,B01,3,0,2,1,1,5,4,ANDRE MALRAUX (AVENUE),0.0,,2,2,0,1,1,2,0,1,50,child
201900037988,9,12,2019,0 days 07:38:00,5,77,77058,2,2,3,3,ANDRE MALRAUX (AVENUE),"48,8405800","2,7106500",1,3,2,2000.0,9,8,0,-1,B01,3,0,2,1,1,5,4,ANDRE MALRAUX (AVENUE),0.0,,2,2,0,1,1,2,0,1,50,adult
201900038077,12,12,2019,0 days 13:25:00,1,27,27229,2,6,2,3,VERNON (RUE DE),"49,0232500","1,1692900",1,1,1,1945.0,0,1,5,-1,B01,0,0,2,0,0,5,4,VERNON (RUE DE),0.0,,2,2,0,1,3,2,0,1,50,child
201900038077,12,12,2019,0 days 13:25:00,1,27,27229,2,6,2,3,VERNON (RUE DE),"49,0232500","1,1692900",1,4,1,1977.0,0,8,8,-1,B01,0,0,2,0,0,5,4,VERNON (RUE DE),0.0,,2,2,0,1,3,2,0,1,50,adult
201900038145,13,5,2019,0 days 18:00:00,1,75,75119,2,2,1,3,RUE DE CRIMEE,"48,8907200","2,3766990",1,1,1,1936.0,0,1,0,-1,B01,2,0,2,3,7,5,4,RUE DE CRIMEE,0.0,,1,2,0,1,1,1,0,6,50,child
201900038145,13,5,2019,0 days 18:00:00,1,75,75119,2,2,1,3,RUE DE CRIMEE,"48,8907200","2,3766990",1,4,1,1985.0,0,2,0,-1,B01,2,0,2,3,7,5,4,RUE DE CRIMEE,0.0,,1,2,0,1,1,1,0,6,50,adult
201900038160,12,12,2019,0 days 06:05:00,5,75,75113,2,2,1,3,BOULEVARD KELLERMANN,"48,8193297","2,3445776",1,1,1,1959.0,0,1,0,-1,B01,2,0,2,6,1,5,4,BOULEVARD KELLERMANN,0.0,,3,2,1,1,1,1,0,5,50,child
201900038160,12,12,2019,0 days 06:05:00,5,75,75113,2,2,1,3,BOULEVARD KELLERMANN,"48,8193297","2,3445776",1,4,1,1982.0,0,2,8,-1,B01,2,0,2,6,1,5,4,BOULEVARD KELLERMANN,0.0,,3,2,1,1,1,1,0,5,50,adult
201900038196,9,5,2019,0 days 19:00:00,1,75,75118,2,2,1,3,RUE LETORT,"48,8966080","2,3437490",1,1,1,1967.0,1,1,0,-1,B01,1,0,2,8,1,5,4,RUE LETORT,0.0,,1,1,0,1,1,1,0,1,30,child
201900038196,9,5,2019,0 days 19:00:00,1,75,75118,2,2,1,3,RUE LETORT,"48,8966080","2,3437490",1,4,1,1989.0,0,2,0,-1,B01,1,0,2,8,1,5,4,RUE LETORT,0.0,,1,1,0,1,1,1,0,1,30,adult
201900038196,9,5,2019,0 days 19:00:00,1,75,75118,2,2,1,3,RUE LETORT,"48,8966080","2,3437490",2,1,2,2018.0,0,2,0,-1,B01,1,0,2,8,1,5,4,RUE LETORT,0.0,,1,1,0,1,1,1,0,1,30,adult
201900038224,12,12,2019,0 days 05:50:00,5,93,93010,2,3,1,1,GALLIENI (AV.) DE 2 A 96,"48,9054700","2,4785400",1,1,1,1962.0,1,1,0,-1,B01,2,0,2,1,1,5,3,933,0.0,,1,2,0,1,1,1,0,1,50,child
201900038224,12,12,2019,0 days 05:50:00,5,93,93010,2,3,1,1,GALLIENI (AV.) DE 2 A 96,"48,9054700","2,4785400",1,4,1,1993.0,0,8,0,-1,B01,2,0,2,1,1,5,3,933,0.0,,1,2,0,1,1,1,0,1,50,adult
201900038250,8,5,2019,0 days 04:30:00,5,75,75117,2,2,2,3,AVENUE DE CLICHY,"48,8897100","2,3217210",1,1,1,1970.0,4,1,0,-1,A01,1,0,2,7,13,5,4,AVENUE DE CLICHY,0.0,,2,3,0,2,1,2,0,1,30,child
201900038250,8,5,2019,0 days 04:30:00,5,75,75117,2,2,2,3,AVENUE DE CLICHY,"48,8897100","2,3217210",2,1,2,1971.0,4,1,0,-1,A01,1,0,2,7,13,5,4,AVENUE DE CLICHY,0.0,,2,3,0,2,1,2,0,1,30,adult
201900038250,8,5,2019,0 days 04:30:00,5,75,75117,2,2,2,3,AVENUE DE CLICHY,"48,8897100","2,3217210",2,1,2,1975.0,4,1,0,-1,A01,1,0,2,7,13,5,4,AVENUE DE CLICHY,0.0,,2,3,0,2,1,2,0,1,30,adult
201900038250,8,5,2019,0 days 04:30:00,5,75,75117,2,2,2,3,AVENUE DE CLICHY,"48,8897100","2,3217210",1,4,1,1988.0,0,2,0,-1,A01,1,0,2,7,13,5,4,AVENUE DE CLICHY,0.0,,2,3,0,2,1,2,0,1,30,adult
201900038250,8,5,2019,0 days 04:30:00,5,75,75117,2,2,2,3,AVENUE DE CLICHY,"48,8897100","2,3217210",2,1,2,1991.0,4,1,0,-1,A01,1,0,2,7,13,5,4,AVENUE DE CLICHY,0.0,,2,3,0,2,1,2,0,1,30,adult
201900038325,10,5,2019,0 days 08:40:00,1,75,75115,2,2,1,3,RUE DES QUATRE FRERES PEIGNOT,"48,8472760","2,2838410",1,1,1,1966.0,0,2,6,-1,B01,2,0,2,2,19,5,4,RUE DES QUATRE FRERES PEIGNOT,0.0,,1,1,0,1,1,1,0,1,50,child
201900038325,10,5,2019,0 days 08:40:00,1,75,75115,2,2,1,3,RUE DES QUATRE FRERES PEIGNOT,"48,8472760","2,2838410",1,4,1,2005.0,0,2,0,-1,B01,2,0,2,2,19,5,4,RUE DES QUATRE FRERES PEIGNOT,0.0,,1,1,0,1,1,1,0,1,50,adult
201900038335,27,5,2019,0 days 16:25:00,1,75,75114,2,2,1,3,RUE JULIA BARTET,"48,8254570","2,3023100",1,4,2,1954.0,0,2,0,-1,A01,1,0,2,1,1,5,4,RUE JULIA BARTET,0.0,,2,4,1,1,1,1,0,5,50,child
201900038335,27,5,2019,0 days 16:25:00,1,75,75114,2,2,1,3,RUE JULIA BARTET,"48,8254570","2,3023100",1,4,1,1988.0,0,2,6,-1,A01,1,0,2,1,1,5,4,RUE JULIA BARTET,0.0,,2,4,1,1,1,1,0,5,50,adult
201900038353,6,5,2019,0 days 08:50:00,1,75,75114,2,1,1,3,RUE FROIDEVAUX,"48,8364800","2,3262630",1,4,1,1956.0,1,2,0,-1,B01,2,0,2,8,1,5,4,RUE FROIDEVAUX,0.0,,2,4,1,1,1,1,9,5,50,child
201900038353,6,5,2019,0 days 08:50:00,1,75,75114,2,1,1,3,RUE FROIDEVAUX,"48,8364800","2,3262630",1,1,1,1995.0,1,2,0,-1,B01,2,0,2,8,1,5,4,RUE FROIDEVAUX,0.0,,2,4,1,1,1,1,9,5,50,adult
201900038362,25,5,2019,0 days 15:00:00,1,75,75105,2,2,2,3,RUE CLAUDE BERNARD,"48,8402820","2,3460390",1,4,2,1975.0,5,8,0,-1,A01,1,0,2,7,15,5,4,RUE CLAUDE BERNARD,0.0,,2,4,0,1,1,2,0,1,50,child
201900038362,25,5,2019,0 days 15:00:00,1,75,75105,2,2,2,3,RUE CLAUDE BERNARD,"48,8402820","2,3460390",1,1,1,1996.0,5,2,6,-1,A01,1,0,2,7,15,5,4,RUE CLAUDE BERNARD,0.0,,2,4,0,1,1,2,0,1,50,adult
201900038369,19,6,2019,0 days 15:39:00,1,10,10387,2,1,1,3,GAMBETTA (RUE),"48,2997500","4,0730100",1,1,1,1963.0,0,1,0,-1,B01,3,0,2,1,19,5,4,GAMBETTA (RUE),0.0,,2,4,0,1,1,1,0,1,50,child
201900038369,19,6,2019,0 days 15:39:00,1,10,10387,2,1,1,3,GAMBETTA (RUE),"48,2997500","4,0730100",1,4,1,2005.0,0,8,0,-1,B01,3,0,2,1,19,5,4,GAMBETTA (RUE),0.0,,2,4,0,1,1,1,0,1,50,adult
201900038373,21,6,2019,0 days 18:30:00,1,7,07102,2,6,1,3,Chemin des MULETS,"44,9330200","4,8594500",1,4,2,1947.0,0,8,0,-1,B01,3,0,2,1,1,5,4,Avenue Georges CLEMENCEAU,0.0,,2,2,2,1,1,1,0,1,50,child
201900038373,21,6,2019,0 days 18:30:00,1,7,07102,2,6,1,3,Chemin des MULETS,"44,9330200","4,8594500",1,1,2,2000.0,0,1,0,-1,B01,3,0,2,1,1,5,4,Avenue Georges CLEMENCEAU,0.0,,2,2,2,1,1,1,0,1,50,adult
201900038413,20,6,2019,0 days 08:10:00,1,75,75117,2,4,2,6,AVENUE MAC MAHON,"48,8783410","2,2942930",1,1,1,1967.0,0,1,0,-1,A01,1,0,2,1,7,5,4,AVENUE MAC MAHON,0.0,,2,2,3,2,1,2,0,6,30,child
201900038413,20,6,2019,0 days 08:10:00,1,75,75117,2,4,2,6,AVENUE MAC MAHON,"48,8783410","2,2942930",1,4,2,1988.0,1,2,0,-1,A01,1,0,2,1,7,5,4,AVENUE MAC MAHON,0.0,,2,2,3,2,1,2,0,6,30,adult
201900038428,21,6,2019,0 days 17:40:00,1,75,75105,2,2,1,3,BOULEVARD DE PORT ROYAL,"48,8371110","2,3490080",1,1,1,1962.0,9,1,0,-1,B01,2,0,2,3,7,5,4,BOULEVARD DE PORT ROYAL,0.0,,2,0,3,2,1,1,9,6,50,child
201900038428,21,6,2019,0 days 17:40:00,1,75,75105,2,2,1,3,BOULEVARD DE PORT ROYAL,"48,8371110","2,3490080",1,4,2,2001.0,9,2,0,-1,B01,2,0,2,3,7,5,4,BOULEVARD DE PORT ROYAL,0.0,,2,0,3,2,1,1,9,6,50,adult
201900038439,21,6,2019,0 days 16:17:00,1,75,75111,2,3,1,3,RUE DE LA FOLIE REGNAULT,"48,8601800","2,3864320",1,4,2,1951.0,9,0,0,-1,A01,1,0,2,1,1,5,4,RUE DE LA FOLIE REGNAULT,0.0,,1,0,0,2,1,1,0,1,30,child
201900038439,21,6,2019,0 days 16:17:00,1,75,75111,2,3,1,3,RUE DE LA FOLIE REGNAULT,"48,8601800","2,3864320",1,1,2,1996.0,9,0,0,-1,A01,1,0,2,1,1,5,4,RUE DE LA FOLIE REGNAULT,0.0,,1,0,0,2,1,1,0,1,30,adult
201900038445,21,6,2019,0 days 18:39:00,1,75,75108,2,3,1,3,AVENUE DE FRIEDLAND,"48,8741980","2,2997260",1,1,2,1967.0,0,1,0,-1,A01,2,0,2,1,1,5,4,AVENUE DE FRIEDLAND,0.0,,2,3,0,1,1,1,0,1,50,child
201900038445,21,6,2019,0 days 18:39:00,1,75,75108,2,3,1,3,AVENUE DE FRIEDLAND,"48,8741980","2,2997260",1,4,1,1990.0,4,2,0,-1,A01,2,0,2,1,1,5,4,AVENUE DE FRIEDLAND,0.0,,2,3,0,1,1,1,0,1,50,adult
201900038455,22,6,2019,0 days 18:30:00,1,75,75103,2,2,1,6,BOULEVARD DE SEBASTOPOL,"48,8634030","2,3509510",3,1,1,1961.0,3,8,0,-1,A01,1,0,1,2,1,5,4,BOULEVARD DE SEBASTOPOL,0.0,,1,4,1,1,1,1,0,5,50,child
201900038455,22,6,2019,0 days 18:30:00,1,75,75103,2,2,1,6,BOULEVARD DE SEBASTOPOL,"48,8634030","2,3509510",1,4,1,1995.0,5,2,0,-1,A01,1,0,1,2,1,5,4,BOULEVARD DE SEBASTOPOL,0.0,,1,4,1,1,1,1,0,5,50,adult
201900038456,21,6,2019,0 days 13:30:00,1,75,75102,2,2,1,3,BOULEVARD MONTMARTRE,"48,8714850","2,3430440",1,1,1,1954.0,4,1,0,-1,B01,1,0,2,1,1,5,4,BOULEVARD MONTMARTRE,0.0,,2,3,1,1,1,1,0,5,30,child
201900038456,21,6,2019,0 days 13:30:00,1,75,75102,2,2,1,3,BOULEVARD MONTMARTRE,"48,8714850","2,3430440",1,4,1,1990.0,0,8,0,-1,B01,1,0,2,1,1,5,4,BOULEVARD MONTMARTRE,0.0,,2,3,1,1,1,1,0,5,30,adult
201900038561,31,10,2019,0 days 17:30:00,3,69,69029,2,3,3,3,CAMILLE ROUSSET                     (AV),"45,7350100","4,9063100",1,1,2,1941.0,5,1,0,-1,B01,2,0,2,1,1,0,4,CAMILLE ROUSSET                     (AV),0.0,,2,6,1,2,1,2,0,1,50,child
201900038561,31,10,2019,0 days 17:30:00,3,69,69029,2,3,3,3,CAMILLE ROUSSET                     (AV),"45,7350100","4,9063100",1,4,1,1992.0,5,8,0,-1,B01,2,0,2,1,1,0,4,CAMILLE ROUSSET                     (AV),0.0,,2,6,1,2,1,2,0,1,50,adult
201900038567,28,10,2019,0 days 14:25:00,1,67,67482,2,1,1,3,RATHSAMHAUSEN (RUE DE),"48,5663700","7,7605000",1,1,1,1954.0,5,1,8,-1,A01,1,0,2,3,19,5,4,RATHSAMHAUSEN (RUE DE),0.0,,2,2,0,1,1,1,0,1,50,child
201900038567,28,10,2019,0 days 14:25:00,1,67,67482,2,1,1,3,RATHSAMHAUSEN (RUE DE),"48,5663700","7,7605000",1,4,2,1997.0,5,8,0,-1,A01,1,0,2,3,19,5,4,RATHSAMHAUSEN (RUE DE),0.0,,2,2,0,1,1,1,0,1,50,adult
201900038601,30,10,2019,0 days 14:00:00,1,51,51454,2,3,1,1,PLACE D'ERLON,"49,2571400","4,0258400",1,1,2,1959.0,3,1,5,-1,B01,1,0,2,2,9,0,4,PLACE D'ERLON,0.0,,-1,1,0,1,1,1,6,1,30,child
201900038601,30,10,2019,0 days 14:00:00,1,51,51454,2,3,1,1,PLACE D'ERLON,"49,2571400","4,0258400",1,4,1,1987.0,0,8,0,-1,B01,1,0,2,2,9,0,4,PLACE D'ERLON,0.0,,-1,1,0,1,1,1,6,1,30,adult
201900038601,30,10,2019,0 days 14:00:00,1,51,51454,2,3,1,1,PLACE D'ERLON,"49,2571400","4,0258400",2,1,2,1998.0,3,1,5,-1,B01,1,0,2,2,9,0,4,PLACE D'ERLON,0.0,,-1,1,0,1,1,1,6,1,30,adult
201900038607,28,10,2019,0 days 13:50:00,1,44,44184,2,6,2,3,RTE DES FRÉCHETS / ALLEE DES LILAS,"47,2640000"," -2,2436000",1,3,2,1953.0,5,8,0,-1,A01,1,0,2,1,6,5,4,,0.0,,2,2,0,1,1,2,5,1,50,child
201900038607,28,10,2019,0 days 13:50:00,1,44,44184,2,6,2,3,RTE DES FRÉCHETS / ALLEE DES LILAS,"47,2640000"," -2,2436000",1,4,2,1980.0,4,1,8,-1,A01,1,0,2,1,6,5,4,,0.0,,2,2,0,1,1,2,5,1,50,adult
201900038620,30,10,2019,0 days 18:00:00,5,35,35238,2,1,2,3,VERN (DE),"48,0871000"," -1,6444000",1,1,2,1971.0,5,1,0,-1,A01,3,0,2,1,0,6,4,VERN (DE),0.0,,2,4,1,1,1,2,0,1,50,child
201900038620,30,10,2019,0 days 18:00:00,5,35,35238,2,1,2,3,VERN (DE),"48,0871000"," -1,6444000",1,4,1,1992.0,1,8,0,-1,A01,3,0,2,1,0,6,4,VERN (DE),0.0,,2,4,1,1,1,2,0,1,50,adult
201900038634,30,10,2019,0 days 14:45:00,1,33,33318,2,1,1,3,AVE PASTEUR,"44,8005500"," -0,6579800",1,4,1,1951.0,0,8,0,-1,B01,1,0,2,1,1,0,4,AVE PASTEUR,0.0,,2,4,2,1,1,1,0,5,50,child
201900038634,30,10,2019,0 days 14:45:00,1,33,33318,2,1,1,3,AVE PASTEUR,"44,8005500"," -0,6579800",1,1,1,1990.0,0,1,0,-1,B01,1,0,2,1,1,0,4,AVE PASTEUR,0.0,,2,4,2,1,1,1,0,5,50,adult
201900038710,30,10,2019,0 days 15:30:00,1,75,75118,2,1,1,6,RUE DE LA CHAPELLE,"48,8965729","2,3592420",3,4,2,1962.0,0,8,0,-1,A01,2,0,1,7,1,5,4,RUE DE LA CHAPELLE,0.0,,2,4,-1,1,1,1,0,1,50,child
201900038710,30,10,2019,0 days 15:30:00,1,75,75118,2,1,1,6,RUE DE LA CHAPELLE,"48,8965729","2,3592420",1,1,1,1997.0,0,8,0,-1,A01,2,0,1,7,1,5,4,RUE DE LA CHAPELLE,0.0,,2,4,-1,1,1,1,0,1,50,adult
201900038756,2,10,2019,0 days 21:10:00,5,75,75119,2,4,1,3,AVENUE SECRETAN,"48,8824769","2,3703847",1,4,1,1958.0,0,2,6,-1,A01,2,0,2,2,19,5,4,AVENUE SECRETAN,0.0,,2,2,0,2,1,1,0,1,50,child
201900038756,2,10,2019,0 days 21:10:00,5,75,75119,2,4,1,3,AVENUE SECRETAN,"48,8824769","2,3703847",1,1,2,1997.0,9,2,8,-1,A01,2,0,2,2,19,5,4,AVENUE SECRETAN,0.0,,2,2,0,2,1,1,0,1,50,adult
201900038786,2,10,2019,0 days 19:57:00,5,92,92075,2,1,1,6,FRERES VIGOUROUX (RUE DES),"48,8142800","2,2781600",1,4,1,1978.0,9,8,0,-1,A01,2,0,1,1,19,5,7,FRERES VIGOUROUX (RUE DES),0.0,,2,2,0,2,1,1,0,1,50,child
201900038786,2,10,2019,0 days 19:57:00,5,92,92075,2,1,1,6,FRERES VIGOUROUX (RUE DES),"48,8142800","2,2781600",3,4,2,2004.0,9,8,0,-1,A01,2,0,1,1,19,5,7,FRERES VIGOUROUX (RUE DES),0.0,,2,2,0,2,1,1,0,1,50,adult
201900038809,25,9,2019,0 days 10:50:00,1,17,17299,2,1,3,1,Rue Jean-René Quoy,"45,9449210"," -0,9633380",1,1,1,1964.0,4,0,-1,-1,B01,3,1,0,1,1,5,4,,0.0,,2,2,0,1,1,2,0,1,50,child
201900038809,25,9,2019,0 days 10:50:00,1,17,17299,2,1,3,1,Rue Jean-René Quoy,"45,9449210"," -0,9633380",1,4,1,2003.0,2,2,-1,-1,B01,3,1,0,1,1,5,4,,0.0,,2,2,0,1,1,2,0,1,50,adult
201900038883,7,9,2019,0 days 19:50:00,2,59,59350,2,1,1,6,DORMOY MARX AVENUE,"50,6339800","3,0324700",1,4,1,1957.0,0,8,0,-1,B01,1,1,0,1,1,5,4,DORMOY MARX AVENUE,0.0,,2,2,0,1,1,1,0,1,50,child
201900038883,7,9,2019,0 days 19:50:00,2,59,59350,2,1,1,6,DORMOY MARX AVENUE,"50,6339800","3,0324700",1,1,2,1988.0,0,8,0,-1,B01,1,1,0,1,1,5,4,DORMOY MARX AVENUE,0.0,,2,2,0,1,1,1,0,1,50,adult
201900038884,30,9,2019,0 days 18:25:00,1,56,56121,2,3,2,3,CHAZELLES ( COURS LOUIS  DE ),"47,7548500"," -3,3633200",1,4,2,1962.0,5,2,0,-1,B01,1,0,2,1,1,5,4,CHAZELLES ( COURS LOUIS  DE ),0.0,,2,4,2,1,1,2,5,1,30,child
201900038884,30,9,2019,0 days 18:25:00,1,56,56121,2,3,2,3,CHAZELLES ( COURS LOUIS  DE ),"47,7548500"," -3,3633200",1,1,2,1996.0,4,1,8,-1,B01,1,0,2,1,1,5,4,CHAZELLES ( COURS LOUIS  DE ),0.0,,2,4,2,1,1,2,5,1,30,adult
201900038894,1,10,2019,0 days 18:36:00,1,37,37261,2,1,2,6,LECLERC (PLACE DU MARECHAL),"47,3901582","0,6928715",1,3,1,1953.0,5,8,0,-1,A01,3,0,2,1,19,0,4,LECLERC (PLACE DU MARECHAL),0.0,,1,1,3,1,1,2,0,1,30,child
201900038894,1,10,2019,0 days 18:36:00,1,37,37261,2,1,2,6,LECLERC (PLACE DU MARECHAL),"47,3901582","0,6928715",1,1,2,1980.0,4,1,8,-1,A01,3,0,2,1,19,0,4,LECLERC (PLACE DU MARECHAL),0.0,,1,1,3,1,1,2,0,1,30,adult
201900038897,1,10,2019,0 days 17:10:00,1,35,35238,2,1,1,3,NANTES (DE),"48,0977800"," -1,6887400",1,1,1,1979.0,1,1,0,-1,B01,1,0,2,3,9,5,4,NANTES (DE),0.0,,1,2,1,2,1,1,0,1,50,child
201900038897,1,10,2019,0 days 17:10:00,1,35,35238,2,1,1,3,NANTES (DE),"48,0977800"," -1,6887400",1,4,2,2007.0,0,8,0,-1,B01,1,0,2,3,9,5,4,NANTES (DE),0.0,,1,2,1,2,1,1,0,1,50,adult
201900038898,30,9,2019,0 days 12:45:00,1,35,35238,2,1,1,5,FOUGERES (RUE DE),"48,1197000"," -1,6664300",1,1,1,1946.0,3,8,0,-1,C01,1,0,2,4,13,5,4,FOUGERES (RUE DE),0.0,,2,0,0,1,1,1,0,1,50,child