Num_Acc,jour,mois,an,hrmn,lum,dep,com,agg,int,atm,col,adr,lat,long,catu,grav,sexe,an_nais,trajet,secu1,secu2,secu3,num_veh_y,senc,obs,obsm,choc,manv,motor,catr,voie,v1,v2,circ,nbv,vosp,prof,plan,surf,infra,situ,vma,age
201900038898,30,9,2019,0 days 12:45:00,1,35,35238,2,1,1,5,FOUGERES (RUE DE),"48,1197000"," -1,6664300",1,4,2,1998.0,0,8,0,-1,C01,1,0,2,4,13,5,4,FOUGERES (RUE DE),0.0,,2,0,0,1,1,1,0,1,50,adult
201900038902,27,9,2019,0 days 07:45:00,2,33,33529,2,6,1,3,GRAILLY (RUE JEAN DE) DU 31 ET +,"44,6267000"," -1,1415000",1,4,2,1960.0,1,8,0,-1,B01,2,0,2,5,1,0,3,112,,,1,1,-1,1,2,1,5,1,-1,child
201900038902,27,9,2019,0 days 07:45:00,2,33,33529,2,6,1,3,GRAILLY (RUE JEAN DE) DU 31 ET +,"44,6267000"," -1,1415000",1,1,1,1988.0,0,1,0,-1,B01,2,0,2,5,1,0,3,112,,,1,1,-1,1,2,1,5,1,-1,adult
201900038944,17,1,2019,0 days 16:30:00,1,84,84142,1,6,1,3,D938,"43,9574820","5,0284790",1,3,1,1955.0,5,0,-1,-1,A01,3,0,0,7,16,5,3,938,0.0,D,2,2,0,1,1,1,5,1,80,child
201900038944,17,1,2019,0 days 16:30:00,1,84,84142,1,6,1,3,D938,"43,9574820","5,0284790",1,1,2,1984.0,0,1,-1,-1,A01,3,0,0,7,16,5,3,938,0.0,D,2,2,0,1,1,1,5,1,80,adult
201900038953,19,1,2019,0 days 16:00:00,1,972,97216,1,1,1,1,Axe D15 - fleury,"14,8053270"," -61,0353930",1,1,1,1953.0,5,1,-1,-1,A01,1,0,2,1,1,5,3,15,,,2,2,0,2,4,1,0,1,-1,child
201900038953,19,1,2019,0 days 16:00:00,1,972,97216,1,1,1,1,Axe D15 - fleury,"14,8053270"," -61,0353930",1,3,1,2004.0,5,0,-1,-1,A01,1,0,2,1,1,5,3,15,,,2,2,0,2,4,1,0,1,-1,adult
201900038974,19,1,2019,0 days 11:15:00,1,22,22193,1,3,7,3,D44 près lieu dit le rocher,"48,3884610"," -2,4470690",1,1,1,1937.0,5,1,-1,-1,B01,2,0,2,0,1,5,3,44,,,2,2,0,1,1,2,0,1,80,child
201900038974,19,1,2019,0 days 11:15:00,1,22,22193,1,3,7,3,D44 près lieu dit le rocher,"48,3884610"," -2,4470690",1,3,1,1968.0,5,2,-1,-1,B01,2,0,2,0,1,5,3,44,,,2,2,0,1,1,2,0,1,80,adult
201900039086,19,1,2019,0 days 09:13:00,1,77,77508,1,6,1,3,RD 231/ RD 21,"48,8188110","2,8180220",1,3,1,1963.0,5,2,-1,-1,B01,1,0,2,2,1,0,3,231,0.0,,2,2,0,1,1,1,5,1,80,child
201900039086,19,1,2019,0 days 09:13:00,1,77,77508,1,6,1,3,RD 231/ RD 21,"48,8188110","2,8180220",1,1,1,1987.0,4,1,-1,-1,B01,1,0,2,2,1,0,3,231,0.0,,2,2,0,1,1,1,5,1,80,adult
201900039093,18,1,2019,0 days 16:30:00,1,2B,2B205,2,3,1,3,lieudit Campo d'Elge,"42,6991670","9,3538890",1,1,2,1980.0,0,1,-1,-1,B01,3,0,2,1,9,5,4,,0.0,,2,2,0,1,1,1,0,1,50,child
201900039093,18,1,2019,0 days 16:30:00,1,2B,2B205,2,3,1,3,lieudit Campo d'Elge,"42,6991670","9,3538890",1,4,1,2004.0,0,0,-1,-1,B01,3,0,2,1,9,5,4,,0.0,,2,2,0,1,1,1,0,1,50,adult
201900039116,10,8,2019,0 days 11:25:00,1,42,42218,2,1,1,2,LAVOISIER,"45,4465100","4,3897700",1,1,1,1900.0,0,1,8,-1,B01,1,0,2,4,1,5,4,LAVOISIER,0.0,,1,2,0,1,1,1,0,1,50,child
201900039116,10,8,2019,0 days 11:25:00,1,42,42218,2,1,1,2,LAVOISIER,"45,4465100","4,3897700",1,4,1,1976.0,0,2,0,-1,B01,1,0,2,4,1,5,4,LAVOISIER,0.0,,1,2,0,1,1,1,0,1,50,adult
201900039129,30,8,2019,0 days 20:30:00,1,35,35238,2,9,1,6,SAINT-HELIER,"48,1077000"," -1,6728000",1,3,1,1962.0,5,2,0,-1,B01,1,0,2,3,2,0,4,SAINT-HELIER,0.0,,-1,1,0,1,1,1,0,1,50,child
201900039129,30,8,2019,0 days 20:30:00,1,35,35238,2,9,1,6,SAINT-HELIER,"48,1077000"," -1,6728000",1,4,1,2002.0,0,2,0,-1,B01,1,0,2,3,2,0,4,SAINT-HELIER,0.0,,-1,1,0,1,1,1,0,1,50,adult
201900039143,29,8,2019,0 days 22:50:00,5,33,33063,2,2,1,3,Crs de la Marne / R. Malbec,"44,8281880"," -0,5607620",1,1,2,1954.0,0,8,0,-1,A01,1,0,2,1,1,5,4,CRS DE LA MARNE,0.0,,2,3,0,1,1,1,0,1,50,child
201900039143,29,8,2019,0 days 22:50:00,5,33,33063,2,2,1,3,Crs de la Marne / R. Malbec,"44,8281880"," -0,5607620",1,4,1,1992.0,0,8,0,-1,A01,1,0,2,1,1,5,4,CRS DE LA MARNE,0.0,,2,3,0,1,1,1,0,1,50,adult
201900039186,31,8,2019,0 days 12:00:00,1,17,17333,2,2,1,6,DE LATTRE DE TASSIGNY (BD),"45,6072000"," -1,0069000",1,4,1,1960.0,5,2,0,-1,B01,1,0,2,1,1,5,4,DE LATTRE DE TASSIGNY (BD),0.0,,2,2,1,2,1,1,0,1,50,child
201900039186,31,8,2019,0 days 12:00:00,1,17,17333,2,2,1,6,DE LATTRE DE TASSIGNY (BD),"45,6072000"," -1,0069000",1,1,1,1994.0,4,1,0,-1,B01,1,0,2,1,1,5,4,DE LATTRE DE TASSIGNY (BD),0.0,,2,2,1,2,1,1,0,1,50,adult
201900039226,27,8,2019,0 days 11:05:00,1,13,13005,1,1,1,6,CD 2 (CAMP MAJOR),"43,2878100","5,5279000",1,3,2,1946.0,5,2,0,-1,B01,1,0,2,8,13,5,3,2,0.0,,2,2,0,1,1,1,0,1,70,child
201900039226,27,8,2019,0 days 11:05:00,1,13,13005,1,1,1,6,CD 2 (CAMP MAJOR),"43,2878100","5,5279000",1,1,2,2000.0,9,1,0,-1,B01,1,0,2,8,13,5,3,2,0.0,,2,2,0,1,1,1,0,1,70,adult
201900039233,31,8,2019,0 days 10:10:00,1,10,10343,2,6,1,3,SAPINS (AVENUE),"48,2756000","4,0890000",1,4,1,1970.0,0,8,0,-1,B01,2,0,2,1,15,5,4,SAPINS (AVENUE),0.0,,1,1,0,1,3,1,0,1,50,child
201900039233,31,8,2019,0 days 10:10:00,1,10,10343,2,6,1,3,SAPINS (AVENUE),"48,2756000","4,0890000",1,1,1,2003.0,5,1,4,-1,B01,2,0,2,1,15,5,4,SAPINS (AVENUE),0.0,,1,1,0,1,3,1,0,1,50,adult
201900039256,28,8,2019,0 days 08:40:00,1,5,05023,2,1,8,1,PROVENCE (AVENUE DE),"44,8994300","6,6311500",1,3,1,1949.0,5,2,8,-1,B01,2,0,2,1,13,5,2,94,0.0,,2,2,0,2,3,1,0,1,50,child
201900039256,28,8,2019,0 days 08:40:00,1,5,05023,2,1,8,1,PROVENCE (AVENUE DE),"44,8994300","6,6311500",1,1,1,1978.0,1,1,8,-1,B01,2,0,2,1,13,5,2,94,0.0,,2,2,0,2,3,1,0,1,50,adult
201900039265,31,8,2019,0 days 17:37:00,1,75,75105,2,2,1,6,BOULEVARD SAINT GERMAIN,"48,8513880","2,3431830",3,4,2,1945.0,0,0,0,0,A01,2,0,1,0,7,5,4,BOULEVARD SAINT GERMAIN,0.0,,1,4,0,1,1,1,0,1,50,child
201900039265,31,8,2019,0 days 17:37:00,1,75,75105,2,2,1,6,BOULEVARD SAINT GERMAIN,"48,8513880","2,3431830",1,1,1,2001.0,0,2,0,-1,A01,2,0,1,0,7,5,4,BOULEVARD SAINT GERMAIN,0.0,,1,4,0,1,1,1,0,1,50,adult
201900039266,28,8,2019,0 days 12:30:00,1,75,75106,2,5,1,6,RUE DE L ANCIENNE COMEDIE,"48,8536680","2,3383981",3,3,1,1929.0,5,0,0,0,A01,1,0,1,1,1,5,4,RUE DE L ANCIENNE COMEDIE,0.0,,2,2,0,1,1,1,0,1,30,child
201900039266,28,8,2019,0 days 12:30:00,1,75,75106,2,5,1,6,RUE DE L ANCIENNE COMEDIE,"48,8536680","2,3383981",1,1,1,1984.0,4,2,0,-1,A01,1,0,1,1,1,5,4,RUE DE L ANCIENNE COMEDIE,0.0,,2,2,0,1,1,1,0,1,30,adult
201900039319,27,2,2019,0 days 16:25:00,1,10,10343,2,9,1,3,CHATEAU DES COURS (RUE DU),"48,2701000","4,0892000",1,1,2,1900.0,0,9,-1,-1,B01,2,0,2,3,9,5,4,CHATEAU DES COURS (RUE DU),0.0,,2,2,2,4,1,1,0,1,50,child
201900039319,27,2,2019,0 days 16:25:00,1,10,10343,2,9,1,3,CHATEAU DES COURS (RUE DU),"48,2701000","4,0892000",1,4,1,1949.0,5,8,0,-1,B01,2,0,2,3,9,5,4,CHATEAU DES COURS (RUE DU),0.0,,2,2,2,4,1,1,0,1,50,adult
201900039349,26,2,2019,0 days 13:10:00,1,75,75117,2,1,1,2,RUE NICOLAS CHUQUET,"48,8886430","2,3034070",1,2,1,1957.0,9,2,0,-1,B01,2,0,2,4,5,5,4,RUE NICOLAS CHUQUET,0.0,,1,1,0,1,1,1,0,1,30,child
201900039349,26,2,2019,0 days 13:10:00,1,75,75117,2,1,1,2,RUE NICOLAS CHUQUET,"48,8886430","2,3034070",1,1,2,1992.0,5,1,0,-1,B01,2,0,2,4,5,5,4,RUE NICOLAS CHUQUET,0.0,,1,1,0,1,1,1,0,1,30,adult
201900039369,25,2,2019,0 days 14:00:00,1,75,75119,2,1,1,3,BOULEVARD MACDONALD,"48,8988740","2,3795620",2,1,1,1972.0,4,1,0,-1,A01,2,0,2,1,19,5,4,BOULEVARD MACDONALD,0.0,,-1,1,0,1,1,1,0,1,50,child
201900039369,25,2,2019,0 days 14:00:00,1,75,75119,2,1,1,3,BOULEVARD MACDONALD,"48,8988740","2,3795620",1,1,1,1974.0,4,1,0,-1,A01,2,0,2,1,19,5,4,BOULEVARD MACDONALD,0.0,,-1,1,0,1,1,1,0,1,50,adult
201900039369,25,2,2019,0 days 14:00:00,1,75,75119,2,1,1,3,BOULEVARD MACDONALD,"48,8988740","2,3795620",1,4,1,1999.0,5,2,0,-1,A01,2,0,2,1,19,5,4,BOULEVARD MACDONALD,0.0,,-1,1,0,1,1,1,0,1,50,adult
201900039448,7,3,2019,0 days 16:45:00,1,94,94068,2,3,1,3,PIE (QU DE LA),"48,7882383","2,4749083",1,1,2,1952.0,5,1,0,-1,B01,1,0,2,0,0,0,4,PIE (QU DE LA),0.0,,1,1,1,1,1,1,9,1,50,child
201900039448,7,3,2019,0 days 16:45:00,1,94,94068,2,3,1,3,PIE (QU DE LA),"48,7882383","2,4749083",1,4,2,2003.0,0,2,0,-1,B01,1,0,2,0,0,0,4,PIE (QU DE LA),0.0,,1,1,1,1,1,1,9,1,50,adult
201900039467,28,2,2019,0 days 09:00:00,1,94,94028,2,9,1,3,LECOQ(PASSAGE),"48,7867800","2,4689200",1,1,1,1964.0,0,1,8,-1,B01,2,0,2,8,0,5,4,LECOQ(PASSAGE),0.0,,-1,2,0,1,1,1,0,1,50,child
201900039467,28,2,2019,0 days 09:00:00,1,94,94028,2,9,1,3,LECOQ(PASSAGE),"48,7867800","2,4689200",1,4,2,1986.0,1,8,0,-1,B01,2,0,2,8,0,5,4,LECOQ(PASSAGE),0.0,,-1,2,0,1,1,1,0,1,50,adult
201900039492,2,4,2019,0 days 08:37:00,1,77,77152,1,3,1,3,D142 - PONTHIERRY(ROUTE DE),"48,5127500","2,5912900",1,3,1,1939.0,5,2,8,-1,B01,3,0,2,1,16,5,3,142,0.0,,2,2,0,2,1,2,0,1,70,child
201900039492,2,4,2019,0 days 08:37:00,1,77,77152,1,3,1,3,D142 - PONTHIERRY(ROUTE DE),"48,5127500","2,5912900",1,1,1,1964.0,4,1,8,-1,B01,3,0,2,1,16,5,3,142,0.0,,2,2,0,2,1,2,0,1,70,adult
201900039500,3,4,2019,0 days 18:35:00,1,69,69275,2,3,1,3,EMILE ZOLA                          (R ),"45,7634600","4,9406900",1,1,2,1962.0,0,1,0,-1,A01,2,0,2,1,15,0,4,EMILE ZOLA                          (R ),0.0,,2,2,0,1,1,1,0,1,50,child
201900039500,3,4,2019,0 days 18:35:00,1,69,69275,2,3,1,3,EMILE ZOLA                          (R ),"45,7634600","4,9406900",1,4,2,1984.0,1,2,0,-1,A01,2,0,2,1,15,0,4,EMILE ZOLA                          (R ),0.0,,2,2,0,1,1,1,0,1,50,adult
201900039512,5,4,2019,0 days 09:45:00,1,63,63113,1,1,1,6,PRE COMTAL (RUE DE),"45,7984940","3,1288370",1,2,1,1948.0,5,8,0,-1,A01,2,0,0,0,0,5,4,PRE COMTAL (RUE DE),0.0,,2,2,0,1,1,1,0,1,80,child
201900039512,5,4,2019,0 days 09:45:00,1,63,63113,1,1,1,6,PRE COMTAL (RUE DE),"45,7984940","3,1288370",1,1,1,1983.0,4,1,0,-1,A01,2,0,0,0,0,5,4,PRE COMTAL (RUE DE),0.0,,2,2,0,1,1,1,0,1,80,adult
201900039536,30,3,2019,0 days 17:05:00,1,42,42207,2,1,1,3,GILLET FRANCOIS RUE,"45,4565600","4,5046200",1,1,1,1968.0,0,2,6,-1,B01,2,0,2,0,13,5,4,GILLET FRANCOIS RUE,0.0,,2,2,0,2,1,1,0,1,50,child
201900039536,30,3,2019,0 days 17:05:00,1,42,42207,2,1,1,3,GILLET FRANCOIS RUE,"45,4565600","4,5046200",1,3,1,2006.0,5,8,0,-1,B01,2,0,2,0,13,5,4,GILLET FRANCOIS RUE,0.0,,2,2,0,2,1,1,0,1,50,adult
201900039549,3,4,2019,0 days 09:30:00,1,35,35238,2,4,1,3,ROUTE DE ST MALO,"48,1213650"," -1,6830170",1,1,2,1956.0,1,1,5,-1,B01,1,0,2,3,1,5,4,ROUTE DE ST MALO,0.0,,1,1,1,1,3,1,0,1,50,child
201900039549,3,4,2019,0 days 09:30:00,1,35,35238,2,4,1,3,ROUTE DE ST MALO,"48,1213650"," -1,6830170",1,4,1,1988.0,1,8,0,-1,B01,1,0,2,3,1,5,4,ROUTE DE ST MALO,0.0,,1,1,1,1,3,1,0,1,50,adult
201900039610,1,4,2019,0 days 14:50:00,1,7,07102,1,6,1,3,BEAUCAIRE (AVENUE DE),"44,9238400","4,8566800",1,4,1,1965.0,0,2,8,-1,B01,3,0,2,7,1,5,3,86 ,0.0,,1,2,0,1,1,1,3,1,50,child
201900039610,1,4,2019,0 days 14:50:00,1,7,07102,1,6,1,3,BEAUCAIRE (AVENUE DE),"44,9238400","4,8566800",1,1,1,1990.0,0,1,0,-1,B01,3,0,2,7,1,5,3,86 ,0.0,,1,2,0,1,1,1,3,1,50,adult
201900039683,16,7,2019,0 days 13:20:00,1,69,69264,2,6,1,3,BURDEAU BD,"45,9952621","4,7207288",1,4,1,1948.0,5,2,8,-1,B01,3,0,2,5,9,5,4,BURDEAU BD,0.0,,1,1,0,1,1,1,0,1,50,child
201900039683,16,7,2019,0 days 13:20:00,1,69,69264,2,6,1,3,BURDEAU BD,"45,9952621","4,7207288",1,1,2,1989.0,0,1,0,-1,B01,3,0,2,5,9,5,4,BURDEAU BD,0.0,,1,1,0,1,1,1,0,1,50,adult
201900039696,19,7,2019,0 days 11:20:00,1,976,97611,2,1,1,1,m'tsapere-Macoco Mandzarsoa ( rue )," -12,7870800","45,2246200",1,1,1,1973.0,0,1,8,-1,B01,1,0,2,1,5,0,4,m'tsapere-Macoco Mandzarsoa ( rue ),0.0,,2,2,0,2,1,1,9,1,50,child
201900039696,19,7,2019,0 days 11:20:00,1,976,97611,2,1,1,1,m'tsapere-Macoco Mandzarsoa ( rue )," -12,7870800","45,2246200",1,4,1,2003.0,9,8,0,-1,B01,1,0,2,1,5,0,4,m'tsapere-Macoco Mandzarsoa ( rue ),0.0,,2,2,0,2,1,1,9,1,50,adult
201900039702,18,7,2019,0 days 08:10:00,1,974,97407,2,6,1,3,ROND POINT TITAN," -20,9425000","55,2918000",1,1,1,1947.0,9,1,0,-1,B01,3,0,2,1,5,5,4,ROND POINT TITAN,0.0,,1,2,0,1,3,1,0,1,10,child
201900039702,18,7,2019,0 days 08:10:00,1,974,97407,2,6,1,3,ROND POINT TITAN," -20,9425000","55,2918000",1,4,1,2004.0,5,8,0,-1,B01,3,0,2,1,5,5,4,ROND POINT TITAN,0.0,,1,2,0,1,3,1,0,1,10,adult
201900039743,21,6,2019,0 days 20:30:00,1,83,83034,1,5,1,2,RUE DES 3 PINS,"43,1002000","6,0614000",1,3,1,1954.0,0,8,0,-1,B01,3,0,2,4,19,5,3,559,0.0,,2,1,0,1,1,1,0,1,50,child
201900039743,21,6,2019,0 days 20:30:00,1,83,83034,1,5,1,2,RUE DES 3 PINS,"43,1002000","6,0614000",1,4,1,2000.0,5,2,6,-1,B01,3,0,2,4,19,5,3,559,0.0,,2,1,0,1,1,1,0,1,50,adult
201900039760,20,7,2019,0 days 17:17:00,1,74,74008,2,1,1,3,NEGOCIANTS (RUE DES),"46,1948000","6,2277100",1,4,1,1960.0,1,2,4,-1,B01,3,0,2,8,15,0,4,NEGOCIANTS (RUE DES),0.0,,2,2,1,1,1,1,5,1,50,child
201900039760,20,7,2019,0 days 17:17:00,1,74,74008,2,1,1,3,NEGOCIANTS (RUE DES),"46,1948000","6,2277100",1,1,1,1993.0,3,1,0,-1,B01,3,0,2,8,15,0,4,NEGOCIANTS (RUE DES),0.0,,2,2,1,1,1,1,5,1,50,adult
201900039766,18,7,2019,0 days 19:08:00,1,67,67447,2,3,1,1,DE LATTRE DE TASSIGNY (RUE),"48,6069800","7,7453200",1,4,2,1964.0,0,8,0,-1,B01,2,0,2,5,1,5,4,DE LATTRE DE TASSIGNY (RUE),0.0,,2,2,0,1,1,1,0,1,50,child
201900039766,18,7,2019,0 days 19:08:00,1,67,67447,2,3,1,1,DE LATTRE DE TASSIGNY (RUE),"48,6069800","7,7453200",1,1,2,1987.0,0,1,8,-1,B01,2,0,2,5,1,5,4,DE LATTRE DE TASSIGNY (RUE),0.0,,2,2,0,1,1,1,0,1,50,adult
201900039787,18,7,2019,0 days 16:43:00,1,49,49007,2,1,1,6,CHAPEAU DE GENDARME,"47,4515800"," -0,5548400",1,1,1,1966.0,0,1,0,-1,B01,3,0,2,0,0,5,6,CHAPEAU DE GENDARME,0.0,,-1,-1,0,1,1,1,0,1,15,child
201900039787,18,7,2019,0 days 16:43:00,1,49,49007,2,1,1,6,CHAPEAU DE GENDARME,"47,4515800"," -0,5548400",1,4,1,2005.0,9,8,0,-1,B01,3,0,2,0,0,5,6,CHAPEAU DE GENDARME,0.0,,-1,-1,0,1,1,1,0,1,15,adult
201900039802,12,6,2019,0 days 19:55:00,1,38,38053,2,1,7,3,ISLE D'ABEAU (ROUTE DE),"45,6079200","5,2539300",1,3,1,1955.0,5,8,0,-1,B01,3,0,2,7,12,5,3,208,0.0,,1,2,0,1,2,1,9,1,50,child
201900039802,12,6,2019,0 days 19:55:00,1,38,38053,2,1,7,3,ISLE D'ABEAU (ROUTE DE),"45,6079200","5,2539300",1,1,1,1986.0,0,1,0,-1,B01,3,0,2,7,12,5,3,208,0.0,,1,2,0,1,2,1,9,1,50,adult
201900039883,10,12,2019,0 days 09:00:00,1,93,93055,2,1,1,3,JEAN LOLIVE (AVENUE)(75/105.88/106),"48,8939000","2,4145000",1,1,1,1961.0,0,1,0,-1,B01,3,0,2,8,19,5,3,933,0.0,,3,4,0,1,1,1,0,1,50,child
201900039883,10,12,2019,0 days 09:00:00,1,93,93055,2,1,1,3,JEAN LOLIVE (AVENUE)(75/105.88/106),"48,8939000","2,4145000",1,4,1,1993.0,0,8,0,-1,B01,3,0,2,8,19,5,3,933,0.0,,3,4,0,1,1,1,0,1,50,adult
201900039910,30,11,2019,0 days 09:50:00,1,70,70550,2,6,1,3,BRIAND (RUE ARISTIDE),"47,6307000","6,1677100",1,3,1,1964.0,5,2,0,-1,B01,1,0,2,7,2,5,3,118,0.0,,1,1,0,1,2,1,5,1,50,child
201900039910,30,11,2019,0 days 09:50:00,1,70,70550,2,6,1,3,BRIAND (RUE ARISTIDE),"47,6307000","6,1677100",1,1,1,1991.0,5,1,0,-1,B01,1,0,2,7,2,5,3,118,0.0,,1,1,0,1,2,1,5,1,50,adult
201900039914,8,12,2019,0 days 08:00:00,2,67,67482,1,1,1,3,OHMACHT (RUE),"48,5925920","7,7601200",1,4,2,1973.0,0,8,0,-1,B01,2,0,2,3,1,5,4,OHMACHT (RUE),0.0,,2,3,1,1,1,1,0,5,50,child
201900039914,8,12,2019,0 days 08:00:00,2,67,67482,1,1,1,3,OHMACHT (RUE),"48,5925920","7,7601200",1,1,1,1997.0,0,8,0,-1,B01,2,0,2,3,1,5,4,OHMACHT (RUE),0.0,,2,3,1,1,1,1,0,5,50,adult
201900039980,11,12,2019,0 days 19:00:00,5,75,75107,2,1,1,6,BOULEVARD DES INVALIDES,"48,8546780","2,3148470",3,4,2,1952.0,0,0,-1,-1,A01,1,0,1,8,1,5,4,BOULEVARD DES INVALIDES,0.0,,2,2,0,1,1,1,0,1,50,child
201900039980,11,12,2019,0 days 19:00:00,5,75,75107,2,1,1,6,BOULEVARD DES INVALIDES,"48,8546780","2,3148470",1,1,1,1993.0,1,2,8,-1,A01,1,0,1,8,1,5,4,BOULEVARD DES INVALIDES,0.0,,2,2,0,1,1,1,0,1,50,adult
201900039986,10,12,2019,0 days 18:30:00,5,94,94068,2,2,1,2,LOUIS BLANC (AV),"48,7921089","2,4970279",1,1,2,1970.0,5,1,-1,-1,B01,2,0,2,4,1,5,3,130,0.0,,2,2,0,1,1,1,0,1,50,child
201900039986,10,12,2019,0 days 18:30:00,5,94,94068,2,2,1,2,LOUIS BLANC (AV),"48,7921089","2,4970279",1,4,2,2003.0,2,2,4,-1,B01,2,0,2,4,1,5,3,130,0.0,,2,2,0,1,1,1,0,1,50,adult
201900040022,17,5,2019,0 days 12:35:00,1,75,75105,2,4,1,3,BOULEVARD DE L HOPITAL,"48,8399900","2,3617400",1,1,1,1980.0,1,8,0,-1,B01,2,0,2,1,17,5,4,BOULEVARD DE L HOPITAL,0.0,,2,3,3,1,1,1,0,1,50,child
201900040022,17,5,2019,0 days 12:35:00,1,75,75105,2,4,1,3,BOULEVARD DE L HOPITAL,"48,8399900","2,3617400",1,4,1,2002.0,2,8,0,-1,B01,2,0,2,1,17,5,4,BOULEVARD DE L HOPITAL,0.0,,2,3,3,1,1,1,0,1,50,adult
201900040037,25,5,2019,0 days 19:05:00,1,75,75112,2,1,1,3,AVENUE DE LA PORTE DE CHARENTON,"48,8299210","2,4006720",1,4,1,1964.0,5,8,6,-1,B01,3,0,2,1,1,5,4,AVENUE DE LA PORTE DE CHARENTON,0.0,,2,4,0,1,1,1,0,1,50,child
201900040037,25,5,2019,0 days 19:05:00,1,75,75112,2,1,1,3,AVENUE DE LA PORTE DE CHARENTON,"48,8299210","2,4006720",1,1,1,1998.0,5,1,8,-1,B01,3,0,2,1,1,5,4,AVENUE DE LA PORTE DE CHARENTON,0.0,,2,4,0,1,1,1,0,1,50,adult
201900040037,25,5,2019,0 days 19:05:00,1,75,75112,2,1,1,3,AVENUE DE LA PORTE DE CHARENTON,"48,8299210","2,4006720",2,1,2,2001.0,5,1,8,-1,B01,3,0,2,1,1,5,4,AVENUE DE LA PORTE DE CHARENTON,0.0,,2,4,0,1,1,1,0,1,50,adult
201900040062,7,5,2019,0 days 09:45:00,1,75,75112,2,3,1,3,RUE MOREAU,"48,8489210","2,3719910",1,1,1,1967.0,1,2,6,-1,B01,1,0,2,1,19,5,4,RUE MOREAU,0.0,,1,1,0,1,1,1,0,1,30,child
201900040062,7,5,2019,0 days 09:45:00,1,75,75112,2,3,1,3,RUE MOREAU,"48,8489210","2,3719910",1,4,2,1994.0,0,2,0,-1,B01,1,0,2,1,19,5,4,RUE MOREAU,0.0,,1,1,0,1,1,1,0,1,30,adult
201900040063,28,5,2019,0 days 09:50:00,1,75,75111,2,1,8,3,AVENUE PARMENTIER,"48,8595910","2,3791610",1,4,2,1962.0,0,2,8,-1,A01,2,0,2,1,22,5,4,AVENUE PARMENTIER,0.0,,2,2,0,1,1,1,0,1,50,child
201900040063,28,5,2019,0 days 09:50:00,1,75,75111,2,1,8,3,AVENUE PARMENTIER,"48,8595910","2,3791610",1,1,1,1989.0,4,1,0,-1,A01,2,0,2,1,22,5,4,AVENUE PARMENTIER,0.0,,2,2,0,1,1,1,0,1,50,adult
201900040086,27,5,2019,0 days 20:30:00,1,75,75110,2,3,1,3,BOULEVARD DE MAGENTA,"48,8760390","2,3562880",1,1,1,1958.0,4,1,0,-1,B01,2,0,2,1,1,5,4,BOULEVARD DE MAGENTA,0.0,,2,4,1,1,1,1,0,5,50,child
201900040086,27,5,2019,0 days 20:30:00,1,75,75110,2,3,1,3,BOULEVARD DE MAGENTA,"48,8760390","2,3562880",1,4,1,1979.0,1,2,0,-1,B01,2,0,2,1,1,5,4,BOULEVARD DE MAGENTA,0.0,,2,4,1,1,1,1,0,5,50,adult
201900040088,23,5,2019,0 days 18:00:00,1,75,75110,2,5,1,3,BOULEVARD DE LA CHAPELLE,"48,8843080","2,3593620",1,1,1,1966.0,1,2,6,-1,B01,1,0,2,1,1,5,4,BOULEVARD DE LA CHAPELLE,0.0,,2,3,0,1,1,1,0,1,50,child
201900040088,23,5,2019,0 days 18:00:00,1,75,75110,2,5,1,3,BOULEVARD DE LA CHAPELLE,"48,8843080","2,3593620",1,4,1,1990.0,1,8,0,-1,B01,1,0,2,1,1,5,4,BOULEVARD DE LA CHAPELLE,0.0,,2,3,0,1,1,1,0,1,50,adult
201900040091,14,5,2019,0 days 19:05:00,1,75,75102,2,1,1,3,BOULEVARD DE BONNE NOUVELLE,"48,8699140","2,3516050",1,1,1,1963.0,1,2,6,-1,B01,1,0,2,4,13,5,4,BOULEVARD DE BONNE NOUVELLE,0.0,,1,3,0,1,1,1,0,1,50,child
201900040091,14,5,2019,0 days 19:05:00,1,75,75102,2,1,1,3,BOULEVARD DE BONNE NOUVELLE,"48,8699140","2,3516050",1,4,1,1992.0,0,2,0,-1,B01,1,0,2,4,13,5,4,BOULEVARD DE BONNE NOUVELLE,0.0,,1,3,0,1,1,1,0,1,50,adult
201900040098,26,5,2019,0 days 17:00:00,1,75,75109,2,3,8,3,RUE LAFFITTE,"48,8734060","2,3378110",1,1,1,1945.0,5,8,0,-1,B01,1,0,2,1,1,5,4,RUE LAFFITTE,0.0,,1,1,0,1,1,1,0,1,50,child
201900040098,26,5,2019,0 days 17:00:00,1,75,75109,2,3,8,3,RUE LAFFITTE,"48,8734060","2,3378110",1,4,1,1968.0,0,8,0,-1,B01,1,0,2,1,1,5,4,RUE LAFFITTE,0.0,,1,1,0,1,1,1,0,1,50,adult
201900040160,4,5,2019,0 days 11:25:00,1,75,75104,2,1,2,1,QUAI AUX FLEURS,"48,8535010","2,3520410",1,1,2,1967.0,5,1,0,-1,A01,2,0,2,1,5,5,4,QUAI AUX FLEURS,0.0,,1,2,0,1,2,2,0,1,50,child
201900040160,4,5,2019,0 days 11:25:00,1,75,75104,2,1,2,1,QUAI AUX FLEURS,"48,8535010","2,3520410",1,4,1,1988.0,4,2,0,-1,A01,2,0,2,1,5,5,4,QUAI AUX FLEURS,0.0,,1,2,0,1,2,2,0,1,50,adult
201900040161,2,5,2019,0 days 13:55:00,1,75,75104,2,1,2,3,RUE SAINT ANTOINE,"48,8541190","2,3641910",1,4,2,1947.0,0,2,0,-1,A01,1,0,2,5,19,5,4,RUE SAINT ANTOINE,0.0,,2,4,0,1,1,2,9,1,50,child