Num_Acc,jour,mois,an,hrmn,lum,dep,com,agg,int,atm,col,adr,lat,long,catu,grav,sexe,an_nais,trajet,secu1,secu2,secu3,num_veh_y,senc,obs,obsm,choc,manv,motor,catr,voie,v1,v2,circ,nbv,vosp,prof,plan,surf,infra,situ,vma,age
201900040161,2,5,2019,0 days 13:55:00,1,75,75104,2,1,2,3,RUE SAINT ANTOINE,"48,8541190","2,3641910",1,1,1,1985.0,0,2,6,-1,A01,1,0,2,5,19,5,4,RUE SAINT ANTOINE,0.0,,2,4,0,1,1,2,9,1,50,adult
201900040171,21,5,2019,0 days 13:45:00,1,75,75102,2,1,1,6,RUE VIVIENNE,"48,8707840","2,3411090",2,1,1,1956.0,0,1,0,-1,A01,1,1,2,5,18,5,4,RUE VIVIENNE,0.0,,1,1,0,1,1,2,0,1,30,child
201900040171,21,5,2019,0 days 13:45:00,1,75,75102,2,1,1,6,RUE VIVIENNE,"48,8707840","2,3411090",1,1,1,1990.0,4,1,0,-1,A01,1,1,2,5,18,5,4,RUE VIVIENNE,0.0,,1,1,0,1,1,2,0,1,30,adult
201900040171,21,5,2019,0 days 13:45:00,1,75,75102,2,1,1,6,RUE VIVIENNE,"48,8707840","2,3411090",1,4,2,1994.0,9,2,0,-1,A01,1,1,2,5,18,5,4,RUE VIVIENNE,0.0,,1,1,0,1,1,2,0,1,30,adult
201900040172,15,5,2019,0 days 19:45:00,1,75,75104,2,2,1,3,RUE DE L HOTEL DE VILLE,"48,8546070","2,3551760",1,1,1,1971.0,5,1,0,-1,A01,2,0,2,2,1,5,4,RUE DE L HOTEL DE VILLE,0.0,,1,2,0,1,1,1,0,1,30,child
201900040172,15,5,2019,0 days 19:45:00,1,75,75104,2,2,1,3,RUE DE L HOTEL DE VILLE,"48,8546070","2,3551760",1,4,2,1994.0,0,8,0,-1,A01,2,0,2,2,1,5,4,RUE DE L HOTEL DE VILLE,0.0,,1,2,0,1,1,1,0,1,30,adult
201900040174,13,5,2019,0 days 16:45:00,1,75,75102,2,3,1,3,BOULEVARD DE BONNE NOUVELLE,"48,8705320","2,3486890",1,1,1,1964.0,4,1,0,-1,A01,2,0,2,2,1,5,4,BOULEVARD DE BONNE NOUVELLE,0.0,,2,5,1,1,1,1,0,1,50,child
201900040174,13,5,2019,0 days 16:45:00,1,75,75102,2,3,1,3,BOULEVARD DE BONNE NOUVELLE,"48,8705320","2,3486890",1,4,1,1989.0,0,2,0,-1,A01,2,0,2,2,1,5,4,BOULEVARD DE BONNE NOUVELLE,0.0,,2,5,1,1,1,1,0,1,50,adult
201900040213,21,6,2019,0 days 12:15:00,1,95,95026,1,1,1,2,DEPARTEMENTALE 909,"49,1500870","2,3800480",1,3,1,1945.0,5,0,-1,-1,B01,2,0,0,6,15,5,3,909,,,2,2,0,1,1,1,0,1,70,child
201900040213,21,6,2019,0 days 12:15:00,1,95,95026,1,1,1,2,DEPARTEMENTALE 909,"49,1500870","2,3800480",1,1,1,1984.0,1,1,-1,-1,B01,2,0,0,6,15,5,3,909,,,2,2,0,1,1,1,0,1,70,adult
201900040241,22,6,2019,0 days 10:20:00,1,49,49014,1,3,1,6,La petie bourdigale,"47,7162830"," -0,7991040",1,1,1,1954.0,5,1,-1,-1,A01,2,0,2,1,15,5,3,180,,,2,2,0,1,1,1,0,1,80,child
201900040241,22,6,2019,0 days 10:20:00,1,49,49014,1,3,1,6,La petie bourdigale,"47,7162830"," -0,7991040",1,3,1,2004.0,3,0,-1,-1,A01,2,0,2,1,15,5,3,180,,,2,2,0,1,1,1,0,1,80,adult
201900040253,21,6,2019,0 days 21:00:00,2,35,35106,1,3,7,3,D57,"47,8255355"," -1,5140460",1,1,2,1981.0,0,1,-1,-1,A01,3,0,2,2,16,5,3,57,0.0,,2,2,0,1,1,1,0,1,80,child
201900040253,21,6,2019,0 days 21:00:00,2,35,35106,1,3,7,3,D57,"47,8255355"," -1,5140460",1,4,1,2005.0,5,0,-1,-1,A01,3,0,2,2,16,5,3,57,0.0,,2,2,0,1,1,1,0,1,80,adult
201900040256,20,6,2019,0 days 17:56:00,1,2,02361,2,6,1,2,Place Louis Meurisse,"49,9006230","3,6303000",1,4,2,1952.0,3,0,-1,-1,A01,3,0,0,7,1,5,3,1029,,D,1,1,0,1,2,1,0,1,50,child
201900040256,20,6,2019,0 days 17:56:00,1,2,02361,2,6,1,2,Place Louis Meurisse,"49,9006230","3,6303000",1,1,1,2000.0,1,1,-1,-1,A01,3,0,0,7,1,5,3,1029,,D,1,1,0,1,2,1,0,1,50,adult
201900040263,20,6,2019,0 days 15:00:00,1,70,70284,2,3,1,3,Hameau d Beuchot,"47,8366140","6,2974780",1,3,1,1954.0,5,2,-1,-1,B01,1,0,2,1,2,5,3,304,,,2,2,0,1,2,1,0,1,-1,child
201900040263,20,6,2019,0 days 15:00:00,1,70,70284,2,3,1,3,Hameau d Beuchot,"47,8366140","6,2974780",1,1,1,1955.0,0,1,-1,-1,B01,1,0,2,1,2,5,3,304,,,2,2,0,1,2,1,0,1,-1,adult
201900040263,20,6,2019,0 days 15:00:00,1,70,70284,2,3,1,3,Hameau d Beuchot,"47,8366140","6,2974780",2,1,2,1998.0,0,1,-1,-1,B01,1,0,2,1,2,5,3,304,,,2,2,0,1,2,1,0,1,-1,adult
201900040296,21,6,2019,0 days 17:05:00,1,28,28359,2,4,1,1,Rue de Nonancourt,"48,7627912","1,2294761",1,4,2,1954.0,5,0,-1,-1,B01,2,0,2,1,1,5,3,50,0.0,,2,2,0,1,2,1,0,1,50,child
201900040296,21,6,2019,0 days 17:05:00,1,28,28359,2,4,1,1,Rue de Nonancourt,"48,7627912","1,2294761",1,1,1,1983.0,0,1,-1,-1,B01,2,0,2,1,1,5,3,50,0.0,,2,2,0,1,2,1,0,1,50,adult
201900040432,7,11,2019,0 days 13:33:00,1,92,92072,2,3,1,3,EUROPE (AVENUE DE L'),"48,8231839","2,2100008",1,1,2,1947.0,5,8,0,-1,A01,3,0,2,8,1,5,3,910,0.0,,2,3,0,1,1,1,0,1,50,child
201900040432,7,11,2019,0 days 13:33:00,1,92,92072,2,3,1,3,EUROPE (AVENUE DE L'),"48,8231839","2,2100008",1,4,1,1999.0,5,2,0,-1,A01,3,0,2,8,1,5,3,910,0.0,,2,3,0,1,1,1,0,1,50,adult
201900040452,31,10,2019,0 days 16:15:00,1,60,60559,2,1,1,3,Rue du Jardin à But,"49,4100040","2,2937370",1,1,2,1983.0,5,1,-1,-1,B01,3,0,2,1,9,5,4,,,,2,2,0,1,1,1,0,1,50,child
201900040452,31,10,2019,0 days 16:15:00,1,60,60559,2,1,1,3,Rue du Jardin à But,"49,4100040","2,2937370",1,4,1,2008.0,5,0,-1,-1,B01,3,0,2,1,9,5,4,,,,2,2,0,1,1,1,0,1,50,adult
201900040483,28,10,2019,0 days 17:50:00,2,79,79174,2,1,8,3,6 rue du Pont-de-Pérouzeau,"46,1756260"," -0,1691050",1,1,2,1968.0,5,1,-1,-1,A01,1,0,2,3,0,5,3,120,,,2,2,0,2,1,1,0,1,50,child
201900040483,28,10,2019,0 days 17:50:00,2,79,79174,2,1,8,3,6 rue du Pont-de-Pérouzeau,"46,1756260"," -0,1691050",1,3,1,2004.0,5,0,-1,-1,A01,1,0,2,3,0,5,3,120,,,2,2,0,2,1,1,0,1,50,adult
201900040487,30,10,2019,0 days 13:20:00,1,32,32304,1,1,1,1,D128,"43,3784720","0,5754100",1,3,1,1942.0,5,2,-1,-1,A01,2,0,2,1,13,5,3,128,,,2,2,0,2,4,1,0,1,80,child
201900040487,30,10,2019,0 days 13:20:00,1,32,32304,1,1,1,1,D128,"43,3784720","0,5754100",1,1,1,1982.0,4,8,-1,-1,A01,2,0,2,1,13,5,3,128,,,2,2,0,2,4,1,0,1,80,adult
201900040531,30,10,2019,0 days 08:20:00,1,37,37104,1,1,2,3,510 Route du Noble Joué,"47,3031560","0,7712660",1,3,1,1967.0,1,4,-1,-1,A01,2,0,2,3,1,5,4,,0.0,,2,2,0,1,1,2,0,1,70,child
201900040531,30,10,2019,0 days 08:20:00,1,37,37104,1,1,2,3,510 Route du Noble Joué,"47,3031560","0,7712660",1,1,2,1994.0,1,1,-1,-1,A01,2,0,2,3,1,5,4,,0.0,,2,2,0,1,1,2,0,1,70,adult
201900040534,17,9,2019,0 days 16:20:00,1,987,98734,2,3,1,3,PK 34 - route territoriale n°01," -17,7233790"," -149,5057300",1,1,2,1947.0,5,1,-1,-1,B01,1,0,2,8,1,5,2,1,,,2,2,0,1,1,1,0,3,60,child
201900040534,17,9,2019,0 days 16:20:00,1,987,98734,2,3,1,3,PK 34 - route territoriale n°01," -17,7233790"," -149,5057300",1,3,1,1976.0,1,0,-1,-1,B01,1,0,2,8,1,5,2,1,,,2,2,0,1,1,1,0,3,60,adult
201900040559,31,10,2019,0 days 11:00:00,1,34,34199,2,6,1,3,Avenue de Plaisance,"43,4606750","3,4105524",1,4,1,1943.0,5,0,-1,-1,A01,1,0,2,1,9,5,3,13,,,-1,1,0,1,2,2,0,1,50,child
201900040559,31,10,2019,0 days 11:00:00,1,34,34199,2,6,1,3,Avenue de Plaisance,"43,4606750","3,4105524",1,1,2,1986.0,4,1,-1,-1,A01,1,0,2,1,9,5,3,13,,,-1,1,0,1,2,2,0,1,50,adult
201900040598,17,1,2019,0 days 14:30:00,1,33,33376,1,6,7,3,"EX RD 1215, Rond point de Picot","44,9070300"," -0,7448900",1,4,1,1944.0,5,2,-1,-1,B01,1,0,2,7,1,5,4,EX RD1215,,,2,2,1,1,1,2,5,1,80,child
201900040598,17,1,2019,0 days 14:30:00,1,33,33376,1,6,7,3,"EX RD 1215, Rond point de Picot","44,9070300"," -0,7448900",1,1,1,1973.0,4,1,-1,-1,B01,1,0,2,7,1,5,4,EX RD1215,,,2,2,1,1,1,2,5,1,80,adult
201900040606,18,1,2019,0 days 21:10:00,3,29,29055,2,1,2,3,"Zone Industrielle de Kerduff, ZI DE KERDUFF","48,5663218"," -4,3536751",1,3,2,1956.0,0,0,-1,-1,A01,2,0,0,6,1,5,3,28,0.0,,2,2,0,1,1,2,0,1,70,child
201900040606,18,1,2019,0 days 21:10:00,3,29,29055,2,1,2,3,"Zone Industrielle de Kerduff, ZI DE KERDUFF","48,5663218"," -4,3536751",1,1,1,1983.0,1,1,-1,-1,A01,2,0,0,6,1,5,3,28,0.0,,2,2,0,1,1,2,0,1,70,adult
201900040707,15,1,2019,0 days 13:18:00,1,37,37261,2,1,1,3,VAILLANT (RUE EDOUARD),"47,3819740","0,7054376",1,1,2,1969.0,1,1,8,-1,A01,1,0,2,1,9,0,4,VAILLANT (RUE EDOUARD),0.0,,2,2,0,1,1,1,0,1,50,child
201900040707,15,1,2019,0 days 13:18:00,1,37,37261,2,1,1,3,VAILLANT (RUE EDOUARD),"47,3819740","0,7054376",1,4,1,2002.0,1,8,0,-1,A01,1,0,2,1,9,0,4,VAILLANT (RUE EDOUARD),0.0,,2,2,0,1,1,1,0,1,50,adult
201900040708,15,1,2019,0 days 07:45:00,1,37,37261,2,1,1,3,MARECHAL JUIN (BD),"47,4183800","0,7044600",1,4,1,1974.0,4,2,8,-1,B01,1,0,2,4,19,0,4,MARECHAL JUIN (BD),0.0,,3,2,1,1,1,1,0,1,50,child
201900040708,15,1,2019,0 days 07:45:00,1,37,37261,2,1,1,3,MARECHAL JUIN (BD),"47,4183800","0,7044600",1,1,1,2006.0,2,8,0,-1,B01,1,0,2,4,19,0,4,MARECHAL JUIN (BD),0.0,,3,2,1,1,1,1,0,1,50,adult
201900040733,15,1,2019,0 days 14:20:00,1,75,75106,2,2,1,6,RUE DE VAUGIRARD,"48,8482290","2,3310160",1,4,1,1944.0,5,2,0,-1,A01,2,0,1,3,25,5,4,RUE DE VAUGIRARD,0.0,,2,2,0,1,1,1,0,4,50,child
201900040733,15,1,2019,0 days 14:20:00,1,75,75106,2,2,1,6,RUE DE VAUGIRARD,"48,8482290","2,3310160",3,4,1,2003.0,9,8,0,-1,A01,2,0,1,3,25,5,4,RUE DE VAUGIRARD,0.0,,2,2,0,1,1,1,0,4,50,adult
201900040736,15,1,2019,0 days 21:00:00,5,75,75118,2,2,1,6,BOULEVARD BARBES,"48,8915610","2,3496000",3,4,1,1954.0,5,8,0,-1,A01,1,0,1,1,1,5,4,BOULEVARD BARBES,0.0,,2,4,0,1,1,1,0,1,50,child
201900040736,15,1,2019,0 days 21:00:00,5,75,75118,2,2,1,6,BOULEVARD BARBES,"48,8915610","2,3496000",1,1,1,1975.0,3,2,0,-1,A01,1,0,1,1,1,5,4,BOULEVARD BARBES,0.0,,2,4,0,1,1,1,0,1,50,adult
201900040739,15,1,2019,0 days 18:50:00,5,75,75117,2,1,1,3,RUE GUY MOQUET,"48,8923300","2,3242930",1,1,1,1971.0,9,1,0,-1,B01,1,0,2,1,1,5,4,RUE GUY MOQUET,0.0,,2,3,0,1,1,1,0,1,50,child
201900040739,15,1,2019,0 days 18:50:00,5,75,75117,2,1,1,3,RUE GUY MOQUET,"48,8923300","2,3242930",1,4,1,2004.0,5,2,0,-1,B01,1,0,2,1,1,5,4,RUE GUY MOQUET,0.0,,2,3,0,1,1,1,0,1,50,adult
201900040770,1,10,2019,0 days 12:45:00,1,75,75116,2,2,1,2,RUE RAYNOUARD,"48,8537189","2,2774148",1,1,1,1963.0,5,1,0,-1,B01,1,0,2,4,2,5,4,RUE RAYNOUARD,0.0,,2,2,0,2,1,2,0,1,30,child
201900040770,1,10,2019,0 days 12:45:00,1,75,75116,2,2,1,2,RUE RAYNOUARD,"48,8537189","2,2774148",1,3,1,1993.0,0,8,2,-1,B01,1,0,2,4,2,5,4,RUE RAYNOUARD,0.0,,2,2,0,2,1,2,0,1,30,adult
201900040793,1,10,2019,0 days 17:26:00,1,94,94028,2,9,2,2,GALLIENI.(AVENUE DU GENERAL),"48,7964400","2,4579100",1,4,2,1956.0,0,8,0,-1,B01,1,0,0,4,1,5,4,GALLIENI.(AVENUE DU GENERAL),0.0,,2,2,0,1,1,2,0,1,30,child
201900040793,1,10,2019,0 days 17:26:00,1,94,94028,2,9,2,2,GALLIENI.(AVENUE DU GENERAL),"48,7964400","2,4579100",1,4,1,2001.0,9,2,8,-1,B01,1,0,0,4,1,5,4,GALLIENI.(AVENUE DU GENERAL),0.0,,2,2,0,1,1,2,0,1,30,adult
201900040823,2,10,2019,0 days 08:50:00,1,44,44133,2,8,1,2,Lieu dit La Gare,"47,1172730"," -1,7388840",1,1,1,1973.0,4,8,-1,-1,B01,1,0,4,6,26,5,3,64,0.0,,2,2,0,1,1,1,4,6,50,child
201900040823,2,10,2019,0 days 08:50:00,1,44,44133,2,8,1,2,Lieu dit La Gare,"47,1172730"," -1,7388840",1,3,2,1999.0,1,0,-1,-1,B01,1,0,4,6,26,5,3,64,0.0,,2,2,0,1,1,1,4,6,50,adult
201900040870,19,9,2019,0 days 19:43:00,1,36,36044,2,1,1,3,12 RUE VICTOR HUGO,"46,8116785","1,6943303",1,1,1,1979.0,9,1,8,-1,A01,1,0,2,1,2,5,4,12 RUE VICTOR HUGO,0.0,,1,1,0,1,1,1,0,1,30,child
201900040870,19,9,2019,0 days 19:43:00,1,36,36044,2,1,1,3,12 RUE VICTOR HUGO,"46,8116785","1,6943303",1,4,1,2004.0,9,2,0,-1,A01,1,0,2,1,2,5,4,12 RUE VICTOR HUGO,0.0,,1,1,0,1,1,1,0,1,30,adult
201900040890,28,9,2019,0 days 19:06:00,1,86,86041,2,3,1,5,FRERES LUMIERE (RUE DES),"46,6106700","0,3674700",1,4,1,1950.0,-1,1,-1,-1,A01,1,0,2,1,9,5,4,FRERES LUMIERE (RUE DES),0.0,,2,2,0,1,1,1,0,1,30,child
201900040890,28,9,2019,0 days 19:06:00,1,86,86041,2,3,1,5,FRERES LUMIERE (RUE DES),"46,6106700","0,3674700",1,1,2,1971.0,0,1,0,-1,A01,1,0,2,1,9,5,4,FRERES LUMIERE (RUE DES),0.0,,2,2,0,1,1,1,0,1,30,adult
201900040890,28,9,2019,0 days 19:06:00,1,86,86041,2,3,1,5,FRERES LUMIERE (RUE DES),"46,6106700","0,3674700",1,4,1,1996.0,1,8,0,-1,A01,1,0,2,1,9,5,4,FRERES LUMIERE (RUE DES),0.0,,2,2,0,1,1,1,0,1,30,adult
201900040936,30,9,2019,0 days 08:35:00,1,35,35238,2,6,1,1,GRIMAULT (BD LEON),"48,0911800"," -1,6504000",1,1,2,1982.0,0,1,0,-1,B01,3,0,2,1,26,0,4,GRIMAULT (BD LEON),0.0,,3,2,0,1,1,1,0,1,50,child
201900040936,30,9,2019,0 days 08:35:00,1,35,35238,2,6,1,1,GRIMAULT (BD LEON),"48,0911800"," -1,6504000",1,4,1,2009.0,2,0,0,-1,B01,3,0,2,1,26,0,4,GRIMAULT (BD LEON),0.0,,3,2,0,1,1,1,0,1,50,adult
201900040950,27,2,2019,0 days 18:30:00,5,93,93066,2,3,1,1,LIBERATION RD14 (BOULEVARD),"48,9257900","2,3421700",1,4,1,1965.0,9,8,0,-1,B01,1,0,2,8,9,5,3,114,0.0,,2,2,0,1,1,1,0,1,50,child
201900040950,27,2,2019,0 days 18:30:00,5,93,93066,2,3,1,1,LIBERATION RD14 (BOULEVARD),"48,9257900","2,3421700",1,1,2,1998.0,1,1,0,-1,B01,1,0,2,8,9,5,3,114,0.0,,2,2,0,1,1,1,0,1,50,adult
201900041076,3,3,2019,0 days 15:50:00,1,65,65290,2,1,1,3,48 Rue du Montaigu,"43,1494850","0,1787400",1,1,2,1949.0,5,1,-1,-1,B01,2,0,2,1,26,0,4,,0.0,,2,2,0,1,1,1,0,1,50,child
201900041076,3,3,2019,0 days 15:50:00,1,65,65290,2,1,1,3,48 Rue du Montaigu,"43,1494850","0,1787400",1,4,1,2008.0,5,0,-1,-1,B01,2,0,2,1,26,0,4,,0.0,,2,2,0,1,1,1,0,1,50,adult
201900041117,26,2,2019,0 days 07:35:00,2,41,41016,1,6,1,3,D956,"47,3207314","1,4966780",1,1,1,1956.0,4,1,-1,-1,C01,2,0,2,8,0,5,3,956,,,1,1,0,1,1,1,3,1,80,child
201900041117,26,2,2019,0 days 07:35:00,2,41,41016,1,6,1,3,D956,"47,3207314","1,4966780",1,2,1,1981.0,1,6,-1,-1,C01,2,0,2,8,0,5,3,956,,,1,1,0,1,1,1,3,1,80,adult
201900041137,28,8,2019,0 days 00:30:00,5,75,75113,2,1,1,1,QUAI D AUSTERLITZ,"48,8409524","2,3692435",1,4,2,1980.0,1,2,0,-1,B01,2,0,2,1,13,5,4,QUAI D AUSTERLITZ,0.0,,2,2,1,1,1,1,0,5,30,child
201900041137,28,8,2019,0 days 00:30:00,5,75,75113,2,1,1,1,QUAI D AUSTERLITZ,"48,8409524","2,3692435",1,4,1,2001.0,5,2,0,-1,B01,2,0,2,1,13,5,4,QUAI D AUSTERLITZ,0.0,,2,2,1,1,1,1,0,5,30,adult
201900041138,30,8,2019,0 days 18:30:00,1,75,75112,2,1,1,3,AVENUE DU TREMBLAY,"48,8394720","2,4506595",1,4,1,1961.0,0,2,0,-1,B01,3,0,2,1,19,5,4,AVENUE DU TREMBLAY,0.0,,3,4,0,1,1,1,0,1,50,child
201900041138,30,8,2019,0 days 18:30:00,1,75,75112,2,1,1,3,AVENUE DU TREMBLAY,"48,8394720","2,4506595",1,1,2,1991.0,1,1,8,-1,B01,3,0,2,1,19,5,4,AVENUE DU TREMBLAY,0.0,,3,4,0,1,1,1,0,1,50,adult
201900041194,30,8,2019,0 days 16:50:00,1,93,93078,2,6,1,6,BREGUET (ALLEE LOUIS),"48,9581100","2,5621600",1,1,1,1963.0,0,1,0,-1,B01,3,0,2,7,0,5,4,BREGUET (ALLEE LOUIS),0.0,,2,1,3,1,1,1,0,1,30,child
201900041194,30,8,2019,0 days 16:50:00,1,93,93078,2,6,1,6,BREGUET (ALLEE LOUIS),"48,9581100","2,5621600",1,4,1,2002.0,0,8,0,-1,B01,3,0,2,7,0,5,4,BREGUET (ALLEE LOUIS),0.0,,2,1,3,1,1,1,0,1,30,adult
201900041219,30,8,2019,0 days 16:30:00,1,93,93001,2,1,1,3,LONG-SENTIER (RUE DU),"48,9100000","2,3940000",1,1,1,1962.0,1,8,0,-1,B01,2,14,2,6,5,0,4,LONG-SENTIER (RUE DU),0.0,,1,1,0,1,1,1,0,1,30,child
201900041219,30,8,2019,0 days 16:30:00,1,93,93001,2,1,1,3,LONG-SENTIER (RUE DU),"48,9100000","2,3940000",1,4,1,2008.0,5,8,0,-1,B01,2,14,2,6,5,0,4,LONG-SENTIER (RUE DU),0.0,,1,1,0,1,1,1,0,1,30,adult
201900041247,28,8,2019,0 days 16:15:00,1,92,92026,2,9,7,1,BOULEVARD CIRCULAIRE,"48,8921890","2,2458860",1,4,1,1953.0,0,2,0,-1,A01,3,0,6,1,25,5,3,993,0.0,,2,1,1,2,2,1,9,3,1,child
201900041247,28,8,2019,0 days 16:15:00,1,92,92026,2,9,7,1,BOULEVARD CIRCULAIRE,"48,8921890","2,2458860",1,4,1,1992.0,0,2,8,-1,A01,3,0,6,1,25,5,3,993,0.0,,2,1,1,2,2,1,9,3,1,adult
201900041255,27,8,2019,0 days 09:10:00,1,92,92060,2,1,1,3,DESCARTES (AVENUE),"48,7767100","2,2462100",1,2,1,1956.0,1,2,4,-1,B01,0,0,2,0,0,5,4,DESCARTES (AVENUE),0.0,,2,4,2,1,1,1,0,1,50,child
201900041255,27,8,2019,0 days 09:10:00,1,92,92060,2,1,1,3,DESCARTES (AVENUE),"48,7767100","2,2462100",1,1,1,1999.0,4,1,0,-1,B01,0,0,2,0,0,5,4,DESCARTES (AVENUE),0.0,,2,4,2,1,1,1,0,1,50,adult
201900041332,5,4,2019,0 days 13:15:00,1,75,75112,2,3,1,6,RUE BARON LE ROY,"48,8359070","2,3864750",3,4,2,1951.0,0,8,0,-1,A01,1,0,1,1,15,5,4,RUE BARON LE ROY,0.0,,2,2,0,1,1,1,0,1,50,child
201900041332,5,4,2019,0 days 13:15:00,1,75,75112,2,3,1,6,RUE BARON LE ROY,"48,8359070","2,3864750",1,1,1,1991.0,1,8,0,-1,A01,1,0,1,1,15,5,4,RUE BARON LE ROY,0.0,,2,2,0,1,1,1,0,1,50,adult
201900041333,5,4,2019,0 days 08:05:00,1,75,75112,2,2,1,3,AVENUE DE SAINT MANDE,"48,8446690","2,4057320",1,1,2,1975.0,1,1,0,-1,B01,1,0,2,0,15,5,4,AVENUE DE SAINT MANDE,0.0,,2,2,0,1,1,1,0,1,50,child
201900041333,5,4,2019,0 days 08:05:00,1,75,75112,2,2,1,3,AVENUE DE SAINT MANDE,"48,8446690","2,4057320",1,4,2,1996.0,1,8,0,-1,B01,1,0,2,0,15,5,4,AVENUE DE SAINT MANDE,0.0,,2,2,0,1,1,1,0,1,50,adult
201900041334,4,4,2019,0 days 20:00:00,1,75,75112,2,4,1,3,ROUTE DE LA PYRAMIDE,"48,8400850","2,4367170",1,4,2,1955.0,5,2,0,-1,B01,3,0,2,7,19,5,4,ROUTE DE LA PYRAMIDE,0.0,,2,2,0,1,1,1,0,1,50,child
201900041334,4,4,2019,0 days 20:00:00,1,75,75112,2,4,1,3,ROUTE DE LA PYRAMIDE,"48,8400850","2,4367170",1,1,2,1994.0,1,1,0,-1,B01,3,0,2,7,19,5,4,ROUTE DE LA PYRAMIDE,0.0,,2,2,0,1,1,1,0,1,50,adult
201900041336,6,4,2019,0 days 17:50:00,1,75,75111,2,3,1,6,BOULEVARD BEAUMARCHAIS,"48,8558080","2,3684870",3,1,1,1970.0,5,8,0,-1,Z01,1,0,1,1,1,5,4,BOULEVARD BEAUMARCHAIS,0.0,,2,2,0,1,1,1,8,1,50,child
201900041336,6,4,2019,0 days 17:50:00,1,75,75111,2,3,1,6,BOULEVARD BEAUMARCHAIS,"48,8558080","2,3684870",3,4,1,2011.0,5,8,0,-1,Z01,1,0,1,1,1,5,4,BOULEVARD BEAUMARCHAIS,0.0,,2,2,0,1,1,1,8,1,50,adult
201900041342,4,4,2019,0 days 17:10:00,1,75,75110,2,1,1,2,RUE DE LA GRANGE AUX BELLES,"48,8763750","2,3687410",2,4,2,1956.0,0,0,0,-1,B01,1,0,2,0,18,5,4,RUE DE LA GRANGE AUX BELLES,0.0,,1,1,0,1,1,1,8,1,30,child
201900041342,4,4,2019,0 days 17:10:00,1,75,75110,2,1,1,2,RUE DE LA GRANGE AUX BELLES,"48,8763750","2,3687410",1,1,1,1977.0,4,1,0,-1,B01,1,0,2,0,18,5,4,RUE DE LA GRANGE AUX BELLES,0.0,,1,1,0,1,1,1,8,1,30,adult
201900041342,4,4,2019,0 days 17:10:00,1,75,75110,2,1,1,2,RUE DE LA GRANGE AUX BELLES,"48,8763750","2,3687410",1,4,1,2001.0,5,2,0,-1,B01,1,0,2,0,18,5,4,RUE DE LA GRANGE AUX BELLES,0.0,,1,1,0,1,1,1,8,1,30,adult
201900041343,6,4,2019,0 days 16:23:00,1,75,75102,2,5,1,3,RUE ETIENNE MARCEL,"48,8638670","2,3490260",1,4,1,1946.0,5,2,0,-1,B01,2,0,2,8,1,5,4,RUE ETIENNE MARCEL,0.0,,2,1,0,1,1,1,0,1,50,child
201900041343,6,4,2019,0 days 16:23:00,1,75,75102,2,5,1,3,RUE ETIENNE MARCEL,"48,8638670","2,3490260",1,1,2,1984.0,5,1,0,-1,B01,2,0,2,8,1,5,4,RUE ETIENNE MARCEL,0.0,,2,1,0,1,1,1,0,1,50,adult
201900041349,3,4,2019,0 days 11:55:00,1,75,75117,2,1,1,6,BOULEVARD DE COURCELLES,"48,8806410","2,3107960",1,4,2,1976.0,9,2,0,-1,A01,2,0,2,8,19,5,4,BOULEVARD DE COURCELLES,0.0,,2,2,0,1,1,1,0,1,50,child
201900041349,3,4,2019,0 days 11:55:00,1,75,75117,2,1,1,6,BOULEVARD DE COURCELLES,"48,8806410","2,3107960",1,1,1,1998.0,9,2,0,-1,A01,2,0,2,8,19,5,4,BOULEVARD DE COURCELLES,0.0,,2,2,0,1,1,1,0,1,50,adult
201900041405,4,4,2019,0 days 09:30:00,1,92,92062,2,1,1,6,REPUBLIQUE (RUE DE LA) DU 102 AU 200,"48,8837800","2,2335700",3,4,1,1965.0,0,8,0,-1,A01,3,0,1,1,1,5,4,REPUBLIQUE (RUE DE LA) DU 102 AU 200,0.0,,2,3,0,2,1,1,0,1,50,child
201900041405,4,4,2019,0 days 09:30:00,1,92,92062,2,1,1,6,REPUBLIQUE (RUE DE LA) DU 102 AU 200,"48,8837800","2,2335700",1,1,2,1995.0,5,2,8,-1,A01,3,0,1,1,1,5,4,REPUBLIQUE (RUE DE LA) DU 102 AU 200,0.0,,2,3,0,2,1,1,0,1,50,adult
201900041421,5,4,2019,0 days 08:40:00,1,92,92012,2,1,1,2,ALPHONSE LE GALLO (QUAI) 1/34,"48,8304306","2,2280730",1,4,1,1944.0,0,8,0,-1,B01,1,0,2,4,1,5,3,1,0.0,,3,4,0,1,1,1,0,1,50,child
201900041421,5,4,2019,0 days 08:40:00,1,92,92012,2,1,1,2,ALPHONSE LE GALLO (QUAI) 1/34,"48,8304306","2,2280730",1,1,1,1993.0,1,1,0,-1,B01,1,0,2,4,1,5,3,1,0.0,,3,4,0,1,1,1,0,1,50,adult
201900041427,4,4,2019,0 days 14:45:00,1,33,33250,1,3,2,6,intersection D21et D129,"44,6136800"," -0,0275300",1,3,1,1955.0,5,2,-1,-1,B01,2,0,2,2,15,5,3,129,0.0,,2,2,0,1,1,2,0,1,80,child
201900041427,4,4,2019,0 days 14:45:00,1,33,33250,1,3,2,6,intersection D21et D129,"44,6136800"," -0,0275300",1,1,1,1996.0,4,1,-1,-1,B01,2,0,2,2,15,5,3,129,0.0,,2,2,0,1,1,2,0,1,80,adult
201900041468,5,4,2019,0 days 23:30:00,5,63,63338,2,3,1,3, rue aristide Briand/rue grands bassins,"46,1678150","2,8323610",1,1,1,1966.0,5,1,-1,-1,A01,3,0,2,1,1,5,3,79,,,2,2,0,2,1,1,0,1,50,child