Num_Acc,jour,mois,an,hrmn,lum,dep,com,agg,int,atm,col,adr,lat,long,catu,grav,sexe,an_nais,trajet,secu1,secu2,secu3,num_veh_y,senc,obs,obsm,choc,manv,motor,catr,voie,v1,v2,circ,nbv,vosp,prof,plan,surf,infra,situ,vma,age
201900041468,5,4,2019,0 days 23:30:00,5,63,63338,2,3,1,3, rue aristide Briand/rue grands bassins,"46,1678150","2,8323610",1,4,1,2003.0,5,0,-1,-1,A01,3,0,2,1,1,5,3,79,,,2,2,0,2,1,1,0,1,50,adult
201900041485,6,4,2019,0 days 14:35:00,1,38,38027,2,3,1,1,route du faye - D9,"45,4287400","5,9780400",1,3,1,1937.0,5,0,-1,-1,B01,2,0,2,1,1,5,3,9,,D,2,2,0,1,1,1,0,1,50,child
201900041485,6,4,2019,0 days 14:35:00,1,38,38027,2,3,1,1,route du faye - D9,"45,4287400","5,9780400",1,1,1,1999.0,5,8,-1,-1,B01,2,0,2,1,1,5,3,9,,D,2,2,0,1,1,1,0,1,50,adult
201900041515,18,7,2019,0 days 12:05:00,1,14,14118,2,2,8,3,BAYEUX (RUE DU 143 IMPAIR . 160 PAIR,"49,1831500"," -0,3845400",1,1,1,1966.0,-1,0,-1,-1,B01,2,0,0,8,1,5,4,,,,2,-1,-1,2,1,1,0,1,-1,child
201900041515,18,7,2019,0 days 12:05:00,1,14,14118,2,2,8,3,BAYEUX (RUE DU 143 IMPAIR . 160 PAIR,"49,1831500"," -0,3845400",1,4,1,1990.0,0,0,-1,-1,B01,2,0,0,8,1,5,4,,,,2,-1,-1,2,1,1,0,1,-1,adult
201900041533,20,7,2019,0 days 22:40:00,5,10,10362,2,2,1,3,GENERAL GALLIENI (RUE DU),"48,2939100","4,0544100",1,1,1,1963.0,0,1,0,-1,B01,2,0,2,1,1,0,4,GENERAL GALLIENI (RUE DU),0.0,,2,2,0,1,1,1,0,1,50,child
201900041533,20,7,2019,0 days 22:40:00,5,10,10362,2,2,1,3,GENERAL GALLIENI (RUE DU),"48,2939100","4,0544100",1,4,1,2001.0,0,8,0,-1,B01,2,0,2,1,1,0,4,GENERAL GALLIENI (RUE DU),0.0,,2,2,0,1,1,1,0,1,50,adult
201900041548,17,7,2019,0 days 10:25:00,1,5,05023,2,1,1,3,FORGUES (AVENUE DU PROF.),"44,9055400","6,6303100",1,1,1,1961.0,5,1,0,-1,B01,2,0,2,3,18,5,2,94,0.0,,2,2,0,2,1,1,9,1,50,child
201900041548,17,7,2019,0 days 10:25:00,1,5,05023,2,1,1,3,FORGUES (AVENUE DU PROF.),"44,9055400","6,6303100",1,4,2,1988.0,5,2,0,-1,B01,2,0,2,3,18,5,2,94,0.0,,2,2,0,2,1,1,9,1,50,adult
201900041571,19,7,2019,0 days 16:00:00,1,75,75119,2,1,1,3,RUE GASTON TESSIER,"48,8963370","2,3757800",1,1,2,1982.0,1,1,0,-1,B01,2,0,2,3,9,5,4,RUE GASTON TESSIER,0.0,,2,2,0,1,2,1,0,1,50,child
201900041571,19,7,2019,0 days 16:00:00,1,75,75119,2,1,1,3,RUE GASTON TESSIER,"48,8963370","2,3757800",1,4,1,2003.0,5,8,0,-1,B01,2,0,2,3,9,5,4,RUE GASTON TESSIER,0.0,,2,2,0,1,2,1,0,1,50,adult
201900041592,18,7,2019,0 days 06:50:00,1,75,75114,2,7,1,6,AVENUE PAUL VAILLANT COUTURIER,"48,8159300","2,3439220",1,1,1,1966.0,4,1,0,-1,B01,2,0,2,7,1,5,4,AVENUE PAUL VAILLANT COUTURIER,0.0,,2,2,0,1,2,1,0,1,50,child
201900041592,18,7,2019,0 days 06:50:00,1,75,75114,2,7,1,6,AVENUE PAUL VAILLANT COUTURIER,"48,8159300","2,3439220",1,4,1,1995.0,4,2,0,-1,B01,2,0,2,7,1,5,4,AVENUE PAUL VAILLANT COUTURIER,0.0,,2,2,0,1,2,1,0,1,50,adult
201900041654,19,7,2019,0 days 17:50:00,1,92,92051,2,1,9,3,PAULINE BORGHESE (RUE),"48,8849300","2,2682700",1,1,1,1972.0,0,8,0,-1,B01,1,1,2,1,19,0,4,PAULINE BORGHESE (RUE),0.0,,1,1,0,1,1,1,0,1,50,child
201900041654,19,7,2019,0 days 17:50:00,1,92,92051,2,1,9,3,PAULINE BORGHESE (RUE),"48,8849300","2,2682700",1,4,1,2013.0,0,8,0,-1,B01,1,1,2,1,19,0,4,PAULINE BORGHESE (RUE),0.0,,1,1,0,1,1,1,0,1,50,adult
201900041688,19,7,2019,0 days 18:50:00,1,41,41010,2,1,1,3,Route de Galette,"47,8489620","0,9954200",1,1,2,1972.0,5,1,-1,-1,A01,2,0,2,7,13,5,3,24,,,2,2,0,1,1,1,0,1,50,child
201900041688,19,7,2019,0 days 18:50:00,1,41,41010,2,1,1,3,Route de Galette,"47,8489620","0,9954200",1,3,1,2003.0,3,0,-1,-1,A01,2,0,2,7,13,5,3,24,,,2,2,0,1,1,1,0,1,50,adult
201900041690,18,7,2019,0 days 13:15:00,1,31,31157,2,6,1,3,Avenue du Général Leclerc Philippe de Hautecloque,"43,5390390","1,3394990",1,3,1,1944.0,5,2,-1,-1,A01,1,0,2,7,1,5,3,24,0.0,,2,2,0,1,1,1,0,1,30,child
201900041690,18,7,2019,0 days 13:15:00,1,31,31157,2,6,1,3,Avenue du Général Leclerc Philippe de Hautecloque,"43,5390390","1,3394990",1,1,1,1992.0,1,1,-1,-1,A01,1,0,2,7,1,5,3,24,0.0,,2,2,0,1,1,1,0,1,30,adult
201900041724,12,12,2019,0 days 13:35:00,1,37,37109,2,1,2,3,Rue François Rabelais,"47,4036904","0,6031199",1,1,1,1981.0,4,8,-1,-1,B01,3,0,2,0,26,5,4,,0.0,,2,2,0,1,1,2,0,1,50,child
201900041724,12,12,2019,0 days 13:35:00,1,37,37109,2,1,2,3,Rue François Rabelais,"47,4036904","0,6031199",1,3,1,2013.0,5,2,-1,-1,B01,3,0,2,0,26,5,4,,0.0,,2,2,0,1,1,2,0,1,50,adult
201900041789,10,12,2019,0 days 08:45:00,1,86,86194,2,3,1,3,PAIX (AVENUE DE LA),"46,5893569","0,3341117",1,1,2,1954.0,5,1,0,-1,A01,1,0,2,1,15,5,4,PAIX (AVENUE DE LA),0.0,,2,2,0,1,1,1,0,1,50,child
201900041789,10,12,2019,0 days 08:45:00,1,86,86194,2,3,1,3,PAIX (AVENUE DE LA),"46,5893569","0,3341117",1,4,2,2009.0,2,2,0,-1,A01,1,0,2,1,15,5,4,PAIX (AVENUE DE LA),0.0,,2,2,0,1,1,1,0,1,50,adult
201900041804,9,12,2019,0 days 18:25:00,4,67,67218,1,1,8,3,ALFRED KASTLER (ROUTE),"48,5374000","7,7463800",1,1,1,1976.0,0,1,8,-1,B01,2,0,2,2,19,5,4,ALFRED KASTLER (ROUTE),0.0,,1,1,1,1,3,1,0,1,50,child
201900041804,9,12,2019,0 days 18:25:00,4,67,67218,1,1,8,3,ALFRED KASTLER (ROUTE),"48,5374000","7,7463800",1,4,1,2000.0,0,8,0,-1,B01,2,0,2,2,19,5,4,ALFRED KASTLER (ROUTE),0.0,,1,1,1,1,3,1,0,1,50,adult
201900041805,9,12,2019,0 days 12:50:00,1,67,67482,2,1,1,3,LAUSANNE (RUE DE),"48,5758000","7,7563000",1,1,1,1953.0,0,1,8,-1,B01,1,0,2,8,1,5,4,LAUSANNE (RUE DE),0.0,,2,4,2,1,1,1,9,1,50,child
201900041805,9,12,2019,0 days 12:50:00,1,67,67482,2,1,1,3,LAUSANNE (RUE DE),"48,5758000","7,7563000",1,4,1,1983.0,0,8,0,-1,B01,1,0,2,8,1,5,4,LAUSANNE (RUE DE),0.0,,2,4,2,1,1,1,9,1,50,adult
201900041811,9,12,2019,0 days 11:36:00,1,65,65440,2,1,1,2,DESPOURRINS (RUE),"43,2333800","0,0731400",1,3,1,1926.0,3,8,0,-1,B01,3,0,2,4,1,5,4,DESPOURRINS (RUE),0.0,,1,2,0,1,2,1,0,1,50,child
201900041811,9,12,2019,0 days 11:36:00,1,65,65440,2,1,1,2,DESPOURRINS (RUE),"43,2333800","0,0731400",1,1,2,1990.0,4,1,0,-1,B01,3,0,2,4,1,5,4,DESPOURRINS (RUE),0.0,,1,2,0,1,2,1,0,1,50,adult
201900041829,9,12,2019,0 days 16:00:00,1,49,49007,2,1,1,3,HOTEL DIEU AVENUE,"47,4806300"," -0,5597300",1,1,2,1954.0,0,1,8,-1,B01,1,0,2,0,0,5,4,HOTEL DIEU AVENUE,0.0,,2,2,0,1,1,1,0,1,60,child
201900041829,9,12,2019,0 days 16:00:00,1,49,49007,2,1,1,3,HOTEL DIEU AVENUE,"47,4806300"," -0,5597300",1,4,1,1984.0,0,8,0,-1,B01,1,0,2,0,0,5,4,HOTEL DIEU AVENUE,0.0,,2,2,0,1,1,1,0,1,60,adult
201900041836,10,12,2019,0 days 07:30:00,5,37,37261,2,2,1,3,CURIE (RUE PIERRE ET MARIE),"47,4289200","0,6838700",1,1,1,1966.0,1,1,0,-1,B01,3,0,2,0,0,5,4,CURIE (RUE PIERRE ET MARIE),0.0,,1,3,1,1,1,1,0,1,50,child
201900041836,10,12,2019,0 days 07:30:00,5,37,37261,2,2,1,3,CURIE (RUE PIERRE ET MARIE),"47,4289200","0,6838700",1,4,1,2007.0,2,2,4,-1,B01,3,0,2,0,0,5,4,CURIE (RUE PIERRE ET MARIE),0.0,,1,3,1,1,1,1,0,1,50,adult
201900041865,10,12,2019,0 days 09:30:00,1,6,06069,2,1,1,3,RENOIR (AVENUE AUGUSTE),"43,6797930","6,9482970",1,4,1,1947.0,5,2,0,-1,A01,2,0,2,1,13,5,3,2085,0.0,,2,2,0,1,2,1,0,1,50,child
201900041865,10,12,2019,0 days 09:30:00,1,6,06069,2,1,1,3,RENOIR (AVENUE AUGUSTE),"43,6797930","6,9482970",1,4,2,1970.0,9,1,0,-1,A01,2,0,2,1,13,5,3,2085,0.0,,2,2,0,1,2,1,0,1,50,adult
201900041885,13,5,2019,0 days 10:10:00,1,94,94068,2,7,1,3,8 MAI 1945 (CARR DU),"48,8022300","2,4923800",1,1,1,1939.0,3,1,0,-1,B01,3,0,2,1,1,0,4,8 MAI 1945 (CARR DU),0.0,,3,2,0,1,1,1,0,1,50,child
201900041885,13,5,2019,0 days 10:10:00,1,94,94068,2,7,1,3,8 MAI 1945 (CARR DU),"48,8022300","2,4923800",1,4,1,1945.0,3,8,0,-1,B01,3,0,2,1,1,0,4,8 MAI 1945 (CARR DU),0.0,,3,2,0,1,1,1,0,1,50,adult
201900041885,13,5,2019,0 days 10:10:00,1,94,94068,2,7,1,3,8 MAI 1945 (CARR DU),"48,8022300","2,4923800",2,1,2,1969.0,3,1,0,-1,B01,3,0,2,1,1,0,4,8 MAI 1945 (CARR DU),0.0,,3,2,0,1,1,1,0,1,50,adult
201900041887,12,5,2019,0 days 09:40:00,1,94,94068,2,1,1,3,MARNE (BD DE LA),"48,7907612","2,5067337",1,1,2,1988.0,5,1,0,-1,B01,3,0,2,2,1,5,4,MARNE (BD DE LA),0.0,,-1,2,0,1,1,1,0,1,50,child
201900041887,12,5,2019,0 days 09:40:00,1,94,94068,2,1,1,3,MARNE (BD DE LA),"48,7907612","2,5067337",1,4,2,2016.0,5,8,0,-1,B01,3,0,2,2,1,5,4,MARNE (BD DE LA),0.0,,-1,2,0,1,1,1,0,1,50,adult
201900041896,27,5,2019,0 days 13:25:00,1,94,94058,2,3,1,3,GABRIEL PERI (AV),"48,8373200","2,5002000",1,1,1,1948.0,5,1,0,-1,B01,1,0,2,1,2,5,4,GABRIEL PERI (AV),0.0,,2,2,0,1,1,1,0,1,50,child
201900041896,27,5,2019,0 days 13:25:00,1,94,94058,2,3,1,3,GABRIEL PERI (AV),"48,8373200","2,5002000",1,4,1,2004.0,5,8,0,-1,B01,1,0,2,1,2,5,4,GABRIEL PERI (AV),0.0,,2,2,0,1,1,1,0,1,50,adult
201900041908,10,5,2019,0 days 11:30:00,1,94,94046,2,1,1,3,GENERAL DE GAULLE (AV DU),"48,8026800","2,4286200",1,1,1,1953.0,0,1,8,-1,B01,1,1,0,7,1,5,3,6,0.0,,2,4,0,1,1,1,0,1,50,child
201900041908,10,5,2019,0 days 11:30:00,1,94,94046,2,1,1,3,GENERAL DE GAULLE (AV DU),"48,8026800","2,4286200",1,4,1,2004.0,0,2,0,-1,B01,1,1,0,7,1,5,3,6,0.0,,2,4,0,1,1,1,0,1,50,adult
201900041913,27,5,2019,0 days 19:05:00,1,94,94003,2,1,1,1,LAPLACE (AV),"48,8075800","2,3343000",1,1,2,1960.0,5,1,0,-1,A01,1,0,2,1,5,5,3,161,0.0,,2,2,1,2,1,1,0,1,30,child
201900041913,27,5,2019,0 days 19:05:00,1,94,94003,2,1,1,1,LAPLACE (AV),"48,8075800","2,3343000",1,4,1,2006.0,5,8,0,-1,A01,1,0,2,1,5,5,3,161,0.0,,2,2,1,2,1,1,0,1,30,adult
201900041943,12,5,2019,0 days 09:30:00,1,94,94021,2,1,1,3,PEPINIERES (AV),"48,7670000","2,3498500",1,1,1,1970.0,5,1,8,-1,B01,1,0,2,1,1,0,4,PEPINIERES (AV),0.0,,1,2,0,1,1,1,0,1,50,child
201900041943,12,5,2019,0 days 09:30:00,1,94,94021,2,1,1,3,PEPINIERES (AV),"48,7670000","2,3498500",1,4,1,2006.0,5,2,8,-1,B01,1,0,2,1,1,0,4,PEPINIERES (AV),0.0,,1,2,0,1,1,1,0,1,50,adult
201900041995,15,5,2019,0 days 08:50:00,1,94,94018,2,1,7,3,GRAVELLE (AV DE),"48,8284100","2,4049700",1,1,1,1963.0,1,8,0,-1,C01,-1,-1,-1,-1,-1,-1,4,GRAVELLE (AV DE),0.0,,2,2,1,1,1,1,0,1,30,child
201900041995,15,5,2019,0 days 08:50:00,1,94,94018,2,1,7,3,GRAVELLE (AV DE),"48,8284100","2,4049700",1,4,1,1985.0,1,8,0,-1,C01,-1,-1,-1,-1,-1,-1,4,GRAVELLE (AV DE),0.0,,2,2,1,1,1,1,0,1,30,adult
201900042012,17,5,2019,0 days 16:37:00,1,94,94044,2,9,1,3,EUGENE VARLIN (R),"48,7423500","2,4912500",1,4,1,1946.0,9,8,0,-1,B01,1,0,2,3,0,5,3,136,0.0,,1,1,0,1,1,1,0,1,50,child
201900042012,17,5,2019,0 days 16:37:00,1,94,94044,2,9,1,3,EUGENE VARLIN (R),"48,7423500","2,4912500",1,1,1,1987.0,9,1,8,-1,B01,1,0,2,3,0,5,3,136,0.0,,1,1,0,1,1,1,0,1,50,adult
201900042059,15,5,2019,0 days 19:50:00,1,93,93066,2,2,1,3,FRUITIERS (AVENUE),"48,9165100","2,3547600",1,1,1,1975.0,9,1,0,-1,B01,1,0,2,7,1,5,4,FRUITIERS (AVENUE),0.0,,2,2,1,1,1,1,0,1,50,child
201900042059,15,5,2019,0 days 19:50:00,1,93,93066,2,2,1,3,FRUITIERS (AVENUE),"48,9165100","2,3547600",1,4,2,2009.0,0,2,0,-1,B01,1,0,2,7,1,5,4,FRUITIERS (AVENUE),0.0,,2,2,1,1,1,1,0,1,50,adult
201900042098,14,6,2019,0 days 10:45:00,1,63,63113,2,3,1,6,INDUSTRIE (RUE DE L'),"45,7857140","3,1195180",1,4,2,1954.0,-1,2,-1,-1,C01,1,0,2,1,5,5,7,2009,,,3,-1,-1,1,1,1,0,4,50,child
201900042098,14,6,2019,0 days 10:45:00,1,63,63113,2,3,1,6,INDUSTRIE (RUE DE L'),"45,7857140","3,1195180",1,1,1,1983.0,0,1,0,-1,C01,1,0,2,1,5,5,7,2009,,,3,-1,-1,1,1,1,0,4,50,adult
201900042217,12,6,2019,0 days 14:00:00,1,973,97302,2,2,1,3,MANDELA  (BOULEVARD),"4,9400474"," -52,3266507",1,1,1,1952.0,0,1,8,-1,A01,1,0,2,1,5,6,4,MANDELA  (BOULEVARD),0.0,,1,1,0,1,1,1,9,1,30,child
201900042217,12,6,2019,0 days 14:00:00,1,973,97302,2,2,1,3,MANDELA  (BOULEVARD),"4,9400474"," -52,3266507",1,4,1,1992.0,0,2,0,-1,A01,1,0,2,1,5,6,4,MANDELA  (BOULEVARD),0.0,,1,1,0,1,1,1,9,1,30,adult
201900042295,6,11,2019,0 days 12:30:00,1,83,83137,2,3,1,3,BORIES (RUE PIERRE),"43,1237400","5,9595100",1,1,2,1962.0,1,1,0,-1,B01,1,0,2,1,1,5,4,BORIES (RUE PIERRE),0.0,,2,2,0,1,1,9,0,1,50,child
201900042295,6,11,2019,0 days 12:30:00,1,83,83137,2,3,1,3,BORIES (RUE PIERRE),"43,1237400","5,9595100",1,3,1,2007.0,5,8,0,-1,B01,1,0,2,1,1,5,4,BORIES (RUE PIERRE),0.0,,2,2,0,1,1,9,0,1,50,adult
201900042299,2,11,2019,0 days 11:55:00,1,77,77285,2,2,2,3,D1009T X AV MAURICE DAUVERGNE,"48,5429400","2,6315800",1,1,1,1974.0,5,1,0,-1,A01,1,0,2,1,19,5,3,1009,0.0,T,2,2,0,1,1,2,5,1,50,child
201900042299,2,11,2019,0 days 11:55:00,1,77,77285,2,2,2,3,D1009T X AV MAURICE DAUVERGNE,"48,5429400","2,6315800",1,3,1,2000.0,5,8,0,-1,A01,1,0,2,1,19,5,3,1009,0.0,T,2,2,0,1,1,2,5,1,50,adult
201900042342,6,11,2019,0 days 09:00:00,1,35,35238,1,2,1,3,PREVALAYE (CHEMIN DE LA),"48,0980400"," -1,7272000",1,1,2,1963.0,1,1,0,-1,A01,3,0,2,8,19,5,4,PREVALAYE (CHEMIN DE LA),0.0,,2,2,0,1,1,2,9,-1,50,child
201900042342,6,11,2019,0 days 09:00:00,1,35,35238,1,2,1,3,PREVALAYE (CHEMIN DE LA),"48,0980400"," -1,7272000",1,4,2,1992.0,1,2,8,-1,A01,3,0,2,8,19,5,4,PREVALAYE (CHEMIN DE LA),0.0,,2,2,0,1,1,2,9,-1,50,adult
201900042383,6,11,2019,0 days 15:10:00,1,75,75120,2,1,1,6,RUE DES COURONNES,"48,8722710","2,3893560",3,4,2,1928.0,5,0,-1,-1,A01,1,0,1,1,1,5,4,RUE DES COURONNES,0.0,,2,2,0,3,1,1,0,1,50,child
201900042383,6,11,2019,0 days 15:10:00,1,75,75120,2,1,1,6,RUE DES COURONNES,"48,8722710","2,3893560",1,1,1,1997.0,5,8,2,-1,A01,1,0,1,1,1,5,4,RUE DES COURONNES,0.0,,2,2,0,3,1,1,0,1,50,adult
201900042394,6,11,2019,0 days 18:05:00,5,75,75111,2,3,2,6,BOULEVARD VOLTAIRE,"48,8610043","2,3748363",3,4,2,1962.0,0,0,-1,-1,A01,2,0,1,0,1,5,4,BOULEVARD VOLTAIRE,0.0,,2,4,1,1,1,2,0,5,50,child
201900042394,6,11,2019,0 days 18:05:00,5,75,75111,2,3,2,6,BOULEVARD VOLTAIRE,"48,8610043","2,3748363",1,1,1,1997.0,5,2,0,-1,A01,2,0,1,0,1,5,4,BOULEVARD VOLTAIRE,0.0,,2,4,1,1,1,2,0,5,50,adult
201900042463,27,2,2019,0 days 16:50:00,1,50,50639,2,3,1,3,Rue du Général HUARD,"48,8419330"," -1,2192580",1,1,2,1943.0,5,8,-1,-1,B01,3,0,2,1,9,5,3,999,0.0,E,2,2,0,2,1,1,0,1,-1,child
201900042463,27,2,2019,0 days 16:50:00,1,50,50639,2,3,1,3,Rue du Général HUARD,"48,8419330"," -1,2192580",1,4,1,1998.0,5,2,-1,-1,B01,3,0,2,1,9,5,3,999,0.0,E,2,2,0,2,1,1,0,1,-1,adult
201900042469,25,2,2019,0 days 17:35:00,1,64,64493,2,1,7,3, Avenue de NAVARRE,"43,3158207"," -1,0199473",1,1,1,1931.0,3,1,-1,-1,B01,2,0,2,8,1,5,3,2933,,,2,2,0,1,1,1,0,1,50,child
201900042469,25,2,2019,0 days 17:35:00,1,64,64493,2,1,7,3, Avenue de NAVARRE,"43,3158207"," -1,0199473",1,4,1,1964.0,1,0,-1,-1,B01,2,0,2,8,1,5,3,2933,,,2,2,0,1,1,1,0,1,50,adult
201900042476,26,2,2019,0 days 16:20:00,1,53,53147,2,6,1,2,Place de l'europe,"48,3010870"," -0,6237010",1,1,1,1927.0,3,1,-1,-1,B01,1,0,2,4,1,5,3,304,,,-1,1,0,1,1,1,0,1,50,child
201900042476,26,2,2019,0 days 16:20:00,1,53,53147,2,6,1,2,Place de l'europe,"48,3010870"," -0,6237010",1,4,1,1954.0,5,2,-1,-1,B01,1,0,2,4,1,5,3,304,,,-1,1,0,1,1,1,0,1,50,adult
201900042511,1,3,2019,0 days 15:40:00,1,973,97309,2,1,1,3,Route de Dégrade,"4,8909047"," -52,2882485",1,1,1,1949.0,3,1,-1,-1,B01,2,0,2,8,1,5,3,24,0.0,,2,2,0,1,1,1,0,1,70,child
201900042511,1,3,2019,0 days 15:40:00,1,973,97309,2,1,1,3,Route de Dégrade,"4,8909047"," -52,2882485",1,4,1,1991.0,4,0,-1,-1,B01,2,0,2,8,1,5,3,24,0.0,,2,2,0,1,1,1,0,1,70,adult
201900042565,8,1,2019,0 days 08:19:00,1,83,83112,2,1,1,1,47 avenue de tauroentum,"43,1804080","5,7103270",1,1,1,1977.0,4,1,-1,-1,B01,3,0,2,2,19,6,4,47,,,2,2,0,2,1,1,0,8,30,child
201900042565,8,1,2019,0 days 08:19:00,1,83,83112,2,1,1,1,47 avenue de tauroentum,"43,1804080","5,7103270",1,4,1,2011.0,2,2,-1,-1,B01,3,0,2,2,19,6,4,47,,,2,2,0,2,1,1,0,8,30,adult
201900042572,26,2,2019,0 days 12:05:00,1,13,13072,2,1,1,2,D908,"43,4336300","5,6270000",1,4,1,1957.0,5,2,-1,-1,A01,2,0,0,6,1,5,3,908,,,2,2,2,2,1,1,0,5,50,child
201900042572,26,2,2019,0 days 12:05:00,1,13,13072,2,1,1,2,D908,"43,4336300","5,6270000",1,1,1,1994.0,4,1,-1,-1,A01,2,0,0,6,1,5,3,908,,,2,2,2,2,1,1,0,5,50,adult
201900042579,25,2,2019,0 days 17:40:00,1,57,57303,1,1,1,3,RD 52,"49,2197780","6,1874850",1,4,1,1954.0,5,0,-1,-1,B01,2,0,0,8,1,5,3,52,,,2,2,0,1,1,1,0,1,80,child
201900042579,25,2,2019,0 days 17:40:00,1,57,57303,1,1,1,3,RD 52,"49,2197780","6,1874850",1,1,1,1984.0,1,1,-1,-1,B01,2,0,0,8,1,5,3,52,,,2,2,0,1,1,1,0,1,80,adult
201900042585,27,2,2019,0 days 04:30:00,3,73,73228,1,1,1,2,D1006,"45,5445960","5,8819426",1,1,1,1974.0,4,8,-1,-1,B01,1,0,2,4,1,5,3,1006,0.0,,2,2,0,1,1,1,0,1,80,child
201900042585,27,2,2019,0 days 04:30:00,3,73,73228,1,1,1,2,D1006,"45,5445960","5,8819426",1,3,1,1999.0,1,0,-1,-1,B01,1,0,2,4,1,5,3,1006,0.0,,2,2,0,1,1,1,0,1,80,adult
201900042590,22,2,2019,0 days 16:50:00,1,38,38474,2,6,1,3,Place Jean Prévost,"45,2130800","5,6615600",1,4,2,1961.0,1,2,-1,-1,B01,2,0,2,8,2,5,3,1532,0.0,,1,3,0,1,1,1,0,1,50,child
201900042590,22,2,2019,0 days 16:50:00,1,38,38474,2,6,1,3,Place Jean Prévost,"45,2130800","5,6615600",1,1,1,1996.0,3,1,-1,-1,B01,2,0,2,8,2,5,3,1532,0.0,,1,3,0,1,1,1,0,1,50,adult
201900042662,30,9,2019,0 days 12:20:00,1,94,94017,2,1,1,6,GENERAL DE GAULLE (AV DU),"48,8202400","2,4853500",1,4,2,1973.0,1,8,0,-1,B01,1,1,0,1,17,0,3,3,0.0,,3,0,0,1,1,1,0,1,50,child
201900042662,30,9,2019,0 days 12:20:00,1,94,94017,2,1,1,6,GENERAL DE GAULLE (AV DU),"48,8202400","2,4853500",1,1,1,1999.0,4,1,0,-1,B01,1,1,0,1,17,0,3,3,0.0,,3,0,0,1,1,1,0,1,50,adult
201900042754,12,1,2019,0 days 17:18:00,1,49,49007,2,1,1,2,JOUVET SQUARE,"47,4514900"," -0,5266500",1,1,1,1973.0,0,1,0,-1,B01,3,0,2,7,1,5,6,JOUVET SQUARE,0.0,,-1,-1,0,1,1,1,0,1,30,child
201900042754,12,1,2019,0 days 17:18:00,1,49,49007,2,1,1,2,JOUVET SQUARE,"47,4514900"," -0,5266500",1,4,1,2008.0,9,8,0,-1,B01,3,0,2,7,1,5,6,JOUVET SQUARE,0.0,,-1,-1,0,1,1,1,0,1,30,adult
201900042774,14,1,2019,0 days 13:40:00,1,37,37261,2,2,1,3,CHOISEUL (PLACE),"47,4015800","0,6683800",1,4,1,1976.0,5,8,0,-1,A01,2,0,2,1,25,5,4,CHOISEUL (PLACE),0.0,,1,1,0,1,1,1,5,1,50,child
201900042774,14,1,2019,0 days 13:40:00,1,37,37261,2,2,1,3,CHOISEUL (PLACE),"47,4015800","0,6683800",1,1,2,2000.0,5,1,8,-1,A01,2,0,2,1,25,5,4,CHOISEUL (PLACE),0.0,,1,1,0,1,1,1,5,1,50,adult
201900042857,29,9,2019,0 days 18:15:00,1,74,74305,2,1,1,6,TOURNELLES (RUE DES),"46,2000316","6,2458039",1,4,2,1964.0,0,8,0,-1,B01,2,1,0,1,1,0,4,TOURNELLES (RUE DES),0.0,,2,2,0,1,1,1,0,1,50,child
201900042857,29,9,2019,0 days 18:15:00,1,74,74305,2,1,1,6,TOURNELLES (RUE DES),"46,2000316","6,2458039",1,1,2,1988.0,0,8,0,-1,B01,2,1,0,1,1,0,4,TOURNELLES (RUE DES),0.0,,2,2,0,1,1,1,0,1,50,adult
201900042857,29,9,2019,0 days 18:15:00,1,74,74305,2,1,1,6,TOURNELLES (RUE DES),"46,2000316","6,2458039",2,1,1,2013.0,0,8,8,-1,B01,2,1,0,1,1,0,4,TOURNELLES (RUE DES),0.0,,2,2,0,1,1,1,0,1,50,adult
201900042879,28,9,2019,0 days 10:07:00,1,50,50165,2,1,1,2,D 135E,"48,8524700"," -1,5624000",1,1,1,1942.0,5,1,0,-1,B01,1,0,2,4,1,5,3,135E5,0.0,,2,2,0,2,1,1,5,1,30,child
201900042879,28,9,2019,0 days 10:07:00,1,50,50165,2,1,1,2,D 135E,"48,8524700"," -1,5624000",1,3,2,1993.0,0,8,8,-1,B01,1,0,2,4,1,5,3,135E5,0.0,,2,2,0,2,1,1,5,1,30,adult
201900042888,15,1,2019,0 days 14:20:00,1,89,89459,1,3,1,3,RD 369,"48,1538510","3,1687530",1,3,1,1948.0,5,2,-1,-1,A01,3,0,2,7,15,5,3,369,,,2,2,0,1,3,1,0,1,-1,child
201900042888,15,1,2019,0 days 14:20:00,1,89,89459,1,3,1,3,RD 369,"48,1538510","3,1687530",1,1,2,1973.0,4,1,-1,-1,A01,3,0,2,7,15,5,3,369,,,2,2,0,1,3,1,0,1,-1,adult
201900042888,15,1,2019,0 days 14:20:00,1,89,89459,1,3,1,3,RD 369,"48,1538510","3,1687530",2,1,2,1993.0,4,1,-1,-1,A01,3,0,2,7,15,5,3,369,,,2,2,0,1,3,1,0,1,-1,adult
201900042975,1,9,2019,0 days 18:30:00,1,69,69046,2,2,1,3,intersection rue de la fée des eaux et rue des corcelles,"45,6518500","4,7963200",1,1,1,1950.0,5,1,-1,-1,A01,0,0,2,1,0,0,4,DE LA FEE DES EAUX (R),0.0,A,2,2,0,1,1,1,5,1,50,child
201900042975,1,9,2019,0 days 18:30:00,1,69,69046,2,2,1,3,intersection rue de la fée des eaux et rue des corcelles,"45,6518500","4,7963200",1,4,1,2005.0,5,0,-1,-1,A01,0,0,2,1,0,0,4,DE LA FEE DES EAUX (R),0.0,A,2,2,0,1,1,1,5,1,50,adult
201900042975,1,9,2019,0 days 18:30:00,1,69,69046,2,2,1,3,intersection rue de la fée des eaux et rue des corcelles,"45,6518500","4,7963200",2,4,1,2006.0,5,0,-1,-1,A01,0,0,2,1,0,0,4,DE LA FEE DES EAUX (R),0.0,A,2,2,0,1,1,1,5,1,50,adult