Num_Acc,jour,mois,an,hrmn,lum,dep,com,agg,int,atm,col,adr,lat,long,catu,grav,sexe,an_nais,trajet,secu1,secu2,secu3,num_veh_y,senc,obs,obsm,choc,manv,motor,catr,voie,v1,v2,circ,nbv,vosp,prof,plan,surf,infra,situ,vma,age
201900042998,28,8,2019,0 days 20:10:00,2,67,67414,2,6,1,3,D1420,"48,4578330","7,2082850",1,4,1,1970.0,5,2,-1,-1,B01,3,0,2,2,1,5,3,1420,,,2,2,0,1,3,1,5,1,50,child
201900042998,28,8,2019,0 days 20:10:00,2,67,67414,2,6,1,3,D1420,"48,4578330","7,2082850",1,1,2,1997.0,5,1,-1,-1,B01,3,0,2,2,1,5,3,1420,,,2,2,0,1,3,1,5,1,50,adult
201900043023,23,8,2019,0 days 09:00:00,1,63,63350,1,2,1,1,D212,"45,7247870","3,2784400",1,3,1,1947.0,5,2,-1,-1,B01,2,0,2,6,19,5,3,212,0.0,,2,2,0,1,1,1,0,1,80,child
201900043023,23,8,2019,0 days 09:00:00,1,63,63350,1,2,1,1,D212,"45,7247870","3,2784400",1,1,2,1984.0,3,1,-1,-1,B01,2,0,2,6,19,5,3,212,0.0,,2,2,0,1,1,1,0,1,80,adult
201900043128,29,8,2019,0 days 17:30:00,1,27,27056,2,9,1,3,Rue Jean Racine,"49,0802540","0,5966290",1,1,2,1950.0,5,1,-1,-1,B01,3,0,2,8,1,5,4,,,,2,2,0,2,2,1,0,1,50,child
201900043128,29,8,2019,0 days 17:30:00,1,27,27056,2,9,1,3,Rue Jean Racine,"49,0802540","0,5966290",1,4,1,2005.0,5,0,-1,-1,B01,3,0,2,8,1,5,4,,,,2,2,0,2,2,1,0,1,50,adult
201900043132,31,8,2019,0 days 08:00:00,1,17,17392,1,1,1,2,RD 2 E1,"45,4398830"," -0,7560420",1,3,2,1943.0,5,4,-1,-1,B01,1,0,2,4,1,5,3,2,,E,-1,2,0,1,1,1,0,1,80,child
201900043132,31,8,2019,0 days 08:00:00,1,17,17392,1,1,1,2,RD 2 E1,"45,4398830"," -0,7560420",1,1,1,1979.0,5,1,-1,-1,B01,1,0,2,4,1,5,3,2,,E,-1,2,0,1,1,1,0,1,80,adult
201900043185,5,4,2019,0 days 11:12:00,1,91,91386,2,6,1,6,Avenue Darblay,"48,5671870","2,4262040",1,2,1,1942.0,5,0,-1,-1,B01,0,0,0,0,17,5,3,153,,,-1,2,0,1,3,1,9,1,50,child
201900043185,5,4,2019,0 days 11:12:00,1,91,91386,2,6,1,6,Avenue Darblay,"48,5671870","2,4262040",1,1,1,1975.0,4,1,-1,-1,B01,0,0,0,0,17,5,3,153,,,-1,2,0,1,3,1,9,1,50,adult
201900043197,5,4,2019,0 days 13:40:00,1,58,58117,2,6,1,3,Rue du Pont,"47,0123800","3,0785610",1,1,1,1949.0,2,1,-1,-1,B01,3,0,2,7,26,5,3,40,,D,2,2,0,1,2,1,0,1,50,child
201900043197,5,4,2019,0 days 13:40:00,1,58,58117,2,6,1,3,Rue du Pont,"47,0123800","3,0785610",1,4,1,1993.0,5,2,4,-1,B01,3,0,2,7,26,5,3,40,,D,2,2,0,1,2,1,0,1,50,adult
201900043271,31,1,2019,0 days 08:45:00,1,94,94043,2,1,4,7,FONTAINEBLEAU (AV DE),"48,8148604","2,3607647",3,4,1,1971.0,9,8,0,-1,A01,2,0,1,1,7,5,3,7,0.0,,1,1,3,1,1,7,0,1,50,child
201900043271,31,1,2019,0 days 08:45:00,1,94,94043,2,1,4,7,FONTAINEBLEAU (AV DE),"48,8148604","2,3607647",1,1,1,1996.0,1,2,8,-1,A01,2,0,1,1,7,5,3,7,0.0,,1,1,3,1,1,7,0,1,50,adult
201900043300,3,4,2019,0 days 11:10:00,1,67,67447,2,1,1,6,BISCHWILLER (ROUTE DE),"48,6030500","7,7462300",1,4,1,1960.0,0,8,0,-1,B01,1,1,0,1,1,5,4,BISCHWILLER (ROUTE DE),0.0,,2,2,0,1,1,1,0,1,50,child
201900043300,3,4,2019,0 days 11:10:00,1,67,67447,2,1,1,6,BISCHWILLER (ROUTE DE),"48,6030500","7,7462300",1,1,2,1993.0,1,8,0,-1,B01,1,1,0,1,1,5,4,BISCHWILLER (ROUTE DE),0.0,,2,2,0,1,1,1,0,1,50,adult
201900043307,2,4,2019,0 days 11:45:00,1,49,49007,2,1,1,3,MIRABEAU,"47,4596148"," -0,5492467",1,1,2,1953.0,0,1,8,-1,B01,1,0,2,1,25,5,4,MIRABEAU,0.0,,-1,2,0,1,1,1,0,1,50,child
201900043307,2,4,2019,0 days 11:45:00,1,49,49007,2,1,1,3,MIRABEAU,"47,4596148"," -0,5492467",1,4,2,1991.0,1,8,0,-1,B01,1,0,2,1,25,5,4,MIRABEAU,0.0,,-1,2,0,1,1,1,0,1,50,adult
201900043314,3,4,2019,0 days 14:20:00,1,37,37261,2,3,8,6,BOURDAISIERE (ALLEE DE LA),"47,3863445","0,6953520",1,1,1,1900.0,-1,9,-1,-1,A01,2,0,9,1,15,5,4,BOURDAISIERE (ALLEE DE LA),0.0,,2,2,0,2,1,1,5,1,50,child
201900043314,3,4,2019,0 days 14:20:00,1,37,37261,2,3,8,6,BOURDAISIERE (ALLEE DE LA),"47,3863445","0,6953520",1,1,1,1982.0,4,8,0,-1,A01,2,0,9,1,15,5,4,BOURDAISIERE (ALLEE DE LA),0.0,,2,2,0,2,1,1,5,1,50,adult
201900043314,3,4,2019,0 days 14:20:00,1,37,37261,2,3,8,6,BOURDAISIERE (ALLEE DE LA),"47,3863445","0,6953520",1,4,1,1988.0,5,8,0,-1,A01,2,0,9,1,15,5,4,BOURDAISIERE (ALLEE DE LA),0.0,,2,2,0,2,1,1,5,1,50,adult
201900043337,19,7,2019,0 days 18:30:00,1,76,76605,2,3,1,1,Chemin Sous les Bruyères,"49,9098310","0,9579206",1,1,1,1938.0,5,8,-1,-1,B01,0,0,2,0,0,5,4,chemin sous les bruyeres,,,-1,2,0,1,1,1,0,1,50,child
201900043337,19,7,2019,0 days 18:30:00,1,76,76605,2,3,1,1,Chemin Sous les Bruyères,"49,9098310","0,9579206",1,4,1,1988.0,5,0,-1,-1,B01,0,0,2,0,0,5,4,chemin sous les bruyeres,,,-1,2,0,1,1,1,0,1,50,adult
201900043435,27,6,2019,0 days 08:13:00,1,18,18285,1,2,1,3,D27,"47,0257070","2,2103390",1,3,1,1940.0,5,2,-1,-1,B01,2,0,2,8,1,5,3,27,0.0,,2,2,0,4,1,1,5,1,80,child
201900043435,27,6,2019,0 days 08:13:00,1,18,18285,1,2,1,3,D27,"47,0257070","2,2103390",1,1,2,1976.0,1,1,-1,-1,B01,2,0,2,8,1,5,3,27,0.0,,2,2,0,4,1,1,5,1,80,adult
201900043460,18,7,2019,0 days 10:50:00,1,73,73329,1,1,1,3,D1504 Route du Bourget,"45,6176261","5,8821021",1,3,1,1949.0,5,0,-1,-1,B01,2,0,2,8,13,5,3,1504,,,2,2,0,1,1,1,0,1,80,child
201900043460,18,7,2019,0 days 10:50:00,1,73,73329,1,1,1,3,D1504 Route du Bourget,"45,6176261","5,8821021",1,4,1,1993.0,9,2,-1,-1,B01,2,0,2,8,13,5,3,1504,,,2,2,0,1,1,1,0,1,80,adult
201900043464,20,7,2019,0 days 05:50:00,2,38,38348,1,1,1,3,Route D1006,"45,5834410","5,3213330",1,3,1,1955.0,5,2,9,-1,A01,3,0,2,9,1,5,3,1006,,,3,4,0,1,1,1,0,1,90,child
201900043464,20,7,2019,0 days 05:50:00,2,38,38348,1,1,1,3,Route D1006,"45,5834410","5,3213330",2,1,1,1981.0,5,8,-1,-1,A01,3,0,2,9,1,5,3,1006,,,3,4,0,1,1,1,0,1,90,adult
201900043464,20,7,2019,0 days 05:50:00,2,38,38348,1,1,1,3,Route D1006,"45,5834410","5,3213330",1,1,1,1982.0,5,8,-1,-1,A01,3,0,2,9,1,5,3,1006,,,3,4,0,1,1,1,0,1,90,adult
201900043471,17,7,2019,0 days 11:00:00,1,17,17161,1,6,1,3,RD 735,"46,1796120"," -1,3334400",1,1,2,1939.0,5,1,-1,-1,B01,2,0,0,1,1,5,3,735,,,2,2,0,1,1,1,0,1,80,child
201900043471,17,7,2019,0 days 11:00:00,1,17,17161,1,6,1,3,RD 735,"46,1796120"," -1,3334400",1,4,1,2009.0,5,2,-1,-1,B01,2,0,0,1,1,5,3,735,,,2,2,0,1,1,1,0,1,80,adult
201900043531,10,12,2019,0 days 09:20:00,1,75,75115,2,1,1,2,BOULEVARD VICTOR,"48,8355172","2,2801791",1,4,2,1973.0,1,2,8,-1,B01,1,0,2,4,2,5,4,BOULEVARD VICTOR,0.0,,3,2,1,1,1,1,0,5,50,child
201900043531,10,12,2019,0 days 09:20:00,1,75,75115,2,1,1,2,BOULEVARD VICTOR,"48,8355172","2,2801791",1,1,1,1999.0,1,2,8,-1,B01,1,0,2,4,2,5,4,BOULEVARD VICTOR,0.0,,3,2,1,1,1,1,0,5,50,adult
201900043543,10,12,2019,0 days 09:00:00,1,94,94046,2,1,1,3,GENERAL LECLERC - CAR DE LA RESISTANCE (,"48,8126500","2,4280700",1,1,1,1975.0,0,8,0,-1,B01,2,1,0,1,0,0,4,GENERAL LECLERC - CAR DE LA RESISTANCE (,0.0,,1,2,0,1,1,1,0,1,50,child
201900043543,10,12,2019,0 days 09:00:00,1,94,94046,2,1,1,3,GENERAL LECLERC - CAR DE LA RESISTANCE (,"48,8126500","2,4280700",1,1,1,1986.0,0,8,0,-1,B01,2,1,0,1,0,0,4,GENERAL LECLERC - CAR DE LA RESISTANCE (,0.0,,1,2,0,1,1,1,0,1,50,adult
201900043543,10,12,2019,0 days 09:00:00,1,94,94046,2,1,1,3,GENERAL LECLERC - CAR DE LA RESISTANCE (,"48,8126500","2,4280700",2,4,1,2016.0,0,2,0,-1,B01,2,1,0,1,0,0,4,GENERAL LECLERC - CAR DE LA RESISTANCE (,0.0,,1,2,0,1,1,1,0,1,50,adult
201900043626,6,6,2019,0 days 15:57:00,1,49,49007,2,1,1,3,FOCH BOULEVARD,"47,4675800"," -0,5513700",1,4,1,1958.0,0,2,8,-1,B01,1,0,2,1,0,5,4,FOCH BOULEVARD,0.0,,2,2,0,1,1,1,0,1,30,child
201900043626,6,6,2019,0 days 15:57:00,1,49,49007,2,1,1,3,FOCH BOULEVARD,"47,4675800"," -0,5513700",1,1,2,1987.0,4,1,8,-1,B01,1,0,2,1,0,5,4,FOCH BOULEVARD,0.0,,2,2,0,1,1,1,0,1,30,adult
201900043687,9,12,2019,0 days 15:40:00,1,35,35238,2,2,1,3,PATTON (AVENUE DU GENERAL SIR GEORGES),"48,1326900"," -1,6613700",1,1,1,1971.0,5,1,0,-1,B01,3,0,2,1,16,5,4,PATTON (AVENUE DU GENERAL SIR GEORGES),0.0,,2,4,1,2,1,1,0,1,50,child
201900043687,9,12,2019,0 days 15:40:00,1,35,35238,2,2,1,3,PATTON (AVENUE DU GENERAL SIR GEORGES),"48,1326900"," -1,6613700",1,4,1,2000.0,5,2,0,-1,B01,3,0,2,1,16,5,4,PATTON (AVENUE DU GENERAL SIR GEORGES),0.0,,2,4,1,2,1,1,0,1,50,adult
201900043690,8,12,2019,0 days 18:10:00,5,33,33063,2,2,1,3,RUE DUPATY,"44,8585600"," -0,5636500",1,4,1,1973.0,0,8,0,-1,B01,2,0,2,0,1,5,4,RUE DUPATY,0.0,,1,1,0,1,1,1,0,1,50,child
201900043690,8,12,2019,0 days 18:10:00,5,33,33063,2,2,1,3,RUE DUPATY,"44,8585600"," -0,5636500",1,1,1,2000.0,0,8,0,-1,B01,2,0,2,0,1,5,4,RUE DUPATY,0.0,,1,1,0,1,1,1,0,1,50,adult
201900043694,4,12,2019,0 days 18:50:00,5,27,27229,2,1,5,3,DESMOULINS (RUE C. ET L.),"49,0303200","1,1792500",1,1,1,1965.0,9,1,5,-1,B01,0,0,2,0,19,5,4,DESMOULINS (RUE C. ET L.),0.0,,2,2,0,1,1,2,0,1,50,child
201900043694,4,12,2019,0 days 18:50:00,5,27,27229,2,1,5,3,DESMOULINS (RUE C. ET L.),"49,0303200","1,1792500",1,4,1,2003.0,9,8,0,-1,B01,0,0,2,0,19,5,4,DESMOULINS (RUE C. ET L.),0.0,,2,2,0,1,1,2,0,1,50,adult
201900043700,9,12,2019,0 days 14:14:00,3,14,14574,1,1,1,6,DIVES (D.45 route de),"49,1597300","0,1935300",1,1,1,1959.0,5,8,0,-1,A01,2,0,2,1,5,5,4,BRANVILLE (RUE DE),0.0,,1,1,0,2,1,1,0,1,50,child
201900043700,9,12,2019,0 days 14:14:00,3,14,14574,1,1,1,6,DIVES (D.45 route de),"49,1597300","0,1935300",1,4,1,2003.0,5,8,0,-1,A01,2,0,2,1,5,5,4,BRANVILLE (RUE DE),0.0,,1,1,0,2,1,1,0,1,50,adult
201900043732,13,5,2019,0 days 09:05:00,1,93,93053,2,3,1,1,CHASSE (RUE DE LA),"48,8795400","2,4559500",1,1,2,1966.0,4,1,0,-1,A01,2,0,2,1,5,5,4,RUE DE LA CHASSE,0.0,,1,1,0,1,1,1,0,1,50,child
201900043732,13,5,2019,0 days 09:05:00,1,93,93053,2,3,1,1,CHASSE (RUE DE LA),"48,8795400","2,4559500",1,4,1,1992.0,1,2,0,-1,A01,2,0,2,1,5,5,4,RUE DE LA CHASSE,0.0,,1,1,0,1,1,1,0,1,50,adult
201900043767,15,5,2019,0 days 08:50:00,1,93,93061,2,1,7,3,ESTIENNE D'ORVES RUE D',"48,8856710","2,4014140",1,3,1,1967.0,1,2,0,-1,B01,1,1,0,0,0,0,3,35,2.0,,2,2,0,1,1,1,5,1,50,child
201900043767,15,5,2019,0 days 08:50:00,1,93,93061,2,1,7,3,ESTIENNE D'ORVES RUE D',"48,8856710","2,4014140",1,1,1,1992.0,4,1,0,-1,B01,1,1,0,0,0,0,3,35,2.0,,2,2,0,1,1,1,5,1,50,adult
201900043777,22,5,2019,0 days 18:00:00,1,93,93032,2,1,1,3,CONTANT   (RUE),"48,8919200","2,5313100",1,1,1,1970.0,0,2,0,-1,B01,3,0,2,0,1,0,3,970,0.0,,2,0,0,2,1,1,0,1,30,child
201900043777,22,5,2019,0 days 18:00:00,1,93,93032,2,1,1,3,CONTANT   (RUE),"48,8919200","2,5313100",1,4,1,1988.0,0,8,0,-1,B01,3,0,2,0,1,0,3,970,0.0,,2,0,0,2,1,1,0,1,30,adult
201900043777,22,5,2019,0 days 18:00:00,1,93,93032,2,1,1,3,CONTANT   (RUE),"48,8919200","2,5313100",2,1,2,2009.0,0,2,0,-1,B01,3,0,2,0,1,0,3,970,0.0,,2,0,0,2,1,1,0,1,30,adult
201900043983,31,5,2019,0 days 16:15:00,1,69,69382,2,1,7,5,BELLECOUR                           (PL),"45,7581900","4,8332600",1,1,1,1965.0,4,1,0,-1,B01,2,0,2,3,7,5,7,BELLECOUR                           (PL),0.0,,1,2,3,1,1,1,0,1,50,child
201900043983,31,5,2019,0 days 16:15:00,1,69,69382,2,1,7,5,BELLECOUR                           (PL),"45,7581900","4,8332600",1,4,1,1991.0,5,8,0,-1,B01,2,0,2,3,7,5,7,BELLECOUR                           (PL),0.0,,1,2,3,1,1,1,0,1,50,adult
201900043983,31,5,2019,0 days 16:15:00,1,69,69382,2,1,7,5,BELLECOUR                           (PL),"45,7581900","4,8332600",1,1,1,2003.0,5,8,0,-1,B01,2,0,2,3,7,5,7,BELLECOUR                           (PL),0.0,,1,2,3,1,1,1,0,1,50,adult
201900044007,15,6,2019,0 days 18:45:00,1,95,95607,2,3,1,3,HERBLAY (RUE D',"49,0189400","2,2125500",1,3,2,1949.0,3,8,0,-1,B01,3,0,0,1,1,5,3,106,0.0,,2,3,0,1,1,1,0,1,50,child
201900044007,15,6,2019,0 days 18:45:00,1,95,95607,2,3,1,3,HERBLAY (RUE D',"49,0189400","2,2125500",2,1,1,2000.0,5,1,0,-1,B01,3,0,0,1,1,5,3,106,0.0,,2,3,0,1,1,1,0,1,50,adult
201900044007,15,6,2019,0 days 18:45:00,1,95,95607,2,3,1,3,HERBLAY (RUE D',"49,0189400","2,2125500",2,1,1,2001.0,5,1,0,-1,B01,3,0,0,1,1,5,3,106,0.0,,2,3,0,1,1,1,0,1,50,adult
201900044011,14,6,2019,0 days 09:25:00,1,95,95018,2,3,1,1,ROLLAND (ALLEE ET PLACE ROMAI,"48,9508400","2,2310700",1,3,2,1952.0,5,8,4,-1,A01,3,0,2,1,5,5,4,ROLLAND (ALLEE ET PLACE ROMAI,0.0,,1,1,0,1,1,1,9,1,30,child
201900044011,14,6,2019,0 days 09:25:00,1,95,95018,2,3,1,1,ROLLAND (ALLEE ET PLACE ROMAI,"48,9508400","2,2310700",1,1,2,1994.0,1,1,8,-1,A01,3,0,2,1,5,5,4,ROLLAND (ALLEE ET PLACE ROMAI,0.0,,1,1,0,1,1,1,9,1,30,adult
201900044012,14,6,2019,0 days 20:20:00,1,91,91589,2,2,1,3,PERI (AVENUE GABRIEL),"48,6911300","2,3503100",1,1,2,1974.0,1,1,8,-1,A01,1,0,2,1,1,0,4,PERI (AVENUE GABRIEL),0.0,,2,2,0,1,1,1,0,1,50,child
201900044012,14,6,2019,0 days 20:20:00,1,91,91589,2,2,1,3,PERI (AVENUE GABRIEL),"48,6911300","2,3503100",1,4,1,2007.0,5,2,0,-1,A01,1,0,2,1,1,0,4,PERI (AVENUE GABRIEL),0.0,,2,2,0,1,1,1,0,1,50,adult
201900044020,17,6,2019,0 days 07:00:00,1,91,91161,2,9,1,3,LONGJUMEAU (route de),"48,7094400","2,2974600",1,4,1,1959.0,1,8,8,-1,B01,3,0,2,0,0,0,3,217,0.0,,-1,2,1,1,1,1,0,1,50,child
201900044020,17,6,2019,0 days 07:00:00,1,91,91161,2,9,1,3,LONGJUMEAU (route de),"48,7094400","2,2974600",1,1,1,1991.0,1,1,0,-1,B01,3,0,2,0,0,0,3,217,0.0,,-1,2,1,1,1,1,0,1,50,adult
201900044059,4,6,2019,0 days 18:43:00,1,87,87085,2,1,1,3,LANDOUGE (AVENUE DE),"45,8391900","1,2118500",1,1,2,1945.0,5,1,0,-1,B01,2,0,2,1,1,5,4,LANDOUGE (AVENUE DE),0.0,,2,2,0,1,1,1,0,1,50,child
201900044059,4,6,2019,0 days 18:43:00,1,87,87085,2,1,1,3,LANDOUGE (AVENUE DE),"45,8391900","1,2118500",1,4,1,1966.0,5,8,0,-1,B01,2,0,2,1,1,5,4,LANDOUGE (AVENUE DE),0.0,,2,2,0,1,1,1,0,1,50,adult
201900044090,26,2,2019,0 days 18:00:00,1,62,62014,2,1,7,2,80 boulevard Foch,"50,6360530","2,3936170",1,2,1,1945.0,5,0,-1,-1,B01,1,0,2,4,1,5,4,,,,2,2,0,1,1,1,0,1,50,child
201900044090,26,2,2019,0 days 18:00:00,1,62,62014,2,1,7,2,80 boulevard Foch,"50,6360530","2,3936170",1,1,2,1987.0,0,1,-1,-1,B01,1,0,2,4,1,5,4,,,,2,2,0,1,1,1,0,1,50,adult
201900044141,20,9,2019,0 days 13:00:00,1,92,92026,2,1,1,6,EDITH CAVEL (DE01 A 46),"48,9031300","2,2682060",3,3,1,1932.0,5,0,-1,-1,A01,2,0,1,3,1,5,4,EDITH CAVEL (DE01 A 46),0.0,,1,1,1,1,1,1,0,1,50,child
201900044141,20,9,2019,0 days 13:00:00,1,92,92026,2,1,1,6,EDITH CAVEL (DE01 A 46),"48,9031300","2,2682060",1,1,1,2005.0,2,8,0,-1,A01,2,0,1,3,1,5,4,EDITH CAVEL (DE01 A 46),0.0,,1,1,1,1,1,1,0,1,50,adult
201900044240,31,10,2019,0 days 16:15:00,1,81,81105,2,1,1,3,2 Rue Beausejour,"43,7642010","1,9832570",1,1,1,1966.0,4,1,-1,-1,B01,3,0,2,1,13,5,4,,,,2,2,0,1,1,1,0,1,50,child
201900044240,31,10,2019,0 days 16:15:00,1,81,81105,2,1,1,3,2 Rue Beausejour,"43,7642010","1,9832570",1,4,2,2008.0,5,0,-1,-1,B01,3,0,2,1,13,5,4,,,,2,2,0,1,1,1,0,1,50,adult
201900044284,20,2,2019,0 days 16:50:00,1,76,76540,2,1,1,1,DESSEAUX. RUE,"49,4309900","1,0930200",1,3,2,1970.0,1,8,0,-1,B01,3,0,2,7,1,5,4,DESSEAUX. RUE,0.0,,2,2,1,1,1,1,0,1,50,child
201900044284,20,2,2019,0 days 16:50:00,1,76,76540,2,1,1,1,DESSEAUX. RUE,"49,4309900","1,0930200",1,1,2,1992.0,5,1,8,-1,B01,3,0,2,7,1,5,4,DESSEAUX. RUE,0.0,,2,2,1,1,1,1,0,1,50,adult
201900044292,23,2,2019,0 days 09:00:00,1,64,64545,1,1,1,3,RD810,"43,3460849"," -1,7522329",1,4,1,1956.0,0,2,0,-1,B01,2,0,2,8,2,6,3,810,0.0,,2,2,0,1,1,1,0,1,50,child
201900044292,23,2,2019,0 days 09:00:00,1,64,64545,1,1,1,3,RD810,"43,3460849"," -1,7522329",1,1,1,1989.0,0,1,0,-1,B01,2,0,2,8,2,6,3,810,0.0,,2,2,0,1,1,1,0,1,50,adult
201900044322,4,11,2019,0 days 21:20:00,3,971,97101,2,1,1,2,PETIT PEROU,"16,2574842"," -61,5198424",1,1,1,1958.0,0,1,8,-1,A01,1,0,2,1,2,0,4,PETIT PEROU,0.0,,2,1,0,1,3,1,9,1,50,child
201900044322,4,11,2019,0 days 21:20:00,3,971,97101,2,1,1,2,PETIT PEROU,"16,2574842"," -61,5198424",1,4,1,1997.0,5,8,0,-1,A01,1,0,2,1,2,0,4,PETIT PEROU,0.0,,2,1,0,1,3,1,9,1,50,adult
201900044366,4,11,2019,0 days 10:45:00,1,67,67482,2,1,1,3,SCHUTZENBERGER (AVENUE),"48,5951150","7,7583240",1,4,1,1954.0,0,8,0,-1,A01,1,0,2,3,19,5,4,SCHUTZENBERGER (AVENUE),0.0,,3,4,1,1,1,1,0,1,50,child
201900044366,4,11,2019,0 days 10:45:00,1,67,67482,2,1,1,3,SCHUTZENBERGER (AVENUE),"48,5951150","7,7583240",1,1,1,1990.0,3,1,8,-1,A01,1,0,2,3,19,5,4,SCHUTZENBERGER (AVENUE),0.0,,3,4,1,1,1,1,0,1,50,adult
201900044403,25,10,2019,0 days 13:07:00,1,33,33063,2,2,1,2,RUE DES VIGNES,"44,8320000"," -0,5656900",1,1,2,1969.0,4,8,0,-1,A01,1,0,2,1,1,5,4,RUE DES VIGNES,0.0,,1,1,0,1,1,1,0,1,50,child
201900044403,25,10,2019,0 days 13:07:00,1,33,33063,2,2,1,2,RUE DES VIGNES,"44,8320000"," -0,5656900",1,4,1,1993.0,0,8,0,-1,A01,1,0,2,1,1,5,4,RUE DES VIGNES,0.0,,1,1,0,1,1,1,0,1,50,adult
201900044429,13,1,2019,0 days 08:20:00,1,83,83137,2,6,1,3,BON RENCONTRE (ROND POINT),"43,1279700","5,9071900",1,3,1,1944.0,5,2,8,-1,B01,3,0,2,1,26,0,4,BON RENCONTRE (ROND POINT),0.0,,4,2,0,1,2,1,5,1,50,child
201900044429,13,1,2019,0 days 08:20:00,1,83,83137,2,6,1,3,BON RENCONTRE (ROND POINT),"43,1279700","5,9071900",1,1,2,1974.0,4,1,8,-1,B01,3,0,2,1,26,0,4,BON RENCONTRE (ROND POINT),0.0,,4,2,0,1,2,1,5,1,50,adult
201900044438,13,1,2019,0 days 18:50:00,5,17,17300,2,1,1,6,POINCARE   AVENUE RAYMOND,"46,1669000"," -1,1923700",1,4,1,1972.0,5,8,0,-1,A01,1,0,1,1,1,5,4,AVENUE RAYMOND POINCARE,0.0,,4,2,1,1,1,1,2,4,30,child
201900044438,13,1,2019,0 days 18:50:00,5,17,17300,2,1,1,6,POINCARE   AVENUE RAYMOND,"46,1669000"," -1,1923700",3,1,1,1998.0,5,8,0,-1,A01,1,0,1,1,1,5,4,AVENUE RAYMOND POINCARE,0.0,,4,2,1,1,1,1,2,4,30,adult
201900044471,13,1,2019,0 days 13:10:00,1,33,33381,2,6,2,3,Avenue de LUZANNE,"44,7486700"," -0,4323800",1,1,1,1948.0,5,1,-1,-1,B01,2,0,2,7,15,5,3,115,0.0,,2,2,0,1,1,2,0,1,-1,child
201900044471,13,1,2019,0 days 13:10:00,1,33,33381,2,6,2,3,Avenue de LUZANNE,"44,7486700"," -0,4323800",1,4,1,1984.0,5,2,-1,-1,B01,2,0,2,7,15,5,3,115,0.0,,2,2,0,1,1,2,0,1,-1,adult
201900044484,12,1,2019,0 days 16:15:00,1,24,24532,1,2,2,3,moulin neuf,"44,6691000","0,4653300",1,3,1,1945.0,5,0,-1,-1,A01,0,0,2,1,9,6,3,107,,,2,2,0,2,1,2,5,1,80,child
201900044484,12,1,2019,0 days 16:15:00,1,24,24532,1,2,2,3,moulin neuf,"44,6691000","0,4653300",1,1,1,1983.0,1,1,-1,-1,A01,0,0,2,1,9,6,3,107,,,2,2,0,2,1,2,5,1,80,adult
201900044492,13,1,2019,0 days 19:30:00,5,974,97415,2,1,1,1,RN1A," -21,0148224","55,2707248",1,1,1,1973.0,5,1,-1,-1,A01,1,0,2,1,6,6,2,1,,A,3,2,0,1,3,1,0,1,50,child
201900044492,13,1,2019,0 days 19:30:00,5,974,97415,2,1,1,1,RN1A," -21,0148224","55,2707248",1,2,1,1985.0,5,8,-1,-1,A01,1,0,2,1,6,6,2,1,,A,3,2,0,1,3,1,0,1,50,adult
201900044492,13,1,2019,0 days 19:30:00,5,974,97415,2,1,1,1,RN1A," -21,0148224","55,2707248",2,1,1,2007.0,5,1,-1,-1,A01,1,0,2,1,6,6,2,1,,A,3,2,0,1,3,1,0,1,50,adult
201900044492,13,1,2019,0 days 19:30:00,5,974,97415,2,1,1,1,RN1A," -21,0148224","55,2707248",2,1,2,2010.0,5,1,-1,-1,A01,1,0,2,1,6,6,2,1,,A,3,2,0,1,3,1,0,1,50,adult
201900044494,14,1,2019,0 days 07:30:00,1,973,97304,2,3,7,2,félix éboué,"5,1663751"," -52,6398857",1,1,1,1978.0,1,1,-1,-1,B01,3,0,2,5,1,5,4,avenue felix eboue,0.0,,2,2,0,1,1,1,0,1,50,child
201900044494,14,1,2019,0 days 07:30:00,1,973,97304,2,3,7,2,félix éboué,"5,1663751"," -52,6398857",1,4,1,2004.0,2,2,-1,-1,B01,3,0,2,5,1,5,4,avenue felix eboue,0.0,,2,2,0,1,1,1,0,1,50,adult
201900044546,8,1,2019,0 days 08:25:00,1,69,69383,2,1,2,3,FELIX FAURE                         (AV),"45,7555600","4,8751900",1,1,2,1957.0,1,8,0,-1,B01,3,1,0,1,1,5,4,FELIX FAURE                         (AV),0.0,,2,3,1,1,1,2,0,1,50,child
201900044546,8,1,2019,0 days 08:25:00,1,69,69383,2,1,2,3,FELIX FAURE                         (AV),"45,7555600","4,8751900",1,4,2,1984.0,0,2,0,-1,B01,3,1,0,1,1,5,4,FELIX FAURE                         (AV),0.0,,2,3,1,1,1,2,0,1,50,adult
201900044546,8,1,2019,0 days 08:25:00,1,69,69383,2,1,2,3,FELIX FAURE                         (AV),"45,7555600","4,8751900",2,4,1,2017.0,0,3,0,-1,B01,3,1,0,1,1,5,4,FELIX FAURE                         (AV),0.0,,2,3,1,1,1,2,0,1,50,adult
201900044612,9,1,2019,0 days 17:24:00,2,87,87085,2,3,1,3,GAY-LUSSAC (COURS),"45,8364800","1,2652000",1,4,1,1960.0,1,2,0,-1,A01,2,0,2,1,7,5,4,GAY-LUSSAC (COURS),0.0,,3,4,3,2,1,1,0,1,50,child