Num_Acc,jour,mois,an,hrmn,lum,dep,com,agg,int,atm,col,adr,lat,long,catu,grav,sexe,an_nais,trajet,secu1,secu2,secu3,num_veh_y,senc,obs,obsm,choc,manv,motor,catr,voie,v1,v2,circ,nbv,vosp,prof,plan,surf,infra,situ,vma,age
201900044612,9,1,2019,0 days 17:24:00,2,87,87085,2,3,1,3,GAY-LUSSAC (COURS),"45,8364800","1,2652000",1,1,2,1987.0,1,1,0,-1,A01,2,0,2,1,7,5,4,GAY-LUSSAC (COURS),0.0,,3,4,3,2,1,1,0,1,50,adult
201900044619,8,1,2019,0 days 18:35:00,5,85,85194,2,2,1,3,RUE DU DOCTEUR CHARCOT,"46,5058380"," -1,7853170",1,1,2,1951.0,9,1,8,-1,A01,3,0,2,1,15,5,4,RUE DU DOCTEUR CHARCOT ,0.0,,2,2,0,1,1,1,5,1,50,child
201900044619,8,1,2019,0 days 18:35:00,5,85,85194,2,2,1,3,RUE DU DOCTEUR CHARCOT,"46,5058380"," -1,7853170",1,3,2,1991.0,9,8,0,-1,A01,3,0,2,1,15,5,4,RUE DU DOCTEUR CHARCOT ,0.0,,2,2,0,1,1,1,5,1,50,adult
201900044621,28,9,2019,0 days 12:25:00,1,70,70489,1,1,1,2,"route des vosges, D.486","47,8366858","6,7139078",1,3,2,1975.0,5,2,-1,-1,B01,3,0,0,4,2,5,3,486,0.0,D,2,2,0,2,1,1,0,1,70,child
201900044621,28,9,2019,0 days 12:25:00,1,70,70489,1,1,1,2,"route des vosges, D.486","47,8366858","6,7139078",1,1,1,2000.0,1,1,-1,-1,B01,3,0,0,4,2,5,3,486,0.0,D,2,2,0,2,1,1,0,1,70,adult
201900044648,13,8,2019,0 days 08:05:00,1,13,13004,1,1,1,1,RD.8Chemin de l'Ilon et Pâti,"43,6686890","4,7405910",1,3,1,1944.0,5,2,-1,-1,B01,0,1,2,1,1,5,3,83,,D,2,2,0,1,1,1,0,1,80,child
201900044648,13,8,2019,0 days 08:05:00,1,13,13004,1,1,1,1,RD.8Chemin de l'Ilon et Pâti,"43,6686890","4,7405910",1,4,1,1975.0,4,0,-1,-1,B01,0,1,2,1,1,5,3,83,,D,2,2,0,1,1,1,0,1,80,adult
201900044707,28,9,2019,0 days 08:40:00,1,10,10362,2,4,3,2,DANTON (RUE),"48,2954600","4,0618600",1,4,1,1955.0,0,2,0,-1,B01,3,0,2,4,1,0,4,DANTON (RUE),0.0,,1,1,0,2,1,2,0,1,50,child
201900044707,28,9,2019,0 days 08:40:00,1,10,10362,2,4,3,2,DANTON (RUE),"48,2954600","4,0618600",1,1,1,2001.0,0,1,8,-1,B01,3,0,2,4,1,0,4,DANTON (RUE),0.0,,1,1,0,2,1,2,0,1,50,adult
201900044764,28,9,2019,0 days 21:45:00,3,40,40046,2,1,1,3,Route de Parentis,"44,3790710"," -1,1380480",1,1,1,1976.0,0,0,-1,-1,B01,2,0,2,0,2,5,3,652,0.0,D,-1,2,2,1,1,1,0,1,50,child
201900044764,28,9,2019,0 days 21:45:00,3,40,40046,2,1,1,3,Route de Parentis,"44,3790710"," -1,1380480",1,3,1,2002.0,5,0,-1,-1,B01,2,0,2,0,2,5,3,652,0.0,D,-1,2,2,1,1,1,0,1,50,adult
201900044768,29,9,2019,0 days 19:15:00,1,30,30006,2,6,1,2,Chemin d'Aigues Vives,"43,6988860","4,2031820",1,1,1,1974.0,5,1,-1,-1,B01,0,0,2,1,19,5,4,,,,2,2,0,1,1,1,0,1,50,child
201900044768,29,9,2019,0 days 19:15:00,1,30,30006,2,6,1,2,Chemin d'Aigues Vives,"43,6988860","4,2031820",1,4,1,2001.0,5,0,-1,-1,B01,0,0,2,1,19,5,4,,,,2,2,0,1,1,1,0,1,50,adult
201900044850,27,8,2019,0 days 06:36:00,1,84,84019,2,6,1,3,Rond-Point des Portes de Provence,"44,2882460","4,7520450",1,3,1,1939.0,5,0,-1,-1,B01,3,0,2,1,1,5,4,.,0.0,A,-1,1,0,1,2,1,0,1,50,child
201900044850,27,8,2019,0 days 06:36:00,1,84,84019,2,6,1,3,Rond-Point des Portes de Provence,"44,2882460","4,7520450",1,1,1,1987.0,1,1,-1,-1,B01,3,0,2,1,1,5,4,.,0.0,A,-1,1,0,1,2,1,0,1,50,adult
201900044866,29,8,2019,0 days 17:55:00,1,68,68063,2,1,1,2,41 A Avenue Charles de Gaulle,"47,8005750","7,1823630",1,1,2,1970.0,2,1,-1,-1,A01,2,0,0,6,13,5,3,2.2,2.0,,2,2,1,1,1,1,0,1,50,child
201900044866,29,8,2019,0 days 17:55:00,1,68,68063,2,1,1,2,41 A Avenue Charles de Gaulle,"47,8005750","7,1823630",1,3,1,2006.0,5,0,-1,-1,A01,2,0,0,6,13,5,3,2.2,2.0,,2,2,1,1,1,1,0,1,50,adult
201900044898,25,8,2019,0 days 18:55:00,1,17,17121,1,9,1,3,RD 735,"46,1984450"," -1,4261660",2,1,2,1948.0,5,1,-1,-1,A01,1,0,2,1,1,5,3,735,0.0,D,3,2,1,1,1,1,0,1,-1,child
201900044898,25,8,2019,0 days 18:55:00,1,17,17121,1,9,1,3,RD 735,"46,1984450"," -1,4261660",1,1,1,1949.0,5,1,-1,-1,A01,1,0,2,1,1,5,3,735,0.0,D,3,2,1,1,1,1,0,1,-1,adult
201900044898,25,8,2019,0 days 18:55:00,1,17,17121,1,9,1,3,RD 735,"46,1984450"," -1,4261660",1,3,2,1993.0,5,0,-1,-1,A01,1,0,2,1,1,5,3,735,0.0,D,3,2,1,1,1,1,0,1,-1,adult
201900044899,31,8,2019,0 days 18:55:00,1,33,33268,2,3,7,3,D2,"45,0408240"," -0,6742550",1,4,2,1950.0,3,8,-1,-1,A01,1,0,2,1,15,5,3,2,,,2,2,0,2,3,1,0,1,50,child
201900044899,31,8,2019,0 days 18:55:00,1,33,33268,2,3,7,3,D2,"45,0408240"," -0,6742550",1,1,1,1977.0,5,8,-1,-1,A01,1,0,2,1,15,5,3,2,,,2,2,0,2,3,1,0,1,50,adult
201900044970,2,4,2019,0 days 12:21:00,1,75,75115,2,2,1,6,RUE BRANCION,"48,8321370","2,3029730",3,4,1,1972.0,4,0,0,0,A01,1,0,2,0,1,5,4,RUE BRANCION,0.0,,1,1,0,1,1,1,0,1,30,child
201900044970,2,4,2019,0 days 12:21:00,1,75,75115,2,2,1,6,RUE BRANCION,"48,8321370","2,3029730",1,4,1,1993.0,4,2,0,-1,A01,1,0,2,0,1,5,4,RUE BRANCION,0.0,,1,1,0,1,1,1,0,1,30,adult
201900044970,2,4,2019,0 days 12:21:00,1,75,75115,2,2,1,6,RUE BRANCION,"48,8321370","2,3029730",1,1,1,2002.0,5,2,0,-1,A01,1,0,2,0,1,5,4,RUE BRANCION,0.0,,1,1,0,1,1,1,0,1,30,adult
201900044970,2,4,2019,0 days 12:21:00,1,75,75115,2,2,1,6,RUE BRANCION,"48,8321370","2,3029730",2,1,1,2003.0,5,2,0,-1,A01,1,0,2,0,1,5,4,RUE BRANCION,0.0,,1,1,0,1,1,1,0,1,30,adult
201900044972,3,4,2019,0 days 09:00:00,1,75,75119,2,1,1,3,BOULEVARD DE LA VILLETTE,"48,8759730","2,3726610",2,1,2,1949.0,5,1,0,-1,B01,1,0,2,1,1,5,4,BOULEVARD DE LA VILLETTE,0.0,,1,2,1,1,1,1,8,5,50,child
201900044972,3,4,2019,0 days 09:00:00,1,75,75119,2,1,1,3,BOULEVARD DE LA VILLETTE,"48,8759730","2,3726610",1,1,1,1952.0,5,1,0,-1,B01,1,0,2,1,1,5,4,BOULEVARD DE LA VILLETTE,0.0,,1,2,1,1,1,1,8,5,50,adult
201900044972,3,4,2019,0 days 09:00:00,1,75,75119,2,1,1,3,BOULEVARD DE LA VILLETTE,"48,8759730","2,3726610",1,4,1,1992.0,2,8,0,-1,B01,1,0,2,1,1,5,4,BOULEVARD DE LA VILLETTE,0.0,,1,2,1,1,1,1,8,5,50,adult
201900045081,2,4,2019,0 days 16:15:00,1,91,91174,2,1,1,3,JEAN COCTEAU (RUE),"48,6088700","2,4471600",1,1,2,1954.0,5,1,0,-1,A01,3,0,2,1,11,0,4,JEAN COCTEAU (RUE),0.0,,2,2,0,1,1,1,0,1,50,child
201900045081,2,4,2019,0 days 16:15:00,1,91,91174,2,1,1,3,JEAN COCTEAU (RUE),"48,6088700","2,4471600",1,4,1,1996.0,5,2,0,-1,A01,3,0,2,1,11,0,4,JEAN COCTEAU (RUE),0.0,,2,2,0,1,1,1,0,1,50,adult
201900045093,1,4,2019,0 days 08:20:00,1,67,67482,2,1,1,3,ROUGET DE L ISLE (QUAI),"48,5876600","7,7636500",1,1,1,1951.0,5,8,0,-1,B01,1,2,2,3,1,5,4,ROUGET DE L ISLE (QUAI),0.0,,1,1,2,1,1,1,0,2,50,child
201900045093,1,4,2019,0 days 08:20:00,1,67,67482,2,1,1,3,ROUGET DE L ISLE (QUAI),"48,5876600","7,7636500",1,3,2,1997.0,0,8,0,-1,B01,1,2,2,3,1,5,4,ROUGET DE L ISLE (QUAI),0.0,,1,1,2,1,1,1,0,2,50,adult
201900045112,2,4,2019,0 days 16:10:00,1,51,51454,2,3,2,3,RUE DE L'EQUERRE,"49,2487700","4,0364100",1,1,1,1978.0,1,1,8,-1,A01,1,0,2,1,19,5,4,RUE DE L'EQUERRE,0.0,,1,1,0,1,1,2,0,1,50,child
201900045112,2,4,2019,0 days 16:10:00,1,51,51454,2,3,2,3,RUE DE L'EQUERRE,"49,2487700","4,0364100",1,4,2,1999.0,2,8,0,-1,A01,1,0,2,1,19,5,4,RUE DE L'EQUERRE,0.0,,1,1,0,1,1,2,0,1,50,adult
201900045134,2,4,2019,0 days 14:09:00,1,10,10387,2,1,1,3,ST DOMINIQUE (QUAI),"48,2953100","4,0826300",1,1,1,1967.0,0,1,8,-1,B01,3,0,6,5,2,0,4,ST DOMINIQUE (QUAI),0.0,,1,0,0,1,1,1,9,1,50,child
201900045134,2,4,2019,0 days 14:09:00,1,10,10387,2,1,1,3,ST DOMINIQUE (QUAI),"48,2953100","4,0826300",1,4,1,1988.0,0,2,0,-1,B01,3,0,6,5,2,0,4,ST DOMINIQUE (QUAI),0.0,,1,0,0,1,1,1,9,1,50,adult
201900045206,17,7,2019,0 days 09:05:00,1,37,37122,2,6,1,3,JAURES (BOULEVARD JEAN),"47,3520600","0,6866400",1,1,1,1923.0,5,1,8,-1,B01,1,0,2,1,1,5,4,JAURES (BOULEVARD JEAN),0.0,,1,1,2,1,2,1,5,1,50,child
201900045206,17,7,2019,0 days 09:05:00,1,37,37122,2,6,1,3,JAURES (BOULEVARD JEAN),"47,3520600","0,6866400",1,4,2,1994.0,1,2,8,-1,B01,1,0,2,1,1,5,4,JAURES (BOULEVARD JEAN),0.0,,1,1,2,1,2,1,5,1,50,adult
201900045286,18,7,2019,0 days 09:45:00,1,68,68030,1,9,1,1,CHEMIN VITICOLE,"47,9274630","7,2326480",1,2,1,1939.0,0,0,-1,-1,B01,3,0,2,1,1,5,4,,,,2,2,0,2,2,1,0,1,-1,child
201900045286,18,7,2019,0 days 09:45:00,1,68,68030,1,9,1,1,CHEMIN VITICOLE,"47,9274630","7,2326480",1,1,1,1965.0,4,1,-1,-1,B01,3,0,2,1,1,5,4,,,,2,2,0,2,2,1,0,1,-1,adult
201900045289,17,7,2019,0 days 18:30:00,1,23,23245,1,6,1,2,RD47,"46,2004040","1,8276230",1,1,1,1938.0,5,1,-1,-1,B01,1,0,2,8,26,5,3,47,,,1,1,0,1,2,1,9,1,80,child
201900045289,17,7,2019,0 days 18:30:00,1,23,23245,1,6,1,2,RD47,"46,2004040","1,8276230",1,4,2,1979.0,5,0,-1,-1,B01,1,0,2,8,26,5,3,47,,,1,1,0,1,2,1,9,1,80,adult
201900045290,16,7,2019,0 days 11:45:00,1,67,67539,1,9,1,2,D58 - Roue de Krautwiller,"48,7212780","7,6353440",1,3,1,1965.0,5,2,-1,-1,A01,3,0,2,8,23,0,3,58,,,2,2,1,2,1,1,2,6,80,child
201900045290,16,7,2019,0 days 11:45:00,1,67,67539,1,9,1,2,D58 - Roue de Krautwiller,"48,7212780","7,6353440",1,1,1,2001.0,5,1,-1,-1,A01,3,0,2,8,23,0,3,58,,,2,2,1,2,1,1,2,6,80,adult
201900045301,16,7,2019,0 days 15:20:00,1,76,76618,1,1,1,3,RD925 - Pk 106.950,"49,9520000","1,2211000",1,4,1,1939.0,5,2,-1,-1,B01,2,0,2,8,1,5,3,925,0.0,,2,2,0,1,1,1,0,1,80,child
201900045301,16,7,2019,0 days 15:20:00,1,76,76618,1,1,1,3,RD925 - Pk 106.950,"49,9520000","1,2211000",1,1,1,1990.0,4,1,-1,-1,B01,2,0,2,8,1,5,3,925,0.0,,2,2,0,1,1,1,0,1,80,adult
201900045303,17,7,2019,0 days 14:30:00,1,86,86207,2,3,1,1,carrefour de la rue des sarrazins et de l'avenue du Mal De Lattre de Tassigny,"46,7887190","0,8076780",1,1,2,1945.0,5,8,-1,-1,B01,2,0,2,1,1,5,3,725,,,-1,2,0,4,1,1,0,1,50,child
201900045303,17,7,2019,0 days 14:30:00,1,86,86207,2,3,1,1,carrefour de la rue des sarrazins et de l'avenue du Mal De Lattre de Tassigny,"46,7887190","0,8076780",1,3,1,1967.0,4,0,-1,-1,B01,2,0,2,1,1,5,3,725,,,-1,2,0,4,1,1,0,1,50,adult
201900045309,16,7,2019,0 days 12:15:00,1,66,66003,2,9,1,6,Rue de la Riviera,"42,4765650","2,6655260",3,3,1,1940.0,5,0,-1,-1,A01,3,0,1,1,1,5,4,,,,2,2,0,1,1,1,0,1,50,child
201900045309,16,7,2019,0 days 12:15:00,1,66,66003,2,9,1,6,Rue de la Riviera,"42,4765650","2,6655260",1,1,1,1967.0,5,2,-1,-1,A01,3,0,1,1,1,5,4,,,,2,2,0,1,1,1,0,1,50,adult
201900045317,18,7,2019,0 days 09:35:00,1,85,85018,2,6,1,3,rue des sables,"46,9110100"," -2,0470600",1,1,1,1935.0,3,8,-1,-1,B01,1,0,2,1,1,6,3,22,0.0,D,1,1,0,1,2,1,0,1,50,child
201900045317,18,7,2019,0 days 09:35:00,1,85,85018,2,6,1,3,rue des sables,"46,9110100"," -2,0470600",1,4,1,2006.0,5,0,-1,-1,B01,1,0,2,1,1,6,3,22,0.0,D,1,1,0,1,2,1,0,1,50,adult
201900045350,9,12,2019,0 days 14:10:00,1,75,75114,2,1,1,3,RUE DE L ABBE CARTON,"48,8281134","2,3197944",1,1,2,1946.0,5,1,0,-1,A01,1,0,2,1,25,5,4,RUE DE L ABBE CARTON,0.0,,1,1,0,1,1,2,0,4,50,child
201900045350,9,12,2019,0 days 14:10:00,1,75,75114,2,1,1,3,RUE DE L ABBE CARTON,"48,8281134","2,3197944",1,4,1,2001.0,1,2,8,-1,A01,1,0,2,1,25,5,4,RUE DE L ABBE CARTON,0.0,,1,1,0,1,1,2,0,4,50,adult
201900045351,9,12,2019,0 days 08:10:00,2,75,75114,2,4,3,3,RUE DU PERE CORENTIN,"48,8241050","2,3277600",1,1,1,1954.0,1,1,0,-1,B01,2,0,2,1,1,5,4,RUE DU PERE CORENTIN,0.0,,2,3,1,1,1,2,0,5,50,child
201900045351,9,12,2019,0 days 08:10:00,2,75,75114,2,4,3,3,RUE DU PERE CORENTIN,"48,8241050","2,3277600",1,4,1,2003.0,2,2,8,-1,B01,2,0,2,1,1,5,4,RUE DU PERE CORENTIN,0.0,,2,3,1,1,1,2,0,5,50,adult
201900045359,9,12,2019,0 days 17:05:00,5,75,75104,2,3,1,6,RUE DE RIVOLI,"48,8582340","2,3490770",3,4,2,1946.0,5,0,-1,-1,A01,1,0,1,7,1,5,4,RUE DE RIVOLI,0.0,,1,3,1,1,1,1,0,5,30,child
201900045359,9,12,2019,0 days 17:05:00,5,75,75104,2,3,1,6,RUE DE RIVOLI,"48,8582340","2,3490770",1,1,1,1995.0,5,2,8,-1,A01,1,0,1,7,1,5,4,RUE DE RIVOLI,0.0,,1,3,1,1,1,1,0,5,30,adult
201900045383,10,12,2019,0 days 16:11:00,1,25,25410,1,1,7,3,N57,"47,2203500","6,0818420",1,3,1,1956.0,5,2,-1,-1,A01,2,0,2,8,2,5,2,57,,,3,4,0,2,1,1,0,1,80,child
201900045383,10,12,2019,0 days 16:11:00,1,25,25410,1,1,7,3,N57,"47,2203500","6,0818420",1,1,1,1979.0,4,1,-1,-1,A01,2,0,2,8,2,5,2,57,,,3,4,0,2,1,1,0,1,80,adult
201900045394,7,12,2019,0 days 16:15:00,1,61,61145,1,1,1,1,La Semasiere,"48,5870900"," -0,6145870",1,3,1,1949.0,5,2,-1,-1,B01,3,0,2,1,1,5,4,1,,,2,2,0,1,4,6,0,1,80,child
201900045394,7,12,2019,0 days 16:15:00,1,61,61145,1,1,1,1,La Semasiere,"48,5870900"," -0,6145870",1,1,1,1993.0,5,1,-1,-1,B01,3,0,2,1,1,5,4,1,,,2,2,0,1,4,6,0,1,80,adult
201900045477,8,12,2019,0 days 11:05:00,1,17,17300,2,1,2,3,CHAMP DE MARS   AVENUE DU,"46,1691200"," -1,1495300",1,1,2,1944.0,5,1,0,-1,B01,1,0,2,8,1,5,4,CHAMP DE MARS   AVENUE DU,0.0,,2,4,0,1,1,2,0,1,50,child
201900045477,8,12,2019,0 days 11:05:00,1,17,17300,2,1,2,3,CHAMP DE MARS   AVENUE DU,"46,1691200"," -1,1495300",1,4,2,1974.0,5,2,0,-1,B01,1,0,2,8,1,5,4,CHAMP DE MARS   AVENUE DU,0.0,,2,4,0,1,1,2,0,1,50,adult
201900045497,7,12,2019,0 days 12:44:00,1,75,75108,2,4,1,3,AVENUE MONTAIGNE,"48,8677213","2,3076868",1,1,1,1948.0,1,1,0,-1,B01,2,0,2,1,7,5,4,AVENUE MONTAIGNE,0.0,,2,3,3,1,1,1,0,6,30,child
201900045497,7,12,2019,0 days 12:44:00,1,75,75108,2,4,1,3,AVENUE MONTAIGNE,"48,8677213","2,3076868",1,4,1,1990.0,5,2,8,-1,B01,2,0,2,1,7,5,4,AVENUE MONTAIGNE,0.0,,2,3,3,1,1,1,0,6,30,adult
201900045499,8,12,2019,0 days 19:45:00,5,75,75107,2,1,1,2,PLACE JOFFRE,"48,8527256","2,3031753",1,1,1,1968.0,4,2,6,-1,B01,1,0,2,4,2,5,4,PLACE JOFFRE,0.0,,2,4,0,1,1,1,0,1,50,child
201900045499,8,12,2019,0 days 19:45:00,5,75,75107,2,1,1,2,PLACE JOFFRE,"48,8527256","2,3031753",1,4,2,2001.0,1,2,8,-1,B01,1,0,2,4,2,5,4,PLACE JOFFRE,0.0,,2,4,0,1,1,1,0,1,50,adult
201900045547,14,5,2019,0 days 08:35:00,1,92,92062,2,1,7,3,GENERAL DE GAULLE (AV) DU 44 AU 106,"48,8865900","2,2315200",1,4,1,1961.0,1,2,6,-1,B01,1,0,2,7,19,6,3,913,0.0,,1,4,3,1,1,1,6,1,50,child
201900045547,14,5,2019,0 days 08:35:00,1,92,92062,2,1,7,3,GENERAL DE GAULLE (AV) DU 44 AU 106,"48,8865900","2,2315200",1,4,1,2005.0,2,8,0,-1,B01,1,0,2,7,19,6,3,913,0.0,,1,4,3,1,1,1,6,1,50,adult
201900045553,19,5,2019,0 days 08:00:00,1,92,92051,2,1,1,6,"ARGENSON (BOULEVARD, N° 24 AU 48)","48,8875400","2,2658900",3,4,1,1941.0,5,8,0,-1,A01,1,0,1,0,1,0,4,"ARGENSON (BOULEVARD, N° 24 AU 48)",0.0,,2,2,0,1,1,2,0,1,30,child
201900045553,19,5,2019,0 days 08:00:00,1,92,92051,2,1,1,6,"ARGENSON (BOULEVARD, N° 24 AU 48)","48,8875400","2,2658900",1,4,1,1965.0,5,8,0,-1,A01,1,0,1,0,1,0,4,"ARGENSON (BOULEVARD, N° 24 AU 48)",0.0,,2,2,0,1,1,2,0,1,30,adult
201900045613,5,5,2019,0 days 14:15:00,1,92,92025,2,1,1,3,GENERAL LECLERC (PLACE DU),"48,9227830","2,2526600",1,1,1,1957.0,0,1,0,-1,B01,1,0,2,3,1,5,3,986,0.0,,-1,2,0,1,1,1,0,1,50,child
201900045613,5,5,2019,0 days 14:15:00,1,92,92025,2,1,1,3,GENERAL LECLERC (PLACE DU),"48,9227830","2,2526600",1,4,1,1979.0,5,8,0,-1,B01,1,0,2,3,1,5,3,986,0.0,,-1,2,0,1,1,1,0,1,50,adult
201900045622,24,5,2019,0 days 20:30:00,1,92,92023,2,1,1,6,PAIX (AVENUE DE LA),"48,8151700","2,2723700",1,1,2,1964.0,5,1,8,-1,B01,3,0,2,0,1,5,4,PAIX (AVENUE DE LA),0.0,,2,2,1,1,1,1,0,1,30,child
201900045622,24,5,2019,0 days 20:30:00,1,92,92023,2,1,1,6,PAIX (AVENUE DE LA),"48,8151700","2,2723700",1,4,1,1987.0,5,2,8,-1,B01,3,0,2,0,1,5,4,PAIX (AVENUE DE LA),0.0,,2,2,1,1,1,1,0,1,30,adult
201900045622,24,5,2019,0 days 20:30:00,1,92,92023,2,1,1,6,PAIX (AVENUE DE LA),"48,8151700","2,2723700",1,4,1,2000.0,5,2,0,-1,B01,3,0,2,0,1,5,4,PAIX (AVENUE DE LA),0.0,,2,2,1,1,1,1,0,1,30,adult
201900045640,15,5,2019,0 days 20:10:00,2,92,92012,2,1,1,3,VICTOR GRIFFUELHES (RUE) - COTE IMPAIR,"48,8306900","2,2422000",1,1,2,1978.0,9,1,4,-1,A01,2,0,2,8,19,6,4,VICTOR GRIFFUELHES (RUE) - COTE IMPAIR,0.0,,2,2,0,2,2,2,0,1,50,child
201900045640,15,5,2019,0 days 20:10:00,2,92,92012,2,1,1,3,VICTOR GRIFFUELHES (RUE) - COTE IMPAIR,"48,8306900","2,2422000",1,4,1,2005.0,5,8,4,-1,A01,2,0,2,8,19,6,4,VICTOR GRIFFUELHES (RUE) - COTE IMPAIR,0.0,,2,2,0,2,2,2,0,1,50,adult
201900045662,21,5,2019,0 days 07:00:00,1,92,92002,2,3,1,2,ABBAYE (RUE DE L'),"48,7520281","2,2982585",1,1,2,1966.0,9,1,8,-1,A01,1,0,2,4,19,5,4,ABBAYE (RUE DE L'),0.0,,1,1,2,1,1,1,0,1,30,child
201900045662,21,5,2019,0 days 07:00:00,1,92,92002,2,3,1,2,ABBAYE (RUE DE L'),"48,7520281","2,2982585",1,4,1,1996.0,1,8,0,-1,A01,1,0,2,4,19,5,4,ABBAYE (RUE DE L'),0.0,,1,1,2,1,1,1,0,1,30,adult
201900045680,5,5,2019,0 days 11:42:00,1,35,35276,1,2,1,3,Rue de la Croisade,"48,2653830"," -1,8401500",1,3,1,1942.0,5,2,-1,-1,B01,2,0,2,1,1,5,3,80,0.0,,2,2,0,1,1,1,0,1,50,child
201900045680,5,5,2019,0 days 11:42:00,1,35,35276,1,2,1,3,Rue de la Croisade,"48,2653830"," -1,8401500",1,1,1,1963.0,9,1,-1,-1,B01,2,0,2,1,1,5,3,80,0.0,,2,2,0,1,1,1,0,1,50,adult
201900045704,12,6,2019,0 days 16:46:00,1,86,86194,2,1,1,3,JEAN BRUNET (RUE),"46,1947000","0,1947000",1,4,1,1965.0,0,8,0,-1,A01,1,0,2,8,10,5,4,JEAN BRUNET (RUE),0.0,,2,3,0,1,1,1,0,1,50,child
201900045704,12,6,2019,0 days 16:46:00,1,86,86194,2,1,1,3,JEAN BRUNET (RUE),"46,1947000","0,1947000",1,1,2,1997.0,0,1,0,-1,A01,1,0,2,8,10,5,4,JEAN BRUNET (RUE),0.0,,2,3,0,1,1,1,0,1,50,adult
201900045707,6,6,2019,0 days 16:05:00,1,86,86194,2,6,1,3,GIBAUDERIE (RUE DE LA),"46,5525192","0,3868040",1,1,1,1934.0,5,1,0,-1,B01,2,0,2,7,1,0,4,GIBAUDERIE (RUE DE LA),0.0,,2,2,0,1,1,1,0,1,50,child
201900045707,6,6,2019,0 days 16:05:00,1,86,86194,2,6,1,3,GIBAUDERIE (RUE DE LA),"46,5525192","0,3868040",1,4,2,1996.0,2,8,0,-1,B01,2,0,2,7,1,0,4,GIBAUDERIE (RUE DE LA),0.0,,2,2,0,1,1,1,0,1,50,adult
201900045749,17,6,2019,0 days 16:35:00,1,80,80021,2,1,1,6,BATONNIER MAHIU (RUE DU),"49,8961491","2,2746527",3,4,2,1936.0,5,8,0,-1,A01,0,0,1,1,1,5,4,BATONNIER MAHIU (RUE DU),0.0,,2,2,0,1,1,1,0,1,50,child
201900045749,17,6,2019,0 days 16:35:00,1,80,80021,2,1,1,6,BATONNIER MAHIU (RUE DU),"49,8961491","2,2746527",1,1,1,2004.0,5,8,0,-1,A01,0,0,1,1,1,5,4,BATONNIER MAHIU (RUE DU),0.0,,2,2,0,1,1,1,0,1,50,adult
201900045750,14,6,2019,0 days 07:15:00,1,80,80021,2,1,2,3,R DE VIGNACOURT ,"49,9058680","2,2896630",1,4,1,1965.0,1,8,0,-1,B01,0,0,2,1,1,5,4,VIGNACOURT (RUE DE),0.0,,2,2,0,2,1,2,0,1,50,child
201900045750,14,6,2019,0 days 07:15:00,1,80,80021,2,1,2,3,R DE VIGNACOURT ,"49,9058680","2,2896630",1,1,2,1993.0,1,1,0,-1,B01,0,0,2,1,1,5,4,VIGNACOURT (RUE DE),0.0,,2,2,0,2,1,2,0,1,50,adult
201900045770,16,6,2019,0 days 22:44:00,4,78,78358,2,1,1,3,PARIS (RUE DE),"48,9459000","2,1514600",1,1,1,1967.0,5,8,0,-1,B01,2,1,2,4,2,0,3,308,0.0,,2,2,0,2,1,1,0,3,50,child
201900045770,16,6,2019,0 days 22:44:00,4,78,78358,2,1,1,3,PARIS (RUE DE),"48,9459000","2,1514600",1,3,1,1998.0,0,8,0,-1,B01,2,1,2,4,2,0,3,308,0.0,,2,2,0,2,1,1,0,3,50,adult
201900045790,2,6,2019,0 days 15:35:00,1,77,77450,1,1,1,3,D 51,"48,7249900","2,5951100",1,4,1,1943.0,0,2,8,-1,B01,1,0,2,4,1,0,3,51,0.0,,2,2,0,1,3,1,0,1,70,child
201900045790,2,6,2019,0 days 15:35:00,1,77,77450,1,1,1,3,D 51,"48,7249900","2,5951100",1,1,1,1993.0,0,1,0,-1,B01,1,0,2,4,1,0,3,51,0.0,,2,2,0,1,3,1,0,1,70,adult
201900045811,1,6,2019,0 days 13:25:00,1,76,76341,2,6,1,2,BREQUE,"49,5045000","0,1962000",1,4,1,1971.0,0,2,0,-1,A01,1,0,2,1,1,5,3,982,0.0,,3,5,0,1,2,1,0,1,50,child
201900045811,1,6,2019,0 days 13:25:00,1,76,76341,2,6,1,2,BREQUE,"49,5045000","0,1962000",2,1,2,1980.0,4,1,0,-1,A01,1,0,2,1,1,5,3,982,0.0,,3,5,0,1,2,1,0,1,50,adult
201900045811,1,6,2019,0 days 13:25:00,1,76,76341,2,6,1,2,BREQUE,"49,5045000","0,1962000",1,1,1,2000.0,9,1,0,-1,A01,1,0,2,1,1,5,3,982,0.0,,3,5,0,1,2,1,0,1,50,adult
201900045826,3,6,2019,0 days 17:05:00,1,74,74012,2,6,1,2,MERMOZ RUE JEAN),"46,1945000","6,2515000",1,1,1,1977.0,1,1,0,-1,A01,3,0,2,1,21,5,4,MERMOZ RUE JEAN),0.0,,2,2,0,4,1,1,5,2,30,child
201900045826,3,6,2019,0 days 17:05:00,1,74,74012,2,6,1,2,MERMOZ RUE JEAN),"46,1945000","6,2515000",1,4,1,2006.0,9,2,0,-1,A01,3,0,2,1,21,5,4,MERMOZ RUE JEAN),0.0,,2,2,0,4,1,1,5,2,30,adult
201900045901,24,2,2019,0 days 12:15:00,1,95,95039,1,1,1,3,Chemin de Cordeville,"49,0845810","2,1740280",1,4,1,1967.0,5,2,6,-1,B01,3,0,2,3,2,5,4,,,,2,2,0,2,1,1,9,1,80,child
201900045901,24,2,2019,0 days 12:15:00,1,95,95039,1,1,1,3,Chemin de Cordeville,"49,0845810","2,1740280",1,1,2,1991.0,5,8,-1,-1,B01,3,0,2,3,2,5,4,,,,2,2,0,2,1,1,9,1,80,adult