Num_Acc,jour,mois,an,hrmn,lum,dep,com,agg,int,atm,col,adr,lat,long,catu,grav,sexe,an_nais,trajet,secu1,secu2,secu3,num_veh_y,senc,obs,obsm,choc,manv,motor,catr,voie,v1,v2,circ,nbv,vosp,prof,plan,surf,infra,situ,vma,age
201900045923,21,2,2019,0 days 18:30:00,2,71,71445,2,1,1,3,LOUISE MICHEL (RUE),"46,7745300","4,8901500",1,1,2,1954.0,5,1,8,-1,A01,3,0,2,1,2,5,4,LOUISE MICHEL (RUE),0.0,,2,-1,0,1,1,1,0,1,50,child
201900045923,21,2,2019,0 days 18:30:00,2,71,71445,2,1,1,3,LOUISE MICHEL (RUE),"46,7745300","4,8901500",1,4,1,2014.0,5,8,0,-1,A01,3,0,2,1,2,5,4,LOUISE MICHEL (RUE),0.0,,2,-1,0,1,1,1,0,1,50,adult
201900045924,21,2,2019,0 days 14:30:00,1,33,33009,2,1,1,5,PLAGE (BD DE LA) DU 161 ET +,"44,6626700"," -1,1745000",1,1,1,1933.0,0,1,0,-1,B01,2,0,2,1,0,0,3,650,0.0,,1,3,2,1,1,1,0,5,30,child
201900045924,21,2,2019,0 days 14:30:00,1,33,33009,2,1,1,5,PLAGE (BD DE LA) DU 161 ET +,"44,6626700"," -1,1745000",1,4,1,1955.0,5,8,0,-1,B01,2,0,2,1,0,0,3,650,0.0,,1,3,2,1,1,1,0,5,30,adult
201900045924,21,2,2019,0 days 14:30:00,1,33,33009,2,1,1,5,PLAGE (BD DE LA) DU 161 ET +,"44,6626700"," -1,1745000",1,4,1,1974.0,5,2,0,-1,B01,2,0,2,1,0,0,3,650,0.0,,1,3,2,1,1,1,0,5,30,adult
201900045959,23,2,2019,0 days 17:55:00,2,69,69383,2,3,1,5,VICTOR AUGAGNEUR                    (QU),"45,7572700","4,8407600",1,4,2,1976.0,5,8,0,-1,B01,3,0,2,3,19,0,4,VICTOR AUGAGNEUR                    (QU),0.0,,1,2,2,1,1,1,0,1,50,child
201900045959,23,2,2019,0 days 17:55:00,2,69,69383,2,3,1,5,VICTOR AUGAGNEUR                    (QU),"45,7572700","4,8407600",1,1,2,1994.0,5,1,0,-1,B01,3,0,2,3,19,0,4,VICTOR AUGAGNEUR                    (QU),0.0,,1,2,2,1,1,1,0,1,50,adult
201900045959,23,2,2019,0 days 17:55:00,2,69,69383,2,3,1,5,VICTOR AUGAGNEUR                    (QU),"45,7572700","4,8407600",1,4,2,2008.0,5,8,0,-1,B01,3,0,2,3,19,0,4,VICTOR AUGAGNEUR                    (QU),0.0,,1,2,2,1,1,1,0,1,50,adult
201900045960,23,2,2019,0 days 15:30:00,1,69,69383,2,1,1,1,GAMBETTA                            (CO),"45,7539500","4,8467400",1,1,1,1976.0,0,1,0,-1,B01,2,0,0,1,5,0,4,GAMBETTA                            (CO),0.0,,1,4,0,1,1,1,0,1,50,child
201900045960,23,2,2019,0 days 15:30:00,1,69,69383,2,1,1,1,GAMBETTA                            (CO),"45,7539500","4,8467400",1,4,1,2002.0,0,8,0,-1,B01,2,0,0,1,5,0,4,GAMBETTA                            (CO),0.0,,1,4,0,1,1,1,0,1,50,adult
201900046003,21,2,2019,0 days 14:45:00,1,67,67482,2,1,1,1,ALPES (QUAI DES),"48,5741900","7,7715100",1,1,2,1957.0,0,1,8,-1,A01,1,0,2,7,19,5,4,ALPES (QUAI DES),0.0,,2,3,1,1,1,1,2,1,50,child
201900046003,21,2,2019,0 days 14:45:00,1,67,67482,2,1,1,1,ALPES (QUAI DES),"48,5741900","7,7715100",1,4,1,1983.0,0,8,8,-1,A01,1,0,2,7,19,5,4,ALPES (QUAI DES),0.0,,2,3,1,1,1,1,2,1,50,adult
201900046010,21,2,2019,0 days 12:15:00,1,62,62041,2,3,1,3,ABBE PIERRE ( DE L ' ),"50,2954899","2,7711859",1,3,2,1962.0,5,8,0,-1,B01,3,0,2,1,15,5,4,ABBE PIERRE ( DE L ' ),0.0,,2,3,0,1,1,1,5,1,30,child
201900046010,21,2,2019,0 days 12:15:00,1,62,62041,2,3,1,3,ABBE PIERRE ( DE L ' ),"50,2954899","2,7711859",1,1,2,1996.0,5,1,8,-1,B01,3,0,2,1,15,5,4,ABBE PIERRE ( DE L ' ),0.0,,2,3,0,1,1,1,5,1,30,adult
201900046176,4,11,2019,0 days 12:10:00,1,75,75114,2,1,1,3,BOULEVARD ARAGO,"48,8344667","2,3338390",1,1,1,1951.0,5,1,0,-1,A01,1,0,2,1,15,5,4,BOULEVARD ARAGO,0.0,,2,4,0,2,1,2,0,1,50,child
201900046176,4,11,2019,0 days 12:10:00,1,75,75114,2,1,1,3,BOULEVARD ARAGO,"48,8344667","2,3338390",1,4,1,1991.0,5,8,2,-1,A01,1,0,2,1,15,5,4,BOULEVARD ARAGO,0.0,,2,4,0,2,1,2,0,1,50,adult
201900046209,30,10,2019,0 days 14:05:00,1,93,93027,2,3,1,3,SALENGRO (AVENUE ROGER),"48,9415700","2,3876000",1,3,1,1944.0,5,8,0,-1,B01,3,0,0,1,19,5,3,901,0.0,,1,3,0,1,1,1,0,1,50,child
201900046209,30,10,2019,0 days 14:05:00,1,93,93027,2,3,1,3,SALENGRO (AVENUE ROGER),"48,9415700","2,3876000",1,1,2,1968.0,1,1,0,-1,B01,3,0,0,1,19,5,3,901,0.0,,1,3,0,1,1,1,0,1,50,adult
201900046293,11,1,2019,0 days 09:20:00,1,51,51454,2,6,8,6,CHEMIN SAINT LEONARD,"49,2249200","4,0968200",1,1,1,1969.0,1,1,0,-1,B01,3,0,2,0,0,0,4,CHEMIN SAINT LEONARD,0.0,,2,2,0,1,2,2,0,1,50,child
201900046293,11,1,2019,0 days 09:20:00,1,51,51454,2,6,8,6,CHEMIN SAINT LEONARD,"49,2249200","4,0968200",2,1,2,1975.0,0,1,0,-1,B01,3,0,2,0,0,0,4,CHEMIN SAINT LEONARD,0.0,,2,2,0,1,2,2,0,1,50,adult
201900046293,11,1,2019,0 days 09:20:00,1,51,51454,2,6,8,6,CHEMIN SAINT LEONARD,"49,2249200","4,0968200",1,4,1,1997.0,0,8,0,-1,B01,3,0,2,0,0,0,4,CHEMIN SAINT LEONARD,0.0,,2,2,0,1,2,2,0,1,50,adult
201900046294,10,1,2019,0 days 17:15:00,5,51,51454,2,3,1,3,BOULEVARD DE LATTRE DE TASSIGNY,"49,2561000","4,0616800",1,4,1,1942.0,0,8,0,-1,C01,0,0,2,8,15,0,4,BOULEVARD DE LATTRE DE TASSIGNY,0.0,,2,4,1,1,1,1,0,1,50,child
201900046294,10,1,2019,0 days 17:15:00,5,51,51454,2,3,1,3,BOULEVARD DE LATTRE DE TASSIGNY,"49,2561000","4,0616800",1,1,1,1989.0,0,2,6,-1,C01,0,0,2,8,15,0,4,BOULEVARD DE LATTRE DE TASSIGNY,0.0,,2,4,1,1,1,1,0,1,50,adult
201900046312,9,1,2019,0 days 20:23:00,5,44,44162,2,9,1,3,RUE FRANCOISE DOLTO,"47,2161000"," -1,6369000",1,4,1,1964.0,0,8,0,-1,B01,1,0,2,8,15,5,4,,0.0,,2,0,0,1,1,1,0,1,50,child
201900046312,9,1,2019,0 days 20:23:00,5,44,44162,2,9,1,3,RUE FRANCOISE DOLTO,"47,2161000"," -1,6369000",1,1,1,1991.0,0,1,0,-1,B01,1,0,2,8,15,5,4,,0.0,,2,0,0,1,1,1,0,1,50,adult
201900046314,9,1,2019,0 days 12:15:00,1,44,44109,2,1,1,5,BERLIN,"47,2158400"," -1,5316400",1,1,1,1968.0,0,8,0,-1,B01,1,0,2,8,1,5,4,,0.0,,3,0,0,1,1,1,0,1,50,child
201900046314,9,1,2019,0 days 12:15:00,1,44,44109,2,1,1,5,BERLIN,"47,2158400"," -1,5316400",1,1,1,1973.0,4,8,0,-1,B01,1,0,2,8,1,5,4,,0.0,,3,0,0,1,1,1,0,1,50,adult
201900046314,9,1,2019,0 days 12:15:00,1,44,44109,2,1,1,5,BERLIN,"47,2158400"," -1,5316400",1,4,1,1989.0,1,8,0,-1,B01,1,0,2,8,1,5,4,,0.0,,3,0,0,1,1,1,0,1,50,adult
201900046336,7,1,2019,0 days 15:30:00,1,35,35278,2,6,1,3,AUGE DE PIERRE (ROND POINT DE L'),"48,1366700"," -1,6929100",1,4,1,1961.0,1,8,0,-1,B01,3,0,2,2,1,5,3,437,0.0,,3,4,0,1,1,1,0,1,50,child
201900046336,7,1,2019,0 days 15:30:00,1,35,35278,2,6,1,3,AUGE DE PIERRE (ROND POINT DE L'),"48,1366700"," -1,6929100",1,4,1,1988.0,1,1,0,-1,B01,3,0,2,2,1,5,3,437,0.0,,3,4,0,1,1,1,0,1,50,adult
201900046343,5,1,2019,0 days 01:10:00,5,33,33063,2,2,1,4,départ accident 20 Crs de l'Yser,"44,8207200"," -0,5717600",1,1,1,1968.0,5,1,0,-1,C01,1,0,2,4,1,5,4,YSER (CRS DE L),0.0,,2,4,2,1,1,1,0,1,50,child
201900046343,5,1,2019,0 days 01:10:00,5,33,33063,2,2,1,4,départ accident 20 Crs de l'Yser,"44,8207200"," -0,5717600",1,3,2,1983.0,5,8,8,-1,C01,1,0,2,4,1,5,4,YSER (CRS DE L),0.0,,2,4,2,1,1,1,0,1,50,adult
201900046343,5,1,2019,0 days 01:10:00,5,33,33063,2,2,1,4,départ accident 20 Crs de l'Yser,"44,8207200"," -0,5717600",1,1,1,1999.0,0,1,0,-1,C01,1,0,2,4,1,5,4,YSER (CRS DE L),0.0,,2,4,2,1,1,1,0,1,50,adult
201900046356,8,1,2019,0 days 18:30:00,5,31,31555,2,1,2,6,158 AV DE LA GLOIRE,"43,6068700","1,4730200",1,1,1,1932.0,5,1,8,-1,B01,3,0,2,0,0,5,4,,0.0,,2,2,0,2,1,2,0,1,50,child
201900046356,8,1,2019,0 days 18:30:00,5,31,31555,2,1,2,6,158 AV DE LA GLOIRE,"43,6068700","1,4730200",1,4,2,1965.0,5,2,8,-1,B01,3,0,2,0,0,5,4,,0.0,,2,2,0,2,1,2,0,1,50,adult
201900046365,10,1,2019,0 days 08:13:00,5,29,29232,2,6,9,3,PONTIGOU RUE DU,"48,0021800"," -4,1140460",1,3,2,1963.0,1,8,8,-1,B01,3,0,2,1,2,5,4,PONTIGOU RUE DU,0.0,,2,2,0,4,1,1,5,1,50,child
201900046365,10,1,2019,0 days 08:13:00,5,29,29232,2,6,9,3,PONTIGOU RUE DU,"48,0021800"," -4,1140460",1,1,1,1978.0,2,1,0,-1,B01,3,0,2,1,2,5,4,PONTIGOU RUE DU,0.0,,2,2,0,4,1,1,5,1,50,adult
201900046365,10,1,2019,0 days 08:13:00,5,29,29232,2,6,9,3,PONTIGOU RUE DU,"48,0021800"," -4,1140460",2,1,1,2005.0,0,1,0,-1,B01,3,0,2,1,2,5,4,PONTIGOU RUE DU,0.0,,2,2,0,4,1,1,5,1,50,adult
201900046384,27,9,2019,0 days 14:30:00,1,91,91044,1,4,1,5,Route nationale 20,"48,6751750","2,2951070",1,1,1,1943.0,5,1,-1,-1,B01,1,0,2,3,19,5,2,20,0.0,R,2,1,1,1,3,1,3,5,70,child
201900046384,27,9,2019,0 days 14:30:00,1,91,91044,1,4,1,5,Route nationale 20,"48,6751750","2,2951070",1,3,1,1965.0,5,2,6,-1,B01,1,0,2,3,19,5,2,20,0.0,R,2,1,1,1,3,1,3,5,70,adult
201900046384,27,9,2019,0 days 14:30:00,1,91,91044,1,4,1,5,Route nationale 20,"48,6751750","2,2951070",1,3,1,1998.0,1,2,6,9,B01,1,0,2,3,19,5,2,20,0.0,R,2,1,1,1,3,1,3,5,70,adult
201900046426,27,9,2019,0 days 13:25:00,1,974,97407,2,1,1,3,ROUTE DU SACRE COEUR," -20,9561100","55,3122200",1,1,2,1984.0,9,1,8,-1,B01,3,0,2,2,26,6,2,1,0.0,E,1,2,0,1,1,1,0,1,50,child
201900046426,27,9,2019,0 days 13:25:00,1,974,97407,2,1,1,3,ROUTE DU SACRE COEUR," -20,9561100","55,3122200",2,1,2,2005.0,2,8,0,-1,B01,3,0,2,2,26,6,2,1,0.0,E,1,2,0,1,1,1,0,1,50,adult
201900046426,27,9,2019,0 days 13:25:00,1,974,97407,2,1,1,3,ROUTE DU SACRE COEUR," -20,9561100","55,3122200",1,4,1,2007.0,2,8,0,-1,B01,3,0,2,2,26,6,2,1,0.0,E,1,2,0,1,1,1,0,1,50,adult
201900046431,27,9,2019,0 days 08:50:00,1,972,97209,2,1,1,3,ABBE LAVIGNE (AVENUE),"14,6132940"," -61,0726440",1,1,1,1933.0,9,1,0,-1,B01,1,0,2,4,1,5,3,51,0.0,,2,2,0,1,1,1,9,1,50,child
201900046431,27,9,2019,0 days 08:50:00,1,972,97209,2,1,1,3,ABBE LAVIGNE (AVENUE),"14,6132940"," -61,0726440",1,4,1,1986.0,5,2,8,-1,B01,1,0,2,4,1,5,3,51,0.0,,2,2,0,1,1,1,9,1,50,adult
201900046445,24,9,2019,0 days 17:10:00,1,77,77243,2,9,1,6,DELAMBRE (RUE  ),"48,8792500","2,7061800",1,1,1,1983.0,5,8,0,-1,A01,1,0,1,1,1,5,4,DELAMBRE (RUE  ),0.0,,1,1,0,1,1,1,0,2,30,child
201900046445,24,9,2019,0 days 17:10:00,1,77,77243,2,9,1,6,DELAMBRE (RUE  ),"48,8792500","2,7061800",3,4,1,2010.0,5,8,0,-1,A01,1,0,1,1,1,5,4,DELAMBRE (RUE  ),0.0,,1,1,0,1,1,1,0,2,30,adult
201900046473,19,3,2019,0 days 08:40:00,1,54,54547,2,1,1,7,EUROPE (BOULEVARD DE L'),"48,6625200","6,1727800",3,4,2,1976.0,0,0,0,-1,A01,1,0,1,1,26,5,9,EUROPE (BOULEVARD DE L'),0.0,,1,1,1,1,1,1,9,1,30,child
201900046473,19,3,2019,0 days 08:40:00,1,54,54547,2,1,1,7,EUROPE (BOULEVARD DE L'),"48,6625200","6,1727800",1,1,1,2003.0,0,2,0,-1,A01,1,0,1,1,26,5,9,EUROPE (BOULEVARD DE L'),0.0,,1,1,1,1,1,1,9,1,30,adult
201900046480,27,9,2019,0 days 11:45:00,1,34,34172,2,1,1,3,MONTPELLIER (AVENUE MARIE DE),"43,6017100","3,9002500",1,4,2,1951.0,5,2,8,-1,A01,1,0,2,7,19,5,4,MONTPELLIER (AVENUE MARIE DE),0.0,,1,3,0,1,1,1,0,1,50,child
201900046480,27,9,2019,0 days 11:45:00,1,34,34172,2,1,1,3,MONTPELLIER (AVENUE MARIE DE),"43,6017100","3,9002500",1,1,1,1983.0,4,1,8,-1,A01,1,0,2,7,19,5,4,MONTPELLIER (AVENUE MARIE DE),0.0,,1,3,0,1,1,1,0,1,50,adult
201900046516,26,9,2019,0 days 09:15:00,1,75,75114,2,3,8,3,BOULEVARD RASPAIL,"48,8387025","2,3308370",1,4,1,1955.0,0,1,0,-1,B01,2,0,2,8,7,5,4,BOULEVARD RASPAIL,0.0,,2,4,3,1,1,1,0,6,50,child
201900046516,26,9,2019,0 days 09:15:00,1,75,75114,2,3,8,3,BOULEVARD RASPAIL,"48,8387025","2,3308370",1,4,1,1981.0,1,8,2,-1,B01,2,0,2,8,7,5,4,BOULEVARD RASPAIL,0.0,,2,4,3,1,1,1,0,6,50,adult
201900046599,25,8,2019,0 days 19:10:00,2,69,69199,2,3,1,3,ALBERT THOMAS                       (AV),"45,7079800","4,8589300",1,4,1,1959.0,0,8,0,-1,B01,0,0,2,8,1,5,4,ALBERT THOMAS                       (AV),0.0,,1,1,0,1,1,1,0,1,50,child
201900046599,25,8,2019,0 days 19:10:00,2,69,69199,2,3,1,3,ALBERT THOMAS                       (AV),"45,7079800","4,8589300",1,1,2,1985.0,0,8,0,-1,B01,0,0,2,8,1,5,4,ALBERT THOMAS                       (AV),0.0,,1,1,0,1,1,1,0,1,50,adult
201900046636,25,8,2019,0 days 06:29:00,2,75,75108,2,7,1,3,PLACE DE LA CONCORDE,"48,8665992","2,3220152",1,1,1,1962.0,4,1,0,-1,A01,2,0,2,1,1,5,4,PLACE DE LA CONCORDE,0.0,,1,6,0,1,1,1,0,1,50,child
201900046636,25,8,2019,0 days 06:29:00,2,75,75108,2,7,1,3,PLACE DE LA CONCORDE,"48,8665992","2,3220152",1,4,2,1994.0,5,2,0,-1,A01,2,0,2,1,1,5,4,PLACE DE LA CONCORDE,0.0,,1,6,0,1,1,1,0,1,50,adult
201900046640,25,8,2019,0 days 20:20:00,1,93,93066,2,1,1,1,FRANCE ANATOLE (BOULEVARD) NR AUTRES,"48,9251600","2,3500500",1,1,1,1958.0,1,1,0,-1,B01,2,0,2,1,5,5,3,941,0.0,,3,4,0,2,1,1,0,1,50,child
201900046640,25,8,2019,0 days 20:20:00,1,93,93066,2,1,1,1,FRANCE ANATOLE (BOULEVARD) NR AUTRES,"48,9251600","2,3500500",1,4,1,2005.0,0,8,0,-1,B01,2,0,2,1,5,5,3,941,0.0,,3,4,0,2,1,1,0,1,50,adult
201900046656,26,8,2019,0 days 09:00:00,1,77,77421,2,1,1,3,D111,"48,7347470","3,3067730",1,3,1,1949.0,5,2,9,-1,B01,1,0,2,1,1,5,3,111,0.0,,2,2,0,1,1,1,0,1,50,child
201900046656,26,8,2019,0 days 09:00:00,1,77,77421,2,1,1,3,D111,"48,7347470","3,3067730",1,1,2,1980.0,3,1,-1,-1,B01,1,0,2,1,1,5,3,111,0.0,,2,2,0,1,1,1,0,1,50,adult
201900046662,26,8,2019,0 days 19:15:00,1,76,76317,1,2,1,3,Route du Fond de Grainville,"49,6511080","0,4017740",1,1,1,1970.0,1,1,-1,-1,B01,2,0,2,1,19,5,3,75,,,2,2,0,1,2,1,0,1,80,child
201900046662,26,8,2019,0 days 19:15:00,1,76,76317,1,2,1,3,Route du Fond de Grainville,"49,6511080","0,4017740",1,4,1,2003.0,5,0,-1,-1,B01,2,0,2,1,19,5,3,75,,,2,2,0,1,2,1,0,1,80,adult
201900046752,1,4,2019,0 days 16:40:00,1,94,94060,2,9,1,3,COMBAULT (RTE DE),"48,7940000","2,5941000",3,4,1,1955.0,5,8,0,-1,Y01,1,0,2,1,1,5,4,COMBAULT (RTE DE),0.0,,2,2,1,1,1,1,9,1,50,child
201900046752,1,4,2019,0 days 16:40:00,1,94,94060,2,9,1,3,COMBAULT (RTE DE),"48,7940000","2,5941000",1,1,1,1987.0,1,1,8,-1,Y01,1,0,2,1,1,5,4,COMBAULT (RTE DE),0.0,,2,2,1,1,1,1,9,1,50,adult
201900046847,1,4,2019,0 days 15:40:00,1,69,69382,2,1,1,2,GENTIL                              (R ),"45,7649400","4,8362700",1,4,2,1959.0,0,8,0,-1,B01,2,0,2,4,15,5,4,GENTIL                              (R ),0.0,,1,1,0,1,1,1,0,1,50,child
201900046847,1,4,2019,0 days 15:40:00,1,69,69382,2,1,1,2,GENTIL                              (R ),"45,7649400","4,8362700",1,1,1,1991.0,0,1,0,-1,B01,2,0,2,4,15,5,4,GENTIL                              (R ),0.0,,1,1,0,1,1,1,0,1,50,adult
201900046864,31,3,2019,0 days 12:10:00,1,72,72181,2,1,1,6,JOINVILLE (RUE),"47,9968700","0,2049200",1,1,1,1936.0,0,1,0,-1,B01,1,0,2,1,1,5,4,JOINVILLE (RUE),0.0,,1,1,0,1,1,1,0,2,50,child
201900046864,31,3,2019,0 days 12:10:00,1,72,72181,2,1,1,6,JOINVILLE (RUE),"47,9968700","0,2049200",1,4,1,1984.0,5,8,0,-1,B01,1,0,2,1,1,5,4,JOINVILLE (RUE),0.0,,1,1,0,1,1,1,0,2,50,adult
201900046874,21,3,2019,0 days 21:20:00,5,59,59328,2,2,1,5,SAINTE CECILE AVENUE,"50,6402000","3,0278100",1,4,2,1975.0,5,8,0,-1,B01,1,0,2,1,1,0,4,SAINTE CECILE AVENUE,0.0,,2,2,0,1,1,1,5,1,50,child
201900046874,21,3,2019,0 days 21:20:00,5,59,59328,2,2,1,5,SAINTE CECILE AVENUE,"50,6402000","3,0278100",1,1,1,1990.0,5,1,0,-1,B01,1,0,2,1,1,0,4,SAINTE CECILE AVENUE,0.0,,2,2,0,1,1,1,5,1,50,adult
201900046874,21,3,2019,0 days 21:20:00,5,59,59328,2,2,1,5,SAINTE CECILE AVENUE,"50,6402000","3,0278100",1,4,1,1999.0,4,2,8,-1,B01,1,0,2,1,1,0,4,SAINTE CECILE AVENUE,0.0,,2,2,0,1,1,1,5,1,50,adult
201900046911,1,4,2019,0 days 19:55:00,1,14,14118,2,2,1,3,BRUXELLES (AVENUE DE),"49,1959200"," -0,3679100",1,1,1,1965.0,0,1,0,-1,A01,1,0,2,1,26,5,4,BRUXELLES (AVENUE DE),0.0,,2,2,0,1,1,1,0,1,50,child
201900046911,1,4,2019,0 days 19:55:00,1,14,14118,2,2,1,3,BRUXELLES (AVENUE DE),"49,1959200"," -0,3679100",1,4,1,2002.0,5,8,0,-1,A01,1,0,2,1,26,5,4,BRUXELLES (AVENUE DE),0.0,,2,2,0,1,1,1,0,1,50,adult
201900046941,17,7,2019,0 days 11:40:00,1,44,44215,2,8,1,3,Rue les Mortiers,"47,1788660"," -1,4463790",1,3,1,1957.0,5,2,6,-1,A01,2,9,4,1,1,6,7,105,0.0,,2,2,0,1,2,1,4,1,50,child
201900046941,17,7,2019,0 days 11:40:00,1,44,44215,2,8,1,3,Rue les Mortiers,"47,1788660"," -1,4463790",1,1,1,1985.0,4,8,-1,-1,A01,2,9,4,1,1,6,7,105,0.0,,2,2,0,1,2,1,4,1,50,adult
201900046970,16,7,2019,0 days 09:05:00,1,974,97407,2,1,1,3,CARPAYE(AVENUE)," -20,9445700","55,2978700",1,4,1,1952.0,3,8,0,-1,A01,1,0,2,3,9,5,4,CARPAYE(AVENUE),0.0,,2,2,0,1,1,1,0,1,50,child
201900046970,16,7,2019,0 days 09:05:00,1,974,97407,2,1,1,3,CARPAYE(AVENUE)," -20,9445700","55,2978700",1,1,1,1973.0,4,1,0,-1,A01,1,0,2,3,9,5,4,CARPAYE(AVENUE),0.0,,2,2,0,1,1,1,0,1,50,adult
201900046988,15,7,2019,0 days 10:10:00,1,67,67482,2,1,1,3,PLAINE DES BOUCHERS (RUE DE LA),"48,5650000","7,7386200",1,4,1,1967.0,1,8,0,-1,B01,2,0,2,1,1,5,4,PLAINE DES BOUCHERS (RUE DE LA),0.0,,2,2,1,1,1,1,0,1,50,child
201900046988,15,7,2019,0 days 10:10:00,1,67,67482,2,1,1,3,PLAINE DES BOUCHERS (RUE DE LA),"48,5650000","7,7386200",1,1,1,1988.0,4,1,8,-1,B01,2,0,2,1,1,5,4,PLAINE DES BOUCHERS (RUE DE LA),0.0,,2,2,1,1,1,1,0,1,50,adult
201900046994,15,7,2019,0 days 14:55:00,1,56,56121,2,6,1,3,LENINE ( AVENUE ),"47,7617200"," -3,3758800",1,1,1,1934.0,5,1,8,-1,A01,1,0,2,1,9,5,4,LENINE ( AVENUE ),0.0,,1,0,0,1,3,1,5,1,50,child
201900046994,15,7,2019,0 days 14:55:00,1,56,56121,2,6,1,3,LENINE ( AVENUE ),"47,7617200"," -3,3758800",1,4,1,2004.0,0,8,0,-1,A01,1,0,2,1,9,5,4,LENINE ( AVENUE ),0.0,,1,0,0,1,3,1,5,1,50,adult
201900046997,11,7,2019,0 days 17:20:00,1,54,54395,2,2,1,7,TAPIS VERT (RUE DU),"48,6917200","6,1926600",3,4,2,1970.0,5,8,0,-1,A01,0,0,1,1,1,5,4,TAPIS VERT (RUE DU),0.0,,1,2,1,2,3,1,0,1,50,child
201900046997,11,7,2019,0 days 17:20:00,1,54,54395,2,2,1,7,TAPIS VERT (RUE DU),"48,6917200","6,1926600",1,1,1,1992.0,0,2,8,-1,A01,0,0,1,1,1,5,4,TAPIS VERT (RUE DU),0.0,,1,2,1,2,3,1,0,1,50,adult
201900047007,16,7,2019,0 days 18:50:00,1,37,37261,2,2,1,3,WEDELLS (RUE JEANNE),"47,4120400","0,7057700",1,4,1,1964.0,5,2,8,-1,B01,2,0,2,1,0,0,4,WEDELLS (RUE JEANNE),0.0,,2,2,0,2,1,1,0,1,50,child
201900047007,16,7,2019,0 days 18:50:00,1,37,37261,2,2,1,3,WEDELLS (RUE JEANNE),"47,4120400","0,7057700",1,1,1,1998.0,5,1,8,-1,B01,2,0,2,1,0,0,4,WEDELLS (RUE JEANNE),0.0,,2,2,0,2,1,1,0,1,50,adult
201900047094,15,7,2019,0 days 09:30:00,1,30,30133,1,1,1,2,departemenatle 62 A,"43,5529440","4,1434490",1,3,1,1953.0,5,0,-1,-1,B01,1,0,0,4,1,5,3,62,,A,3,4,0,1,1,1,0,1,90,child
201900047094,15,7,2019,0 days 09:30:00,1,30,30133,1,1,1,2,departemenatle 62 A,"43,5529440","4,1434490",1,1,1,1981.0,4,1,-1,-1,B01,1,0,0,4,1,5,3,62,,A,3,4,0,1,1,1,0,1,90,adult
201900047105,16,7,2019,0 days 21:40:00,3,973,97311,1,1,1,1,Avenue Jean Galmot,"5,5037349"," -53,9687920",1,3,1,1957.0,0,0,-1,-1,B01,1,0,2,1,0,5,3,9,0.0,,2,2,0,1,1,1,0,1,80,child
201900047105,16,7,2019,0 days 21:40:00,3,973,97311,1,1,1,1,Avenue Jean Galmot,"5,5037349"," -53,9687920",1,1,1,1981.0,0,1,-1,-1,B01,1,0,2,1,0,5,3,9,0.0,,2,2,0,1,1,1,0,1,80,adult
201900047159,9,12,2019,0 days 15:30:00,1,34,34145,2,9,1,3,Avenue Gaston Baissette,"43,6729690","4,1247810",1,1,2,1965.0,5,1,-1,-1,B01,0,0,2,8,19,5,9,,,,3,1,0,1,2,1,6,1,-1,child
201900047159,9,12,2019,0 days 15:30:00,1,34,34145,2,9,1,3,Avenue Gaston Baissette,"43,6729690","4,1247810",1,4,1,2008.0,2,0,-1,-1,B01,0,0,2,8,19,5,9,,,,3,1,0,1,2,1,6,1,-1,adult
201900047185,7,12,2019,0 days 22:20:00,5,69,69381,2,1,1,6,JEAN MOULIN                         (QU),"45,7676700","4,8378900",3,3,2,1943.0,5,0,-1,-1,A01,1,0,1,1,1,5,4,JEAN MOULIN                         (QU),0.0,,1,4,0,1,1,1,0,1,50,child
201900047185,7,12,2019,0 days 22:20:00,5,69,69381,2,1,1,6,JEAN MOULIN                         (QU),"45,7676700","4,8378900",1,1,1,1988.0,5,8,0,-1,A01,1,0,1,1,1,5,4,JEAN MOULIN                         (QU),0.0,,1,4,0,1,1,1,0,1,50,adult
201900047236,7,12,2019,0 days 16:15:00,1,75,75116,2,1,1,6,AVENUE DE NEW YORK,"48,8625540","2,2938990",3,4,2,1966.0,5,0,-1,-1,A01,2,0,1,2,1,5,4,AVENUE DE NEW YORK,0.0,,2,2,1,1,1,1,0,5,30,child
201900047236,7,12,2019,0 days 16:15:00,1,75,75116,2,1,1,6,AVENUE DE NEW YORK,"48,8625540","2,2938990",1,4,1,1990.0,0,8,2,-1,A01,2,0,1,2,1,5,4,AVENUE DE NEW YORK,0.0,,2,2,1,1,1,1,0,5,30,adult
201900047314,28,5,2019,0 days 12:30:00,1,84,84142,1,3,1,3,Route de l'Isle Sur la Sorgue,"43,9743290","5,0388100",1,3,1,1937.0,1,0,-1,-1,B01,3,0,2,8,15,5,3,938,,D,2,2,0,1,2,1,0,1,80,child
201900047314,28,5,2019,0 days 12:30:00,1,84,84142,1,3,1,3,Route de l'Isle Sur la Sorgue,"43,9743290","5,0388100",1,1,2,1988.0,0,1,-1,-1,B01,3,0,2,8,15,5,3,938,,D,2,2,0,1,2,1,0,1,80,adult