Num_Acc,jour,mois,an,hrmn,lum,dep,com,agg,int,atm,col,adr,lat,long,catu,grav,sexe,an_nais,trajet,secu1,secu2,secu3,num_veh_y,senc,obs,obsm,choc,manv,motor,catr,voie,v1,v2,circ,nbv,vosp,prof,plan,surf,infra,situ,vma,age
201900047323,16,5,2019,0 days 17:45:00,1,33,33352,2,1,1,3,RD9E1/Parking agents SNCF,"44,5796200"," -0,0297000",1,1,2,1974.0,0,1,-1,-1,A01,2,0,2,3,19,0,3,9E1,,E,2,2,0,1,1,1,0,1,50,child
201900047323,16,5,2019,0 days 17:45:00,1,33,33352,2,1,1,3,RD9E1/Parking agents SNCF,"44,5796200"," -0,0297000",1,4,1,2003.0,9,0,-1,-1,A01,2,0,2,3,19,0,3,9E1,,E,2,2,0,1,1,1,0,1,50,adult
201900047330,29,5,2019,0 days 14:15:00,1,36,36230,2,1,1,2,PLACE DE LA RÉPUBLIQUE,"47,0713770","1,8096850",1,3,1,1942.0,5,2,-1,-1,B01,1,0,2,0,17,5,3,920,0.0,,2,2,0,1,1,1,0,1,50,child
201900047330,29,5,2019,0 days 14:15:00,1,36,36230,2,1,1,2,PLACE DE LA RÉPUBLIQUE,"47,0713770","1,8096850",1,1,2,1971.0,3,0,-1,-1,B01,1,0,2,0,17,5,3,920,0.0,,2,2,0,1,1,1,0,1,50,adult
201900047402,28,5,2019,0 days 11:30:00,1,1,01285,2,9,1,3,Chemin des Eguets,"45,9208300","4,8150830",1,3,1,1946.0,5,2,-1,-1,B01,0,0,2,7,1,5,4,,,,2,2,0,1,4,1,0,1,70,child
201900047402,28,5,2019,0 days 11:30:00,1,1,01285,2,9,1,3,Chemin des Eguets,"45,9208300","4,8150830",1,1,2,1999.0,5,8,-1,-1,B01,0,0,2,7,1,5,4,,,,2,2,0,1,4,1,0,1,70,adult
201900047404,24,5,2019,0 days 15:00:00,1,1,01194,2,6,1,3,rd933,"45,9959490","4,7529720",1,1,1,1930.0,0,1,-1,-1,A01,2,0,9,4,1,5,3,933,,,1,1,0,1,1,1,0,1,70,child
201900047404,24,5,2019,0 days 15:00:00,1,1,01194,2,6,1,3,rd933,"45,9959490","4,7529720",1,4,1,1956.0,3,0,-1,-1,A01,2,0,9,4,1,5,3,933,,,1,1,0,1,1,1,0,1,70,adult
201900047428,17,5,2019,0 days 12:10:00,1,51,51031,1,1,1,2,RD 335,"49,1520560","4,3486084",1,4,1,1958.0,1,8,-1,-1,B01,2,0,2,8,2,5,3,335,0.0,D,2,2,0,1,1,1,0,1,80,child
201900047428,17,5,2019,0 days 12:10:00,1,51,51031,1,1,1,2,RD 335,"49,1520560","4,3486084",1,1,2,1982.0,4,1,-1,-1,B01,2,0,2,8,2,5,3,335,0.0,D,2,2,0,1,1,1,0,1,80,adult
201900047446,18,5,2019,0 days 09:30:00,1,72,72058,2,1,2,3,Allée du pont,"47,9872590","0,2808740",1,1,1,1936.0,5,1,-1,-1,B01,0,0,2,8,1,5,9,,,,2,2,0,1,3,2,0,1,50,child
201900047446,18,5,2019,0 days 09:30:00,1,72,72058,2,1,2,3,Allée du pont,"47,9872590","0,2808740",1,3,1,1993.0,5,0,-1,-1,B01,0,0,2,8,1,5,9,,,,2,2,0,1,3,2,0,1,50,adult
201900047524,18,6,2019,0 days 15:06:00,1,68,68297,2,9,1,3,MULHOUSE ( RUE)CITE BOURGLIBRE JUSQUE RU,"47,5954590","7,5540310",1,4,1,1950.0,0,8,0,-1,B01,2,12,2,8,19,0,3,66,0.0,,2,2,0,1,1,1,0,1,50,child
201900047524,18,6,2019,0 days 15:06:00,1,68,68297,2,9,1,3,MULHOUSE ( RUE)CITE BOURGLIBRE JUSQUE RU,"47,5954590","7,5540310",1,1,1,1971.0,0,1,0,-1,B01,2,12,2,8,19,0,3,66,0.0,,2,2,0,1,1,1,0,1,50,adult
201900047526,11,6,2019,0 days 07:05:00,1,68,68297,2,1,1,3,BACHMANN ( RUE THEO ),"47,5859550","7,5614310",1,1,1,1977.0,4,1,8,-1,B01,3,0,2,1,19,5,4,BACHMANN ( RUE THEO ),0.0,,2,2,0,1,1,1,0,1,50,child
201900047526,11,6,2019,0 days 07:05:00,1,68,68297,2,1,1,3,BACHMANN ( RUE THEO ),"47,5859550","7,5614310",1,3,1,2002.0,1,8,0,-1,B01,3,0,2,1,19,5,4,BACHMANN ( RUE THEO ),0.0,,2,2,0,1,1,1,0,1,50,adult
201900047530,30,5,2019,0 days 19:21:00,1,68,68224,2,1,1,3,KATZ (ALLEE NATHAN),"47,7578900","7,3522900",1,4,1,1945.0,5,8,0,-1,B01,1,0,2,7,0,5,4,KATZ (ALLEE NATHAN,0.0,,1,2,2,1,1,1,0,1,50,child
201900047530,30,5,2019,0 days 19:21:00,1,68,68224,2,1,1,3,KATZ (ALLEE NATHAN),"47,7578900","7,3522900",1,1,1,1990.0,5,2,8,-1,B01,1,0,2,7,0,5,4,KATZ (ALLEE NATHAN,0.0,,1,2,2,1,1,1,0,1,50,adult
201900047531,2,6,2019,0 days 20:26:00,1,68,68066,2,1,7,1,ROUFFACH (ROUTE DE),"48,0620380","7,3384380",1,1,2,1965.0,5,1,4,-1,B01,1,0,2,1,26,0,3,30,0.0,,2,2,0,1,1,1,0,1,50,child
201900047531,2,6,2019,0 days 20:26:00,1,68,68066,2,1,7,1,ROUFFACH (ROUTE DE),"48,0620380","7,3384380",1,4,2,2003.0,5,8,0,-1,B01,1,0,2,1,26,0,3,30,0.0,,2,2,0,1,1,1,0,1,50,adult
201900047541,11,6,2019,0 days 12:30:00,1,67,67447,2,3,8,3,DACHSTEIN (RUE DE),"48,6071450","7,7343900",1,4,2,1961.0,0,8,0,-1,B01,2,0,2,0,0,5,4,DACHSTEIN (RUE DE),0.0,,1,1,0,1,1,1,0,1,30,child
201900047541,11,6,2019,0 days 12:30:00,1,67,67447,2,3,8,3,DACHSTEIN (RUE DE),"48,6071450","7,7343900",1,1,2,1984.0,0,1,8,-1,B01,2,0,2,0,0,5,4,DACHSTEIN (RUE DE),0.0,,1,1,0,1,1,1,0,1,30,adult
201900047546,29,5,2019,0 days 12:05:00,1,67,67447,2,1,1,1,MARAIS (RUE DU),"48,6094600","7,7652550",1,1,1,1976.0,4,1,0,-1,B01,3,0,2,8,19,5,4,MARAIS (RUE DU),0.0,,2,-1,1,1,1,1,5,1,50,child
201900047546,29,5,2019,0 days 12:05:00,1,67,67447,2,1,1,1,MARAIS (RUE DU),"48,6094600","7,7652550",2,1,1,1984.0,4,1,8,-1,B01,3,0,2,8,19,5,4,MARAIS (RUE DU),0.0,,2,-1,1,1,1,1,5,1,50,adult
201900047546,29,5,2019,0 days 12:05:00,1,67,67447,2,1,1,1,MARAIS (RUE DU),"48,6094600","7,7652550",3,4,1,2006.0,2,8,0,-1,B01,3,0,2,8,19,5,4,MARAIS (RUE DU),0.0,,2,-1,1,1,1,1,5,1,50,adult
201900047558,7,6,2019,0 days 15:01:00,1,67,67462,2,1,1,6,MARCKOLSHEIM (ROUTE DE),"48,2539800","7,4574200",1,4,1,1954.0,0,8,0,-1,B01,2,0,2,7,21,5,4,MARCKOLSHEIM (ROUTE DE),0.0,,2,2,1,1,1,1,0,1,50,child
201900047558,7,6,2019,0 days 15:01:00,1,67,67462,2,1,1,6,MARCKOLSHEIM (ROUTE DE),"48,2539800","7,4574200",1,1,2,1999.0,0,8,0,-1,B01,2,0,2,7,21,5,4,MARCKOLSHEIM (ROUTE DE),0.0,,2,2,1,1,1,1,0,1,50,adult
201900047586,11,6,2019,0 days 07:55:00,1,64,64284,2,2,1,3,HENRI IV,"43,2835000"," -0,3864000",1,1,2,1947.0,0,1,0,-1,B01,1,0,2,4,16,5,4,HENRI IV,0.0,,2,4,1,1,3,2,0,1,50,child
201900047586,11,6,2019,0 days 07:55:00,1,64,64284,2,2,1,3,HENRI IV,"43,2835000"," -0,3864000",1,4,1,2004.0,0,8,0,-1,B01,1,0,2,4,16,5,4,HENRI IV,0.0,,2,4,1,1,3,2,0,1,50,adult
201900047589,8,6,2019,0 days 15:00:00,1,64,64445,2,6,1,3,COMMANDANT RENE MOUCHOTTE DU,"43,3053300"," -0,3285100",1,3,1,1941.0,9,8,0,-1,B01,1,0,2,5,1,5,4,COMMANDANT RENE MOUCHOTTE DU,0.0,,1,2,0,1,2,1,0,1,50,child
201900047589,8,6,2019,0 days 15:00:00,1,64,64445,2,6,1,3,COMMANDANT RENE MOUCHOTTE DU,"43,3053300"," -0,3285100",1,1,2,1968.0,4,1,8,-1,B01,1,0,2,5,1,5,4,COMMANDANT RENE MOUCHOTTE DU,0.0,,1,2,0,1,2,1,0,1,50,adult
201900047637,13,6,2019,0 days 15:45:00,1,60,60414,1,6,1,6,ROND POINT PATHE- RD 200,"49,2599300","2,4531900",1,1,1,1959.0,4,8,8,-1,B01,0,0,2,8,0,0,3,200,0.0,,2,0,0,1,3,1,9,1,90,child
201900047637,13,6,2019,0 days 15:45:00,1,60,60414,1,6,1,6,ROND POINT PATHE- RD 200,"49,2599300","2,4531900",1,3,1,1988.0,0,8,0,-1,B01,0,0,2,8,0,0,3,200,0.0,,2,0,0,1,3,1,9,1,90,adult
201900047660,22,2,2019,0 days 13:30:00,1,35,35051,2,6,7,3,ALLIES (BOULEVARD DES),"48,1362200"," -1,6240200",1,4,1,1936.0,0,8,0,-1,B01,3,0,2,1,19,5,7,ALLIES (BOULEVARD DES),0.0,,-1,2,0,1,1,1,6,1,50,child
201900047660,22,2,2019,0 days 13:30:00,1,35,35051,2,6,7,3,ALLIES (BOULEVARD DES),"48,1362200"," -1,6240200",2,1,1,1997.0,0,1,0,-1,B01,3,0,2,1,19,5,7,ALLIES (BOULEVARD DES),0.0,,-1,2,0,1,1,1,6,1,50,adult
201900047660,22,2,2019,0 days 13:30:00,1,35,35051,2,6,7,3,ALLIES (BOULEVARD DES),"48,1362200"," -1,6240200",1,1,2,1999.0,0,1,0,-1,B01,3,0,2,1,19,5,7,ALLIES (BOULEVARD DES),0.0,,-1,2,0,1,1,1,6,1,50,adult
201900047727,22,2,2019,0 days 10:50:00,1,75,75115,2,1,1,3,RUE HENRY FARMAN,"48,8332790","2,2703520",1,1,1,1972.0,0,1,0,-1,A01,2,0,2,8,9,5,4,RUE HENRY FARMAN,0.0,,2,2,0,1,1,1,0,1,50,child
201900047727,22,2,2019,0 days 10:50:00,1,75,75115,2,1,1,3,RUE HENRY FARMAN,"48,8332790","2,2703520",1,4,1,1994.0,9,8,0,-1,A01,2,0,2,8,9,5,4,RUE HENRY FARMAN,0.0,,2,2,0,1,1,1,0,1,50,adult
201900047729,21,2,2019,0 days 15:50:00,1,75,75115,2,4,1,3,RUE LEBLANC,"48,8366100","2,2813200",1,1,1,1975.0,0,1,0,-1,A01,2,0,2,7,19,5,4,RUE LEBLANC,0.0,,1,2,0,1,2,1,9,1,50,child
201900047729,21,2,2019,0 days 15:50:00,1,75,75115,2,4,1,3,RUE LEBLANC,"48,8366100","2,2813200",1,4,1,2005.0,0,2,0,-1,A01,2,0,2,7,19,5,4,RUE LEBLANC,0.0,,1,2,0,1,2,1,9,1,50,adult
201900047739,23,2,2019,0 days 19:05:00,5,75,75110,2,3,1,6,BOULEVARD DE MAGENTA,"48,8757790","2,3565200",3,4,2,1963.0,5,8,0,-1,A01,2,0,1,0,1,5,4,BOULEVARD DE MAGENTA,0.0,,2,4,1,1,1,1,6,1,50,child
201900047739,23,2,2019,0 days 19:05:00,5,75,75110,2,3,1,6,BOULEVARD DE MAGENTA,"48,8757790","2,3565200",1,1,1,1999.0,5,2,0,-1,A01,2,0,1,0,1,5,4,BOULEVARD DE MAGENTA,0.0,,2,4,1,1,1,1,6,1,50,adult
201900047755,18,2,2019,0 days 11:15:00,1,94,94041,2,1,1,3,LOUIS BERTRAND (R),"48,8171900","2,3804000",1,4,2,1957.0,5,2,0,-1,B01,2,1,0,7,17,5,3,150,0.0,,2,2,0,1,1,1,0,1,50,child
201900047755,18,2,2019,0 days 11:15:00,1,94,94041,2,1,1,3,LOUIS BERTRAND (R),"48,8171900","2,3804000",1,1,1,1984.0,4,8,0,-1,B01,2,1,0,7,17,5,3,150,0.0,,2,2,0,1,1,1,0,1,50,adult
201900047792,21,2,2019,0 days 20:00:00,3,92,92062,2,1,1,3,WALLACE (BD RICHARD) DU 17 AU 91 ET DU 3,"48,8799300","2,2397900",1,4,1,1948.0,5,2,8,-1,B01,1,0,2,1,1,5,4,WALLACE (BD RICHARD) DU 17 AU 91 ET DU 3,0.0,,2,2,0,1,1,1,0,1,50,child
201900047792,21,2,2019,0 days 20:00:00,3,92,92062,2,1,1,3,WALLACE (BD RICHARD) DU 17 AU 91 ET DU 3,"48,8799300","2,2397900",1,1,1,1985.0,4,8,0,-1,B01,1,0,2,1,1,5,4,WALLACE (BD RICHARD) DU 17 AU 91 ET DU 3,0.0,,2,2,0,1,1,1,0,1,50,adult
201900047838,24,2,2019,0 days 11:10:00,1,77,77435,2,1,1,3,D50-34 rue de Montgermont,"48,5051100","2,5342100",1,3,2,1966.0,5,2,-1,-1,B01,1,0,2,1,1,5,3,50,,,2,2,0,1,1,1,0,1,30,child
201900047838,24,2,2019,0 days 11:10:00,1,77,77435,2,1,1,3,D50-34 rue de Montgermont,"48,5051100","2,5342100",1,1,2,1991.0,5,1,-1,-1,B01,1,0,2,1,1,5,3,50,,,2,2,0,1,1,1,0,1,30,adult
201900047841,22,2,2019,0 days 20:25:00,3,51,51232,1,1,1,2,RD 980,"49,2831270","4,2098794",1,1,1,1957.0,4,1,-1,-1,B01,1,0,0,4,1,5,3,980,,,2,2,0,1,1,1,0,1,80,child
201900047841,22,2,2019,0 days 20:25:00,3,51,51232,1,1,1,2,RD 980,"49,2831270","4,2098794",1,2,1,1998.0,5,0,-1,-1,B01,1,0,0,4,1,5,3,980,,,2,2,0,1,1,1,0,1,80,adult
201900047928,31,10,2019,0 days 18:50:00,5,974,97409,2,2,1,3,JEAN ALBANI(RUE)," -20,9673000","55,6511600",1,1,2,1966.0,1,1,8,-1,A01,1,15,1,2,26,5,4,LEBON(RUE),0.0,,2,2,0,2,3,1,9,1,50,child
201900047928,31,10,2019,0 days 18:50:00,5,974,97409,2,2,1,3,JEAN ALBANI(RUE)," -20,9673000","55,6511600",1,1,1,1999.0,5,8,0,-1,A01,1,15,1,2,26,5,4,LEBON(RUE),0.0,,2,2,0,2,3,1,9,1,50,adult
201900047928,31,10,2019,0 days 18:50:00,5,974,97409,2,2,1,3,JEAN ALBANI(RUE)," -20,9673000","55,6511600",2,4,2,2003.0,0,2,0,-1,A01,1,15,1,2,26,5,4,LEBON(RUE),0.0,,2,2,0,2,3,1,9,1,50,adult
201900047963,2,11,2019,0 days 15:00:00,1,75,75115,2,3,8,3,RUE DE LA CONVENTION,"48,8383300","2,2939400",1,1,1,1984.0,4,2,6,-1,B01,1,0,2,8,19,5,4,RUE DE LA CONVENTION,0.0,,2,2,0,1,1,1,0,1,50,child
201900047963,2,11,2019,0 days 15:00:00,1,75,75115,2,3,8,3,RUE DE LA CONVENTION,"48,8383300","2,2939400",1,4,1,2015.0,5,2,0,-1,B01,1,0,2,8,19,5,4,RUE DE LA CONVENTION,0.0,,2,2,0,1,1,1,0,1,50,adult
201900047970,2,11,2019,0 days 10:30:00,1,75,75109,2,5,1,6,RUE DE ROCHECHOUART,"48,8820100","2,3465948",3,4,1,1956.0,4,0,-1,-1,A01,2,0,1,1,1,5,4,RUE DE ROCHECHOUART,0.0,,1,1,-1,2,1,1,0,1,50,child
201900047970,2,11,2019,0 days 10:30:00,1,75,75109,2,5,1,6,RUE DE ROCHECHOUART,"48,8820100","2,3465948",1,1,1,1980.0,0,8,2,-1,A01,2,0,1,1,1,5,4,RUE DE ROCHECHOUART,0.0,,1,1,-1,2,1,1,0,1,50,adult
201900047981,22,2,2019,0 days 17:45:00,1,84,84069,1,3,1,1,D938 PK 9 + 400,"44,1839470","5,1243250",1,1,1,1962.0,9,1,-1,-1,A01,2,0,2,0,15,5,3,938,,,2,2,0,1,1,1,0,1,80,child
201900047981,22,2,2019,0 days 17:45:00,1,84,84069,1,3,1,1,D938 PK 9 + 400,"44,1839470","5,1243250",1,3,1,1987.0,3,0,-1,-1,A01,2,0,2,0,15,5,3,938,,,2,2,0,1,1,1,0,1,80,adult
201900047981,22,2,2019,0 days 17:45:00,1,84,84069,1,3,1,1,D938 PK 9 + 400,"44,1839470","5,1243250",2,1,2,2003.0,9,1,-1,-1,A01,2,0,2,0,15,5,3,938,,,2,2,0,1,1,1,0,1,80,adult
201900047992,3,11,2019,0 days 16:30:00,1,59,59094,2,3,1,3,Rue Jean Varlet,"50,9423090","2,1953450",1,1,2,1975.0,0,1,-1,-1,B01,3,0,2,8,26,5,3,1,,,2,2,0,1,1,1,0,1,50,child
201900047992,3,11,2019,0 days 16:30:00,1,59,59094,2,3,1,3,Rue Jean Varlet,"50,9423090","2,1953450",1,3,1,2007.0,0,8,-1,-1,B01,3,0,2,8,26,5,3,1,,,2,2,0,1,1,1,0,1,50,adult
201900048063,9,1,2019,0 days 10:50:00,1,13,13005,2,6,1,3,GEMENOS (ROUTE DE CD2),"43,2963428","5,5831448",1,1,1,1937.0,3,8,0,-1,B01,1,0,2,1,15,5,3,2,0.0,,1,1,0,1,2,1,0,1,50,child
201900048063,9,1,2019,0 days 10:50:00,1,13,13005,2,6,1,3,GEMENOS (ROUTE DE CD2),"43,2963428","5,5831448",1,4,1,1967.0,5,2,8,-1,B01,1,0,2,1,15,5,3,2,0.0,,1,1,0,1,2,1,0,1,50,adult
201900048112,12,1,2019,0 days 11:15:00,1,75,75117,2,1,1,2,RUE LEGENDRE,"48,8854480","2,3164400",1,4,1,1955.0,0,8,0,-1,A01,2,0,2,1,1,5,4,RUE LEGENDRE,0.0,,1,2,1,1,1,1,0,1,30,child
201900048112,12,1,2019,0 days 11:15:00,1,75,75117,2,1,1,2,RUE LEGENDRE,"48,8854480","2,3164400",1,1,1,1988.0,0,1,0,-1,A01,2,0,2,1,1,5,4,RUE LEGENDRE,0.0,,1,2,1,1,1,1,0,1,30,adult
201900048118,9,1,2019,0 days 09:35:00,1,75,75117,2,1,1,3,AVENUE DE LA PORTE DE CLICHY,"48,8954920","2,3112800",1,1,2,1941.0,5,8,0,-1,A01,1,0,2,3,1,5,4,AVENUE DE LA PORTE DE CLICHY,0.0,,3,4,0,1,1,1,0,1,30,child
201900048118,9,1,2019,0 days 09:35:00,1,75,75117,2,1,1,3,AVENUE DE LA PORTE DE CLICHY,"48,8954920","2,3112800",1,4,1,1974.0,4,2,0,-1,A01,1,0,2,3,1,5,4,AVENUE DE LA PORTE DE CLICHY,0.0,,3,4,0,1,1,1,0,1,30,adult
201900048161,9,1,2019,0 days 20:15:00,3,75,75110,2,1,1,6,QUAI DE JEMMAPES,"48,8701340","2,3665880",3,4,2,1965.0,5,8,0,-1,A01,1,0,1,1,1,5,4,QUAI DE JEMMAPES,0.0,,1,1,1,1,1,1,0,5,50,child
201900048161,9,1,2019,0 days 20:15:00,3,75,75110,2,1,1,6,QUAI DE JEMMAPES,"48,8701340","2,3665880",1,1,1,1994.0,0,8,0,-1,A01,1,0,1,1,1,5,4,QUAI DE JEMMAPES,0.0,,1,1,1,1,1,1,0,5,50,adult
201900048241,28,9,2019,0 days 17:10:00,1,1,01281,2,1,1,3,1564 Rue de Geneve,"46,2636851","6,1025363",1,1,1,1936.0,0,1,-1,-1,B01,1,0,2,1,2,5,3,1005,0.0,,2,2,0,2,1,1,0,1,50,child
201900048241,28,9,2019,0 days 17:10:00,1,1,01281,2,1,1,3,1564 Rue de Geneve,"46,2636851","6,1025363",1,3,1,1991.0,0,2,-1,-1,B01,1,0,2,1,2,5,3,1005,0.0,,2,2,0,2,1,1,0,1,50,adult
201900048245,28,9,2019,0 days 17:00:00,1,31,31486,2,1,1,1,rue d'Occitanie,"43,4211370","1,2815180",1,1,2,1934.0,5,1,-1,-1,B01,0,0,2,3,1,6,3,43,0.0,,2,2,0,1,1,1,0,1,50,child
201900048245,28,9,2019,0 days 17:00:00,1,31,31486,2,1,1,1,rue d'Occitanie,"43,4211370","1,2815180",1,3,1,1959.0,5,2,-1,-1,B01,0,0,2,3,1,6,3,43,0.0,,2,2,0,1,1,1,0,1,50,adult
201900048272,1,7,2019,0 days 15:45:00,1,54,54395,2,1,1,3,DOUMER (AVENUE PAUL),"48,6765580","6,1913760",1,1,1,1953.0,0,1,0,-1,A01,1,0,2,2,25,5,4,DOUMER (AVENUE PAUL),0.0,,1,2,0,1,1,1,0,1,50,child
201900048272,1,7,2019,0 days 15:45:00,1,54,54395,2,1,1,3,DOUMER (AVENUE PAUL),"48,6765580","6,1913760",1,4,1,1985.0,5,8,0,-1,A01,1,0,2,2,25,5,4,DOUMER (AVENUE PAUL),0.0,,1,2,0,1,1,1,0,1,50,adult
201900048282,26,9,2019,0 days 12:45:00,1,69,69387,2,1,1,6,GAMBETTA                            (CO),"45,7538200","4,8472200",3,4,2,1951.0,0,8,0,-1,A01,1,0,1,1,1,5,4,GAMBETTA                            (CO),0.0,,2,4,3,1,1,1,0,1,50,child
201900048282,26,9,2019,0 days 12:45:00,1,69,69387,2,1,1,6,GAMBETTA                            (CO),"45,7538200","4,8472200",1,1,1,1993.0,0,8,0,-1,A01,1,0,1,1,1,5,4,GAMBETTA                            (CO),0.0,,2,4,3,1,1,1,0,1,50,adult
201900048284,26,9,2019,0 days 17:50:00,1,971,97113,2,1,1,3,BESSON,"16,2300000"," -61,5100000",1,1,1,1949.0,0,1,0,-1,A01,3,16,2,0,10,5,4,C10 BESSON,0.0,,2,2,0,1,1,1,0,1,50,child
201900048284,26,9,2019,0 days 17:50:00,1,971,97113,2,1,1,3,BESSON,"16,2300000"," -61,5100000",2,1,2,1970.0,0,1,0,-1,A01,3,16,2,0,10,5,4,C10 BESSON,0.0,,2,2,0,1,1,1,0,1,50,adult
201900048300,26,9,2019,0 days 16:30:00,1,64,64445,2,3,1,1,PAUL RAMADIER,"43,3179846"," -0,3183738",1,1,2,1946.0,5,1,0,-1,B01,3,0,2,1,1,5,4,PAUL RAMADIER,0.0,,2,2,1,1,1,1,0,1,50,child
201900048300,26,9,2019,0 days 16:30:00,1,64,64445,2,3,1,1,PAUL RAMADIER,"43,3179846"," -0,3183738",1,4,1,1987.0,1,2,0,-1,B01,3,0,2,1,1,5,4,PAUL RAMADIER,0.0,,2,2,1,1,1,1,0,1,50,adult
201900048312,24,9,2019,0 days 15:50:00,1,54,54159,2,1,2,6,CARNOT (RUE),"48,6252100","6,3489520",1,1,1,1939.0,5,1,0,-1,B01,2,0,2,1,19,5,7,CARNOT (RUE),0.0,,2,2,0,1,1,2,0,1,30,child
201900048312,24,9,2019,0 days 15:50:00,1,54,54159,2,1,2,6,CARNOT (RUE),"48,6252100","6,3489520",1,3,1,2007.0,2,2,0,-1,B01,2,0,2,1,19,5,7,CARNOT (RUE),0.0,,2,2,0,1,1,2,0,1,30,adult
201900048319,26,9,2019,0 days 13:45:00,1,35,35238,2,9,2,3,LEROUX (BD OSCAR),"48,0912700"," -1,6646700",1,1,1,1966.0,1,1,0,-1,A01,2,0,2,1,1,5,4,LEROUX (BD OSCAR),0.0,,-1,0,0,1,1,2,0,1,2,child
201900048319,26,9,2019,0 days 13:45:00,1,35,35238,2,9,2,3,LEROUX (BD OSCAR),"48,0912700"," -1,6646700",1,4,1,2007.0,2,8,0,-1,A01,2,0,2,1,1,5,4,LEROUX (BD OSCAR),0.0,,-1,0,0,1,1,2,0,1,2,adult
201900048323,17,9,2019,0 days 18:15:00,1,33,33281,2,1,1,2,AVE DE LA MARNE,"44,8362800"," -0,6232100",1,1,2,1976.0,5,8,0,-1,A01,2,14,0,1,1,5,4,AVE DE LA MARNE,0.0,,2,2,0,1,1,1,0,1,50,child
201900048323,17,9,2019,0 days 18:15:00,1,33,33281,2,1,1,2,AVE DE LA MARNE,"44,8362800"," -0,6232100",1,3,1,2004.0,0,8,0,-1,A01,2,14,0,1,1,5,4,AVE DE LA MARNE,0.0,,2,2,0,1,1,1,0,1,50,adult
201900048344,26,9,2019,0 days 15:50:00,1,75,75119,2,2,8,3,AVENUE DE LAUMIERE,"48,8846720","2,3798370",1,1,1,1957.0,9,1,0,-1,A01,2,0,2,3,16,5,4,AVENUE DE LAUMIERE,0.0,,1,4,0,2,1,1,0,1,50,child
201900048344,26,9,2019,0 days 15:50:00,1,75,75119,2,2,8,3,AVENUE DE LAUMIERE,"48,8846720","2,3798370",1,4,1,2004.0,0,8,2,-1,A01,2,0,2,3,16,5,4,AVENUE DE LAUMIERE,0.0,,1,4,0,2,1,1,0,1,50,adult
201900048436,22,8,2019,0 days 08:30:00,1,67,67204,1,1,1,6,FONTAINE (RUE DE LA),"48,6244500","7,7413900",3,4,2,1950.0,0,8,0,-1,A01,1,0,1,1,1,5,7,184,0.0,,2,2,1,1,1,1,9,1,35,child
201900048436,22,8,2019,0 days 08:30:00,1,67,67204,1,1,1,6,FONTAINE (RUE DE LA),"48,6244500","7,7413900",1,1,1,1994.0,1,8,0,-1,A01,1,0,1,1,1,5,7,184,0.0,,2,2,1,1,1,1,9,1,35,adult
201900048439,22,8,2019,0 days 09:20:00,1,64,64129,2,9,1,6,BAYONNE DE,"43,3010188"," -0,3942833",1,4,1,1961.0,5,8,0,-1,B01,1,0,2,1,1,5,4,BAYONNE DE,0.0,,1,1,2,1,2,1,0,3,50,child
201900048439,22,8,2019,0 days 09:20:00,1,64,64129,2,9,1,6,BAYONNE DE,"43,3010188"," -0,3942833",1,1,1,2001.0,5,2,6,-1,B01,1,0,2,1,1,5,4,BAYONNE DE,0.0,,1,1,2,1,2,1,0,3,50,adult
201900048445,23,8,2019,0 days 12:55:00,1,59,59352,2,9,1,3,CASTELNAU (RUE),"50,7369600","3,0737000",1,1,1,1929.0,5,1,0,-1,B01,1,0,2,1,1,5,4,CASTELNAU (RUE),0.0,,2,2,0,2,1,1,0,1,50,child
201900048445,23,8,2019,0 days 12:55:00,1,59,59352,2,9,1,3,CASTELNAU (RUE),"50,7369600","3,0737000",1,3,1,1981.0,5,2,6,-1,B01,1,0,2,1,1,5,4,CASTELNAU (RUE),0.0,,2,2,0,2,1,1,0,1,50,adult
201900048461,21,8,2019,0 days 20:15:00,1,51,51108,2,3,1,3,AVENUE DU GENERAL SARRAIL,"48,9754902","4,3576315",1,2,1,1959.0,1,8,0,-1,B01,2,0,2,1,1,5,4,AVENUE DU GENERAL SARRAIL,0.0,,2,2,0,1,1,1,0,1,50,child
201900048461,21,8,2019,0 days 20:15:00,1,51,51108,2,3,1,3,AVENUE DU GENERAL SARRAIL,"48,9754902","4,3576315",1,1,2,1995.0,5,1,8,-1,B01,2,0,2,1,1,5,4,AVENUE DU GENERAL SARRAIL,0.0,,2,2,0,1,1,1,0,1,50,adult
201900048470,22,8,2019,0 days 08:30:00,1,49,49353,2,1,1,3,CAMUS,"47,4563200"," -0,5082700",1,1,1,1951.0,0,1,8,-1,A01,1,0,2,7,0,5,4,CAMUS,0.0,,2,2,0,1,1,1,0,1,60,child
201900048470,22,8,2019,0 days 08:30:00,1,49,49353,2,1,1,3,CAMUS,"47,4563200"," -0,5082700",1,4,1,1980.0,0,8,0,-1,A01,1,0,2,7,0,5,4,CAMUS,0.0,,2,2,0,1,1,1,0,1,60,adult
201900048554,22,8,2019,0 days 08:20:00,1,75,75113,2,2,1,3,RUE NATIONALE,"48,8216993","2,3693634",1,1,1,1959.0,1,1,0,-1,A01,1,0,2,8,1,5,4,RUE NATIONALE,0.0,,1,1,0,1,1,1,0,1,50,child
201900048554,22,8,2019,0 days 08:20:00,1,75,75113,2,2,1,3,RUE NATIONALE,"48,8216993","2,3693634",1,4,1,1981.0,0,2,0,-1,A01,1,0,2,8,1,5,4,RUE NATIONALE,0.0,,1,1,0,1,1,1,0,1,50,adult
201900048555,24,8,2019,0 days 08:50:00,1,75,75112,2,3,1,3,ROUTE DU PESAGE,"48,8206080","2,4453540",1,4,1,1937.0,5,2,0,-1,B01,3,0,2,1,1,5,4,ROUTE DU PESAGE,0.0,,2,2,0,1,1,1,0,1,50,child