Num_Acc,jour,mois,an,hrmn,lum,dep,com,agg,int,atm,col,adr,lat,long,catu,grav,sexe,an_nais,trajet,secu1,secu2,secu3,num_veh_y,senc,obs,obsm,choc,manv,motor,catr,voie,v1,v2,circ,nbv,vosp,prof,plan,surf,infra,situ,vma,age
201900048555,24,8,2019,0 days 08:50:00,1,75,75112,2,3,1,3,ROUTE DU PESAGE,"48,8206080","2,4453540",2,1,2,1989.0,4,1,0,-1,B01,3,0,2,1,1,5,4,ROUTE DU PESAGE,0.0,,2,2,0,1,1,1,0,1,50,adult
201900048555,24,8,2019,0 days 08:50:00,1,75,75112,2,3,1,3,ROUTE DU PESAGE,"48,8206080","2,4453540",1,1,2,1990.0,4,1,0,-1,B01,3,0,2,1,1,5,4,ROUTE DU PESAGE,0.0,,2,2,0,1,1,1,0,1,50,adult
201900048578,16,7,2019,0 days 07:50:00,1,33,33274,2,6,1,3,D214E9 Route de Bernin / rue du Hameau des Sources,"44,7181900"," -0,5395800",2,1,2,1968.0,9,1,-1,-1,B01,2,0,2,8,9,5,3,214E9,,E,2,2,0,1,2,1,5,1,30,child
201900048578,16,7,2019,0 days 07:50:00,1,33,33274,2,6,1,3,D214E9 Route de Bernin / rue du Hameau des Sources,"44,7181900"," -0,5395800",1,3,2,1990.0,1,0,-1,-1,B01,2,0,2,8,9,5,3,214E9,,E,2,2,0,1,2,1,5,1,30,adult
201900048578,16,7,2019,0 days 07:50:00,1,33,33274,2,6,1,3,D214E9 Route de Bernin / rue du Hameau des Sources,"44,7181900"," -0,5395800",1,1,2,1999.0,9,1,-1,-1,B01,2,0,2,8,9,5,3,214E9,,E,2,2,0,1,2,1,5,1,30,adult
201900048578,16,7,2019,0 days 07:50:00,1,33,33274,2,6,1,3,D214E9 Route de Bernin / rue du Hameau des Sources,"44,7181900"," -0,5395800",2,1,2,2018.0,0,2,3,-1,B01,2,0,2,8,9,5,3,214E9,,E,2,2,0,1,2,1,5,1,30,adult
201900048581,15,7,2019,0 days 21:45:00,1,22,22162,1,1,1,1,route romaine,"48,7654750"," -3,0583050",1,1,2,1980.0,5,1,-1,-1,B01,3,0,2,1,17,5,4,,,,2,2,0,1,1,1,0,1,70,child
201900048581,15,7,2019,0 days 21:45:00,1,22,22162,1,1,1,1,route romaine,"48,7654750"," -3,0583050",1,3,1,2007.0,5,0,-1,-1,B01,3,0,2,1,17,5,4,,,,2,2,0,1,1,1,0,1,70,adult
201900048583,16,7,2019,0 days 22:00:00,2,35,35236,2,1,1,2,Rue Chico Mendès,"47,6532070"," -2,0979910",1,4,1,1973.0,5,0,-1,-1,A01,1,0,2,4,2,5,3,65,,,2,2,0,2,1,1,0,1,50,child
201900048583,16,7,2019,0 days 22:00:00,2,35,35236,2,1,1,2,Rue Chico Mendès,"47,6532070"," -2,0979910",1,3,1,1996.0,1,2,6,-1,A01,1,0,2,4,2,5,3,65,,,2,2,0,2,1,1,0,1,50,adult
201900048637,14,7,2019,0 days 19:09:00,1,74,74013,1,1,1,6,GENEVE R.N 5 (ROUTE DE),"46,3553500","6,4473700",1,1,1,1940.0,5,1,0,-1,B01,1,12,0,0,25,5,4,GENEVE (ROUTE DE),0.0,,2,2,1,1,1,1,0,1,70,child
201900048637,14,7,2019,0 days 19:09:00,1,74,74013,1,1,1,6,GENEVE R.N 5 (ROUTE DE),"46,3553500","6,4473700",1,3,1,2004.0,5,2,0,-1,B01,1,12,0,0,25,5,4,GENEVE (ROUTE DE),0.0,,2,2,1,1,1,1,0,1,70,adult
201900048641,12,7,2019,0 days 14:15:00,1,67,67482,2,1,1,6,FAUBOURG DE SAVERNE (RUE DU),"48,5849230","7,7404760",3,1,1,1968.0,0,8,0,-1,A01,1,0,1,1,1,5,4,FAUBOURG DE SAVERNE (RUE DU),0.0,,3,2,1,1,1,1,0,1,50,child
201900048641,12,7,2019,0 days 14:15:00,1,67,67482,2,1,1,6,FAUBOURG DE SAVERNE (RUE DU),"48,5849230","7,7404760",1,4,2,1992.0,0,8,0,-1,A01,1,0,1,1,1,5,4,FAUBOURG DE SAVERNE (RUE DU),0.0,,3,2,1,1,1,1,0,1,50,adult
201900048667,13,7,2019,0 days 21:45:00,2,49,49007,2,1,1,2,FARCY PLACE,"47,4728100"," -0,5768500",1,1,1,1959.0,0,1,8,-1,B01,0,0,2,1,0,5,4,FARCY PLACE,0.0,,2,2,0,1,1,1,0,1,60,child
201900048667,13,7,2019,0 days 21:45:00,2,49,49007,2,1,1,2,FARCY PLACE,"47,4728100"," -0,5768500",1,4,1,1984.0,0,8,0,-1,B01,0,0,2,1,0,5,4,FARCY PLACE,0.0,,2,2,0,1,1,1,0,1,60,adult
201900048685,1,4,2019,0 days 05:18:00,5,92,92050,2,1,1,3,REPUBLIQUE AVENUE DE LA,"48,9056610","2,2102510",1,4,1,1940.0,0,8,0,-1,A01,2,0,2,1,25,5,3,986,0.0,,2,2,0,1,1,1,0,1,50,child
201900048685,1,4,2019,0 days 05:18:00,5,92,92050,2,1,1,3,REPUBLIQUE AVENUE DE LA,"48,9056610","2,2102510",1,1,2,1996.0,0,1,0,-1,A01,2,0,2,1,25,5,3,986,0.0,,2,2,0,1,1,1,0,1,50,adult
201900048703,31,3,2019,0 days 12:15:00,1,31,31053,1,1,1,3,Route de Gragnague,"43,6560190","1,5548000",1,1,1,1930.0,5,1,-1,-1,B01,2,0,2,8,2,5,3,77,,G,2,2,0,2,2,1,0,1,90,child
201900048703,31,3,2019,0 days 12:15:00,1,31,31053,1,1,1,3,Route de Gragnague,"43,6560190","1,5548000",1,3,1,1965.0,5,2,-1,-1,B01,2,0,2,8,2,5,3,77,,G,2,2,0,2,2,1,0,1,90,adult
201900048707,2,4,2019,0 days 06:50:00,3,10,10263,1,1,2,2,D660,"48,2703750","3,7816670",1,1,1,1968.0,1,1,-1,-1,B01,2,0,0,4,1,0,3,660,0.0,,2,2,0,2,1,2,0,1,80,child
201900048707,2,4,2019,0 days 06:50:00,3,10,10263,1,1,2,2,D660,"48,2703750","3,7816670",1,2,1,1994.0,1,0,-1,-1,B01,2,0,0,4,1,0,3,660,0.0,,2,2,0,2,1,2,0,1,80,adult
201900048709,22,3,2019,0 days 09:38:00,1,10,10349,1,1,1,2,départementale 60,"48,3163370","3,9706660",1,2,1,1973.0,5,2,-1,-1,B01,0,0,0,4,2,5,3,60,,,2,2,0,2,1,1,0,1,80,child
201900048709,22,3,2019,0 days 09:38:00,1,10,10349,1,1,1,2,départementale 60,"48,3163370","3,9706660",1,1,1,1999.0,5,8,-1,-1,B01,0,0,0,4,2,5,3,60,,,2,2,0,2,1,1,0,1,80,adult
201900048714,21,3,2019,0 days 17:20:00,1,974,97404,2,3,1,3,Rue Octave Bénard," -21,2675010","55,3346900",1,4,2,1950.0,5,2,-1,-1,A01,1,0,2,1,26,5,2,1,,A,2,2,2,1,2,1,0,5,50,child
201900048714,21,3,2019,0 days 17:20:00,1,974,97404,2,3,1,3,Rue Octave Bénard," -21,2675010","55,3346900",1,1,1,1974.0,5,1,-1,-1,A01,1,0,2,1,26,5,2,1,,A,2,2,2,1,2,1,0,5,50,adult
201900048749,21,3,2019,0 days 17:45:00,1,19,19289,1,1,1,1,Les Pouyges,"45,2042490","1,3910830",1,4,1,1945.0,5,1,-1,-1,A01,3,0,2,1,5,5,4,,,,3,2,0,1,1,1,0,1,80,child
201900048749,21,3,2019,0 days 17:45:00,1,19,19289,1,1,1,1,Les Pouyges,"45,2042490","1,3910830",1,4,1,1994.0,5,2,-1,-1,A01,3,0,2,1,5,5,4,,,,3,2,0,1,1,1,0,1,80,adult
201900048755,1,4,2019,0 days 18:15:00,1,82,82096,1,2,1,3,Route de Beaumont de Lomagne,"44,0276380","1,2059530",1,3,2,1940.0,5,0,-1,-1,B01,1,0,2,3,19,5,3,14,,,2,2,0,1,1,1,0,1,70,child
201900048755,1,4,2019,0 days 18:15:00,1,82,82096,1,2,1,3,Route de Beaumont de Lomagne,"44,0276380","1,2059530",1,1,2,1980.0,1,1,-1,-1,B01,1,0,2,3,19,5,3,14,,,2,2,0,1,1,1,0,1,70,adult
201900048773,10,7,2019,0 days 15:30:00,1,94,94080,2,2,1,1,FONTENAY (R DE),"48,8488900","2,4265000",1,4,1,1966.0,0,8,0,-1,B01,2,0,2,1,1,0,3,143,0.0,A,2,2,0,1,1,1,0,1,50,child
201900048773,10,7,2019,0 days 15:30:00,1,94,94080,2,2,1,1,FONTENAY (R DE),"48,8488900","2,4265000",2,1,2,1979.0,4,1,8,-1,B01,2,0,2,1,1,0,3,143,0.0,A,2,2,0,1,1,1,0,1,50,adult
201900048773,10,7,2019,0 days 15:30:00,1,94,94080,2,2,1,1,FONTENAY (R DE),"48,8488900","2,4265000",1,1,1,2002.0,4,1,8,-1,B01,2,0,2,1,1,0,3,143,0.0,A,2,2,0,1,1,1,0,1,50,adult
201900048779,10,7,2019,0 days 08:15:00,1,94,94068,2,1,1,3,BONNEUIL (QU DE),"48,7848700","2,4955300",1,4,1,1964.0,0,8,0,-1,A01,1,0,2,7,19,5,3,283,0.0,,2,2,0,1,1,1,5,1,50,child
201900048779,10,7,2019,0 days 08:15:00,1,94,94068,2,1,1,3,BONNEUIL (QU DE),"48,7848700","2,4955300",1,1,1,1995.0,0,1,0,-1,A01,1,0,2,7,19,5,3,283,0.0,,2,2,0,1,1,1,5,1,50,adult
201900048795,30,3,2019,0 days 11:50:00,1,38,38130,2,3,1,3,3 Avenue Camille Rocher,"45,3932170","5,2653400",1,1,2,1928.0,5,1,-1,-1,B01,3,0,2,1,9,5,3,71,0.0,D,2,2,0,1,1,1,0,1,50,child
201900048795,30,3,2019,0 days 11:50:00,1,38,38130,2,3,1,3,3 Avenue Camille Rocher,"45,3932170","5,2653400",1,4,1,1967.0,5,2,-1,-1,B01,3,0,2,1,9,5,3,71,0.0,D,2,2,0,1,1,1,0,1,50,adult
201900048850,16,7,2019,0 days 08:30:00,1,62,62297,2,3,1,2,Rue de la Meullemotte,"50,8047130","2,1473820",1,3,1,1944.0,5,2,-1,-1,B01,3,0,0,4,2,5,3,221E1,,,2,2,0,2,2,1,0,1,50,child
201900048850,16,7,2019,0 days 08:30:00,1,62,62297,2,3,1,2,Rue de la Meullemotte,"50,8047130","2,1473820",1,1,2,1971.0,4,1,-1,-1,B01,3,0,0,4,2,5,3,221E1,,,2,2,0,2,2,1,0,1,50,adult
201900048861,1,4,2019,0 days 14:10:00,1,13,13032,1,1,1,2,CD7 ROUTE DE PELSSANNE,"43,5683470","5,3539110",1,4,1,1949.0,5,2,-1,-1,B01,0,0,0,4,2,5,3,17,,,2,2,0,1,1,1,0,1,80,child
201900048861,1,4,2019,0 days 14:10:00,1,13,13032,1,1,1,2,CD7 ROUTE DE PELSSANNE,"43,5683470","5,3539110",1,1,1,1992.0,0,1,-1,-1,B01,0,0,0,4,2,5,3,17,,,2,2,0,1,1,1,0,1,80,adult
201900048895,1,4,2019,0 days 10:30:00,1,25,25097,1,1,1,2,Départementale 278,"47,5290150","6,8564840",1,3,1,1961.0,5,2,-1,-1,B01,1,0,2,8,1,5,3,278,0.0,,2,2,0,2,1,1,0,1,50,child
201900048895,1,4,2019,0 days 10:30:00,1,25,25097,1,1,1,2,Départementale 278,"47,5290150","6,8564840",1,1,1,1988.0,0,1,-1,-1,B01,1,0,2,8,1,5,3,278,0.0,,2,2,0,2,1,1,0,1,50,adult
201900048981,29,5,2019,0 days 16:10:00,1,56,56169,2,1,1,3,14 rue du général de Gaulle,"47,6979460"," -3,2528740",1,1,2,1971.0,3,8,-1,-1,B01,1,0,2,7,1,5,3,781,0.0,,2,2,0,1,1,1,0,1,50,child
201900048981,29,5,2019,0 days 16:10:00,1,56,56169,2,1,1,3,14 rue du général de Gaulle,"47,6979460"," -3,2528740",1,4,1,2003.0,5,2,9,-1,B01,1,0,2,7,1,5,3,781,0.0,,2,2,0,1,1,1,0,1,50,adult
201900048990,20,5,2019,0 days 08:30:00,2,56,56240,1,1,1,2,Rue de Banastère,"47,5193210"," -2,6614450",1,3,1,1953.0,5,2,-1,-1,B01,1,0,0,4,2,5,3,324,0.0,,2,2,0,1,3,1,9,1,80,child
201900048990,20,5,2019,0 days 08:30:00,2,56,56240,1,1,1,2,Rue de Banastère,"47,5193210"," -2,6614450",1,1,1,2000.0,5,1,-1,-1,B01,1,0,0,4,2,5,3,324,0.0,,2,2,0,1,3,1,9,1,80,adult
201900049009,20,5,2019,0 days 12:00:00,1,67,67281,2,3,1,3,Rue de l'Industrie,"48,1579480","7,5491750",1,1,2,1967.0,1,1,-1,-1,B01,3,0,2,1,19,5,4,,,,2,2,0,1,1,1,0,1,50,child
201900049009,20,5,2019,0 days 12:00:00,1,67,67281,2,3,1,3,Rue de l'Industrie,"48,1579480","7,5491750",1,4,1,2009.0,2,0,-1,-1,B01,3,0,2,1,19,5,4,,,,2,2,0,1,1,1,0,1,50,adult
201900049042,25,5,2019,0 days 12:30:00,1,80,80631,2,4,1,1,rue jean brun,"50,3068950","1,8937300",1,1,1,1978.0,0,1,-1,-1,A01,1,0,2,1,5,-1,4,0,0.0,,-1,2,0,1,1,1,0,1,50,child
201900049042,25,5,2019,0 days 12:30:00,1,80,80631,2,4,1,1,rue jean brun,"50,3068950","1,8937300",1,4,1,2004.0,5,0,-1,-1,A01,1,0,2,1,5,-1,4,0,0.0,,-1,2,0,1,1,1,0,1,50,adult
201900049169,5,12,2019,0 days 18:00:00,5,69,69382,2,2,5,3,SEGUIN                              (R ),"45,7459900","4,8227600",1,1,1,1973.0,1,1,0,-1,B01,2,0,2,1,5,6,4,SEGUIN                              (R ),0.0,,2,2,1,1,1,1,0,1,50,child
201900049169,5,12,2019,0 days 18:00:00,5,69,69382,2,2,5,3,SEGUIN                              (R ),"45,7459900","4,8227600",1,4,1,1999.0,4,8,0,-1,B01,2,0,2,1,5,6,4,SEGUIN                              (R ),0.0,,2,2,1,1,1,1,0,1,50,adult
201900049204,6,12,2019,0 days 18:45:00,5,64,64284,2,1,1,3,GASTON CAMBOT,"43,2921861"," -0,3963604",1,1,1,1957.0,5,1,0,-1,B01,1,0,2,1,1,5,4,GASTON CAMBOT,0.0,,2,0,0,1,1,1,0,1,50,child
201900049204,6,12,2019,0 days 18:45:00,5,64,64284,2,1,1,3,GASTON CAMBOT,"43,2921861"," -0,3963604",1,4,1,2004.0,5,8,0,-1,B01,1,0,2,1,1,5,4,GASTON CAMBOT,0.0,,2,0,0,1,1,1,0,1,50,adult
201900049206,6,12,2019,0 days 17:10:00,1,64,64445,2,1,1,1,ALFRED NOBEL,"43,3100225"," -0,3260015",1,1,1,1955.0,9,1,8,-1,B01,1,0,2,1,1,5,4,ALFRED NOBEL,0.0,,2,2,2,1,1,1,0,1,50,child
201900049206,6,12,2019,0 days 17:10:00,1,64,64445,2,1,1,1,ALFRED NOBEL,"43,3100225"," -0,3260015",1,4,1,2004.0,9,8,0,-1,B01,1,0,2,1,1,5,4,ALFRED NOBEL,0.0,,2,2,2,1,1,1,0,1,50,adult
201900049226,5,12,2019,0 days 07:01:00,5,49,49007,2,1,5,3,BAUMETTE PROMENADE,"47,4618300"," -0,5669900",1,1,1,1948.0,0,1,8,-1,B01,1,0,2,0,0,5,4,BAUMETTE PROMENADE,0.0,,2,2,0,1,1,1,0,1,60,child
201900049226,5,12,2019,0 days 07:01:00,5,49,49007,2,1,5,3,BAUMETTE PROMENADE,"47,4618300"," -0,5669900",1,4,1,2003.0,0,8,0,-1,B01,1,0,2,0,0,5,4,BAUMETTE PROMENADE,0.0,,2,2,0,1,1,1,0,1,60,adult
201900049241,6,12,2019,0 days 12:23:00,1,31,31555,2,2,1,3,BD LAZARE CARNOT,"43,6044500","1,4502700",1,4,2,1968.0,9,2,8,-1,B01,2,0,2,1,19,5,4,,0.0,,2,4,0,1,1,1,0,1,50,child
201900049241,6,12,2019,0 days 12:23:00,1,31,31555,2,2,1,3,BD LAZARE CARNOT,"43,6044500","1,4502700",1,1,1,1991.0,4,1,8,-1,B01,2,0,2,1,19,5,4,,0.0,,2,4,0,1,1,1,0,1,50,adult
201900049333,16,6,2019,0 days 10:55:00,1,54,54469,1,4,7,3,RD135,"49,1756900","5,9982200",1,1,1,1940.0,5,1,8,-1,B01,1,0,2,1,1,5,3,135,0.0,,2,2,0,1,1,1,0,1,80,child
201900049333,16,6,2019,0 days 10:55:00,1,54,54469,1,4,7,3,RD135,"49,1756900","5,9982200",1,3,1,1970.0,5,2,8,-1,B01,1,0,2,1,1,5,3,135,0.0,,2,2,0,1,1,1,0,1,80,adult
201900049366,5,6,2019,0 days 15:15:00,1,50,50602,2,2,1,3,GAMBETTA (RUE),"49,6414900"," -1,5800700",1,1,1,1948.0,5,1,0,-1,A01,0,0,2,8,19,5,4,GAMBETTA (RUE),0.0,,2,2,0,1,1,1,5,3,50,child
201900049366,5,6,2019,0 days 15:15:00,1,50,50602,2,2,1,3,GAMBETTA (RUE),"49,6414900"," -1,5800700",1,4,1,2006.0,5,8,0,-1,A01,0,0,2,8,19,5,4,GAMBETTA (RUE),0.0,,2,2,0,1,1,1,5,3,50,adult
201900049396,31,5,2019,0 days 20:28:00,1,49,49007,2,2,1,6,BRISSAC,"47,4654020"," -0,5503600",1,3,2,1957.0,0,8,0,-1,A01,1,0,2,1,19,5,4,BRISSAC,0.0,,2,2,2,1,1,1,0,1,30,child
201900049396,31,5,2019,0 days 20:28:00,1,49,49007,2,2,1,6,BRISSAC,"47,4654020"," -0,5503600",1,1,1,1992.0,5,1,0,-1,A01,1,0,2,1,19,5,4,BRISSAC,0.0,,2,2,2,1,1,1,0,1,30,adult
201900049396,31,5,2019,0 days 20:28:00,1,49,49007,2,2,1,6,BRISSAC,"47,4654020"," -0,5503600",2,1,1,2002.0,5,1,0,-1,A01,1,0,2,1,19,5,4,BRISSAC,0.0,,2,2,2,1,1,1,0,1,30,adult
201900049410,14,6,2019,0 days 15:45:00,1,45,45147,2,2,1,3,R DE VERDUN - R JEAN JAURES,"47,9347298","1,9090564",1,4,2,1953.0,9,8,0,-1,B01,0,0,2,1,0,0,4,RUE DE VERDUN,0.0,,2,2,1,1,1,1,0,1,50,child
201900049410,14,6,2019,0 days 15:45:00,1,45,45147,2,2,1,3,R DE VERDUN - R JEAN JAURES,"47,9347298","1,9090564",1,1,1,1986.0,9,1,0,-1,B01,0,0,2,1,0,0,4,RUE DE VERDUN,0.0,,2,2,1,1,1,1,0,1,50,adult
201900049453,16,6,2019,0 days 09:54:00,1,42,42170,1,3,1,3,R.D 504,"46,0388100","4,1110300",1,1,1,1943.0,5,1,8,-1,A01,3,0,2,1,26,5,3,504,0.0,,2,2,0,4,1,1,0,1,50,child
201900049453,16,6,2019,0 days 09:54:00,1,42,42170,1,3,1,3,R.D 504,"46,0388100","4,1110300",1,3,1,1981.0,5,2,8,-1,A01,3,0,2,1,26,5,3,504,0.0,,2,2,0,4,1,1,0,1,50,adult
201900049479,18,6,2019,0 days 09:59:00,1,37,37261,2,1,1,3,HEURTELOUP (BOULEVARD),"47,3930000","0,7020000",1,1,2,1931.0,9,1,0,-1,B01,3,0,2,8,19,5,4,HEURTELOUP (BOULEVARD),0.0,,3,2,0,1,1,1,0,1,50,child
201900049479,18,6,2019,0 days 09:59:00,1,37,37261,2,1,1,3,HEURTELOUP (BOULEVARD),"47,3930000","0,7020000",1,4,1,2006.0,2,8,0,-1,B01,3,0,2,8,19,5,4,HEURTELOUP (BOULEVARD),0.0,,3,2,0,1,1,1,0,1,50,adult
201900049492,21,2,2019,0 days 16:45:00,1,71,71514,1,1,1,3,lieu-dit condé,"46,7318480","5,2777420",1,3,1,1939.0,5,4,-1,-1,A01,1,0,2,8,10,5,3,87,,,2,2,0,2,2,1,0,1,80,child
201900049492,21,2,2019,0 days 16:45:00,1,71,71514,1,1,1,3,lieu-dit condé,"46,7318480","5,2777420",1,1,1,1962.0,5,2,-1,-1,A01,1,0,2,8,10,5,3,87,,,2,2,0,2,2,1,0,1,80,adult
201900049492,21,2,2019,0 days 16:45:00,1,71,71514,1,1,1,3,lieu-dit condé,"46,7318480","5,2777420",2,1,2,1964.0,5,2,-1,-1,A01,1,0,2,8,10,5,3,87,,,2,2,0,2,2,1,0,1,80,adult
201900049531,23,2,2019,0 days 15:10:00,1,73,73270,2,2,1,3,D911 Av de L'arclusaz,"45,5616819","6,1542868",1,1,2,1947.0,5,1,-1,-1,B01,1,0,2,2,1,5,3,911,,,2,2,0,2,1,1,5,1,70,child
201900049531,23,2,2019,0 days 15:10:00,1,73,73270,2,2,1,3,D911 Av de L'arclusaz,"45,5616819","6,1542868",1,3,1,1973.0,5,2,-1,-1,B01,1,0,2,2,1,5,3,911,,,2,2,0,2,1,1,5,1,70,adult
201900049535,23,2,2019,0 days 10:05:00,1,7,07260,1,1,1,2,D2,"44,6930400","4,7109170",1,1,1,1933.0,0,8,-1,-1,B01,2,0,0,6,2,5,3,2,0.0,,2,2,0,1,3,1,0,1,80,child
201900049535,23,2,2019,0 days 10:05:00,1,7,07260,1,1,1,2,D2,"44,6930400","4,7109170",1,3,2,1982.0,5,0,-1,-1,B01,2,0,0,6,2,5,3,2,0.0,,2,2,0,1,3,1,0,1,80,adult
201900049561,20,2,2019,0 days 16:50:00,1,971,97103,1,3,1,3,CASTELBON,"16,2419030"," -61,6218470",1,1,1,1974.0,1,1,-1,-1,A01,3,0,2,3,15,6,4,,,,2,2,0,4,3,1,0,1,70,child
201900049561,20,2,2019,0 days 16:50:00,1,971,97103,1,3,1,3,CASTELBON,"16,2419030"," -61,6218470",1,3,1,2004.0,5,0,-1,-1,A01,3,0,2,3,15,6,4,,,,2,2,0,4,3,1,0,1,70,adult
201900049565,22,2,2019,0 days 17:30:00,1,974,97403,2,1,1,6,rue hubert delisle," -21,2495630","55,4707640",3,2,1,1935.0,5,0,-1,-1,A01,1,0,1,1,1,5,9,,,,2,2,0,1,2,2,0,1,30,child
201900049565,22,2,2019,0 days 17:30:00,1,974,97403,2,1,1,6,rue hubert delisle," -21,2495630","55,4707640",1,1,1,2002.0,5,0,-1,-1,A01,1,0,1,1,1,5,9,,,,2,2,0,1,2,2,0,1,30,adult
201900049657,20,2,2019,0 days 07:00:00,2,69,69388,2,1,1,6,FRERES LUMIERE (DES)                (AV),"45,7446500","4,8679000",1,1,1,1967.0,1,8,0,-1,B01,1,1,0,0,0,0,4,FRERES LUMIERE (DES)                (AV),0.0,,2,3,1,1,1,1,0,1,50,child
201900049657,20,2,2019,0 days 07:00:00,2,69,69388,2,1,1,6,FRERES LUMIERE (DES)                (AV),"45,7446500","4,8679000",1,4,2,1990.0,1,2,8,-1,B01,1,1,0,0,0,0,4,FRERES LUMIERE (DES)                (AV),0.0,,2,3,1,1,1,1,0,1,50,adult
201900049670,3,11,2019,0 days 08:40:00,1,34,34202,2,9,2,3,Route de Saussan,"43,5801140","3,7675690",1,4,1,1942.0,5,2,-1,-1,B01,3,0,2,8,19,5,4,27,,D,2,2,0,1,3,2,5,1,50,child
201900049670,3,11,2019,0 days 08:40:00,1,34,34202,2,9,2,3,Route de Saussan,"43,5801140","3,7675690",1,1,1,1980.0,3,1,-1,-1,B01,3,0,2,8,19,5,4,27,,D,2,2,0,1,3,2,5,1,50,adult
201900049736,16,10,2019,0 days 10:13:00,1,67,67482,2,1,1,1,SCHWEIGHAEUSER (RUE),"48,5878400","7,7681400",1,1,1,1965.0,0,1,8,-1,B01,2,0,2,1,1,5,4,SCHWEIGHAEUSER (RUE),0.0,,1,2,0,1,1,1,0,1,50,child
201900049736,16,10,2019,0 days 10:13:00,1,67,67482,2,1,1,1,SCHWEIGHAEUSER (RUE),"48,5878400","7,7681400",1,4,1,2002.0,2,8,0,-1,B01,2,0,2,1,1,5,4,SCHWEIGHAEUSER (RUE),0.0,,1,2,0,1,1,1,0,1,50,adult
201900049742,29,10,2019,0 days 16:45:00,1,62,62555,2,1,1,3,GAMBETTA (RUE LEON ),"50,4999710","2,4959140",1,1,1,1978.0,4,1,0,-1,B01,1,0,2,4,19,5,4,GAMBETTA (RUE LEON ),0.0,,3,1,0,1,1,1,0,1,50,child
201900049742,29,10,2019,0 days 16:45:00,1,62,62555,2,1,1,3,GAMBETTA (RUE LEON ),"50,4999710","2,4959140",1,3,1,2005.0,5,8,0,-1,B01,1,0,2,4,19,5,4,GAMBETTA (RUE LEON ),0.0,,3,1,0,1,1,1,0,1,50,adult
201900049748,27,10,2019,0 days 19:30:00,2,49,49007,2,1,2,3,TALET AVENUE,"47,4762800"," -0,5477200",1,1,1,1956.0,0,1,8,-1,B01,1,0,2,0,0,5,4,TALET AVENUE,0.0,,2,2,0,1,1,1,0,1,60,child
201900049748,27,10,2019,0 days 19:30:00,2,49,49007,2,1,2,3,TALET AVENUE,"47,4762800"," -0,5477200",1,4,1,2000.0,0,8,0,-1,B01,1,0,2,0,0,5,4,TALET AVENUE,0.0,,2,2,0,1,1,1,0,1,60,adult
201900049763,28,10,2019,0 days 18:10:00,5,10,10081,2,1,1,3,DOUANE (RUE),"48,3218000","4,0374100",1,1,2,1963.0,0,1,8,-1,B01,1,0,2,8,1,5,4,DOUANE (RUE),0.0,,-1,1,0,1,1,1,0,1,50,child
201900049763,28,10,2019,0 days 18:10:00,5,10,10081,2,1,1,3,DOUANE (RUE),"48,3218000","4,0374100",1,4,1,1997.0,0,8,0,-1,B01,1,0,2,8,1,5,4,DOUANE (RUE),0.0,,-1,1,0,1,1,1,0,1,50,adult
201900049773,29,10,2019,0 days 09:05:00,1,75,75118,2,3,2,3,RUE MARX DORMOY,"48,8868708","2,3596372",1,1,1,1970.0,4,1,0,-1,B01,1,0,2,8,9,5,4,RUE MARX DORMOY,0.0,,2,4,0,1,1,2,5,1,50,child
201900049773,29,10,2019,0 days 09:05:00,1,75,75118,2,3,2,3,RUE MARX DORMOY,"48,8868708","2,3596372",1,4,1,2005.0,5,8,0,-1,B01,1,0,2,8,9,5,4,RUE MARX DORMOY,0.0,,2,4,0,1,1,2,5,1,50,adult
201900049807,30,10,2019,0 days 16:00:00,1,59,59478,2,1,1,3,125 Faubourg de Cassel,"50,9594650","2,4336500",1,1,1,1982.0,4,1,-1,-1,A01,1,0,2,8,25,5,3,916,,,2,2,0,1,1,1,9,1,50,child
201900049807,30,10,2019,0 days 16:00:00,1,59,59478,2,1,1,3,125 Faubourg de Cassel,"50,9594650","2,4336500",1,3,1,2007.0,5,0,-1,-1,A01,1,0,2,8,25,5,3,916,,,2,2,0,1,1,1,9,1,50,adult
201900049849,28,10,2019,0 days 11:15:00,1,35,35352,2,3,3,2,8 Rue de Châteaubriant,"48,0453090"," -1,6016740",1,4,2,1965.0,3,0,-1,-1,A01,3,0,2,4,15,5,4,,,,2,2,0,2,1,2,0,1,30,child
201900049849,28,10,2019,0 days 11:15:00,1,35,35352,2,3,3,2,8 Rue de Châteaubriant,"48,0453090"," -1,6016740",1,1,1,2002.0,1,2,6,-1,A01,3,0,2,4,15,5,4,,,,2,2,0,2,1,2,0,1,30,adult
201900049981,12,1,2019,0 days 14:40:00,1,4,04166,2,3,1,3,Av de Verdun / RD 953,"43,8185980","6,0905560",1,1,1,1943.0,5,1,-1,-1,A01,3,0,2,1,9,5,3,953,,,2,2,0,1,3,1,0,1,50,child
201900049981,12,1,2019,0 days 14:40:00,1,4,04166,2,3,1,3,Av de Verdun / RD 953,"43,8185980","6,0905560",1,4,1,1996.0,5,0,-1,-1,A01,3,0,2,1,9,5,3,953,,,2,2,0,1,3,1,0,1,50,adult