Num_Acc,jour,mois,an,hrmn,lum,dep,com,agg,int,atm,col,adr,lat,long,catu,grav,sexe,an_nais,trajet,secu1,secu2,secu3,num_veh_y,senc,obs,obsm,choc,manv,motor,catr,voie,v1,v2,circ,nbv,vosp,prof,plan,surf,infra,situ,vma,age
201900050096,24,9,2019,0 days 17:02:00,1,94,94019,2,2,1,3,PONT (R DU),"48,7922500","2,5259900",1,1,1,1968.0,5,1,0,-1,B01,1,0,2,4,9,0,4,GARE (AV DE LA),0.0,,2,2,0,2,1,1,0,1,50,child
201900050096,24,9,2019,0 days 17:02:00,1,94,94019,2,2,1,3,PONT (R DU),"48,7922500","2,5259900",1,4,1,1992.0,1,8,0,-1,B01,1,0,2,4,9,0,4,GARE (AV DE LA),0.0,,2,2,0,2,1,1,0,1,50,adult
201900050101,19,9,2019,0 days 07:00:00,1,974,97407,2,1,1,3,LISZT FRANTZ(RUELLE)," -20,9599000","55,3204000",1,1,1,1958.0,9,1,8,-1,A01,1,0,2,2,9,0,4,LISZT FRANTZ(RUELLE),0.0,,-1,1,0,1,1,1,0,-1,50,child
201900050101,19,9,2019,0 days 07:00:00,1,974,97407,2,1,1,3,LISZT FRANTZ(RUELLE)," -20,9599000","55,3204000",1,4,1,2008.0,2,8,0,-1,A01,1,0,2,2,9,0,4,LISZT FRANTZ(RUELLE),0.0,,-1,1,0,1,1,1,0,-1,50,adult
201900050126,25,9,2019,0 days 07:45:00,1,67,67482,2,1,1,3,ROME (RUE DE),"48,5773620","7,7665400",1,1,1,1966.0,1,1,8,-1,B01,1,0,2,8,1,0,4,ROME (RUE DE),0.0,,2,2,0,1,1,2,0,1,50,child
201900050126,25,9,2019,0 days 07:45:00,1,67,67482,2,1,1,3,ROME (RUE DE),"48,5773620","7,7665400",1,3,2,1998.0,2,8,0,-1,B01,1,0,2,8,1,0,4,ROME (RUE DE),0.0,,2,2,0,1,1,2,0,1,50,adult
201900050126,25,9,2019,0 days 07:45:00,1,67,67482,2,1,1,3,ROME (RUE DE),"48,5773620","7,7665400",2,1,1,2002.0,2,1,8,-1,B01,1,0,2,8,1,0,4,ROME (RUE DE),0.0,,2,2,0,1,1,2,0,1,50,adult
201900050177,25,9,2019,0 days 14:25:00,1,75,75119,2,4,1,6,PLACE AUGUSTE BARON,"48,9008494","2,3889440",3,4,2,1950.0,5,0,-1,-1,A01,1,0,1,8,1,5,4,PLACE AUGUSTE BARON,0.0,,1,3,1,1,1,1,0,5,30,child
201900050177,25,9,2019,0 days 14:25:00,1,75,75119,2,4,1,6,PLACE AUGUSTE BARON,"48,9008494","2,3889440",1,1,1,1999.0,4,8,2,-1,A01,1,0,1,8,1,5,4,PLACE AUGUSTE BARON,0.0,,1,3,1,1,1,1,0,5,30,adult
201900050191,24,9,2019,0 days 08:50:00,1,75,75109,2,3,8,3,BOULEVARD HAUSSMANN,"48,8721277","2,3391918",1,1,1,1970.0,0,2,8,-1,B01,1,0,2,6,1,5,4,BOULEVARD HAUSSMANN,0.0,,1,2,0,1,1,1,0,1,50,child
201900050191,24,9,2019,0 days 08:50:00,1,75,75109,2,3,8,3,BOULEVARD HAUSSMANN,"48,8721277","2,3391918",2,1,2,1991.0,9,2,6,-1,B01,1,0,2,6,1,5,4,BOULEVARD HAUSSMANN,0.0,,1,2,0,1,1,1,0,1,50,adult
201900050191,24,9,2019,0 days 08:50:00,1,75,75109,2,3,8,3,BOULEVARD HAUSSMANN,"48,8721277","2,3391918",1,4,1,1995.0,0,2,6,-1,B01,1,0,2,6,1,5,4,BOULEVARD HAUSSMANN,0.0,,1,2,0,1,1,1,0,1,50,adult
201900050213,25,9,2019,0 days 20:05:00,3,86,86165,1,1,2,2,Avenue Fernand Tribot,"46,4196280","0,8764400",1,1,1,1947.0,0,8,-1,-1,B01,2,0,0,8,2,5,3,54,0.0,,2,2,0,1,1,2,0,1,80,child
201900050213,25,9,2019,0 days 20:05:00,3,86,86165,1,1,2,2,Avenue Fernand Tribot,"46,4196280","0,8764400",1,3,1,1977.0,1,8,-1,-1,B01,2,0,0,8,2,5,3,54,0.0,,2,2,0,1,1,2,0,1,80,adult
201900050268,23,8,2019,0 days 17:05:00,1,17,17425,1,1,1,3,Voie longeant la RD 730,"45,6044370"," -0,9114830",1,3,1,1951.0,5,0,-1,-1,A01,1,0,2,8,19,5,4,,0.0,,2,4,0,1,1,1,6,1,70,child
201900050268,23,8,2019,0 days 17:05:00,1,17,17425,1,1,1,3,Voie longeant la RD 730,"45,6044370"," -0,9114830",1,1,1,1985.0,5,1,-1,-1,A01,1,0,2,8,19,5,4,,0.0,,2,4,0,1,1,1,6,1,70,adult
201900050282,22,8,2019,0 days 17:00:00,1,83,83048,2,1,1,3,Rue du Train des Pignes,"43,2062180","6,5664660",1,1,2,1943.0,5,1,-1,-1,B01,0,0,2,1,1,5,4,,,,2,2,0,1,1,1,0,1,50,child
201900050282,22,8,2019,0 days 17:00:00,1,83,83048,2,1,1,3,Rue du Train des Pignes,"43,2062180","6,5664660",1,3,1,1969.0,1,0,-1,-1,B01,0,0,2,1,1,5,4,,,,2,2,0,1,1,1,0,1,50,adult
201900050294,23,8,2019,0 days 16:10:00,1,57,57097,2,2,1,6,Rue Robert Schumann,"49,1845870","6,4930330",1,1,1,1935.0,3,1,-1,-1,B01,1,0,2,8,19,5,4,4,2.0,B,2,2,0,1,1,1,0,1,50,child
201900050294,23,8,2019,0 days 16:10:00,1,57,57097,2,2,1,6,Rue Robert Schumann,"49,1845870","6,4930330",1,3,1,2003.0,5,0,-1,-1,B01,1,0,2,8,19,5,4,4,2.0,B,2,2,0,1,1,1,0,1,50,adult
201900050326,22,8,2019,0 days 10:25:00,1,49,49238,2,1,1,4,Route de Blitourne,"47,5252580"," -0,4349700",1,3,1,1945.0,5,2,-1,-1,C01,1,0,9,7,2,5,3,113,0.0,,2,2,0,1,1,1,9,1,50,child
201900050326,22,8,2019,0 days 10:25:00,1,49,49238,2,1,1,4,Route de Blitourne,"47,5252580"," -0,4349700",1,3,1,1949.0,5,2,-1,-1,C01,1,0,9,7,2,5,3,113,0.0,,2,2,0,1,1,1,9,1,50,adult
201900050326,22,8,2019,0 days 10:25:00,1,49,49238,2,1,1,4,Route de Blitourne,"47,5252580"," -0,4349700",1,1,1,1966.0,5,2,-1,-1,C01,1,0,9,7,2,5,3,113,0.0,,2,2,0,1,1,1,9,1,50,adult
201900050330,24,8,2019,0 days 11:50:00,1,68,68126,1,3,1,3,Rue de Bourgfelden,"47,5656520","7,5342300",1,3,2,1945.0,5,0,-1,-1,B01,2,0,2,2,1,5,3,469,,,2,2,0,1,1,1,0,1,80,child
201900050330,24,8,2019,0 days 11:50:00,1,68,68126,1,3,1,3,Rue de Bourgfelden,"47,5656520","7,5342300",1,1,1,1975.0,5,1,-1,-1,B01,2,0,2,2,1,5,3,469,,,2,2,0,1,1,1,0,1,80,adult
201900050336,24,8,2019,0 days 18:42:00,1,25,25111,1,6,7,3,Rond point D683,"47,2715200","6,0847840",1,3,2,1969.0,5,4,-1,-1,B01,2,0,0,4,2,5,3,683,0.0,,1,1,0,1,2,1,5,1,-1,child
201900050336,24,8,2019,0 days 18:42:00,1,25,25111,1,6,7,3,Rond point D683,"47,2715200","6,0847840",1,1,2,1997.0,5,1,-1,-1,B01,2,0,0,4,2,5,3,683,0.0,,1,1,0,1,2,1,5,1,-1,adult
201900050398,23,8,2019,0 days 18:05:00,1,68,68118,2,1,1,3,76 Rue du Général de Gaulle,"47,7300350","7,4165110",1,4,1,1949.0,3,8,-1,-1,B01,1,0,0,3,1,5,3,201,,,2,2,0,1,1,1,0,1,30,child
201900050398,23,8,2019,0 days 18:05:00,1,68,68118,2,1,1,3,76 Rue du Général de Gaulle,"47,7300350","7,4165110",1,1,1,1996.0,4,8,-1,-1,B01,1,0,0,3,1,5,3,201,,,2,2,0,1,1,1,0,1,30,adult
201900050453,31,3,2019,0 days 18:25:00,1,75,75107,2,2,1,3,RUE DU BAC,"48,8517100","2,3235220",1,4,1,1943.0,5,2,0,-1,B01,1,0,2,8,1,5,4,RUE DU BAC,0.0,,1,1,0,1,1,1,0,1,30,child
201900050453,31,3,2019,0 days 18:25:00,1,75,75107,2,2,1,3,RUE DU BAC,"48,8517100","2,3235220",1,1,1,1973.0,5,1,0,-1,B01,1,0,2,8,1,5,4,RUE DU BAC,0.0,,1,1,0,1,1,1,0,1,30,adult
201900050455,30,3,2019,0 days 08:45:00,1,75,75101,2,3,1,3,RUE DE TURBIGO,"48,8632830","2,3463230",1,1,1,1900.0,0,2,6,-1,B01,2,0,2,0,1,5,4,RUE DE TURBIGO,0.0,,1,1,2,1,1,1,0,5,30,child
201900050455,30,3,2019,0 days 08:45:00,1,75,75101,2,3,1,3,RUE DE TURBIGO,"48,8632830","2,3463230",1,4,2,1993.0,1,2,0,-1,B01,2,0,2,0,1,5,4,RUE DE TURBIGO,0.0,,1,1,2,1,1,1,0,5,30,adult
201900050467,16,7,2019,0 days 11:45:00,1,48,48003,2,3,1,1,Le Couderc,"44,5395790","3,6582630",2,1,2,1945.0,5,1,-1,-1,A01,3,0,2,1,16,5,4,1,,,2,2,0,2,1,1,0,1,50,child
201900050467,16,7,2019,0 days 11:45:00,1,48,48003,2,3,1,1,Le Couderc,"44,5395790","3,6582630",1,1,1,1946.0,5,1,-1,-1,A01,3,0,2,1,16,5,4,1,,,2,2,0,2,1,1,0,1,50,adult
201900050467,16,7,2019,0 days 11:45:00,1,48,48003,2,3,1,1,Le Couderc,"44,5395790","3,6582630",1,4,1,2005.0,5,2,-1,-1,A01,3,0,2,1,16,5,4,1,,,2,2,0,2,1,1,0,1,50,adult
201900050529,29,3,2019,0 days 08:35:00,1,988,98818,2,2,1,6,RUE VERDUN/RUE DU G. MANGIN," -22,2726200","166,4403000",3,4,2,1944.0,0,8,0,-1,A01,3,0,1,8,5,5,4,617,0.0,,1,1,0,1,1,1,0,1,50,child
201900050529,29,3,2019,0 days 08:35:00,1,988,98818,2,2,1,6,RUE VERDUN/RUE DU G. MANGIN," -22,2726200","166,4403000",1,1,1,1968.0,0,8,0,-1,A01,3,0,1,8,5,5,4,617,0.0,,1,1,0,1,1,1,0,1,50,adult
201900050626,14,7,2019,0 days 12:10:00,1,22,22021,1,1,1,2,Rue de Dinan,"48,3925740"," -2,1266970",1,1,1,1937.0,0,1,-1,-1,B01,2,0,0,4,2,5,3,793,,,2,2,0,1,1,1,0,1,80,child
201900050626,14,7,2019,0 days 12:10:00,1,22,22021,1,1,1,2,Rue de Dinan,"48,3925740"," -2,1266970",1,3,1,1968.0,5,2,-1,-1,B01,2,0,0,4,2,5,3,793,,,2,2,0,1,1,1,0,1,80,adult
201900050630,17,6,2019,0 days 13:16:00,1,84,84069,1,1,1,3,Rocher du Portail St Jean,"44,1607070","5,1468720",1,1,1,1942.0,5,1,-1,-1,A01,1,0,2,3,13,5,3,974,0.0,D,2,2,0,2,3,1,0,1,70,child
201900050630,17,6,2019,0 days 13:16:00,1,84,84069,1,1,1,3,Rocher du Portail St Jean,"44,1607070","5,1468720",1,3,1,1973.0,0,2,-1,-1,A01,1,0,2,3,13,5,3,974,0.0,D,2,2,0,2,3,1,0,1,70,adult
201900050637,29,3,2019,0 days 07:35:00,1,78,78686,2,2,1,3,GENERAL LECLERC (AVENUE DU),"48,8030100","2,1658500",1,1,1,1948.0,0,1,0,-1,B01,3,0,2,8,1,5,3,10,0.0,,2,2,0,1,1,1,5,1,50,child
201900050637,29,3,2019,0 days 07:35:00,1,78,78686,2,2,1,3,GENERAL LECLERC (AVENUE DU),"48,8030100","2,1658500",1,3,1,2004.0,2,8,0,-1,B01,3,0,2,8,1,5,3,10,0.0,,2,2,0,1,1,1,5,1,50,adult
201900050650,13,7,2019,0 days 11:25:00,1,11,11020,1,1,1,1,D 613,"42,9559440","2,4941390",1,4,1,1961.0,5,2,-1,-1,B01,1,0,0,1,1,5,3,613,,,2,2,0,2,3,1,0,1,80,child
201900050650,13,7,2019,0 days 11:25:00,1,11,11020,1,1,1,1,D 613,"42,9559440","2,4941390",1,4,1,1990.0,5,2,6,-1,B01,1,0,0,1,1,5,3,613,,,2,2,0,2,3,1,0,1,80,adult
201900050663,15,7,2019,0 days 15:25:00,1,68,68082,2,3,1,3,RD 2,"47,8650320","7,3453160",1,4,1,1960.0,0,0,-1,-1,A01,1,0,0,3,19,5,3,2,0.0,,2,2,1,1,1,1,5,1,50,child
201900050663,15,7,2019,0 days 15:25:00,1,68,68082,2,3,1,3,RD 2,"47,8650320","7,3453160",1,1,2,1996.0,5,1,-1,-1,A01,1,0,0,3,19,5,3,2,0.0,,2,2,1,1,1,1,5,1,50,adult
201900050670,24,3,2019,0 days 20:59:00,5,76,76217,2,1,1,1,CANADIENS (AVENUE DES)  RN27,"49,9083800","1,0760500",1,3,1,1942.0,5,2,8,-1,B01,2,0,2,4,0,6,2,27,0.0,,3,4,0,2,1,1,0,1,50,child
201900050670,24,3,2019,0 days 20:59:00,5,76,76217,2,1,1,1,CANADIENS (AVENUE DES)  RN27,"49,9083800","1,0760500",1,1,1,1968.0,5,8,8,-1,B01,2,0,2,4,0,6,2,27,0.0,,3,4,0,2,1,1,0,1,50,adult
201900050696,27,3,2019,0 days 16:25:00,1,67,67482,2,1,1,6,HOCHFELDEN (RUE DE),"48,6013700","7,7234000",1,1,1,1956.0,4,1,8,-1,A01,1,0,2,1,19,5,4,HOCHFELDEN (RUE DE),0.0,,2,3,3,1,1,1,0,1,50,child
201900050696,27,3,2019,0 days 16:25:00,1,67,67482,2,1,1,6,HOCHFELDEN (RUE DE),"48,6013700","7,7234000",1,4,1,2005.0,2,8,0,-1,A01,1,0,2,1,19,5,4,HOCHFELDEN (RUE DE),0.0,,2,3,3,1,1,1,0,1,50,adult
201900050701,27,3,2019,0 days 11:20:00,1,67,67267,2,1,1,6,MARECHAL FOCH (RUE DU),"48,5589400","7,6880400",1,4,2,1949.0,5,8,0,-1,B01,1,1,0,1,1,5,4,MARECHAL FOCH (RUE DU),0.0,,2,2,0,1,1,1,0,1,50,child
201900050701,27,3,2019,0 days 11:20:00,1,67,67267,2,1,1,6,MARECHAL FOCH (RUE DU),"48,5589400","7,6880400",1,1,1,1996.0,5,8,0,-1,B01,1,1,0,1,1,5,4,MARECHAL FOCH (RUE DU),0.0,,2,2,0,1,1,1,0,1,50,adult
201900050721,29,3,2019,0 days 06:15:00,2,64,64445,2,1,1,1,CHANOINE LABORDE DU,"43,3035400"," -0,3604100",1,1,1,1975.0,1,1,8,-1,B01,1,0,2,1,1,5,4,CHANOINE LABORDE DU,0.0,,2,2,0,1,1,1,0,1,50,child
201900050721,29,3,2019,0 days 06:15:00,2,64,64445,2,1,1,1,CHANOINE LABORDE DU,"43,3035400"," -0,3604100",1,4,2,1996.0,1,8,0,-1,B01,1,0,2,1,1,5,4,CHANOINE LABORDE DU,0.0,,2,2,0,1,1,1,0,1,50,adult
201900050739,30,3,2019,0 days 15:40:00,1,59,59279,2,1,1,3,LILLE (RUE DE),"50,7860600","3,1270000",1,1,1,1900.0,-1,1,0,0,B01,1,0,0,0,0,6,7,917,0.0,,2,2,0,1,1,1,0,1,10,child
201900050739,30,3,2019,0 days 15:40:00,1,59,59279,2,1,1,3,LILLE (RUE DE),"50,7860600","3,1270000",1,4,1,1969.0,5,2,8,-1,B01,1,0,0,0,0,6,7,917,0.0,,2,2,0,1,1,1,0,1,10,adult
201900050877,19,5,2019,0 days 16:40:00,1,25,25084,1,2,2,3,D105-D107,"47,1444230","5,8899810",1,2,1,1937.0,0,2,-1,-1,B01,0,0,0,8,19,5,3,107,0.0,,2,2,0,1,1,2,0,1,80,child
201900050877,19,5,2019,0 days 16:40:00,1,25,25084,1,2,2,3,D105-D107,"47,1444230","5,8899810",1,1,1,1968.0,0,1,-1,-1,B01,0,0,0,8,19,5,3,107,0.0,,2,2,0,1,1,2,0,1,80,adult
201900050881,21,5,2019,0 days 16:20:00,1,44,44010,2,1,1,2,Rue Olivier Guichard,"47,2784450"," -2,4644340",1,3,1,1947.0,5,2,-1,-1,B01,1,0,2,1,1,5,3,245,0.0,,2,2,2,1,1,1,0,5,50,child
201900050881,21,5,2019,0 days 16:20:00,1,44,44010,2,1,1,2,Rue Olivier Guichard,"47,2784450"," -2,4644340",1,1,1,1969.0,4,1,-1,-1,B01,1,0,2,1,1,5,3,245,0.0,,2,2,2,1,1,1,0,5,50,adult
201900050914,27,5,2019,0 days 13:25:00,1,29,29212,2,6,1,2,Rond point François ARZEL,"48,3819780"," -4,6094470",1,1,2,1952.0,2,1,-1,-1,B01,2,0,0,4,15,5,4,rue de la Trinité,,,2,2,1,1,1,1,9,1,50,child
201900050914,27,5,2019,0 days 13:25:00,1,29,29212,2,6,1,2,Rond point François ARZEL,"48,3819780"," -4,6094470",1,3,1,1988.0,1,2,-1,-1,B01,2,0,0,4,15,5,4,rue de la Trinité,,,2,2,1,1,1,1,9,1,50,adult
201900050916,15,5,2019,0 days 11:00:00,1,29,29069,1,6,1,2,route départementale 105,"48,4188620"," -4,5597450",1,4,1,1959.0,5,2,-1,-1,B01,2,0,2,4,1,5,3,105,,,1,1,1,2,2,1,0,1,80,child
201900050916,15,5,2019,0 days 11:00:00,1,29,29069,1,6,1,2,route départementale 105,"48,4188620"," -4,5597450",1,1,2,1990.0,5,1,-1,-1,B01,2,0,2,4,1,5,3,105,,,1,1,1,2,2,1,0,1,80,adult
201900050916,15,5,2019,0 days 11:00:00,1,29,29069,1,6,1,2,route départementale 105,"48,4188620"," -4,5597450",2,1,2,2019.0,5,1,9,-1,B01,2,0,2,4,1,5,3,105,,,1,1,1,2,2,1,0,1,80,adult
201900050941,2,5,2019,0 days 08:00:00,1,38,38140,1,3,1,3,RD10,"45,2660660","5,8982140",1,4,1,1963.0,1,4,-1,-1,B01,0,0,0,3,1,5,3,10,0.0,,2,2,1,3,1,1,0,1,50,child
201900050941,2,5,2019,0 days 08:00:00,1,38,38140,1,3,1,3,RD10,"45,2660660","5,8982140",1,1,1,1991.0,1,1,-1,-1,B01,0,0,0,3,1,5,3,10,0.0,,2,2,1,3,1,1,0,1,50,adult
201900050958,25,5,2019,0 days 12:10:00,1,84,84066,1,1,1,1,Route de Javon,"43,9457820","5,3009520",1,3,1,1956.0,5,2,-1,-1,A01,1,0,2,1,13,5,3,943,,,2,2,0,2,3,1,0,1,80,child
201900050958,25,5,2019,0 days 12:10:00,1,84,84066,1,1,1,1,Route de Javon,"43,9457820","5,3009520",1,1,2,1984.0,5,1,-1,-1,A01,1,0,2,1,13,5,3,943,,,2,2,0,2,3,1,0,1,80,adult
201900050986,7,12,2019,0 days 09:51:00,1,62,62043,2,2,1,3,Route d'Andres,"50,9064010","1,9327240",1,4,1,1955.0,5,2,-1,-1,B01,3,0,2,1,1,5,3,248,,,2,2,0,1,1,1,0,1,50,child
201900050986,7,12,2019,0 days 09:51:00,1,62,62043,2,2,1,3,Route d'Andres,"50,9064010","1,9327240",1,1,1,1981.0,9,1,-1,-1,B01,3,0,2,1,1,5,3,248,,,2,2,0,1,1,1,0,1,50,adult
201900051053,23,11,2019,0 days 22:00:00,5,14,14118,2,1,1,3,LEROY (BOULEVARD),"49,1706900"," -0,3531500",1,1,1,1969.0,-1,1,-1,-1,B01,1,0,0,9,1,5,4,,,,2,-1,-1,1,1,1,0,1,-1,child
201900051053,23,11,2019,0 days 22:00:00,5,14,14118,2,1,1,3,LEROY (BOULEVARD),"49,1706900"," -0,3531500",1,4,1,2000.0,-1,0,-1,-1,B01,1,0,0,9,1,5,4,,,,2,-1,-1,1,1,1,0,1,-1,adult
201900051062,5,12,2019,0 days 22:45:00,5,69,69383,2,1,5,3,GAMBETTA                            (CO),"45,7519900","4,8526800",1,1,1,1952.0,0,1,0,-1,B01,3,0,2,0,0,0,4,GAMBETTA                            (CO),0.0,,2,4,0,1,1,1,0,1,50,child
201900051062,5,12,2019,0 days 22:45:00,5,69,69383,2,1,5,3,GAMBETTA                            (CO),"45,7519900","4,8526800",1,4,2,1999.0,0,8,0,-1,B01,3,0,2,0,0,0,4,GAMBETTA                            (CO),0.0,,2,4,0,1,1,1,0,1,50,adult
201900051087,4,12,2019,0 days 18:35:00,5,64,64348,2,1,1,2,NORD SUD VOIE,"43,3012565"," -0,4096672",1,1,1,1946.0,5,1,8,-1,B01,1,0,2,4,9,5,3,834,0.0,,2,3,0,1,1,1,0,1,50,child
201900051087,4,12,2019,0 days 18:35:00,5,64,64348,2,1,1,2,NORD SUD VOIE,"43,3012565"," -0,4096672",1,3,1,1987.0,1,2,8,-1,B01,1,0,2,4,9,5,3,834,0.0,,2,3,0,1,1,1,0,1,50,adult
201900051090,5,12,2019,0 days 13:15:00,1,63,63113,2,1,1,6,FOREST (AVENUE FERNAND),"45,7998220","3,1112999",1,4,1,1942.0,0,8,0,-1,B01,2,0,2,1,25,5,7,69,0.0,,-1,0,0,1,1,1,9,1,30,child
201900051090,5,12,2019,0 days 13:15:00,1,63,63113,2,1,1,6,FOREST (AVENUE FERNAND),"45,7998220","3,1112999",1,1,2,1983.0,0,1,0,-1,B01,2,0,2,1,25,5,7,69,0.0,,-1,0,0,1,1,1,9,1,30,adult
201900051096,1,12,2019,0 days 17:00:00,1,56,56121,2,1,1,3,MARIENNE ( AV CAPITAINE ),"47,7394900"," -3,3938800",1,1,2,1961.0,5,1,8,-1,B01,3,0,2,7,19,5,4,MARIENNE ( AV CAPITAINE ),0.0,,2,2,0,1,2,1,0,1,30,child
201900051096,1,12,2019,0 days 17:00:00,1,56,56121,2,1,1,3,MARIENNE ( AV CAPITAINE ),"47,7394900"," -3,3938800",1,3,1,2007.0,5,2,8,-1,B01,3,0,2,7,19,5,4,MARIENNE ( AV CAPITAINE ),0.0,,2,2,0,1,2,1,0,1,30,adult
201900051114,4,12,2019,0 days 15:55:00,1,24,24322,2,3,1,3,ANGOULEME (ROUTE D'),"45,1993900","0,6983400",1,1,1,1975.0,4,1,0,-1,B01,3,0,2,1,19,5,4,ANGOULEME (ROUTE D'),0.0,,2,2,1,1,1,1,5,1,50,child
201900051114,4,12,2019,0 days 15:55:00,1,24,24322,2,3,1,3,ANGOULEME (ROUTE D'),"45,1993900","0,6983400",1,3,1,2003.0,2,8,0,-1,B01,3,0,2,1,19,5,4,ANGOULEME (ROUTE D'),0.0,,2,2,1,1,1,1,5,1,50,adult
201900051169,17,6,2019,0 days 15:45:00,1,35,35238,2,9,1,3,ALMA (DE L'),"48,0992600"," -1,6757400",1,1,1,1970.0,1,1,0,-1,A01,3,0,2,1,16,0,4,ALMA (DE L'),0.0,,2,3,1,1,1,1,0,1,50,child
201900051169,17,6,2019,0 days 15:45:00,1,35,35238,2,9,1,3,ALMA (DE L'),"48,0992600"," -1,6757400",1,4,2,1995.0,0,8,0,-1,A01,3,0,2,1,16,0,4,ALMA (DE L'),0.0,,2,3,1,1,1,1,0,1,50,adult
201900051170,14,6,2019,0 days 10:00:00,1,35,35238,2,2,1,3,CHATEAUGIRON (DE),"48,0951310"," -1,6375700",1,4,1,1960.0,0,2,0,-1,B01,3,0,2,0,0,5,4,CHATEAUGIRON (DE),0.0,,2,4,0,1,1,1,0,1,50,child
201900051170,14,6,2019,0 days 10:00:00,1,35,35238,2,2,1,3,CHATEAUGIRON (DE),"48,0951310"," -1,6375700",1,1,1,1987.0,1,8,0,-1,B01,3,0,2,0,0,5,4,CHATEAUGIRON (DE),0.0,,2,4,0,1,1,1,0,1,50,adult
201900051173,12,6,2019,0 days 12:16:00,1,35,35281,1,6,2,3,DODIN (AVENUE ROGER),"48,0870690"," -1,7073590",1,1,2,1952.0,9,1,0,-1,B01,1,0,2,3,19,5,3,177,0.0,,3,4,0,1,1,2,0,1,50,child
201900051173,12,6,2019,0 days 12:16:00,1,35,35281,1,6,2,3,DODIN (AVENUE ROGER),"48,0870690"," -1,7073590",1,4,2,2000.0,1,8,0,-1,B01,1,0,2,3,19,5,3,177,0.0,,3,4,0,1,1,2,0,1,50,adult
201900051200,31,5,2019,0 days 18:00:00,1,34,34172,2,3,1,6,BERTHELOT (BOULEVARD),"43,5997200","3,8755900",1,4,2,1959.0,0,2,0,-1,A01,2,0,2,2,1,5,4,BERTHELOT (BOULEVARD),0.0,,2,3,0,1,1,1,0,1,50,child
201900051200,31,5,2019,0 days 18:00:00,1,34,34172,2,3,1,6,BERTHELOT (BOULEVARD),"43,5997200","3,8755900",1,1,2,1993.0,0,2,8,-1,A01,2,0,2,2,1,5,4,BERTHELOT (BOULEVARD),0.0,,2,3,0,1,1,1,0,1,50,adult
201900051257,11,6,2019,0 days 17:25:00,1,33,33529,2,9,2,2,INDUSTRIE (BD DE L') DU 02 ET +,"44,6125500"," -1,1284400",1,4,1,1968.0,1,2,6,-1,B01,1,0,2,4,15,5,4,INDUSTRIE (BD DE L') 640,0.0,,2,2,0,1,1,1,0,1,50,child
201900051257,11,6,2019,0 days 17:25:00,1,33,33529,2,9,2,2,INDUSTRIE (BD DE L') DU 02 ET +,"44,6125500"," -1,1284400",2,4,1,1995.0,0,2,6,-1,B01,1,0,2,4,15,5,4,INDUSTRIE (BD DE L') 640,0.0,,2,2,0,1,1,1,0,1,50,adult
201900051257,11,6,2019,0 days 17:25:00,1,33,33529,2,9,2,2,INDUSTRIE (BD DE L') DU 02 ET +,"44,6125500"," -1,1284400",1,1,1,1997.0,0,2,6,-1,B01,1,0,2,4,15,5,4,INDUSTRIE (BD DE L') 640,0.0,,2,2,0,1,1,1,0,1,50,adult
201900051269,14,6,2019,0 days 20:15:00,1,31,31555,2,1,1,2,GLOIRE (AV DE LA) DU 2AU 160,"43,6055200","1,4589500",1,1,2,1982.0,0,1,0,-1,B01,1,0,2,1,1,5,4,,0.0,,2,2,0,1,2,1,0,1,50,child
201900051269,14,6,2019,0 days 20:15:00,1,31,31555,2,1,1,2,GLOIRE (AV DE LA) DU 2AU 160,"43,6055200","1,4589500",1,4,1,2005.0,0,8,0,-1,B01,1,0,2,1,1,5,4,,0.0,,2,2,0,1,2,1,0,1,50,adult
201900051270,14,6,2019,0 days 19:15:00,1,31,31555,2,1,1,3,PL ROQUELAINE,"43,6127500","1,4487500",1,4,2,1951.0,5,2,8,-1,B01,2,0,2,8,1,5,4,,0.0,,2,4,0,1,1,1,0,1,50,child
201900051270,14,6,2019,0 days 19:15:00,1,31,31555,2,1,1,3,PL ROQUELAINE,"43,6127500","1,4487500",1,1,1,1974.0,9,1,7,-1,B01,2,0,2,8,1,5,4,,0.0,,2,4,0,1,1,1,0,1,50,adult
201900051279,8,6,2019,0 days 19:00:00,1,31,31555,2,1,1,1,CHE DU CHAPITRE,"43,5594000","1,4109400",1,3,1,1966.0,9,8,0,-1,B01,0,0,2,0,10,5,4,,0.0,,2,2,1,1,1,1,0,1,50,child
201900051279,8,6,2019,0 days 19:00:00,1,31,31555,2,1,1,1,CHE DU CHAPITRE,"43,5594000","1,4109400",1,1,1,1989.0,0,2,0,-1,B01,0,0,2,0,10,5,4,,0.0,,2,2,1,1,1,1,0,1,50,adult
201900051282,7,6,2019,0 days 08:40:00,1,31,31555,2,1,1,3,RUE MICHEL ANGE,"43,6271900","1,4458400",1,1,1,1966.0,1,1,0,-1,B01,0,0,2,7,19,5,4,,0.0,,3,2,0,1,3,1,0,1,50,child
201900051282,7,6,2019,0 days 08:40:00,1,31,31555,2,1,1,3,RUE MICHEL ANGE,"43,6271900","1,4458400",1,4,2,1990.0,1,8,0,-1,B01,0,0,2,7,19,5,4,,0.0,,3,2,0,1,3,1,0,1,50,adult
201900051331,19,2,2019,0 days 15:20:00,1,80,80021,2,1,1,3,"342, R DE ROUEN","49,8863600","2,2771400",1,1,1,1948.0,0,1,0,-1,B01,0,0,2,0,1,5,4,ROUEN (RUE DE),0.0,,2,2,0,2,1,1,0,1,50,child