Num_Acc,jour,mois,an,hrmn,lum,dep,com,agg,int,atm,col,adr,lat,long,catu,grav,sexe,an_nais,trajet,secu1,secu2,secu3,num_veh_y,senc,obs,obsm,choc,manv,motor,catr,voie,v1,v2,circ,nbv,vosp,prof,plan,surf,infra,situ,vma,age
201900051331,19,2,2019,0 days 15:20:00,1,80,80021,2,1,1,3,"342, R DE ROUEN","49,8863600","2,2771400",1,4,1,2001.0,0,2,0,-1,B01,0,0,2,0,1,5,4,ROUEN (RUE DE),0.0,,2,2,0,2,1,1,0,1,50,adult
201900051343,20,2,2019,0 days 17:36:00,1,45,45285,2,3,1,3,R DES AMETHYSTES - R DES CORNALINES,"47,9225200","1,8822200",1,1,1,1966.0,4,1,8,-1,A01,2,0,2,7,16,5,4,AMETHYSTES (RUE DES),0.0,,2,2,0,1,1,1,0,1,30,child
201900051343,20,2,2019,0 days 17:36:00,1,45,45285,2,3,1,3,R DES AMETHYSTES - R DES CORNALINES,"47,9225200","1,8822200",2,4,2,1996.0,0,8,0,-1,A01,2,0,2,7,16,5,4,AMETHYSTES (RUE DES),0.0,,2,2,0,1,1,1,0,1,30,adult
201900051343,20,2,2019,0 days 17:36:00,1,45,45285,2,3,1,3,R DES AMETHYSTES - R DES CORNALINES,"47,9225200","1,8822200",1,4,2,2005.0,0,8,0,-1,A01,2,0,2,7,16,5,4,AMETHYSTES (RUE DES),0.0,,2,2,0,1,1,1,0,1,30,adult
201900051351,20,2,2019,0 days 07:50:00,1,34,34172,2,3,1,3,MONTPELLIERET (RUE),"43,6111600","3,8800000",1,1,1,1977.0,1,1,0,-1,B01,1,0,2,0,0,0,4,MONTPELLIERET (RUE),0.0,,1,1,0,2,1,1,0,1,50,child
201900051351,20,2,2019,0 days 07:50:00,1,34,34172,2,3,1,3,MONTPELLIERET (RUE),"43,6111600","3,8800000",1,4,1,1999.0,2,8,0,-1,B01,1,0,2,0,0,0,4,MONTPELLIERET (RUE),0.0,,1,1,0,2,1,1,0,1,50,adult
201900051365,19,2,2019,0 days 18:36:00,2,10,10387,2,2,1,3,JACQUIN (RUE),"48,3039900","4,0809200",1,1,2,1967.0,5,1,8,-1,B01,2,0,2,1,25,5,4,JACQUIN (RUE),0.0,,2,2,0,1,3,1,0,1,50,child
201900051365,19,2,2019,0 days 18:36:00,2,10,10387,2,2,1,3,JACQUIN (RUE),"48,3039900","4,0809200",1,4,1,2002.0,5,8,0,-1,B01,2,0,2,1,25,5,4,JACQUIN (RUE),0.0,,2,2,0,1,3,1,0,1,50,adult
201900051625,28,10,2019,0 days 18:20:00,5,92,92044,2,3,1,5,CHARLES PASQUA (QUAI) 32 A 58,"48,9008363","2,2844171",1,1,1,1965.0,9,1,0,-1,B01,3,0,2,8,19,6,3,1,0.0,,1,2,0,1,1,1,0,5,50,child
201900051625,28,10,2019,0 days 18:20:00,5,92,92044,2,3,1,5,CHARLES PASQUA (QUAI) 32 A 58,"48,9008363","2,2844171",1,4,2,1989.0,1,8,0,-1,B01,3,0,2,8,19,6,3,1,0.0,,1,2,0,1,1,1,0,5,50,adult
201900051625,28,10,2019,0 days 18:20:00,5,92,92044,2,3,1,5,CHARLES PASQUA (QUAI) 32 A 58,"48,9008363","2,2844171",1,1,1,1998.0,5,1,0,-1,B01,3,0,2,8,19,6,3,1,0.0,,1,2,0,1,1,1,0,5,50,adult
201900051645,25,9,2019,0 days 14:15:00,1,49,49018,1,1,2,1,Route des Sourches (Saint-Quentin-lès-Beaurepaire),"47,6252520"," -0,0950730",1,1,2,1969.0,5,1,-1,-1,A01,2,0,2,1,13,0,4,,,,-1,2,0,1,3,2,0,1,80,child
201900051645,25,9,2019,0 days 14:15:00,1,49,49018,1,1,2,1,Route des Sourches (Saint-Quentin-lès-Beaurepaire),"47,6252520"," -0,0950730",2,1,1,2002.0,5,1,-1,-1,A01,2,0,2,1,13,0,4,,,,-1,2,0,1,3,2,0,1,80,adult
201900051645,25,9,2019,0 days 14:15:00,1,49,49018,1,1,2,1,Route des Sourches (Saint-Quentin-lès-Beaurepaire),"47,6252520"," -0,0950730",2,1,1,2003.0,5,1,-1,-1,A01,2,0,2,1,13,0,4,,,,-1,2,0,1,3,2,0,1,80,adult
201900051645,25,9,2019,0 days 14:15:00,1,49,49018,1,1,2,1,Route des Sourches (Saint-Quentin-lès-Beaurepaire),"47,6252520"," -0,0950730",1,3,1,2005.0,5,2,-1,-1,A01,2,0,2,1,13,0,4,,,,-1,2,0,1,3,2,0,1,80,adult
201900051669,28,10,2019,0 days 16:40:00,1,973,97307,1,3,7,3,route nationale 1,"4,8924030"," -52,3484560",1,3,1,1944.0,9,0,-1,-1,B01,1,0,2,3,15,5,2,1,0.0,,2,2,3,1,1,1,5,1,80,child
201900051669,28,10,2019,0 days 16:40:00,1,973,97307,1,3,7,3,route nationale 1,"4,8924030"," -52,3484560",1,1,1,1971.0,1,8,-1,-1,B01,1,0,2,3,15,5,2,1,0.0,,2,2,3,1,1,1,5,1,80,adult
201900051779,4,1,2019,0 days 18:24:00,5,80,80021,2,1,1,3,"124, R ALEXANDRE DUMAS","49,8746000","2,2866700",1,1,1,1951.0,0,1,0,-1,B01,0,0,2,0,1,5,4,ALEXANDRE DUMAS (RUE),0.0,,2,2,0,1,1,1,0,1,50,child
201900051779,4,1,2019,0 days 18:24:00,5,80,80021,2,1,1,3,"124, R ALEXANDRE DUMAS","49,8746000","2,2866700",1,4,1,2000.0,0,2,0,-1,B01,0,0,2,0,1,5,4,ALEXANDRE DUMAS (RUE),0.0,,2,2,0,1,1,1,0,1,50,adult
201900051805,6,1,2019,0 days 12:10:00,1,29,29019,2,2,1,2,PORTE (DE 1 A 75 ET 2 A 64),"48,3841914"," -4,5008122",1,4,1,1976.0,5,8,0,-1,A01,2,0,2,1,8,5,4,PORTE (DE 1 A 75 ET 2 A 64),0.0,,2,2,3,2,1,1,0,1,50,child
201900051805,6,1,2019,0 days 12:10:00,1,29,29019,2,2,1,2,PORTE (DE 1 A 75 ET 2 A 64),"48,3841914"," -4,5008122",1,4,1,1999.0,0,1,0,-1,A01,2,0,2,1,8,5,4,PORTE (DE 1 A 75 ET 2 A 64),0.0,,2,2,3,2,1,1,0,1,50,adult
201900051827,7,1,2019,0 days 07:25:00,5,75,75109,2,2,1,3,RUE DE CHATEAUDUN,"48,8760870","2,3371220",1,1,1,1957.0,1,1,0,-1,A01,1,0,2,1,8,5,4,RUE DE CHATEAUDUN,0.0,,2,2,3,1,1,1,0,6,50,child
201900051827,7,1,2019,0 days 07:25:00,5,75,75109,2,2,1,3,RUE DE CHATEAUDUN,"48,8760870","2,3371220",1,4,2,1993.0,1,2,0,-1,A01,1,0,2,1,8,5,4,RUE DE CHATEAUDUN,0.0,,2,2,3,1,1,1,0,6,50,adult
201900051838,6,1,2019,0 days 10:30:00,1,62,62750,2,1,1,3,rue principale,"50,5749420","2,4111240",1,3,1,1949.0,5,2,-1,-1,B01,1,0,2,1,1,5,3,94,,,2,2,0,1,1,1,9,1,50,child
201900051838,6,1,2019,0 days 10:30:00,1,62,62750,2,1,1,3,rue principale,"50,5749420","2,4111240",1,1,1,1972.0,4,0,-1,-1,B01,1,0,2,1,1,5,3,94,,,2,2,0,1,1,1,9,1,50,adult
201900051859,7,1,2019,0 days 12:12:00,1,973,97309,2,1,1,1,boulevard docteur edmard lama,"4,9048380"," -52,2750440",1,1,1,1965.0,0,1,-1,-1,B01,3,0,2,7,15,5,4,,,,2,2,0,1,1,1,0,1,50,child
201900051859,7,1,2019,0 days 12:12:00,1,973,97309,2,1,1,1,boulevard docteur edmard lama,"4,9048380"," -52,2750440",1,3,1,2005.0,2,0,-1,-1,B01,3,0,2,7,15,5,4,,,,2,2,0,1,1,1,0,1,50,adult
201900051962,23,9,2019,0 days 17:00:00,1,77,77146,2,6,1,3,D10P X D1406-SOUBRIARDE (AVENUE DE LA),"48,8235661","2,6408182",1,4,1,1939.0,5,2,6,-1,B01,1,0,2,7,1,5,3,10,0.0,P,2,4,0,1,1,1,5,1,50,child
201900051962,23,9,2019,0 days 17:00:00,1,77,77146,2,6,1,3,D10P X D1406-SOUBRIARDE (AVENUE DE LA),"48,8235661","2,6408182",1,1,1,1961.0,4,1,8,-1,B01,1,0,2,7,1,5,3,10,0.0,P,2,4,0,1,1,1,5,1,50,adult
201900052016,23,9,2019,0 days 09:45:00,1,25,25056,2,9,1,3,EDISON RUE THOMAS,"47,2326800","5,9733600",1,1,1,1955.0,4,1,0,-1,A01,3,0,2,8,26,5,4,EDISON RUE THOMAS,0.0,,2,3,1,1,1,1,0,1,50,child
201900052016,23,9,2019,0 days 09:45:00,1,25,25056,2,9,1,3,EDISON RUE THOMAS,"47,2326800","5,9733600",1,4,1,1990.0,0,2,0,-1,A01,3,0,2,8,26,5,4,EDISON RUE THOMAS,0.0,,2,3,1,1,1,1,0,1,50,adult
201900052090,25,8,2019,0 days 11:15:00,1,62,62054,1,3,1,3,Hameau d'Haringzelle,"50,8389662","1,5981820",1,3,1,1964.0,5,2,-1,-1,B01,2,0,2,1,1,5,3,940,,,2,2,0,2,1,1,0,1,80,child
201900052090,25,8,2019,0 days 11:15:00,1,62,62054,1,3,1,3,Hameau d'Haringzelle,"50,8389662","1,5981820",1,1,1,1998.0,5,1,-1,-1,B01,2,0,2,1,1,5,3,940,,,2,2,0,2,1,1,0,1,80,adult
201900052130,20,8,2019,0 days 11:50:00,1,85,85194,2,1,1,6,RUE BEAUSEJOUR,"46,4984800"," -1,7766500",3,4,2,1970.0,4,8,0,-1,A01,3,0,1,1,5,5,4,RUE BEAUSEJOUR,0.0,,1,1,3,1,1,1,0,1,50,child
201900052130,20,8,2019,0 days 11:50:00,1,85,85194,2,1,1,6,RUE BEAUSEJOUR,"46,4984800"," -1,7766500",1,4,2,2000.0,1,8,0,-1,A01,3,0,1,1,5,5,4,RUE BEAUSEJOUR,0.0,,1,1,3,1,1,1,0,1,50,adult
201900052147,8,8,2019,0 days 15:20:00,1,34,34003,2,1,1,3,ROCHELONGUE (H7 A L6,"43,2800800","3,4809500",1,1,1,1933.0,5,8,0,-1,B01,1,0,2,8,1,5,4,ROCHELONGUE (H7 A L6,0.0,,2,1,1,1,1,1,0,1,50,child
201900052147,8,8,2019,0 days 15:20:00,1,34,34003,2,1,1,3,ROCHELONGUE (H7 A L6,"43,2800800","3,4809500",1,3,1,1976.0,1,2,0,-1,B01,1,0,2,8,1,5,4,ROCHELONGUE (H7 A L6,0.0,,2,1,1,1,1,1,0,1,50,adult
201900052181,6,8,2019,0 days 19:45:00,1,86,86165,2,1,1,1,32 Rue Charles Dubois,"46,4218900","0,8662360",1,1,1,1940.0,3,1,-1,-1,A01,2,0,2,7,13,5,3,727,0.0,,2,2,0,2,3,1,0,1,50,child
201900052181,6,8,2019,0 days 19:45:00,1,86,86165,2,1,1,1,32 Rue Charles Dubois,"46,4218900","0,8662360",1,3,1,2003.0,5,0,-1,-1,A01,2,0,2,7,13,5,3,727,0.0,,2,2,0,2,3,1,0,1,50,adult
201900052221,22,8,2019,0 days 15:00:00,1,95,95483,1,2,1,3,Route départemenale 51,"49,1072020","1,9269680",1,3,1,1952.0,5,2,-1,-1,B01,1,0,2,8,2,5,3,51,0.0, -,2,2,0,1,1,1,0,1,80,child
201900052221,22,8,2019,0 days 15:00:00,1,95,95483,1,2,1,3,Route départemenale 51,"49,1072020","1,9269680",2,1,1,1975.0,4,1,-1,-1,B01,1,0,2,8,2,5,3,51,0.0, -,2,2,0,1,1,1,0,1,80,adult
201900052221,22,8,2019,0 days 15:00:00,1,95,95483,1,2,1,3,Route départemenale 51,"49,1072020","1,9269680",1,1,1,1991.0,4,1,-1,-1,B01,1,0,2,8,2,5,3,51,0.0, -,2,2,0,1,1,1,0,1,80,adult
201900052221,22,8,2019,0 days 15:00:00,1,95,95483,1,2,1,3,Route départemenale 51,"49,1072020","1,9269680",2,1,1,1994.0,4,1,-1,-1,B01,1,0,2,8,2,5,3,51,0.0, -,2,2,0,1,1,1,0,1,80,adult
201900052236,27,3,2019,0 days 11:40:00,1,50,50129,2,3,1,3,LEMONNIER (AVENUE AMIRAL),"49,6337800"," -1,6062600",1,1,1,1981.0,9,1,8,-1,B01,1,0,2,4,19,5,3,901,0.0,,3,4,0,1,1,1,5,1,50,child
201900052236,27,3,2019,0 days 11:40:00,1,50,50129,2,3,1,3,LEMONNIER (AVENUE AMIRAL),"49,6337800"," -1,6062600",1,4,2,2005.0,2,8,0,-1,B01,1,0,2,4,19,5,3,901,0.0,,3,4,0,1,1,1,5,1,50,adult
201900052265,29,3,2019,0 days 17:47:00,1,37,37122,2,1,1,3,JEAN JAURES,"47,3492901","0,6667968",1,4,1,1943.0,5,2,8,-1,B01,3,0,2,8,1,5,4,JEAN JAURES,0.0,,1,1,0,1,1,1,0,1,50,child
201900052265,29,3,2019,0 days 17:47:00,1,37,37122,2,1,1,3,JEAN JAURES,"47,3492901","0,6667968",1,1,2,1990.0,5,1,8,-1,B01,3,0,2,8,1,5,4,JEAN JAURES,0.0,,1,1,0,1,1,1,0,1,50,adult
201900052267,29,3,2019,0 days 10:35:00,1,37,37122,2,1,1,2,COMTE DE MONTS (RUE DU),"47,3517900","0,6616300",1,1,1,1950.0,0,1,8,-1,A01,2,0,2,1,2,5,4,COMTE DE MONTS (RUE DU),0.0,,1,1,0,2,1,1,0,1,50,child
201900052267,29,3,2019,0 days 10:35:00,1,37,37122,2,1,1,2,COMTE DE MONTS (RUE DU),"47,3517900","0,6616300",1,4,1,1982.0,0,8,0,-1,A01,2,0,2,1,2,5,4,COMTE DE MONTS (RUE DU),0.0,,1,1,0,2,1,1,0,1,50,adult
201900052297,26,3,2019,0 days 17:00:00,1,33,33063,2,2,1,3,CRS DE L'YSER,"44,8242300"," -0,5703600",1,1,1,1974.0,0,1,0,-1,B01,0,0,2,1,1,5,4,CRS DE L'YSER,0.0,,2,4,2,1,1,1,0,1,50,child
201900052297,26,3,2019,0 days 17:00:00,1,33,33063,2,2,1,3,CRS DE L'YSER,"44,8242300"," -0,5703600",1,4,1,2003.0,0,8,0,-1,B01,0,0,2,1,1,5,4,CRS DE L'YSER,0.0,,2,4,2,1,1,1,0,1,50,adult
201900052303,29,3,2019,0 days 08:06:00,1,31,31557,2,3,1,3,COUDRIERS (RUE DES),"43,5769000","1,3280600",1,1,2,1972.0,9,1,0,-1,A01,0,0,2,0,19,5,4,COUDRIERS (RUE DES),0.0,,2,2,0,1,1,1,0,1,50,child
201900052303,29,3,2019,0 days 08:06:00,1,31,31557,2,3,1,3,COUDRIERS (RUE DES),"43,5769000","1,3280600",1,3,1,2005.0,2,2,0,-1,A01,0,0,2,0,19,5,4,COUDRIERS (RUE DES),0.0,,2,2,0,1,1,1,0,1,50,adult
201900052317,12,7,2019,0 days 20:10:00,1,91,91657,2,3,7,6,HENRI CHARON (AVENUE),"48,7041100","2,4287400",1,4,2,1954.0,0,8,0,-1,B01,2,0,2,1,1,6,4,HENRI CHARON (AVENUE),0.0,,2,2,0,1,1,1,0,3,50,child
201900052317,12,7,2019,0 days 20:10:00,1,91,91657,2,3,7,6,HENRI CHARON (AVENUE),"48,7041100","2,4287400",1,1,1,1994.0,0,1,0,-1,B01,2,0,2,1,1,6,4,HENRI CHARON (AVENUE),0.0,,2,2,0,1,1,1,0,3,50,adult
201900052320,28,3,2019,0 days 16:45:00,1,29,29232,2,4,1,3,MADEC RENE RUE,"47,9942300"," -4,1060000",1,1,2,1950.0,5,1,8,-1,B01,0,0,2,2,19,5,4,MADEC RENE RUE,0.0,,1,2,0,1,3,1,0,1,50,child
201900052320,28,3,2019,0 days 16:45:00,1,29,29232,2,4,1,3,MADEC RENE RUE,"47,9942300"," -4,1060000",1,4,1,2006.0,2,8,0,-1,B01,0,0,2,2,19,5,4,MADEC RENE RUE,0.0,,1,2,0,1,3,1,0,1,50,adult
201900052323,11,7,2019,0 days 16:58:00,1,87,87085,2,1,1,6,PERRIN (RUE FRANCOIS),"45,8247700","1,2288200",1,1,1,1945.0,5,1,0,-1,B01,2,1,0,1,1,5,4,PERRIN (RUE FRANCOIS),0.0,,2,2,0,1,1,1,0,1,50,child
201900052323,11,7,2019,0 days 16:58:00,1,87,87085,2,1,1,6,PERRIN (RUE FRANCOIS),"45,8247700","1,2288200",1,4,1,1999.0,5,2,0,-1,B01,2,1,0,1,1,5,4,PERRIN (RUE FRANCOIS),0.0,,2,2,0,1,1,1,0,1,50,adult
201900052326,10,7,2019,0 days 21:45:00,1,87,87085,2,5,1,3,LIBERATION (AVENUE DE LA),"45,8341400","1,2598700",1,4,1,1971.0,5,2,0,-1,B01,2,0,2,1,1,5,4,STAUTON (RUE DU MAJOR),0.0,,1,1,0,2,1,1,5,1,50,child
201900052326,10,7,2019,0 days 21:45:00,1,87,87085,2,5,1,3,LIBERATION (AVENUE DE LA),"45,8341400","1,2598700",1,1,1,1995.0,5,1,0,-1,B01,2,0,2,1,1,5,4,STAUTON (RUE DU MAJOR),0.0,,1,1,0,2,1,1,5,1,50,adult
201900052383,29,3,2019,0 days 11:35:00,1,75,75105,2,1,1,3,BOULEVARD DE L HOPITAL,"48,8416200","2,3630250",1,3,1,1964.0,0,8,0,-1,B01,2,0,2,1,7,5,4,BOULEVARD DE L HOPITAL,0.0,,2,2,3,1,1,1,0,6,50,child
201900052383,29,3,2019,0 days 11:35:00,1,75,75105,2,1,1,3,BOULEVARD DE L HOPITAL,"48,8416200","2,3630250",2,1,1,1971.0,4,8,0,-1,B01,2,0,2,1,7,5,4,BOULEVARD DE L HOPITAL,0.0,,2,2,3,1,1,1,0,6,50,adult
201900052383,29,3,2019,0 days 11:35:00,1,75,75105,2,1,1,3,BOULEVARD DE L HOPITAL,"48,8416200","2,3630250",1,1,1,1991.0,4,8,0,-1,B01,2,0,2,1,7,5,4,BOULEVARD DE L HOPITAL,0.0,,2,2,3,1,1,1,0,6,50,adult
201900052391,28,3,2019,0 days 14:40:00,1,75,75106,2,2,1,3,RUE DE VAUGIRARD,"48,8484150","2,3316640",1,4,1,1961.0,5,2,0,-1,B01,2,0,2,1,18,5,4,RUE DE VAUGIRARD,0.0,,2,2,0,1,1,1,0,1,30,child
201900052391,28,3,2019,0 days 14:40:00,1,75,75106,2,2,1,3,RUE DE VAUGIRARD,"48,8484150","2,3316640",1,1,1,1975.0,9,1,0,-1,B01,2,0,2,1,18,5,4,RUE DE VAUGIRARD,0.0,,2,2,0,1,1,1,0,1,30,adult
201900052391,28,3,2019,0 days 14:40:00,1,75,75106,2,2,1,3,RUE DE VAUGIRARD,"48,8484150","2,3316640",2,1,1,1987.0,0,1,0,-1,B01,2,0,2,1,18,5,4,RUE DE VAUGIRARD,0.0,,2,2,0,1,1,1,0,1,30,adult
201900052393,28,3,2019,0 days 11:00:00,1,75,75105,2,2,1,3,PONT DE SULLY,"48,8494090","2,3567870",1,1,1,1955.0,4,1,0,-1,B01,3,0,2,1,1,5,4,PONT DE SULLY,0.0,,1,2,2,1,1,1,2,5,30,child
201900052393,28,3,2019,0 days 11:00:00,1,75,75105,2,2,1,3,PONT DE SULLY,"48,8494090","2,3567870",1,4,1,1998.0,2,2,0,-1,B01,3,0,2,1,1,5,4,PONT DE SULLY,0.0,,1,2,2,1,1,1,2,5,30,adult
201900052395,29,3,2019,0 days 08:45:00,1,75,75120,2,3,1,3,RUE DES MARAICHERS,"48,8525230","2,4066970",1,1,2,1972.0,1,1,0,-1,B01,1,0,2,1,9,5,4,RUE DES MARAICHERS,0.0,,2,2,0,1,1,1,0,1,50,child
201900052395,29,3,2019,0 days 08:45:00,1,75,75120,2,3,1,3,RUE DES MARAICHERS,"48,8525230","2,4066970",1,4,1,2005.0,2,8,0,-1,B01,1,0,2,1,9,5,4,RUE DES MARAICHERS,0.0,,2,2,0,1,1,1,0,1,50,adult
201900052402,29,3,2019,0 days 08:25:00,1,75,75119,2,1,1,6,AVENUE SIMON BOLIVAR,"48,8764590","2,3780370",3,4,2,1971.0,2,8,0,-1,A01,1,11,1,1,13,5,4,AVENUE SIMON BOLIVAR,0.0,,2,2,0,2,2,1,6,1,50,child
201900052402,29,3,2019,0 days 08:25:00,1,75,75119,2,1,1,6,AVENUE SIMON BOLIVAR,"48,8764590","2,3780370",1,1,2,1988.0,1,8,0,-1,A01,1,11,1,1,13,5,4,AVENUE SIMON BOLIVAR,0.0,,2,2,0,2,2,1,6,1,50,adult
201900052402,29,3,2019,0 days 08:25:00,1,75,75119,2,1,1,6,AVENUE SIMON BOLIVAR,"48,8764590","2,3780370",3,1,1,2014.0,2,8,0,-1,A01,1,11,1,1,13,5,4,AVENUE SIMON BOLIVAR,0.0,,2,2,0,2,2,1,6,1,50,adult
201900052441,11,7,2019,0 days 18:00:00,1,56,56121,2,6,1,3,FRANCE ( AVE ANATOLE ),"47,7467200"," -3,3663200",1,1,1,1961.0,5,1,8,-1,B01,1,0,2,1,1,5,4,FRANCE ( AVE ANATOLE ),0.0,,2,4,3,2,1,1,0,1,30,child
201900052441,11,7,2019,0 days 18:00:00,1,56,56121,2,6,1,3,FRANCE ( AVE ANATOLE ),"47,7467200"," -3,3663200",1,4,1,1983.0,9,8,0,-1,B01,1,0,2,1,1,5,4,FRANCE ( AVE ANATOLE ),0.0,,2,4,3,2,1,1,0,1,30,adult
201900052443,11,7,2019,0 days 15:58:00,1,56,56121,2,6,1,3,LE MAUX ( BD JEAN ),"47,7572900"," -3,3876500",1,1,2,1929.0,0,1,8,-1,B01,1,0,2,0,1,5,4,LE MAUX ( BD JEAN ),0.0,,1,2,0,1,1,1,5,1,50,child
201900052443,11,7,2019,0 days 15:58:00,1,56,56121,2,6,1,3,LE MAUX ( BD JEAN ),"47,7572900"," -3,3876500",1,3,1,1958.0,0,8,8,-1,B01,1,0,2,0,1,5,4,LE MAUX ( BD JEAN ),0.0,,1,2,0,1,1,1,5,1,50,adult
201900052447,30,3,2019,0 days 16:50:00,1,75,75101,2,3,1,3,AVENUE GENERAL LEMONNIER,"48,8608460","2,3301320",1,4,2,1960.0,5,2,0,-1,B01,2,0,2,1,1,5,4,AVENUE GENERAL LEMONNIER,0.0,,2,4,0,1,1,1,1,1,50,child
201900052447,30,3,2019,0 days 16:50:00,1,75,75101,2,3,1,3,AVENUE GENERAL LEMONNIER,"48,8608460","2,3301320",1,1,1,2002.0,5,2,0,-1,B01,2,0,2,1,1,5,4,AVENUE GENERAL LEMONNIER,0.0,,2,4,0,1,1,1,1,1,50,adult
201900052457,28,3,2019,0 days 08:45:00,1,94,94042,2,1,1,2,GENERAL GALLIENI (AV DU),"48,8201200","2,4748800",1,4,1,1965.0,1,8,0,-1,B01,2,0,2,4,2,5,3,4,0.0,,2,4,0,1,1,1,0,1,50,child
201900052457,28,3,2019,0 days 08:45:00,1,94,94042,2,1,1,2,GENERAL GALLIENI (AV DU),"48,8201200","2,4748800",1,1,1,1990.0,1,1,0,-1,B01,2,0,2,4,2,5,3,4,0.0,,2,4,0,1,1,1,0,1,50,adult
201900052472,11,7,2019,0 days 16:50:00,1,51,51506,2,1,1,3,AVENUE DU PRESIDENT ROOSEVELT,"48,9449765","4,3826167",1,3,1,1933.0,5,8,0,-1,B01,1,0,2,8,1,5,3,1,0.0,,3,2,0,1,1,1,9,1,50,child
201900052472,11,7,2019,0 days 16:50:00,1,51,51506,2,1,1,3,AVENUE DU PRESIDENT ROOSEVELT,"48,9449765","4,3826167",1,1,2,1965.0,5,1,0,-1,B01,1,0,2,8,1,5,3,1,0.0,,3,2,0,1,1,1,9,1,50,adult
201900052482,11,7,2019,0 days 19:01:00,1,49,49007,2,1,1,2,RAMON BOULEVARD,"47,4863167"," -0,5361468",1,4,1,1956.0,0,8,0,-1,B01,1,0,2,4,1,5,4,RAMON BOULEVARD,0.0,,2,4,0,1,1,1,0,1,50,child
201900052482,11,7,2019,0 days 19:01:00,1,49,49007,2,1,1,2,RAMON BOULEVARD,"47,4863167"," -0,5361468",1,1,2,2000.0,0,2,8,-1,B01,1,0,2,4,1,5,4,RAMON BOULEVARD,0.0,,2,4,0,1,1,1,0,1,50,adult
201900052485,27,3,2019,0 days 07:45:00,1,93,93066,2,3,1,3,ROUSSEAU JEAN JACQUES,"48,9653100","2,3792500",1,1,2,1970.0,9,8,0,-1,B01,3,0,2,7,2,5,4,ROUSSEAU JEAN JACQUES,0.0,,2,2,0,1,1,1,0,1,50,child
201900052485,27,3,2019,0 days 07:45:00,1,93,93066,2,3,1,3,ROUSSEAU JEAN JACQUES,"48,9653100","2,3792500",1,4,1,2003.0,1,8,0,-1,B01,3,0,2,7,2,5,4,ROUSSEAU JEAN JACQUES,0.0,,2,2,0,1,1,1,0,1,50,adult
201900052507,28,3,2019,0 days 11:36:00,1,93,93007,2,1,1,3,"""REPUBLIQUE (AVENUE DE LA """"COTE PAIRS""""","48,9366400","2,4649100",1,4,1,1951.0,0,2,0,-1,B01,1,0,2,2,0,0,4,"""REPUBLIQUE (AVENUE DE LA """"COTE PAIRS""""",0.0,,2,2,0,1,1,1,0,1,50,child
201900052507,28,3,2019,0 days 11:36:00,1,93,93007,2,1,1,3,"""REPUBLIQUE (AVENUE DE LA """"COTE PAIRS""""","48,9366400","2,4649100",1,1,2,1999.0,0,1,8,-1,B01,1,0,2,2,0,0,4,"""REPUBLIQUE (AVENUE DE LA """"COTE PAIRS""""",0.0,,2,2,0,1,1,1,0,1,50,adult
201900052511,19,6,2019,0 days 12:10:00,1,40,40088,2,1,1,3,CHAULET (RUE GEORGES),"43,7159000"," -1,0525200",1,3,1,1977.0,5,8,0,-1,B01,1,0,2,3,2,5,4,CHAULET (RUE GEORGES),0.0,,2,3,0,1,1,1,0,1,50,child
201900052511,19,6,2019,0 days 12:10:00,1,40,40088,2,1,1,3,CHAULET (RUE GEORGES),"43,7159000"," -1,0525200",1,4,1,2001.0,2,2,6,-1,B01,1,0,2,3,2,5,4,CHAULET (RUE GEORGES),0.0,,2,3,0,1,1,1,0,1,50,adult
201900052520,28,3,2019,0 days 18:30:00,1,92,92051,2,1,1,3,CHATEAU (RUE DU),"48,8867860","2,2623310",1,1,1,1961.0,1,1,0,-1,A01,0,0,2,7,17,0,4,CHATEAU (RUE DU),0.0,,2,4,0,2,1,1,0,1,50,child
201900052520,28,3,2019,0 days 18:30:00,1,92,92051,2,1,1,3,CHATEAU (RUE DU),"48,8867860","2,2623310",1,4,1,1982.0,1,8,0,-1,A01,0,0,2,7,17,0,4,CHATEAU (RUE DU),0.0,,2,4,0,2,1,1,0,1,50,adult
201900052545,12,7,2019,0 days 08:26:00,1,31,31149,2,6,1,3,PIBRAC (BOULEVARD DE),"43,6162300","1,3318100",1,1,1,1965.0,4,1,8,-1,B01,3,0,2,7,1,5,3,82,0.0,,3,0,0,1,1,1,0,1,50,child
201900052545,12,7,2019,0 days 08:26:00,1,31,31149,2,6,1,3,PIBRAC (BOULEVARD DE),"43,6162300","1,3318100",1,4,2,1989.0,5,2,7,-1,B01,3,0,2,7,1,5,3,82,0.0,,3,0,0,1,1,1,0,1,50,adult
201900052562,12,7,2019,0 days 15:45:00,1,17,17300,2,2,1,2,CHAUDRIER   RUE,"46,1607300"," -1,1533100",1,4,2,1961.0,1,8,0,-1,Z01,2,0,2,0,0,5,4,AUFREDY   RUE,0.0,,1,1,1,1,1,1,0,1,30,child
201900052562,12,7,2019,0 days 15:45:00,1,17,17300,2,2,1,2,CHAUDRIER   RUE,"46,1607300"," -1,1533100",1,1,2,1989.0,0,1,8,-1,Z01,2,0,2,0,0,5,4,AUFREDY   RUE,0.0,,1,1,1,1,1,1,0,1,30,adult
201900052564,8,7,2019,0 days 11:55:00,1,14,14069,2,3,1,3,LOGES (CHEMIN DES),"49,1302600","0,2475950",1,1,1,1934.0,5,1,8,-1,A01,1,0,2,1,1,5,3,164,0.0,,2,2,0,1,1,1,0,1,30,child
201900052564,8,7,2019,0 days 11:55:00,1,14,14069,2,3,1,3,LOGES (CHEMIN DES),"49,1302600","0,2475950",1,4,1,1955.0,5,2,8,-1,A01,1,0,2,1,1,5,3,164,0.0,,2,2,0,1,1,1,0,1,30,adult