Num_Acc,jour,mois,an,hrmn,lum,dep,com,agg,int,atm,col,adr,lat,long,catu,grav,sexe,an_nais,trajet,secu1,secu2,secu3,num_veh_y,senc,obs,obsm,choc,manv,motor,catr,voie,v1,v2,circ,nbv,vosp,prof,plan,surf,infra,situ,vma,age
201900052732,4,12,2019,0 days 15:35:00,1,54,54395,2,1,1,7,COMMANDERIE (RUE/PLACE DE LA),"48,6861000","6,1673000",3,4,2,1968.0,0,8,0,-1,A01,1,0,1,1,1,5,4,COMMANDERIE (RUE/PLACE DE LA),0.0,,1,2,0,1,1,1,0,4,30,child
201900052732,4,12,2019,0 days 15:35:00,1,54,54395,2,1,1,7,COMMANDERIE (RUE/PLACE DE LA),"48,6861000","6,1673000",1,1,1,2001.0,0,8,0,-1,A01,1,0,1,1,1,5,4,COMMANDERIE (RUE/PLACE DE LA),0.0,,1,2,0,1,1,1,0,4,30,adult
201900052733,4,12,2019,0 days 19:15:00,5,51,51454,2,1,1,3,BOULEVARD DE LA PAIX,"49,2532147","4,0411352",1,1,1,1953.0,1,1,0,-1,B01,1,0,2,1,2,0,3,944,0.0,,2,3,1,1,1,1,0,1,50,child
201900052733,4,12,2019,0 days 19:15:00,5,51,51454,2,1,1,3,BOULEVARD DE LA PAIX,"49,2532147","4,0411352",1,4,1,1995.0,0,8,0,-1,B01,1,0,2,1,2,0,3,944,0.0,,2,3,1,1,1,1,0,1,50,adult
201900052745,28,11,2019,0 days 12:20:00,1,33,33063,2,2,1,3,RUE CAPDEVILLE,"44,8441700"," -0,5889100",1,4,1,1943.0,5,8,0,-1,A01,1,0,2,1,15,5,4,RUE CAPDEVILLE,0.0,,2,2,0,1,1,1,5,1,50,child
201900052745,28,11,2019,0 days 12:20:00,1,33,33063,2,2,1,3,RUE CAPDEVILLE,"44,8441700"," -0,5889100",1,1,2,1974.0,0,8,0,-1,A01,1,0,2,1,15,5,4,RUE CAPDEVILLE,0.0,,2,2,0,1,1,1,5,1,50,adult
201900052751,3,12,2019,0 days 18:20:00,5,33,33529,2,3,1,3,R.VICTOR HUGO / R.GENERAL GALLIENI,"44,6322300"," -1,1497900",1,1,2,1941.0,5,1,0,-1,Y01,2,0,2,1,1,5,4,HUGO (RUE VICTOR),0.0,,2,2,0,1,1,1,0,1,30,child
201900052751,3,12,2019,0 days 18:20:00,5,33,33529,2,3,1,3,R.VICTOR HUGO / R.GENERAL GALLIENI,"44,6322300"," -1,1497900",1,4,1,1982.0,1,8,0,-1,Y01,2,0,2,1,1,5,4,HUGO (RUE VICTOR),0.0,,2,2,0,1,1,1,0,1,30,adult
201900052823,11,5,2019,0 days 08:20:00,1,6,06112,2,1,1,3,chemin des princes,"43,6731230","7,0065780",1,1,1,1978.0,1,1,-1,-1,B01,3,0,2,2,5,6,4,,,,2,1,0,2,3,1,0,1,50,child
201900052823,11,5,2019,0 days 08:20:00,1,6,06112,2,1,1,3,chemin des princes,"43,6731230","7,0065780",1,4,1,2011.0,5,0,-1,-1,B01,3,0,2,2,5,6,4,,,,2,1,0,2,3,1,0,1,50,adult
201900052839,31,5,2019,0 days 19:00:00,1,14,14026,2,3,1,3,Rue du Moutier,"49,2107860"," -0,5933060",1,1,2,1971.0,5,1,-1,-1,B01,3,0,2,3,15,5,3,62,,,2,2,0,1,1,1,0,1,50,child
201900052839,31,5,2019,0 days 19:00:00,1,14,14026,2,3,1,3,Rue du Moutier,"49,2107860"," -0,5933060",1,4,2,2002.0,5,0,-1,-1,B01,3,0,2,3,15,5,3,62,,,2,2,0,1,1,1,0,1,50,adult
201900052854,26,5,2019,0 days 14:15:00,1,90,90042,2,1,1,1,33 Rue de la Forêt,"47,6577380","6,7838680",1,1,1,1957.0,5,1,-1,-1,B01,0,0,2,1,1,5,4,,,,2,2,0,1,3,1,0,1,50,child
201900052854,26,5,2019,0 days 14:15:00,1,90,90042,2,1,1,1,33 Rue de la Forêt,"47,6577380","6,7838680",1,3,1,1982.0,-1,0,0,0,B01,0,0,2,1,1,5,4,,,,2,2,0,1,3,1,0,1,50,adult
201900052866,15,5,2019,0 days 17:40:00,1,60,60513,2,2,1,1,Sente de Sorel,"49,2101106","2,3782787",1,1,2,1972.0,0,1,-1,-1,B01,0,0,2,7,1,5,4,,0.0,,2,2,0,1,1,1,5,1,50,child
201900052866,15,5,2019,0 days 17:40:00,1,60,60513,2,2,1,1,Sente de Sorel,"49,2101106","2,3782787",1,4,1,2008.0,5,2,-1,-1,B01,0,0,2,7,1,5,4,,0.0,,2,2,0,1,1,1,5,1,50,adult
201900052893,14,4,2019,0 days 11:10:00,1,73,73151,1,2,1,3,rd1006,"45,5073092","6,0236289",1,3,1,1950.0,5,2,-1,-1,B01,1,0,2,7,19,5,3,1006,0.0,,2,2,0,1,1,1,0,1,80,child
201900052893,14,4,2019,0 days 11:10:00,1,73,73151,1,2,1,3,rd1006,"45,5073092","6,0236289",1,1,1,1996.0,0,1,-1,-1,B01,1,0,2,7,19,5,3,1006,0.0,,2,2,0,1,1,1,0,1,80,adult
201900052954,4,6,2019,0 days 16:05:00,1,19,19275,2,3,1,3,,"45,5458990","2,3051700",1,1,1,1972.0,3,1,0,-1,B01,2,0,2,3,9,5,3,1089,0.0,,4,3,0,1,1,1,5,1,70,child
201900052954,4,6,2019,0 days 16:05:00,1,19,19275,2,3,1,3,,"45,5458990","2,3051700",1,4,1,2004.0,5,8,0,-1,B01,2,0,2,3,9,5,3,1089,0.0,,4,3,0,1,1,1,5,1,70,adult
201900052964,31,5,2019,0 days 17:05:00,1,17,17333,2,3,1,3,DE LATTRE DE TASSIGNY (BD),"45,6072100"," -1,0068840",1,1,1,1945.0,5,1,0,-1,B01,1,0,2,1,1,5,4,DE LATTRE DE TASSIGNY (BD),0.0,,2,2,0,2,1,1,0,1,50,child
201900052964,31,5,2019,0 days 17:05:00,1,17,17333,2,3,1,3,DE LATTRE DE TASSIGNY (BD),"45,6072100"," -1,0068840",1,4,1,1987.0,5,8,0,-1,B01,1,0,2,1,1,5,4,DE LATTRE DE TASSIGNY (BD),0.0,,2,2,0,2,1,1,0,1,50,adult
201900052975,4,6,2019,0 days 19:00:00,1,17,17300,1,1,1,3,NORMANDIN   RUE EMILE,"46,1471780"," -1,1432610",1,1,2,1968.0,1,1,8,-1,Z01,1,0,2,7,1,5,4,NORMANDIN   RUE EMILE,0.0,,2,2,2,1,1,1,0,1,50,child
201900052975,4,6,2019,0 days 19:00:00,1,17,17300,1,1,1,3,NORMANDIN   RUE EMILE,"46,1471780"," -1,1432610",1,4,1,1993.0,5,8,0,-1,Z01,1,0,2,7,1,5,4,NORMANDIN   RUE EMILE,0.0,,2,2,2,1,1,1,0,1,50,adult
201900052984,8,6,2019,0 days 17:45:00,1,14,14220,2,1,1,1,MARINE (QUAI DE LA ),"49,3617800","0,0797700",1,1,2,1953.0,0,1,0,-1,B01,1,0,2,2,19,5,4,MARINE (QUAI DE LA ),0.0,,2,4,0,1,1,1,0,1,50,child
201900052984,8,6,2019,0 days 17:45:00,1,14,14220,2,1,1,1,MARINE (QUAI DE LA ),"49,3617800","0,0797700",1,4,1,2007.0,5,8,0,-1,B01,1,0,2,2,19,5,4,MARINE (QUAI DE LA ),0.0,,2,4,0,1,1,1,0,1,50,adult
201900053011,16,6,2019,0 days 11:00:00,1,13,13208,2,1,1,2,MENDES FRANCE (AVENUE),"43,2539100","5,3761300",1,3,1,1954.0,5,8,0,-1,B01,0,0,0,4,11,5,4,MENDES FRANCE (AVENUE),0.0,,1,4,0,1,1,1,0,1,50,child
201900053011,16,6,2019,0 days 11:00:00,1,13,13208,2,1,1,2,MENDES FRANCE (AVENUE),"43,2539100","5,3761300",1,1,1,1998.0,0,1,8,-1,B01,0,0,0,4,11,5,4,MENDES FRANCE (AVENUE),0.0,,1,4,0,1,1,1,0,1,50,adult
201900053092,31,5,2019,0 days 12:10:00,1,13,13004,2,1,7,5,AV VICTOR HUGO,"43,6748800","4,6333800",1,1,1,1939.0,0,1,0,-1,B01,2,0,2,7,19,0,4,AV VICTOR HUGO,0.0,,2,1,0,1,1,1,0,1,50,child
201900053092,31,5,2019,0 days 12:10:00,1,13,13004,2,1,7,5,AV VICTOR HUGO,"43,6748800","4,6333800",1,4,1,1971.0,0,8,0,-1,B01,2,0,2,7,19,0,4,AV VICTOR HUGO,0.0,,2,1,0,1,1,1,0,1,50,adult
201900053092,31,5,2019,0 days 12:10:00,1,13,13004,2,1,7,5,AV VICTOR HUGO,"43,6748800","4,6333800",1,1,1,1978.0,4,1,0,-1,B01,2,0,2,7,19,0,4,AV VICTOR HUGO,0.0,,2,1,0,1,1,1,0,1,50,adult
201900053119,14,2,2019,0 days 10:20:00,1,33,33063,2,2,1,1,MOUNEYRA (RUE ),"44,8289300"," -0,5913300",1,1,2,1940.0,0,1,0,-1,A01,1,0,2,1,5,5,4,MOUNEYRA (RUE ),0.0,,1,1,0,1,1,1,0,1,50,child
201900053119,14,2,2019,0 days 10:20:00,1,33,33063,2,2,1,1,MOUNEYRA (RUE ),"44,8289300"," -0,5913300",1,3,2,1987.0,0,2,0,-1,A01,1,0,2,1,5,5,4,MOUNEYRA (RUE ),0.0,,1,1,0,1,1,1,0,1,50,adult
201900053119,14,2,2019,0 days 10:20:00,1,33,33063,2,2,1,1,MOUNEYRA (RUE ),"44,8289300"," -0,5913300",2,3,2,2017.0,0,8,0,-1,A01,1,0,2,1,5,5,4,MOUNEYRA (RUE ),0.0,,1,1,0,1,1,1,0,1,50,adult
201900053148,19,2,2019,0 days 19:25:00,5,75,75108,2,1,1,3,RUE DU FAUBOURG SAINT HONORE,"48,8714600","2,3152080",1,4,1,1962.0,4,8,0,-1,B01,2,0,2,3,1,5,4,RUE DU FAUBOURG SAINT HONORE,0.0,,1,2,0,1,1,1,0,1,50,child
201900053148,19,2,2019,0 days 19:25:00,5,75,75108,2,1,1,3,RUE DU FAUBOURG SAINT HONORE,"48,8714600","2,3152080",1,1,1,1991.0,4,1,0,-1,B01,2,0,2,3,1,5,4,RUE DU FAUBOURG SAINT HONORE,0.0,,1,2,0,1,1,1,0,1,50,adult
201900053205,18,2,2019,0 days 16:30:00,1,973,97302,2,1,1,3,MONTABO (ROUTE DE) 2,"4,9300923"," -52,2904801",1,1,2,1977.0,1,1,8,-1,B01,2,0,0,0,0,0,3,1,0.0,,2,0,0,1,1,1,0,1,50,child
201900053205,18,2,2019,0 days 16:30:00,1,973,97302,2,1,1,3,MONTABO (ROUTE DE) 2,"4,9300923"," -52,2904801",1,4,2,2001.0,0,0,0,-1,B01,2,0,0,0,0,0,3,1,0.0,,2,0,0,1,1,1,0,1,50,adult
201900053208,18,2,2019,0 days 09:25:00,1,69,69386,2,1,1,6,"5, rue JULIETTE RECAMIER                   (R )","45,7639100","4,8530400",3,3,1,1948.0,9,8,0,-1,A01,3,0,1,1,1,5,4,JULIETTE RECAMIER                   (R ),0.0,,1,1,0,1,1,1,0,1,50,child
201900053208,18,2,2019,0 days 09:25:00,1,69,69386,2,1,1,6,"5, rue JULIETTE RECAMIER                   (R )","45,7639100","4,8530400",1,1,1,1980.0,0,8,0,-1,A01,3,0,1,1,1,5,4,JULIETTE RECAMIER                   (R ),0.0,,1,1,0,1,1,1,0,1,50,adult
201900053221,2,2,2019,0 days 09:05:00,1,73,73065,2,6,8,3,CHEVALIERE (SQUARE DE LA) D14,"45,5816887","5,8873070",1,1,1,1939.0,0,1,0,-1,A01,1,0,2,1,1,5,3,14,,,2,2,1,1,1,2,9,5,50,child
201900053221,2,2,2019,0 days 09:05:00,1,73,73065,2,6,8,3,CHEVALIERE (SQUARE DE LA) D14,"45,5816887","5,8873070",1,4,1,2003.0,0,8,0,-1,A01,1,0,2,1,1,5,3,14,,,2,2,1,1,1,2,9,5,50,adult
201900053232,6,2,2019,0 days 18:00:00,5,59,59350,2,2,1,3,SOLFERINO RUE N°1 - 159,"50,6307800","3,0557100",1,1,1,1950.0,0,8,0,-1,A01,1,0,2,3,1,0,4,SOLFERINO RUE N°1 - 159,0.0,,-1,2,0,1,1,1,0,1,50,child
201900053232,6,2,2019,0 days 18:00:00,5,59,59350,2,2,1,3,SOLFERINO RUE N°1 - 159,"50,6307800","3,0557100",1,4,1,1991.0,0,8,0,-1,A01,1,0,2,3,1,0,4,SOLFERINO RUE N°1 - 159,0.0,,-1,2,0,1,1,1,0,1,50,adult
201900053236,17,2,2019,0 days 05:25:00,5,56,56121,2,3,8,1,MARNE ( AV DE LA ),"47,7435510"," -3,3682800",1,1,1,1962.0,4,1,8,-1,A01,1,0,2,1,1,5,4,MARNE ( AV DE LA ),0.0,,2,2,0,1,1,2,0,1,50,child
201900053236,17,2,2019,0 days 05:25:00,5,56,56121,2,3,8,1,MARNE ( AV DE LA ),"47,7435510"," -3,3682800",1,4,2,1998.0,5,8,0,-1,A01,1,0,2,1,1,5,4,MARNE ( AV DE LA ),0.0,,2,2,0,1,1,2,0,1,50,adult
201900053237,14,2,2019,0 days 14:15:00,1,51,51454,2,3,1,3,BOULEVARD DU MARECHAL DE LATTRE DE TASSIGNY,"49,2563691","4,0618999",1,3,1,1945.0,5,8,0,-1,B01,1,0,2,1,1,5,4,BOULEVARD DE LATTRE DE TASSIGNY,0.0,,2,2,0,1,1,1,0,1,50,child
201900053237,14,2,2019,0 days 14:15:00,1,51,51454,2,3,1,3,BOULEVARD DU MARECHAL DE LATTRE DE TASSIGNY,"49,2563691","4,0618999",2,1,2,1977.0,0,1,0,-1,B01,1,0,2,1,1,5,4,BOULEVARD DE LATTRE DE TASSIGNY,0.0,,2,2,0,1,1,1,0,1,50,adult
201900053237,14,2,2019,0 days 14:15:00,1,51,51454,2,3,1,3,BOULEVARD DU MARECHAL DE LATTRE DE TASSIGNY,"49,2563691","4,0618999",1,1,2,1978.0,0,8,0,-1,B01,1,0,2,1,1,5,4,BOULEVARD DE LATTRE DE TASSIGNY,0.0,,2,2,0,1,1,1,0,1,50,adult
201900053242,15,2,2019,0 days 16:15:00,1,44,44184,2,3,1,3,G. ANDRÉ/G. SAND,"47,2688500"," -2,2281300",3,4,2,1938.0,5,8,0,-1,B01,3,0,2,1,1,5,4,,0.0,,2,2,1,1,1,1,0,1,50,child
201900053242,15,2,2019,0 days 16:15:00,1,44,44184,2,3,1,3,G. ANDRÉ/G. SAND,"47,2688500"," -2,2281300",1,4,1,1994.0,5,1,0,-1,B01,3,0,2,1,1,5,4,,0.0,,2,2,1,1,1,1,0,1,50,adult
201900053249,18,2,2019,0 days 13:20:00,1,31,31555,2,1,1,3,BD DES MINIMES,"43,6163700","1,4394800",1,4,1,1954.0,5,8,8,-1,A01,2,0,2,0,12,5,4,BD DES MINIMES,0.0,,1,3,0,1,1,1,0,1,50,child
201900053249,18,2,2019,0 days 13:20:00,1,31,31555,2,1,1,3,BD DES MINIMES,"43,6163700","1,4394800",1,1,1,1977.0,9,2,8,-1,A01,2,0,2,0,12,5,4,BD DES MINIMES,0.0,,1,3,0,1,1,1,0,1,50,adult
201900053361,6,1,2019,0 days 00:35:00,5,987,98722,2,1,3,5,"PK 37.500, route territoriale numéro 2"," -17,5940310"," -149,3962270",1,4,1,1964.0,5,0,-1,-1,C01,2,0,2,7,5,5,2,2,,,2,2,0,2,1,2,0,1,40,child
201900053361,6,1,2019,0 days 00:35:00,5,987,98722,2,1,3,5,"PK 37.500, route territoriale numéro 2"," -17,5940310"," -149,3962270",1,1,1,1990.0,5,1,-1,-1,C01,2,0,2,7,5,5,2,2,,,2,2,0,2,1,2,0,1,40,adult
201900053361,6,1,2019,0 days 00:35:00,5,987,98722,2,1,3,5,"PK 37.500, route territoriale numéro 2"," -17,5940310"," -149,3962270",2,1,2,1991.0,5,1,-1,-1,C01,2,0,2,7,5,5,2,2,,,2,2,0,2,1,2,0,1,40,adult
201900053365,4,1,2019,0 days 15:47:00,1,84,84092,2,1,1,3,AVENUE JULES VERNE,"43,9840320","4,8795390",1,1,2,1958.0,3,1,-1,-1,B01,0,0,2,7,19,5,7,,,,-1,2,0,1,3,1,0,1,50,child
201900053365,4,1,2019,0 days 15:47:00,1,84,84092,2,1,1,3,AVENUE JULES VERNE,"43,9840320","4,8795390",3,4,1,1983.0,3,0,-1,-1,B01,0,0,2,7,19,5,7,,,,-1,2,0,1,3,1,0,1,50,adult
201900053367,7,1,2019,0 days 07:45:00,2,67,67526,2,1,1,2,rue de kertzfeld,"48,3947980","7,5829800",1,2,1,1939.0,5,8,-1,-1,A01,2,0,2,4,1,5,3,213,0.0,D,2,2,0,1,1,2,0,3,80,child
201900053367,7,1,2019,0 days 07:45:00,2,67,67526,2,1,1,2,rue de kertzfeld,"48,3947980","7,5829800",1,1,1,1981.0,5,8,-1,-1,A01,2,0,2,4,1,5,3,213,0.0,D,2,2,0,1,1,2,0,3,80,adult
201900053430,4,1,2019,0 days 16:25:00,1,972,97209,2,1,1,2,22 MAI 1848 (PLACE DU),"14,6133900"," -61,0708400",1,1,1,1956.0,0,1,0,-1,B01,3,0,2,1,2,5,4,22 MAI 1848 (PLACE DU),0.0,,2,2,0,2,1,1,6,2,50,child
201900053430,4,1,2019,0 days 16:25:00,1,972,97209,2,1,1,2,22 MAI 1848 (PLACE DU),"14,6133900"," -61,0708400",1,4,1,2004.0,5,8,0,-1,B01,3,0,2,1,2,5,4,22 MAI 1848 (PLACE DU),0.0,,2,2,0,2,1,1,6,2,50,adult
201900053463,22,9,2019,0 days 16:30:00,1,976,97610,2,1,1,1,Chemin de Dubai," -12,7461810","45,1878380",1,1,2,1968.0,5,1,-1,-1,B01,3,0,2,1,5,5,4,,,,1,1,0,4,2,1,0,1,50,child
201900053463,22,9,2019,0 days 16:30:00,1,976,97610,2,1,1,1,Chemin de Dubai," -12,7461810","45,1878380",1,3,1,2004.0,5,0,-1,-1,B01,3,0,2,1,5,5,4,,,,1,1,0,4,2,1,0,1,50,adult
201900053477,24,9,2019,0 days 17:40:00,1,83,83036,2,7,1,3,Boulevard Pasteur,"43,1697570","6,5332930",1,3,1,1947.0,5,0,-1,-1,B01,0,0,2,7,1,5,4,,,,2,2,0,1,1,1,9,1,50,child
201900053477,24,9,2019,0 days 17:40:00,1,83,83036,2,7,1,3,Boulevard Pasteur,"43,1697570","6,5332930",1,1,1,1992.0,4,1,-1,-1,B01,0,0,2,7,1,5,4,,,,2,2,0,1,1,1,9,1,50,adult
201900053563,25,9,2019,0 days 11:30:00,1,38,38239,2,1,1,2,Avenue Louis Moyroud,"45,3269800","5,5557800",1,3,1,1948.0,5,0,-1,-1,A01,1,1,2,8,2,5,3,12,,C,2,2,0,1,1,1,0,1,50,child
201900053563,25,9,2019,0 days 11:30:00,1,38,38239,2,1,1,2,Avenue Louis Moyroud,"45,3269800","5,5557800",1,1,2,1977.0,4,1,-1,-1,A01,1,1,2,8,2,5,3,12,,C,2,2,0,1,1,1,0,1,50,adult
201900053566,2,1,2019,0 days 17:50:00,5,58,58194,2,1,1,2,PRE PLANTIN (BOULEVARD),"46,9814000","3,1237000",1,1,1,1943.0,1,1,8,-1,B01,1,0,2,6,1,5,4,PRE PLANTIN (BOULEVARD),0.0,,2,2,1,1,1,1,0,1,30,child
201900053566,2,1,2019,0 days 17:50:00,5,58,58194,2,1,1,2,PRE PLANTIN (BOULEVARD),"46,9814000","3,1237000",1,3,1,1964.0,5,2,8,-1,B01,1,0,2,6,1,5,4,PRE PLANTIN (BOULEVARD),0.0,,2,2,1,1,1,1,0,1,30,adult
201900053572,25,9,2019,0 days 10:00:00,1,79,79049,1,1,2,2,D748 - Lieu-dit Villiers,"46,8860990"," -0,4769620",1,3,1,1943.0,5,9,-1,-1,B01,1,13,2,4,2,5,3,748,,,2,2,0,1,1,2,0,1,80,child
201900053572,25,9,2019,0 days 10:00:00,1,79,79049,1,1,2,2,D748 - Lieu-dit Villiers,"46,8860990"," -0,4769620",1,1,1,1996.0,4,1,-1,-1,B01,1,13,2,4,2,5,3,748,,,2,2,0,1,1,2,0,1,80,adult
201900053610,22,9,2019,0 days 14:30:00,1,71,71040,2,1,1,1,MACON (ROUTE DE),"46,6782840","4,3876000",1,1,1,1983.0,0,8,0,-1,A01,1,0,2,8,19,5,4,MACON (ROUTE DE),0.0,,2,2,0,1,1,1,0,1,50,child
201900053610,22,9,2019,0 days 14:30:00,1,71,71040,2,1,1,1,MACON (ROUTE DE),"46,6782840","4,3876000",1,4,1,2004.0,5,8,0,-1,A01,1,0,2,8,19,5,4,MACON (ROUTE DE),0.0,,2,2,0,1,1,1,0,1,50,adult
201900053658,27,10,2019,0 days 18:40:00,3,11,11198,1,1,1,2,RD11,"43,2990742","2,5412170",1,1,2,1941.0,5,1,-1,-1,B01,2,0,0,7,2,6,3,11,0.0,D,2,2,0,1,1,1,0,1,80,child
201900053658,27,10,2019,0 days 18:40:00,3,11,11198,1,1,1,2,RD11,"43,2990742","2,5412170",1,2,1,1988.0,5,0,-1,-1,B01,2,0,0,7,2,6,3,11,0.0,D,2,2,0,1,1,1,0,1,80,adult
201900053692,23,9,2019,0 days 07:00:00,2,71,71270,2,1,1,3,GAMBETTA (RUE),"46,3016967","4,8324924",1,1,1,1958.0,0,8,0,-1,B01,2,1,0,1,1,0,4,GAMBETTA (RUE),0.0,,2,2,0,2,1,2,0,1,50,child
201900053692,23,9,2019,0 days 07:00:00,2,71,71270,2,1,1,3,GAMBETTA (RUE),"46,3016967","4,8324924",1,4,1,2003.0,3,8,0,-1,B01,2,1,0,1,1,0,4,GAMBETTA (RUE),0.0,,2,2,0,2,1,2,0,1,50,adult
201900053755,23,9,2019,0 days 17:00:00,1,24,24037,2,3,1,3,AVENUE ARISTIDE BRIAND,"44,8518000","0,4649000",1,3,1,1969.0,1,2,6,-1,B01,2,0,2,8,15,5,3,32,0.0,,2,2,0,1,1,1,0,1,30,child
201900053755,23,9,2019,0 days 17:00:00,1,24,24037,2,3,1,3,AVENUE ARISTIDE BRIAND,"44,8518000","0,4649000",1,3,1,2006.0,2,8,0,-1,B01,2,0,2,8,15,5,3,32,0.0,,2,2,0,1,1,1,0,1,30,adult
201900053847,13,7,2019,0 days 16:25:00,1,7,07281,2,1,1,3,ONZE NOVEMBRE (AVENUE DU),"44,9461520","4,8466270",1,1,2,1935.0,3,8,0,-1,B01,3,0,2,8,2,5,3,86,0.0,,2,2,0,1,1,1,0,1,50,child
201900053847,13,7,2019,0 days 16:25:00,1,7,07281,2,1,1,3,ONZE NOVEMBRE (AVENUE DU),"44,9461520","4,8466270",1,4,1,1964.0,5,2,6,-1,B01,3,0,2,8,2,5,3,86,0.0,,2,2,0,1,1,1,0,1,50,adult
201900053893,13,7,2019,0 days 18:10:00,1,75,75113,2,1,1,6,AVENUE D IVRY,"48,8222670","2,3678270",1,1,1,1953.0,9,1,0,-1,B01,1,0,2,2,1,1,4,AVENUE D IVRY,0.0,,1,2,0,1,1,1,0,1,50,child
201900053893,13,7,2019,0 days 18:10:00,1,75,75113,2,1,1,6,AVENUE D IVRY,"48,8222670","2,3678270",1,4,2,1992.0,5,2,0,-1,B01,1,0,2,2,1,1,4,AVENUE D IVRY,0.0,,1,2,0,1,1,1,0,1,50,adult
201900053905,12,7,2019,0 days 08:35:00,1,75,75110,2,2,1,3,RUE DES PETITS HOTELS,"48,8773250","2,3551450",1,4,2,1963.0,9,8,0,-1,B01,2,0,2,0,1,5,4,RUE DES PETITS HOTELS,0.0,,1,1,2,2,1,1,9,5,30,child
201900053905,12,7,2019,0 days 08:35:00,1,75,75110,2,2,1,3,RUE DES PETITS HOTELS,"48,8773250","2,3551450",1,1,1,1988.0,9,2,6,-1,B01,2,0,2,0,1,5,4,RUE DES PETITS HOTELS,0.0,,1,1,2,2,1,1,9,5,30,adult
201900053932,12,7,2019,0 days 16:30:00,1,75,75107,2,2,1,3,QUAI D ORSAY,"48,8624010","2,3104010",1,4,1,1977.0,9,2,6,-1,B01,3,0,2,8,19,5,4,QUAI D ORSAY,0.0,,2,2,0,1,1,1,0,1,50,child
201900053932,12,7,2019,0 days 16:30:00,1,75,75107,2,2,1,3,QUAI D ORSAY,"48,8624010","2,3104010",1,4,2,2001.0,9,8,0,-1,B01,3,0,2,8,19,5,4,QUAI D ORSAY,0.0,,2,2,0,1,1,1,0,1,50,adult
201900053978,11,7,2019,0 days 13:50:00,1,93,93078,2,1,1,3,CLEMENCEAU (AVENUE GEORGES),"48,9532000","2,5630400",1,4,1,1939.0,5,8,0,-1,B01,3,0,2,8,2,5,3,40,0.0,,2,4,0,1,1,1,0,1,50,child
201900053978,11,7,2019,0 days 13:50:00,1,93,93078,2,1,1,3,CLEMENCEAU (AVENUE GEORGES),"48,9532000","2,5630400",1,1,1,2000.0,5,1,8,-1,B01,3,0,2,8,2,5,3,40,0.0,,2,4,0,1,1,1,0,1,50,adult
201900054052,10,7,2019,0 days 17:45:00,1,92,92004,2,1,1,2,GEORGES GUYNEMER (RUE),"48,9149800","2,2893600",1,1,2,1959.0,0,1,0,-1,B01,3,0,2,9,2,0,4,GEORGES GUYNEMER (RUE),0.0,,-1,2,0,1,1,1,0,1,50,child
201900054052,10,7,2019,0 days 17:45:00,1,92,92004,2,1,1,2,GEORGES GUYNEMER (RUE),"48,9149800","2,2893600",1,4,1,1988.0,1,8,0,-1,B01,3,0,2,9,2,0,4,GEORGES GUYNEMER (RUE),0.0,,-1,2,0,1,1,1,0,1,50,adult
201900054059,11,7,2019,0 days 08:30:00,1,62,62550,2,6,1,5,RD 928,"50,3715200","2,0292250",1,1,1,1937.0,3,1,-1,-1,C01,3,0,2,7,19,5,3,928,0.0,D,4,1,0,1,1,1,5,1,50,child
201900054059,11,7,2019,0 days 08:30:00,1,62,62550,2,6,1,5,RD 928,"50,3715200","2,0292250",1,4,1,1980.0,5,2,-1,-1,C01,3,0,2,7,19,5,3,928,0.0,D,4,1,0,1,1,1,5,1,50,adult
201900054059,11,7,2019,0 days 08:30:00,1,62,62550,2,6,1,5,RD 928,"50,3715200","2,0292250",1,4,1,1985.0,5,2,-1,-1,C01,3,0,2,7,19,5,3,928,0.0,D,4,1,0,1,1,1,5,1,50,adult
201900054080,14,7,2019,0 days 09:20:00,3,9,09181,1,1,1,1,route de la grotte D119,"43,0680490","1,3543330",1,1,1,1965.0,0,8,-1,-1,B01,2,0,2,1,1,5,3,119,0.0,,2,2,0,2,3,2,1,1,80,child
201900054080,14,7,2019,0 days 09:20:00,3,9,09181,1,1,1,1,route de la grotte D119,"43,0680490","1,3543330",1,3,1,1991.0,5,2,6,-1,B01,2,0,2,1,1,5,3,119,0.0,,2,2,0,2,3,2,1,1,80,adult
201900054111,12,7,2019,0 days 08:40:00,1,35,35085,2,1,2,6,Avenue de la Libération,"48,4149890"," -1,7340390",3,4,2,1942.0,5,0,-1,-1,A01,3,0,1,0,1,5,4,,,,2,2,1,1,1,1,0,5,50,child
201900054111,12,7,2019,0 days 08:40:00,1,35,35085,2,1,2,6,Avenue de la Libération,"48,4149890"," -1,7340390",1,1,1,2002.0,5,0,-1,-1,A01,3,0,1,0,1,5,4,,,,2,2,1,1,1,1,0,5,50,adult
201900054116,17,8,2019,0 days 00:58:00,5,86,86066,2,3,1,3,WILSON (AVENUE DU PRESIDENT),"46,8144900","0,5436500",1,4,2,1966.0,5,8,0,-1,B01,3,0,2,3,25,5,3,725,0.0,,1,1,0,1,1,1,5,1,50,child
201900054116,17,8,2019,0 days 00:58:00,5,86,86066,2,3,1,3,WILSON (AVENUE DU PRESIDENT),"46,8144900","0,5436500",1,1,2,1997.0,0,8,0,-1,B01,3,0,2,3,25,5,3,725,0.0,,1,1,0,1,1,1,5,1,50,adult
201900054136,12,7,2019,0 days 00:05:00,5,74,74112,2,1,1,2,Route de Bellegarde (Épagny),"45,9275110","6,0846750",1,1,1,1970.0,5,1,-1,-1,B01,1,0,2,4,2,5,3,2508,0.0,D,2,2,1,1,1,1,2,1,50,child