Num_Acc,jour,mois,an,hrmn,lum,dep,com,agg,int,atm,col,adr,lat,long,catu,grav,sexe,an_nais,trajet,secu1,secu2,secu3,num_veh_y,senc,obs,obsm,choc,manv,motor,catr,voie,v1,v2,circ,nbv,vosp,prof,plan,surf,infra,situ,vma,age
201900054136,12,7,2019,0 days 00:05:00,5,74,74112,2,1,1,2,Route de Bellegarde (Épagny),"45,9275110","6,0846750",2,1,1,1994.0,5,1,-1,-1,B01,1,0,2,4,2,5,3,2508,0.0,D,2,2,1,1,1,1,2,1,50,adult
201900054136,12,7,2019,0 days 00:05:00,5,74,74112,2,1,1,2,Route de Bellegarde (Épagny),"45,9275110","6,0846750",1,2,1,1996.0,5,0,-1,-1,B01,1,0,2,4,2,5,3,2508,0.0,D,2,2,1,1,1,1,2,1,50,adult
201900054136,12,7,2019,0 days 00:05:00,5,74,74112,2,1,1,2,Route de Bellegarde (Épagny),"45,9275110","6,0846750",2,1,1,1998.0,5,1,-1,-1,B01,1,0,2,4,2,5,3,2508,0.0,D,2,2,1,1,1,1,2,1,50,adult
201900054136,12,7,2019,0 days 00:05:00,5,74,74112,2,1,1,2,Route de Bellegarde (Épagny),"45,9275110","6,0846750",2,1,1,2000.0,5,1,-1,-1,B01,1,0,2,4,2,5,3,2508,0.0,D,2,2,1,1,1,1,2,1,50,adult
201900054139,16,8,2019,0 days 18:40:00,1,67,67482,2,1,1,3,FOUDAY (RUE DE),"48,5746520","7,7309340",1,1,1,1981.0,0,1,8,-1,B01,2,0,2,4,19,5,4,FOUDAY (RUE DE),0.0,,3,2,0,1,1,1,0,1,50,child
201900054139,16,8,2019,0 days 18:40:00,1,67,67482,2,1,1,3,FOUDAY (RUE DE),"48,5746520","7,7309340",1,4,2,2010.0,0,2,8,-1,B01,2,0,2,4,19,5,4,FOUDAY (RUE DE),0.0,,3,2,0,1,1,1,0,1,50,adult
201900054141,14,8,2019,0 days 18:10:00,1,67,67482,2,1,1,1,LA FONTAINE (BOULEVARD),"48,5890700","7,7054200",2,1,2,1963.0,0,1,0,-1,B01,1,0,2,7,1,5,6,LA FONTAINE (BOULEVARD),0.0,,-1,-1,0,1,1,1,0,1,30,child
201900054141,14,8,2019,0 days 18:10:00,1,67,67482,2,1,1,1,LA FONTAINE (BOULEVARD),"48,5890700","7,7054200",1,3,1,2003.0,5,8,0,-1,B01,1,0,2,7,1,5,6,LA FONTAINE (BOULEVARD),0.0,,-1,-1,0,1,1,1,0,1,30,adult
201900054190,20,8,2019,0 days 08:00:00,1,37,37214,2,6,1,3,PORTILLON (PLACE),"47,4003900","0,6787400",1,1,1,1964.0,1,1,0,-1,B01,2,0,2,4,15,5,4,PORTILLON (PLACE),0.0,,1,2,0,1,2,1,0,1,50,child
201900054190,20,8,2019,0 days 08:00:00,1,37,37214,2,6,1,3,PORTILLON (PLACE),"47,4003900","0,6787400",1,4,1,1996.0,1,8,0,-1,B01,2,0,2,4,15,5,4,PORTILLON (PLACE),0.0,,1,2,0,1,2,1,0,1,50,adult
201900054274,26,3,2019,0 days 13:15:00,1,79,79024,1,1,1,3,La Borne,"46,4148000"," -0,2467000",1,1,1,1942.0,1,1,-1,-1,A01,0,0,2,8,9,5,4,,,,2,2,0,1,1,1,0,1,50,child
201900054274,26,3,2019,0 days 13:15:00,1,79,79024,1,1,1,3,La Borne,"46,4148000"," -0,2467000",1,4,2,1995.0,5,0,-1,-1,A01,0,0,2,8,9,5,4,,,,2,2,0,1,1,1,0,1,50,adult
201900054286,30,3,2019,0 days 14:35:00,1,59,59611,1,1,1,3,2 Chemin de la Vierge,"50,6786020","2,9766600",1,3,1,1965.0,5,0,-1,-1,B01,0,0,2,8,1,6,4,,0.0,,2,2,0,1,2,1,0,1,50,child
201900054286,30,3,2019,0 days 14:35:00,1,59,59611,1,1,1,3,2 Chemin de la Vierge,"50,6786020","2,9766600",1,1,1,1988.0,0,1,-1,-1,B01,0,0,2,8,1,6,4,,0.0,,2,2,0,1,2,1,0,1,50,adult
201900054298,19,8,2019,0 days 15:25:00,1,94,94054,2,1,1,6,NOUVELET (R DU),"48,7414210","2,4050060",3,4,2,1951.0,0,8,0,-1,A01,1,0,1,0,0,0,4,NOUVELET (R DU),0.0,,1,0,0,2,1,1,0,1,50,child
201900054298,19,8,2019,0 days 15:25:00,1,94,94054,2,1,1,6,NOUVELET (R DU),"48,7414210","2,4050060",1,4,1,1976.0,0,8,0,-1,A01,1,0,1,0,0,0,4,NOUVELET (R DU),0.0,,1,0,0,2,1,1,0,1,50,adult
201900054310,20,8,2019,0 days 10:30:00,1,92,92004,2,1,1,3,BAS ( RUE DES ),"48,9186660","2,2909740",1,1,1,1969.0,4,1,0,-1,B01,0,0,2,7,19,0,3,19,0.0,,-1,2,0,1,1,1,0,1,50,child
201900054310,20,8,2019,0 days 10:30:00,1,92,92004,2,1,1,3,BAS ( RUE DES ),"48,9186660","2,2909740",1,4,1,1995.0,5,8,0,-1,B01,0,0,2,7,19,0,3,19,0.0,,-1,2,0,1,1,1,0,1,50,adult
201900054312,19,8,2019,0 days 12:30:00,1,9,09109,1,3,1,3,RD 14,"43,2038900","1,4640160",1,1,1,1960.0,4,8,-1,-1,B01,1,0,2,8,1,5,3,14,,,2,2,0,1,1,1,0,1,80,child
201900054312,19,8,2019,0 days 12:30:00,1,9,09109,1,3,1,3,RD 14,"43,2038900","1,4640160",1,3,1,1981.0,5,8,-1,-1,B01,1,0,2,8,1,5,3,14,,,2,2,0,1,1,1,0,1,80,adult
201900054321,19,8,2019,0 days 17:45:00,1,56,56186,2,1,1,6,Rue de Saint-Julien,"47,4884420"," -3,1189260",3,4,1,1960.0,5,0,-1,-1,A01,1,0,1,2,1,5,4,Rue Saint Julien,,,2,2,2,1,3,1,0,5,50,child
201900054321,19,8,2019,0 days 17:45:00,1,56,56186,2,1,1,6,Rue de Saint-Julien,"47,4884420"," -3,1189260",1,4,2,1988.0,5,0,-1,-1,A01,1,0,1,2,1,5,4,Rue Saint Julien,,,2,2,2,1,3,1,0,5,50,adult
201900054330,20,8,2019,0 days 14:55:00,1,41,41043,2,2,1,3,Rue du Cher,"47,2762320","1,4932530",1,1,1,1961.0,5,1,-1,-1,A01,3,0,2,3,15,5,4,15,,,2,2,0,1,1,1,0,1,50,child
201900054330,20,8,2019,0 days 14:55:00,1,41,41043,2,2,1,3,Rue du Cher,"47,2762320","1,4932530",1,4,1,2005.0,5,0,-1,-1,A01,3,0,2,3,15,5,4,15,,,2,2,0,1,1,1,0,1,50,adult
201900054347,16,8,2019,0 days 17:35:00,1,66,66065,2,1,1,1,Avenue Paul Reig,"42,5970040","2,9748650",1,3,2,1956.0,3,0,-1,-1,B01,0,0,2,8,1,5,4,,,,2,2,0,1,1,1,0,1,50,child
201900054347,16,8,2019,0 days 17:35:00,1,66,66065,2,1,1,1,Avenue Paul Reig,"42,5970040","2,9748650",1,1,1,1981.0,1,1,-1,-1,B01,0,0,2,8,1,5,4,,,,2,2,0,1,1,1,0,1,50,adult
201900054391,17,5,2019,0 days 14:30:00,1,36,36139,1,3,1,3,LA FERRANDIERE,"46,7912780","1,4862050",2,1,1,1948.0,3,1,-1,-1,A01,2,0,2,3,16,5,3,925,,,2,2,0,1,2,1,5,1,80,child
201900054391,17,5,2019,0 days 14:30:00,1,36,36139,1,3,1,3,LA FERRANDIERE,"46,7912780","1,4862050",1,1,2,1961.0,3,1,-1,-1,A01,2,0,2,3,16,5,3,925,,,2,2,0,1,2,1,5,1,80,adult
201900054391,17,5,2019,0 days 14:30:00,1,36,36139,1,3,1,3,LA FERRANDIERE,"46,7912780","1,4862050",1,4,1,1999.0,5,0,-1,-1,A01,2,0,2,3,16,5,3,925,,,2,2,0,1,2,1,5,1,80,adult
201900054420,18,5,2019,0 days 11:55:00,1,53,53161,1,1,1,2,D 32,"48,1292260"," -0,5760100",1,1,1,1964.0,5,1,-1,-1,A01,2,0,2,1,2,5,3,32,,,2,2,0,1,1,1,0,1,80,child
201900054420,18,5,2019,0 days 11:55:00,1,53,53161,1,1,1,2,D 32,"48,1292260"," -0,5760100",1,3,1,2002.0,5,2,-1,-1,A01,2,0,2,1,2,5,3,32,,,2,2,0,1,1,1,0,1,80,adult
201900054434,27,5,2019,0 days 13:30:00,1,40,40333,1,1,2,2,RD38 - route de mont de marsan,"43,9754310"," -0,7376510",1,3,1,1948.0,5,2,-1,-1,B01,1,1,0,1,1,5,3,38,,,2,2,0,1,1,2,0,1,80,child
201900054434,27,5,2019,0 days 13:30:00,1,40,40333,1,1,2,2,RD38 - route de mont de marsan,"43,9754310"," -0,7376510",1,1,1,1986.0,3,1,-1,-1,B01,1,1,0,1,1,5,3,38,,,2,2,0,1,1,2,0,1,80,adult
201900054467,14,5,2019,0 days 11:30:00,1,85,85146,2,6,1,3,Boulevard Auguste Durand,"46,9704100"," -1,3075100",1,1,2,1977.0,0,1,-1,-1,B01,0,0,2,1,19,5,4,,,,-1,2,0,1,2,1,5,1,50,child
201900054467,14,5,2019,0 days 11:30:00,1,85,85146,2,6,1,3,Boulevard Auguste Durand,"46,9704100"," -1,3075100",1,4,1,2006.0,0,0,-1,-1,B01,0,0,2,1,19,5,4,,,,-1,2,0,1,2,1,5,1,50,adult
201900054511,29,5,2019,0 days 13:50:00,1,30,30325,2,1,1,3,Route de Ganges,"43,9749400","3,7165260",1,1,1,1977.0,9,1,5,-1,B01,3,0,2,1,5,6,3,153,,,2,2,0,1,1,1,0,4,50,child
201900054511,29,5,2019,0 days 13:50:00,1,30,30325,2,1,1,3,Route de Ganges,"43,9749400","3,7165260",1,3,1,2010.0,5,2,-1,-1,B01,3,0,2,1,5,6,3,153,,,2,2,0,1,1,1,0,4,50,adult
201900054575,6,5,2019,0 days 12:40:00,1,35,35210,2,6,1,3,Boulevard P Dumaine de la Josserie,"48,1484710"," -1,7628330",1,1,1,1969.0,5,1,-1,-1,B01,3,0,2,1,1,5,4,,,,2,2,1,1,1,1,0,1,50,child
201900054575,6,5,2019,0 days 12:40:00,1,35,35210,2,6,1,3,Boulevard P Dumaine de la Josserie,"48,1484710"," -1,7628330",1,4,1,1994.0,5,2,-1,-1,B01,3,0,2,1,1,5,4,,,,2,2,1,1,1,1,0,1,50,adult
201900054575,6,5,2019,0 days 12:40:00,1,35,35210,2,6,1,3,Boulevard P Dumaine de la Josserie,"48,1484710"," -1,7628330",2,1,2,1998.0,5,1,-1,-1,B01,3,0,2,1,1,5,4,,,,2,2,1,1,1,1,0,1,50,adult
201900054578,3,12,2019,0 days 18:15:00,3,31,31555,2,2,1,6,BD DEODAT DE SEVERAC,"43,5894070","1,4219110",1,1,1,1972.0,5,8,8,-1,B01,2,0,2,8,1,5,4,,0.0,,2,2,0,1,1,1,0,1,50,child
201900054578,3,12,2019,0 days 18:15:00,3,31,31555,2,2,1,6,BD DEODAT DE SEVERAC,"43,5894070","1,4219110",1,1,2,1989.0,9,1,8,-1,B01,2,0,2,8,1,5,4,,0.0,,2,2,0,1,1,1,0,1,50,adult
201900054578,3,12,2019,0 days 18:15:00,3,31,31555,2,2,1,6,BD DEODAT DE SEVERAC,"43,5894070","1,4219110",2,4,1,2015.0,5,8,8,-1,B01,2,0,2,8,1,5,4,,0.0,,2,2,0,1,1,1,0,1,50,adult
201900054655,4,12,2019,0 days 08:38:00,1,92,92019,2,2,1,3,FAYO VINCENT (RUE),"48,7648676","2,2812987",1,1,1,1968.0,1,1,8,-1,B01,1,0,2,1,1,5,4,FAYO VINCENT (RUE),0.0,,2,2,0,2,1,1,0,1,50,child
201900054655,4,12,2019,0 days 08:38:00,1,92,92019,2,2,1,3,FAYO VINCENT (RUE),"48,7648676","2,2812987",1,4,1,2002.0,2,8,0,-1,B01,1,0,2,1,1,5,4,FAYO VINCENT (RUE),0.0,,2,2,0,2,1,1,0,1,50,adult
201900054766,3,12,2019,0 days 16:25:00,2,3,03076,1,1,7,2,,"46,5912077","3,4012275",1,3,1,1956.0,5,2,-1,-1,B01,2,0,0,4,1,5,3,30,0.0,,2,2,0,1,1,1,0,1,80,child
201900054766,3,12,2019,0 days 16:25:00,2,3,03076,1,1,7,2,,"46,5912077","3,4012275",1,1,2,1958.0,5,1,-1,-1,B01,2,0,0,4,1,5,3,30,0.0,,2,2,0,1,1,1,0,1,80,adult
201900054766,3,12,2019,0 days 16:25:00,2,3,03076,1,1,7,2,,"46,5912077","3,4012275",2,1,2,1990.0,5,1,-1,-1,B01,2,0,0,4,1,5,3,30,0.0,,2,2,0,1,1,1,0,1,80,adult
201900054782,18,2,2019,0 days 13:10:00,1,39,39132,1,2,1,3,,"46,8275900","5,4673570",1,1,2,1955.0,5,1,-1,-1,A01,3,0,2,3,19,5,3,1,,,2,2,0,1,1,1,0,1,80,child
201900054782,18,2,2019,0 days 13:10:00,1,39,39132,1,2,1,3,,"46,8275900","5,4673570",1,3,2,2003.0,5,2,-1,-1,A01,3,0,2,3,19,5,3,1,,,2,2,0,1,1,1,0,1,80,adult
201900054809,19,2,2019,0 days 17:35:00,1,55,55120,1,1,1,2,,"48,7530390","5,1267830",1,1,2,1937.0,0,1,-1,-1,B01,2,0,0,4,2,5,3,635,0.0,,2,2,0,1,1,1,0,1,80,child
201900054809,19,2,2019,0 days 17:35:00,1,55,55120,1,1,1,2,,"48,7530390","5,1267830",1,3,2,1965.0,1,2,4,6,B01,2,0,0,4,2,5,3,635,0.0,,2,2,0,1,1,1,0,1,80,adult
201900054812,18,2,2019,0 days 14:50:00,1,69,69072,1,1,1,2,D 307,"45,8060720","4,7365250",1,4,1,1952.0,5,2,-1,-1,B01,3,0,2,6,2,5,3,307,0.0,D,2,2,0,1,1,1,0,1,70,child
201900054812,18,2,2019,0 days 14:50:00,1,69,69072,1,1,1,2,D 307,"45,8060720","4,7365250",1,1,1,1980.0,5,2,-1,-1,B01,3,0,2,6,2,5,3,307,0.0,D,2,2,0,1,1,1,0,1,70,adult
201900054813,12,6,2019,0 days 17:19:00,1,10,10387,2,1,8,2,ROBERT SCHUMANN (RUE),"48,3072000","4,0954000",1,1,2,1972.0,4,1,0,-1,B01,2,0,2,5,26,5,4,ROBERT SCHUMANN (RUE),0.0,,2,4,2,1,1,1,0,1,50,child
201900054813,12,6,2019,0 days 17:19:00,1,10,10387,2,1,8,2,ROBERT SCHUMANN (RUE),"48,3072000","4,0954000",1,3,1,2003.0,0,8,0,-1,B01,2,0,2,5,26,5,4,ROBERT SCHUMANN (RUE),0.0,,2,4,2,1,1,1,0,1,50,adult
201900054826,8,6,2019,0 days 10:10:00,1,7,07316,2,9,1,3,rue des sabotiers,"44,9192100","4,8619100",1,1,2,1943.0,3,1,0,-1,A01,3,0,2,8,26,5,4,,0.0,,2,1,0,1,2,1,0,1,50,child
201900054826,8,6,2019,0 days 10:10:00,1,7,07316,2,9,1,3,rue des sabotiers,"44,9192100","4,8619100",1,4,1,1967.0,0,8,0,-1,A01,3,0,2,8,26,5,4,,0.0,,2,1,0,1,2,1,0,1,50,adult
201900054877,14,6,2019,0 days 11:15:00,1,6,06123,2,1,1,1,11 NOVEMBRE AVENUE DU,"43,6764000","7,1909000",1,1,1,1966.0,1,1,8,-1,A01,3,0,2,8,26,5,7,(95)     11 NOVEMBRE AVENUE DU,0.0,,2,2,0,1,1,1,0,1,50,child
201900054877,14,6,2019,0 days 11:15:00,1,6,06123,2,1,1,1,11 NOVEMBRE AVENUE DU,"43,6764000","7,1909000",1,4,2,1987.0,5,2,0,-1,A01,3,0,2,8,26,5,7,(95)     11 NOVEMBRE AVENUE DU,0.0,,2,2,0,1,1,1,0,1,50,adult
201900054900,8,6,2019,0 days 08:39:00,1,6,06004,2,1,1,6,BORD DE MER RN.98 LA SIESTA,"43,5999000","7,1254900",3,4,1,1950.0,0,8,0,-1,C01,3,0,2,4,1,6,3,6098,0.0,,2,4,1,1,1,1,0,1,50,child
201900054900,8,6,2019,0 days 08:39:00,1,6,06004,2,1,1,6,BORD DE MER RN.98 LA SIESTA,"43,5999000","7,1254900",1,3,1,1953.0,5,8,8,-1,C01,3,0,2,4,1,6,3,6098,0.0,,2,4,1,1,1,1,0,1,50,adult
201900054900,8,6,2019,0 days 08:39:00,1,6,06004,2,1,1,6,BORD DE MER RN.98 LA SIESTA,"43,5999000","7,1254900",1,3,1,1959.0,5,8,8,-1,C01,3,0,2,4,1,6,3,6098,0.0,,2,4,1,1,1,1,0,1,50,adult
201900054900,8,6,2019,0 days 08:39:00,1,6,06004,2,1,1,6,BORD DE MER RN.98 LA SIESTA,"43,5999000","7,1254900",1,1,1,1982.0,1,1,8,-1,C01,3,0,2,4,1,6,3,6098,0.0,,2,4,1,1,1,1,0,1,50,adult
201900054902,14,2,2019,0 days 17:50:00,1,973,97302,2,1,1,3,GALMOT (AVENUE),"4,9318881"," -52,3285890",1,1,2,1960.0,9,1,0,-1,B01,3,0,2,7,9,5,4,GALMOT (AVENUE),0.0,,2,2,0,1,1,1,0,1,50,child
201900054902,14,2,2019,0 days 17:50:00,1,973,97302,2,1,1,3,GALMOT (AVENUE),"4,9318881"," -52,3285890",1,4,2,1987.0,0,8,0,-1,B01,3,0,2,7,9,5,4,GALMOT (AVENUE),0.0,,2,2,0,1,1,1,0,1,50,adult
201900054911,16,2,2019,0 days 09:20:00,1,69,69259,2,1,7,3,VIVIANI                             (AV),"45,7220400","4,8796000",1,4,1,1941.0,9,2,0,-1,B01,1,0,2,7,15,5,4,VIVIANI                             (AV),0.0,,1,1,0,1,1,1,0,1,50,child
201900054911,16,2,2019,0 days 09:20:00,1,69,69259,2,1,7,3,VIVIANI                             (AV),"45,7220400","4,8796000",1,1,1,1991.0,1,8,0,-1,B01,1,0,2,7,15,5,4,VIVIANI                             (AV),0.0,,1,1,0,1,1,1,0,1,50,adult
201900054921,14,2,2019,0 days 19:05:00,5,69,69388,2,3,1,3,PUISARD (DU)                        (R ),"45,7228200","4,8774600",1,1,1,1950.0,0,8,0,-1,B01,2,0,2,8,19,0,4,PUISARD (DU)                        (R ),0.0,,2,2,0,1,1,1,0,1,50,child
201900054921,14,2,2019,0 days 19:05:00,5,69,69388,2,3,1,3,PUISARD (DU)                        (R ),"45,7228200","4,8774600",1,4,1,1999.0,4,8,0,-1,B01,2,0,2,8,19,0,4,PUISARD (DU)                        (R ),0.0,,2,2,0,1,1,1,0,1,50,adult
201900054925,18,6,2019,0 days 15:59:00,1,3,03185,2,6,1,3,rue Albert Einstein,"46,3480127","2,6022499",1,3,1,1968.0,3,8,0,-1,B01,3,0,2,4,1,5,4,EINSTEIN ( RUE ALBERT ),0.0,,1,2,1,1,2,1,9,1,50,child
201900054925,18,6,2019,0 days 15:59:00,1,3,03185,2,6,1,3,rue Albert Einstein,"46,3480127","2,6022499",1,1,2,1994.0,3,1,8,-1,B01,3,0,2,4,1,5,4,EINSTEIN ( RUE ALBERT ),0.0,,1,2,1,1,2,1,9,1,50,adult
201900054952,15,2,2019,0 days 14:05:00,1,69,69384,2,1,1,3,EUGENE PONS                         (R ),"45,7799100","4,8397800",1,1,1,1961.0,5,1,0,-1,B01,1,0,2,1,1,0,4,EUGENE PONS                         (R ),0.0,,2,2,0,4,3,1,0,1,50,child
201900054952,15,2,2019,0 days 14:05:00,1,69,69384,2,1,1,3,EUGENE PONS                         (R ),"45,7799100","4,8397800",1,4,1,1999.0,4,8,0,-1,B01,1,0,2,1,1,0,4,EUGENE PONS                         (R ),0.0,,2,2,0,4,3,1,0,1,50,adult
201900055084,19,6,2019,0 days 17:45:00,1,75,75119,2,2,1,3,AVENUE CORENTIN CARIOU,"48,8981780","2,3859910",1,4,1,1972.0,1,8,0,-1,B01,2,0,2,1,1,5,4,AVENUE CORENTIN CARIOU,0.0,,1,4,1,1,1,1,0,5,50,child
201900055084,19,6,2019,0 days 17:45:00,1,75,75119,2,2,1,3,AVENUE CORENTIN CARIOU,"48,8981780","2,3859910",1,1,1,1998.0,1,1,5,-1,B01,2,0,2,1,1,5,4,AVENUE CORENTIN CARIOU,0.0,,1,4,1,1,1,1,0,5,50,adult
201900055084,19,6,2019,0 days 17:45:00,1,75,75119,2,2,1,3,AVENUE CORENTIN CARIOU,"48,8981780","2,3859910",2,1,2,1999.0,5,8,0,-1,B01,2,0,2,1,1,5,4,AVENUE CORENTIN CARIOU,0.0,,1,4,1,1,1,1,0,5,50,adult
201900055107,1,6,2019,0 days 09:48:00,1,75,75119,2,3,1,6,QUAI DE LA MARNE,"48,8901300","2,3835660",3,4,2,1949.0,5,8,0,-1,A01,1,0,1,3,1,5,4,QUAI DE LA MARNE,0.0,,2,2,1,1,1,1,0,5,30,child
201900055107,1,6,2019,0 days 09:48:00,1,75,75119,2,3,1,6,QUAI DE LA MARNE,"48,8901300","2,3835660",1,1,1,1991.0,1,8,0,-1,A01,1,0,1,3,1,5,4,QUAI DE LA MARNE,0.0,,2,2,1,1,1,1,0,5,30,adult
201900055127,2,1,2019,0 days 16:05:00,1,42,42187,2,8,1,3,POLYGONE (AVENUE DU ),"46,0548400","4,0807800",1,1,1,1944.0,3,1,0,-1,A01,3,0,2,7,26,5,4,POLYGONE (AVENUE DU ),0.0,,3,2,0,1,1,1,4,1,50,child
201900055127,2,1,2019,0 days 16:05:00,1,42,42187,2,8,1,3,POLYGONE (AVENUE DU ),"46,0548400","4,0807800",1,3,1,1984.0,5,2,8,-1,A01,3,0,2,7,26,5,4,POLYGONE (AVENUE DU ),0.0,,3,2,0,1,1,1,4,1,50,adult
201900055242,2,1,2019,0 days 17:30:00,5,75,75105,2,2,1,3,QUAI DES GRANDS AUGUSTINS,"48,8537810","2,3443210",1,1,1,1983.0,5,1,0,-1,B01,1,0,2,6,13,5,4,QUAI DES GRANDS AUGUSTINS,0.0,,1,3,3,1,1,1,0,1,50,child
201900055242,2,1,2019,0 days 17:30:00,5,75,75105,2,2,1,3,QUAI DES GRANDS AUGUSTINS,"48,8537810","2,3443210",1,4,2,2004.0,5,2,0,-1,B01,1,0,2,6,13,5,4,QUAI DES GRANDS AUGUSTINS,0.0,,1,3,3,1,1,1,0,1,50,adult
201900055343,23,9,2019,0 days 19:45:00,2,75,75117,2,2,1,3,AVENUE DE VILLIERS,"48,8838196","2,3047593",1,1,1,1951.0,1,1,0,-1,B01,2,0,2,1,1,5,4,AVENUE DE VILLIERS,0.0,,2,2,2,1,1,1,0,1,50,child
201900055343,23,9,2019,0 days 19:45:00,2,75,75117,2,2,1,3,AVENUE DE VILLIERS,"48,8838196","2,3047593",1,4,1,1997.0,1,8,2,-1,B01,2,0,2,1,1,5,4,AVENUE DE VILLIERS,0.0,,2,2,2,1,1,1,0,1,50,adult
201900055367,23,9,2019,0 days 16:10:00,1,75,75113,2,1,1,3,AVENUE D ITALIE,"48,8294431","2,3562697",1,1,1,1960.0,4,1,0,-1,B01,1,0,2,1,1,5,4,AVENUE D ITALIE,0.0,,2,4,1,2,1,1,0,5,50,child
201900055367,23,9,2019,0 days 16:10:00,1,75,75113,2,1,1,3,AVENUE D ITALIE,"48,8294431","2,3562697",1,4,1,1992.0,5,2,8,-1,B01,1,0,2,1,1,5,4,AVENUE D ITALIE,0.0,,2,4,1,2,1,1,0,5,50,adult
201900055400,25,10,2019,0 days 07:15:00,2,91,91201,2,2,1,3,JACQUELINE JEUNON(RUE),"48,6877800","2,4239100",1,1,1,1967.0,1,8,0,-1,B01,2,0,2,1,26,0,4,MAINVILLE(RUE DE),0.0,,1,1,0,1,1,1,0,-1,50,child
201900055400,25,10,2019,0 days 07:15:00,2,91,91201,2,2,1,3,JACQUELINE JEUNON(RUE),"48,6877800","2,4239100",1,4,1,2000.0,0,8,0,-1,B01,2,0,2,1,26,0,4,MAINVILLE(RUE DE),0.0,,1,1,0,1,1,1,0,-1,50,adult
201900055409,23,9,2019,0 days 17:10:00,1,93,93029,2,1,1,3,LEJEUNE (AVENUE),"48,9147000","2,4690000",1,1,1,1982.0,4,1,0,-1,B01,1,0,6,1,21,5,4,LEJEUNE (AVENUE),0.0,,2,2,0,1,1,1,0,1,50,child
201900055409,23,9,2019,0 days 17:10:00,1,93,93029,2,1,1,3,LEJEUNE (AVENUE),"48,9147000","2,4690000",1,4,1,2007.0,0,8,0,-1,B01,1,0,6,1,21,5,4,LEJEUNE (AVENUE),0.0,,2,2,0,1,1,1,0,1,50,adult
201900055421,23,9,2019,0 days 18:15:00,1,92,92024,2,1,8,3,VICTOR HUGO (BD),"48,8991047","2,3131784",1,4,1,1970.0,1,2,0,-1,B01,2,0,2,8,11,5,3,912,0.0,,2,2,0,1,1,1,0,1,50,child
201900055421,23,9,2019,0 days 18:15:00,1,92,92024,2,1,8,3,VICTOR HUGO (BD),"48,8991047","2,3131784",1,4,1,2008.0,5,8,0,-1,B01,2,0,2,8,11,5,3,912,0.0,,2,2,0,1,1,1,0,1,50,adult
201900055441,24,10,2019,0 days 15:15:00,1,67,67482,2,1,1,3,DOUBS (RUE DU),"48,5552410","7,7334470",1,1,2,1933.0,0,1,0,-1,A01,1,0,2,8,19,5,4,DOUBS (RUE DU),0.0,,2,2,1,1,1,1,0,1,50,child
201900055441,24,10,2019,0 days 15:15:00,1,67,67482,2,1,1,3,DOUBS (RUE DU),"48,5552410","7,7334470",1,4,1,1986.0,9,2,0,-1,A01,1,0,2,8,19,5,4,DOUBS (RUE DU),0.0,,2,2,1,1,1,1,0,1,50,adult
201900055631,22,9,2019,0 days 15:25:00,1,37,37261,2,1,1,3,CHOISEUL (PLACE),"47,4018400","0,6842600",1,1,2,1961.0,3,1,8,-1,A01,2,0,2,1,1,5,4,CHOISEUL (PLACE),0.0,,2,4,2,2,1,1,0,1,50,child
201900055631,22,9,2019,0 days 15:25:00,1,37,37261,2,1,1,3,CHOISEUL (PLACE),"47,4018400","0,6842600",1,4,1,1995.0,3,8,0,-1,A01,2,0,2,1,1,5,4,CHOISEUL (PLACE),0.0,,2,4,2,2,1,1,0,1,50,adult
201900055644,19,9,2019,0 days 08:30:00,1,75,75116,2,2,1,3,AVENUE DE L HIPPODROME,"48,8622868","2,2383142",1,4,1,1978.0,5,2,8,-1,B01,1,0,2,1,17,5,4,AVENUE DE L HIPPODROME,0.0,,-1,2,1,1,1,1,0,5,50,child
201900055644,19,9,2019,0 days 08:30:00,1,75,75116,2,2,1,3,AVENUE DE L HIPPODROME,"48,8622868","2,2383142",1,1,2,2001.0,2,8,2,-1,B01,1,0,2,1,17,5,4,AVENUE DE L HIPPODROME,0.0,,-1,2,1,1,1,1,0,5,50,adult
201900055647,21,9,2019,0 days 11:25:00,1,75,75115,2,1,1,6,RUE DES MORILLONS,"48,8332625","2,2993017",3,4,2,1926.0,5,0,0,0,A01,2,0,1,1,1,5,4,RUE DES MORILLONS,0.0,,2,2,0,1,1,1,0,1,50,child
201900055647,21,9,2019,0 days 11:25:00,1,75,75115,2,1,1,6,RUE DES MORILLONS,"48,8332625","2,2993017",1,1,1,1973.0,5,8,2,-1,A01,2,0,1,1,1,5,4,RUE DES MORILLONS,0.0,,2,2,0,1,1,1,0,1,50,adult
201900055649,22,9,2019,0 days 10:16:00,1,75,75113,2,2,8,3,QUAI D AUSTERLITZ,"48,8419153","2,3678797",1,1,1,1943.0,0,1,9,-1,B01,2,0,2,1,7,5,4,QUAI D AUSTERLITZ,0.0,,2,4,3,3,1,1,0,6,50,child
201900055649,22,9,2019,0 days 10:16:00,1,75,75113,2,2,8,3,QUAI D AUSTERLITZ,"48,8419153","2,3678797",1,4,1,1984.0,5,2,8,-1,B01,2,0,2,1,7,5,4,QUAI D AUSTERLITZ,0.0,,2,4,3,3,1,1,0,6,50,adult