Num_Acc,jour,mois,an,hrmn,lum,dep,com,agg,int,atm,col,adr,lat,long,catu,grav,sexe,an_nais,trajet,secu1,secu2,secu3,num_veh_y,senc,obs,obsm,choc,manv,motor,catr,voie,v1,v2,circ,nbv,vosp,prof,plan,surf,infra,situ,vma,age
201900055670,23,9,2019,0 days 14:15:00,1,68,68315,2,1,1,1,35 rue du fossé,"47,8854170","7,2275460",1,1,1,1973.0,5,1,-1,-1,B01,2,0,2,1,1,5,4,,,,1,1,0,4,1,1,0,1,30,child
201900055670,23,9,2019,0 days 14:15:00,1,68,68315,2,1,1,1,35 rue du fossé,"47,8854170","7,2275460",1,4,1,2004.0,5,0,-1,-1,B01,2,0,2,1,1,5,4,,,,1,1,0,4,1,1,0,1,30,adult
201900055686,12,7,2019,0 days 17:50:00,1,68,68115,2,3,1,1,rue de soppe,"47,7490960","7,0925410",1,4,1,1946.0,5,2,-1,-1,B01,2,0,2,1,1,5,3,34,0.0,,2,2,0,1,1,1,0,1,50,child
201900055686,12,7,2019,0 days 17:50:00,1,68,68115,2,3,1,1,rue de soppe,"47,7490960","7,0925410",1,1,1,1999.0,1,1,-1,-1,B01,2,0,2,1,1,5,3,34,0.0,,2,2,0,1,1,1,0,1,50,adult
201900055698,21,6,2019,0 days 14:20:00,1,38,38039,2,1,1,2,192 Route Départementale 1090,"45,2718960","5,8687950",1,4,1,1959.0,5,2,-1,-1,B01,2,0,2,1,1,5,3,1090,0.0,,2,2,0,2,1,1,0,1,30,child
201900055698,21,6,2019,0 days 14:20:00,1,38,38039,2,1,1,2,192 Route Départementale 1090,"45,2718960","5,8687950",1,1,2,2000.0,0,1,-1,-1,B01,2,0,2,1,1,5,3,1090,0.0,,2,2,0,2,1,1,0,1,30,adult
201900055722,12,7,2019,0 days 09:55:00,1,73,73159,1,2,1,3,D202 Villarbet,"45,4710523","6,0785374",1,4,1,1970.0,5,2,-1,-1,B01,1,0,2,1,19,5,3,202,,,2,2,0,3,1,1,0,1,80,child
201900055722,12,7,2019,0 days 09:55:00,1,73,73159,1,2,1,3,D202 Villarbet,"45,4710523","6,0785374",1,1,2,1999.0,5,1,-1,-1,B01,1,0,2,1,19,5,3,202,,,2,2,0,3,1,1,0,1,80,adult
201900055789,13,7,2019,0 days 07:40:00,1,6,06075,1,1,7,1,5047 Route de Saint-Blaise,"43,8298630","7,2391290",1,3,1,1946.0,5,2,-1,-1,A01,2,0,2,1,13,6,7,14,,,2,2,0,2,2,1,0,1,70,child
201900055789,13,7,2019,0 days 07:40:00,1,6,06075,1,1,7,1,5047 Route de Saint-Blaise,"43,8298630","7,2391290",1,1,1,2001.0,5,2,-1,-1,A01,2,0,2,1,13,6,7,14,,,2,2,0,2,2,1,0,1,70,adult
201900055812,12,7,2019,0 days 09:40:00,1,33,33243,2,1,7,3,rue Jules Védrines,"44,9068320"," -0,2350480",1,4,1,1933.0,0,0,-1,-1,B01,0,0,2,7,0,5,4,,,,2,2,0,1,1,1,0,1,50,child
201900055812,12,7,2019,0 days 09:40:00,1,33,33243,2,1,7,3,rue Jules Védrines,"44,9068320"," -0,2350480",1,1,2,1980.0,0,1,-1,-1,B01,0,0,2,7,0,5,4,,,,2,2,0,1,1,1,0,1,50,adult
201900055833,13,7,2019,0 days 10:30:00,1,91,91377,1,1,1,3,RD 188,"48,7274000","2,2882000",1,4,1,1947.0,0,2,0,-1,B01,1,0,2,4,2,5,3,188,0.0,,3,3,0,1,1,1,0,3,70,child
201900055833,13,7,2019,0 days 10:30:00,1,91,91377,1,1,1,3,RD 188,"48,7274000","2,2882000",1,1,1,1984.0,0,1,0,-1,B01,1,0,2,4,2,5,3,188,0.0,,3,3,0,1,1,1,0,3,70,adult
201900055946,26,3,2019,0 days 17:15:00,1,64,64445,2,3,1,3,BUROS DE,"43,3231400"," -0,3458900",1,4,2,1946.0,5,8,0,-1,B01,2,0,2,1,1,5,4,BUROS DE,0.0,,2,2,1,1,1,1,0,1,50,child
201900055946,26,3,2019,0 days 17:15:00,1,64,64445,2,3,1,3,BUROS DE,"43,3231400"," -0,3458900",1,1,2,1979.0,5,1,8,-1,B01,2,0,2,1,1,5,4,BUROS DE,0.0,,2,2,1,1,1,1,0,1,50,adult
201900055951,26,3,2019,0 days 09:05:00,1,56,56107,2,6,1,3,LEROY QUERET (RUE DES 4 FRERES),"47,7095800"," -3,3844000",1,1,1,1942.0,5,1,8,-1,B01,3,0,2,7,0,5,4,LEROY QUERET (RUE DES 4 FRERES),0.0,,2,2,0,1,1,1,5,1,50,child
201900055951,26,3,2019,0 days 09:05:00,1,56,56107,2,6,1,3,LEROY QUERET (RUE DES 4 FRERES),"47,7095800"," -3,3844000",1,4,2,1978.0,0,2,0,-1,B01,3,0,2,7,0,5,4,LEROY QUERET (RUE DES 4 FRERES),0.0,,2,2,0,1,1,1,5,1,50,adult
201900055974,27,3,2019,0 days 10:50:00,1,34,34172,2,1,1,2,CHASSEURS (RUE DES),"43,6014100","3,8577600",1,3,1,1954.0,0,8,0,-1,B01,1,0,2,4,1,5,4,CHASSEURS (RUE DES),0.0,,2,2,0,1,1,1,0,1,50,child
201900055974,27,3,2019,0 days 10:50:00,1,34,34172,2,1,1,2,CHASSEURS (RUE DES),"43,6014100","3,8577600",1,1,1,2001.0,0,8,0,-1,B01,1,0,2,4,1,5,4,CHASSEURS (RUE DES),0.0,,2,2,0,1,1,1,0,1,50,adult
201900056003,27,3,2019,0 days 09:15:00,1,75,75106,2,2,1,3,BOULEVARD SAINT GERMAIN,"48,8529170","2,3369820",1,4,2,1958.0,5,8,0,-1,B01,2,0,2,4,7,5,4,BOULEVARD SAINT GERMAIN,0.0,,1,3,3,1,1,1,0,6,50,child
201900056003,27,3,2019,0 days 09:15:00,1,75,75106,2,2,1,3,BOULEVARD SAINT GERMAIN,"48,8529170","2,3369820",1,1,1,1999.0,4,1,0,-1,B01,2,0,2,4,7,5,4,BOULEVARD SAINT GERMAIN,0.0,,1,3,3,1,1,1,0,6,50,adult
201900056015,27,3,2019,0 days 10:10:00,1,75,75107,2,2,1,3,AVENUE DE TOURVILLE,"48,8539570","2,3095310",1,4,1,1934.0,5,8,0,-1,A01,1,0,2,1,1,5,4,AVENUE DE TOURVILLE,0.0,,2,3,0,1,1,1,0,1,50,child
201900056015,27,3,2019,0 days 10:10:00,1,75,75107,2,2,1,3,AVENUE DE TOURVILLE,"48,8539570","2,3095310",1,1,1,1984.0,0,2,6,-1,A01,1,0,2,1,1,5,4,AVENUE DE TOURVILLE,0.0,,2,3,0,1,1,1,0,1,50,adult
201900056027,26,3,2019,0 days 15:30:00,1,93,93061,2,9,1,1,SEMANAZ JEAN-BAPTISTE RUE,"48,8847180","2,4013370",3,4,2,1952.0,5,8,0,-1,B01,1,0,2,1,1,0,4,SEMANAZ JEAN-BAPTISTE RUE,0.0,,-1,2,1,1,1,1,0,1,50,child
201900056027,26,3,2019,0 days 15:30:00,1,93,93061,2,9,1,1,SEMANAZ JEAN-BAPTISTE RUE,"48,8847180","2,4013370",1,4,1,2005.0,0,8,0,-1,B01,1,0,2,1,1,0,4,SEMANAZ JEAN-BAPTISTE RUE,0.0,,-1,2,1,1,1,1,0,1,50,adult
201900056094,19,8,2019,0 days 19:15:00,1,14,14338,2,3,1,1,LECLERC (RUE DU GAL),"49,3000000","0,0760000",1,1,1,1933.0,5,1,-1,-1,B01,1,0,2,1,0,6,4,LECLERC (RUE DU GAL),0.0,,1,1,0,1,1,1,0,1,30,child
201900056094,19,8,2019,0 days 19:15:00,1,14,14338,2,3,1,1,LECLERC (RUE DU GAL),"49,3000000","0,0760000",1,4,1,2003.0,5,8,0,-1,B01,1,0,2,1,0,6,4,LECLERC (RUE DU GAL),0.0,,1,1,0,1,1,1,0,1,30,adult
201900056103,18,8,2019,0 days 16:10:00,1,75,75117,2,3,1,3,BOULEVARD PERSHING,"48,8818519","2,2855592",1,4,1,1952.0,5,2,0,-1,A01,1,0,2,1,5,5,4,BOULEVARD PERSHING,0.0,,2,5,0,1,1,1,0,1,50,child
201900056103,18,8,2019,0 days 16:10:00,1,75,75117,2,3,1,3,BOULEVARD PERSHING,"48,8818519","2,2855592",1,1,1,1977.0,5,1,0,-1,A01,1,0,2,1,5,5,4,BOULEVARD PERSHING,0.0,,2,5,0,1,1,1,0,1,50,adult
201900056103,18,8,2019,0 days 16:10:00,1,75,75117,2,3,1,3,BOULEVARD PERSHING,"48,8818519","2,2855592",2,1,2,1980.0,5,1,0,-1,A01,1,0,2,1,5,5,4,BOULEVARD PERSHING,0.0,,2,5,0,1,1,1,0,1,50,adult
201900056132,20,8,2019,0 days 14:30:00,1,83,83070,2,1,7,2,Boulevard de l'Hubac du Bleu,"43,1590790","6,4323960",1,4,2,1953.0,5,2,-1,-1,B01,2,12,0,4,1,5,4,,,,2,2,0,2,3,1,0,1,50,child
201900056132,20,8,2019,0 days 14:30:00,1,83,83070,2,1,7,2,Boulevard de l'Hubac du Bleu,"43,1590790","6,4323960",1,4,1,1985.0,0,2,-1,-1,B01,2,12,0,4,1,5,4,,,,2,2,0,2,3,1,0,1,50,adult
201900056137,20,8,2019,0 days 17:55:00,1,80,80410,1,1,1,3,D930,"49,7622470","3,0798920",1,1,1,1964.0,4,1,-1,-1,B01,1,0,2,9,15,5,3,930,,,2,2,0,1,1,1,0,5,-1,child
201900056137,20,8,2019,0 days 17:55:00,1,80,80410,1,1,1,3,D930,"49,7622470","3,0798920",1,3,1,2001.0,0,0,-1,-1,B01,1,0,2,9,15,5,3,930,,,2,2,0,1,1,1,0,5,-1,adult
201900056181,18,8,2019,0 days 10:05:00,1,74,74155,2,2,1,3,D22,"46,2824890","6,5204660",1,4,1,1952.0,5,2,-1,-1,B01,1,0,2,1,1,5,3,22,,,2,2,0,2,1,1,0,1,50,child
201900056181,18,8,2019,0 days 10:05:00,1,74,74155,2,2,1,3,D22,"46,2824890","6,5204660",1,1,1,1999.0,5,8,-1,-1,B01,1,0,2,1,1,5,3,22,,,2,2,0,2,1,1,0,1,50,adult
201900056211,14,8,2019,0 days 18:15:00,1,73,73011,2,1,7,2,PIQUAND (RUE EDOUARD),"45,6777795","6,3820492",1,4,1,1959.0,5,2,6,-1,B01,1,0,2,4,2,6,4,PIQUAND (RUE EDOUARD),0.0,,2,2,1,2,1,1,0,1,50,child
201900056211,14,8,2019,0 days 18:15:00,1,73,73011,2,1,7,2,PIQUAND (RUE EDOUARD),"45,6777795","6,3820492",1,4,1,2003.0,5,2,6,-1,B01,1,0,2,4,2,6,4,PIQUAND (RUE EDOUARD),0.0,,2,2,1,2,1,1,0,1,50,adult
201900056302,13,5,2019,0 days 16:40:00,1,86,86096,1,2,1,3,ROUTE DÉPARTEMENTALE 41,"46,8137500","0,3168450",1,3,1,1948.0,0,0,-1,-1,A01,3,0,2,8,19,5,3,725,0.0,A,2,2,0,1,1,1,5,1,80,child
201900056302,13,5,2019,0 days 16:40:00,1,86,86096,1,2,1,3,ROUTE DÉPARTEMENTALE 41,"46,8137500","0,3168450",1,1,1,1972.0,4,1,-1,-1,A01,3,0,2,8,19,5,3,725,0.0,A,2,2,0,1,1,1,5,1,80,adult
201900056329,15,2,2019,0 days 17:55:00,2,67,67482,1,1,1,6,LA FONTAINE (BOULEVARD),"48,5907200","7,7022700",3,4,2,1941.0,0,8,0,-1,A01,1,0,1,1,1,5,4,LA FONTAINE (BOULEVARD),0.0,,1,1,0,1,3,1,0,1,50,child
201900056329,15,2,2019,0 days 17:55:00,2,67,67482,1,1,1,6,LA FONTAINE (BOULEVARD),"48,5907200","7,7022700",1,1,1,1962.0,3,8,0,-1,A01,1,0,1,1,1,5,4,LA FONTAINE (BOULEVARD),0.0,,1,1,0,1,3,1,0,1,50,adult
201900056353,13,2,2019,0 days 08:35:00,1,64,64284,2,6,1,2,BEAUVALLON,"43,2857279"," -0,3995755",1,1,1,1957.0,9,1,0,-1,B01,2,0,2,6,0,5,3,268,0.0,,2,2,0,1,1,1,0,1,50,child
201900056353,13,2,2019,0 days 08:35:00,1,64,64284,2,6,1,2,BEAUVALLON,"43,2857279"," -0,3995755",1,4,1,1978.0,9,2,0,-1,B01,2,0,2,6,0,5,3,268,0.0,,2,2,0,1,1,1,0,1,50,adult
201900056381,17,2,2019,0 days 10:30:00,1,59,59152,2,6,1,2,boulevard de la lys,"50,7552400","3,0251000",1,1,2,1955.0,0,8,0,-1,B01,3,0,2,0,0,0,4,boulevard de la lys,0.0,,-1,1,0,1,2,1,0,1,50,child
201900056381,17,2,2019,0 days 10:30:00,1,59,59152,2,6,1,2,boulevard de la lys,"50,7552400","3,0251000",1,4,1,1982.0,5,2,8,-1,B01,3,0,2,0,0,0,4,boulevard de la lys,0.0,,-1,1,0,1,2,1,0,1,50,adult
201900056415,13,2,2019,0 days 19:55:00,4,56,56121,2,6,1,3,BASE DE SOUS-MARINS ( RD PT DE LA ),"47,7358600"," -3,3747300",1,1,1,1965.0,5,1,8,-1,B01,3,0,2,7,19,5,3,465,0.0,,2,2,0,1,1,1,0,1,70,child
201900056415,13,2,2019,0 days 19:55:00,4,56,56121,2,6,1,3,BASE DE SOUS-MARINS ( RD PT DE LA ),"47,7358600"," -3,3747300",1,4,1,1993.0,5,8,0,-1,B01,3,0,2,7,19,5,3,465,0.0,,2,2,0,1,1,1,0,1,70,adult
201900056452,25,5,2019,0 days 12:50:00,1,973,97305,1,1,1,3,Tonate,"5,0011941"," -52,4583119",1,1,2,1968.0,5,1,-1,-1,B01,2,0,2,8,1,5,2,1,0.0,,2,2,0,1,1,1,0,1,80,child
201900056452,25,5,2019,0 days 12:50:00,1,973,97305,1,1,1,3,Tonate,"5,0011941"," -52,4583119",1,3,1,2002.0,5,0,-1,-1,B01,2,0,2,8,1,5,2,1,0.0,,2,2,0,1,1,1,0,1,80,adult
201900056513,15,2,2019,0 days 14:35:00,1,34,34172,2,1,1,3,RAYMOND DUGRAND (AVENUE),"43,5922600","3,9069000",1,4,1,1950.0,5,8,0,-1,B01,2,0,2,8,1,5,4,RAYMOND DUGRAND (AVENUE),0.0,,2,4,0,1,1,1,0,1,50,child
201900056513,15,2,2019,0 days 14:35:00,1,34,34172,2,1,1,3,RAYMOND DUGRAND (AVENUE),"43,5922600","3,9069000",1,1,2,1985.0,5,1,0,-1,B01,2,0,2,8,1,5,4,RAYMOND DUGRAND (AVENUE),0.0,,2,4,0,1,1,1,0,1,50,adult
201900056557,14,2,2019,0 days 07:35:00,2,31,31149,2,3,1,3,GRAMONT (CHEMIN DE),"43,6182100","1,3389700",1,4,1,1966.0,1,2,8,-1,B01,1,0,2,1,1,5,4,GRAMONT (CHEMIN DE),0.0,,2,2,1,1,1,1,0,1,50,child
201900056557,14,2,2019,0 days 07:35:00,2,31,31149,2,3,1,3,GRAMONT (CHEMIN DE),"43,6182100","1,3389700",1,1,2,1988.0,9,1,8,-1,B01,1,0,2,1,1,5,4,GRAMONT (CHEMIN DE),0.0,,2,2,1,1,1,1,0,1,50,adult
201900056561,14,2,2019,0 days 07:00:00,5,31,31555,2,1,1,6,RUE SAINT CHARLES,"43,6101600","1,4406300",3,3,1,1973.0,5,8,0,-1,A01,1,0,1,1,1,5,4,RUE SAINT CHARLES,0.0,,1,2,0,1,1,1,0,1,30,child
201900056561,14,2,2019,0 days 07:00:00,5,31,31555,2,1,1,6,RUE SAINT CHARLES,"43,6101600","1,4406300",1,1,1,2003.0,2,2,0,-1,A01,1,0,1,1,1,5,4,RUE SAINT CHARLES,0.0,,1,2,0,1,1,1,0,1,30,adult
201900056563,13,2,2019,0 days 18:10:00,1,31,31555,2,3,1,3,PLACE DES TIBAOUS,"43,5504700","1,3854900",1,1,1,1965.0,0,1,0,-1,B01,0,0,2,1,19,5,4,PLACE DES TIBAOUS,0.0,,2,2,0,1,1,1,9,1,30,child
201900056563,13,2,2019,0 days 18:10:00,1,31,31555,2,3,1,3,PLACE DES TIBAOUS,"43,5504700","1,3854900",1,4,1,2011.0,5,8,0,-1,B01,0,0,2,1,19,5,4,PLACE DES TIBAOUS,0.0,,2,2,0,1,1,1,9,1,30,adult
201900056600,12,5,2019,0 days 10:35:00,1,78,78062,1,3,1,3,D 119,"48,8506510","1,8949420",1,1,1,1926.0,3,1,-1,-1,B01,2,0,2,1,1,5,3,119,,,2,2,0,2,1,1,5,1,70,child
201900056600,12,5,2019,0 days 10:35:00,1,78,78062,1,3,1,3,D 119,"48,8506510","1,8949420",1,3,1,1989.0,5,2,-1,-1,B01,2,0,2,1,1,5,3,119,,,2,2,0,2,1,1,5,1,70,adult
201900056602,2,12,2019,0 days 15:29:00,1,88,88196,2,2,1,3,28 Boulevard de la Jamagne,"48,0759050","6,8763990",1,1,2,1955.0,5,1,-1,-1,B01,1,0,2,1,1,5,3,417,0.0,D,2,2,2,1,1,1,0,5,50,child
201900056602,2,12,2019,0 days 15:29:00,1,88,88196,2,2,1,3,28 Boulevard de la Jamagne,"48,0759050","6,8763990",1,4,1,1980.0,0,0,-1,-1,B01,1,0,2,1,1,5,3,417,0.0,D,2,2,2,1,1,1,0,5,50,adult
201900056613,11,6,2019,0 days 11:05:00,1,75,75117,2,3,1,6,RUE LECLUSE,"48,8849100","2,3250340",3,4,2,1944.0,5,8,0,-1,A01,1,0,1,1,15,5,4,RUE LECLUSE,0.0,,1,1,0,1,1,1,0,1,30,child
201900056613,11,6,2019,0 days 11:05:00,1,75,75117,2,3,1,6,RUE LECLUSE,"48,8849100","2,3250340",1,1,1,1993.0,1,2,0,-1,A01,1,0,1,1,15,5,4,RUE LECLUSE,0.0,,1,1,0,1,1,1,0,1,30,adult
201900056666,13,6,2019,0 days 13:30:00,1,75,75116,2,7,1,3,PLACE DU MARECHAL DE LATTRE DE TASSIGNY,"48,8720810","2,2755300",1,4,2,1942.0,5,8,0,-1,B01,3,0,2,4,1,5,4,PLACE DU MARECHAL DE LATTRE DE TASSIGNY,0.0,,1,1,0,1,1,1,0,1,50,child
201900056666,13,6,2019,0 days 13:30:00,1,75,75116,2,7,1,3,PLACE DU MARECHAL DE LATTRE DE TASSIGNY,"48,8720810","2,2755300",1,1,2,1984.0,5,1,8,-1,B01,3,0,2,4,1,5,4,PLACE DU MARECHAL DE LATTRE DE TASSIGNY,0.0,,1,1,0,1,1,1,0,1,50,adult
201900056666,13,6,2019,0 days 13:30:00,1,75,75116,2,7,1,3,PLACE DU MARECHAL DE LATTRE DE TASSIGNY,"48,8720810","2,2755300",2,1,2,1985.0,5,1,8,-1,B01,3,0,2,4,1,5,4,PLACE DU MARECHAL DE LATTRE DE TASSIGNY,0.0,,1,1,0,1,1,1,0,1,50,adult
201900056737,14,2,2019,0 days 15:45:00,1,10,10081,2,1,7,3,JULES FERRY (RUE),"48,3180991","4,0581152",1,2,1,1940.0,5,2,6,-1,B01,2,0,2,0,0,5,3,20,0.0,,2,2,0,1,1,1,0,1,50,child
201900056737,14,2,2019,0 days 15:45:00,1,10,10081,2,1,7,3,JULES FERRY (RUE),"48,3180991","4,0581152",1,1,1,1990.0,5,1,0,-1,B01,2,0,2,0,0,5,3,20,0.0,,2,2,0,1,1,1,0,1,50,adult
201900056753,18,6,2019,0 days 19:30:00,1,75,75115,2,3,1,3,BOULEVARD VICTOR,"48,8335020","2,2865560",1,1,1,1960.0,4,8,0,-1,B01,1,0,2,1,1,5,4,BOULEVARD VICTOR,0.0,,1,2,1,1,1,1,0,5,50,child
201900056753,18,6,2019,0 days 19:30:00,1,75,75115,2,3,1,3,BOULEVARD VICTOR,"48,8335020","2,2865560",1,4,1,1986.0,1,8,0,-1,B01,1,0,2,1,1,5,4,BOULEVARD VICTOR,0.0,,1,2,1,1,1,1,0,5,50,adult
201900056768,14,6,2019,0 days 08:45:00,1,75,75115,2,2,1,3,RUE DU GENERAL GUILLAUMAT,"48,8289320","2,2941560",1,4,1,1958.0,4,2,0,-1,B01,3,0,2,1,7,5,4,RUE DU GENERAL GUILLAUMAT,0.0,,2,4,3,1,1,1,0,6,50,child
201900056768,14,6,2019,0 days 08:45:00,1,75,75115,2,2,1,3,RUE DU GENERAL GUILLAUMAT,"48,8289320","2,2941560",1,1,1,1987.0,4,1,0,-1,B01,3,0,2,1,7,5,4,RUE DU GENERAL GUILLAUMAT,0.0,,2,4,3,1,1,1,0,6,50,adult
201900056769,13,6,2019,0 days 00:30:00,5,75,75115,2,7,1,3,RUE DE LA CROIX NIVERT,"48,8477960","2,3014130",1,4,1,1976.0,5,8,0,-1,B01,2,0,2,1,18,0,4,RUE DE LA CROIX NIVERT,0.0,,2,3,0,1,1,1,0,1,50,child
201900056769,13,6,2019,0 days 00:30:00,5,75,75115,2,7,1,3,RUE DE LA CROIX NIVERT,"48,8477960","2,3014130",2,1,2,1998.0,5,1,0,-1,B01,2,0,2,1,18,0,4,RUE DE LA CROIX NIVERT,0.0,,2,3,0,1,1,1,0,1,50,adult
201900056769,13,6,2019,0 days 00:30:00,5,75,75115,2,7,1,3,RUE DE LA CROIX NIVERT,"48,8477960","2,3014130",1,1,2,2000.0,5,1,0,-1,B01,2,0,2,1,18,0,4,RUE DE LA CROIX NIVERT,0.0,,2,3,0,1,1,1,0,1,50,adult
201900056787,1,12,2019,0 days 17:40:00,5,77,77284,2,3,2,3,D360 X RUE DES FUSILIERS,"48,9530400","2,8794100",2,1,2,1987.0,0,1,0,-1,B01,2,0,2,3,19,5,3,360,0.0,,2,4,0,4,1,2,5,1,50,child
201900056787,1,12,2019,0 days 17:40:00,5,77,77284,2,3,2,3,D360 X RUE DES FUSILIERS,"48,9530400","2,8794100",1,1,2,1988.0,0,1,0,-1,B01,2,0,2,3,19,5,3,360,0.0,,2,4,0,4,1,2,5,1,50,adult
201900056787,1,12,2019,0 days 17:40:00,5,77,77284,2,3,2,3,D360 X RUE DES FUSILIERS,"48,9530400","2,8794100",3,4,1,2009.0,0,8,0,-1,B01,2,0,2,3,19,5,3,360,0.0,,2,4,0,4,1,2,5,1,50,adult
201900056819,7,6,2019,0 days 10:35:00,1,75,75114,2,7,2,6,AVENUE DU COLONEL HENRI ROL TANGUY,"48,8337030","2,3319260",1,1,1,1967.0,4,1,0,-1,B01,1,0,2,0,1,5,4,AVENUE DU COLONEL HENRI ROL TANGUY,0.0,,2,4,0,1,1,2,0,1,50,child
201900056819,7,6,2019,0 days 10:35:00,1,75,75114,2,7,2,6,AVENUE DU COLONEL HENRI ROL TANGUY,"48,8337030","2,3319260",1,4,1,1991.0,4,2,0,-1,B01,1,0,2,0,1,5,4,AVENUE DU COLONEL HENRI ROL TANGUY,0.0,,2,4,0,1,1,2,0,1,50,adult
201900056863,13,6,2019,0 days 09:40:00,1,75,75113,2,1,2,6,QUAI PANHARD ET LEVASSOR,"48,8285330","2,3843870",3,4,2,1942.0,0,8,0,-1,A01,1,0,1,2,1,5,4,QUAI PANHARD ET LEVASSOR,0.0,,2,6,1,1,1,1,0,5,30,child
201900056863,13,6,2019,0 days 09:40:00,1,75,75113,2,1,2,6,QUAI PANHARD ET LEVASSOR,"48,8285330","2,3843870",1,4,1,1971.0,4,2,8,-1,A01,1,0,1,2,1,5,4,QUAI PANHARD ET LEVASSOR,0.0,,2,6,1,1,1,1,0,5,30,adult
201900056871,14,2,2019,0 days 14:40:00,1,75,75117,2,1,1,6,BOULEVARD DE COURCELLES,"48,8811390","2,3150520",3,4,2,1942.0,5,8,0,-1,A01,1,0,1,7,1,5,4,BOULEVARD DE COURCELLES,0.0,,2,5,1,1,1,1,0,5,30,child
201900056871,14,2,2019,0 days 14:40:00,1,75,75117,2,1,1,6,BOULEVARD DE COURCELLES,"48,8811390","2,3150520",1,1,1,1991.0,9,2,0,-1,A01,1,0,1,7,1,5,4,BOULEVARD DE COURCELLES,0.0,,2,5,1,1,1,1,0,5,30,adult
201900056888,30,11,2019,0 days 15:20:00,1,75,75109,2,1,1,6,RUE DE PROVENCE,"48,8742940","2,3332561",3,4,2,1975.0,9,0,-1,-1,A01,1,0,1,1,1,5,4,RUE DE PROVENCE,0.0,,1,1,1,1,1,1,0,5,50,child
201900056888,30,11,2019,0 days 15:20:00,1,75,75109,2,1,1,6,RUE DE PROVENCE,"48,8742940","2,3332561",1,4,1,1999.0,4,8,2,-1,A01,1,0,1,1,1,5,4,RUE DE PROVENCE,0.0,,1,1,1,1,1,1,0,5,50,adult
201900056893,15,2,2019,0 days 19:50:00,5,75,75115,2,2,1,3,RUE DE DANTZIG,"48,8352390","2,3004690",1,1,1,1953.0,4,1,0,-1,B01,2,0,2,1,1,5,4,RUE DE DANTZIG,0.0,,1,2,0,1,1,1,0,1,30,child
201900056893,15,2,2019,0 days 19:50:00,5,75,75115,2,2,1,3,RUE DE DANTZIG,"48,8352390","2,3004690",1,4,2,1988.0,4,2,0,-1,B01,2,0,2,1,1,5,4,RUE DE DANTZIG,0.0,,1,2,0,1,1,1,0,1,30,adult
201900056911,14,6,2019,0 days 20:00:00,1,75,75112,2,3,1,3,ROUTE DE LA FERME,"48,8211800","2,4527760",1,1,1,1947.0,5,1,0,-1,B01,3,0,2,7,19,5,4,ROUTE DE LA FERME,0.0,,2,2,0,1,1,1,0,1,50,child
201900056911,14,6,2019,0 days 20:00:00,1,75,75112,2,3,1,3,ROUTE DE LA FERME,"48,8211800","2,4527760",1,4,1,1987.0,5,2,0,-1,B01,3,0,2,7,19,5,4,ROUTE DE LA FERME,0.0,,2,2,0,1,1,1,0,1,50,adult
201900056934,15,6,2019,0 days 01:34:00,5,75,75110,2,1,2,6,RUE DU FAUBOURG POISSONNIERE,"48,8769700","2,3488660",3,4,2,1960.0,5,8,0,-1,A01,2,0,1,1,1,5,4,RUE DU FAUBOURG POISSONNIERE,0.0,,2,1,1,2,1,2,9,5,50,child
201900056934,15,6,2019,0 days 01:34:00,5,75,75110,2,1,2,6,RUE DU FAUBOURG POISSONNIERE,"48,8769700","2,3488660",1,1,2,1992.0,5,2,4,-1,A01,2,0,1,1,1,5,4,RUE DU FAUBOURG POISSONNIERE,0.0,,2,1,1,2,1,2,9,5,50,adult
201900056938,6,6,2019,0 days 10:35:00,1,75,75110,2,5,1,3,RUE DU FAUBOURG SAINT DENIS,"48,8842000","2,3594070",1,1,1,1964.0,1,1,0,-1,B01,1,0,2,6,1,5,4,RUE DU FAUBOURG SAINT DENIS,0.0,,2,2,0,1,1,1,2,1,50,child
201900056938,6,6,2019,0 days 10:35:00,1,75,75110,2,5,1,3,RUE DU FAUBOURG SAINT DENIS,"48,8842000","2,3594070",1,4,2,1987.0,1,2,0,-1,B01,1,0,2,6,1,5,4,RUE DU FAUBOURG SAINT DENIS,0.0,,2,2,0,1,1,1,2,1,50,adult
201900056951,19,6,2019,0 days 09:15:00,1,75,75108,2,7,1,3,ROND POINT CHAMPS ELYSEES MARCEL DASSAUL,"48,8687600","2,3110620",1,1,1,1969.0,5,2,6,-1,A01,1,0,2,6,13,5,4,ROND POINT CHAMPS ELYSEES MARCEL DASSAUL,0.0,,4,4,0,1,1,1,5,1,50,child
201900056951,19,6,2019,0 days 09:15:00,1,75,75108,2,7,1,3,ROND POINT CHAMPS ELYSEES MARCEL DASSAUL,"48,8687600","2,3110620",1,4,2,1993.0,9,8,0,-1,A01,1,0,2,6,13,5,4,ROND POINT CHAMPS ELYSEES MARCEL DASSAUL,0.0,,4,4,0,1,1,1,5,1,50,adult
201900056980,17,6,2019,0 days 13:25:00,1,75,75102,2,2,1,3,RUE DU QUATRE SEPTEMBRE,"48,8695420","2,3367880",1,1,1,1968.0,4,8,0,-1,B01,2,0,2,1,1,5,4,RUE DU QUATRE SEPTEMBRE,0.0,,1,3,3,1,1,1,0,6,50,child
201900056980,17,6,2019,0 days 13:25:00,1,75,75102,2,2,1,3,RUE DU QUATRE SEPTEMBRE,"48,8695420","2,3367880",1,4,1,1991.0,4,8,0,-1,B01,2,0,2,1,1,5,4,RUE DU QUATRE SEPTEMBRE,0.0,,1,3,3,1,1,1,0,6,50,adult
201900056987,4,6,2019,0 days 19:30:00,1,75,75103,2,2,1,3,RUE PERREE,"48,8643840","2,3618140",1,3,1,1969.0,0,0,0,-1,B01,1,0,2,0,1,5,4,RUE PERREE,0.0,,-1,1,0,1,1,1,0,1,50,child