Num_Acc,jour,mois,an,hrmn,lum,dep,com,agg,int,atm,col,adr,lat,long,catu,grav,sexe,an_nais,trajet,secu1,secu2,secu3,num_veh_y,senc,obs,obsm,choc,manv,motor,catr,voie,v1,v2,circ,nbv,vosp,prof,plan,surf,infra,situ,vma,age
201900056987,4,6,2019,0 days 19:30:00,1,75,75103,2,2,1,3,RUE PERREE,"48,8643840","2,3618140",1,1,1,1998.0,0,2,0,-1,B01,1,0,2,0,1,5,4,RUE PERREE,0.0,,-1,1,0,1,1,1,0,1,50,adult
201900056990,1,6,2019,0 days 11:20:00,1,75,75101,2,7,1,2,PLACE DU CHATELET,"48,8577120","2,3477530",1,4,1,1950.0,1,8,0,-1,B01,3,0,2,4,23,5,4,PLACE DU CHATELET,0.0,,1,4,0,1,1,1,0,1,50,child
201900056990,1,6,2019,0 days 11:20:00,1,75,75101,2,7,1,2,PLACE DU CHATELET,"48,8577120","2,3477530",1,1,1,1990.0,4,1,0,-1,B01,3,0,2,4,23,5,4,PLACE DU CHATELET,0.0,,1,4,0,1,1,1,0,1,50,adult
201900057011,9,7,2019,0 days 19:45:00,2,2B,2B033,2,9,1,1,ROUTE ROYALE,"42,6760200","9,4364200",1,1,1,1948.0,0,1,0,-1,B01,1,0,2,9,1,5,4,ROUTE ROYALE,0.0,,2,2,0,2,3,1,0,1,50,child
201900057011,9,7,2019,0 days 19:45:00,2,2B,2B033,2,9,1,1,ROUTE ROYALE,"42,6760200","9,4364200",1,4,1,1971.0,5,8,0,-1,B01,1,0,2,9,1,5,4,ROUTE ROYALE,0.0,,2,2,0,2,3,1,0,1,50,adult
201900057014,9,7,2019,0 days 20:30:00,2,88,88160,2,1,7,2,ENTRE-LES-DEUX-PORTES (RUE D'),"48,1759200","6,4519800",1,3,1,1970.0,5,8,0,-1,B01,2,0,6,4,2,0,3,420,0.0,,2,2,0,1,1,1,0,1,50,child
201900057014,9,7,2019,0 days 20:30:00,2,88,88160,2,1,7,2,ENTRE-LES-DEUX-PORTES (RUE D'),"48,1759200","6,4519800",1,1,1,1998.0,4,1,0,-1,B01,2,0,6,4,2,0,3,420,0.0,,2,2,0,1,1,1,0,1,50,adult
201900057038,9,7,2019,0 days 10:35:00,1,72,72181,2,1,1,3,JAURES JEAN (AV) N° PAIRS 60 ET >,"47,9901100","0,2063800",1,1,1,1956.0,0,1,0,-1,B01,1,1,0,3,1,5,4,JAURES JEAN (AV) N° PAIRS 60 ET >,0.0,,3,2,2,1,1,1,0,1,50,child
201900057038,9,7,2019,0 days 10:35:00,1,72,72181,2,1,1,3,JAURES JEAN (AV) N° PAIRS 60 ET >,"47,9901100","0,2063800",1,4,1,1977.0,0,8,0,-1,B01,1,1,0,3,1,5,4,JAURES JEAN (AV) N° PAIRS 60 ET >,0.0,,3,2,2,1,1,1,0,1,50,adult
201900057047,8,7,2019,0 days 19:00:00,1,69,69275,2,1,1,1,LEON TOLSTOI                        (AV),"45,7722816","4,9599023",1,1,1,1971.0,4,1,0,-1,B01,2,0,2,3,19,5,4,LEON TOLSTOI                        (AV),0.0,,2,2,0,2,1,1,0,1,50,child
201900057047,8,7,2019,0 days 19:00:00,1,69,69275,2,1,1,1,LEON TOLSTOI                        (AV),"45,7722816","4,9599023",1,3,1,2008.0,5,2,0,-1,B01,2,0,2,3,19,5,4,LEON TOLSTOI                        (AV),0.0,,2,2,0,2,1,1,0,1,50,adult
201900057085,10,7,2019,0 days 16:25:00,1,34,34172,2,1,1,7,PETIT BARD (AVENUE DU),"43,6161900","3,8360500",1,1,1,1986.0,5,8,0,-1,A01,2,0,1,1,1,5,4,PETIT BARD (AVENUE DU),0.0,,2,2,0,1,1,1,0,1,50,child
201900057085,10,7,2019,0 days 16:25:00,1,34,34172,2,1,1,7,PETIT BARD (AVENUE DU),"43,6161900","3,8360500",3,4,1,2014.0,5,8,0,-1,A01,2,0,1,1,1,5,4,PETIT BARD (AVENUE DU),0.0,,2,2,0,1,1,1,0,1,50,adult
201900057134,2,1,2019,0 days 18:10:00,2,85,85294,2,1,1,6,Intersection avec le Chemin des Sablons,"46,3548900"," -1,4538500",3,3,2,1940.0,5,0,-1,-1,A01,3,0,1,1,1,5,9,Piste cyclable-Chemin des Sablons,,,2,2,1,2,1,1,0,5,20,child
201900057134,2,1,2019,0 days 18:10:00,2,85,85294,2,1,1,6,Intersection avec le Chemin des Sablons,"46,3548900"," -1,4538500",1,1,1,2005.0,5,2,-1,-1,A01,3,0,1,1,1,5,9,Piste cyclable-Chemin des Sablons,,,2,2,1,2,1,1,0,5,20,adult
201900057163,9,7,2019,0 days 18:20:00,1,75,75104,2,4,1,6,VOIE GEORGES POMPIDOU,"48,8536230","2,3562980",3,4,1,1937.0,5,8,0,-1,A01,1,0,1,1,1,5,4,VOIE GEORGES POMPIDOU,0.0,,-1,1,0,1,1,1,0,1,10,child
201900057163,9,7,2019,0 days 18:20:00,1,75,75104,2,4,1,6,VOIE GEORGES POMPIDOU,"48,8536230","2,3562980",1,1,1,1992.0,5,2,0,-1,A01,1,0,1,1,1,5,4,VOIE GEORGES POMPIDOU,0.0,,-1,1,0,1,1,1,0,1,10,adult
201900057169,9,7,2019,0 days 08:25:00,1,94,94046,2,2,1,3,REPUBLIQUE (AV DE LA),"48,8096301","2,4547034",1,4,1,1955.0,0,2,0,-1,B01,1,0,2,8,2,5,3,148,0.0,,2,2,0,1,1,1,0,1,50,child
201900057169,9,7,2019,0 days 08:25:00,1,94,94046,2,2,1,3,REPUBLIQUE (AV DE LA),"48,8096301","2,4547034",1,1,2,1980.0,1,1,0,-1,B01,1,0,2,8,2,5,3,148,0.0,,2,2,0,1,1,1,0,1,50,adult
201900057268,25,10,2019,0 days 21:10:00,5,75,75112,2,2,1,3,RUE DE REUILLY,"48,8444986","2,3899318",1,4,1,1959.0,1,2,6,-1,B01,1,0,2,4,15,5,4,RUE DE REUILLY,0.0,,2,2,0,1,1,1,0,1,50,child
201900057268,25,10,2019,0 days 21:10:00,5,75,75112,2,2,1,3,RUE DE REUILLY,"48,8444986","2,3899318",1,1,1,1994.0,4,8,2,-1,B01,1,0,2,4,15,5,4,RUE DE REUILLY,0.0,,2,2,0,1,1,1,0,1,50,adult
201900057290,11,7,2019,0 days 16:05:00,1,28,28179,1,1,1,3,D132 PR 35+000,"48,1888140","1,7347500",1,3,1,1952.0,5,0,-1,-1,B01,1,0,2,4,15,5,3,132,,,2,2,0,1,1,1,0,1,80,child
201900057290,11,7,2019,0 days 16:05:00,1,28,28179,1,1,1,3,D132 PR 35+000,"48,1888140","1,7347500",1,1,2,1981.0,1,1,-1,-1,B01,1,0,2,4,15,5,3,132,,,2,2,0,1,1,1,0,1,80,adult
201900057316,24,10,2019,0 days 11:30:00,1,93,93066,2,1,1,2,"""LANDY RD 20, NR IMPAIRS 1 A 144""","48,9154500","2,3642600",1,1,1,1959.0,4,1,0,-1,B01,3,0,2,1,2,0,3,20,0.0,,2,3,0,1,1,1,0,1,50,child
201900057316,24,10,2019,0 days 11:30:00,1,93,93066,2,1,1,2,"""LANDY RD 20, NR IMPAIRS 1 A 144""","48,9154500","2,3642600",1,4,1,1992.0,9,8,0,-1,B01,3,0,2,1,2,0,3,20,0.0,,2,3,0,1,1,1,0,1,50,adult
201900057354,10,7,2019,0 days 09:40:00,1,88,88201,2,4,1,3,intersection D460 - D39,"48,1656760","6,3083780",1,3,1,1955.0,5,2,-1,-1,B01,2,0,2,3,16,5,3,460,,,2,2,0,2,3,1,5,1,50,child
201900057354,10,7,2019,0 days 09:40:00,1,88,88201,2,4,1,3,intersection D460 - D39,"48,1656760","6,3083780",1,1,2,1990.0,4,1,-1,-1,B01,2,0,2,3,16,5,3,460,,,2,2,0,2,3,1,5,1,50,adult
201900057448,27,3,2019,0 days 18:35:00,1,29,29175,2,6,1,3,Rue des Frères Floch,"48,2491125"," -3,8224304",1,1,1,1958.0,9,1,-1,-1,B01,2,0,2,2,1,0,3,36,0.0,,2,2,0,1,2,1,5,1,50,child
201900057448,27,3,2019,0 days 18:35:00,1,29,29175,2,6,1,3,Rue des Frères Floch,"48,2491125"," -3,8224304",1,4,1,2001.0,5,8,-1,-1,B01,2,0,2,2,1,0,3,36,0.0,,2,2,0,1,2,1,5,1,50,adult
201900057486,27,3,2019,0 days 16:55:00,1,14,14431,2,6,1,3,Place Charles de Gaulle (Mézidon-Canon),"49,0735840"," -0,0696930",1,1,1,1969.0,5,1,-1,-1,B01,2,0,2,1,1,5,3,47,,,1,1,0,1,3,1,0,1,50,child
201900057486,27,3,2019,0 days 16:55:00,1,14,14431,2,6,1,3,Place Charles de Gaulle (Mézidon-Canon),"49,0735840"," -0,0696930",1,3,2,2005.0,5,0,-1,-1,B01,2,0,2,1,1,5,3,47,,,1,1,0,1,3,1,0,1,50,adult
201900057489,25,10,2019,0 days 15:55:00,1,2B,2B049,1,6,1,3,Route de Calvi,"42,5502660","8,7957790",1,4,1,1964.0,5,0,-1,-1,B01,2,0,0,8,26,5,3,151,0.0,,2,2,0,1,2,1,0,1,70,child
201900057489,25,10,2019,0 days 15:55:00,1,2B,2B049,1,6,1,3,Route de Calvi,"42,5502660","8,7957790",1,1,1,2003.0,5,2,-1,-1,B01,2,0,0,8,26,5,3,151,0.0,,2,2,0,1,2,1,0,1,70,adult
201900057502,26,5,2019,0 days 11:20:00,1,6,06057,1,1,2,1,Route du Col de Nice,"43,8114700","7,3568240",1,3,1,1966.0,5,0,-1,-1,B01,1,0,2,1,0,5,3,2204,0.0,,2,2,1,2,1,2,0,5,80,child
201900057502,26,5,2019,0 days 11:20:00,1,6,06057,1,1,2,1,Route du Col de Nice,"43,8114700","7,3568240",1,4,2,1997.0,3,1,5,-1,B01,1,0,2,1,0,5,3,2204,0.0,,2,2,1,2,1,2,0,5,80,adult
201900057560,17,2,2019,0 days 16:55:00,1,75,75103,2,7,1,6,PLACE DE LA REPUBLIQUE,"48,8673390","2,3633760",3,4,2,1960.0,5,8,0,-1,A01,1,0,1,4,1,5,4,PLACE DE LA REPUBLIQUE,0.0,,2,6,1,1,1,1,5,1,50,child
201900057560,17,2,2019,0 days 16:55:00,1,75,75103,2,7,1,6,PLACE DE LA REPUBLIQUE,"48,8673390","2,3633760",1,1,2,1999.0,5,2,0,-1,A01,1,0,1,4,1,5,4,PLACE DE LA REPUBLIQUE,0.0,,2,6,1,1,1,1,5,1,50,adult
201900057579,27,3,2019,0 days 17:15:00,1,33,33494,1,2,1,3,Piste cyclable D801 / Rte Sablons,"44,9504900"," -0,8567900",1,2,1,1950.0,5,2,-1,-1,B01,2,0,2,8,1,5,3,801,,,2,2,2,1,1,1,0,5,-1,child
201900057579,27,3,2019,0 days 17:15:00,1,33,33494,1,2,1,3,Piste cyclable D801 / Rte Sablons,"44,9504900"," -0,8567900",1,1,1,1990.0,1,1,-1,-1,B01,2,0,2,8,1,5,3,801,,,2,2,2,1,1,1,0,5,-1,adult
201900057584,5,5,2019,0 days 16:10:00,1,13,13066,2,1,6,1,Chemin la Draillette,"43,8315470","4,9004230",1,2,1,1952.0,1,0,-1,-1,B01,3,0,2,1,1,6,4,,,,2,2,0,1,1,1,0,1,50,child
201900057584,5,5,2019,0 days 16:10:00,1,13,13066,2,1,6,1,Chemin la Draillette,"43,8315470","4,9004230",1,1,2,1998.0,5,1,-1,-1,B01,3,0,2,1,1,6,4,,,,2,2,0,1,1,1,0,1,50,adult
201900057652,14,2,2019,0 days 21:00:00,5,94,94033,2,1,1,3,CLOS D ORLEANS (R DU),"48,8436000","2,4665400",2,4,2,1966.0,5,8,0,-1,B01,1,0,0,0,0,5,4,CLOS D ORLEANS (R DU),0.0,,1,1,1,1,1,1,0,1,50,child
201900057652,14,2,2019,0 days 21:00:00,5,94,94033,2,1,1,3,CLOS D ORLEANS (R DU),"48,8436000","2,4665400",1,1,1,1994.0,4,1,0,-1,B01,1,0,0,0,0,5,4,CLOS D ORLEANS (R DU),0.0,,1,1,1,1,1,1,0,1,50,adult
201900057652,14,2,2019,0 days 21:00:00,5,94,94033,2,1,1,3,CLOS D ORLEANS (R DU),"48,8436000","2,4665400",1,1,1,1999.0,4,2,0,-1,B01,1,0,0,0,0,5,4,CLOS D ORLEANS (R DU),0.0,,1,1,1,1,1,1,0,1,50,adult
201900057688,21,9,2019,0 days 10:00:00,1,59,59090,2,1,1,3,WAMBRECHIES (AVENUE),"50,7068300","3,0925800",1,4,1,1950.0,0,8,0,-1,B01,3,0,2,3,26,5,7,654,0.0,,2,2,0,1,1,1,0,1,50,child
201900057688,21,9,2019,0 days 10:00:00,1,59,59090,2,1,1,3,WAMBRECHIES (AVENUE),"50,7068300","3,0925800",1,4,2,2002.0,0,8,0,-1,B01,3,0,2,3,26,5,7,654,0.0,,2,2,0,1,1,1,0,1,50,adult
201900057705,24,5,2019,0 days 13:45:00,1,59,59560,2,1,1,3,HENTGES JOSEPH BOULEVARD,"50,5512800","3,0305800",1,1,1,1981.0,9,1,0,-1,B01,3,0,2,1,1,5,4,HENTGES JOSEPH BOULEVARD,0.0,,4,2,1,1,1,1,0,1,50,child
201900057705,24,5,2019,0 days 13:45:00,1,59,59560,2,1,1,3,HENTGES JOSEPH BOULEVARD,"50,5512800","3,0305800",1,4,1,2003.0,0,2,0,-1,B01,3,0,2,1,1,5,4,HENTGES JOSEPH BOULEVARD,0.0,,4,2,1,1,1,1,0,1,50,adult
201900057720,21,9,2019,0 days 18:25:00,1,45,45234,2,3,1,3,RUE DE COURSIMAULT - R E MOUNIER,"47,8886780","1,9090750",1,1,2,1977.0,0,8,0,-1,B01,0,0,2,1,25,5,4,R EMMANUEL MOUNIER,0.0,,2,2,0,1,1,1,0,1,50,child
201900057720,21,9,2019,0 days 18:25:00,1,45,45234,2,3,1,3,RUE DE COURSIMAULT - R E MOUNIER,"47,8886780","1,9090750",1,4,1,2011.0,5,8,0,-1,B01,0,0,2,1,25,5,4,R EMMANUEL MOUNIER,0.0,,2,2,0,1,1,1,0,1,50,adult
201900057764,15,8,2019,0 days 16:01:00,1,1,01239,1,3,1,3,Route départementale 37,"45,7655970","5,7612620",1,3,1,1937.0,5,2,-1,-1,A01,3,0,0,1,19,5,3,37,,,2,2,1,1,1,1,0,1,-1,child
201900057764,15,8,2019,0 days 16:01:00,1,1,01239,1,3,1,3,Route départementale 37,"45,7655970","5,7612620",1,1,1,2005.0,5,2,-1,-1,A01,3,0,0,1,19,5,3,37,,,2,2,1,1,1,1,0,1,-1,adult
201900057843,22,5,2019,0 days 15:45:00,1,68,68051,2,1,1,3,1 Rue de Muhlbach,"48,0239930","7,0998810",1,4,2,1950.0,5,2,-1,-1,B01,0,0,2,8,1,5,4,,,,2,2,0,1,1,1,0,1,50,child
201900057843,22,5,2019,0 days 15:45:00,1,68,68051,2,1,1,3,1 Rue de Muhlbach,"48,0239930","7,0998810",1,1,2,1985.0,5,1,-1,-1,B01,0,0,2,8,1,5,4,,,,2,2,0,1,1,1,0,1,50,adult
201900057851,4,2,2019,0 days 19:45:00,5,6,06161,2,1,1,1,avenue des italiens,"43,6402382","7,1400716",1,1,2,1963.0,5,0,-1,-1,A01,1,0,0,1,1,5,3,6098,0.0,,2,2,1,1,1,1,0,5,10,child
201900057851,4,2,2019,0 days 19:45:00,5,6,06161,2,1,1,1,avenue des italiens,"43,6402382","7,1400716",1,3,1,1984.0,1,0,-1,-1,A01,1,0,0,1,1,5,3,6098,0.0,,2,2,1,1,1,1,0,5,10,adult
201900057854,14,2,2019,0 days 12:30:00,1,49,49092,2,2,7,3,Rue des venelles - CHEMILLE,"47,2133880"," -0,7274530",1,3,2,1948.0,3,0,0,0,B01,0,0,2,0,1,5,4,,0.0,,2,2,1,1,1,1,5,1,30,child
201900057854,14,2,2019,0 days 12:30:00,1,49,49092,2,2,7,3,Rue des venelles - CHEMILLE,"47,2133880"," -0,7274530",1,1,2,1988.0,1,1,-1,-1,B01,0,0,2,0,1,5,4,,0.0,,2,2,1,1,1,1,5,1,30,adult
201900057865,17,2,2019,0 days 17:00:00,1,10,10412,1,1,1,6,ROUTE DÉPARTEMENTALE 172,"48,3095940","4,1362990",1,1,1,1950.0,5,1,-1,-1,C01,2,0,0,8,1,6,3,172,0.0,,-1,2,0,1,1,1,0,1,80,child
201900057865,17,2,2019,0 days 17:00:00,1,10,10412,1,1,1,6,ROUTE DÉPARTEMENTALE 172,"48,3095940","4,1362990",1,3,2,1970.0,5,0,-1,-1,C01,2,0,0,8,1,6,3,172,0.0,,-1,2,0,1,1,1,0,1,80,adult
201900057865,17,2,2019,0 days 17:00:00,1,10,10412,1,1,1,6,ROUTE DÉPARTEMENTALE 172,"48,3095940","4,1362990",1,4,1,2001.0,5,0,-1,-1,C01,2,0,0,8,1,6,3,172,0.0,,-1,2,0,1,1,1,0,1,80,adult
201900057886,16,2,2019,0 days 16:30:00,1,12,12157,2,3,1,3,Intersection N88 et D56,"44,3943410","2,7087810",1,4,1,1959.0,5,2,-1,-1,B01,2,0,2,8,1,5,2,88,,,2,2,0,1,3,1,2,1,50,child
201900057886,16,2,2019,0 days 16:30:00,1,12,12157,2,3,1,3,Intersection N88 et D56,"44,3943410","2,7087810",1,1,2,1986.0,1,1,-1,-1,B01,2,0,2,8,1,5,2,88,,,2,2,0,1,3,1,2,1,50,adult
201900057924,21,9,2019,0 days 17:20:00,1,75,75115,2,7,1,2,PLACE CAMBRONNE,"48,8477589","2,3017430",1,1,1,1937.0,0,1,0,-1,A01,1,0,2,2,2,5,4,PLACE CAMBRONNE,0.0,,1,2,0,1,2,1,0,1,50,child
201900057924,21,9,2019,0 days 17:20:00,1,75,75115,2,7,1,2,PLACE CAMBRONNE,"48,8477589","2,3017430",1,4,1,1986.0,0,8,2,-1,A01,1,0,2,2,2,5,4,PLACE CAMBRONNE,0.0,,1,2,0,1,2,1,0,1,50,adult
201900057936,21,9,2019,0 days 17:15:00,1,75,75115,2,2,1,3,RUE DE L ABBE GROULT,"48,8396525","2,2965330",1,1,1,1948.0,5,1,0,-1,A01,1,0,2,7,1,5,4,RUE DE L ABBE GROULT,0.0,,1,1,0,1,1,1,0,1,50,child
201900057936,21,9,2019,0 days 17:15:00,1,75,75115,2,2,1,3,RUE DE L ABBE GROULT,"48,8396525","2,2965330",1,4,1,2002.0,5,8,2,-1,A01,1,0,2,7,1,5,4,RUE DE L ABBE GROULT,0.0,,1,1,0,1,1,1,0,1,50,adult
201900057938,16,2,2019,0 days 10:20:00,1,59,59319,2,2,7,3,route d'Hondschoote,"50,9827416","2,4673681",1,1,1,1951.0,2,1,-1,-1,B01,2,0,2,0,0,5,3,4,0.0,D,2,2,0,1,1,1,9,1,50,child
201900057938,16,2,2019,0 days 10:20:00,1,59,59319,2,2,7,3,route d'Hondschoote,"50,9827416","2,4673681",1,3,1,1972.0,5,2,-1,-1,B01,2,0,2,0,0,5,3,4,0.0,D,2,2,0,1,1,1,9,1,50,adult
201900057943,3,8,2019,0 days 10:45:00,1,38,38382,2,4,7,3,Rue de la Biolle,"45,2373970","5,6691300",1,3,1,1948.0,3,0,-1,-1,B01,2,0,0,3,1,5,4,01,0.0,,2,2,1,1,1,1,0,5,50,child
201900057943,3,8,2019,0 days 10:45:00,1,38,38382,2,4,7,3,Rue de la Biolle,"45,2373970","5,6691300",1,1,1,1981.0,1,1,-1,-1,B01,2,0,0,3,1,5,4,01,0.0,,2,2,1,1,1,1,0,5,50,adult
201900057952,17,8,2019,0 days 11:45:00,1,33,33238,2,4,1,2,RD651/RD651E3 2 avenue de cadaujac,"44,7270800"," -0,5974000",1,4,2,1981.0,3,0,-1,-1,B01,1,0,0,4,13,5,3,651,0.0,,2,2,0,1,1,1,0,1,50,child
201900057952,17,8,2019,0 days 11:45:00,1,33,33238,2,4,1,2,RD651/RD651E3 2 avenue de cadaujac,"44,7270800"," -0,5974000",1,4,1,2000.0,5,2,6,-1,B01,1,0,0,4,13,5,3,651,0.0,,2,2,0,1,1,1,0,1,50,adult
201900057952,17,8,2019,0 days 11:45:00,1,33,33238,2,4,1,2,RD651/RD651E3 2 avenue de cadaujac,"44,7270800"," -0,5974000",2,4,2,2002.0,5,2,6,-1,B01,1,0,0,4,13,5,3,651,0.0,,2,2,0,1,1,1,0,1,50,adult
201900057952,17,8,2019,0 days 11:45:00,1,33,33238,2,4,1,2,RD651/RD651E3 2 avenue de cadaujac,"44,7270800"," -0,5974000",2,4,2,2012.0,5,2,-1,-1,B01,1,0,0,4,13,5,3,651,0.0,,2,2,0,1,1,1,0,1,50,adult
201900057969,20,9,2019,0 days 17:35:00,1,75,75115,2,2,1,3,AVENUE ALBERT BARTHOLOME,"48,8289399","2,2941148",1,4,1,1948.0,0,8,2,-1,B01,2,0,2,7,1,5,4,AVENUE ALBERT BARTHOLOME,0.0,,2,2,0,1,1,1,0,1,50,child
201900057969,20,9,2019,0 days 17:35:00,1,75,75115,2,2,1,3,AVENUE ALBERT BARTHOLOME,"48,8289399","2,2941148",1,1,2,1985.0,0,1,0,-1,B01,2,0,2,7,1,5,4,AVENUE ALBERT BARTHOLOME,0.0,,2,2,0,1,1,1,0,1,50,adult
201900057977,21,3,2019,0 days 15:55:00,1,54,54274,2,1,1,6,REPUBLIQUE (RUE DE LA),"48,6713570","6,2057260",3,3,2,1948.0,0,8,0,-1,A01,1,0,1,0,1,5,4,REPUBLIQUE (RUE DE LA),0.0,,-1,2,0,1,1,1,0,1,50,child
201900057977,21,3,2019,0 days 15:55:00,1,54,54274,2,1,1,6,REPUBLIQUE (RUE DE LA),"48,6713570","6,2057260",1,1,1,1977.0,0,2,0,-1,A01,1,0,1,0,1,5,4,REPUBLIQUE (RUE DE LA),0.0,,-1,2,0,1,1,1,0,1,50,adult
201900058016,7,5,2019,0 days 18:30:00,1,44,44035,2,2,1,3,Route d'Orvault,"47,2831630"," -1,5864550",1,1,2,1964.0,3,1,-1,-1,B01,3,0,2,1,1,5,7,75,,,2,2,0,1,1,1,0,1,50,child
201900058016,7,5,2019,0 days 18:30:00,1,44,44035,2,2,1,3,Route d'Orvault,"47,2831630"," -1,5864550",1,3,1,1993.0,5,2,-1,-1,B01,3,0,2,1,1,5,7,75,,,2,2,0,1,1,1,0,1,50,adult
201900058021,26,3,2019,0 days 08:30:00,1,45,45004,2,3,1,3,R DU DOCT TRIOSON-R DE LA CROIX ST JACQUES,"47,9990330","2,7484460",1,1,2,1975.0,2,1,8,-1,B01,2,0,2,1,1,5,4,R DU DOCTEUR TRIOSON,0.0,,2,2,0,1,1,1,0,1,50,child
201900058021,26,3,2019,0 days 08:30:00,1,45,45004,2,3,1,3,R DU DOCT TRIOSON-R DE LA CROIX ST JACQUES,"47,9990330","2,7484460",1,4,1,2003.0,2,8,0,-1,B01,2,0,2,1,1,5,4,R DU DOCTEUR TRIOSON,0.0,,2,2,0,1,1,1,0,1,50,adult
201900058046,26,3,2019,0 days 08:30:00,1,37,37214,2,1,1,3,GROSSE BORNE (RUE DE LA),"47,4215934","0,6521021",1,1,2,1981.0,5,1,0,-1,B01,2,0,2,8,9,5,4,GROSSE BORNE (RUE DE LA),0.0,,2,2,0,1,1,1,0,1,50,child
201900058046,26,3,2019,0 days 08:30:00,1,37,37214,2,1,1,3,GROSSE BORNE (RUE DE LA),"47,4215934","0,6521021",1,4,1,2008.0,2,8,0,-1,B01,2,0,2,8,9,5,4,GROSSE BORNE (RUE DE LA),0.0,,2,2,0,1,1,1,0,1,50,adult
201900058055,23,10,2019,0 days 14:50:00,1,10,10387,2,1,1,2,PIERRE GILLON (RUE),"48,2866531","4,0751821",1,1,1,1950.0,-1,1,9,9,B01,1,0,2,1,2,5,4,PIERRE GILLON (RUE),0.0,,2,2,0,2,1,1,0,1,50,child
201900058055,23,10,2019,0 days 14:50:00,1,10,10387,2,1,1,2,PIERRE GILLON (RUE),"48,2866531","4,0751821",1,4,1,1999.0,5,8,0,-1,B01,1,0,2,1,2,5,4,PIERRE GILLON (RUE),0.0,,2,2,0,2,1,1,0,1,50,adult
201900058076,7,5,2019,0 days 14:30:00,1,26,26037,1,1,1,3,Route Départementale 538A,"44,8473940","4,9604040",1,4,1,1951.0,9,1,-1,-1,B01,2,0,2,0,19,5,3,538,,A,2,2,1,1,1,1,0,1,80,child
201900058076,7,5,2019,0 days 14:30:00,1,26,26037,1,1,1,3,Route Départementale 538A,"44,8473940","4,9604040",1,4,1,1999.0,5,0,-1,-1,B01,2,0,2,0,19,5,3,538,,A,2,2,1,1,1,1,0,1,80,adult
201900058102,21,9,2019,0 days 12:00:00,1,94,94075,2,3,7,1,REVEILLON (R DE),"48,7190700","2,5454100",1,4,1,1954.0,0,8,0,-1,Y01,1,0,2,1,1,5,4,REVEILLON (R DE),0.0,,2,2,0,2,1,1,0,1,50,child
201900058102,21,9,2019,0 days 12:00:00,1,94,94075,2,3,7,1,REVEILLON (R DE),"48,7190700","2,5454100",1,1,2,1991.0,1,1,8,-1,Y01,1,0,2,1,1,5,4,REVEILLON (R DE),0.0,,2,2,0,2,1,1,0,1,50,adult
201900058104,12,8,2019,0 days 08:10:00,1,45,45234,2,1,1,3,RUE PIERRE MAC ORLAN,"47,8819100","1,9055400",1,4,2,1968.0,5,8,0,-1,B01,0,0,2,1,21,5,4,RUE PIERRE MAC ORLAN,0.0,,2,2,0,1,2,1,0,1,30,child
201900058104,12,8,2019,0 days 08:10:00,1,45,45234,2,1,1,3,RUE PIERRE MAC ORLAN,"47,8819100","1,9055400",1,1,1,1997.0,1,8,0,-1,B01,0,0,2,1,21,5,4,RUE PIERRE MAC ORLAN,0.0,,2,2,0,1,2,1,0,1,30,adult
201900058115,21,9,2019,0 days 16:05:00,1,93,93027,2,1,1,3,LECLERC (AVENUE DU GENERAL),"48,9287300","2,3835800",1,1,1,1977.0,3,1,0,-1,B01,1,0,2,3,25,5,3,30,0.0,,2,1,0,1,1,1,0,3,50,child
201900058115,21,9,2019,0 days 16:05:00,1,93,93027,2,1,1,3,LECLERC (AVENUE DU GENERAL),"48,9287300","2,3835800",1,4,1,2006.0,5,8,0,-1,B01,1,0,2,3,25,5,3,30,0.0,,2,1,0,1,1,1,0,3,50,adult
201900058119,21,9,2019,0 days 10:50:00,1,93,93027,2,6,1,3,CONVENTION (RUE DE LA),"48,9294300","2,3860500",2,1,2,1938.0,0,8,0,-1,A01,3,0,2,8,16,5,3,986,0.0,,2,2,0,1,1,1,0,3,50,child
201900058119,21,9,2019,0 days 10:50:00,1,93,93027,2,6,1,3,CONVENTION (RUE DE LA),"48,9294300","2,3860500",1,1,1,1970.0,0,8,0,-1,A01,3,0,2,8,16,5,3,986,0.0,,2,2,0,1,1,1,0,3,50,adult
201900058119,21,9,2019,0 days 10:50:00,1,93,93027,2,6,1,3,CONVENTION (RUE DE LA),"48,9294300","2,3860500",1,4,2,1980.0,0,8,0,-1,A01,3,0,2,8,16,5,3,986,0.0,,2,2,0,1,1,1,0,3,50,adult
201900058158,22,10,2019,0 days 07:35:00,2,78,78158,2,6,1,3,VERSAILLES (RUE DE),"48,8224550","2,1274480",1,1,2,1933.0,5,1,0,-1,B01,3,0,2,0,19,0,4,VERSAILLES (RUE DE),0.0,,2,2,0,1,1,1,5,1,50,child
201900058158,22,10,2019,0 days 07:35:00,2,78,78158,2,6,1,3,VERSAILLES (RUE DE),"48,8224550","2,1274480",1,4,1,1968.0,1,8,0,-1,B01,3,0,2,0,19,0,4,VERSAILLES (RUE DE),0.0,,2,2,0,1,1,1,5,1,50,adult
201900058220,23,5,2019,0 days 13:40:00,1,69,69055,1,1,1,2,Route de Morancé,"45,8863730","4,7381970",1,3,1,1948.0,5,2,-1,-1,A01,1,0,0,4,1,5,3,100,0.0,D,2,2,0,1,1,1,2,1,70,child