Num_Acc,jour,mois,an,hrmn,lum,dep,com,agg,int,atm,col,adr,lat,long,catu,grav,sexe,an_nais,trajet,secu1,secu2,secu3,num_veh_y,senc,obs,obsm,choc,manv,motor,catr,voie,v1,v2,circ,nbv,vosp,prof,plan,surf,infra,situ,vma,age
201900058220,23,5,2019,0 days 13:40:00,1,69,69055,1,1,1,2,Route de Morancé,"45,8863730","4,7381970",1,1,1,1990.0,4,1,-1,-1,A01,1,0,0,4,1,5,3,100,0.0,D,2,2,0,1,1,1,2,1,70,adult
201900058229,26,3,2019,0 days 14:58:00,1,75,75116,2,3,1,2,ROUTE DES TRIBUNES,"48,8619720","2,2303840",1,3,1,1965.0,5,2,0,-1,A01,3,0,2,1,2,5,4,ROUTE DES TRIBUNES,0.0,,1,2,2,1,1,1,0,1,50,child
201900058229,26,3,2019,0 days 14:58:00,1,75,75116,2,3,1,2,ROUTE DES TRIBUNES,"48,8619720","2,2303840",1,1,1,1999.0,5,2,0,-1,A01,3,0,2,1,2,5,4,ROUTE DES TRIBUNES,0.0,,1,2,2,1,1,1,0,1,50,adult
201900058281,24,10,2019,0 days 08:45:00,1,67,67482,2,3,1,3,METZ (BOULEVARD DE),"48,5829700","7,7333100",1,1,1,1941.0,4,1,8,-1,B01,2,0,2,7,1,5,4,METZ (BOULEVARD DE),0.0,,3,6,1,1,1,1,0,1,50,child
201900058281,24,10,2019,0 days 08:45:00,1,67,67482,2,3,1,3,METZ (BOULEVARD DE),"48,5829700","7,7333100",1,4,1,1969.0,0,8,0,-1,B01,2,0,2,7,1,5,4,METZ (BOULEVARD DE),0.0,,3,6,1,1,1,1,0,1,50,adult
201900058311,20,9,2019,0 days 15:25:00,1,17,17209,2,2,1,3,Rue de Marignan,"45,5949760"," -0,3933520",1,3,1,1951.0,5,2,-1,-1,A01,1,0,2,2,1,5,3,128,,,2,2,0,1,1,1,0,1,50,child
201900058311,20,9,2019,0 days 15:25:00,1,17,17209,2,2,1,3,Rue de Marignan,"45,5949760"," -0,3933520",1,1,1,2000.0,1,1,-1,-1,A01,1,0,2,2,1,5,3,128,,,2,2,0,1,1,1,0,1,50,adult
201900058313,23,10,2019,0 days 09:55:00,1,62,62516,2,4,1,3,CANTRAINE - RUE-,"50,5708600","2,5158400",1,3,1,1937.0,5,8,0,-1,A01,2,0,2,1,2,5,4,CANTRAINE - RUE-,0.0,,2,2,0,1,2,1,0,1,50,child
201900058313,23,10,2019,0 days 09:55:00,1,62,62516,2,4,1,3,CANTRAINE - RUE-,"50,5708600","2,5158400",1,1,2,1980.0,1,1,8,-1,A01,2,0,2,1,2,5,4,CANTRAINE - RUE-,0.0,,2,2,0,1,2,1,0,1,50,adult
201900058325,26,3,2019,0 days 11:30:00,1,92,92025,2,2,1,3,VOIES DU BOIS (RUE DES),"48,9152200","2,2466820",1,1,1,1950.0,5,1,0,-1,B01,1,0,2,1,1,5,4,VOIES DU BOIS (RUE DES),0.0,,2,2,0,1,1,1,8,1,30,child
201900058325,26,3,2019,0 days 11:30:00,1,92,92025,2,2,1,3,VOIES DU BOIS (RUE DES),"48,9152200","2,2466820",1,3,2,1980.0,0,8,0,-1,B01,1,0,2,1,1,5,4,VOIES DU BOIS (RUE DES),0.0,,2,2,0,1,1,1,8,1,30,adult
201900058326,16,8,2019,0 days 19:45:00,1,69,69381,2,9,1,3,JEAN MOULIN                         (QU),"45,7667300","4,8379700",1,4,1,1961.0,5,8,0,-1,B01,3,0,2,1,15,5,4,JEAN MOULIN                         (QU),0.0,,1,4,0,1,1,1,0,1,5,child
201900058326,16,8,2019,0 days 19:45:00,1,69,69381,2,9,1,3,JEAN MOULIN                         (QU),"45,7667300","4,8379700",1,1,2,1991.0,1,1,0,-1,B01,3,0,2,1,15,5,4,JEAN MOULIN                         (QU),0.0,,1,4,0,1,1,1,0,1,5,adult
201900058337,18,2,2019,0 days 19:44:00,5,92,92023,2,9,1,3,GENERAL DE GAULLE (AV DU) N°130 A 340 ET,"48,7848700","2,2497100",1,1,1,1961.0,4,1,0,-1,B01,2,0,2,1,0,5,3,906,0.0,,1,1,1,1,1,1,0,1,30,child
201900058337,18,2,2019,0 days 19:44:00,5,92,92023,2,9,1,3,GENERAL DE GAULLE (AV DU) N°130 A 340 ET,"48,7848700","2,2497100",1,4,1,1982.0,1,2,0,-1,B01,2,0,2,1,0,5,3,906,0.0,,1,1,1,1,1,1,0,1,30,adult
201900058432,13,8,2019,0 days 15:15:00,1,83,83137,2,9,1,2,GASSENDI (BD),"43,1199100","5,9492800",1,1,1,1950.0,5,1,8,-1,B01,1,0,2,6,0,0,4,GASSENDI (BD),0.0,,1,2,0,1,1,1,0,1,50,child
201900058432,13,8,2019,0 days 15:15:00,1,83,83137,2,9,1,2,GASSENDI (BD),"43,1199100","5,9492800",1,4,1,1992.0,5,8,0,-1,B01,1,0,2,6,0,0,4,GASSENDI (BD),0.0,,1,2,0,1,1,1,0,1,50,adult
201900058442,13,8,2019,0 days 16:45:00,1,77,77083,2,6,1,3,ALBERT EINSTEIN (BOULEVARD),"48,8380700","2,5846600",1,4,1,1971.0,5,8,0,-1,B01,3,0,2,8,25,5,4,ALBERT EINSTEIN (BOULEVARD),0.0,,3,4,0,1,1,1,0,1,50,child
201900058442,13,8,2019,0 days 16:45:00,1,77,77083,2,6,1,3,ALBERT EINSTEIN (BOULEVARD),"48,8380700","2,5846600",1,1,2,1992.0,5,1,0,-1,B01,3,0,2,8,25,5,4,ALBERT EINSTEIN (BOULEVARD),0.0,,3,4,0,1,1,1,0,1,50,adult
201900058477,31,5,2019,0 days 21:10:00,5,75,75102,2,2,1,3,RUE ETIENNE MARCEL,"48,8636710","2,3500170",1,1,1,1968.0,4,1,0,-1,A01,2,0,2,1,1,5,4,RUE ETIENNE MARCEL,0.0,,2,4,3,1,1,1,0,6,50,child
201900058477,31,5,2019,0 days 21:10:00,5,75,75102,2,2,1,3,RUE ETIENNE MARCEL,"48,8636710","2,3500170",1,4,1,1993.0,5,8,0,-1,A01,2,0,2,1,1,5,4,RUE ETIENNE MARCEL,0.0,,2,4,3,1,1,1,0,6,50,adult
201900058528,2,6,2019,0 days 10:28:00,1,94,94042,2,1,1,6,CHAPSAL (R),"48,8235700","2,4654700",1,1,2,1985.0,5,1,0,-1,B01,1,1,2,1,9,5,3,86,0.0,B,3,4,0,1,1,1,0,1,50,child
201900058528,2,6,2019,0 days 10:28:00,1,94,94042,2,1,1,6,CHAPSAL (R),"48,8235700","2,4654700",1,4,1,2014.0,5,8,0,-1,B01,1,1,2,1,9,5,3,86,0.0,B,3,4,0,1,1,1,0,1,50,adult
201900058570,19,6,2019,0 days 00:45:00,5,94,94028,2,3,1,3,TASSIGNY(AVE DU MARECHAL DE LATTRE DE),"48,8003800","2,4512200",1,4,1,1968.0,9,2,0,-1,B01,3,0,2,1,19,0,3,19,0.0,A,-1,2,1,1,1,1,0,1,50,child
201900058570,19,6,2019,0 days 00:45:00,5,94,94028,2,3,1,3,TASSIGNY(AVE DU MARECHAL DE LATTRE DE),"48,8003800","2,4512200",1,1,1,1995.0,5,8,0,-1,B01,3,0,2,1,19,0,3,19,0.0,A,-1,2,1,1,1,1,0,1,50,adult
201900058571,17,6,2019,0 days 15:55:00,1,94,94028,2,6,1,3,POMPADOUR(CARREFOUR),"48,7743505","2,4391325",1,4,2,1957.0,0,8,0,-1,A01,2,0,2,6,1,5,3,86,0.0,,1,1,0,1,3,1,0,1,50,child
201900058571,17,6,2019,0 days 15:55:00,1,94,94028,2,6,1,3,POMPADOUR(CARREFOUR),"48,7743505","2,4391325",1,1,1,1999.0,0,1,0,-1,A01,2,0,2,6,1,5,3,86,0.0,,1,1,0,1,3,1,0,1,50,adult
201900058589,13,6,2019,0 days 10:10:00,1,94,94079,2,1,1,3,ROBERT SCHUMAN (R),"48,8225900","2,5414100",1,4,1,1952.0,0,2,0,-1,B01,3,0,2,1,5,0,3,235,0.0,,2,2,0,1,1,1,0,1,50,child
201900058589,13,6,2019,0 days 10:10:00,1,94,94079,2,1,1,3,ROBERT SCHUMAN (R),"48,8225900","2,5414100",1,1,1,1992.0,9,1,8,-1,B01,3,0,2,1,5,0,3,235,0.0,,2,2,0,1,1,1,0,1,50,adult
201900058603,19,6,2019,0 days 07:40:00,1,94,94004,2,1,1,3,PARIS (R DE),"48,7532300","2,5075800",1,1,1,1975.0,1,1,8,-1,B01,2,0,2,1,1,0,4,PARIS (R DE),0.0,,2,2,0,2,1,1,0,1,50,child
201900058603,19,6,2019,0 days 07:40:00,1,94,94004,2,1,1,3,PARIS (R DE),"48,7532300","2,5075800",1,4,1,1997.0,0,2,0,-1,B01,2,0,2,1,1,0,4,PARIS (R DE),0.0,,2,2,0,2,1,1,0,1,50,adult
201900058652,2,12,2019,0 days 18:17:00,3,38,38012,1,1,1,2,Route des Savoie,"45,6128200","5,6147100",1,2,1,1975.0,9,0,-1,-1,B01,1,0,2,4,0,5,3,40,0.0,,2,2,0,1,1,1,0,1,80,child
201900058652,2,12,2019,0 days 18:17:00,3,38,38012,1,1,1,2,Route des Savoie,"45,6128200","5,6147100",1,1,1,2000.0,1,1,-1,-1,B01,1,0,2,4,0,5,3,40,0.0,,2,2,0,1,1,1,0,1,80,adult
202000000011,5,3,2020,0 days 11:50:00,1,59,59143,2,3,1,-1,BEAUCHAMP  (RUE LEON ),"50,6785000","2,8742000",1,1,2,1934.0,5,1,8,-1,B01,2,0,2,5,19,5,7,22,0.0,,2,3,0,1,3,1,0,1,50,child
202000000011,5,3,2020,0 days 11:50:00,1,59,59143,2,3,1,-1,BEAUCHAMP  (RUE LEON ),"50,6785000","2,8742000",1,4,1,2005.0,2,8,0,-1,B01,2,0,2,5,19,5,7,22,0.0,,2,3,0,1,3,1,0,1,50,adult
202000000035,6,3,2020,0 days 21:00:00,5,75,75104,2,7,1,3,QUAI DE GESVRES,"48,8571810","2,3473270",1,1,1,1965.0,4,1,0,-1,A01,2,0,2,5,12,5,4,,0.0,,1,3,3,1,1,1,0,6,50,child
202000000035,6,3,2020,0 days 21:00:00,5,75,75104,2,7,1,3,QUAI DE GESVRES,"48,8571810","2,3473270",1,4,1,1993.0,5,8,0,-1,A01,2,0,2,5,12,5,4,,0.0,,1,3,3,1,1,1,0,6,50,adult
202000000075,7,3,2020,0 days 15:50:00,1,37,37159,2,1,1,3,2 Rue Bernard Tortevoie,"47,2777185","0,6221262",1,3,1,1939.0,5,0,-1,-1,B01,1,12,2,8,2,5,3,17,-1.0,,2,2,1,2,1,1,0,1,50,child
202000000075,7,3,2020,0 days 15:50:00,1,37,37159,2,1,1,3,2 Rue Bernard Tortevoie,"47,2777185","0,6221262",1,1,1,1996.0,4,1,-1,-1,B01,1,12,2,8,2,5,3,17,-1.0,,2,2,1,2,1,1,0,1,50,adult
202000000076,6,3,2020,0 days 09:50:00,1,30,30075,2,1,1,-1,Chemin des Rôles,"43,8208860","4,2607860",1,3,1,1952.0,5,2,-1,-1,B01,3,0,0,0,1,5,4,,0.0,,2,2,3,1,1,1,9,6,50,child
202000000076,6,3,2020,0 days 09:50:00,1,30,30075,2,1,1,-1,Chemin des Rôles,"43,8208860","4,2607860",1,1,1,1986.0,4,1,-1,-1,B01,3,0,0,0,1,5,4,,0.0,,2,2,3,1,1,1,9,6,50,adult
202000000109,6,3,2020,0 days 18:05:00,2,972,97209,2,3,1,1,PATRICE LUMUMBA (RUE),"14,6136800"," -61,0701800",1,1,1,1980.0,5,1,8,-1,B01,3,0,2,1,1,5,4,PATRICE LUMUMBA (RUE),0.0,,1,1,0,1,1,1,0,1,30,child
202000000109,6,3,2020,0 days 18:05:00,2,972,97209,2,3,1,1,PATRICE LUMUMBA (RUE),"14,6136800"," -61,0701800",1,4,1,2011.0,5,0,-1,-1,B01,3,0,2,1,1,5,4,PATRICE LUMUMBA (RUE),0.0,,1,1,0,1,1,1,0,1,30,adult
202000000126,3,3,2020,0 days 18:10:00,2,84,84007,2,1,1,3,RUE HOSEPH DE MONTGOLFIER,"43,9301800","4,8285400",1,4,1,1939.0,0,2,0,-1,B01,3,0,2,7,1,5,4,RUE HOSEPH DE MONTGOLFIER,0.0,,2,3,1,1,1,1,0,1,50,child
202000000126,3,3,2020,0 days 18:10:00,2,84,84007,2,1,1,3,RUE HOSEPH DE MONTGOLFIER,"43,9301800","4,8285400",1,1,1,1970.0,5,1,0,-1,B01,3,0,2,7,1,5,4,RUE HOSEPH DE MONTGOLFIER,0.0,,2,3,1,1,1,1,0,1,50,adult
202000000164,21,9,2020,0 days 14:20:00,1,73,73248,2,6,1,3,D77 RP de l'aluminium,"45,2756154","6,3554903",1,3,1,1959.0,5,0,-1,-1,B01,2,0,2,7,26,5,3,77,-1.0,,1,1,0,1,2,1,5,1,30,child
202000000164,21,9,2020,0 days 14:20:00,1,73,73248,2,6,1,3,D77 RP de l'aluminium,"45,2756154","6,3554903",1,1,1,1980.0,4,1,-1,-1,B01,2,0,2,7,26,5,3,77,-1.0,,1,1,0,1,2,1,5,1,30,adult
202000000180,18,9,2020,0 days 20:15:00,5,988,98818,2,3,1,5,RUE JULES GARNIER/RUE DU DOCTEUR MIALARET," -22,2878800","166,4445500",1,1,2,1979.0,5,8,8,-1,C01,2,0,2,8,19,5,4,268,0.0,,3,2,0,1,1,1,0,1,50,child
202000000180,18,9,2020,0 days 20:15:00,5,988,98818,2,3,1,5,RUE JULES GARNIER/RUE DU DOCTEUR MIALARET," -22,2878800","166,4445500",1,1,1,1983.0,9,8,8,-1,C01,2,0,2,8,19,5,4,268,0.0,,3,2,0,1,1,1,0,1,50,adult
202000000180,18,9,2020,0 days 20:15:00,5,988,98818,2,3,1,5,RUE JULES GARNIER/RUE DU DOCTEUR MIALARET," -22,2878800","166,4445500",2,1,2,1985.0,9,8,8,-1,C01,2,0,2,8,19,5,4,268,0.0,,3,2,0,1,1,1,0,1,50,adult
202000000180,18,9,2020,0 days 20:15:00,5,988,98818,2,3,1,5,RUE JULES GARNIER/RUE DU DOCTEUR MIALARET," -22,2878800","166,4445500",1,4,1,2004.0,5,2,2,-1,C01,2,0,2,8,19,5,4,268,0.0,,3,2,0,1,1,1,0,1,50,adult
202000000189,20,9,2020,0 days 11:50:00,1,64,64483,2,1,1,5,CHANTACO (AVENUE DE ),"43,3737000"," -1,6378600",1,4,1,1948.0,5,2,0,-1,E01,1,0,2,1,2,5,3,CHANTACO (AVENUE DE ),0.0,,2,2,0,1,1,1,0,1,70,child
202000000189,20,9,2020,0 days 11:50:00,1,64,64483,2,1,1,5,CHANTACO (AVENUE DE ),"43,3737000"," -1,6378600",1,4,1,1951.0,5,2,0,-1,E01,1,0,2,1,2,5,3,CHANTACO (AVENUE DE ),0.0,,2,2,0,1,1,1,0,1,70,adult
202000000189,20,9,2020,0 days 11:50:00,1,64,64483,2,1,1,5,CHANTACO (AVENUE DE ),"43,3737000"," -1,6378600",1,4,1,1956.0,5,2,0,-1,E01,1,0,2,1,2,5,3,CHANTACO (AVENUE DE ),0.0,,2,2,0,1,1,1,0,1,70,adult
202000000189,20,9,2020,0 days 11:50:00,1,64,64483,2,1,1,5,CHANTACO (AVENUE DE ),"43,3737000"," -1,6378600",1,4,1,1969.0,5,2,0,-1,E01,1,0,2,1,2,5,3,CHANTACO (AVENUE DE ),0.0,,2,2,0,1,1,1,0,1,70,adult
202000000189,20,9,2020,0 days 11:50:00,1,64,64483,2,1,1,5,CHANTACO (AVENUE DE ),"43,3737000"," -1,6378600",1,4,2,1989.0,5,2,0,-1,E01,1,0,2,1,2,5,3,CHANTACO (AVENUE DE ),0.0,,2,2,0,1,1,1,0,1,70,adult
202000000225,20,9,2020,0 days 17:00:00,1,92,92040,2,6,1,3,STALINGRAD (QUAI DE),"48,8201781","2,2429183",1,4,1,1963.0,0,8,0,-1,B01,2,0,2,2,1,0,3,7,0.0,,2,2,1,1,1,1,0,5,30,child
202000000225,20,9,2020,0 days 17:00:00,1,92,92040,2,6,1,3,STALINGRAD (QUAI DE),"48,8201781","2,2429183",1,4,1,2005.0,0,8,0,-1,B01,2,0,2,2,1,0,3,7,0.0,,2,2,1,1,1,1,0,5,30,adult
202000000243,21,9,2020,0 days 13:45:00,1,33,33236,2,1,2,3,98 Avenue du Truc Vert,"44,7248500"," -1,2193100",1,2,2,1971.0,5,0,-1,-1,B01,1,0,2,1,1,5,4,Avenue du Truc Vert,0.0,,2,2,2,1,2,2,0,5,50,child
202000000243,21,9,2020,0 days 13:45:00,1,33,33236,2,1,2,3,98 Avenue du Truc Vert,"44,7248500"," -1,2193100",2,4,1,1999.0,5,1,-1,-1,B01,1,0,2,1,1,5,4,Avenue du Truc Vert,0.0,,2,2,2,1,2,2,0,5,50,adult
202000000243,21,9,2020,0 days 13:45:00,1,33,33236,2,1,2,3,98 Avenue du Truc Vert,"44,7248500"," -1,2193100",1,4,1,2000.0,5,1,-1,-1,B01,1,0,2,1,1,5,4,Avenue du Truc Vert,0.0,,2,2,2,1,2,2,0,5,50,adult
202000000265,17,9,2020,0 days 16:30:00,1,40,40245,2,1,1,6,Rue Pénecadet,"44,0321680"," -0,3243670",3,3,1,1971.0,4,4,-1,-1,A01,3,0,1,1,5,5,4,,-1.0,,1,1,0,2,1,1,0,1,50,child
202000000265,17,9,2020,0 days 16:30:00,1,40,40245,2,1,1,6,Rue Pénecadet,"44,0321680"," -0,3243670",1,1,1,2006.0,2,0,-1,-1,A01,3,0,1,1,5,5,4,,-1.0,,1,1,0,2,1,1,0,1,50,adult
202000000290,21,9,2020,0 days 17:35:00,1,85,85178,1,3,1,1,La Bardinière,"46,7778220"," -1,4878980",1,1,1,1976.0,5,8,-1,-1,B01,3,0,2,1,15,5,4,206,0.0,,2,2,0,1,1,1,0,1,50,child
202000000290,21,9,2020,0 days 17:35:00,1,85,85178,1,3,1,1,La Bardinière,"46,7778220"," -1,4878980",1,2,1,2008.0,2,2,-1,-1,B01,3,0,2,1,15,5,4,206,0.0,,2,2,0,1,1,1,0,1,50,adult
202000000303,24,6,2020,0 days 07:30:00,1,33,33318,2,3,1,3,Avenue du Bourgailh,"44,8024600"," -0,6631900",1,4,2,1965.0,5,8,-1,-1,A01,1,0,2,1,19,5,4,Avenue du Bourgailh,0.0,,2,7,2,1,1,1,5,1,50,child
202000000303,24,6,2020,0 days 07:30:00,1,33,33318,2,3,1,3,Avenue du Bourgailh,"44,8024600"," -0,6631900",1,1,1,1988.0,-1,8,-1,-1,A01,1,0,2,1,19,5,4,Avenue du Bourgailh,0.0,,2,7,2,1,1,1,5,1,50,adult
202000000351,25,6,2020,0 days 08:45:00,1,12,12265,1,2,1,1,Verrières,"44,5425720","2,6852130",1,4,1,1958.0,5,0,-1,-1,B01,1,0,2,1,1,5,3,100,-1.0,,2,2,0,1,2,1,0,1,50,child
202000000351,25,6,2020,0 days 08:45:00,1,12,12265,1,2,1,1,Verrières,"44,5425720","2,6852130",1,1,1,1987.0,1,1,-1,-1,B01,1,0,2,1,1,5,3,100,-1.0,,2,2,0,1,2,1,0,1,50,adult
202000000370,25,6,2020,0 days 20:25:00,1,05,05054,2,1,1,-1,Route des Allards,"44,6754130","6,0703430",1,4,1,1985.0,5,0,-1,-1,A01,3,0,0,1,2,5,4,ROUTE DES ALLARDS,0.0,,2,2,0,2,1,1,0,1,50,child
202000000370,25,6,2020,0 days 20:25:00,1,05,05054,2,1,1,-1,Route des Allards,"44,6754130","6,0703430",1,4,1,2010.0,5,2,-1,-1,A01,3,0,0,1,2,5,4,ROUTE DES ALLARDS,0.0,,2,2,0,2,1,1,0,1,50,adult
202000000379,22,6,2020,0 days 20:05:00,1,77,77490,2,3,1,1,Rue de la Forge Chaton,"49,0335810","3,1041850",1,1,1,1984.0,4,1,-1,-1,B01,3,0,2,8,1,5,4,,-1.0,,3,2,0,1,1,1,0,1,30,child
202000000379,22,6,2020,0 days 20:05:00,1,77,77490,2,3,1,1,Rue de la Forge Chaton,"49,0335810","3,1041850",1,4,1,2003.0,5,0,-1,-1,B01,3,0,2,8,1,5,4,,-1.0,,3,2,0,1,1,1,0,1,30,adult
202000000379,22,6,2020,0 days 20:05:00,1,77,77490,2,3,1,1,Rue de la Forge Chaton,"49,0335810","3,1041850",2,3,1,2011.0,5,0,-1,-1,B01,3,0,2,8,1,5,4,,-1.0,,3,2,0,1,1,1,0,1,30,adult
202000000381,25,6,2020,0 days 10:20:00,1,66,66144,1,6,1,2,Route de Villeneuve de la Raho,"42,6424160","2,8791100",1,3,1,1960.0,5,2,-1,-1,B01,1,0,0,4,2,5,3,39,0.0,D,2,2,0,1,2,1,0,1,80,child
202000000381,25,6,2020,0 days 10:20:00,1,66,66144,1,6,1,2,Route de Villeneuve de la Raho,"42,6424160","2,8791100",1,1,2,1984.0,5,8,-1,-1,B01,1,0,0,4,2,5,3,39,0.0,D,2,2,0,1,2,1,0,1,80,adult
202000000443,17,6,2020,0 days 14:15:00,1,62,62048,2,2,1,3,SOISSONS (DE),"50,5077300","2,4808200",1,1,1,1981.0,5,1,0,-1,B01,3,0,2,7,16,5,4,SOISSONS (DE),0.0,,2,1,1,1,1,1,0,1,50,child
202000000443,17,6,2020,0 days 14:15:00,1,62,62048,2,2,1,3,SOISSONS (DE),"50,5077300","2,4808200",1,3,2,2010.0,5,8,0,-1,B01,3,0,2,7,16,5,4,SOISSONS (DE),0.0,,2,1,1,1,1,1,0,1,50,adult
202000000444,19,6,2020,0 days 20:50:00,1,58,58194,2,1,1,3,TAILLES,"47,0010000","3,1622000",1,1,1,1974.0,4,1,8,-1,A01,3,0,2,1,1,5,4,TAILLES,0.0,,2,2,0,1,1,1,0,1,50,child
202000000444,19,6,2020,0 days 20:50:00,1,58,58194,2,1,1,3,TAILLES,"47,0010000","3,1622000",1,4,2,2009.0,5,8,0,-1,A01,3,0,2,1,1,5,4,TAILLES,0.0,,2,2,0,1,1,1,0,1,50,adult
202000000474,17,10,2020,0 days 13:25:00,1,71,71270,2,6,1,3,SAONE (CARREFOUR DE),"46,3093916","4,8374930",1,3,1,1937.0,5,2,8,-1,B01,3,0,2,7,15,5,3,906,0.0,,1,2,0,1,2,1,0,1,50,child
202000000474,17,10,2020,0 days 13:25:00,1,71,71270,2,6,1,3,SAONE (CARREFOUR DE),"46,3093916","4,8374930",1,1,2,1966.0,3,1,8,-1,B01,3,0,2,7,15,5,3,906,0.0,,1,2,0,1,2,1,0,1,50,adult
202000000481,16,10,2020,0 days 19:40:00,5,63,63113,1,6,8,-1,CHARTOIRE (BD LOUIS),"45,7981400","3,1467600",1,1,1,1958.0,1,1,0,-1,B01,1,0,2,2,9,5,7,CHARTOIRE (BD LOUIS),0.0,,4,0,0,1,2,2,0,1,50,child
202000000481,16,10,2020,0 days 19:40:00,5,63,63113,1,6,8,-1,CHARTOIRE (BD LOUIS),"45,7981400","3,1467600",1,4,1,1992.0,1,8,4,-1,B01,1,0,2,2,9,5,7,CHARTOIRE (BD LOUIS),0.0,,4,0,0,1,2,2,0,1,50,adult
202000000526,19,10,2020,0 days 19:35:00,5,75,75111,2,2,1,3,BOULEVARD VOLTAIRE,"48,8637650","2,3701090",1,4,1,1957.0,1,2,6,-1,B01,2,0,2,4,1,5,4,,0.0,,2,2,1,1,1,1,-1,5,50,child
202000000526,19,10,2020,0 days 19:35:00,5,75,75111,2,2,1,3,BOULEVARD VOLTAIRE,"48,8637650","2,3701090",1,1,1,2002.0,9,8,0,-1,B01,2,0,2,4,1,5,4,,0.0,,2,2,1,1,1,1,-1,5,50,adult
202000000553,19,10,2020,0 days 15:32:00,1,68,68300,2,6,1,3,D422,"47,7849820","7,3677360",1,1,2,1944.0,5,1,-1,-1,B01,2,0,2,8,1,5,3,422,-1.0,,2,2,2,1,3,1,5,1,50,child
202000000553,19,10,2020,0 days 15:32:00,1,68,68300,2,6,1,3,D422,"47,7849820","7,3677360",1,4,1,1978.0,5,0,-1,-1,B01,2,0,2,8,1,5,3,422,-1.0,,2,2,2,1,3,1,5,1,50,adult
202000000569,15,9,2020,0 days 08:00:00,2,60,60067,2,1,7,3,Rue de Crépy,"49,2949960","2,8149870",1,4,1,1972.0,9,0,-1,-1,B01,0,0,2,2,2,5,3,123,-1.0,,2,2,0,1,1,1,0,1,80,child
202000000569,15,9,2020,0 days 08:00:00,2,60,60067,2,1,7,3,Rue de Crépy,"49,2949960","2,8149870",1,1,1,1996.0,1,1,-1,-1,B01,0,0,2,2,2,5,3,123,-1.0,,2,2,0,1,1,1,0,1,80,adult
202000000607,26,8,2020,0 days 08:30:00,1,13,13069,1,6,1,3,RD572 / RD15,"43,6262130","5,1505060",1,3,1,1954.0,5,0,-1,-1,B01,1,0,2,2,1,5,3,572,-1.0,H,2,2,0,1,2,1,0,1,80,child
202000000607,26,8,2020,0 days 08:30:00,1,13,13069,1,6,1,3,RD572 / RD15,"43,6262130","5,1505060",1,1,1,1976.0,5,1,-1,-1,B01,1,0,2,2,1,5,3,572,-1.0,H,2,2,0,1,2,1,0,1,80,adult
202000000622,5,8,2020,0 days 08:05:00,1,38,38317,2,1,1,6,Cours Saint André,"45,1319440","5,6999350",3,4,2,1951.0,3,0,-1,-1,A01,1,0,1,1,21,5,3,1075,-1.0,,1,1,1,1,1,1,0,5,50,child
202000000622,5,8,2020,0 days 08:05:00,1,38,38317,2,1,1,6,Cours Saint André,"45,1319440","5,6999350",1,3,2,1976.0,5,2,-1,-1,A01,1,0,1,1,21,5,3,1075,-1.0,,1,1,1,1,1,1,0,5,50,adult
202000000623,13,8,2020,0 days 00:30:00,3,17,17019,2,1,1,1,Rue de Mouillebarbe,"46,2100340"," -1,5128250",1,3,1,1967.0,5,0,-1,-1,B01,3,0,2,3,1,5,4,,0.0,,2,2,1,1,3,2,0,5,-1,child
202000000623,13,8,2020,0 days 00:30:00,3,17,17019,2,1,1,1,Rue de Mouillebarbe,"46,2100340"," -1,5128250",1,1,1,2001.0,5,0,-1,-1,B01,3,0,2,3,1,5,4,,0.0,,2,2,1,1,3,2,0,5,-1,adult
202000000624,24,8,2020,0 days 10:30:00,1,40,40184,2,2,1,3,Rue Chambrelent,"44,2070890"," -1,2952760",1,1,1,1969.0,1,1,-1,-1,B01,0,0,2,1,19,5,4,,-1.0,,2,2,0,1,1,1,0,1,50,child
202000000624,24,8,2020,0 days 10:30:00,1,40,40184,2,2,1,3,Rue Chambrelent,"44,2070890"," -1,2952760",1,3,1,2006.0,5,2,-1,-1,B01,0,0,2,1,19,5,4,,-1.0,,2,2,0,1,1,1,0,1,50,adult
202000000664,21,8,2020,0 days 23:45:00,5,66,66136,2,2,1,3,PERVENCHES (AVENUE DES),"42,7017500","2,9045700",1,1,1,1954.0,5,1,8,-1,B01,1,0,2,1,9,5,4,PERVENCHES (AVENUE DES),0.0,,2,2,0,1,1,1,0,1,50,child
202000000664,21,8,2020,0 days 23:45:00,5,66,66136,2,2,1,3,PERVENCHES (AVENUE DES),"42,7017500","2,9045700",1,4,1,2002.0,5,8,0,-1,B01,1,0,2,1,9,5,4,PERVENCHES (AVENUE DES),0.0,,2,2,0,1,1,1,0,1,50,adult
202000000765,17,12,2020,0 days 17:25:00,2,93,93055,2,1,1,3,CARTIER BRESSON DU 41/93.46/100,"48,9013125","2,4022089",1,1,1,1961.0,4,1,0,0,Y01,0,0,2,0,26,0,4,CARTIER BRESSON DU 41/93.46/100,0.0,,2,2,0,1,1,1,0,4,50,child
202000000765,17,12,2020,0 days 17:25:00,2,93,93055,2,1,1,3,CARTIER BRESSON DU 41/93.46/100,"48,9013125","2,4022089",1,2,2,2017.0,9,0,-1,-1,Y01,0,0,2,0,26,0,4,CARTIER BRESSON DU 41/93.46/100,0.0,,2,2,0,1,1,1,0,4,50,adult
202000000773,6,11,2020,0 days 17:05:00,2,93,93055,2,6,1,3,JEAN LOLIVE (AVENUE)(137/FIN ET 134/FIN),"48,8954189","2,4257724",1,1,1,1961.0,0,8,0,0,B01,-1,0,2,8,1,0,3,JEAN LOLIVE (AVENUE)(137/FIN ET 134/FIN),0.0,,4,7,0,1,1,1,5,1,50,child