Num_Acc,jour,mois,an,hrmn,lum,dep,com,agg,int,atm,col,adr,lat,long,catu,grav,sexe,an_nais,trajet,secu1,secu2,secu3,num_veh_y,senc,obs,obsm,choc,manv,motor,catr,voie,v1,v2,circ,nbv,vosp,prof,plan,surf,infra,situ,vma,age
202000007655,20,7,2020,0 days 20:50:00,1,92,92048,2,1,1,2,PARIS (RUE DE) N° 12 A 164,"48,8125990","2,2447140",1,1,1,1968.0,4,1,0,-1,B01,2,0,2,4,23,5,4,PARIS (RUE DE) ,0.0,,3,0,0,2,1,1,0,1,50,child
202000007655,20,7,2020,0 days 20:50:00,1,92,92048,2,1,1,2,PARIS (RUE DE) N° 12 A 164,"48,8125990","2,2447140",1,3,1,2002.0,5,8,0,-1,B01,2,0,2,4,23,5,4,PARIS (RUE DE) ,0.0,,3,0,0,2,1,1,0,1,50,adult
202000007716,21,7,2020,0 days 07:40:00,1,973,97309,2,1,1,2,Rue Passiflore,"4,8923640"," -52,2853460",1,1,1,1962.0,1,1,-1,-1,B01,2,0,2,1,2,5,4,Rue passiflore,0.0,,2,2,0,1,1,2,0,1,50,child
202000007716,21,7,2020,0 days 07:40:00,1,973,97309,2,1,1,2,Rue Passiflore,"4,8923640"," -52,2853460",1,3,1,1999.0,0,0,-1,-1,B01,2,0,2,1,2,5,4,Rue passiflore,0.0,,2,2,0,1,1,2,0,1,50,adult
202000007756,19,6,2020,0 days 18:15:00,1,74,74003,1,1,1,2,D909,"45,8922410","6,2578300",1,3,1,1963.0,5,2,-1,-1,A01,1,0,0,3,1,5,3,909,-1.0,,-1,2,2,1,1,1,0,5,80,child
202000007756,19,6,2020,0 days 18:15:00,1,74,74003,1,1,1,2,D909,"45,8922410","6,2578300",1,1,1,1988.0,3,1,-1,-1,A01,1,0,0,3,1,5,3,909,-1.0,,-1,2,2,1,1,1,0,5,80,adult
202000007806,19,7,2020,0 days 19:30:00,1,37,37261,2,1,1,-1,SAINT SAUVEUR (PONT),"47,3732283","0,6785342",1,1,1,1973.0,5,1,0,-1,B01,3,0,2,7,19,5,3,86,0.0,,2,4,0,1,1,1,0,1,50,child
202000007806,19,7,2020,0 days 19:30:00,1,37,37261,2,1,1,-1,SAINT SAUVEUR (PONT),"47,3732283","0,6785342",1,4,2,2006.0,0,8,0,-1,B01,3,0,2,7,19,5,3,86,0.0,,2,4,0,1,1,1,0,1,50,adult
202000007813,18,6,2020,0 days 18:10:00,1,69,69385,2,1,1,-1,ROMAIN ROLLAND                      (QU),"45,7624900","4,8288900",1,4,2,1974.0,5,2,0,-1,B01,2,0,2,0,1,5,4,ROMAIN ROLLAND                      (QU),0.0,,1,2,1,2,1,1,0,5,50,child
202000007813,18,6,2020,0 days 18:10:00,1,69,69385,2,1,1,-1,ROMAIN ROLLAND                      (QU),"45,7624900","4,8288900",1,1,1,1999.0,1,1,0,-1,B01,2,0,2,0,1,5,4,ROMAIN ROLLAND                      (QU),0.0,,1,2,1,2,1,1,0,5,50,adult
202000007859,18,6,2020,0 days 19:05:00,1,45,45147,1,7,1,1,Rue Colonel Fabien,"47,9365767","1,9122121",1,1,1,1982.0,0,1,0,-1,B01,3,0,2,1,3,5,6,,0.0,,-1,0,0,1,1,2,0,1,50,child
202000007859,18,6,2020,0 days 19:05:00,1,45,45147,1,7,1,1,Rue Colonel Fabien,"47,9365767","1,9122121",1,4,1,2010.0,5,8,0,-1,B01,3,0,2,1,3,5,6,,0.0,,-1,0,0,1,1,2,0,1,50,adult
202000007869,18,6,2020,0 days 08:00:00,1,31,31555,2,4,1,3,CHE DU CANAL,"43,5734700","1,4637500",1,4,1,1974.0,0,8,0,-1,B01,0,0,2,7,1,5,4,CHE DU CANAL,0.0,,2,2,0,1,4,1,0,1,50,child
202000007869,18,6,2020,0 days 08:00:00,1,31,31555,2,4,1,3,CHE DU CANAL,"43,5734700","1,4637500",1,1,2,1997.0,0,1,0,-1,B01,0,0,2,7,1,5,4,CHE DU CANAL,0.0,,2,2,0,1,4,1,0,1,50,adult
202000007895,20,7,2020,0 days 11:55:00,1,81,81171,1,1,1,5,Route de Barrabie,"43,8399360","1,8412990",2,1,2,1946.0,9,1,-1,-1,C01,3,0,9,4,2,5,4,,-1.0,,2,2,0,1,1,1,0,1,80,child
202000007895,20,7,2020,0 days 11:55:00,1,81,81171,1,1,1,5,Route de Barrabie,"43,8399360","1,8412990",1,1,1,1965.0,5,2,6,-1,C01,3,0,9,4,2,5,4,,-1.0,,2,2,0,1,1,1,0,1,80,adult
202000007895,20,7,2020,0 days 11:55:00,1,81,81171,1,1,1,5,Route de Barrabie,"43,8399360","1,8412990",1,2,2,1975.0,5,2,6,-1,C01,3,0,9,4,2,5,4,,-1.0,,2,2,0,1,1,1,0,1,80,adult
202000007895,20,7,2020,0 days 11:55:00,1,81,81171,1,1,1,5,Route de Barrabie,"43,8399360","1,8412990",1,1,1,1997.0,5,8,-1,-1,C01,3,0,9,4,2,5,4,,-1.0,,2,2,0,1,1,1,0,1,80,adult
202000007921,13,10,2020,0 days 15:25:00,1,83,83123,1,1,1,2,HUIDE (CHEMIN DE) N° PAIRS,"43,1287300","5,7985100",1,1,2,1978.0,9,1,0,-1,A01,2,0,2,1,1,5,4,NC,0.0,,2,2,0,2,3,1,0,1,50,child
202000007921,13,10,2020,0 days 15:25:00,1,83,83123,1,1,1,2,HUIDE (CHEMIN DE) N° PAIRS,"43,1287300","5,7985100",1,3,1,2006.0,9,8,0,-1,A01,2,0,2,1,1,5,4,NC,0.0,,2,2,0,2,3,1,0,1,50,adult
202000007921,13,10,2020,0 days 15:25:00,1,83,83123,1,1,1,2,HUIDE (CHEMIN DE) N° PAIRS,"43,1287300","5,7985100",2,1,1,2008.0,9,1,0,-1,A01,2,0,2,1,1,5,4,NC,0.0,,2,2,0,2,3,1,0,1,50,adult
202000007921,13,10,2020,0 days 15:25:00,1,83,83123,1,1,1,2,HUIDE (CHEMIN DE) N° PAIRS,"43,1287300","5,7985100",2,1,2,2011.0,0,1,0,-1,A01,2,0,2,1,1,5,4,NC,0.0,,2,2,0,2,3,1,0,1,50,adult
202000007952,14,10,2020,0 days 08:00:00,2,35,35238,2,1,5,3,PARIS (RUE DE),"48,1132800"," -1,6616400",1,1,1,1969.0,4,1,0,-1,B01,1,0,2,6,2,5,4,PARIS (RUE DE),0.0,,2,1,0,1,1,1,0,1,30,child
202000007952,14,10,2020,0 days 08:00:00,2,35,35238,2,1,5,3,PARIS (RUE DE),"48,1132800"," -1,6616400",1,4,1,2003.0,2,8,0,-1,B01,1,0,2,6,2,5,4,PARIS (RUE DE),0.0,,2,1,0,1,1,1,0,1,30,adult
202000007986,14,10,2020,0 days 15:00:00,1,75,75113,2,1,1,3,RUE DE LA GLACIERE,"48,8330850","2,3446340",1,4,2,1975.0,9,2,0,-1,B01,1,0,2,1,1,5,4,,0.0,,2,2,0,1,1,1,0,1,50,child
202000007986,14,10,2020,0 days 15:00:00,1,75,75113,2,1,1,3,RUE DE LA GLACIERE,"48,8330850","2,3446340",2,1,1,1999.0,9,1,0,-1,B01,1,0,2,1,1,5,4,,0.0,,2,2,0,1,1,1,0,1,50,adult
202000007991,14,10,2020,0 days 09:45:00,1,75,75110,2,2,2,3,RUE BEAUREPAIRE,"48,8693340","2,3633780",1,1,1,1937.0,9,1,0,-1,A01,1,0,2,0,1,5,4,,0.0,,1,2,1,1,1,2,-1,5,30,child
202000007991,14,10,2020,0 days 09:45:00,1,75,75110,2,2,2,3,RUE BEAUREPAIRE,"48,8693340","2,3633780",1,4,1,1985.0,1,2,0,-1,A01,1,0,2,0,1,5,4,,0.0,,1,2,1,1,1,2,-1,5,30,adult
202000008059,27,8,2020,0 days 07:00:00,2,11,11076,1,6,1,3,Rond-point du 4e Régiment Étranger (Zone militaire),"43,3026720","1,9745400",1,1,1,1946.0,5,1,-1,-1,B01,2,0,2,1,1,5,3,6313,0.0,D,2,2,0,1,1,1,5,1,80,child
202000008059,27,8,2020,0 days 07:00:00,2,11,11076,1,6,1,3,Rond-point du 4e Régiment Étranger (Zone militaire),"43,3026720","1,9745400",1,4,1,1977.0,1,2,4,9,B01,2,0,2,1,1,5,3,6313,0.0,D,2,2,0,1,1,1,5,1,80,adult
202000008122,19,8,2020,0 days 20:20:00,2,83,83034,1,1,1,-1,RUE DES 3 PINS,"43,0990000","6,0620000",1,4,1,1961.0,5,2,0,-1,B01,2,0,2,3,1,5,4,NC,0.0,,2,2,0,1,1,1,0,5,70,child
202000008122,19,8,2020,0 days 20:20:00,2,83,83034,1,1,1,-1,RUE DES 3 PINS,"43,0990000","6,0620000",1,1,1,1997.0,4,1,0,-1,B01,2,0,2,3,1,5,4,NC,0.0,,2,2,0,1,1,1,0,5,70,adult
202000008130,18,8,2020,0 days 10:01:00,1,64,64483,2,6,1,1,PASSICOT JEAN MARTIN (BD DU COMMANDANT),"43,3863000"," -1,6618000",1,1,2,1931.0,0,1,0,-1,B01,1,0,2,4,1,5,3,PASSICOT JEAN MARTIN (BD DU COMMANDANT),0.0,,1,1,0,1,3,1,0,1,50,child
202000008130,18,8,2020,0 days 10:01:00,1,64,64483,2,6,1,1,PASSICOT JEAN MARTIN (BD DU COMMANDANT),"43,3863000"," -1,6618000",1,4,2,1967.0,0,2,0,-1,B01,1,0,2,4,1,5,3,PASSICOT JEAN MARTIN (BD DU COMMANDANT),0.0,,1,1,0,1,3,1,0,1,50,adult
202000008131,18,8,2020,0 days 08:20:00,1,64,64483,2,6,1,3,ITHURRALDE ANDRE (AVENUE),"43,3971800"," -1,6446600",1,4,1,1957.0,0,2,0,-1,B01,1,0,2,1,1,5,3,810,0.0,,1,1,0,1,2,1,9,8,50,child
202000008131,18,8,2020,0 days 08:20:00,1,64,64483,2,6,1,3,ITHURRALDE ANDRE (AVENUE),"43,3971800"," -1,6446600",1,1,1,1996.0,0,1,0,-1,B01,1,0,2,1,1,5,3,810,0.0,,1,1,0,1,2,1,9,8,50,adult
202000008148,19,8,2020,0 days 16:00:00,1,35,35238,2,1,8,6,ALMA (DE L'),"48,1045519"," -1,6773029",3,3,2,1954.0,3,0,-1,-1,A01,3,0,1,2,2,5,4,ALMA (DE L'),0.0,,2,2,0,2,1,2,0,1,30,child
202000008148,19,8,2020,0 days 16:00:00,1,35,35238,2,1,8,6,ALMA (DE L'),"48,1045519"," -1,6773029",1,1,1,1996.0,5,0,-1,-1,A01,3,0,1,2,2,5,4,ALMA (DE L'),0.0,,2,2,0,2,1,2,0,1,30,adult
202000008158,19,8,2020,0 days 16:15:00,1,10,10387,2,2,1,3,JULES GUESDE (RUE),"48,2905000","4,0821000",1,1,2,1972.0,3,1,0,-1,A01,2,0,2,8,9,5,4,JULES GUESDE (RUE),0.0,,2,3,1,1,1,1,0,1,50,child
202000008158,19,8,2020,0 days 16:15:00,1,10,10387,2,2,1,3,JULES GUESDE (RUE),"48,2905000","4,0821000",1,4,1,2005.0,5,8,0,-1,A01,2,0,2,8,9,5,4,JULES GUESDE (RUE),0.0,,2,3,1,1,1,1,0,1,50,adult
202000008169,19,8,2020,0 days 16:45:00,1,75,75110,2,2,8,6,RUE LOUIS BLANC,"48,8810990","2,3651540",3,4,2,1933.0,3,0,-1,-1,A01,3,0,1,1,5,5,4,,0.0,,1,2,0,1,1,1,0,1,50,child
202000008169,19,8,2020,0 days 16:45:00,1,75,75110,2,2,8,6,RUE LOUIS BLANC,"48,8810990","2,3651540",1,1,1,1994.0,1,8,0,-1,A01,3,0,1,1,5,5,4,,0.0,,1,2,0,1,1,1,0,1,50,adult
202000008179,18,8,2020,0 days 18:30:00,1,94,94054,2,1,1,3,JEAN MERMOZ (R),"48,7488840","2,4148300",1,1,2,1991.0,3,1,0,-1,B01,3,0,2,1,25,6,4,JEAN MERMOZ (R),0.0,,-1,2,0,2,1,1,0,4,30,child
202000008179,18,8,2020,0 days 18:30:00,1,94,94054,2,1,1,3,JEAN MERMOZ (R),"48,7488840","2,4148300",1,4,1,2015.0,5,8,0,-1,B01,3,0,2,1,25,6,4,JEAN MERMOZ (R),0.0,,-1,2,0,2,1,1,0,4,30,adult
202000008189,20,8,2020,0 days 09:45:00,1,95,95052,2,6,1,2,RD 922,"49,1379972","2,2721469",1,4,1,1940.0,5,2,-1,-1,B01,1,0,2,5,1,5,3,922,-1.0,,1,2,0,1,2,1,0,1,50,child
202000008189,20,8,2020,0 days 09:45:00,1,95,95052,2,6,1,2,RD 922,"49,1379972","2,2721469",1,1,2,1973.0,5,1,-1,-1,B01,1,0,2,5,1,5,3,922,-1.0,,1,2,0,1,2,1,0,1,50,adult
202000008211,11,8,2020,0 days 15:30:00,1,51,51507,1,1,7,3,D85,"49,1033334","4,9021969",1,1,1,1942.0,5,0,-1,-1,B01,1,0,2,3,2,5,3,85,-1.0,,2,2,0,2,1,1,0,1,80,child
202000008211,11,8,2020,0 days 15:30:00,1,51,51507,1,1,7,3,D85,"49,1033334","4,9021969",1,4,1,1972.0,5,2,-1,-1,B01,1,0,2,3,2,5,3,85,-1.0,,2,2,0,2,1,1,0,1,80,adult
202000008222,19,8,2020,0 days 10:10:00,1,11,11262,1,4,1,5,Route de Gruissan,"43,1692640","3,0369790",1,3,2,1941.0,5,0,-1,-1,A01,1,0,2,2,1,5,3,32,-1.0,,2,2,0,1,3,1,0,1,70,child
202000008222,19,8,2020,0 days 10:10:00,1,11,11262,1,4,1,5,Route de Gruissan,"43,1692640","3,0369790",2,1,2,1968.0,5,1,-1,-1,A01,1,0,2,2,1,5,3,32,-1.0,,2,2,0,1,3,1,0,1,70,adult
202000008222,19,8,2020,0 days 10:10:00,1,11,11262,1,4,1,5,Route de Gruissan,"43,1692640","3,0369790",1,1,2,1971.0,5,1,-1,-1,A01,1,0,2,2,1,5,3,32,-1.0,,2,2,0,1,3,1,0,1,70,adult
202000008222,19,8,2020,0 days 10:10:00,1,11,11262,1,4,1,5,Route de Gruissan,"43,1692640","3,0369790",1,1,2,1977.0,5,1,-1,-1,A01,1,0,2,2,1,5,3,32,-1.0,,2,2,0,1,3,1,0,1,70,adult
202000008222,19,8,2020,0 days 10:10:00,1,11,11262,1,4,1,5,Route de Gruissan,"43,1692640","3,0369790",1,1,1,1986.0,5,1,-1,-1,A01,1,0,2,2,1,5,3,32,-1.0,,2,2,0,1,3,1,0,1,70,adult
202000008222,19,8,2020,0 days 10:10:00,1,11,11262,1,4,1,5,Route de Gruissan,"43,1692640","3,0369790",2,1,1,1991.0,5,1,-1,-1,A01,1,0,2,2,1,5,3,32,-1.0,,2,2,0,1,3,1,0,1,70,adult
202000008241,16,8,2020,0 days 09:45:00,1,38,38310,2,3,1,-1,D48,"45,2587270","5,4764810",1,4,1,1978.0,5,2,-1,-1,B01,2,0,2,1,1,5,3,48,0.0,,2,2,0,1,1,1,0,1,50,child
202000008241,16,8,2020,0 days 09:45:00,1,38,38310,2,3,1,-1,D48,"45,2587270","5,4764810",1,4,1,1979.0,5,2,-1,-1,B01,2,0,2,1,1,5,3,48,0.0,,2,2,0,1,1,1,0,1,50,adult
202000008241,16,8,2020,0 days 09:45:00,1,38,38310,2,3,1,-1,D48,"45,2587270","5,4764810",1,4,1,1999.0,0,1,-1,-1,B01,2,0,2,1,1,5,3,48,0.0,,2,2,0,1,1,1,0,1,50,adult
202000008253,20,8,2020,0 days 18:45:00,1,45,45182,2,1,1,2,Rue du Docteur Pierre Segelle,"47,6830430","1,7830410",1,1,1,1971.0,5,8,-1,-1,B01,1,0,0,6,2,5,3,15,-1.0,,2,2,0,1,1,1,0,1,50,child
202000008253,20,8,2020,0 days 18:45:00,1,45,45182,2,1,1,2,Rue du Docteur Pierre Segelle,"47,6830430","1,7830410",1,4,1,2008.0,5,0,-1,-1,B01,1,0,0,6,2,5,3,15,-1.0,,2,2,0,1,1,1,0,1,50,adult
202000008273,18,8,2020,0 days 13:50:00,1,13,13011,2,4,1,2,D27,"43,7418170","4,7908120",1,1,1,1981.0,4,1,-1,-1,B01,1,0,2,2,1,5,3,27,0.0,D,2,2,0,2,2,1,0,1,20,child
202000008273,18,8,2020,0 days 13:50:00,1,13,13011,2,4,1,2,D27,"43,7418170","4,7908120",1,3,1,2002.0,5,0,-1,-1,B01,1,0,2,2,1,5,3,27,0.0,D,2,2,0,2,2,1,0,1,20,adult
202000008285,25,12,2020,0 days 15:50:00,1,987,98735,1,1,1,3,PIERRE LOTI (ALLEE QTIER POROI)," -17,5553600"," -149,5472600",1,4,1,1976.0,0,2,0,-1,B01,3,0,2,8,0,5,4,PIERRE LOTI (ALLEE QTIER POROI),0.0,,2,2,0,1,1,1,0,1,50,child
202000008285,25,12,2020,0 days 15:50:00,1,987,98735,1,1,1,3,PIERRE LOTI (ALLEE QTIER POROI)," -17,5553600"," -149,5472600",1,3,1,2012.0,0,8,0,-1,B01,3,0,2,8,0,5,4,PIERRE LOTI (ALLEE QTIER POROI),0.0,,2,2,0,1,1,1,0,1,50,adult
202000008288,30,12,2020,0 days 15:55:00,1,974,97411,2,3,1,3,Rue Sainte Marie," -20,8836000","55,4602600",1,1,2,1965.0,5,1,8,-1,A01,2,0,2,1,26,5,4,,0.0,,3,2,0,1,1,1,0,1,50,child
202000008288,30,12,2020,0 days 15:55:00,1,974,97411,2,3,1,3,Rue Sainte Marie," -20,8836000","55,4602600",1,3,1,2004.0,0,8,0,-1,A01,2,0,2,1,26,5,4,,0.0,,3,2,0,1,1,1,0,1,50,adult
202000008292,29,12,2020,0 days 06:20:00,2,972,97209,2,1,1,3,BISHOP (Avenue Maurice),"14,6105900"," -61,0547400",1,1,2,1964.0,1,1,0,-1,B01,1,0,2,6,19,5,4,BISHOP (Avenue Maurice),0.0,,3,6,3,1,1,1,0,1,50,child
202000008292,29,12,2020,0 days 06:20:00,2,972,97209,2,1,1,3,BISHOP (Avenue Maurice),"14,6105900"," -61,0547400",1,4,1,1991.0,0,8,8,-1,B01,1,0,2,6,19,5,4,BISHOP (Avenue Maurice),0.0,,3,6,3,1,1,1,0,1,50,adult
202000008312,31,12,2020,0 days 13:45:00,1,64,64335,2,6,1,3,NOVELLA,"43,3232100"," -0,4204300",1,1,1,1933.0,5,1,8,-1,B01,1,0,2,8,9,5,4,,0.0,,2,2,0,1,1,1,0,1,50,child
202000008312,31,12,2020,0 days 13:45:00,1,64,64335,2,6,1,3,NOVELLA,"43,3232100"," -0,4204300",1,4,2,2006.0,5,8,0,-1,B01,1,0,2,8,9,5,4,,0.0,,2,2,0,1,1,1,0,1,50,adult
202000008318,31,12,2020,0 days 10:37:00,1,56,56121,2,3,1,3,MONISTROL (RUE),"47,7380000"," -3,3819000",1,4,2,1966.0,5,2,8,-1,B01,1,0,2,1,1,5,4,,0.0,,2,2,2,2,1,1,0,1,30,child
202000008318,31,12,2020,0 days 10:37:00,1,56,56121,2,3,1,3,MONISTROL (RUE),"47,7380000"," -3,3819000",1,1,2,1995.0,4,1,8,-1,B01,1,0,2,1,1,5,4,,0.0,,2,2,2,2,1,1,0,1,30,adult
202000008325,31,12,2020,0 days 14:05:00,1,35,35238,2,1,2,3,FOUGERES (RUE DE),"48,1213600"," -1,6636700",1,1,1,1959.0,3,1,0,-1,B01,2,1,0,1,1,0,4,FOUGERES (RUE DE),0.0,,2,2,1,1,1,2,0,1,50,child
202000008325,31,12,2020,0 days 14:05:00,1,35,35238,2,1,2,3,FOUGERES (RUE DE),"48,1213600"," -1,6636700",1,4,2,1995.0,3,2,0,-1,B01,2,1,0,1,1,0,4,FOUGERES (RUE DE),0.0,,2,2,1,1,1,2,0,1,50,adult
202000008328,8,12,2020,0 days 18:45:00,3,33,33281,2,6,1,3,AVE DU MARECHAL LECLERC / AVE DE FONCASTEL,"44,8372600"," -0,6469900",1,4,1,1951.0,0,8,-1,-1,B01,1,0,2,1,1,5,4,AVE DU MARECHAL LECLERC,0.0,,2,6,1,1,1,1,0,1,50,child
202000008328,8,12,2020,0 days 18:45:00,3,33,33281,2,6,1,3,AVE DU MARECHAL LECLERC / AVE DE FONCASTEL,"44,8372600"," -0,6469900",1,1,1,2000.0,0,8,-1,-1,B01,1,0,2,1,1,5,4,AVE DU MARECHAL LECLERC,0.0,,2,6,1,1,1,1,0,1,50,adult
202000008332,30,12,2020,0 days 15:25:00,1,31,31555,2,1,2,3,DIEBOLD (Place),"43,5978200","1,4304500",1,1,1,1936.0,0,1,0,-1,B01,1,0,2,0,19,5,4,DIEBOLD (Place),0.0,,-1,2,0,1,1,2,0,1,50,child
202000008332,30,12,2020,0 days 15:25:00,1,31,31555,2,1,2,3,DIEBOLD (Place),"43,5978200","1,4304500",1,4,2,1991.0,0,2,0,-1,B01,1,0,2,0,19,5,4,DIEBOLD (Place),0.0,,-1,2,0,1,1,2,0,1,50,adult
202000008417,30,12,2020,0 days 11:35:00,1,17,17300,2,1,1,3,CORDOUAN   RUE DU,"46,1626000"," -1,1494000",1,4,2,1953.0,5,8,0,-1,A01,3,0,2,7,0,5,4,CORDOUAN   RUE DU,0.0,,1,1,0,1,1,1,0,1,30,child
202000008417,30,12,2020,0 days 11:35:00,1,17,17300,2,1,1,3,CORDOUAN   RUE DU,"46,1626000"," -1,1494000",1,1,1,2004.0,3,8,0,-1,A01,3,0,2,7,0,5,4,CORDOUAN   RUE DU,0.0,,1,1,0,1,1,1,0,1,30,adult
202000008467,30,12,2020,0 days 18:45:00,4,973,97304,2,1,1,1,Avenue des Frères Kennedy,"5,1656600"," -52,6415650",1,3,1,1959.0,0,0,-1,-1,B01,3,0,0,1,1,5,4,Avenue des frères kennedy,-1.0,,2,2,1,1,1,1,0,1,50,child
202000008467,30,12,2020,0 days 18:45:00,4,973,97304,2,1,1,1,Avenue des Frères Kennedy,"5,1656600"," -52,6415650",1,1,1,1994.0,0,1,-1,-1,B01,3,0,0,1,1,5,4,Avenue des frères kennedy,-1.0,,2,2,1,1,1,1,0,1,50,adult
202000008488,24,11,2020,0 days 19:00:00,5,51,51454,2,1,1,3,Rue Saint Julien,"49,2430400","4,0433081",1,1,2,1974.0,4,1,-1,-1,A01,0,0,2,8,1,5,4,,0.0,,2,2,0,1,1,1,0,1,30,child
202000008488,24,11,2020,0 days 19:00:00,5,51,51454,2,1,1,3,Rue Saint Julien,"49,2430400","4,0433081",1,4,1,2002.0,0,8,-1,-1,A01,0,0,2,8,1,5,4,,0.0,,2,2,0,1,1,1,0,1,30,adult
202000008489,23,11,2020,0 days 12:00:00,1,51,51454,2,6,2,3,Place d'Estournelles de Constant,"49,2323469","4,0332478",1,1,2,1954.0,0,1,-1,-1,B01,1,0,2,2,1,5,4,,0.0,,2,2,0,1,1,2,0,1,50,child
202000008489,23,11,2020,0 days 12:00:00,1,51,51454,2,6,2,3,Place d'Estournelles de Constant,"49,2323469","4,0332478",1,4,1,2002.0,0,8,-1,-1,B01,1,0,2,2,1,5,4,,0.0,,2,2,0,1,1,2,0,1,50,adult
202000008514,24,11,2020,0 days 18:15:00,5,75,75119,2,1,1,6,BOULEVARD MACDONALD,"48,8987960","2,3758360",1,1,2,1990.0,9,2,0,-1,A01,2,0,1,1,1,5,4,,0.0,,2,2,1,1,1,1,-1,5,50,child
202000008514,24,11,2020,0 days 18:15:00,5,75,75119,2,1,1,6,BOULEVARD MACDONALD,"48,8987960","2,3758360",3,4,2,2012.0,5,0,-1,-1,A01,2,0,1,1,1,5,4,,0.0,,2,2,1,1,1,1,-1,5,50,adult
202000008517,23,11,2020,0 days 08:20:00,1,75,75116,2,5,2,3,CHAUSSEE LA MUETTE,"48,8583020","2,2726410",1,4,1,1973.0,1,2,6,-1,A01,1,0,2,2,15,5,4,,0.0,,2,4,0,1,2,2,0,1,50,child
202000008517,23,11,2020,0 days 08:20:00,1,75,75116,2,5,2,3,CHAUSSEE LA MUETTE,"48,8583020","2,2726410",1,1,1,2002.0,2,2,0,-1,A01,1,0,2,2,15,5,4,,0.0,,2,4,0,1,2,2,0,1,50,adult
202000008537,24,11,2020,0 days 17:45:00,3,10,10245,1,1,1,2,Départementale 21,"48,2523800","4,1700630",1,2,1,1975.0,1,2,9,-1,B01,1,0,2,4,1,2,3,21,-1.0,,2,2,0,1,1,1,0,1,80,child
202000008537,24,11,2020,0 days 17:45:00,3,10,10245,1,1,1,2,Départementale 21,"48,2523800","4,1700630",1,1,1,2000.0,0,8,-1,-1,B01,1,0,2,4,1,2,3,21,-1.0,,2,2,0,1,1,1,0,1,80,adult
202000008554,24,11,2020,0 days 13:50:00,1,31,31499,2,1,1,3,avenue de toulouse,"43,5150690","1,1778160",1,1,2,1949.0,5,1,-1,-1,B01,2,0,2,1,1,5,3,632,0.0,,2,2,0,2,1,1,0,1,50,child
202000008554,24,11,2020,0 days 13:50:00,1,31,31499,2,1,1,3,avenue de toulouse,"43,5150690","1,1778160",1,3,1,1987.0,5,0,-1,-1,B01,2,0,2,1,1,5,3,632,0.0,,2,2,0,2,1,1,0,1,50,adult
202000008616,23,11,2020,0 days 08:10:00,2,56,56098,2,6,1,3,NORMANDIE NIEMEN ( BD ),"47,7607700"," -3,3539700",1,1,1,1954.0,3,1,8,-1,B01,1,0,2,1,1,5,4,NORMANDIE NIEMEN ( BD ),0.0,,2,2,0,1,1,1,5,5,50,child
202000008616,23,11,2020,0 days 08:10:00,2,56,56098,2,6,1,3,NORMANDIE NIEMEN ( BD ),"47,7607700"," -3,3539700",1,4,1,1996.0,1,2,0,-1,B01,1,0,2,1,1,5,4,NORMANDIE NIEMEN ( BD ),0.0,,2,2,0,1,1,1,5,5,50,adult
202000008620,20,11,2020,0 days 12:24:00,1,49,49007,2,1,1,3,Boulevard Gaston Ramon,"47,4881100"," -0,5430100",2,1,2,1971.0,5,1,0,-1,A01,1,0,2,8,19,5,4,,0.0,,2,2,0,1,1,1,0,1,50,child
202000008620,20,11,2020,0 days 12:24:00,1,49,49007,2,1,1,3,Boulevard Gaston Ramon,"47,4881100"," -0,5430100",1,1,2,1995.0,3,1,0,-1,A01,1,0,2,8,19,5,4,,0.0,,2,2,0,1,1,1,0,1,50,adult
202000008620,20,11,2020,0 days 12:24:00,1,49,49007,2,1,1,3,Boulevard Gaston Ramon,"47,4881100"," -0,5430100",1,4,2,2002.0,2,8,0,-1,A01,1,0,2,8,19,5,4,,0.0,,2,2,0,1,1,1,0,1,50,adult
202000008623,23,11,2020,0 days 08:00:00,1,44,44109,2,2,1,3,RUE JEAN JACQUES ROUSSEAU,"47,2120000"," -1,5591300",1,3,1,1978.0,0,8,0,-1,B01,1,0,2,1,1,5,4,,0.0,,2,2,0,1,1,1,5,1,30,child
202000008623,23,11,2020,0 days 08:00:00,1,44,44109,2,2,1,3,RUE JEAN JACQUES ROUSSEAU,"47,2120000"," -1,5591300",1,1,1,1999.0,0,1,0,-1,B01,1,0,2,1,1,5,4,,0.0,,2,2,0,1,1,1,5,1,30,adult
202000008673,16,5,2020,0 days 09:35:00,1,83,83149,1,1,1,2,RD560 PK65,"43,5581903","6,2757192",1,1,2,1925.0,3,1,-1,-1,B01,1,0,2,4,0,5,3,560,-1.0,,2,2,0,1,1,1,0,1,70,child
202000008673,16,5,2020,0 days 09:35:00,1,83,83149,1,1,1,2,RD560 PK65,"43,5581903","6,2757192",1,3,1,1948.0,5,0,-1,-1,B01,1,0,2,4,0,5,3,560,-1.0,,2,2,0,1,1,1,0,1,70,adult
202000008683,17,5,2020,0 days 17:00:00,1,42,42279,2,2,7,1,167 Route de Saint Marcellin,"45,4983310","4,2274640",1,1,1,1951.0,5,1,-1,-1,B01,3,0,2,1,1,0,3,102,-1.0,,2,2,0,1,1,1,0,1,50,child
202000008683,17,5,2020,0 days 17:00:00,1,42,42279,2,2,7,1,167 Route de Saint Marcellin,"45,4983310","4,2274640",1,3,1,1992.0,5,2,-1,-1,B01,3,0,2,1,1,0,3,102,-1.0,,2,2,0,1,1,1,0,1,50,adult