Num_Acc,jour,mois,an,hrmn,lum,dep,com,agg,int,atm,col,adr,lat,long,catu,grav,sexe,an_nais,trajet,secu1,secu2,secu3,num_veh_y,senc,obs,obsm,choc,manv,motor,catr,voie,v1,v2,circ,nbv,vosp,prof,plan,surf,infra,situ,vma,age
202000009780,11,6,2020,0 days 09:48:00,1,63,63075,2,1,1,-1,DESCARTES (RUE),"45,7814382","3,0691819",1,1,1,1984.0,9,1,0,-1,B01,1,0,2,8,2,-1,4,DESCARTES (RUE),0.0,,2,2,0,1,1,1,0,1,50,adult
202000009784,16,6,2020,0 days 15:35:00,1,56,56121,2,1,1,6,SVOB ( BOULEVARD EMMANUEL),"47,7504600"," -3,3674600",3,4,2,1948.0,5,0,-1,-1,A01,2,0,1,1,1,5,4,SVOB ( BOULEVARD EMMANUEL),0.0,,2,2,0,1,1,1,0,1,50,child
202000009784,16,6,2020,0 days 15:35:00,1,56,56121,2,1,1,6,SVOB ( BOULEVARD EMMANUEL),"47,7504600"," -3,3674600",1,1,1,1995.0,5,2,8,-1,A01,2,0,1,1,1,5,4,SVOB ( BOULEVARD EMMANUEL),0.0,,2,2,0,1,1,1,0,1,50,adult
202000009799,16,6,2020,0 days 08:35:00,1,31,31555,2,1,1,6,RUE MATABIAU,"43,6136800","1,4503000",3,3,2,1958.0,0,0,-1,-1,A01,0,0,1,1,1,5,4,RUE MATABIAU,0.0,,2,4,0,1,1,1,0,1,50,child
202000009799,16,6,2020,0 days 08:35:00,1,31,31555,2,1,1,6,RUE MATABIAU,"43,6136800","1,4503000",1,1,1,2000.0,0,8,0,-1,A01,0,0,1,1,1,5,4,RUE MATABIAU,0.0,,2,4,0,1,1,1,0,1,50,adult
202000009819,16,6,2020,0 days 16:30:00,1,75,75118,2,4,8,3,BOULEVARD ORNANO,"48,8927070","2,3487530",1,1,1,1956.0,5,8,0,-1,B01,2,0,2,3,13,5,4,,0.0,,2,6,3,1,1,1,-1,5,50,child
202000009819,16,6,2020,0 days 16:30:00,1,75,75118,2,4,8,3,BOULEVARD ORNANO,"48,8927070","2,3487530",1,4,1,1981.0,9,8,0,-1,B01,2,0,2,3,13,5,4,,0.0,,2,6,3,1,1,1,-1,5,50,adult
202000009821,17,6,2020,0 days 20:45:00,1,75,75116,2,3,1,3,AVENUE DE NEW YORK,"48,8632190","2,2961810",1,4,2,1979.0,1,2,8,-1,B01,2,0,2,1,1,5,4,,0.0,,2,4,3,1,1,1,0,1,50,child
202000009821,17,6,2020,0 days 20:45:00,1,75,75116,2,3,1,3,AVENUE DE NEW YORK,"48,8632190","2,2961810",1,1,1,2000.0,5,1,8,-1,B01,2,0,2,1,1,5,4,,0.0,,2,4,3,1,1,1,0,1,50,adult
202000009821,17,6,2020,0 days 20:45:00,1,75,75116,2,3,1,3,AVENUE DE NEW YORK,"48,8632190","2,2961810",2,1,2,2001.0,5,1,8,-1,B01,2,0,2,1,1,5,4,,0.0,,2,4,3,1,1,1,0,1,50,adult
202000009848,5,8,2020,0 days 19:40:00,1,69,69266,2,6,1,2,TOLSTOI    (Cours),"45,7637900","4,8742000",1,4,2,1968.0,0,8,0,-1,B01,3,0,2,4,1,5,4,TOLSTOI    (Cours),0.0,,1,1,1,1,2,1,0,1,50,child
202000009848,5,8,2020,0 days 19:40:00,1,69,69266,2,6,1,2,TOLSTOI    (Cours),"45,7637900","4,8742000",1,1,1,2004.0,0,2,0,-1,B01,3,0,2,4,1,5,4,TOLSTOI    (Cours),0.0,,1,1,1,1,2,1,0,1,50,adult
202000009853,13,10,2020,0 days 08:25:00,1,64,64445,2,1,2,3,GRAMONT,"43,2962500"," -0,3750600",1,1,1,1982.0,4,1,8,-1,B01,1,0,2,7,26,5,4,GRAMONT,0.0,,1,0,0,1,1,2,6,6,30,child
202000009853,13,10,2020,0 days 08:25:00,1,64,64445,2,1,2,3,GRAMONT,"43,2962500"," -0,3750600",1,4,1,2012.0,2,8,0,-1,B01,1,0,2,7,26,5,4,GRAMONT,0.0,,1,0,0,1,1,2,6,6,30,adult
202000009858,12,10,2020,0 days 07:30:00,2,54,54395,2,3,8,3,BEAUVAU (RUE DE),"48,6897316","6,1664428",1,4,2,1957.0,0,2,0,-1,B01,1,0,2,1,1,5,4,,0.0,,1,1,0,1,1,1,0,1,30,child
202000009858,12,10,2020,0 days 07:30:00,2,54,54395,2,3,8,3,BEAUVAU (RUE DE),"48,6897316","6,1664428",1,1,1,1998.0,0,1,0,-1,B01,1,0,2,1,1,5,4,,0.0,,1,1,0,1,1,1,0,1,30,adult
202000009860,8,10,2020,0 days 16:00:00,1,46,46042,1,3,1,3,Départementale 811 (entre Cahors et Merc,"44,4918030","1,4061760",1,4,1,1950.0,5,8,0,-1,B01,1,0,2,3,15,5,3,Départementale 811 (entre Cahors et Merc,0.0,,2,2,0,2,2,1,0,1,80,child
202000009860,8,10,2020,0 days 16:00:00,1,46,46042,1,3,1,3,Départementale 811 (entre Cahors et Merc,"44,4918030","1,4061760",1,1,1,1985.0,4,1,8,-1,B01,1,0,2,3,15,5,3,Départementale 811 (entre Cahors et Merc,0.0,,2,2,0,2,2,1,0,1,80,adult
202000009862,13,10,2020,0 days 08:00:00,1,45,45169,2,3,1,3,Rue du Val d’Orléans - avenue de la coudraye ,"47,9208370","1,8374470",1,1,1,1984.0,1,1,0,-1,B01,3,0,2,7,19,5,4,,0.0,,2,2,1,1,1,2,0,1,50,child
202000009862,13,10,2020,0 days 08:00:00,1,45,45169,2,3,1,3,Rue du Val d’Orléans - avenue de la coudraye ,"47,9208370","1,8374470",1,4,1,2009.0,2,8,0,-1,B01,3,0,2,7,19,5,4,,0.0,,2,2,1,1,1,2,0,1,50,adult
202000009902,9,10,2020,0 days 17:10:00,1,75,75113,2,1,1,2,RUE DE PATAY,"48,8247980","2,3758260",1,1,2,1965.0,9,1,0,-1,A01,2,0,2,1,1,5,4,,0.0,,2,2,0,2,1,1,0,1,50,child
202000009902,9,10,2020,0 days 17:10:00,1,75,75113,2,1,1,2,RUE DE PATAY,"48,8247980","2,3758260",1,4,1,2001.0,9,8,0,-1,A01,2,0,2,1,1,5,4,,0.0,,2,2,0,2,1,1,0,1,50,adult
202000009903,13,10,2020,0 days 07:35:00,2,75,75112,2,2,2,3,AVENUE DE LA PORTE DE CHARENTON,"48,8316930","2,3978230",1,1,2,1963.0,5,1,0,-1,B01,2,0,2,1,1,5,4,,0.0,,2,3,2,1,1,2,-1,5,50,child
202000009903,13,10,2020,0 days 07:35:00,2,75,75112,2,2,2,3,AVENUE DE LA PORTE DE CHARENTON,"48,8316930","2,3978230",1,4,2,1986.0,1,8,0,-1,B01,2,0,2,1,1,5,4,,0.0,,2,3,2,1,1,2,-1,5,50,adult
202000009908,13,10,2020,0 days 21:20:00,5,75,75104,2,2,1,6,RUE DE RIVOLI,"48,8569430","2,3538180",3,4,1,1969.0,1,0,-1,-1,A01,2,0,1,1,1,5,4,,0.0,,2,4,1,1,1,1,-1,5,50,child
202000009908,13,10,2020,0 days 21:20:00,5,75,75104,2,2,1,6,RUE DE RIVOLI,"48,8569430","2,3538180",1,1,1,1993.0,1,2,0,-1,A01,2,0,1,1,1,5,4,,0.0,,2,4,1,1,1,1,-1,5,50,adult
202000009957,13,10,2020,0 days 09:45:00,1,13,13053,2,2,1,3,7 Avenue Joliot-curie,"43,7281020","5,1780610",1,1,2,1957.0,5,1,-1,-1,B01,1,0,2,3,1,5,3,16,-1.0,,2,2,0,1,1,1,0,1,30,child
202000009957,13,10,2020,0 days 09:45:00,1,13,13053,2,2,1,3,7 Avenue Joliot-curie,"43,7281020","5,1780610",1,4,1,1991.0,5,2,-1,-1,B01,1,0,2,3,1,5,3,16,-1.0,,2,2,0,1,1,1,0,1,30,adult
202000010022,19,8,2020,0 days 07:10:00,1,973,97304,2,1,1,3,Avenue de Pariacabo,"5,1551960"," -52,6552740",1,3,1,1968.0,1,0,-1,-1,B01,0,0,2,0,25,5,4,Avenue de pariacabo,-1.0,,2,2,0,1,1,1,0,1,50,child
202000010022,19,8,2020,0 days 07:10:00,1,973,97304,2,1,1,3,Avenue de Pariacabo,"5,1551960"," -52,6552740",1,1,2,1998.0,1,8,-1,-1,B01,0,0,2,0,25,5,4,Avenue de pariacabo,-1.0,,2,2,0,1,1,1,0,1,50,adult
202000010039,15,8,2020,0 days 12:00:00,1,67,67098,1,3,1,3,D392,"48,5419972","7,4140884",1,1,1,1954.0,5,1,-1,-1,A01,2,0,2,8,13,5,3,392,0.0,,2,2,1,1,1,1,5,1,80,child
202000010039,15,8,2020,0 days 12:00:00,1,67,67098,1,3,1,3,D392,"48,5419972","7,4140884",1,4,1,2000.0,5,0,-1,-1,A01,2,0,2,8,13,5,3,392,0.0,,2,2,1,1,1,1,5,1,80,adult
202000010040,17,8,2020,0 days 18:15:00,1,67,67473,1,6,1,3,D422,"48,5763300","7,4784280",1,1,1,1972.0,5,1,-1,-1,A01,2,0,2,8,19,2,3,422,0.0,,2,2,1,1,3,1,5,1,80,child
202000010040,17,8,2020,0 days 18:15:00,1,67,67473,1,6,1,3,D422,"48,5763300","7,4784280",2,1,2,1973.0,5,1,-1,-1,A01,2,0,2,8,19,2,3,422,0.0,,2,2,1,1,3,1,5,1,80,adult
202000010040,17,8,2020,0 days 18:15:00,1,67,67473,1,6,1,3,D422,"48,5763300","7,4784280",1,4,2,2003.0,5,0,-1,-1,A01,2,0,2,8,19,2,3,422,0.0,,2,2,1,1,3,1,5,1,80,adult
202000010043,18,8,2020,0 days 16:25:00,1,74,74056,2,9,1,3,Route des Pélerins,"45,9138360","6,8604200",1,3,1,1931.0,5,0,-1,-1,A01,3,0,2,3,15,5,4,,0.0,,1,1,3,1,1,1,0,1,30,child
202000010043,18,8,2020,0 days 16:25:00,1,74,74056,2,9,1,3,Route des Pélerins,"45,9138360","6,8604200",1,1,2,1966.0,0,1,-1,-1,A01,3,0,2,3,15,5,4,,0.0,,1,1,3,1,1,1,0,1,30,adult
202000010050,19,8,2020,0 days 17:30:00,1,01,01403,1,1,1,3,16 Rue de l'Eglise,"45,8083940","5,4554950",1,1,1,1949.0,3,0,-1,-1,B01,1,0,2,8,1,5,3,32,0.0,,2,2,0,2,2,1,0,1,80,child
202000010050,19,8,2020,0 days 17:30:00,1,01,01403,1,1,1,3,16 Rue de l'Eglise,"45,8083940","5,4554950",1,3,1,1974.0,5,0,-1,-1,B01,1,0,2,8,1,5,3,32,0.0,,2,2,0,2,2,1,0,1,80,adult
202000010092,18,8,2020,0 days 18:00:00,1,51,51454,1,1,1,3,Avenue de Champagne,"49,2321142","4,0364602",1,4,1,1974.0,1,8,-1,-1,A01,1,0,2,8,11,5,3,951,0.0,,1,5,2,1,1,1,3,1,50,child
202000010092,18,8,2020,0 days 18:00:00,1,51,51454,1,1,1,3,Avenue de Champagne,"49,2321142","4,0364602",1,1,1,1998.0,1,1,-1,-1,A01,1,0,2,8,11,5,3,951,0.0,,1,5,2,1,1,1,3,1,50,adult
202000010124,18,8,2020,0 days 18:59:00,1,75,75120,2,2,1,4,RUE DES PYRENEES,"48,8526990","2,4061230",1,1,1,1975.0,1,1,0,-1,A01,2,0,2,1,16,5,4,,0.0,,2,2,0,1,1,1,0,1,30,child
202000010124,18,8,2020,0 days 18:59:00,1,75,75120,2,2,1,4,RUE DES PYRENEES,"48,8526990","2,4061230",1,1,2,1978.0,1,1,0,-1,A01,2,0,2,1,16,5,4,,0.0,,2,2,0,1,1,1,0,1,30,adult
202000010124,18,8,2020,0 days 18:59:00,1,75,75120,2,2,1,4,RUE DES PYRENEES,"48,8526990","2,4061230",1,4,1,1989.0,5,8,0,-1,A01,2,0,2,1,16,5,4,,0.0,,2,2,0,1,1,1,0,1,30,adult
202000010124,18,8,2020,0 days 18:59:00,1,75,75120,2,2,1,4,RUE DES PYRENEES,"48,8526990","2,4061230",1,4,1,1997.0,5,2,6,-1,A01,2,0,2,1,16,5,4,,0.0,,2,2,0,1,1,1,0,1,30,adult
202000010125,18,8,2020,0 days 15:01:00,1,75,75119,2,2,1,3,RUE DE CAMBRAI,"48,8959210","2,3795190",1,1,1,1969.0,4,1,0,-1,B01,2,0,2,6,1,5,4,,0.0,,1,1,0,1,3,1,1,1,50,child
202000010125,18,8,2020,0 days 15:01:00,1,75,75119,2,2,1,3,RUE DE CAMBRAI,"48,8959210","2,3795190",1,4,1,1972.0,5,2,0,-1,B01,2,0,2,6,1,5,4,,0.0,,1,1,0,1,3,1,1,1,50,adult
202000010125,18,8,2020,0 days 15:01:00,1,75,75119,2,2,1,3,RUE DE CAMBRAI,"48,8959210","2,3795190",2,4,2,2015.0,5,2,8,-1,B01,2,0,2,6,1,5,4,,0.0,,1,1,0,1,3,1,1,1,50,adult
202000010125,18,8,2020,0 days 15:01:00,1,75,75119,2,2,1,3,RUE DE CAMBRAI,"48,8959210","2,3795190",2,4,1,2017.0,5,2,8,-1,B01,2,0,2,6,1,5,4,,0.0,,1,1,0,1,3,1,1,1,50,adult
202000010135,18,8,2020,0 days 18:35:00,1,75,75107,2,7,1,3,PLACE DE LA RESISTANCE,"48,8624510","2,3019520",1,4,2,1970.0,9,8,0,-1,B01,2,0,2,1,1,5,4,,0.0,,2,2,1,1,1,1,-1,5,50,child
202000010135,18,8,2020,0 days 18:35:00,1,75,75107,2,7,1,3,PLACE DE LA RESISTANCE,"48,8624510","2,3019520",1,1,1,1994.0,9,1,0,-1,B01,2,0,2,1,1,5,4,,0.0,,2,2,1,1,1,1,-1,5,50,adult
202000010264,26,12,2020,0 days 17:42:00,2,29,29019,2,1,8,2,Avenue Maréchal Foch,"48,3929914"," -4,4878416",1,4,1,1985.0,3,2,4,-1,B01,2,0,2,4,1,5,4,Avenue Maréchal Foch,0.0,,2,4,3,2,1,1,-1,5,30,child
202000010264,26,12,2020,0 days 17:42:00,2,29,29019,2,1,8,2,Avenue Maréchal Foch,"48,3929914"," -4,4878416",1,1,1,1989.0,5,8,0,-1,B01,2,0,2,4,1,5,4,Avenue Maréchal Foch,0.0,,2,4,3,2,1,1,-1,5,30,adult
202000010264,26,12,2020,0 days 17:42:00,2,29,29019,2,1,8,2,Avenue Maréchal Foch,"48,3929914"," -4,4878416",2,4,1,2019.0,3,3,4,-1,B01,2,0,2,4,1,5,4,Avenue Maréchal Foch,0.0,,2,4,3,2,1,1,-1,5,30,adult
202000010271,29,12,2020,0 days 12:29:00,1,75,75117,2,4,1,3,AVENUE DE CLICHY,"48,8912580","2,3190750",1,1,1,1961.0,4,1,0,-1,A01,1,0,2,1,1,5,4,,0.0,,2,2,3,1,1,1,0,1,50,child
202000010271,29,12,2020,0 days 12:29:00,1,75,75117,2,4,1,3,AVENUE DE CLICHY,"48,8912580","2,3190750",1,4,1,1989.0,5,2,8,-1,A01,1,0,2,1,1,5,4,,0.0,,2,2,3,1,1,1,0,1,50,adult
202000010289,28,12,2020,0 days 17:40:00,5,92,92023,2,1,3,1,PICARDIE (RUE DE),"48,7864435","2,2454267",1,1,2,1968.0,0,1,0,-1,B01,1,0,2,1,1,6,4,PICARDIE (RUE DE),0.0,,2,2,0,1,1,2,0,1,30,child
202000010289,28,12,2020,0 days 17:40:00,5,92,92023,2,1,3,1,PICARDIE (RUE DE),"48,7864435","2,2454267",1,4,1,1993.0,0,8,0,-1,B01,1,0,2,1,1,6,4,PICARDIE (RUE DE),0.0,,2,2,0,1,1,2,0,1,30,adult
202000010296,30,12,2020,0 days 10:30:00,1,83,83048,2,1,1,1,Boulevard Saint Raphael,"43,2060200","6,5654900",1,1,2,1947.0,5,1,-1,-1,B01,1,0,2,1,1,5,3,559,0.0,D,2,2,0,2,1,1,0,1,50,child
202000010296,30,12,2020,0 days 10:30:00,1,83,83048,2,1,1,1,Boulevard Saint Raphael,"43,2060200","6,5654900",1,4,1,1969.0,5,2,-1,-1,B01,1,0,2,1,1,5,3,559,0.0,D,2,2,0,2,1,1,0,1,50,adult
202000010352,19,12,2020,0 days 17:45:00,5,91,91103,2,1,1,3,RUE DU COLONEL HUSSENOT,"48,6022400","2,3074100",1,1,2,1979.0,0,1,0,-1,A01,3,0,2,7,19,5,4,,0.0,,2,2,0,1,1,1,0,1,30,child
202000010352,19,12,2020,0 days 17:45:00,5,91,91103,2,1,1,3,RUE DU COLONEL HUSSENOT,"48,6022400","2,3074100",1,4,1,2010.0,5,8,0,-1,A01,3,0,2,7,19,5,4,,0.0,,2,2,0,1,1,1,0,1,30,adult
202000010429,24,11,2020,0 days 08:45:00,1,83,83119,1,1,1,3,Route des Plages,"43,2532853","6,6405772",1,1,2,1943.0,9,1,-1,-1,B01,1,0,2,3,13,5,3,93,0.0,D,2,2,0,2,1,1,0,1,70,child
202000010429,24,11,2020,0 days 08:45:00,1,83,83119,1,1,1,3,Route des Plages,"43,2532853","6,6405772",1,2,1,1986.0,3,0,-1,-1,B01,1,0,2,3,13,5,3,93,0.0,D,2,2,0,2,1,1,0,1,70,adult
202000010454,21,11,2020,0 days 11:20:00,1,06,06123,2,1,1,1,MOATTI PASSAGE,"43,6617100","7,1936100",1,4,1,1961.0,5,2,0,-1,A01,3,0,2,1,5,5,4,MOATTI PASSAGE,0.0,,1,1,1,2,1,1,0,1,50,child
202000010454,21,11,2020,0 days 11:20:00,1,06,06123,2,1,1,1,MOATTI PASSAGE,"43,6617100","7,1936100",1,1,1,1986.0,5,1,0,-1,A01,3,0,2,1,5,5,4,MOATTI PASSAGE,0.0,,1,1,1,2,1,1,0,1,50,adult
202000010552,21,11,2020,0 days 16:25:00,1,75,75115,2,1,1,6,RUE JULES SIMON,"48,8409290","2,2921680",3,4,2,1953.0,9,0,-1,-1,A01,2,0,1,1,1,5,4,,0.0,,1,1,0,1,1,1,0,1,50,child
202000010552,21,11,2020,0 days 16:25:00,1,75,75115,2,1,1,6,RUE JULES SIMON,"48,8409290","2,2921680",1,4,1,2005.0,5,8,0,-1,A01,2,0,1,1,1,5,4,,0.0,,1,1,0,1,1,1,0,1,50,adult
202000010561,21,11,2020,0 days 18:25:00,5,94,94046,2,1,1,3,87 R CARNOT,"48,8050220","2,4410190",1,1,1,1981.0,5,2,0,-1,B01,3,0,2,1,9,5,4,CARNOT (R),0.0,,2,2,0,1,1,1,0,1,50,child
202000010561,21,11,2020,0 days 18:25:00,5,94,94046,2,1,1,3,87 R CARNOT,"48,8050220","2,4410190",1,4,1,2003.0,5,8,0,-1,B01,3,0,2,1,9,5,4,CARNOT (R),0.0,,2,2,0,1,1,1,0,1,50,adult
202000010601,20,4,2020,0 days 17:10:00,1,78,78126,2,1,1,6,SAUT DU LOUP (AVENUE DU),"48,8390660","2,1293880",1,4,1,1959.0,3,8,0,-1,A01,1,0,1,1,0,5,4,SAUT DU LOUP (AVENUE DU),0.0,,2,2,0,1,1,1,0,1,30,child
202000010601,20,4,2020,0 days 17:10:00,1,78,78126,2,1,1,6,SAUT DU LOUP (AVENUE DU),"48,8390660","2,1293880",3,3,1,2012.0,5,0,-1,-1,A01,1,0,1,1,0,5,4,SAUT DU LOUP (AVENUE DU),0.0,,2,2,0,1,1,1,0,1,30,adult
202000010617,13,5,2020,0 days 17:00:00,1,44,44162,2,6,1,3,Boulevard du Massacre,"47,2317865"," -1,5925070",1,1,2,1966.0,3,1,0,-1,B01,1,0,2,7,1,5,4,,0.0,,1,0,0,1,3,1,5,1,30,child
202000010617,13,5,2020,0 days 17:00:00,1,44,44162,2,6,1,3,Boulevard du Massacre,"47,2317865"," -1,5925070",1,4,1,1993.0,5,8,0,-1,B01,1,0,2,7,1,5,4,,0.0,,1,0,0,1,3,1,5,1,30,adult
202000010621,12,5,2020,0 days 12:28:00,1,34,34172,2,1,1,-1,COURREAU FAUBOURG DU,"43,6085070","3,8694670",1,1,1,1972.0,4,1,0,-1,B01,1,0,2,1,5,5,4,,0.0,,1,1,0,1,1,1,0,1,50,child
202000010621,12,5,2020,0 days 12:28:00,1,34,34172,2,1,1,-1,COURREAU FAUBOURG DU,"43,6085070","3,8694670",1,4,1,2016.0,5,2,8,-1,B01,1,0,2,1,5,5,4,,0.0,,1,1,0,1,1,1,0,1,50,adult
202000010639,14,5,2020,0 days 17:40:00,1,75,75101,2,2,1,3,RUE DE RIVOLI,"48,8637270","2,3322390",1,1,1,1940.0,5,1,0,-1,B01,2,0,2,1,1,5,4,,0.0,,2,5,1,1,1,1,-1,5,30,child
202000010639,14,5,2020,0 days 17:40:00,1,75,75101,2,2,1,3,RUE DE RIVOLI,"48,8637270","2,3322390",1,4,2,1994.0,9,2,0,-1,B01,2,0,2,1,1,5,4,,0.0,,2,5,1,1,1,1,-1,5,30,adult
202000010731,12,5,2020,0 days 14:40:00,1,75,75112,2,1,1,3,AVENUE DAUMESNIL,"48,8399880","2,3941130",1,1,2,1937.0,3,8,0,-1,B01,2,0,2,1,1,5,4,,0.0,,2,2,0,1,1,1,0,1,50,child
202000010731,12,5,2020,0 days 14:40:00,1,75,75112,2,1,1,3,AVENUE DAUMESNIL,"48,8399880","2,3941130",1,4,1,1963.0,5,2,0,-1,B01,2,0,2,1,1,5,4,,0.0,,2,2,0,1,1,1,0,1,50,adult
202000010830,26,2,2020,0 days 09:30:00,1,94,94033,2,2,1,1,STALINGRAD (AV DE),"48,8526700","2,4493200",1,4,1,1963.0,1,2,0,-1,B01,1,0,2,8,1,5,3,STALINGRAD (AV DE),0.0,,2,2,0,1,1,2,5,1,50,child
202000010830,26,2,2020,0 days 09:30:00,1,94,94033,2,2,1,1,STALINGRAD (AV DE),"48,8526700","2,4493200",1,1,2,2000.0,5,1,0,-1,B01,1,0,2,8,1,5,3,STALINGRAD (AV DE),0.0,,2,2,0,1,1,2,5,1,50,adult
202000010844,28,2,2020,0 days 08:50:00,1,94,94017,2,1,1,1,PIERRE RENAUDEL (R),"48,8134090","2,5093640",1,1,2,1958.0,0,8,0,-1,A01,1,0,2,1,5,5,4,PIERRE RENAUDEL (R),0.0,,1,0,0,2,1,1,0,1,50,child
202000010844,28,2,2020,0 days 08:50:00,1,94,94017,2,1,1,1,PIERRE RENAUDEL (R),"48,8134090","2,5093640",1,4,1,2006.0,2,8,0,-1,A01,1,0,2,1,5,5,4,PIERRE RENAUDEL (R),0.0,,1,0,0,2,1,1,0,1,50,adult
202000010868,27,2,2020,0 days 08:25:00,1,93,93053,2,2,3,3,PARC (RUE DU),"48,8918500","2,4449800",2,1,2,1970.0,0,1,0,-1,Y01,1,0,2,1,1,5,3,40,0.0,,2,4,0,2,1,2,0,1,50,child
202000010868,27,2,2020,0 days 08:25:00,1,93,93053,2,2,3,3,PARC (RUE DU),"48,8918500","2,4449800",1,4,2,1989.0,4,2,0,-1,Y01,1,0,2,1,1,5,3,40,0.0,,2,4,0,2,1,2,0,1,50,adult
202000010868,27,2,2020,0 days 08:25:00,1,93,93053,2,2,3,3,PARC (RUE DU),"48,8918500","2,4449800",1,1,2,1997.0,4,1,0,-1,Y01,1,0,2,1,1,5,3,40,0.0,,2,4,0,2,1,2,0,1,50,adult
202000010903,3,3,2020,0 days 15:30:00,1,92,92051,2,1,1,3,"ROULE (AVENUE DU, N° 29 A 91 ET 30 A 86)","48,8832034","2,2744422",1,1,1,1985.0,4,1,0,-1,B01,1,0,0,8,1,0,4,ROULE (AV DU) ,0.0,,2,5,1,1,1,1,0,1,50,child
202000010903,3,3,2020,0 days 15:30:00,1,92,92051,2,1,1,3,"ROULE (AVENUE DU, N° 29 A 91 ET 30 A 86)","48,8832034","2,2744422",1,4,1,2007.0,0,8,0,-1,B01,1,0,0,8,1,0,4,ROULE (AV DU) ,0.0,,2,5,1,1,1,1,0,1,50,adult
202000010924,1,3,2020,0 days 20:55:00,1,92,92012,2,3,2,3,SEVRES (RUE DE) 1/55 - 2/40,"48,8319067","2,2381732",1,4,1,1955.0,5,8,0,-1,B01,2,0,2,1,2,5,3,910,0.0,,2,4,1,1,1,2,0,1,50,child
202000010924,1,3,2020,0 days 20:55:00,1,92,92012,2,3,2,3,SEVRES (RUE DE) 1/55 - 2/40,"48,8319067","2,2381732",1,1,1,1993.0,4,1,4,-1,B01,2,0,2,1,2,5,3,910,0.0,,2,4,1,1,1,2,0,1,50,adult
202000010961,3,3,2020,0 days 10:15:00,1,28,28041,1,1,1,3,Beaurouvres,"48,3200480","1,2755620",1,1,1,1954.0,9,8,-1,-1,B01,2,0,0,4,2,5,3,921,0.0,,2,2,0,1,1,1,0,1,80,child
202000010961,3,3,2020,0 days 10:15:00,1,28,28041,1,1,1,3,Beaurouvres,"48,3200480","1,2755620",1,3,1,1983.0,5,2,-1,-1,B01,2,0,0,4,2,5,3,921,0.0,,2,2,0,1,1,1,0,1,80,adult
202000010987,28,1,2020,0 days 15:40:00,1,75,75101,2,2,1,3,RUE DE RIVOLI,"48,8608920","2,3408210",1,1,1,1952.0,5,1,0,-1,B01,1,0,2,1,1,5,4,,0.0,,1,5,2,1,1,1,-1,5,50,child
202000010987,28,1,2020,0 days 15:40:00,1,75,75101,2,2,1,3,RUE DE RIVOLI,"48,8608920","2,3408210",1,4,1,1974.0,9,8,0,-1,B01,1,0,2,1,1,5,4,,0.0,,1,5,2,1,1,1,-1,5,50,adult
202000011003,28,1,2020,0 days 10:50:00,1,93,93005,2,3,2,2,HAVRE (RUE DU),"48,9223300","2,4891900",1,1,1,1953.0,9,1,0,-1,B01,3,0,0,4,0,0,4,HAVRE (RUE DU),0.0,,1,1,0,1,1,2,0,1,30,child
202000011003,28,1,2020,0 days 10:50:00,1,93,93005,2,3,2,2,HAVRE (RUE DU),"48,9223300","2,4891900",1,4,1,2007.0,2,2,0,-1,B01,3,0,0,4,0,0,4,HAVRE (RUE DU),0.0,,1,1,0,1,1,2,0,1,30,adult
202000011006,28,1,2020,0 days 12:10:00,1,92,92051,2,1,1,3,"CHARLES DE GAULLE (AVENUE, N°27 A 129)","48,8815148","2,2715360",1,4,2,1961.0,0,8,0,-1,B01,1,0,2,8,16,6,4,CHARLES DE GAULLE (AV),0.0,,3,5,0,1,1,1,0,1,50,child
202000011006,28,1,2020,0 days 12:10:00,1,92,92051,2,1,1,3,"CHARLES DE GAULLE (AVENUE, N°27 A 129)","48,8815148","2,2715360",1,1,1,1986.0,4,1,0,-1,B01,1,0,2,8,16,6,4,CHARLES DE GAULLE (AV),0.0,,3,5,0,1,1,1,0,1,50,adult
202000011029,29,1,2020,0 days 17:40:00,2,60,60035,1,1,1,-1,RD 154,"49,6554296","2,8521939",1,1,1,1983.0,0,1,-1,-1,B01,2,0,0,4,2,5,3,154,-1.0,,2,2,0,1,1,1,0,1,-1,child
202000011029,29,1,2020,0 days 17:40:00,2,60,60035,1,1,1,-1,RD 154,"49,6554296","2,8521939",1,4,1,2004.0,5,0,-1,-1,B01,2,0,0,4,2,5,3,154,-1.0,,2,2,0,1,1,1,0,1,-1,adult
202000011029,29,1,2020,0 days 17:40:00,2,60,60035,1,1,1,-1,RD 154,"49,6554296","2,8521939",1,4,1,2005.0,5,0,-1,-1,B01,2,0,0,4,2,5,3,154,-1.0,,2,2,0,1,1,1,0,1,-1,adult
202000011030,29,1,2020,0 days 10:30:00,1,60,60286,2,3,1,1,Rue d'Amiens,"49,6655520","1,9418600",1,4,1,1950.0,5,2,-1,-1,B01,2,0,2,0,2,5,3,124,-1.0,,2,2,0,1,1,1,0,1,50,child
202000011030,29,1,2020,0 days 10:30:00,1,60,60286,2,3,1,1,Rue d'Amiens,"49,6655520","1,9418600",1,1,1,1996.0,4,1,-1,-1,B01,2,0,2,0,2,5,3,124,-1.0,,2,2,0,1,1,1,0,1,50,adult
202000011056,29,1,2020,0 days 15:00:00,1,62,62380,1,1,1,4,D65,"50,3945520","2,6477410",1,1,1,1943.0,5,1,-1,-1,B01,1,0,2,4,2,5,3,65,-1.0,D,2,2,0,2,1,1,0,1,80,child
202000011056,29,1,2020,0 days 15:00:00,1,62,62380,1,1,1,4,D65,"50,3945520","2,6477410",1,4,1,1968.0,5,8,-1,-1,B01,1,0,2,4,2,5,3,65,-1.0,D,2,2,0,2,1,1,0,1,80,adult