Num_Acc,jour,mois,an,hrmn,lum,dep,com,agg,int,atm,col,adr,lat,long,catu,grav,sexe,an_nais,trajet,secu1,secu2,secu3,num_veh_y,senc,obs,obsm,choc,manv,motor,catr,voie,v1,v2,circ,nbv,vosp,prof,plan,surf,infra,situ,vma,age
202000011056,29,1,2020,0 days 15:00:00,1,62,62380,1,1,1,4,D65,"50,3945520","2,6477410",1,4,1,1974.0,5,8,-1,-1,B01,1,0,2,4,2,5,3,65,-1.0,D,2,2,0,2,1,1,0,1,80,adult
202000011056,29,1,2020,0 days 15:00:00,1,62,62380,1,1,1,4,D65,"50,3945520","2,6477410",1,3,1,1994.0,5,8,-1,-1,B01,1,0,2,4,2,5,3,65,-1.0,D,2,2,0,2,1,1,0,1,80,adult
202000011088,27,1,2020,0 days 18:25:00,5,91,91687,2,9,2,3,BELLAY (AVENUE DU),"48,6758220","2,3633510",1,1,2,1980.0,0,1,0,-1,B01,3,0,2,2,19,5,7,BELLAY (AVENUE DU),0.0,,2,2,0,1,1,2,9,1,50,child
202000011088,27,1,2020,0 days 18:25:00,5,91,91687,2,9,2,3,BELLAY (AVENUE DU),"48,6758220","2,3633510",1,4,1,2004.0,0,8,0,-1,B01,3,0,2,2,19,5,7,BELLAY (AVENUE DU),0.0,,2,2,0,1,1,2,9,1,50,adult
202000011213,14,9,2020,0 days 12:10:00,1,69,69382,2,2,1,3,DOCTEUR GAILLETON (DU)              (QU),"45,7506100","4,8319800",1,4,2,1982.0,2,8,0,-1,Y01,1,0,2,6,19,5,4,,0.0,,1,4,3,1,1,1,5,1,50,child
202000011213,14,9,2020,0 days 12:10:00,1,69,69382,2,2,1,3,DOCTEUR GAILLETON (DU)              (QU),"45,7506100","4,8319800",1,1,1,1999.0,5,1,0,-1,Y01,1,0,2,6,19,5,4,,0.0,,1,4,3,1,1,1,5,1,50,adult
202000011213,14,9,2020,0 days 12:10:00,1,69,69382,2,2,1,3,DOCTEUR GAILLETON (DU)              (QU),"45,7506100","4,8319800",2,1,1,2003.0,5,1,0,-1,Y01,1,0,2,6,19,5,4,,0.0,,1,4,3,1,1,1,5,1,50,adult
202000011228,13,9,2020,0 days 12:10:00,1,78,78490,2,1,1,1,BRETECHELLE (RUE DE LA),"48,8159700","1,9590600",1,3,1,1972.0,0,2,0,-1,A01,1,0,2,1,5,5,4,BRETECHELLE (RUE DE LA),0.0,,1,1,0,4,4,1,9,1,50,child
202000011228,13,9,2020,0 days 12:10:00,1,78,78490,2,1,1,1,BRETECHELLE (RUE DE LA),"48,8159700","1,9590600",1,1,1,2000.0,0,1,8,-1,A01,1,0,2,1,5,5,4,BRETECHELLE (RUE DE LA),0.0,,1,1,0,4,4,1,9,1,50,adult
202000011229,9,9,2020,0 days 16:30:00,1,78,78297,2,9,1,3,PERRET (PLACE DES FRERES),"48,7711400","2,0822100",1,3,1,1956.0,5,2,0,-1,B01,2,0,0,4,14,5,3,91,0.0,,1,3,0,1,2,1,5,1,50,child
202000011229,9,9,2020,0 days 16:30:00,1,78,78297,2,9,1,3,PERRET (PLACE DES FRERES),"48,7711400","2,0822100",1,1,1,1992.0,4,1,0,-1,B01,2,0,0,4,14,5,3,91,0.0,,1,3,0,1,2,1,5,1,50,adult
202000011240,12,9,2020,0 days 09:42:00,1,66,66136,2,3,1,3,VAUBAN (TRAVERSE SEBASTIEN),"42,6985800","2,8897800",1,4,2,1947.0,0,8,8,-1,B01,0,0,2,2,1,5,4,VAUBAN (TRAVERSE SEBASTIEN),0.0,,1,1,0,1,1,1,0,1,30,child
202000011240,12,9,2020,0 days 09:42:00,1,66,66136,2,3,1,3,VAUBAN (TRAVERSE SEBASTIEN),"42,6985800","2,8897800",1,1,1,1973.0,0,1,0,-1,B01,0,0,2,2,1,5,4,VAUBAN (TRAVERSE SEBASTIEN),0.0,,1,1,0,1,1,1,0,1,30,adult
202000011259,9,9,2020,0 days 17:00:00,1,59,59456,2,1,1,1,ANCHIN (HAMEAU D'),"50,3837293","3,2204649",1,3,1,1946.0,5,8,0,-1,A01,3,0,2,1,13,5,4,ANCHIN (HAMEAU D'),0.0,,2,2,0,1,1,1,0,1,50,child
202000011259,9,9,2020,0 days 17:00:00,1,59,59456,2,1,1,1,ANCHIN (HAMEAU D'),"50,3837293","3,2204649",1,1,1,1971.0,9,1,0,-1,A01,3,0,2,1,13,5,4,ANCHIN (HAMEAU D'),0.0,,2,2,0,1,1,1,0,1,50,adult
202000011281,12,9,2020,0 days 10:10:00,1,31,31555,2,1,1,3,AV PAUL SEJOURNE,"43,6076600","1,4283400",1,1,1,1974.0,9,2,6,-1,A01,0,0,2,1,19,5,4,AV PAUL SEJOURNE,0.0,,2,2,0,1,1,1,0,1,50,child
202000011281,12,9,2020,0 days 10:10:00,1,31,31555,2,1,1,3,AV PAUL SEJOURNE,"43,6076600","1,4283400",1,4,2,1999.0,0,8,0,-1,A01,0,0,2,1,19,5,4,AV PAUL SEJOURNE,0.0,,2,2,0,1,1,1,0,1,50,adult
202000011286,14,9,2020,0 days 15:45:00,1,27,27229,2,9,1,3,GAMBETTA (BOULEVARD),"49,0193000","1,1520000",1,1,2,1967.0,9,1,5,-1,Y01,0,0,0,0,0,5,4,GAMBETTA (BOULEVARD),0.0,,2,4,0,2,1,1,0,1,50,child
202000011286,14,9,2020,0 days 15:45:00,1,27,27229,2,9,1,3,GAMBETTA (BOULEVARD),"49,0193000","1,1520000",1,4,1,2002.0,0,2,0,-1,Y01,0,0,0,0,0,5,4,GAMBETTA (BOULEVARD),0.0,,2,4,0,2,1,1,0,1,50,adult
202000011287,16,7,2020,0 days 19:35:00,1,69,69259,2,3,1,3,GEORGES LYVET                       (R ),"45,6959800","4,8747200",1,4,1,1964.0,0,8,0,-1,B01,3,0,2,1,19,5,4,GEORGES LYVET                       (R ),0.0,,2,2,2,1,1,1,0,1,50,child
202000011287,16,7,2020,0 days 19:35:00,1,69,69259,2,3,1,3,GEORGES LYVET                       (R ),"45,6959800","4,8747200",1,1,2,2001.0,0,1,0,-1,B01,3,0,2,1,19,5,4,GEORGES LYVET                       (R ),0.0,,2,2,2,1,1,1,0,1,50,adult
202000011323,16,7,2020,0 days 18:50:00,1,77,77237,2,1,1,2,TOURNAN (ROUTE DE ),"48,8355218","2,7531226",1,1,2,1971.0,1,1,8,-1,A01,1,14,0,1,1,5,3,10,0.0,,2,1,0,1,1,1,9,2,50,child
202000011323,16,7,2020,0 days 18:50:00,1,77,77237,2,1,1,2,TOURNAN (ROUTE DE ),"48,8355218","2,7531226",1,4,1,1993.0,5,2,8,-1,A01,1,14,0,1,1,5,3,10,0.0,,2,1,0,1,1,1,9,2,50,adult
202000011328,13,9,2020,0 days 07:25:00,1,75,75119,2,1,1,1,RUE DE TANGER,"48,8859710","2,3686310",1,1,1,1947.0,1,1,0,-1,B01,2,0,2,1,13,5,4,,0.0,,2,3,0,1,1,1,0,1,50,child
202000011328,13,9,2020,0 days 07:25:00,1,75,75119,2,1,1,1,RUE DE TANGER,"48,8859710","2,3686310",1,2,2,1997.0,5,2,0,-1,B01,2,0,2,1,13,5,4,,0.0,,2,3,0,1,1,1,0,1,50,adult
202000011329,12,9,2020,0 days 17:37:00,1,75,75107,2,1,1,1,QUAI ANATOLE FRANCE,"48,8617830","2,3218620",1,1,2,1959.0,5,1,0,-1,A01,2,14,2,0,18,5,4,,0.0,,2,4,0,1,1,1,0,1,50,child
202000011329,12,9,2020,0 days 17:37:00,1,75,75107,2,1,1,1,QUAI ANATOLE FRANCE,"48,8617830","2,3218620",1,2,1,1971.0,9,0,0,-1,A01,2,14,2,0,18,5,4,,0.0,,2,4,0,1,1,1,0,1,50,adult
202000011329,12,9,2020,0 days 17:37:00,1,75,75107,2,1,1,1,QUAI ANATOLE FRANCE,"48,8617830","2,3218620",2,1,2,2002.0,5,1,0,-1,A01,2,14,2,0,18,5,4,,0.0,,2,4,0,1,1,1,0,1,50,adult
202000011339,14,9,2020,0 days 16:05:00,1,75,75112,2,1,1,3,BOULEVARD SOULT,"48,8401430","2,4088280",1,4,1,1975.0,1,2,6,-1,B01,2,0,2,8,19,5,4,,0.0,,2,6,3,1,1,1,0,1,50,child
202000011339,14,9,2020,0 days 16:05:00,1,75,75112,2,1,1,3,BOULEVARD SOULT,"48,8401430","2,4088280",1,4,2,2000.0,9,2,0,-1,B01,2,0,2,8,19,5,4,,0.0,,2,6,3,1,1,1,0,1,50,adult
202000011351,16,7,2020,0 days 19:30:00,1,56,56121,2,3,1,2,PERAULT (RUE ),"47,7448400"," -3,3636600",1,1,1,1969.0,4,1,8,-1,A01,1,0,2,1,2,5,4,PERAULT (RUE ),0.0,,2,2,0,1,1,1,0,1,30,child
202000011351,16,7,2020,0 days 19:30:00,1,56,56121,2,3,1,2,PERAULT (RUE ),"47,7448400"," -3,3636600",1,4,1,1998.0,5,2,8,-1,A01,1,0,2,1,2,5,4,PERAULT (RUE ),0.0,,2,2,0,1,1,1,0,1,30,adult
202000011356,14,9,2020,0 days 20:45:00,5,94,94038,2,2,1,3,PAUL VAILLANT COUTURIER (BD),"48,7808300","2,3410500",1,1,2,1971.0,1,1,0,-1,B01,3,0,2,2,1,0,3,PAUL VAILLANT COUTURIER (BD),0.0,,2,1,0,1,1,1,0,1,50,child
202000011356,14,9,2020,0 days 20:45:00,5,94,94038,2,2,1,3,PAUL VAILLANT COUTURIER (BD),"48,7808300","2,3410500",1,4,1,1993.0,5,2,0,-1,B01,3,0,2,2,1,0,3,PAUL VAILLANT COUTURIER (BD),0.0,,2,1,0,1,1,1,0,1,50,adult
202000011358,27,5,2020,0 days 17:15:00,1,44,44109,2,1,1,6,Rue Paul Bellamy,"47,2239000"," -1,5578000",3,4,2,1938.0,9,0,-1,-1,A01,1,0,1,1,1,5,4,,0.0,,-1,0,0,1,1,1,0,4,6,child
202000011358,27,5,2020,0 days 17:15:00,1,44,44109,2,1,1,6,Rue Paul Bellamy,"47,2239000"," -1,5578000",1,1,2,1967.0,5,0,0,-1,A01,1,0,1,1,1,5,4,,0.0,,-1,0,0,1,1,1,0,4,6,adult
202000011375,17,7,2020,0 days 14:55:00,1,32,32013,2,1,1,3,SAMBRE ET MEUSE (AVENUE),"43,6471200","0,5975000",2,1,1,1947.0,0,1,0,-1,B01,1,0,2,1,2,5,4,SAMBRE ET MEUSE (AVENUE),0.0,,2,2,0,1,1,1,0,1,50,child
202000011375,17,7,2020,0 days 14:55:00,1,32,32013,2,1,1,3,SAMBRE ET MEUSE (AVENUE),"43,6471200","0,5975000",1,1,1,1957.0,0,1,0,-1,B01,1,0,2,1,2,5,4,SAMBRE ET MEUSE (AVENUE),0.0,,2,2,0,1,1,1,0,1,50,adult
202000011375,17,7,2020,0 days 14:55:00,1,32,32013,2,1,1,3,SAMBRE ET MEUSE (AVENUE),"43,6471200","0,5975000",1,4,1,2000.0,0,8,0,-1,B01,1,0,2,1,2,5,4,SAMBRE ET MEUSE (AVENUE),0.0,,2,2,0,1,1,1,0,1,50,adult
202000011379,14,9,2020,0 days 12:20:00,1,92,92012,2,9,1,3,JEAN BAPTISTE CLEMENT (AVENUE) 49/FIN -,"48,8456950","2,2366090",1,1,1,1950.0,5,8,0,-1,B01,1,0,2,1,1,6,3,103,0.0,,2,2,0,1,1,1,9,1,50,child
202000011379,14,9,2020,0 days 12:20:00,1,92,92012,2,9,1,3,JEAN BAPTISTE CLEMENT (AVENUE) 49/FIN -,"48,8456950","2,2366090",1,4,1,2000.0,2,8,0,-1,B01,1,0,2,1,1,6,3,103,0.0,,2,2,0,1,1,1,9,1,50,adult
202000011469,14,9,2020,0 days 08:45:00,1,87,87185,1,1,7,1,Route de l'Abattoir,"45,8840460","1,0736310",1,3,1,1943.0,5,2,-1,-1,B01,1,0,2,8,1,5,3,941,-1.0,D,2,2,0,1,1,1,0,3,80,child
202000011469,14,9,2020,0 days 08:45:00,1,87,87185,1,1,7,1,Route de l'Abattoir,"45,8840460","1,0736310",1,1,2,1991.0,1,1,-1,-1,B01,1,0,2,8,1,5,3,941,-1.0,D,2,2,0,1,1,1,0,3,80,adult
202000011500,17,7,2020,0 days 08:45:00,1,92,92012,2,1,1,3,SEVRES (RUE DE) 1/55 - 2/40,"48,8388998","2,2283055",1,4,2,1969.0,0,8,0,-1,B01,2,1,0,1,1,0,4,SEVRES (RUE DE) 1/55 - 2/40,0.0,,2,2,0,1,1,1,0,1,50,child
202000011500,17,7,2020,0 days 08:45:00,1,92,92012,2,1,1,3,SEVRES (RUE DE) 1/55 - 2/40,"48,8388998","2,2283055",1,4,1,1992.0,4,1,0,-1,B01,2,1,0,1,1,0,4,SEVRES (RUE DE) 1/55 - 2/40,0.0,,2,2,0,1,1,1,0,1,50,adult
202000011550,16,7,2020,0 days 10:15:00,1,33,33238,2,3,1,5,D651,"44,7082090"," -0,6070590",1,4,1,1947.0,5,1,-1,-1,C01,0,0,2,8,23,5,3,651,-1.0,,2,2,0,1,1,1,5,1,50,child
202000011550,16,7,2020,0 days 10:15:00,1,33,33238,2,3,1,5,D651,"44,7082090"," -0,6070590",1,1,1,1951.0,5,1,-1,-1,C01,0,0,2,8,23,5,3,651,-1.0,,2,2,0,1,1,1,5,1,50,adult
202000011550,16,7,2020,0 days 10:15:00,1,33,33238,2,3,1,5,D651,"44,7082090"," -0,6070590",1,3,1,1953.0,5,0,-1,-1,C01,0,0,2,8,23,5,3,651,-1.0,,2,2,0,1,1,1,5,1,50,adult
202000011550,16,7,2020,0 days 10:15:00,1,33,33238,2,3,1,5,D651,"44,7082090"," -0,6070590",2,4,1,2008.0,5,1,-1,-1,C01,0,0,2,8,23,5,3,651,-1.0,,2,2,0,1,1,1,5,1,50,adult
202000011567,16,6,2020,0 days 18:40:00,1,75,75108,2,7,1,2,PLACE DE LA CONCORDE,"48,8670490","2,3206720",2,1,2,1932.0,5,1,0,-1,B01,1,0,2,6,15,5,4,,0.0,,1,4,0,1,2,1,0,1,50,child
202000011567,16,6,2020,0 days 18:40:00,1,75,75108,2,7,1,2,PLACE DE LA CONCORDE,"48,8670490","2,3206720",1,1,1,1957.0,9,1,0,-1,B01,1,0,2,6,15,5,4,,0.0,,1,4,0,1,2,1,0,1,50,adult
202000011567,16,6,2020,0 days 18:40:00,1,75,75108,2,7,1,2,PLACE DE LA CONCORDE,"48,8670490","2,3206720",1,4,1,1985.0,5,8,0,-1,B01,1,0,2,6,15,5,4,,0.0,,1,4,0,1,2,1,0,1,50,adult
202000011569,17,6,2020,0 days 17:35:00,1,94,94067,2,3,1,2,EUGENE RINGUET (R),"48,8380800","2,4171900",1,1,2,1980.0,5,1,0,-1,A01,2,0,2,1,2,5,4,EUGENE RINGUET (R),0.0,,1,1,0,1,1,1,0,1,50,child
202000011569,17,6,2020,0 days 17:35:00,1,94,94067,2,3,1,2,EUGENE RINGUET (R),"48,8380800","2,4171900",1,4,1,2007.0,5,8,0,-1,A01,2,0,2,1,2,5,4,EUGENE RINGUET (R),0.0,,1,1,0,1,1,1,0,1,50,adult
202000011610,24,5,2020,0 days 22:00:00,2,27,27226,1,1,1,5,D3,"49,3194680","1,6354550",1,1,1,1980.0,5,8,-1,-1,D01,0,0,0,4,1,5,3,3,-1.0,,2,2,0,1,1,1,0,1,80,child
202000011610,24,5,2020,0 days 22:00:00,2,27,27226,1,1,1,5,D3,"49,3194680","1,6354550",1,1,1,2004.0,5,0,-1,-1,D01,0,0,0,4,1,5,3,3,-1.0,,2,2,0,1,1,1,0,1,80,adult
202000011610,24,5,2020,0 days 22:00:00,2,27,27226,1,1,1,5,D3,"49,3194680","1,6354550",1,4,2,2005.0,5,0,-1,-1,D01,0,0,0,4,1,5,3,3,-1.0,,2,2,0,1,1,1,0,1,80,adult
202000011635,15,6,2020,0 days 17:13:00,1,974,97407,1,6,1,3,MARINE(BOULEVARD)," -20,9498900","55,2871900",1,4,1,1961.0,0,2,0,-1,B01,1,0,2,4,0,5,4,MARINE(BOULEVARD),0.0,,2,2,1,1,1,1,0,5,50,child
202000011635,15,6,2020,0 days 17:13:00,1,974,97407,1,6,1,3,MARINE(BOULEVARD)," -20,9498900","55,2871900",1,1,2,1995.0,0,1,8,-1,B01,1,0,2,4,0,5,4,MARINE(BOULEVARD),0.0,,2,2,1,1,1,1,0,5,50,adult
202000011660,12,6,2020,0 days 18:45:00,1,66,66136,2,1,1,2,CLEMENCEAU (BOULEVARD),"42,6991800","2,8885600",1,1,1,1950.0,5,1,0,-1,A01,1,0,2,1,1,5,4,CLEMENCEAU (BOULEVARD),0.0,,2,3,0,1,1,1,0,1,50,child
202000011660,12,6,2020,0 days 18:45:00,1,66,66136,2,1,1,2,CLEMENCEAU (BOULEVARD),"42,6991800","2,8885600",1,4,1,2006.0,5,8,0,-1,A01,1,0,2,1,1,5,4,CLEMENCEAU (BOULEVARD),0.0,,2,3,0,1,1,1,0,1,50,adult
202000011690,15,6,2020,0 days 18:10:00,1,05,05061,1,6,1,2,D994,"44,5576800","6,0553800",1,1,1,1943.0,5,1,0,-1,B01,2,0,2,0,14,5,3,994,0.0,,1,1,0,1,2,1,0,1,50,child
202000011690,15,6,2020,0 days 18:10:00,1,05,05061,1,6,1,2,D994,"44,5576800","6,0553800",1,4,2,1967.0,5,0,0,-1,B01,2,0,2,0,14,5,3,994,0.0,,1,1,0,1,2,1,0,1,50,adult
202000011760,5,10,2020,0 days 07:30:00,5,85,85194,2,6,1,3,TABARLY (BOULEVARD ERIC),"46,5142500"," -1,7684800",1,1,1,1960.0,4,1,8,-1,B01,3,0,2,7,1,5,3,949,0.0,,3,2,0,1,1,1,5,1,50,child
202000011760,5,10,2020,0 days 07:30:00,5,85,85194,2,6,1,3,TABARLY (BOULEVARD ERIC),"46,5142500"," -1,7684800",1,4,1,1992.0,0,2,8,-1,B01,3,0,2,7,1,5,3,949,0.0,,3,2,0,1,1,1,5,1,50,adult
202000011761,5,10,2020,0 days 11:10:00,1,85,85194,2,1,1,1,Boulevard du Vendée Globe,"46,5030400"," -1,7592200",1,3,1,1970.0,-1,0,-1,-1,A01,3,0,2,8,9,5,4,,0.0,,2,2,0,1,1,1,0,1,50,child
202000011761,5,10,2020,0 days 11:10:00,1,85,85194,2,1,1,1,Boulevard du Vendée Globe,"46,5030400"," -1,7592200",1,1,2,1994.0,-1,0,-1,-1,A01,3,0,2,8,9,5,4,,0.0,,2,2,0,1,1,1,0,1,50,adult
202000011772,12,10,2020,0 days 09:25:00,1,72,72181,2,6,1,1,DEMORIEUX ENTRE PT CHEM DE FER ET HUISNE,"47,9930000","0,1847900",1,1,1,1963.0,4,1,0,-1,B01,1,0,2,7,19,0,4,DEMORIEUX ENTRE PT CHEM DE FER ET HUISNE,0.0,,3,2,0,1,1,1,0,1,50,child
202000011772,12,10,2020,0 days 09:25:00,1,72,72181,2,6,1,1,DEMORIEUX ENTRE PT CHEM DE FER ET HUISNE,"47,9930000","0,1847900",1,4,2,1990.0,1,8,0,-1,B01,1,0,2,7,19,0,4,DEMORIEUX ENTRE PT CHEM DE FER ET HUISNE,0.0,,3,2,0,1,1,1,0,1,50,adult
202000011822,15,8,2020,0 days 07:40:00,1,31,31555,2,1,1,3,AV DE LARDENNE,"43,5933100","1,3930600",1,4,1,1965.0,0,8,0,-1,B01,1,0,2,8,1,5,3,632,0.0,,3,4,3,1,1,1,0,1,50,child
202000011822,15,8,2020,0 days 07:40:00,1,31,31555,2,1,1,3,AV DE LARDENNE,"43,5933100","1,3930600",1,1,1,1996.0,0,1,0,-1,B01,1,0,2,8,1,5,3,632,0.0,,3,4,3,1,1,1,0,1,50,adult
202000011849,12,10,2020,0 days 09:10:00,1,75,75115,2,1,1,6,RUE ANDRE GIDE,"48,8378300","2,3139530",3,4,2,1950.0,1,0,-1,-1,A01,1,0,1,8,1,5,4,,0.0,,1,1,1,1,1,1,-1,5,30,child
202000011849,12,10,2020,0 days 09:10:00,1,75,75115,2,1,1,6,RUE ANDRE GIDE,"48,8378300","2,3139530",1,1,1,1982.0,1,2,0,-1,A01,1,0,1,8,1,5,4,,0.0,,1,1,1,1,1,1,-1,5,30,adult
202000011853,12,10,2020,0 days 13:20:00,1,75,75113,2,3,8,3,QUAI DE LA GARE,"48,8367570","2,3743670",1,1,1,1964.0,4,1,0,-1,B01,2,0,2,1,1,5,4,,0.0,,2,2,1,1,1,1,-1,5,50,child
202000011853,12,10,2020,0 days 13:20:00,1,75,75113,2,3,8,3,QUAI DE LA GARE,"48,8367570","2,3743670",1,4,1,1986.0,9,2,0,-1,B01,2,0,2,1,1,5,4,,0.0,,2,2,1,1,1,1,-1,5,50,adult
202000011855,17,8,2020,0 days 09:30:00,1,75,75113,2,2,1,3,BOULEVARD MASSENA,"48,8192230","2,3620740",1,4,1,1955.0,5,2,0,-1,B01,2,0,2,8,1,5,4,,0.0,,3,2,0,1,1,1,0,1,50,child
202000011855,17,8,2020,0 days 09:30:00,1,75,75113,2,2,1,3,BOULEVARD MASSENA,"48,8192230","2,3620740",1,1,1,1987.0,9,2,0,-1,B01,2,0,2,8,1,5,4,,0.0,,3,2,0,1,1,1,0,1,50,adult
202000011857,17,8,2020,0 days 12:55:00,1,75,75112,2,1,2,1,QUAI DE BERCY,"48,8300260","2,3866980",1,4,2,1966.0,5,2,0,-1,B01,1,0,2,1,1,5,4,,0.0,,2,4,1,2,3,2,-1,5,50,child
202000011857,17,8,2020,0 days 12:55:00,1,75,75112,2,1,2,1,QUAI DE BERCY,"48,8300260","2,3866980",1,4,1,2000.0,9,2,0,-1,B01,1,0,2,1,1,5,4,,0.0,,2,4,1,2,3,2,-1,5,50,adult
202000011859,16,8,2020,0 days 17:30:00,1,75,75112,2,1,1,6,ROUTE DE CEINTURE DU LAC DAUMESNIL,"48,8294770","2,4156080",3,4,2,1944.0,5,0,-1,-1,A01,3,0,1,2,13,5,4,,0.0,,-1,0,0,1,1,1,0,1,25,child
202000011859,16,8,2020,0 days 17:30:00,1,75,75112,2,1,1,6,ROUTE DE CEINTURE DU LAC DAUMESNIL,"48,8294770","2,4156080",1,1,1,1981.0,5,8,0,-1,A01,3,0,1,2,13,5,4,,0.0,,-1,0,0,1,1,1,0,1,25,adult
202000011865,16,8,2020,0 days 16:20:00,1,75,75110,2,1,1,-1,RUE DU FAUBOURG SAINT DENIS,"48,8817180","2,3583910",1,1,2,1962.0,9,1,0,-1,B01,1,0,2,1,2,5,4,,0.0,,2,3,0,1,1,1,0,1,50,child
202000011865,16,8,2020,0 days 16:20:00,1,75,75110,2,1,1,-1,RUE DU FAUBOURG SAINT DENIS,"48,8817180","2,3583910",1,4,1,1984.0,9,8,0,-1,B01,1,0,2,1,2,5,4,,0.0,,2,3,0,1,1,1,0,1,50,adult
202000011869,11,10,2020,0 days 21:50:00,5,75,75111,2,1,1,-1,RUE DE LA ROQUETTE,"48,8561760","2,3761780",1,1,1,1963.0,4,1,0,-1,B01,1,0,2,1,18,5,4,,0.0,,1,1,0,1,1,1,0,1,30,child
202000011869,11,10,2020,0 days 21:50:00,5,75,75111,2,1,1,-1,RUE DE LA ROQUETTE,"48,8561760","2,3761780",1,4,1,1994.0,5,8,0,-1,B01,1,0,2,1,18,5,4,,0.0,,1,1,0,1,1,1,0,1,30,adult
202000011894,11,10,2020,0 days 09:30:00,1,92,92072,2,2,1,3,VILLE D'AVRAY (RUE DE),"48,8260273","2,1982305",1,1,1,1972.0,5,8,0,-1,A01,3,0,2,3,1,5,3,407,0.0,,-1,2,0,2,1,2,0,1,50,child
202000011894,11,10,2020,0 days 09:30:00,1,92,92072,2,2,1,3,VILLE D'AVRAY (RUE DE),"48,8260273","2,1982305",1,4,2,2003.0,5,8,0,-1,A01,3,0,2,3,1,5,3,407,0.0,,-1,2,0,2,1,2,0,1,50,adult
202000011936,18,8,2020,0 days 10:55:00,1,72,72223,2,1,1,-1,ROUTE DEPARTEMENTALE 35,"47,8750080"," -0,1065160",1,4,2,1943.0,5,2,-1,-1,A01,2,0,0,0,1,0,3,35,0.0,,2,2,0,3,3,8,2,1,50,child
202000011936,18,8,2020,0 days 10:55:00,1,72,72223,2,1,1,-1,ROUTE DEPARTEMENTALE 35,"47,8750080"," -0,1065160",1,1,1,1989.0,1,0,-1,-1,A01,2,0,0,0,1,0,3,35,0.0,,2,2,0,3,3,8,2,1,50,adult
202000011949,12,10,2020,0 days 17:40:00,1,06,06152,2,3,1,3,Route de Nice,"43,6431350","7,0118760",1,3,2,1943.0,0,0,-1,-1,B01,3,0,2,7,1,5,3,3,-1.0,,2,2,0,1,1,1,5,1,50,child
202000011949,12,10,2020,0 days 17:40:00,1,06,06152,2,3,1,3,Route de Nice,"43,6431350","7,0118760",1,1,2,1970.0,0,1,-1,-1,B01,3,0,2,7,1,5,3,3,-1.0,,2,2,0,1,1,1,5,1,50,adult
202000011955,15,8,2020,0 days 08:25:00,1,69,69034,2,1,1,-1,CANUTS (DES)                        (BD),"45,7821900","4,8287800",3,4,1,1950.0,9,0,-1,-1,A01,3,0,1,1,21,5,4,CANUTS (DES)                        (BD),0.0,,2,0,1,1,1,1,6,5,20,child
202000011955,15,8,2020,0 days 08:25:00,1,69,69034,2,1,1,-1,CANUTS (DES)                        (BD),"45,7821900","4,8287800",1,1,1,1998.0,0,2,0,-1,A01,3,0,1,1,21,5,4,CANUTS (DES)                        (BD),0.0,,2,0,1,1,1,1,6,5,20,adult
202000012041,11,10,2020,0 days 23:00:00,5,18,18033,2,1,1,2,CHARITE (ROUTE DE LA),"47,0949400","2,4205900",1,1,2,1971.0,5,1,0,-1,B01,2,0,2,4,23,6,4,CHARITE (ROUTE DE LA),0.0,,2,1,0,1,1,2,0,1,50,child
202000012041,11,10,2020,0 days 23:00:00,5,18,18033,2,1,1,2,CHARITE (ROUTE DE LA),"47,0949400","2,4205900",1,4,1,1997.0,1,8,0,-1,B01,2,0,2,4,23,6,4,CHARITE (ROUTE DE LA),0.0,,2,1,0,1,1,2,0,1,50,adult
202000012068,23,7,2020,0 days 18:00:00,1,2A,2A362,2,1,1,3,T10,"41,7004340","9,3487970",1,1,1,1957.0,4,1,-1,-1,A01,1,0,2,2,14,6,2,10,0.0,,2,2,0,1,1,1,0,4,50,child
202000012068,23,7,2020,0 days 18:00:00,1,2A,2A362,2,1,1,3,T10,"41,7004340","9,3487970",1,4,1,2007.0,5,0,-1,-1,A01,1,0,2,2,14,6,2,10,0.0,,2,2,0,1,1,1,0,4,50,adult
202000012279,26,12,2020,0 days 18:10:00,5,75,75101,2,3,1,2,RUE MONTMARTRE,"48,8641350","2,3454700",1,4,1,1969.0,5,8,0,-1,B01,1,0,2,1,1,5,4,,0.0,,1,1,0,1,1,2,0,1,30,child
202000012279,26,12,2020,0 days 18:10:00,5,75,75101,2,3,1,2,RUE MONTMARTRE,"48,8641350","2,3454700",2,1,1,2011.0,9,1,0,-1,B01,1,0,2,1,1,5,4,,0.0,,1,1,0,1,1,2,0,1,30,adult
202000012279,26,12,2020,0 days 18:10:00,5,75,75101,2,3,1,2,RUE MONTMARTRE,"48,8641350","2,3454700",2,1,2,2016.0,5,2,8,-1,B01,1,0,2,1,1,5,4,,0.0,,1,1,0,1,1,2,0,1,30,adult
202000012328,16,12,2020,0 days 19:25:00,5,69,69387,2,1,1,-1,GAMBETTA                            (CO),"45,7508200","4,8590700",3,4,1,1968.0,0,0,-1,-1,B01,0,0,1,0,0,5,4,GAMBETTA                            (CO),0.0,,2,4,3,1,1,1,0,1,50,child
202000012328,16,12,2020,0 days 19:25:00,5,69,69387,2,1,1,-1,GAMBETTA                            (CO),"45,7508200","4,8590700",1,1,1,1983.0,9,8,0,-1,B01,0,0,1,0,0,5,4,GAMBETTA                            (CO),0.0,,2,4,3,1,1,1,0,1,50,adult
202000012328,16,12,2020,0 days 19:25:00,5,69,69387,2,1,1,-1,GAMBETTA                            (CO),"45,7508200","4,8590700",3,4,1,1985.0,0,0,-1,-1,B01,0,0,1,0,0,5,4,GAMBETTA                            (CO),0.0,,2,4,3,1,1,1,0,1,50,adult