Num_Acc,jour,mois,an,hrmn,lum,dep,com,agg,int,atm,col,adr,lat,long,catu,grav,sexe,an_nais,trajet,secu1,secu2,secu3,num_veh_y,senc,obs,obsm,choc,manv,motor,catr,voie,v1,v2,circ,nbv,vosp,prof,plan,surf,infra,situ,vma,age
202000012328,16,12,2020,0 days 19:25:00,5,69,69387,2,1,1,-1,GAMBETTA                            (CO),"45,7508200","4,8590700",1,1,1,1990.0,0,8,0,-1,B01,0,0,1,0,0,5,4,GAMBETTA                            (CO),0.0,,2,4,3,1,1,1,0,1,50,adult
202000012358,20,11,2020,0 days 13:00:00,1,69,69389,2,3,1,3,OBSERVANCE (DE L')                  (MO),"45,7692800","4,8100200",1,3,1,1966.0,9,2,8,-1,B01,2,0,2,2,1,5,4,,0.0,,2,1,0,2,2,1,0,1,50,child
202000012358,20,11,2020,0 days 13:00:00,1,69,69389,2,3,1,3,OBSERVANCE (DE L')                  (MO),"45,7692800","4,8100200",1,1,1,1995.0,1,1,8,-1,B01,2,0,2,2,1,5,4,,0.0,,2,1,0,2,2,1,0,1,50,adult
202000012381,20,11,2020,0 days 09:20:00,1,64,64445,2,6,1,3,ALSACE LORRAINE D',"43,3043100"," -0,3670100",1,1,2,1969.0,9,1,8,-1,B01,1,0,2,7,1,5,4,,0.0,,2,2,1,1,1,1,0,1,50,child
202000012381,20,11,2020,0 days 09:20:00,1,64,64445,2,6,1,3,ALSACE LORRAINE D',"43,3043100"," -0,3670100",1,4,1,1990.0,9,8,0,-1,B01,1,0,2,7,1,5,4,,0.0,,2,2,1,1,1,1,0,1,50,adult
202000012441,19,11,2020,0 days 17:00:00,1,93,93006,2,4,2,3,PASTEUR AV.,"48,8761600","2,4201900",1,4,1,1994.0,0,8,0,-1,B01,1,0,2,1,2,5,3,20,0.0,A,2,2,0,1,1,2,0,1,50,child
202000012441,19,11,2020,0 days 17:00:00,1,93,93006,2,4,2,3,PASTEUR AV.,"48,8761600","2,4201900",1,1,2,1996.0,0,1,0,-1,B01,1,0,2,1,2,5,3,20,0.0,A,2,2,0,1,1,2,0,1,50,adult
202000012441,19,11,2020,0 days 17:00:00,1,93,93006,2,4,2,3,PASTEUR AV.,"48,8761600","2,4201900",2,4,2,2016.0,0,2,0,-1,B01,1,0,2,1,2,5,3,20,0.0,A,2,2,0,1,1,2,0,1,50,adult
202000012452,20,11,2020,0 days 10:43:00,1,92,92012,2,1,1,2,JEAN JAURES (BOULEVARD) 1/61 - COTE IMPA,"48,8409236","2,2393541",1,1,1,1950.0,0,2,0,-1,A01,2,0,2,0,0,0,3,2,0.0,,3,2,0,1,1,1,0,1,50,child
202000012452,20,11,2020,0 days 10:43:00,1,92,92012,2,1,1,2,JEAN JAURES (BOULEVARD) 1/61 - COTE IMPA,"48,8409236","2,2393541",1,4,1,1987.0,4,2,0,-1,A01,2,0,2,0,0,0,3,2,0.0,,3,2,0,1,1,1,0,1,50,adult
202000012510,17,11,2020,0 days 09:00:00,1,87,87075,2,2,1,3,BAYLES (AVENUE DES),"45,8133300","1,2278100",1,4,2,1967.0,1,8,0,-1,B01,2,0,2,7,1,5,4,BAYLES (AVENUE DES),0.0,,2,2,0,1,3,1,5,1,50,child
202000012510,17,11,2020,0 days 09:00:00,1,87,87075,2,2,1,3,BAYLES (AVENUE DES),"45,8133300","1,2278100",1,1,1,1992.0,5,1,0,-1,B01,2,0,2,7,1,5,4,BAYLES (AVENUE DES),0.0,,2,2,0,1,3,1,5,1,50,adult
202000012515,18,11,2020,0 days 12:14:00,1,68,68066,2,1,1,2,REY (AVENUE JOSEPH),"48,0945700","7,3642300",1,3,1,1960.0,0,2,0,-1,B01,2,0,2,4,19,5,4,REY (AVENUE JOSEPH),0.0,,3,4,1,1,1,1,0,5,50,child
202000012515,18,11,2020,0 days 12:14:00,1,68,68066,2,1,1,2,REY (AVENUE JOSEPH),"48,0945700","7,3642300",1,1,1,2000.0,9,1,0,-1,B01,2,0,2,4,19,5,4,REY (AVENUE JOSEPH),0.0,,3,4,1,1,1,1,0,5,50,adult
202000012518,19,11,2020,0 days 07:20:00,2,64,64445,2,3,2,1,MARCA,"43,2940800"," -0,3771800",1,1,1,1964.0,4,1,0,-1,A01,2,0,2,2,1,5,4,,0.0,,2,2,0,1,1,2,0,1,50,child
202000012518,19,11,2020,0 days 07:20:00,2,64,64445,2,3,2,1,MARCA,"43,2940800"," -0,3771800",1,4,2,1987.0,1,2,8,-1,A01,2,0,2,2,1,5,4,,0.0,,2,2,0,1,1,2,0,1,50,adult
202000012568,12,5,2020,0 days 16:55:00,1,77,77141,1,1,1,3,D406,"48,8508990","2,8391440",1,4,1,1949.0,5,2,-1,-1,B01,1,0,0,8,1,6,3,406,0.0,,2,2,0,1,2,1,5,1,80,child
202000012568,12,5,2020,0 days 16:55:00,1,77,77141,1,1,1,3,D406,"48,8508990","2,8391440",1,1,1,2000.0,5,1,-1,-1,B01,1,0,0,8,1,6,3,406,0.0,,2,2,0,1,2,1,5,1,80,adult
202000012577,13,5,2020,0 days 16:10:00,1,70,70154,1,4,2,1,D15,"47,4386180","6,1445390",1,1,1,1934.0,9,1,-1,-1,B01,1,0,2,1,1,5,3,15,-1.0,,2,2,0,1,3,2,0,1,80,child
202000012577,13,5,2020,0 days 16:10:00,1,70,70154,1,4,2,1,D15,"47,4386180","6,1445390",1,4,1,1971.0,5,2,-1,-1,B01,1,0,2,1,1,5,3,15,-1.0,,2,2,0,1,3,2,0,1,80,adult
202000012614,9,5,2020,0 days 12:40:00,1,88,88087,2,1,1,1,FORGES (RUE DES),"48,1754400","6,4302700",1,1,2,1975.0,1,1,8,-1,B01,1,0,2,1,13,0,4,,0.0,,2,2,0,4,3,1,0,1,50,child
202000012614,9,5,2020,0 days 12:40:00,1,88,88087,2,1,1,1,FORGES (RUE DES),"48,1754400","6,4302700",1,3,1,1998.0,5,2,8,-1,B01,1,0,2,1,13,0,4,,0.0,,2,2,0,4,3,1,0,1,50,adult
202000012680,12,5,2020,0 days 17:10:00,1,69,69122,1,4,1,-1,Chemin de la Poyat,"45,9076710","4,7079080",1,1,1,1966.0,4,8,-1,-1,B01,0,0,2,1,15,5,4,0,0.0,A,2,2,0,1,1,1,0,1,80,child
202000012680,12,5,2020,0 days 17:10:00,1,69,69122,1,4,1,-1,Chemin de la Poyat,"45,9076710","4,7079080",1,3,1,2009.0,5,2,-1,-1,B01,0,0,2,1,15,5,4,0,0.0,A,2,2,0,1,1,1,0,1,80,adult
202000012697,10,5,2020,0 days 22:35:00,5,33,33063,2,2,3,3,RUE MALBEC / RUE BILLAUDEL,"44,8246579"," -0,5638325",1,4,1,1968.0,0,8,-1,-1,B01,1,0,2,4,1,5,4,RUE MALBEC,0.0,,1,2,1,1,1,2,5,5,30,child
202000012697,10,5,2020,0 days 22:35:00,5,33,33063,2,2,3,3,RUE MALBEC / RUE BILLAUDEL,"44,8246579"," -0,5638325",1,1,2,1991.0,0,8,-1,-1,B01,1,0,2,4,1,5,4,RUE MALBEC,0.0,,1,2,1,1,1,2,5,5,30,adult
202000012716,5,5,2020,0 days 18:45:00,1,53,53096,2,2,1,3,Rue des Mirettes,"48,3001000"," -0,9201210",1,3,2,1937.0,5,0,-1,-1,B01,3,0,2,7,1,5,4,,0.0,,2,2,0,2,1,1,0,1,50,child
202000012716,5,5,2020,0 days 18:45:00,1,53,53096,2,2,1,3,Rue des Mirettes,"48,3001000"," -0,9201210",1,1,1,1964.0,1,8,-1,-1,B01,3,0,2,7,1,5,4,,0.0,,2,2,0,2,1,1,0,1,50,adult
202000012797,26,2,2020,0 days 10:20:00,1,29,29137,1,1,1,3,36 Route des Trois Prats,"48,3341640"," -4,2882640",1,1,1,1929.0,3,1,-1,-1,B01,1,0,2,4,1,5,3,333,0.0,,2,2,0,1,1,1,0,1,70,child
202000012797,26,2,2020,0 days 10:20:00,1,29,29137,1,1,1,3,36 Route des Trois Prats,"48,3341640"," -4,2882640",1,2,2,1956.0,5,2,-1,-1,B01,1,0,2,4,1,5,3,333,0.0,,2,2,0,1,1,1,0,1,70,adult
202000012799,27,1,2020,0 days 08:40:00,1,49,49021,1,6,2,3,Route de la Ménitré,"47,4357150"," -0,2233150",1,3,1,1951.0,5,8,-1,-1,B01,0,0,2,7,26,6,3,347,0.0,D,2,2,0,1,2,2,5,1,80,child
202000012799,27,1,2020,0 days 08:40:00,1,49,49021,1,6,2,3,Route de la Ménitré,"47,4357150"," -0,2233150",1,1,1,1979.0,1,8,-1,-1,B01,0,0,2,7,26,6,3,347,0.0,D,2,2,0,1,2,2,5,1,80,adult
202000012804,1,3,2020,0 days 11:00:00,1,34,34319,2,2,1,1,Route de Fournols,"43,5542400","3,3002700",2,1,1,1948.0,5,1,-1,-1,B01,2,0,2,8,1,5,3,125,-1.0,E,2,2,0,2,3,1,0,1,50,child
202000012804,1,3,2020,0 days 11:00:00,1,34,34319,2,2,1,1,Route de Fournols,"43,5542400","3,3002700",1,3,1,1972.0,5,2,-1,-1,B01,2,0,2,8,1,5,3,125,-1.0,E,2,2,0,2,3,1,0,1,50,adult
202000012804,1,3,2020,0 days 11:00:00,1,34,34319,2,2,1,1,Route de Fournols,"43,5542400","3,3002700",1,1,2,1978.0,5,1,-1,-1,B01,2,0,2,8,1,5,3,125,-1.0,E,2,2,0,2,3,1,0,1,50,adult
202000012816,2,3,2020,0 days 15:36:00,1,44,44043,2,1,1,1,11 Rue du Vivier,"47,1091130"," -1,2432560",1,4,1,1948.0,5,2,-1,-1,B01,3,0,0,1,13,5,4,,0.0,,2,1,0,1,1,1,0,1,50,child
202000012816,2,3,2020,0 days 15:36:00,1,44,44043,2,1,1,1,11 Rue du Vivier,"47,1091130"," -1,2432560",1,1,1,1994.0,5,1,-1,-1,B01,3,0,0,1,13,5,4,,0.0,,2,1,0,1,1,1,0,1,50,adult
202000012908,1,3,2020,0 days 12:15:00,1,60,60536,1,1,2,3,Route de Pont,"49,3086252","2,7053755",1,4,1,1962.0,5,2,-1,-1,A01,2,0,0,8,15,5,3,123,-1.0,,2,2,1,1,1,2,0,1,80,child
202000012908,1,3,2020,0 days 12:15:00,1,60,60536,1,1,2,3,Route de Pont,"49,3086252","2,7053755",1,1,2,2000.0,5,1,-1,-1,A01,2,0,0,8,15,5,3,123,-1.0,,2,2,1,1,1,2,0,1,80,adult
202000012966,26,1,2020,0 days 18:40:00,5,76,76255,2,1,2,1,Route d'Eu,"50,0538670","1,3950170",1,1,1,1951.0,5,1,-1,-1,A01,2,0,2,1,25,5,3,1915,0.0,,2,2,0,1,1,2,0,1,50,child
202000012966,26,1,2020,0 days 18:40:00,5,76,76255,2,1,2,1,Route d'Eu,"50,0538670","1,3950170",1,3,1,2006.0,5,0,-1,-1,A01,2,0,2,1,25,5,3,1915,0.0,,2,2,0,1,1,2,0,1,50,adult
202000012984,28,2,2020,0 days 14:00:00,1,34,34337,2,3,1,3,156 Chemin de la Mosson,"43,5351310","3,8620160",1,1,2,1948.0,5,1,-1,-1,A01,2,0,2,3,16,5,4,,-1.0,,2,2,0,1,1,1,0,1,50,child
202000012984,28,2,2020,0 days 14:00:00,1,34,34337,2,3,1,3,156 Chemin de la Mosson,"43,5351310","3,8620160",1,4,1,2006.0,2,0,-1,-1,A01,2,0,2,3,16,5,4,,-1.0,,2,2,0,1,1,1,0,1,50,adult
202000012991,26,1,2020,0 days 12:30:00,1,40,40282,2,1,1,2,5 Avenue de l'Armagnac,"43,7713300"," -0,5696900",1,3,2,1968.0,5,0,-1,-1,B01,0,0,2,6,20,5,6,,-1.0,,-1,2,0,1,1,1,0,8,-1,child
202000012991,26,1,2020,0 days 12:30:00,1,40,40282,2,1,1,2,5 Avenue de l'Armagnac,"43,7713300"," -0,5696900",1,1,1,1997.0,5,1,-1,-1,B01,0,0,2,6,20,5,6,,-1.0,,-1,2,0,1,1,1,0,8,-1,adult
202000013031,28,2,2020,0 days 19:20:00,2,974,97408,2,4,2,3,11 Rue de la Roche Glisse," -20,9656137","55,3325753",1,1,1,1966.0,1,1,-1,-1,B01,3,0,2,7,1,0,4,,-1.0,,2,1,0,2,3,2,0,1,30,child
202000013031,28,2,2020,0 days 19:20:00,2,974,97408,2,4,2,3,11 Rue de la Roche Glisse," -20,9656137","55,3325753",1,3,1,2005.0,5,0,-1,-1,B01,3,0,2,7,1,0,4,,-1.0,,2,1,0,2,3,2,0,1,30,adult
202000013096,16,7,2020,0 days 07:35:00,1,974,97407,1,9,1,3,COMPAGNIE DES INDES (BD DE LA) ," -20,9453500","55,3244800",1,4,1,1949.0,1,2,8,-1,B01,3,0,2,8,26,5,2,1001,0.0,,-1,2,1,1,1,1,2,5,50,child
202000013096,16,7,2020,0 days 07:35:00,1,974,97407,1,9,1,3,COMPAGNIE DES INDES (BD DE LA) ," -20,9453500","55,3244800",1,1,1,1986.0,4,1,4,-1,B01,3,0,2,8,26,5,2,1001,0.0,,-1,2,1,1,1,1,2,5,50,adult
202000013108,13,7,2020,0 days 12:15:00,1,80,80021,2,1,1,3,PAUL CLAUDEL (AVENUE),"49,8755200","2,2785400",1,4,1,1949.0,5,8,0,-1,B01,0,0,2,1,1,5,4,PAUL CLAUDEL (AVENUE),0.0,,2,2,0,1,1,1,0,1,50,child
202000013108,13,7,2020,0 days 12:15:00,1,80,80021,2,1,1,3,PAUL CLAUDEL (AVENUE),"49,8755200","2,2785400",1,1,2,1977.0,5,1,0,-1,B01,0,0,2,1,1,5,4,PAUL CLAUDEL (AVENUE),0.0,,2,2,0,1,1,1,0,1,50,adult
202000013122,22,6,2020,0 days 19:15:00,1,44,44109,2,1,1,6,Allée Brancas,"47,2139010"," -1,5557070",3,4,2,1948.0,5,0,-1,-1,A01,1,0,1,1,1,5,4,,0.0,,1,-1,0,1,1,1,0,1,30,child
202000013122,22,6,2020,0 days 19:15:00,1,44,44109,2,1,1,6,Allée Brancas,"47,2139010"," -1,5557070",1,1,1,1995.0,9,8,0,-1,A01,1,0,1,1,1,5,4,,0.0,,1,-1,0,1,1,1,0,1,30,adult
202000013156,16,7,2020,0 days 18:30:00,1,75,75109,2,7,1,6,RUE DE BRUXELLES,"48,8830580","2,3294130",1,1,2,1985.0,5,2,8,-1,A01,1,0,1,1,1,5,4,,0.0,,2,2,1,1,1,1,-1,5,30,child
202000013156,16,7,2020,0 days 18:30:00,1,75,75109,2,7,1,6,RUE DE BRUXELLES,"48,8830580","2,3294130",3,4,1,2015.0,5,0,-1,-1,A01,1,0,1,1,1,5,4,,0.0,,2,2,1,1,1,1,-1,5,30,adult
202000013195,16,7,2020,0 days 12:00:00,1,42,42092,2,2,1,3,Rue du 8 Mai,"45,4857930","4,3795060",1,1,1,1942.0,5,1,-1,-1,B01,2,0,2,1,1,5,3,1498,-1.0,,2,2,0,1,1,1,0,1,30,child
202000013195,16,7,2020,0 days 12:00:00,1,42,42092,2,2,1,3,Rue du 8 Mai,"45,4857930","4,3795060",1,3,1,1979.0,5,2,-1,-1,B01,2,0,2,1,1,5,3,1498,-1.0,,2,2,0,1,1,1,0,1,30,adult
202000013203,16,7,2020,0 days 18:30:00,1,14,14406,2,3,7,3,1 Chemin de la Baronnie,"49,2527610"," -0,5609090",1,4,1,1958.0,5,2,-1,-1,B01,2,0,2,1,15,5,3,126,-1.0,,2,2,0,1,1,1,0,1,50,child
202000013203,16,7,2020,0 days 18:30:00,1,14,14406,2,3,7,3,1 Chemin de la Baronnie,"49,2527610"," -0,5609090",1,1,1,1982.0,1,1,-1,-1,B01,2,0,2,1,15,5,3,126,-1.0,,2,2,0,1,1,1,0,1,50,adult
202000013234,13,9,2020,0 days 02:00:00,3,40,40182,1,1,1,2,D66,"44,0704280"," -1,1726400",1,1,1,1970.0,5,8,-1,-1,A01,0,0,2,0,1,5,3,66,-1.0,,2,2,0,2,1,1,0,1,-1,child
202000013234,13,9,2020,0 days 02:00:00,3,40,40182,1,1,1,2,D66,"44,0704280"," -1,1726400",1,4,1,1997.0,5,0,-1,-1,A01,0,0,2,0,1,5,3,66,-1.0,,2,2,0,2,1,1,0,1,-1,adult
202000013254,17,7,2020,0 days 01:40:00,4,02,02282,1,1,1,2,D1044,"49,5559810","3,7085290",1,3,1,1956.0,1,4,9,-1,B01,2,0,2,4,2,5,3,1044,0.0,,2,2,0,1,1,1,0,1,80,child
202000013254,17,7,2020,0 days 01:40:00,4,02,02282,1,1,1,2,D1044,"49,5559810","3,7085290",1,1,1,1998.0,5,1,-1,-1,B01,2,0,2,4,2,5,3,1044,0.0,,2,2,0,1,1,1,0,1,80,adult
202000013290,13,5,2020,0 days 15:45:00,1,59,59588,1,4,1,3,BRANCHE VC 5,"51,0226300","2,4196900",1,3,1,1954.0,5,8,0,-1,B01,2,0,0,0,0,5,4,BRANCHE VC 5,0.0,,2,2,0,1,1,1,0,1,70,child
202000013290,13,5,2020,0 days 15:45:00,1,59,59588,1,4,1,3,BRANCHE VC 5,"51,0226300","2,4196900",2,1,1,1990.0,3,1,0,-1,B01,2,0,0,0,0,5,4,BRANCHE VC 5,0.0,,2,2,0,1,1,1,0,1,70,adult
202000013290,13,5,2020,0 days 15:45:00,1,59,59588,1,4,1,3,BRANCHE VC 5,"51,0226300","2,4196900",1,1,2,1995.0,3,1,0,-1,B01,2,0,0,0,0,5,4,BRANCHE VC 5,0.0,,2,2,0,1,1,1,0,1,70,adult
202000013346,12,9,2020,0 days 11:00:00,1,75,75120,2,2,1,6,BOULEVARD DAVOUT,"48,8490620","2,4115360",3,4,1,1945.0,5,0,-1,-1,A01,1,0,1,1,1,5,4,,0.0,,1,1,1,1,1,1,-1,5,30,child
202000013346,12,9,2020,0 days 11:00:00,1,75,75120,2,2,1,6,BOULEVARD DAVOUT,"48,8490620","2,4115360",1,1,2,1987.0,5,2,0,-1,A01,1,0,1,1,1,5,4,,0.0,,1,1,1,1,1,1,-1,5,30,adult
202000013353,13,9,2020,0 days 17:00:00,1,75,75112,2,1,1,3,AVENUE DE GRAVELLE,"48,8240850","2,4267540",1,4,1,1949.0,5,2,0,-1,B01,1,0,2,2,25,5,4,,0.0,,2,2,0,1,1,1,0,4,50,child
202000013353,13,9,2020,0 days 17:00:00,1,75,75112,2,1,1,3,AVENUE DE GRAVELLE,"48,8240850","2,4267540",1,1,1,1968.0,9,1,0,-1,B01,1,0,2,2,25,5,4,,0.0,,2,2,0,1,1,1,0,4,50,adult
202000013353,13,9,2020,0 days 17:00:00,1,75,75112,2,1,1,3,AVENUE DE GRAVELLE,"48,8240850","2,4267540",2,1,2,1972.0,9,1,0,-1,B01,1,0,2,2,25,5,4,,0.0,,2,2,0,1,1,1,0,4,50,adult
202000013353,13,9,2020,0 days 17:00:00,1,75,75112,2,1,1,3,AVENUE DE GRAVELLE,"48,8240850","2,4267540",2,1,1,2007.0,9,1,0,-1,B01,1,0,2,2,25,5,4,,0.0,,2,2,0,1,1,1,0,4,50,adult
202000013358,13,9,2020,0 days 08:15:00,1,75,75101,2,2,1,3,RUE DE RIVOLI,"48,8609300","2,3408600",1,4,1,1962.0,5,2,0,-1,B01,1,0,2,1,1,5,4,,0.0,,2,5,1,1,1,1,-1,5,50,child
202000013358,13,9,2020,0 days 08:15:00,1,75,75101,2,2,1,3,RUE DE RIVOLI,"48,8609300","2,3408600",1,1,1,1992.0,4,1,0,-1,B01,1,0,2,1,1,5,4,,0.0,,2,5,1,1,1,1,-1,5,50,adult
202000013386,14,9,2020,0 days 11:30:00,1,80,80533,2,6,1,3,D925,"50,0599730","1,4089750",1,1,1,1928.0,5,1,-1,-1,B01,3,0,2,3,1,5,3,925,-1.0,,1,1,0,1,2,1,0,1,50,child
202000013386,14,9,2020,0 days 11:30:00,1,80,80533,2,6,1,3,D925,"50,0599730","1,4089750",2,1,2,1936.0,5,1,-1,-1,B01,3,0,2,3,1,5,3,925,-1.0,,1,1,0,1,2,1,0,1,50,adult
202000013386,14,9,2020,0 days 11:30:00,1,80,80533,2,6,1,3,D925,"50,0599730","1,4089750",1,3,2,1958.0,5,0,-1,-1,B01,3,0,2,3,1,5,3,925,-1.0,,1,1,0,1,2,1,0,1,50,adult
202000013413,13,9,2020,0 days 16:30:00,1,87,87046,1,4,7,3,D10,"45,8251810","1,0453370",2,1,1,1949.0,5,8,-1,-1,B01,2,0,2,8,1,5,3,10,0.0,A,2,2,0,2,2,1,0,1,80,child
202000013413,13,9,2020,0 days 16:30:00,1,87,87046,1,4,7,3,D10,"45,8251810","1,0453370",1,1,1,1977.0,5,8,-1,-1,B01,2,0,2,8,1,5,3,10,0.0,A,2,2,0,2,2,1,0,1,80,adult
202000013413,13,9,2020,0 days 16:30:00,1,87,87046,1,4,7,3,D10,"45,8251810","1,0453370",1,2,2,1991.0,5,2,-1,-1,B01,2,0,2,8,1,5,3,10,0.0,A,2,2,0,2,2,1,0,1,80,adult
202000013415,13,9,2020,0 days 19:00:00,1,52,52470,2,3,1,3,1 Grande Rue,"47,9917450","5,7380660",1,1,2,1961.0,5,8,-1,-1,A01,1,0,2,1,1,5,4,,0.0,,2,2,0,2,1,1,0,1,50,child
202000013415,13,9,2020,0 days 19:00:00,1,52,52470,2,3,1,3,1 Grande Rue,"47,9917450","5,7380660",1,3,1,2009.0,5,8,-1,-1,A01,1,0,2,1,1,5,4,,0.0,,2,2,0,2,1,1,0,1,50,adult
202000013416,14,9,2020,0 days 08:40:00,1,88,88468,2,3,7,3,35 Avenue de Verdun,"47,8835820","6,7578420",1,3,1,1948.0,5,2,4,-1,B01,2,0,2,1,1,5,2,66,0.0,,2,2,0,1,1,1,0,1,50,child
202000013416,14,9,2020,0 days 08:40:00,1,88,88468,2,3,7,3,35 Avenue de Verdun,"47,8835820","6,7578420",1,1,1,1990.0,9,1,-1,-1,B01,2,0,2,1,1,5,2,66,0.0,,2,2,0,1,1,1,0,1,50,adult
202000013472,12,9,2020,0 days 18:25:00,1,69,69034,2,1,1,3,MARGNOLLES (DE)                     (R ),"45,7887800","4,8447700",1,1,2,1980.0,0,1,0,-1,B01,1,0,2,8,19,5,4,,0.0,,2,2,0,1,1,1,0,1,50,child
202000013472,12,9,2020,0 days 18:25:00,1,69,69034,2,1,1,3,MARGNOLLES (DE)                     (R ),"45,7887800","4,8447700",1,4,1,2013.0,5,8,0,-1,B01,1,0,2,8,19,5,4,,0.0,,2,2,0,1,1,1,0,1,50,adult
202000013507,14,6,2020,0 days 18:40:00,5,971,97101,1,1,1,3,Rue des Orangers,"16,2917300"," -61,4906500",1,1,1,1944.0,0,1,0,-1,B01,3,0,2,1,16,5,4,,0.0,,2,1,0,1,1,1,0,1,50,child
202000013507,14,6,2020,0 days 18:40:00,5,971,97101,1,1,1,3,Rue des Orangers,"16,2917300"," -61,4906500",1,4,1,2009.0,0,8,0,-1,B01,3,0,2,1,16,5,4,,0.0,,2,1,0,1,1,1,0,1,50,adult
202000013522,15,6,2020,0 days 13:05:00,1,76,76351,2,1,1,-1,REPUBLIQUE (COURS DE LA),"49,4930400","0,1243300",1,4,1,1960.0,1,2,0,-1,B01,2,1,0,2,1,5,4,REPUBLIQUE (COURS DE LA),0.0,,3,5,1,1,1,1,0,5,50,child
202000013522,15,6,2020,0 days 13:05:00,1,76,76351,2,1,1,-1,REPUBLIQUE (COURS DE LA),"49,4930400","0,1243300",1,1,1,1985.0,3,1,0,-1,B01,2,1,0,2,1,5,4,REPUBLIQUE (COURS DE LA),0.0,,3,5,1,1,1,1,0,5,50,adult
202000013528,13,6,2020,0 days 16:00:00,1,67,67365,2,1,1,3,BOHRIE (ALLEE DU),"48,5486600","7,7009300",1,1,1,1974.0,0,1,8,-1,B01,1,0,2,8,13,1,4,,0.0,,3,2,3,1,1,1,5,1,50,child
202000013528,13,6,2020,0 days 16:00:00,1,67,67365,2,1,1,3,BOHRIE (ALLEE DU),"48,5486600","7,7009300",1,4,1,2005.0,0,8,0,-1,B01,1,0,2,8,13,1,4,,0.0,,3,2,3,1,1,1,5,1,50,adult
202000013529,12,6,2020,0 days 15:20:00,1,67,67482,2,3,1,3,NEUHOF (ROUTE),"48,5518000","7,7661500",1,1,2,1966.0,5,1,8,-1,B01,2,0,2,1,19,5,4,NEUHOF (ROUTE),0.0,,2,3,0,1,2,1,0,1,50,child
202000013529,12,6,2020,0 days 15:20:00,1,67,67482,2,3,1,3,NEUHOF (ROUTE),"48,5518000","7,7661500",1,4,1,1991.0,0,8,0,-1,B01,2,0,2,1,19,5,4,NEUHOF (ROUTE),0.0,,2,3,0,1,2,1,0,1,50,adult
202000013532,15,6,2020,0 days 11:52:00,1,64,64483,2,1,1,3,LARRAMENDY PIERRE (AVENUE),"43,3848300"," -1,6615600",1,4,2,1948.0,0,8,0,-1,A01,1,0,2,1,1,5,4,LARRAMENDY PIERRE (AVENUE),0.0,,2,2,1,1,1,1,0,1,50,child
202000013532,15,6,2020,0 days 11:52:00,1,64,64483,2,1,1,3,LARRAMENDY PIERRE (AVENUE),"43,3848300"," -1,6615600",1,1,1,1974.0,4,1,0,-1,A01,1,0,2,1,1,5,4,LARRAMENDY PIERRE (AVENUE),0.0,,2,2,1,1,1,1,0,1,50,adult
202000013555,15,6,2020,0 days 07:55:00,1,31,31557,2,1,1,1,MARQUISAT (AV DU),"43,5693500","1,3333600",1,4,2,1959.0,4,8,0,-1,B01,2,0,2,8,19,5,3,50,0.0,,2,2,0,1,1,1,0,1,50,child
202000013555,15,6,2020,0 days 07:55:00,1,31,31557,2,1,1,1,MARQUISAT (AV DU),"43,5693500","1,3333600",1,1,2,1988.0,4,1,0,-1,B01,2,0,2,8,19,5,3,50,0.0,,2,2,0,1,1,1,0,1,50,adult
202000013583,15,6,2020,0 days 15:15:00,1,94,94069,2,1,8,3,MARECHAL LECLERC (R DU),"48,8171300","2,4536000",1,1,1,1960.0,5,2,8,-1,A01,1,0,2,7,19,5,3,214,0.0,,2,2,0,1,1,1,0,1,50,child
202000013583,15,6,2020,0 days 15:15:00,1,94,94069,2,1,8,3,MARECHAL LECLERC (R DU),"48,8171300","2,4536000",1,4,1,2002.0,5,8,0,-1,A01,1,0,2,7,19,5,3,214,0.0,,2,2,0,1,1,1,0,1,50,adult
202000013615,16,6,2020,0 days 16:45:00,1,38,38124,1,1,1,-1,Route de Bugnon,"45,6034840","5,5488750",1,4,2,1978.0,1,8,-1,-1,B01,1,0,2,7,19,5,3,82,-1.0,,2,2,0,1,1,1,0,1,80,child
202000013615,16,6,2020,0 days 16:45:00,1,38,38124,1,1,1,-1,Route de Bugnon,"45,6034840","5,5488750",1,3,2,2005.0,5,0,-1,-1,B01,1,0,2,7,19,5,3,82,-1.0,,2,2,0,1,1,1,0,1,80,adult
202000013632,16,6,2020,0 days 09:00:00,1,34,34157,1,2,1,3,Le Farlet,"43,4641960","3,5521250",1,3,1,1959.0,5,2,-1,-1,B01,0,0,2,1,1,5,9,,-1.0,,2,1,0,2,1,9,0,1,80,child
202000013632,16,6,2020,0 days 09:00:00,1,34,34157,1,2,1,3,Le Farlet,"43,4641960","3,5521250",1,1,2,1992.0,3,1,-1,-1,B01,0,0,2,1,1,5,9,,-1.0,,2,1,0,2,1,9,0,1,80,adult
202000013633,16,6,2020,0 days 11:15:00,1,83,83077,1,1,1,2,D554,"43,3031790","5,9870980",1,4,1,1952.0,5,9,-1,-1,B01,2,0,2,4,1,6,3,554,-1.0,,2,2,0,1,1,1,0,1,80,child
202000013633,16,6,2020,0 days 11:15:00,1,83,83077,1,1,1,2,D554,"43,3031790","5,9870980",1,1,1,1984.0,5,1,-1,-1,B01,2,0,2,4,1,6,3,554,-1.0,,2,2,0,1,1,1,0,1,80,adult
202000013731,13,8,2020,0 days 18:25:00,1,83,83034,2,9,1,3,AVENUE DE FONT BRUN,"43,0885000","6,0708000",1,1,1,1943.0,0,1,0,-1,Y01,0,0,2,1,26,5,4,NC,0.0,,2,2,0,2,1,1,8,1,30,child