Num_Acc,jour,mois,an,hrmn,lum,dep,com,agg,int,atm,col,adr,lat,long,catu,grav,sexe,an_nais,trajet,secu1,secu2,secu3,num_veh_y,senc,obs,obsm,choc,manv,motor,catr,voie,v1,v2,circ,nbv,vosp,prof,plan,surf,infra,situ,vma,age
202000013731,13,8,2020,0 days 18:25:00,1,83,83034,2,9,1,3,AVENUE DE FONT BRUN,"43,0885000","6,0708000",1,4,1,1968.0,0,2,0,-1,Y01,0,0,2,1,26,5,4,NC,0.0,,2,2,0,2,1,1,8,1,30,adult
202000013735,12,8,2020,0 days 19:00:00,1,67,67482,2,8,8,3,AMELIE DE BERCKHEIM (RUE),"48,6020380","7,7851600",1,3,1,1964.0,9,8,0,-1,A01,1,0,4,1,19,5,4,,0.0,,2,2,3,1,1,1,4,6,50,child
202000013735,12,8,2020,0 days 19:00:00,1,67,67482,2,8,8,3,AMELIE DE BERCKHEIM (RUE),"48,6020380","7,7851600",1,1,1,1990.0,4,1,8,-1,A01,1,0,4,1,19,5,4,,0.0,,2,2,3,1,1,1,4,6,50,adult
202000013754,14,8,2020,0 days 08:45:00,1,38,38185,2,1,1,1,Rue du 19 Mars 1962,"45,1886800","5,7442100",1,1,1,1973.0,0,0,-1,-1,B01,3,0,-1,1,1,-1,4,,-1.0,,2,-1,-1,1,1,1,-1,1,-1,child
202000013754,14,8,2020,0 days 08:45:00,1,38,38185,2,1,1,1,Rue du 19 Mars 1962,"45,1886800","5,7442100",1,4,1,1997.0,0,0,-1,-1,B01,3,0,-1,1,1,-1,4,,-1.0,,2,-1,-1,1,1,1,-1,1,-1,adult
202000013772,13,8,2020,0 days 18:28:00,1,17,17300,2,1,2,-1,PRUNIER   QUAI LOUIS,"46,1530600"," -1,1500000",1,4,2,1962.0,0,2,0,-1,B01,3,0,2,1,2,5,4,PRUNIER   QUAI LOUIS,0.0,,2,1,3,1,1,2,9,1,30,child
202000013772,13,8,2020,0 days 18:28:00,1,17,17300,2,1,2,-1,PRUNIER   QUAI LOUIS,"46,1530600"," -1,1500000",1,1,2,1994.0,1,8,0,-1,B01,3,0,2,1,2,5,4,PRUNIER   QUAI LOUIS,0.0,,2,1,3,1,1,2,9,1,30,adult
202000013788,14,8,2020,0 days 19:50:00,1,75,75106,2,5,1,3,RUE DE VAUGIRARD,"48,8450960","2,3201150",1,1,1,1964.0,1,1,0,-1,A01,2,0,2,7,1,5,4,,0.0,,1,1,0,1,1,1,0,1,50,child
202000013788,14,8,2020,0 days 19:50:00,1,75,75106,2,5,1,3,RUE DE VAUGIRARD,"48,8450960","2,3201150",1,4,2,1995.0,9,2,0,-1,A01,2,0,2,7,1,5,4,,0.0,,1,1,0,1,1,1,0,1,50,adult
202000013946,10,10,2020,0 days 18:35:00,1,69,69387,2,3,1,1,FILLON                              (QU),"45,7177000","4,8260400",1,4,1,1961.0,9,8,0,-1,B01,3,0,2,1,0,5,4,,0.0,,2,2,0,1,2,1,0,1,50,child
202000013946,10,10,2020,0 days 18:35:00,1,69,69387,2,3,1,1,FILLON                              (QU),"45,7177000","4,8260400",1,1,1,2002.0,5,1,0,-1,B01,3,0,2,1,0,5,4,,0.0,,2,2,0,1,2,1,0,1,50,adult
202000013946,10,10,2020,0 days 18:35:00,1,69,69387,2,3,1,1,FILLON                              (QU),"45,7177000","4,8260400",2,1,2,2003.0,5,1,0,-1,B01,3,0,2,1,0,5,4,,0.0,,2,2,0,1,2,1,0,1,50,adult
202000014094,23,12,2020,0 days 13:55:00,1,12,12086,1,1,1,2,D512,"44,1776720","3,1258030",1,1,1,1948.0,3,1,-1,-1,B01,2,0,2,4,1,5,3,512,-1.0,,2,2,0,1,1,1,2,1,80,child
202000014094,23,12,2020,0 days 13:55:00,1,12,12086,1,1,1,2,D512,"44,1776720","3,1258030",1,4,1,1970.0,5,2,-1,-1,B01,2,0,2,4,1,5,3,512,-1.0,,2,2,0,1,1,1,2,1,80,adult
202000014106,26,12,2020,0 days 14:00:00,1,37,37050,2,2,1,1,rue monod,"47,3468560","0,7071738",1,1,2,1952.0,3,1,-1,-1,B01,1,0,2,1,5,5,3,943,-1.0,,1,1,1,1,1,1,0,1,50,child
202000014106,26,12,2020,0 days 14:00:00,1,37,37050,2,2,1,1,rue monod,"47,3468560","0,7071738",1,3,1,1993.0,1,0,-1,-1,B01,1,0,2,1,5,5,3,943,-1.0,,1,1,1,1,1,1,0,1,50,adult
202000014114,20,11,2020,0 days 17:15:00,2,971,97117,1,9,1,2,Route de Neron,"16,3279230"," -61,3961510",1,4,1,1964.0,5,2,-1,-1,A01,1,0,0,4,2,5,3,113,0.0,,2,2,0,1,4,1,0,1,80,child
202000014114,20,11,2020,0 days 17:15:00,2,971,97117,1,9,1,2,Route de Neron,"16,3279230"," -61,3961510",1,1,1,1993.0,5,1,-1,-1,A01,1,0,0,4,2,5,3,113,0.0,,2,2,0,1,4,1,0,1,80,adult
202000014128,24,12,2020,0 days 11:15:00,1,69,69383,2,2,1,3,LAFAYETTE                           (CO),"45,7635903","4,8429344",1,1,1,1965.0,4,1,8,-1,A01,2,0,2,1,1,5,4,LAFAYETTE                           (CO),0.0,,2,2,3,1,1,1,0,1,50,child
202000014128,24,12,2020,0 days 11:15:00,1,69,69383,2,2,1,3,LAFAYETTE                           (CO),"45,7635903","4,8429344",2,1,1,1976.0,4,1,0,-1,A01,2,0,2,1,1,5,4,LAFAYETTE                           (CO),0.0,,2,2,3,1,1,1,0,1,50,adult
202000014128,24,12,2020,0 days 11:15:00,1,69,69383,2,2,1,3,LAFAYETTE                           (CO),"45,7635903","4,8429344",1,4,2,1994.0,1,8,0,-1,A01,2,0,2,1,1,5,4,LAFAYETTE                           (CO),0.0,,2,2,3,1,1,1,0,1,50,adult
202000014157,24,12,2020,0 days 11:28:00,1,49,49007,2,1,1,3,Rue de la Madeleine,"47,4620300"," -0,5412900",1,1,2,1945.0,1,1,0,-1,A01,1,0,2,1,1,5,4,MADELEINE,0.0,,-1,2,0,1,1,2,0,1,50,child
202000014157,24,12,2020,0 days 11:28:00,1,49,49007,2,1,1,3,Rue de la Madeleine,"47,4620300"," -0,5412900",1,4,1,2001.0,1,2,0,-1,A01,1,0,2,1,1,5,4,MADELEINE,0.0,,-1,2,0,1,1,2,0,1,50,adult
202000014168,23,12,2020,0 days 19:25:00,5,31,31149,2,1,1,3,ESPLANADE FRANCOIS MITTERRAND ,"43,6057000","1,3356600",1,1,1,1945.0,5,1,0,-1,B01,0,0,2,1,1,5,4,ESPLANADE FRANCOIS MITTERRAND ,0.0,,1,2,0,1,2,1,0,1,50,child
202000014168,23,12,2020,0 days 19:25:00,5,31,31149,2,1,1,3,ESPLANADE FRANCOIS MITTERRAND ,"43,6057000","1,3356600",1,4,2,1966.0,0,8,0,-1,B01,0,0,2,1,1,5,4,ESPLANADE FRANCOIS MITTERRAND ,0.0,,1,2,0,1,2,1,0,1,50,adult
202000014232,25,12,2020,0 days 19:45:00,5,988,98805,2,1,1,3,Avenue d'Auteuil," -22,2054790","166,4766780",1,1,1,1960.0,5,1,-1,-1,B01,3,0,2,7,19,5,4,4,0.0,,2,2,0,1,3,1,0,1,30,child
202000014232,25,12,2020,0 days 19:45:00,5,988,98805,2,1,1,3,Avenue d'Auteuil," -22,2054790","166,4766780",1,3,1,2013.0,5,0,-1,-1,B01,3,0,2,7,19,5,4,4,0.0,,2,2,0,1,3,1,0,1,30,adult
202000014408,18,11,2020,0 days 16:15:00,1,75,75112,2,1,1,6,RUE TRAVERSIERE,"48,8484420","2,3741800",3,1,2,1948.0,5,0,-1,-1,A01,1,0,1,1,1,5,4,,0.0,,2,2,0,1,1,1,0,1,30,child
202000014408,18,11,2020,0 days 16:15:00,1,75,75112,2,1,1,6,RUE TRAVERSIERE,"48,8484420","2,3741800",3,3,1,1952.0,5,0,-1,-1,A01,1,0,1,1,1,5,4,,0.0,,2,2,0,1,1,1,0,1,30,adult
202000014408,18,11,2020,0 days 16:15:00,1,75,75112,2,1,1,6,RUE TRAVERSIERE,"48,8484420","2,3741800",1,1,1,1978.0,5,2,0,-1,A01,1,0,1,1,1,5,4,,0.0,,2,2,0,1,1,1,0,1,30,adult
202000014413,18,11,2020,0 days 16:20:00,1,75,75116,2,2,1,3,AVENUE KLEBER,"48,8650430","2,2887110",1,1,1,1947.0,1,1,0,-1,B01,2,0,2,1,2,5,4,,0.0,,2,4,0,1,1,1,0,1,50,child
202000014413,18,11,2020,0 days 16:20:00,1,75,75116,2,2,1,3,AVENUE KLEBER,"48,8650430","2,2887110",1,4,2,1977.0,1,2,6,-1,B01,2,0,2,1,2,5,4,,0.0,,2,4,0,1,1,1,0,1,50,adult
202000014454,11,5,2020,0 days 16:55:00,1,70,70310,2,9,3,3,2 Rue Jean Girardot,"47,6780660","6,5065400",2,1,1,1965.0,3,1,-1,-1,A01,2,0,2,1,15,5,4,,-1.0,,2,2,0,1,1,2,0,1,50,child
202000014454,11,5,2020,0 days 16:55:00,1,70,70310,2,9,3,3,2 Rue Jean Girardot,"47,6780660","6,5065400",1,1,1,1967.0,3,1,-1,-1,A01,2,0,2,1,15,5,4,,-1.0,,2,2,0,1,1,2,0,1,50,adult
202000014454,11,5,2020,0 days 16:55:00,1,70,70310,2,9,3,3,2 Rue Jean Girardot,"47,6780660","6,5065400",1,3,1,1995.0,5,0,-1,-1,A01,2,0,2,1,15,5,4,,-1.0,,2,2,0,1,1,2,0,1,50,adult
202000014474,9,5,2020,0 days 19:30:00,1,75,75120,2,1,1,3,BOULEVARD DE CHARONNE,"48,8569920","2,3937260",1,4,2,1966.0,5,8,0,-1,A01,1,0,2,7,1,5,4,,0.0,,1,1,0,1,1,2,0,1,50,child
202000014474,9,5,2020,0 days 19:30:00,1,75,75120,2,1,1,3,BOULEVARD DE CHARONNE,"48,8569920","2,3937260",1,1,1,1994.0,5,1,0,-1,A01,1,0,2,7,1,5,4,,0.0,,1,1,0,1,1,2,0,1,50,adult
202000014480,9,5,2020,0 days 22:10:00,5,93,93063,2,1,2,1,AV PAUL VAILLANT COUTURIER,"48,8850900","2,4345300",1,4,1,1978.0,0,8,0,-1,B01,2,0,2,7,15,5,3,117,0.0,,2,2,0,1,1,2,9,1,50,child
202000014480,9,5,2020,0 days 22:10:00,5,93,93063,2,1,2,1,AV PAUL VAILLANT COUTURIER,"48,8850900","2,4345300",1,1,2,2000.0,0,1,0,-1,B01,2,0,2,7,15,5,3,117,0.0,,2,2,0,1,1,2,9,1,50,adult
202000014485,9,5,2020,0 days 13:50:00,1,35,35024,2,1,1,1,11 Rue de Rome,"48,1794262"," -1,6618252",1,1,2,1974.0,1,1,-1,-1,B01,3,0,2,1,5,5,4,,-1.0,,2,2,0,1,2,1,0,1,30,child
202000014485,9,5,2020,0 days 13:50:00,1,35,35024,2,1,1,1,11 Rue de Rome,"48,1794262"," -1,6618252",1,4,1,2010.0,5,2,-1,-1,B01,3,0,2,1,5,5,4,,-1.0,,2,2,0,1,2,1,0,1,30,adult
202000014487,10,5,2020,0 days 08:40:00,1,71,71158,2,1,1,3,Chemin du Colombier,"46,5596106","4,9970774",1,4,1,1961.0,3,0,-1,-1,B01,0,0,2,8,2,5,4,,0.0,,2,2,0,2,2,1,0,1,50,child
202000014487,10,5,2020,0 days 08:40:00,1,71,71158,2,1,1,3,Chemin du Colombier,"46,5596106","4,9970774",1,1,1,1989.0,1,8,-1,-1,B01,0,0,2,8,2,5,4,,0.0,,2,2,0,2,2,1,0,1,50,adult
202000014489,8,5,2020,0 days 18:57:00,1,12,12148,2,3,7,3,Chemin des Glandolières,"44,4804630","2,2248440",1,1,2,1961.0,3,1,-1,-1,B01,3,0,2,8,16,5,4,Chemin des Glandolières,-1.0,,2,2,0,2,3,1,0,1,50,child
202000014489,8,5,2020,0 days 18:57:00,1,12,12148,2,3,7,3,Chemin des Glandolières,"44,4804630","2,2248440",1,4,1,2008.0,5,2,-1,-1,B01,3,0,2,8,16,5,4,Chemin des Glandolières,-1.0,,2,2,0,2,3,1,0,1,50,adult
202000014558,6,5,2020,0 days 17:00:00,1,974,97407,2,6,1,3,14 JUILLET 1789(AVENUE DU)," -20,9325400","55,2947500",1,1,1,1978.0,0,1,0,-1,B01,3,0,2,1,1,5,4,14 JUILLET 1789(AVENUE DU),0.0,,-1,2,0,1,1,1,0,1,50,child
202000014558,6,5,2020,0 days 17:00:00,1,974,97407,2,6,1,3,14 JUILLET 1789(AVENUE DU)," -20,9325400","55,2947500",1,4,2,2006.0,5,8,8,-1,B01,3,0,2,1,1,5,4,14 JUILLET 1789(AVENUE DU),0.0,,-1,2,0,1,1,1,0,1,50,adult
202000014562,3,5,2020,0 days 17:00:00,1,69,69034,2,1,1,3,SOEUR VIALLY (DE LA)                (MO),"45,7866800","4,8451000",1,4,1,1975.0,5,8,0,-1,B01,2,0,2,1,1,5,4,SOEUR VIALLY (DE LA)                (MO),0.0,,2,2,0,2,3,1,0,1,50,child
202000014562,3,5,2020,0 days 17:00:00,1,69,69034,2,1,1,3,SOEUR VIALLY (DE LA)                (MO),"45,7866800","4,8451000",1,1,1,2001.0,1,1,0,-1,B01,2,0,2,1,1,5,4,SOEUR VIALLY (DE LA)                (MO),0.0,,2,2,0,2,3,1,0,1,50,adult
202000014573,6,5,2020,0 days 15:45:00,1,54,54580,2,1,1,2,RUE RAONI METUKTIRE,"49,4610700","5,9194500",1,1,1,1991.0,5,1,0,-1,B01,0,0,2,5,0,5,4,,0.0,,1,2,0,1,2,1,0,1,30,child
202000014573,6,5,2020,0 days 15:45:00,1,54,54580,2,1,1,2,RUE RAONI METUKTIRE,"49,4610700","5,9194500",1,3,1,2015.0,5,2,8,-1,B01,0,0,2,5,0,5,4,,0.0,,1,2,0,1,2,1,0,1,30,adult
202000014590,6,5,2020,0 days 08:50:00,1,94,94068,2,2,1,3,ALBERT 1ER (AV),"48,8029400","2,4854200",1,1,2,1959.0,0,1,0,-1,A01,2,0,2,7,1,5,4,ALBERT 1ER (AV),0.0,,2,2,0,1,1,1,0,1,30,child
202000014590,6,5,2020,0 days 08:50:00,1,94,94068,2,2,1,3,ALBERT 1ER (AV),"48,8029400","2,4854200",1,4,2,1999.0,1,8,0,-1,A01,2,0,2,7,1,5,4,ALBERT 1ER (AV),0.0,,2,2,0,1,1,1,0,1,30,adult
202000014593,6,5,2020,0 days 16:10:00,1,94,94021,2,1,1,3,PEPINIERE (SQ DE LA),"48,7677000","2,3662400",1,1,1,1951.0,0,8,0,-1,B01,2,0,2,1,1,5,5,PEPINIERE (SQ DE LA),0.0,,1,1,0,1,1,1,0,1,30,child
202000014593,6,5,2020,0 days 16:10:00,1,94,94021,2,1,1,3,PEPINIERE (SQ DE LA),"48,7677000","2,3662400",1,4,1,2011.0,5,8,8,-1,B01,2,0,2,1,1,5,5,PEPINIERE (SQ DE LA),0.0,,1,1,0,1,1,1,0,1,30,adult
202000014660,25,1,2020,0 days 10:50:00,1,75,75116,2,2,5,-1,RUE CHARDON LAGACHE,"48,8414290","2,2637880",3,4,1,1953.0,5,0,-1,-1,A01,1,0,2,0,1,5,4,,0.0,,1,3,0,1,1,1,0,1,50,child
202000014660,25,1,2020,0 days 10:50:00,1,75,75116,2,2,5,-1,RUE CHARDON LAGACHE,"48,8414290","2,2637880",1,1,1,1974.0,5,1,0,-1,A01,1,0,2,0,1,5,4,,0.0,,1,3,0,1,1,1,0,1,50,adult
202000014660,25,1,2020,0 days 10:50:00,1,75,75116,2,2,5,-1,RUE CHARDON LAGACHE,"48,8414290","2,2637880",1,1,1,1994.0,9,8,2,-1,A01,1,0,2,0,1,5,4,,0.0,,1,3,0,1,1,1,0,1,50,adult
202000014725,24,1,2020,0 days 15:00:00,1,972,97209,1,3,1,3,MOI LAMINAIRE (RUE),"14,6001500"," -61,0430100",1,1,1,1967.0,1,1,0,-1,B01,1,0,2,1,13,5,4,MOI LAMINAIRE (RUE),0.0,,2,2,0,2,1,1,0,1,30,child
202000014725,24,1,2020,0 days 15:00:00,1,972,97209,1,3,1,3,MOI LAMINAIRE (RUE),"14,6001500"," -61,0430100",1,3,1,2005.0,5,8,0,-1,B01,1,0,2,1,13,5,4,MOI LAMINAIRE (RUE),0.0,,2,2,0,2,1,1,0,1,30,adult
202000014739,22,1,2020,0 days 14:00:00,1,79,79191,2,3,1,3,18 Avenue Salvador Allende,"46,3268670"," -0,4880150",1,1,2,1935.0,5,1,8,-1,B01,2,0,2,7,1,5,4,,0.0,,2,2,0,2,1,1,0,1,50,child
202000014739,22,1,2020,0 days 14:00:00,1,79,79191,2,3,1,3,18 Avenue Salvador Allende,"46,3268670"," -0,4880150",1,4,2,1959.0,3,8,0,-1,B01,2,0,2,7,1,5,4,,0.0,,2,2,0,2,1,1,0,1,50,adult
202000014746,24,1,2020,0 days 07:40:00,2,67,67482,2,3,1,3,COLMAR (AVENUE DE),"48,5489852","7,7412657",1,1,1,1970.0,1,1,8,-1,B01,2,0,2,1,19,5,4,326,0.0,,3,8,2,1,1,1,0,1,50,child
202000014746,24,1,2020,0 days 07:40:00,2,67,67482,2,3,1,3,COLMAR (AVENUE DE),"48,5489852","7,7412657",1,4,1,1991.0,0,8,0,-1,B01,2,0,2,1,19,5,4,326,0.0,,3,8,2,1,1,1,0,1,50,adult
202000014747,20,1,2020,0 days 14:30:00,1,67,67482,2,3,1,3,RHIN (AVENUE DU),"48,5711580","7,7733900",1,4,2,1961.0,0,8,0,-1,B01,2,0,2,3,19,5,4,104,0.0,,1,2,0,1,1,1,0,1,50,child
202000014747,20,1,2020,0 days 14:30:00,1,67,67482,2,3,1,3,RHIN (AVENUE DU),"48,5711580","7,7733900",1,1,1,1985.0,5,1,8,-1,B01,2,0,2,3,19,5,4,104,0.0,,1,2,0,1,1,1,0,1,50,adult
202000014773,24,1,2020,0 days 12:20:00,1,35,35238,2,3,8,1,BERNANOS (PLACE GEORGES),"48,1233110"," -1,6599880",1,1,1,1935.0,5,1,0,-1,B01,2,0,2,1,1,0,4,BERNANOS (PLACE GEORGES),0.0,,2,2,0,2,1,1,5,1,50,child
202000014773,24,1,2020,0 days 12:20:00,1,35,35238,2,3,8,1,BERNANOS (PLACE GEORGES),"48,1233110"," -1,6599880",1,4,2,1994.0,4,8,0,-1,B01,2,0,2,1,1,0,4,BERNANOS (PLACE GEORGES),0.0,,2,2,0,2,1,1,5,1,50,adult
202000014786,12,1,2020,0 days 14:05:00,1,07,07231,2,3,1,1,Vieux Stade (Chemin du),"44,6028700","4,3822700",1,1,1,1973.0,5,1,0,-1,A01,2,0,2,1,16,5,4,Vieux Stade (Chemin du),0.0,,2,1,0,1,1,1,0,1,30,child
202000014786,12,1,2020,0 days 14:05:00,1,07,07231,2,3,1,1,Vieux Stade (Chemin du),"44,6028700","4,3822700",1,4,1,2005.0,5,2,0,-1,A01,2,0,2,1,16,5,4,Vieux Stade (Chemin du),0.0,,2,1,0,1,1,1,0,1,30,adult
202000014810,24,1,2020,0 days 15:35:00,1,75,75102,2,3,1,3,BOULEVARD POISSONNIERE,"48,8709323","2,3459297",1,4,1,1961.0,5,8,2,-1,B01,2,0,2,3,1,5,4,,0.0,,2,2,0,1,1,1,0,1,50,child
202000014810,24,1,2020,0 days 15:35:00,1,75,75102,2,3,1,3,BOULEVARD POISSONNIERE,"48,8709323","2,3459297",1,1,2,1992.0,1,1,0,-1,B01,2,0,2,3,1,5,4,,0.0,,2,2,0,1,1,1,0,1,50,adult
202000014812,24,1,2020,0 days 08:45:00,2,94,94043,2,2,8,3,FONTAINEBLEAU (AV DE),"48,8145500","2,3608700",1,1,1,1957.0,4,1,0,-1,B01,1,0,2,1,1,5,3,7,0.0,,3,6,3,1,1,1,0,1,50,child
202000014812,24,1,2020,0 days 08:45:00,2,94,94043,2,2,8,3,FONTAINEBLEAU (AV DE),"48,8145500","2,3608700",1,4,2,1988.0,1,2,8,-1,B01,1,0,2,1,1,5,3,7,0.0,,3,6,3,1,1,1,0,1,50,adult
202000014851,14,7,2020,0 days 13:45:00,1,33,33009,2,1,1,3,GAMBETTA (AVE) DU 01 AU 35,"44,6623500"," -1,1685400",1,1,2,1927.0,5,1,-1,-1,B01,2,0,2,8,1,5,4,GAMBETTA (AVE) DU 01 AU 35,0.0,,1,1,0,1,1,1,0,1,30,child
202000014851,14,7,2020,0 days 13:45:00,1,33,33009,2,1,1,3,GAMBETTA (AVE) DU 01 AU 35,"44,6623500"," -1,1685400",1,4,2,1987.0,5,8,-1,-1,B01,2,0,2,8,1,5,4,GAMBETTA (AVE) DU 01 AU 35,0.0,,1,1,0,1,1,1,0,1,30,adult
202000014857,15,7,2020,0 days 20:55:00,1,30,30189,2,1,1,1,THALES (RUE OU PLACE),"43,8307700","4,3320200",2,4,1,1985.0,9,1,0,-1,A01,2,0,2,1,13,5,4,THALES (RUE OU PLACE),0.0,,3,2,0,2,1,1,0,1,50,child
202000014857,15,7,2020,0 days 20:55:00,1,30,30189,2,1,1,1,THALES (RUE OU PLACE),"43,8307700","4,3320200",1,1,2,1986.0,9,1,8,-1,A01,2,0,2,1,13,5,4,THALES (RUE OU PLACE),0.0,,3,2,0,2,1,1,0,1,50,adult
202000014857,15,7,2020,0 days 20:55:00,1,30,30189,2,1,1,1,THALES (RUE OU PLACE),"43,8307700","4,3320200",1,3,1,2006.0,0,8,0,-1,A01,2,0,2,1,13,5,4,THALES (RUE OU PLACE),0.0,,3,2,0,2,1,1,0,1,50,adult
202000014857,15,7,2020,0 days 20:55:00,1,30,30189,2,1,1,1,THALES (RUE OU PLACE),"43,8307700","4,3320200",2,1,1,2007.0,0,1,0,-1,A01,2,0,2,1,13,5,4,THALES (RUE OU PLACE),0.0,,3,2,0,2,1,1,0,1,50,adult
202000014892,15,7,2020,0 days 09:07:00,1,75,75106,2,3,1,3,PLACE SAINT SULPICE,"48,8512590","2,3337920",1,1,1,1960.0,4,1,0,-1,B01,1,0,2,6,1,5,4,,0.0,,1,2,1,1,1,1,-1,5,30,child
202000014892,15,7,2020,0 days 09:07:00,1,75,75106,2,3,1,3,PLACE SAINT SULPICE,"48,8512590","2,3337920",1,4,1,1981.0,1,2,0,-1,B01,1,0,2,6,1,5,4,,0.0,,1,2,1,1,1,1,-1,5,30,adult
202000014900,28,2,2020,0 days 18:00:00,1,29,29124,2,1,8,1,Rue Francis Guezennec,"48,5774700"," -4,3122410",1,1,2,1968.0,1,1,-1,-1,B01,3,0,2,1,5,5,4,,0.0,,2,2,0,1,3,2,0,5,30,child
202000014900,28,2,2020,0 days 18:00:00,1,29,29124,2,1,8,1,Rue Francis Guezennec,"48,5774700"," -4,3122410",1,3,1,2007.0,5,0,-1,-1,B01,3,0,2,1,5,5,4,,0.0,,2,2,0,1,3,2,0,5,30,adult
202000014998,15,7,2020,0 days 17:35:00,1,72,72031,1,9,1,2,Aire d'acueil des gens du voyage - D33,"48,0686140","0,4892190",1,3,1,1960.0,5,2,-1,-1,B01,2,0,2,4,2,5,3,33,0.0,,2,2,0,1,2,1,0,1,80,child
202000014998,15,7,2020,0 days 17:35:00,1,72,72031,1,9,1,2,Aire d'acueil des gens du voyage - D33,"48,0686140","0,4892190",1,1,1,1982.0,1,1,-1,-1,B01,2,0,2,4,2,5,3,33,0.0,,2,2,0,1,2,1,0,1,80,adult
202000015078,13,7,2020,0 days 20:30:00,1,59,59599,2,3,1,3,POMPIDOU (AVENUE GEORGES),"50,7175300","3,1566500",1,1,1,1961.0,0,1,0,-1,B01,1,0,2,0,19,0,4,AVENUE GEORGES POMPIDOU ,0.0,,1,2,1,1,1,1,9,5,50,child
202000015078,13,7,2020,0 days 20:30:00,1,59,59599,2,3,1,3,POMPIDOU (AVENUE GEORGES),"50,7175300","3,1566500",1,4,1,1997.0,0,8,0,-1,B01,1,0,2,0,19,0,4,AVENUE GEORGES POMPIDOU ,0.0,,1,2,1,1,1,1,9,5,50,adult
202000015129,11,7,2020,0 days 22:20:00,4,92,92050,2,1,1,3,PAQUERETTES RUE DES,"48,9079600","2,2139400",1,1,2,1977.0,9,1,8,-1,B01,3,0,2,8,19,5,4,,0.0,,1,1,0,1,3,1,0,1,50,child
202000015129,11,7,2020,0 days 22:20:00,4,92,92050,2,1,1,3,PAQUERETTES RUE DES,"48,9079600","2,2139400",1,4,1,2007.0,9,8,0,-1,B01,3,0,2,8,19,5,4,,0.0,,1,1,0,1,3,1,0,1,50,adult
202000015176,14,7,2020,0 days 20:15:00,1,73,73312,2,2,1,3,Route des Collets,"45,6530220","6,3153680",1,1,1,1981.0,5,1,-1,-1,B01,3,0,2,1,19,5,4,,0.0,,2,2,0,2,1,1,0,1,30,child
202000015176,14,7,2020,0 days 20:15:00,1,73,73312,2,2,1,3,Route des Collets,"45,6530220","6,3153680",1,3,1,2009.0,5,2,-1,-1,B01,3,0,2,1,19,5,4,,0.0,,2,2,0,2,1,1,0,1,30,adult
202000015211,12,9,2020,0 days 17:20:00,1,78,78486,2,3,1,2,PERCHE AUX MARES (RUE DE LA),"48,6898900","1,8591000",1,2,1,1947.0,5,2,8,-1,B01,2,0,2,8,15,0,3,61,0.0,,2,2,0,2,1,1,0,1,50,child
202000015211,12,9,2020,0 days 17:20:00,1,78,78486,2,3,1,2,PERCHE AUX MARES (RUE DE LA),"48,6898900","1,8591000",1,1,1,1997.0,5,1,8,-1,B01,2,0,2,8,15,0,3,61,0.0,,2,2,0,2,1,1,0,1,50,adult
202000015216,12,9,2020,0 days 13:50:00,1,71,71270,2,1,1,3,Carrefour 1ère Armée-Route de Lyon,"46,2948409","4,8199119",1,1,1,1962.0,0,1,0,-1,B01,3,0,2,5,15,5,3,906,0.0,,1,2,0,1,2,1,0,1,30,child
202000015216,12,9,2020,0 days 13:50:00,1,71,71270,2,1,1,3,Carrefour 1ère Armée-Route de Lyon,"46,2948409","4,8199119",1,4,1,2005.0,5,2,6,-1,B01,3,0,2,5,15,5,3,906,0.0,,1,2,0,1,2,1,0,1,30,adult
202000015258,12,9,2020,0 days 21:20:00,5,75,75112,2,5,1,6,BOULEVARD DIDEROT,"48,8459030","2,3743470",3,4,1,1945.0,5,0,-1,-1,A01,2,0,1,1,1,5,4,,0.0,,1,3,2,1,1,1,-1,5,50,child
202000015258,12,9,2020,0 days 21:20:00,5,75,75112,2,5,1,6,BOULEVARD DIDEROT,"48,8459030","2,3743470",1,4,1,1986.0,5,2,0,-1,A01,2,0,1,1,1,5,4,,0.0,,1,3,2,1,1,1,-1,5,50,adult
202000015259,12,9,2020,0 days 14:30:00,1,75,75112,2,1,1,4,AVENUE DAUMESNIL,"48,8361270","2,4050560",1,4,1,1973.0,5,2,6,-1,C01,1,0,2,3,1,5,4,,0.0,,2,3,0,1,1,1,0,1,50,child
202000015259,12,9,2020,0 days 14:30:00,1,75,75112,2,1,1,4,AVENUE DAUMESNIL,"48,8361270","2,4050560",1,1,1,1988.0,5,1,0,-1,C01,1,0,2,3,1,5,4,,0.0,,2,3,0,1,1,1,0,1,50,adult
202000015259,12,9,2020,0 days 14:30:00,1,75,75112,2,1,1,4,AVENUE DAUMESNIL,"48,8361270","2,4050560",1,4,1,2000.0,4,8,0,-1,C01,1,0,2,3,1,5,4,,0.0,,2,3,0,1,1,1,0,1,50,adult
202000015259,12,9,2020,0 days 14:30:00,1,75,75112,2,1,1,4,AVENUE DAUMESNIL,"48,8361270","2,4050560",2,1,2,2017.0,5,3,0,-1,C01,1,0,2,3,1,5,4,,0.0,,2,3,0,1,1,1,0,1,50,adult