Num_Acc,jour,mois,an,hrmn,lum,dep,com,agg,int,atm,col,adr,lat,long,catu,grav,sexe,an_nais,trajet,secu1,secu2,secu3,num_veh_y,senc,obs,obsm,choc,manv,motor,catr,voie,v1,v2,circ,nbv,vosp,prof,plan,surf,infra,situ,vma,age
202000015277,12,9,2020,0 days 16:20:00,1,93,93047,2,1,1,3,HENRI BARBUSSE  (RUE),"48,9005621","2,5679710",1,1,1,1960.0,0,1,0,-1,B01,0,0,0,7,19,5,4,HENRI BARBUSSE  (RUE),0.0,,1,1,0,1,1,1,0,1,30,child
202000015277,12,9,2020,0 days 16:20:00,1,93,93047,2,1,1,3,HENRI BARBUSSE  (RUE),"48,9005621","2,5679710",2,4,1,2009.0,0,0,-1,-1,B01,0,0,0,7,19,5,4,HENRI BARBUSSE  (RUE),0.0,,1,1,0,1,1,1,0,1,30,adult
202000015293,9,9,2020,0 days 14:40:00,1,01,01399,2,1,1,-1,733 Route Blanche,"46,2960690","6,0757940",2,1,1,1971.0,4,0,-1,-1,A01,1,0,2,0,25,5,3,1005,-1.0,,2,2,0,1,1,1,0,1,50,child
202000015293,9,9,2020,0 days 14:40:00,1,01,01399,2,1,1,-1,733 Route Blanche,"46,2960690","6,0757940",1,1,1,1999.0,9,0,-1,-1,A01,1,0,2,0,25,5,3,1005,-1.0,,2,2,0,1,1,1,0,1,50,adult
202000015293,9,9,2020,0 days 14:40:00,1,01,01399,2,1,1,-1,733 Route Blanche,"46,2960690","6,0757940",1,4,1,2015.0,5,0,-1,-1,A01,1,0,2,0,25,5,3,1005,-1.0,,2,2,0,1,1,1,0,1,50,adult
202000015301,13,9,2020,0 days 11:45:00,1,57,57226,2,1,1,1,Rue de Verdun,"49,3567300","5,9974560",1,3,1,1961.0,5,2,9,-1,B01,0,0,2,1,1,5,3,59,0.0,A,2,2,0,2,1,1,0,1,50,child
202000015301,13,9,2020,0 days 11:45:00,1,57,57226,2,1,1,1,Rue de Verdun,"49,3567300","5,9974560",1,1,1,1982.0,5,1,-1,-1,B01,0,0,2,1,1,5,3,59,0.0,A,2,2,0,2,1,1,0,1,50,adult
202000015303,13,9,2020,0 days 09:15:00,1,74,74225,2,3,1,3,Boulevard Louis Dagand (Pont),"45,8668390","5,9388240",1,4,1,1949.0,5,2,-1,-1,B01,0,0,2,7,1,5,3,910,-1.0,,2,2,0,1,1,1,0,5,50,child
202000015303,13,9,2020,0 days 09:15:00,1,74,74225,2,3,1,3,Boulevard Louis Dagand (Pont),"45,8668390","5,9388240",1,1,1,1978.0,5,1,-1,-1,B01,0,0,2,7,1,5,3,910,-1.0,,2,2,0,1,1,1,0,5,50,adult
202000015417,14,6,2020,0 days 13:30:00,1,25,25056,2,2,1,3,MICHEL  AVENUE LOUISE,"47,2354300","6,0157800",1,1,1,1955.0,5,1,5,-1,A01,2,0,2,3,19,5,4,,0.0,,2,2,2,2,1,1,0,1,50,child
202000015417,14,6,2020,0 days 13:30:00,1,25,25056,2,2,1,3,MICHEL  AVENUE LOUISE,"47,2354300","6,0157800",1,3,1,1987.0,0,8,0,-1,A01,2,0,2,3,19,5,4,,0.0,,2,2,2,2,1,1,0,1,50,adult
202000015440,13,6,2020,0 days 19:10:00,1,92,92050,2,2,1,3,RENAN ERNEST RUE,"48,8930953","2,1871832",1,1,1,1982.0,1,1,0,-1,B01,3,0,2,2,19,5,3,986,0.0,,1,2,0,1,1,1,0,5,50,child
202000015440,13,6,2020,0 days 19:10:00,1,92,92050,2,2,1,3,RENAN ERNEST RUE,"48,8930953","2,1871832",1,4,2,2004.0,5,8,0,-1,B01,3,0,2,2,19,5,3,986,0.0,,1,2,0,1,1,1,0,5,50,adult
202000015461,15,6,2020,0 days 08:50:00,1,03,03036,2,3,1,3,Rue de la République,"46,5850252","3,0579949",1,4,1,1961.0,1,0,-1,-1,B01,3,0,2,1,0,5,4,rue de la République,0.0,,1,1,0,1,1,1,0,1,50,child
202000015461,15,6,2020,0 days 08:50:00,1,03,03036,2,3,1,3,Rue de la République,"46,5850252","3,0579949",1,1,1,1986.0,5,1,-1,-1,B01,3,0,2,1,0,5,4,rue de la République,0.0,,1,1,0,1,1,1,0,1,50,adult
202000015476,15,6,2020,0 days 09:55:00,1,69,69244,2,6,1,3,32 Avenue de la République,"45,7640593","4,7816672",1,3,2,1954.0,5,0,-1,-1,B01,1,0,2,1,1,5,9,,-1.0,,2,2,3,2,3,1,0,1,50,child
202000015476,15,6,2020,0 days 09:55:00,1,69,69244,2,6,1,3,32 Avenue de la République,"45,7640593","4,7816672",1,1,1,1996.0,4,0,-1,-1,B01,1,0,2,1,1,5,9,,-1.0,,2,2,3,2,3,1,0,1,50,adult
202000015489,14,6,2020,0 days 13:30:00,1,50,50611,1,1,1,1,chemin de gardier le vivier,"49,6642040"," -1,7524590",1,1,1,1976.0,5,1,-1,-1,B01,3,0,2,1,1,5,4,,-1.0,,2,2,0,2,2,1,0,1,80,child
202000015489,14,6,2020,0 days 13:30:00,1,50,50611,1,1,1,1,chemin de gardier le vivier,"49,6642040"," -1,7524590",1,3,1,1983.0,5,2,-1,-1,B01,3,0,2,1,1,5,4,,-1.0,,2,2,0,2,2,1,0,1,80,adult
202000015489,14,6,2020,0 days 13:30:00,1,50,50611,1,1,1,1,chemin de gardier le vivier,"49,6642040"," -1,7524590",2,1,2,2000.0,5,1,-1,-1,B01,3,0,2,1,1,5,4,,-1.0,,2,2,0,2,2,1,0,1,80,adult
202000015552,13,6,2020,0 days 11:00:00,1,94,94052,2,1,1,3,JOINVILLE (AV DE),"48,8313522","2,4691608",1,1,2,1953.0,9,1,0,-1,B01,1,0,2,1,26,5,3,86,0.0,,1,0,1,1,1,1,0,5,50,child
202000015552,13,6,2020,0 days 11:00:00,1,94,94052,2,1,1,3,JOINVILLE (AV DE),"48,8313522","2,4691608",1,4,1,1995.0,0,8,0,-1,B01,1,0,2,1,26,5,3,86,0.0,,1,0,1,1,1,1,0,5,50,adult
202000015562,13,6,2020,0 days 14:20:00,1,92,92050,2,1,8,2,CLEMENCEAU GEORGES AVENUE N°IMPAIR,"48,8868398","2,2033060",1,4,2,1962.0,5,8,0,-1,B01,1,1,0,2,21,5,3,913,0.0,,1,2,1,2,1,1,0,5,50,child
202000015562,13,6,2020,0 days 14:20:00,1,92,92050,2,1,8,2,CLEMENCEAU GEORGES AVENUE N°IMPAIR,"48,8868398","2,2033060",1,1,2,1996.0,5,8,0,-1,B01,1,1,0,2,21,5,3,913,0.0,,1,2,1,2,1,1,0,5,50,adult
202000015621,13,8,2020,0 days 17:30:00,1,69,69386,2,3,2,1,MARECHAL LYAUTEY (DU)               (PL),"45,7693000","4,8411000",1,1,1,1961.0,0,1,0,-1,A01,2,0,2,1,1,5,4,MARECHAL LYAUTEY (DU)               (PL),0.0,,1,2,0,2,2,2,0,1,50,child
202000015621,13,8,2020,0 days 17:30:00,1,69,69386,2,3,2,1,MARECHAL LYAUTEY (DU)               (PL),"45,7693000","4,8411000",1,4,1,1992.0,5,8,0,-1,A01,2,0,2,1,1,5,4,MARECHAL LYAUTEY (DU)               (PL),0.0,,1,2,0,2,2,2,0,1,50,adult
202000015639,12,8,2020,0 days 12:10:00,1,71,71076,2,1,1,3,LEDRU ROLLIN (RUE),"46,7855952","4,8366827",1,1,1,1968.0,1,1,0,-1,A01,1,0,2,0,0,0,4,,0.0,,2,0,0,1,1,1,0,1,50,child
202000015639,12,8,2020,0 days 12:10:00,1,71,71076,2,1,1,3,LEDRU ROLLIN (RUE),"46,7855952","4,8366827",1,4,2,1992.0,0,8,0,-1,A01,1,0,2,0,0,0,4,,0.0,,2,0,0,1,1,1,0,1,50,adult
202000015646,11,8,2020,0 days 08:20:00,1,62,62276,1,3,1,3,boulevard de l ouest,"50,5212720","2,8334050",1,3,1,1946.0,0,8,8,-1,B01,0,0,2,7,1,5,4,,0.0,,2,2,0,1,3,1,9,1,50,child
202000015646,11,8,2020,0 days 08:20:00,1,62,62276,1,3,1,3,boulevard de l ouest,"50,5212720","2,8334050",1,1,1,1980.0,4,1,0,-1,B01,0,0,2,7,1,5,4,,0.0,,2,2,0,1,3,1,9,1,50,adult
202000015666,11,8,2020,0 days 17:55:00,1,31,31149,2,1,1,1,ALLEE D'OCCITANIE,"43,6105350","1,3337150",1,1,2,1962.0,9,8,8,-1,B01,1,0,2,1,1,5,4,ALLEE D'OCCITANIE,0.0,,2,2,0,1,1,1,0,1,50,child
202000015666,11,8,2020,0 days 17:55:00,1,31,31149,2,1,1,1,ALLEE D'OCCITANIE,"43,6105350","1,3337150",1,4,1,2003.0,5,8,7,-1,B01,1,0,2,1,1,5,4,ALLEE D'OCCITANIE,0.0,,2,2,0,1,1,1,0,1,50,adult
202000015668,10,8,2020,0 days 22:05:00,1,22,22360,2,1,1,2,FONTENELLE (RUE DE LA),"48,4956400"," -2,7363900",1,1,1,1951.0,5,8,-1,-1,A01,1,0,2,4,15,5,4,FONTENELLE (RUE DE LA),0.0,,2,2,0,2,1,1,0,1,50,child
202000015668,10,8,2020,0 days 22:05:00,1,22,22360,2,1,1,2,FONTENELLE (RUE DE LA),"48,4956400"," -2,7363900",1,4,1,2004.0,1,8,0,-1,A01,1,0,2,4,15,5,4,FONTENELLE (RUE DE LA),0.0,,2,2,0,2,1,1,0,1,50,adult
202000015675,12,8,2020,0 days 18:33:00,1,75,75106,2,2,1,3,BOULEVARD RASPAIL,"48,8420790","2,3295440",1,2,1,1961.0,1,2,0,-1,A01,1,0,2,8,19,5,4,,0.0,,2,4,0,1,1,1,0,1,50,child
202000015675,12,8,2020,0 days 18:33:00,1,75,75106,2,2,1,3,BOULEVARD RASPAIL,"48,8420790","2,3295440",1,1,1,1999.0,9,1,0,-1,A01,1,0,2,8,19,5,4,,0.0,,2,4,0,1,1,1,0,1,50,adult
202000015677,12,8,2020,0 days 10:11:00,1,75,75116,2,1,1,6,AVENUE PAUL DOUMER,"48,8587060","2,2759250",3,4,2,1961.0,1,0,-1,-1,A01,1,0,1,1,25,5,4,,0.0,,2,4,0,1,1,1,0,4,50,child
202000015677,12,8,2020,0 days 10:11:00,1,75,75116,2,1,1,6,AVENUE PAUL DOUMER,"48,8587060","2,2759250",1,1,1,2005.0,3,2,0,-1,A01,1,0,1,1,25,5,4,,0.0,,2,4,0,1,1,1,0,4,50,adult
202000015692,12,8,2020,0 days 10:45:00,1,92,92004,2,1,1,3,VOLTAIRE ( BD 16 A FIN ),"48,9142100","2,2947900",1,1,1,1959.0,5,8,0,-1,B01,1,0,2,1,0,5,3,15,0.0,,2,2,0,1,1,1,0,1,50,child
202000015692,12,8,2020,0 days 10:45:00,1,92,92004,2,1,1,3,VOLTAIRE ( BD 16 A FIN ),"48,9142100","2,2947900",1,4,1,1989.0,1,2,0,-1,B01,1,0,2,1,0,5,3,15,0.0,,2,2,0,1,1,1,0,1,50,adult
202000015695,13,8,2020,0 days 08:56:00,1,40,40296,1,1,1,2,D152,"43,6874260"," -1,4255620",1,3,1,1942.0,5,0,-1,-1,B01,3,0,2,4,11,5,3,152,-1.0,E,2,2,1,1,1,1,0,1,90,child
202000015695,13,8,2020,0 days 08:56:00,1,40,40296,1,1,1,2,D152,"43,6874260"," -1,4255620",1,1,2,1985.0,1,1,-1,-1,B01,3,0,2,4,11,5,3,152,-1.0,E,2,2,1,1,1,1,0,1,90,adult
202000015741,12,8,2020,0 days 08:25:00,1,971,97128,1,1,1,1,Dupré,"16,2266810"," -61,3911560",1,1,1,1964.0,5,1,-1,-1,B01,2,0,2,1,0,0,3,105,-1.0,,2,2,0,4,3,1,0,1,90,child
202000015741,12,8,2020,0 days 08:25:00,1,971,97128,1,1,1,1,Dupré,"16,2266810"," -61,3911560",1,3,1,1993.0,5,2,-1,-1,B01,2,0,2,1,0,0,3,105,-1.0,,2,2,0,4,3,1,0,1,90,adult
202000015816,9,10,2020,0 days 06:48:00,1,973,97302,2,1,1,1,RABAN (ROUTE DE),"4,9341114"," -52,3137081",1,1,1,1961.0,1,2,8,-1,B01,0,0,2,1,5,0,4,RABAN (ROUTE DE),0.0,,2,2,0,1,1,1,0,3,50,child
202000015816,9,10,2020,0 days 06:48:00,1,973,97302,2,1,1,1,RABAN (ROUTE DE),"4,9341114"," -52,3137081",1,4,1,2007.0,0,8,0,-1,B01,0,0,2,1,5,0,4,RABAN (ROUTE DE),0.0,,2,2,0,1,1,1,0,3,50,adult
202000015843,8,10,2020,0 days 20:50:00,3,64,64483,2,3,1,2,ITHURRALDE ANDRE (AVENUE),"43,3931500"," -1,6517300",1,4,2,1936.0,0,2,0,-1,B01,2,0,2,4,2,5,3,810,0.0,,2,2,0,1,1,1,0,1,50,child
202000015843,8,10,2020,0 days 20:50:00,3,64,64483,2,3,1,2,ITHURRALDE ANDRE (AVENUE),"43,3931500"," -1,6517300",1,1,1,1977.0,0,2,0,-1,B01,2,0,2,4,2,5,3,810,0.0,,2,2,0,1,1,1,0,1,50,adult
202000015876,8,10,2020,0 days 12:25:00,1,28,28404,2,1,1,3,RD 828A,"48,7190500","1,3485700",1,4,2,1960.0,0,8,0,-1,B01,1,0,2,8,19,0,3,RD 828A,0.0,,1,1,0,1,3,1,0,1,90,child
202000015876,8,10,2020,0 days 12:25:00,1,28,28404,2,1,1,3,RD 828A,"48,7190500","1,3485700",1,1,2,1991.0,4,8,0,-1,B01,1,0,2,8,19,0,3,RD 828A,0.0,,1,1,0,1,3,1,0,1,90,adult
202000015882,9,10,2020,0 days 07:55:00,2,17,17300,2,2,1,1,LOTI   AVENUE PIERRE,"46,1622200"," -1,1762000",1,1,2,1967.0,1,1,0,-1,B01,2,0,2,8,1,5,4,LOTI   AVENUE PIERRE,0.0,,2,2,1,1,1,1,0,1,30,child
202000015882,9,10,2020,0 days 07:55:00,2,17,17300,2,2,1,1,LOTI   AVENUE PIERRE,"46,1622200"," -1,1762000",1,4,2,1990.0,1,8,0,-1,B01,2,0,2,8,1,5,4,LOTI   AVENUE PIERRE,0.0,,2,2,1,1,1,1,0,1,30,adult
202000015905,8,10,2020,0 days 16:12:00,1,75,75119,2,2,1,3,AVENUE SIMON BOLIVAR,"48,8784100","2,3742540",1,4,1,1952.0,5,2,6,-1,B01,1,0,2,2,1,5,4,,0.0,,1,2,0,1,1,1,0,1,30,child
202000015905,8,10,2020,0 days 16:12:00,1,75,75119,2,2,1,3,AVENUE SIMON BOLIVAR,"48,8784100","2,3742540",1,4,2,1979.0,1,8,0,-1,B01,1,0,2,2,1,5,4,,0.0,,1,2,0,1,1,1,0,1,30,adult
202000015909,8,10,2020,0 days 22:40:00,5,75,75115,2,2,1,3,RUE DES ENTREPRENEURS,"48,8456550","2,2879850",1,4,1,1956.0,9,1,0,-1,A01,1,0,2,4,1,5,4,,0.0,,2,2,0,1,1,1,0,1,50,child
202000015909,8,10,2020,0 days 22:40:00,5,75,75115,2,2,1,3,RUE DES ENTREPRENEURS,"48,8456550","2,2879850",1,4,1,1994.0,9,8,0,-1,A01,1,0,2,4,1,5,4,,0.0,,2,2,0,1,1,1,0,1,50,adult
202000015914,9,10,2020,0 days 10:45:00,1,75,75117,2,5,8,3,BOULEVARD BESSIERES,"48,8975040","2,3243100",2,4,1,1963.0,5,8,0,-1,A01,2,0,4,1,19,5,4,,0.0,,1,6,3,1,1,2,-1,6,30,child
202000015914,9,10,2020,0 days 10:45:00,1,75,75117,2,5,8,3,BOULEVARD BESSIERES,"48,8975040","2,3243100",1,1,1,1972.0,4,8,0,-1,A01,2,0,4,1,19,5,4,,0.0,,1,6,3,1,1,2,-1,6,30,adult
202000015914,9,10,2020,0 days 10:45:00,1,75,75117,2,5,8,3,BOULEVARD BESSIERES,"48,8975040","2,3243100",1,4,1,2005.0,5,8,0,-1,A01,2,0,4,1,19,5,4,,0.0,,1,6,3,1,1,2,-1,6,30,adult
202000015923,9,10,2020,0 days 08:56:00,1,93,93039,2,1,2,2,MARINE (QUAI DE LA ),"48,9451600","2,3324000",2,1,1,1964.0,4,1,8,-1,A01,1,0,2,1,2,5,4,MARINE (QUAI DE LA ),0.0,,2,2,0,1,1,2,0,1,50,child
202000015923,9,10,2020,0 days 08:56:00,1,93,93039,2,1,2,2,MARINE (QUAI DE LA ),"48,9451600","2,3324000",1,4,1,1989.0,9,8,0,-1,A01,1,0,2,1,2,5,4,MARINE (QUAI DE LA ),0.0,,2,2,0,1,1,2,0,1,50,adult
202000015923,9,10,2020,0 days 08:56:00,1,93,93039,2,1,2,2,MARINE (QUAI DE LA ),"48,9451600","2,3324000",1,1,2,1992.0,4,1,8,-1,A01,1,0,2,1,2,5,4,MARINE (QUAI DE LA ),0.0,,2,2,0,1,1,2,0,1,50,adult
202000015946,9,10,2020,0 days 18:00:00,1,56,56032,2,3,1,3,Rue du Clos Doris,"47,9568850"," -2,2978110",1,1,2,1964.0,1,1,-1,-1,A01,3,0,2,8,19,5,4,,-1.0,,2,2,0,1,1,1,0,1,50,child
202000015946,9,10,2020,0 days 18:00:00,1,56,56032,2,3,1,3,Rue du Clos Doris,"47,9568850"," -2,2978110",1,3,1,2011.0,5,2,-1,-1,A01,3,0,2,8,19,5,4,,-1.0,,2,2,0,1,1,1,0,1,50,adult
202000015975,3,9,2020,0 days 18:50:00,1,33,33056,2,2,1,3,3 Avenue du Général de Gaulle,"44,9091740"," -0,6385320",1,3,1,1954.0,5,2,-1,-1,B01,1,0,2,8,16,5,4,Avenue du Général de Gaulle,0.0,,2,4,2,1,1,1,0,1,30,child
202000015975,3,9,2020,0 days 18:50:00,1,33,33056,2,2,1,3,3 Avenue du Général de Gaulle,"44,9091740"," -0,6385320",1,1,1,1986.0,1,1,-1,-1,B01,1,0,2,8,16,5,4,Avenue du Général de Gaulle,0.0,,2,4,2,1,1,1,0,1,30,adult
202000015994,24,10,2020,0 days 21:10:00,5,59,59350,2,3,1,-1,REPUBLIQUE PLACE DE LA,"50,6317200","3,0615700",1,1,1,1964.0,1,8,0,-1,B01,2,0,2,1,1,0,4,REPUBLIQUE PLACE DE LA,0.0,,2,2,1,1,1,1,0,1,50,child
202000015994,24,10,2020,0 days 21:10:00,5,59,59350,2,3,1,-1,REPUBLIQUE PLACE DE LA,"50,6317200","3,0615700",1,4,1,1985.0,4,8,0,-1,B01,2,0,2,1,1,0,4,REPUBLIQUE PLACE DE LA,0.0,,2,2,1,1,1,1,0,1,50,adult
202000015995,27,7,2020,0 days 22:55:00,5,94,94079,2,1,1,3,GENERAL DE GAULLE (R DU),"48,8267200","2,5402200",1,4,1,1967.0,3,8,0,-1,A01,3,0,2,1,13,5,4,GENERAL DE GAULLE (R DU),0.0,,-1,0,0,1,1,1,9,1,50,child
202000015995,27,7,2020,0 days 22:55:00,5,94,94079,2,1,1,3,GENERAL DE GAULLE (R DU),"48,8267200","2,5402200",1,1,2,2001.0,5,1,8,-1,A01,3,0,2,1,13,5,4,GENERAL DE GAULLE (R DU),0.0,,-1,0,0,1,1,1,9,1,50,adult
202000015995,27,7,2020,0 days 22:55:00,5,94,94079,2,1,1,3,GENERAL DE GAULLE (R DU),"48,8267200","2,5402200",2,1,1,2003.0,5,1,0,-1,A01,3,0,2,1,13,5,4,GENERAL DE GAULLE (R DU),0.0,,-1,0,0,1,1,1,9,1,50,adult
202000016099,23,12,2020,0 days 12:50:00,1,52,52058,2,3,1,3,Rue de la Scierie,"48,1994640","5,1366930",1,3,1,1953.0,5,2,-1,-1,B01,1,0,2,1,1,5,4,,-1.0,,2,2,0,1,1,1,0,1,50,child
202000016099,23,12,2020,0 days 12:50:00,1,52,52058,2,3,1,3,Rue de la Scierie,"48,1994640","5,1366930",1,1,1,1986.0,1,1,-1,-1,B01,1,0,2,1,1,5,4,,-1.0,,2,2,0,1,1,1,0,1,50,adult
202000016223,12,11,2020,0 days 16:07:00,1,37,37261,2,3,1,-1,HALLEBARDIER (RUE DU),"47,3811636","0,6937640",1,1,2,1974.0,0,1,0,-1,B01,1,0,2,1,1,5,4,,0.0,,2,2,1,1,1,1,0,1,30,child
202000016223,12,11,2020,0 days 16:07:00,1,37,37261,2,3,1,-1,HALLEBARDIER (RUE DU),"47,3811636","0,6937640",1,4,1,1996.0,3,2,0,-1,B01,1,0,2,1,1,5,4,,0.0,,2,2,1,1,1,1,0,1,30,adult
202000016238,17,11,2020,0 days 10:00:00,1,75,75116,2,7,1,6,AVENUE DE NEW YORK,"48,8641000","2,3009540",3,4,1,1966.0,9,0,-1,-1,A01,3,0,1,1,25,5,4,,0.0,,1,0,0,2,1,1,0,4,50,child
202000016238,17,11,2020,0 days 10:00:00,1,75,75116,2,7,1,6,AVENUE DE NEW YORK,"48,8641000","2,3009540",1,1,1,1987.0,5,8,0,-1,A01,3,0,1,1,25,5,4,,0.0,,1,0,0,2,1,1,0,4,50,adult
202000016240,17,11,2020,0 days 17:50:00,5,75,75101,2,2,1,1,RUE DE RIVOLI,"48,8663950","2,3234670",1,3,1,1972.0,1,2,6,-1,B01,3,0,2,1,1,5,4,,0.0,,-1,0,1,1,1,1,-1,5,50,child
202000016240,17,11,2020,0 days 17:50:00,5,75,75101,2,2,1,1,RUE DE RIVOLI,"48,8663950","2,3234670",1,1,1,1999.0,1,8,0,-1,B01,3,0,2,1,1,5,4,,0.0,,-1,0,1,1,1,1,-1,5,50,adult
202000016254,16,11,2020,0 days 08:44:00,1,92,92032,2,3,8,3,Avenue Paul Langevin,"48,7832337","2,2866834",1,1,1,1969.0,4,8,0,-1,B01,1,0,2,0,0,0,3,75,0.0,,2,2,2,1,4,2,5,8,30,child
202000016254,16,11,2020,0 days 08:44:00,1,92,92032,2,3,8,3,Avenue Paul Langevin,"48,7832337","2,2866834",1,3,2,1989.0,2,2,0,-1,B01,1,0,2,0,0,0,3,75,0.0,,2,2,2,1,4,2,5,8,30,adult
202000016254,16,11,2020,0 days 08:44:00,1,92,92032,2,3,8,3,Avenue Paul Langevin,"48,7832337","2,2866834",2,4,2,2016.0,2,3,0,-1,B01,1,0,2,0,0,0,3,75,0.0,,2,2,2,1,4,2,5,8,30,adult
202000016317,13,11,2020,0 days 17:41:00,4,67,67482,2,3,1,3,ROBERTSAU (ALLEE DE LA),"48,5863600","7,7632300",1,1,1,1973.0,1,1,8,-1,B01,2,0,2,1,1,5,4,,0.0,,3,2,1,1,1,1,0,5,50,child
202000016317,13,11,2020,0 days 17:41:00,4,67,67482,2,3,1,3,ROBERTSAU (ALLEE DE LA),"48,5863600","7,7632300",1,3,1,2000.0,1,8,0,-1,B01,2,0,2,1,1,5,4,,0.0,,3,2,1,1,1,1,0,5,50,adult
202000016330,12,11,2020,0 days 15:58:00,1,49,49007,2,1,1,-1,ROI RENE BOULEVARD,"47,4668500"," -0,5542200",1,4,1,1956.0,1,8,0,-1,A01,1,0,9,7,1,5,4,,0.0,,1,2,2,1,1,1,0,5,50,child
202000016330,12,11,2020,0 days 15:58:00,1,49,49007,2,1,1,-1,ROI RENE BOULEVARD,"47,4668500"," -0,5542200",1,1,1,1987.0,1,8,0,-1,A01,1,0,9,7,1,5,4,,0.0,,1,2,2,1,1,1,0,5,50,adult
202000016339,13,11,2020,0 days 16:49:00,1,31,31555,2,1,1,3,BD DE LA GARE,"43,6064400","1,4565100",1,4,2,1976.0,1,2,0,-1,B01,0,0,2,1,1,0,4,BD DE LA GARE,0.0,,1,2,0,1,1,1,0,1,50,child
202000016339,13,11,2020,0 days 16:49:00,1,31,31555,2,1,1,3,BD DE LA GARE,"43,6064400","1,4565100",1,1,1,1999.0,0,1,0,-1,B01,0,0,2,1,1,0,4,BD DE LA GARE,0.0,,1,2,0,1,1,1,0,1,50,adult
202000016353,16,11,2020,0 days 17:55:00,5,75,75113,2,3,1,3,BOULEVARD KELLERMANN,"48,8209860","2,3506300",1,1,1,1965.0,9,1,0,-1,B01,1,0,2,1,1,5,4,,0.0,,2,4,1,2,1,1,-1,5,50,child
202000016353,16,11,2020,0 days 17:55:00,5,75,75113,2,3,1,3,BOULEVARD KELLERMANN,"48,8209860","2,3506300",1,4,2,1991.0,9,2,0,-1,B01,1,0,2,1,1,5,4,,0.0,,2,4,1,2,1,1,-1,5,50,adult
202000016420,4,5,2020,0 days 18:00:00,1,57,57283,2,1,1,3,AVENUE DE FRANCE,"49,2507200","6,1611800",1,4,1,1947.0,5,2,6,-1,B01,1,0,2,7,17,0,4,AVENUE DE FRANCE,0.0,,3,0,0,2,1,1,0,1,50,child
202000016420,4,5,2020,0 days 18:00:00,1,57,57283,2,1,1,3,AVENUE DE FRANCE,"49,2507200","6,1611800",1,1,1,1974.0,3,1,0,-1,B01,1,0,2,7,17,0,4,AVENUE DE FRANCE,0.0,,3,0,0,2,1,1,0,1,50,adult
202000016437,5,5,2020,0 days 09:10:00,1,75,75107,2,3,2,3,QUAI D ORSAY,"48,8628190","2,3134610",1,1,1,1967.0,1,1,0,-1,A01,1,0,2,1,15,5,4,,0.0,,2,4,0,1,1,2,0,1,50,child
202000016437,5,5,2020,0 days 09:10:00,1,75,75107,2,3,2,3,QUAI D ORSAY,"48,8628190","2,3134610",1,4,1,1994.0,5,2,0,-1,A01,1,0,2,1,15,5,4,,0.0,,2,4,0,1,1,2,0,1,50,adult
202000016467,6,5,2020,0 days 11:40:00,1,21,21435,1,1,1,2,D971,"47,8826200","4,5640790",1,1,1,1925.0,3,1,-1,-1,B01,2,0,2,7,15,5,3,971,0.0,,2,2,0,2,1,1,0,1,90,child
202000016467,6,5,2020,0 days 11:40:00,1,21,21435,1,1,1,2,D971,"47,8826200","4,5640790",1,3,1,1991.0,3,0,-1,-1,B01,2,0,2,7,15,5,3,971,0.0,,2,2,0,2,1,1,0,1,90,adult
202000016487,25,2,2020,0 days 17:45:00,1,66,66136,2,1,1,-1,POINCARE (BOULEVARD HENRI),"42,6913200","2,8962600",1,1,2,1945.0,0,1,8,-1,B01,1,0,2,7,19,5,4,POINCARE (BOULEVARD HENRI),0.0,,2,1,0,1,1,1,0,1,50,child
202000016487,25,2,2020,0 days 17:45:00,1,66,66136,2,1,1,-1,POINCARE (BOULEVARD HENRI),"42,6913200","2,8962600",1,4,1,1975.0,9,8,0,-1,B01,1,0,2,7,19,5,4,POINCARE (BOULEVARD HENRI),0.0,,2,1,0,1,1,1,0,1,50,adult
202000016554,4,5,2020,0 days 18:20:00,1,74,74131,2,1,7,1,980 Route de Moisy,"46,0225840","5,9252540",1,1,2,1969.0,1,1,-1,-1,B01,2,0,2,1,1,5,4,,0.0,,2,2,0,2,3,1,0,1,50,child
202000016554,4,5,2020,0 days 18:20:00,1,74,74131,2,1,7,1,980 Route de Moisy,"46,0225840","5,9252540",1,4,1,2010.0,5,0,-1,-1,B01,2,0,2,1,1,5,4,,0.0,,2,2,0,2,3,1,0,1,50,adult
202000016580,22,1,2020,0 days 08:00:00,2,44,44183,1,2,8,3,Route de la Turballe / Route de la Bastille,"47,3875930"," -2,4355850",1,4,1,1952.0,5,2,-1,-1,A01,2,0,2,8,1,0,3,33,0.0,,2,2,0,1,1,1,5,1,80,child
202000016580,22,1,2020,0 days 08:00:00,2,44,44183,1,2,8,3,Route de la Turballe / Route de la Bastille,"47,3875930"," -2,4355850",1,1,1,1981.0,1,1,-1,-1,A01,2,0,2,8,1,0,3,33,0.0,,2,2,0,1,1,1,5,1,80,adult
202000016626,22,1,2020,0 days 10:10:00,1,86,86194,2,1,1,3,Avenue John Kennedy,"46,5738200","0,3709700",1,1,2,1974.0,9,1,0,-1,A01,1,0,2,4,15,5,3,162,0.0,,3,4,-1,1,1,1,0,1,50,child
202000016626,22,1,2020,0 days 10:10:00,1,86,86194,2,1,1,3,Avenue John Kennedy,"46,5738200","0,3709700",1,4,1,1999.0,2,2,8,-1,A01,1,0,2,4,15,5,3,162,0.0,,3,4,-1,1,1,1,0,1,50,adult
202000016646,22,1,2020,0 days 18:24:00,5,49,49007,2,1,1,3,TREILLE,"47,4619600"," -0,5291200",1,4,2,1970.0,5,2,-1,-1,B01,1,0,2,1,0,5,4,TREILLE,0.0,,2,2,0,1,1,1,0,1,60,child