Num_Acc,jour,mois,an,hrmn,lum,dep,com,agg,int,atm,col,adr,lat,long,catu,grav,sexe,an_nais,trajet,secu1,secu2,secu3,num_veh_y,senc,obs,obsm,choc,manv,motor,catr,voie,v1,v2,circ,nbv,vosp,prof,plan,surf,infra,situ,vma,age
202000018055,18,12,2020,0 days 17:35:00,5,31,31555,2,1,1,3,NETWILLER (BOULEVARD ANDRE),"43,6421500","1,4664300",1,4,2,1983.0,0,8,0,-1,B01,0,0,2,1,25,5,4,NETWILLER (BOULEVARD ANDRE),0.0,,2,2,0,1,1,1,0,1,50,adult
202000018055,18,12,2020,0 days 17:35:00,5,31,31555,2,1,1,3,NETWILLER (BOULEVARD ANDRE),"43,6421500","1,4664300",2,1,1,2004.0,9,1,0,-1,B01,0,0,2,1,25,5,4,NETWILLER (BOULEVARD ANDRE),0.0,,2,2,0,1,1,1,0,1,50,adult
202000018073,19,12,2020,0 days 11:55:00,1,05,05061,2,3,2,3,PRE DE FOIRE ( RUE DU ),"44,5549600","6,0746100",1,1,1,1966.0,5,1,0,-1,B01,2,0,2,1,19,5,2,CONTRE ALLEE ALBERT LATY,0.0,,2,1,1,1,1,2,0,1,50,child
202000018073,19,12,2020,0 days 11:55:00,1,05,05061,2,3,2,3,PRE DE FOIRE ( RUE DU ),"44,5549600","6,0746100",1,4,1,1988.0,5,2,8,-1,B01,2,0,2,1,19,5,2,CONTRE ALLEE ALBERT LATY,0.0,,2,1,1,1,1,2,0,1,50,adult
202000018130,15,11,2020,0 days 11:50:00,1,69,69383,2,1,1,6,PAUL BERT                           (R ),"45,7567641","4,8667030",3,4,2,1960.0,9,0,-1,-1,A01,1,0,1,1,1,5,4,,0.0,,1,1,0,2,1,1,0,1,50,child
202000018130,15,11,2020,0 days 11:50:00,1,69,69383,2,1,1,6,PAUL BERT                           (R ),"45,7567641","4,8667030",1,4,1,1987.0,4,2,0,-1,A01,1,0,1,1,1,5,4,,0.0,,1,1,0,2,1,1,0,1,50,adult
202000018148,15,11,2020,0 days 20:00:00,5,06,06088,2,1,8,2,JOLY (CORNICHE ANDRE DE),"43,7004700","7,2941700",1,4,1,1950.0,5,2,6,-1,B01,1,6,0,4,1,0,7,JOLY (CORNICHE ANDRE DE),0.0,,2,2,2,2,1,1,0,5,50,child
202000018148,15,11,2020,0 days 20:00:00,5,06,06088,2,1,8,2,JOLY (CORNICHE ANDRE DE),"43,7004700","7,2941700",1,4,1,1992.0,5,2,8,-1,B01,1,6,0,4,1,0,7,JOLY (CORNICHE ANDRE DE),0.0,,2,2,2,2,1,1,0,5,50,adult
202000018184,15,11,2020,0 days 13:30:00,1,976,97608,2,1,1,-1,Boulevard des Amoureux," -12,7858290","45,2792720",1,1,1,1959.0,5,8,-1,-1,B01,2,3,0,0,2,5,3,15,-1.0,D,2,2,0,1,1,1,0,4,30,child
202000018184,15,11,2020,0 days 13:30:00,1,976,97608,2,1,1,-1,Boulevard des Amoureux," -12,7858290","45,2792720",2,1,2,1974.0,5,8,-1,-1,B01,2,3,0,0,2,5,3,15,-1.0,D,2,2,0,1,1,1,0,4,30,adult
202000018184,15,11,2020,0 days 13:30:00,1,976,97608,2,1,1,-1,Boulevard des Amoureux," -12,7858290","45,2792720",1,3,1,2007.0,5,0,-1,-1,B01,2,3,0,0,2,5,3,15,-1.0,D,2,2,0,1,1,1,0,4,30,adult
202000018195,16,11,2020,0 days 07:42:00,1,38,38565,2,1,1,3,Avenue de Juin 1940,"45,3027300","5,6263700",1,3,1,1969.0,1,2,4,9,B01,1,0,0,7,19,5,3,1075,0.0,,3,4,0,1,1,1,0,1,70,child
202000018195,16,11,2020,0 days 07:42:00,1,38,38565,2,1,1,3,Avenue de Juin 1940,"45,3027300","5,6263700",1,1,1,2001.0,1,1,-1,-1,B01,1,0,0,7,19,5,3,1075,0.0,,3,4,0,1,1,1,0,1,70,adult
202000018215,13,11,2020,0 days 09:30:00,1,69,69034,2,3,1,3,FRANCOIS PEISSEL                    (R ),"45,7932894","4,8391583",1,4,1,1945.0,3,2,0,-1,Y01,0,0,2,7,1,0,4,,0.0,,-1,0,0,1,1,1,0,1,50,child
202000018215,13,11,2020,0 days 09:30:00,1,69,69034,2,3,1,3,FRANCOIS PEISSEL                    (R ),"45,7932894","4,8391583",1,1,2,1987.0,4,1,0,-1,Y01,0,0,2,7,1,0,4,,0.0,,-1,0,0,1,1,1,0,1,50,adult
202000018240,14,11,2020,0 days 19:00:00,5,75,75105,2,1,1,3,RUE DAUBENTON,"48,8414960","2,3553170",1,4,1,1977.0,9,2,6,-1,B01,1,0,2,8,1,5,4,,0.0,,2,2,0,1,1,1,0,1,50,child
202000018240,14,11,2020,0 days 19:00:00,5,75,75105,2,1,1,3,RUE DAUBENTON,"48,8414960","2,3553170",1,1,1,2001.0,9,8,0,-1,B01,1,0,2,8,1,5,4,,0.0,,2,2,0,1,1,1,0,1,50,adult
202000018287,3,5,2020,0 days 19:15:00,1,13,13038,2,1,1,1,Rue Léo Lelée,"43,7257550","4,7043070",1,1,1,1961.0,5,1,-1,-1,B01,2,0,1,6,1,0,4,,-1.0,,2,2,0,1,1,1,0,1,50,child
202000018287,3,5,2020,0 days 19:15:00,1,13,13038,2,1,1,1,Rue Léo Lelée,"43,7257550","4,7043070",3,3,1,1991.0,5,0,-1,-1,B01,2,0,1,6,1,0,4,,-1.0,,2,2,0,1,1,1,0,1,50,adult
202000018287,3,5,2020,0 days 19:15:00,1,13,13038,2,1,1,1,Rue Léo Lelée,"43,7257550","4,7043070",1,4,1,2017.0,5,0,-1,-1,B01,2,0,1,6,1,0,4,,-1.0,,2,2,0,1,1,1,0,1,50,adult
202000018307,2,5,2020,0 days 08:05:00,1,92,92044,2,2,1,3,VIC. HUGO(RUE)069A075 ET 080A088,"48,8955100","2,2968600",1,1,1,1962.0,0,1,0,-1,A01,1,0,2,1,1,5,3,909,0.0,,2,1,3,1,1,1,0,1,50,child
202000018307,2,5,2020,0 days 08:05:00,1,92,92044,2,2,1,3,VIC. HUGO(RUE)069A075 ET 080A088,"48,8955100","2,2968600",1,4,1,1983.0,1,2,0,-1,A01,1,0,2,1,1,5,3,909,0.0,,2,1,3,1,1,1,0,1,50,adult
202000018452,30,4,2020,0 days 12:50:00,1,60,60139,2,2,1,1,378 Avenue de Verdun,"49,1690073","2,2446866",1,4,1,1959.0,3,0,-1,-1,B01,2,0,2,1,0,5,3,924,0.0,,2,2,0,1,1,1,0,1,50,child
202000018452,30,4,2020,0 days 12:50:00,1,60,60139,2,2,1,1,378 Avenue de Verdun,"49,1690073","2,2446866",1,1,1,1991.0,4,1,-1,-1,B01,2,0,2,1,0,5,3,924,0.0,,2,2,0,1,1,1,0,1,50,adult
202000018561,22,1,2020,0 days 15:25:00,1,10,10387,2,1,1,3,EMILE ZOLA (RUE),"48,2963450","4,0745630",1,1,1,1960.0,0,1,8,-1,A01,3,0,2,1,21,5,4,EMILE ZOLA (RUE),0.0,,1,1,0,1,1,1,0,1,30,child
202000018561,22,1,2020,0 days 15:25:00,1,10,10387,2,1,1,3,EMILE ZOLA (RUE),"48,2963450","4,0745630",1,4,1,1993.0,0,8,0,-1,A01,3,0,2,1,21,5,4,EMILE ZOLA (RUE),0.0,,1,1,0,1,1,1,0,1,30,adult
202000018576,21,1,2020,0 days 22:35:00,5,75,75117,2,2,1,3,RUE DE COURCELLES,"48,8815630","2,3007080",1,4,1,1963.0,9,2,6,-1,A01,2,0,2,8,19,5,4,RUE DE COURCELLES,0.0,,2,4,-1,1,1,1,0,1,50,child
202000018576,21,1,2020,0 days 22:35:00,5,75,75117,2,2,1,3,RUE DE COURCELLES,"48,8815630","2,3007080",1,4,1,1990.0,5,8,2,-1,A01,2,0,2,8,19,5,4,RUE DE COURCELLES,0.0,,2,4,-1,1,1,1,0,1,50,adult
202000018646,21,1,2020,0 days 13:50:00,1,69,69259,2,2,1,1,FRANCIS DE PRESSENSE                (AV),"45,7267133","4,8624480",1,1,2,1976.0,0,1,-1,-1,B01,3,0,2,1,0,0,4,FRANCIS DE PRESSENSE                (AV),0.0,,3,2,0,1,1,1,0,6,50,child
202000018646,21,1,2020,0 days 13:50:00,1,69,69259,2,2,1,1,FRANCIS DE PRESSENSE                (AV),"45,7267133","4,8624480",1,4,1,2008.0,0,0,-1,-1,B01,3,0,2,1,0,0,4,FRANCIS DE PRESSENSE                (AV),0.0,,3,2,0,1,1,1,0,6,50,adult
202000018685,13,7,2020,0 days 15:45:00,1,85,85226,2,1,7,3,Avenue de la Rousselotiere,"46,7232100"," -1,9485520",1,4,1,1971.0,5,0,-1,-1,B01,0,0,2,8,19,5,4,,-1.0,,2,2,0,1,1,1,6,8,50,child
202000018685,13,7,2020,0 days 15:45:00,1,85,85226,2,1,7,3,Avenue de la Rousselotiere,"46,7232100"," -1,9485520",1,1,1,1997.0,0,2,6,-1,B01,0,0,2,8,19,5,4,,-1.0,,2,2,0,1,1,1,6,8,50,adult
202000018745,12,7,2020,0 days 01:55:00,5,75,75113,2,1,1,3,AVENUE DES GOBELINS,"48,8352440","2,3529370",1,1,1,1977.0,1,2,6,-1,B01,2,0,2,8,9,5,4,,0.0,,2,4,0,2,1,1,0,1,50,child
202000018745,12,7,2020,0 days 01:55:00,5,75,75113,2,1,1,3,AVENUE DES GOBELINS,"48,8352440","2,3529370",1,4,1,2002.0,5,2,0,-1,B01,2,0,2,8,9,5,4,,0.0,,2,4,0,2,1,1,0,1,50,adult
202000018755,12,7,2020,0 days 11:20:00,1,94,94038,2,2,1,3,MARGUERITES (R DES),"48,7774320","2,3511080",1,1,1,1934.0,1,1,8,-1,B01,3,0,2,1,16,5,4,DAHLIAS (AV DES),0.0,,-1,1,0,1,1,1,0,1,50,child
202000018755,12,7,2020,0 days 11:20:00,1,94,94038,2,2,1,3,MARGUERITES (R DES),"48,7774320","2,3511080",1,4,1,1969.0,0,2,0,-1,B01,3,0,2,1,16,5,4,DAHLIAS (AV DES),0.0,,-1,1,0,1,1,1,0,1,50,adult
202000018775,12,7,2020,0 days 11:20:00,1,83,83031,1,1,1,3,"RD558, PR 2+300","43,3796320","6,3619210",1,3,1,1961.0,5,2,4,-1,B01,1,0,2,3,21,5,3,558,-1.0,,2,2,0,1,1,1,0,1,80,child
202000018775,12,7,2020,0 days 11:20:00,1,83,83031,1,1,1,3,"RD558, PR 2+300","43,3796320","6,3619210",1,1,1,2001.0,5,8,-1,-1,B01,1,0,2,3,21,5,3,558,-1.0,,2,2,0,1,1,1,0,1,80,adult
202000018791,12,7,2020,0 days 19:25:00,1,29,29225,1,1,1,6,D40 - Route de Penhors,"47,9383950"," -4,3998370",1,3,1,1959.0,5,2,-1,-1,A01,1,0,1,7,1,5,3,40,-1.0,,2,2,0,1,1,1,-1,1,30,child
202000018791,12,7,2020,0 days 19:25:00,1,29,29225,1,1,1,6,D40 - Route de Penhors,"47,9383950"," -4,3998370",3,1,1,2016.0,5,0,-1,-1,A01,1,0,1,7,1,5,3,40,-1.0,,2,2,0,1,1,1,-1,1,30,adult
202000018796,12,7,2020,0 days 08:30:00,1,18,18231,1,1,7,5,D951,"46,7312790","2,6244130",1,4,1,1939.0,5,2,-1,-1,C01,1,0,2,0,2,5,3,951,-1.0,,2,2,0,1,1,1,0,1,80,child
202000018796,12,7,2020,0 days 08:30:00,1,18,18231,1,1,7,5,D951,"46,7312790","2,6244130",1,1,1,1995.0,1,8,-1,-1,C01,1,0,2,0,2,5,3,951,-1.0,,2,2,0,1,1,1,0,1,80,adult
202000018922,22,2,2020,0 days 09:00:00,1,83,83069,2,6,1,3,APPEL DU 18 JUIN ( RD POINT DE L'),"43,1065000","6,1285000",1,3,1,1945.0,5,2,6,-1,A01,1,0,2,1,1,5,3,559,0.0,,1,1,0,1,2,1,9,1,50,child
202000018922,22,2,2020,0 days 09:00:00,1,83,83069,2,6,1,3,APPEL DU 18 JUIN ( RD POINT DE L'),"43,1065000","6,1285000",1,1,1,1973.0,9,1,0,-1,A01,1,0,2,1,1,5,3,559,0.0,,1,1,0,1,2,1,9,1,50,adult
202000018941,22,2,2020,0 days 10:15:00,1,25,25204,1,6,1,3,R-N 57. giratoire des 4 chemins,"46,9245100","6,3368100",1,3,1,1938.0,0,2,0,-1,B01,1,0,2,0,0,5,2,R-N 57.,0.0,,1,2,0,1,2,1,5,1,80,child
202000018941,22,2,2020,0 days 10:15:00,1,25,25204,1,6,1,3,R-N 57. giratoire des 4 chemins,"46,9245100","6,3368100",1,1,2,1978.0,5,1,0,-1,B01,1,0,2,0,0,5,2,R-N 57.,0.0,,1,2,0,1,2,1,5,1,80,adult
202000018941,22,2,2020,0 days 10:15:00,1,25,25204,1,6,1,3,R-N 57. giratoire des 4 chemins,"46,9245100","6,3368100",2,1,2,2010.0,0,1,0,-1,B01,1,0,2,0,0,5,2,R-N 57.,0.0,,1,2,0,1,2,1,5,1,80,adult
202000018950,22,2,2020,0 days 17:45:00,1,75,75106,2,2,1,6,BOULEVARD SAINT MICHEL,"48,8513880","2,3431670",3,4,2,1958.0,9,0,-1,-1,A01,1,0,1,8,16,5,4,,0.0,,2,4,3,2,1,1,0,1,30,child
202000018950,22,2,2020,0 days 17:45:00,1,75,75106,2,2,1,6,BOULEVARD SAINT MICHEL,"48,8513880","2,3431670",1,1,2,1991.0,9,8,0,-1,A01,1,0,1,8,16,5,4,,0.0,,2,4,3,2,1,1,0,1,30,adult
202000019039,20,2,2020,0 days 13:40:00,1,66,66136,2,1,1,-1,SAINT-ROCH (CHEMIN DE),"42,6881492","2,9091807",1,1,2,1981.0,9,1,8,-1,B01,3,0,2,2,1,5,4,SAINT-ROCH (CHEMIN DE),0.0,,1,2,0,1,1,1,0,1,30,child
202000019039,20,2,2020,0 days 13:40:00,1,66,66136,2,1,1,-1,SAINT-ROCH (CHEMIN DE),"42,6881492","2,9091807",1,4,1,2002.0,9,2,0,-1,B01,3,0,2,2,1,5,4,SAINT-ROCH (CHEMIN DE),0.0,,1,2,0,1,1,1,0,1,30,adult
202000019045,21,2,2020,0 days 12:55:00,1,63,63113,2,1,1,-1,TURGOT (PLACE),"45,7848744","3,0996595",1,1,1,1969.0,0,2,-1,-1,A01,3,0,2,1,1,5,4,TURGOT (PLACE),0.0,,1,1,1,1,2,1,9,8,30,child
202000019045,21,2,2020,0 days 12:55:00,1,63,63113,2,1,1,-1,TURGOT (PLACE),"45,7848744","3,0996595",1,4,1,1998.0,0,2,6,-1,A01,3,0,2,1,1,5,4,TURGOT (PLACE),0.0,,1,1,1,1,2,1,9,8,30,adult
202000019055,9,9,2020,0 days 16:55:00,1,78,78646,2,2,1,3,SAINT CLOUD (AVENUE DE),"48,8048900","2,1309300",1,3,1,1961.0,5,0,-1,-1,B01,2,0,2,2,1,5,3,185,0.0,,2,4,0,1,1,1,5,5,50,child
202000019055,9,9,2020,0 days 16:55:00,1,78,78646,2,2,1,3,SAINT CLOUD (AVENUE DE),"48,8048900","2,1309300",1,1,2,2002.0,5,1,0,-1,B01,2,0,2,2,1,5,3,185,0.0,,2,4,0,1,1,1,5,5,50,adult
202000019061,9,9,2020,0 days 17:50:00,1,72,72181,2,3,1,3,DEMORIEUX (BD) ENTRE HUISNE ET RD-POINT,"47,9983000","0,1886900",1,1,1,1969.0,4,1,0,-1,A01,1,0,2,1,19,5,4,DEMORIEUX (BD) ENTRE HUISNE ET RD-POINT,0.0,,2,3,0,2,1,1,0,1,50,child
202000019061,9,9,2020,0 days 17:50:00,1,72,72181,2,3,1,3,DEMORIEUX (BD) ENTRE HUISNE ET RD-POINT,"47,9983000","0,1886900",1,4,2,2000.0,0,8,0,-1,A01,1,0,2,1,19,5,4,DEMORIEUX (BD) ENTRE HUISNE ET RD-POINT,0.0,,2,3,0,2,1,1,0,1,50,adult
202000019092,9,9,2020,0 days 12:30:00,1,38,38185,2,2,1,6,Boulevard Maréchal Foch,"45,1802900","5,7168800",3,2,1,1933.0,5,0,-1,-1,A01,1,0,1,1,19,5,3,1090,0.0,,1,2,0,1,1,1,5,1,50,child
202000019092,9,9,2020,0 days 12:30:00,1,38,38185,2,2,1,6,Boulevard Maréchal Foch,"45,1802900","5,7168800",1,1,1,1994.0,9,8,0,-1,A01,1,0,1,1,19,5,3,1090,0.0,,1,2,0,1,1,1,5,1,50,adult
202000019096,10,9,2020,0 days 19:10:00,1,33,33063,2,3,1,3,RUE STEHELIN CAUD ,"44,8556900"," -0,6254200",1,4,1,1963.0,1,8,0,-1,B01,1,0,2,1,1,5,4,STEHELIN CAUD (RUE ),0.0,,2,5,2,1,1,1,5,1,50,child
202000019096,10,9,2020,0 days 19:10:00,1,33,33063,2,3,1,3,RUE STEHELIN CAUD ,"44,8556900"," -0,6254200",1,1,1,1989.0,5,2,6,-1,B01,1,0,2,1,1,5,4,STEHELIN CAUD (RUE ),0.0,,2,5,2,1,1,1,5,1,50,adult
202000019112,10,9,2020,0 days 19:43:00,1,03,03185,2,2,1,3,Avenue Fournier Sarloveze,"46,3279845","2,6059967",1,1,2,1968.0,5,1,0,-1,A01,2,0,2,3,19,5,4,avenue Fournier Sarloveze,0.0,,2,2,0,1,1,1,0,1,50,child
202000019112,10,9,2020,0 days 19:43:00,1,03,03185,2,2,1,3,Avenue Fournier Sarloveze,"46,3279845","2,6059967",1,3,1,2003.0,9,8,0,-1,A01,2,0,2,3,19,5,4,avenue Fournier Sarloveze,0.0,,2,2,0,1,1,1,0,1,50,adult
202000019152,10,9,2020,0 days 08:20:00,1,92,92040,2,1,1,3,DOCTEUR LOMBARD (DU),"48,8191700","2,2513800",1,1,2,1952.0,1,1,0,-1,B01,2,0,2,3,12,5,4,DOCTEUR LOMBARD (RUE DU),0.0,,-1,2,0,1,1,1,0,1,50,child
202000019152,10,9,2020,0 days 08:20:00,1,92,92040,2,1,1,3,DOCTEUR LOMBARD (DU),"48,8191700","2,2513800",1,4,2,1991.0,1,2,6,-1,B01,2,0,2,3,12,5,4,DOCTEUR LOMBARD (RUE DU),0.0,,-1,2,0,1,1,1,0,1,50,adult
202000019155,10,9,2020,0 days 20:48:00,5,92,92023,2,8,1,3,GENERAL DE GAULLE (AVENUE DU) N°2 A 132,"48,7835298","2,2469428",1,3,1,1972.0,1,2,6,-1,A01,1,0,2,7,19,5,3,906,0.0,,2,0,0,1,1,1,4,1,50,child
202000019155,10,9,2020,0 days 20:48:00,5,92,92023,2,8,1,3,GENERAL DE GAULLE (AVENUE DU) N°2 A 132,"48,7835298","2,2469428",1,1,2,2003.0,5,8,0,-1,A01,1,0,2,7,19,5,3,906,0.0,,2,0,0,1,1,1,4,1,50,adult
202000019166,10,9,2020,0 days 18:00:00,1,67,67173,1,1,1,4,D31,"48,6273070","7,6843200",1,1,2,1942.0,5,8,-1,-1,B01,1,0,2,4,1,5,3,31,-1.0,,4,2,2,2,1,1,9,5,80,child
202000019166,10,9,2020,0 days 18:00:00,1,67,67173,1,1,1,4,D31,"48,6273070","7,6843200",1,3,1,1966.0,5,2,9,-1,B01,1,0,2,4,1,5,3,31,-1.0,,4,2,2,2,1,1,9,5,80,adult
202000019166,10,9,2020,0 days 18:00:00,1,67,67173,1,1,1,4,D31,"48,6273070","7,6843200",1,1,2,1976.0,1,1,-1,-1,B01,1,0,2,4,1,5,3,31,-1.0,,4,2,2,2,1,1,9,5,80,adult
202000019182,10,9,2020,0 days 18:10:00,2,81,81064,1,1,1,2,Cante Merle,"43,9572790","1,8581590",1,3,1,1964.0,5,2,-1,-1,B01,2,0,2,4,1,5,3,964,-1.0,,2,2,0,3,1,1,0,1,80,child
202000019182,10,9,2020,0 days 18:10:00,2,81,81064,1,1,1,2,Cante Merle,"43,9572790","1,8581590",1,1,1,1997.0,1,1,-1,-1,B01,2,0,2,4,1,5,3,964,-1.0,,2,2,0,3,1,1,0,1,80,adult
202000019200,10,9,2020,0 days 11:30:00,1,31,31112,1,1,1,2,Ancienne Ligne de Chemin de Fer Boussens - Saint-Girons,"43,0420060","0,9915320",1,1,1,1946.0,5,1,-1,-1,A01,1,1,0,1,1,5,3,117,-1.0,,2,2,0,1,1,1,0,1,80,child
202000019200,10,9,2020,0 days 11:30:00,1,31,31112,1,1,1,2,Ancienne Ligne de Chemin de Fer Boussens - Saint-Girons,"43,0420060","0,9915320",2,1,2,1953.0,5,1,-1,-1,A01,1,1,0,1,1,5,3,117,-1.0,,2,2,0,1,1,1,0,1,80,adult
202000019200,10,9,2020,0 days 11:30:00,1,31,31112,1,1,1,2,Ancienne Ligne de Chemin de Fer Boussens - Saint-Girons,"43,0420060","0,9915320",1,4,1,1976.0,5,2,-1,-1,A01,1,1,0,1,1,5,3,117,-1.0,,2,2,0,1,1,1,0,1,80,adult
202000019268,11,6,2020,0 days 16:20:00,1,37,37261,2,6,2,-1,MULHEIM (ROND-POINT DE),"47,4222500","0,6797500",1,1,1,1960.0,5,1,8,-1,B01,1,0,2,4,2,0,4,,0.0,,1,2,1,1,3,2,0,1,50,child
202000019268,11,6,2020,0 days 16:20:00,1,37,37261,2,6,2,-1,MULHEIM (ROND-POINT DE),"47,4222500","0,6797500",1,4,1,1988.0,1,8,0,-1,B01,1,0,2,4,2,0,4,,0.0,,1,2,1,1,3,2,0,1,50,adult
202000019272,10,6,2020,0 days 17:50:00,1,34,34172,2,2,1,3,RABELAIS (BOULEVARD),"43,6011500","3,8816200",1,1,1,1940.0,5,1,0,-1,B01,2,0,2,8,26,5,4,,0.0,,1,2,1,1,1,1,5,5,50,child
202000019272,10,6,2020,0 days 17:50:00,1,34,34172,2,2,1,3,RABELAIS (BOULEVARD),"43,6011500","3,8816200",1,4,2,1977.0,4,2,0,-1,B01,2,0,2,8,26,5,4,,0.0,,1,2,1,1,1,1,5,5,50,adult
202000019278,11,6,2020,0 days 09:45:00,1,25,25462,2,1,8,3,BESANCON (DU 72TER A LA FIN),"46,9179900","6,3438600",1,4,1,1932.0,3,8,0,-1,B01,1,0,2,8,1,5,4,BESANCON (DU 72TER A LA FIN),0.0,,1,2,0,1,1,1,0,1,50,child
202000019278,11,6,2020,0 days 09:45:00,1,25,25462,2,1,8,3,BESANCON (DU 72TER A LA FIN),"46,9179900","6,3438600",1,1,1,1973.0,4,1,4,-1,B01,1,0,2,8,1,5,4,BESANCON (DU 72TER A LA FIN),0.0,,1,2,0,1,1,1,0,1,50,adult
202000019311,10,6,2020,0 days 19:45:00,1,92,92063,2,3,1,3,DIX-HUIT JUIN 1940 (AVENUE DU) EST,"48,8676909","2,1964312",1,1,1,1961.0,5,2,8,-1,B01,2,0,2,1,1,5,3,39,0.0,,2,2,0,2,1,1,0,1,50,child
202000019311,10,6,2020,0 days 19:45:00,1,92,92063,2,3,1,3,DIX-HUIT JUIN 1940 (AVENUE DU) EST,"48,8676909","2,1964312",1,4,1,1986.0,5,2,8,-1,B01,2,0,2,1,1,5,3,39,0.0,,2,2,0,2,1,1,0,1,50,adult
202000019369,11,6,2020,0 days 08:05:00,1,988,98818,2,3,1,3,VE1/AVENUE BONAPARTE," -22,2420200","166,4573000",1,1,1,1941.0,9,8,8,-1,B01,3,0,2,1,1,5,4,80,0.0,,2,2,0,1,1,1,5,1,50,child
202000019369,11,6,2020,0 days 08:05:00,1,988,98818,2,3,1,3,VE1/AVENUE BONAPARTE," -22,2420200","166,4573000",1,3,1,1970.0,1,8,8,-1,B01,3,0,2,1,1,5,4,80,0.0,,2,2,0,1,1,1,5,1,50,adult
202000019372,9,6,2020,0 days 10:35:00,1,974,97409,2,1,1,3,MASCAREIGNES (Avenue des)," -20,9408000","55,6473000",1,1,1,1974.0,0,1,8,-1,B01,1,0,2,8,1,6,4,,0.0,,2,2,0,1,1,1,0,1,50,child
202000019372,9,6,2020,0 days 10:35:00,1,974,97409,2,1,1,3,MASCAREIGNES (Avenue des)," -20,9408000","55,6473000",1,3,1,2004.0,0,8,0,-1,B01,1,0,2,8,1,6,4,,0.0,,2,2,0,1,1,1,0,1,50,adult
202000019373,10,6,2020,0 days 09:05:00,1,973,97302,2,1,1,-1,REPUBLIQUE (BD DE LA),"4,9384511"," -52,3211002",1,1,2,1949.0,0,1,0,-1,B01,1,0,2,1,2,5,4,Boulevard de la republique,0.0,,1,1,0,1,2,1,0,1,50,child
202000019373,10,6,2020,0 days 09:05:00,1,973,97302,2,1,1,-1,REPUBLIQUE (BD DE LA),"4,9384511"," -52,3211002",1,4,1,1999.0,0,8,0,-1,B01,1,0,2,1,2,5,4,Boulevard de la republique,0.0,,1,1,0,1,2,1,0,1,50,adult
202000019442,11,8,2020,0 days 15:45:00,1,62,62297,2,1,1,3,Rue de la Vosmette,"50,8108200","2,1385680",1,1,1,1951.0,5,1,-1,-1,A01,3,0,2,1,19,5,4,,-1.0,,2,2,0,1,1,1,0,1,50,child
202000019442,11,8,2020,0 days 15:45:00,1,62,62297,2,1,1,3,Rue de la Vosmette,"50,8108200","2,1385680",1,3,1,2005.0,5,0,-1,-1,A01,3,0,2,1,19,5,4,,-1.0,,2,2,0,1,1,1,0,1,50,adult
202000019452,12,8,2020,0 days 09:40:00,1,29,29272,1,3,1,3,Loch Ar Raor,"47,9596977"," -3,9493138",1,3,1,1943.0,5,2,-1,-1,B01,0,0,2,1,1,6,4,4,-1.0,,2,2,0,1,1,1,0,1,80,child
202000019452,12,8,2020,0 days 09:40:00,1,29,29272,1,3,1,3,Loch Ar Raor,"47,9596977"," -3,9493138",1,1,2,2000.0,5,1,-1,-1,B01,0,0,2,1,1,6,4,4,-1.0,,2,2,0,1,1,1,0,1,80,adult
202000019472,6,8,2020,0 days 08:50:00,1,27,27129,1,1,1,5,D131,"49,0787010","0,5600450",1,1,2,1944.0,1,1,-1,-1,D01,1,0,2,6,2,5,3,131,0.0,,2,2,0,1,1,1,0,1,80,child
202000019472,6,8,2020,0 days 08:50:00,1,27,27129,1,1,1,5,D131,"49,0787010","0,5600450",1,1,1,1986.0,5,2,-1,-1,D01,1,0,2,6,2,5,3,131,0.0,,2,2,0,1,1,1,0,1,80,adult
202000019472,6,8,2020,0 days 08:50:00,1,27,27129,1,1,1,5,D131,"49,0787010","0,5600450",1,3,1,1989.0,5,2,-1,-1,D01,1,0,2,6,2,5,3,131,0.0,,2,2,0,1,1,1,0,1,80,adult
202000019472,6,8,2020,0 days 08:50:00,1,27,27129,1,1,1,5,D131,"49,0787010","0,5600450",1,4,1,1991.0,5,2,-1,-1,D01,1,0,2,6,2,5,3,131,0.0,,2,2,0,1,1,1,0,1,80,adult
202000019472,6,8,2020,0 days 08:50:00,1,27,27129,1,1,1,5,D131,"49,0787010","0,5600450",2,1,2,2005.0,0,1,-1,-1,D01,1,0,2,6,2,5,3,131,0.0,,2,2,0,1,1,1,0,1,80,adult
202000019495,6,10,2020,0 days 07:40:00,5,64,64445,2,1,1,3,PAIX,"43,3141900"," -0,3332300",1,1,1,1971.0,1,2,6,-1,B01,2,0,2,1,1,5,4,,0.0,,2,2,1,1,1,1,0,1,50,child
202000019495,6,10,2020,0 days 07:40:00,5,64,64445,2,1,1,3,PAIX,"43,3141900"," -0,3332300",1,4,1,2001.0,2,8,0,-1,B01,2,0,2,1,1,5,4,,0.0,,2,2,1,1,1,1,0,1,50,adult
202000019590,7,10,2020,0 days 07:27:00,5,75,75113,2,3,2,1,BOULEVARD KELLERMANN,"48,8210500","2,3506290",1,1,1,1972.0,9,1,8,-1,B01,2,0,2,1,1,5,4,,0.0,,2,4,0,1,3,2,0,1,50,child
202000019590,7,10,2020,0 days 07:27:00,5,75,75113,2,3,2,1,BOULEVARD KELLERMANN,"48,8210500","2,3506290",1,4,1,1994.0,9,8,0,-1,B01,2,0,2,1,1,5,4,,0.0,,2,4,0,1,3,2,0,1,50,adult