Num_Acc,jour,mois,an,hrmn,lum,dep,com,agg,int,atm,col,adr,lat,long,catu,grav,sexe,an_nais,trajet,secu1,secu2,secu3,num_veh_y,senc,obs,obsm,choc,manv,motor,catr,voie,v1,v2,circ,nbv,vosp,prof,plan,surf,infra,situ,vma,age
202000022071,18,12,2020,0 days 16:50:00,2,33,33063,2,1,1,3,RUE SUFFREN,"44,8759700"," -0,5560300",1,1,1,1979.0,1,1,-1,-1,B01,0,0,2,8,19,5,4,RUE SUFFREN,0.0,,2,2,0,1,1,1,0,1,50,adult
202000022088,17,12,2020,0 days 17:12:00,1,17,17306,2,3,1,3,GROTTE (DE LA) (ALLEE),"45,6185600"," -1,0364000",1,4,1,1951.0,5,8,8,-1,B01,3,1,0,2,1,5,4,FALAISE (GERMAINE DE) (BD),0.0,,2,2,0,2,1,1,0,1,30,child
202000022088,17,12,2020,0 days 17:12:00,1,17,17306,2,3,1,3,GROTTE (DE LA) (ALLEE),"45,6185600"," -1,0364000",1,1,1,1992.0,5,1,8,-1,B01,3,1,0,2,1,5,4,FALAISE (GERMAINE DE) (BD),0.0,,2,2,0,2,1,1,0,1,30,adult
202000022095,17,12,2020,0 days 09:05:00,1,11,11262,2,1,1,3,SULLY (RUE),"43,1829400","3,0013100",1,1,1,1954.0,0,8,0,-1,A01,0,0,2,1,19,0,6,SULLY (RUE),0.0,,-1,-1,0,1,1,1,9,1,30,child
202000022095,17,12,2020,0 days 09:05:00,1,11,11262,2,1,1,3,SULLY (RUE),"43,1829400","3,0013100",1,4,2,1992.0,4,8,0,-1,A01,0,0,2,1,19,0,6,SULLY (RUE),0.0,,-1,-1,0,1,1,1,9,1,30,adult
202000022097,17,12,2020,0 days 12:20:00,1,10,10387,2,1,8,3,PIERRE BROSSOLETTE (RUE),"48,2914100","4,0750100",1,1,2,1975.0,1,1,0,-1,A01,1,0,2,8,11,5,3,PIERRE BROSSOLETTE (RUE),0.0,,2,4,0,1,1,2,0,1,50,child
202000022097,17,12,2020,0 days 12:20:00,1,10,10387,2,1,8,3,PIERRE BROSSOLETTE (RUE),"48,2914100","4,0750100",1,4,1,2005.0,2,8,0,-1,A01,1,0,2,8,11,5,3,PIERRE BROSSOLETTE (RUE),0.0,,2,4,0,1,1,2,0,1,50,adult
202000022109,17,12,2020,0 days 21:00:00,5,75,75116,2,4,1,3,PORTE DE PASSY,"48,8580930","2,2620920",1,1,1,1965.0,4,1,0,-1,A01,2,0,2,1,19,5,4,,0.0,,1,1,1,1,3,2,-1,5,50,child
202000022109,17,12,2020,0 days 21:00:00,5,75,75116,2,4,1,3,PORTE DE PASSY,"48,8580930","2,2620920",1,4,1,1992.0,1,8,0,-1,A01,2,0,2,1,19,5,4,,0.0,,1,1,1,1,3,2,-1,5,50,adult
202000022111,18,12,2020,0 days 15:15:00,1,75,75113,2,2,1,2,AVENUE DE LA PORTE D ITALIE,"48,8188800","2,3595400",1,1,2,1961.0,4,1,0,-1,B01,2,0,2,3,18,5,4,,0.0,,2,6,3,1,1,1,-1,6,50,child
202000022111,18,12,2020,0 days 15:15:00,1,75,75113,2,2,1,2,AVENUE DE LA PORTE D ITALIE,"48,8188800","2,3595400",2,1,2,1964.0,1,1,0,-1,B01,2,0,2,3,18,5,4,,0.0,,2,6,3,1,1,1,-1,6,50,adult
202000022111,18,12,2020,0 days 15:15:00,1,75,75113,2,2,1,2,AVENUE DE LA PORTE D ITALIE,"48,8188800","2,3595400",1,4,2,1994.0,1,2,0,-1,B01,2,0,2,3,18,5,4,,0.0,,2,6,3,1,1,1,-1,6,50,adult
202000022130,18,12,2020,0 days 19:45:00,5,92,92040,2,1,1,3,GOUVERNEUR GAL EBOUE DU 02 AU 64,"48,8277500","2,2736800",1,1,1,1948.0,1,1,0,-1,B01,2,0,0,3,1,0,3,76,0.0,,1,3,1,1,1,1,0,1,30,child
202000022130,18,12,2020,0 days 19:45:00,5,92,92040,2,1,1,3,GOUVERNEUR GAL EBOUE DU 02 AU 64,"48,8277500","2,2736800",1,4,1,1987.0,1,8,0,-1,B01,2,0,0,3,1,0,3,76,0.0,,1,3,1,1,1,1,0,1,30,adult
202000022141,24,4,2020,0 days 18:30:00,1,31,31269,1,1,1,-1,Route de Labastidette,"43,4853474","1,2687066",1,2,1,1969.0,5,0,-1,-1,B01,2,0,0,4,2,5,3,23,0.0,D,2,2,0,1,2,1,0,1,80,child
202000022141,24,4,2020,0 days 18:30:00,1,31,31269,1,1,1,-1,Route de Labastidette,"43,4853474","1,2687066",3,3,2,1975.0,5,8,-1,-1,B01,2,0,0,4,2,5,3,23,0.0,D,2,2,0,1,2,1,0,1,80,adult
202000022141,24,4,2020,0 days 18:30:00,1,31,31269,1,1,1,-1,Route de Labastidette,"43,4853474","1,2687066",1,1,1,1995.0,5,1,-1,-1,B01,2,0,0,4,2,5,3,23,0.0,D,2,2,0,1,2,1,0,1,80,adult
202000022218,22,4,2020,0 days 14:25:00,1,75,75120,2,3,1,7,RUE DE MENILMONTANT,"48,8680280","2,3870290",1,4,1,1980.0,5,2,0,-1,A01,2,0,0,0,1,5,4,,0.0,,2,2,0,2,1,1,0,1,50,child
202000022218,22,4,2020,0 days 14:25:00,1,75,75120,2,3,1,7,RUE DE MENILMONTANT,"48,8680280","2,3870290",2,4,1,2013.0,5,2,0,-1,A01,2,0,0,0,1,5,4,,0.0,,2,2,0,2,1,1,0,1,50,adult
202000022330,17,1,2020,0 days 15:53:00,1,49,49007,2,1,1,3,BEAUREPAIRE,"47,4745743"," -0,5605466",1,4,1,1972.0,0,8,0,-1,B01,1,0,2,0,0,5,4,BEAUREPAIRE,0.0,,2,2,0,1,1,1,0,1,60,child
202000022330,17,1,2020,0 days 15:53:00,1,49,49007,2,1,1,3,BEAUREPAIRE,"47,4745743"," -0,5605466",1,1,1,2001.0,0,1,8,-1,B01,1,0,2,0,0,5,4,BEAUREPAIRE,0.0,,2,2,0,1,1,1,0,1,60,adult
202000022372,20,1,2020,0 days 19:30:00,5,75,75110,2,1,1,6,BOULEVARD DE STRASBOURG,"48,8711531","2,3552950",3,4,1,1964.0,5,0,-1,-1,A01,2,0,1,1,1,5,4,,0.0,,1,4,1,2,1,1,-1,5,50,child
202000022372,20,1,2020,0 days 19:30:00,5,75,75110,2,1,1,6,BOULEVARD DE STRASBOURG,"48,8711531","2,3552950",1,1,2,1985.0,1,8,2,-1,A01,2,0,1,1,1,5,4,,0.0,,1,4,1,2,1,1,-1,5,50,adult
202000022374,20,1,2020,0 days 18:40:00,5,75,75109,2,5,1,6,RUE LA FAYETTE,"48,8750980","2,3409640",3,4,2,1969.0,5,0,-1,-1,A01,1,0,1,8,5,5,4,,0.0,,1,3,0,1,1,1,0,1,50,child
202000022374,20,1,2020,0 days 18:40:00,5,75,75109,2,5,1,6,RUE LA FAYETTE,"48,8750980","2,3409640",1,1,1,1994.0,1,8,2,-1,A01,1,0,1,8,5,5,4,,0.0,,1,3,0,1,1,1,0,1,50,adult
202000022375,20,1,2020,0 days 16:55:00,1,75,75101,2,2,1,6,RUE DE RIVOLI,"48,8598842","2,3439942",3,4,2,1977.0,9,0,-1,-1,A01,1,0,1,5,1,5,4,,0.0,,2,3,1,1,1,1,-1,5,50,child
202000022375,20,1,2020,0 days 16:55:00,1,75,75101,2,2,1,6,RUE DE RIVOLI,"48,8598842","2,3439942",1,1,1,2001.0,9,8,2,-1,A01,1,0,1,5,1,5,4,,0.0,,2,3,1,1,1,1,-1,5,50,adult
202000022376,20,1,2020,0 days 15:20:00,1,75,75103,2,2,1,3,RUE DE TURBIGO,"48,8668059","2,3620082",1,4,1,1965.0,9,8,2,-1,B01,1,0,2,3,1,5,4,,0.0,,2,2,1,1,1,1,-1,5,50,child
202000022376,20,1,2020,0 days 15:20:00,1,75,75103,2,2,1,3,RUE DE TURBIGO,"48,8668059","2,3620082",1,1,2,1987.0,9,1,0,-1,B01,1,0,2,3,1,5,4,,0.0,,2,2,1,1,1,1,-1,5,50,adult
202000022447,18,1,2020,0 days 17:49:00,5,69,69384,2,2,1,3,PHILIPPE DE LASSALLE                (R ),"45,7795800","4,8204900",1,1,1,1961.0,5,1,0,-1,B01,3,0,2,3,1,5,4,PHILIPPE DE LASSALLE                (R ),0.0,,2,2,0,1,1,1,0,1,50,child
202000022447,18,1,2020,0 days 17:49:00,5,69,69384,2,2,1,3,PHILIPPE DE LASSALLE                (R ),"45,7795800","4,8204900",1,4,1,1996.0,5,2,0,-1,B01,3,0,2,3,1,5,4,PHILIPPE DE LASSALLE                (R ),0.0,,2,2,0,1,1,1,0,1,50,adult
202000022447,18,1,2020,0 days 17:49:00,5,69,69384,2,2,1,3,PHILIPPE DE LASSALLE                (R ),"45,7795800","4,8204900",2,1,1,2006.0,5,1,0,-1,B01,3,0,2,3,1,5,4,PHILIPPE DE LASSALLE                (R ),0.0,,2,2,0,1,1,1,0,1,50,adult
202000022488,19,1,2020,0 days 12:35:00,1,92,92040,2,6,1,3,ILES (BOULEVARD DES),"48,8217472","2,2499844",1,1,1,1937.0,0,1,0,-1,A01,2,0,2,1,1,0,3,2,0.0,,1,3,0,1,1,1,0,1,50,child
202000022488,19,1,2020,0 days 12:35:00,1,92,92040,2,6,1,3,ILES (BOULEVARD DES),"48,8217472","2,2499844",1,4,2,1983.0,0,8,0,-1,A01,2,0,2,1,1,0,3,2,0.0,,1,3,0,1,1,1,0,1,50,adult
202000022491,11,1,2020,0 days 11:10:00,1,47,47169,1,1,7,2,Route Nationale 21,"44,1560227","0,6273555",1,1,1,1933.0,5,1,-1,-1,B01,1,0,0,4,2,5,2,21,0.0,,2,2,0,4,1,1,0,1,80,child
202000022491,11,1,2020,0 days 11:10:00,1,47,47169,1,1,7,2,Route Nationale 21,"44,1560227","0,6273555",1,3,1,1972.0,5,2,-1,-1,B01,1,0,0,4,2,5,2,21,0.0,,2,2,0,4,1,1,0,1,80,adult
202000022525,9,7,2020,0 days 09:08:00,1,75,75116,2,2,1,3,ROUTE DE SEVRES A NEUILLY,"48,8622790","2,2383040",1,4,1,1968.0,9,2,0,-1,A01,1,0,2,4,15,5,4,,0.0,,2,2,0,1,1,1,0,1,50,child
202000022525,9,7,2020,0 days 09:08:00,1,75,75116,2,2,1,3,ROUTE DE SEVRES A NEUILLY,"48,8622790","2,2383040",1,1,1,1990.0,9,1,0,-1,A01,1,0,2,4,15,5,4,,0.0,,2,2,0,1,1,1,0,1,50,adult
202000022531,9,7,2020,0 days 19:00:00,1,75,75113,2,2,1,3,AVENUE D ITALIE,"48,8222070","2,3585230",1,4,1,1966.0,5,2,0,-1,A01,2,0,2,1,1,5,4,,0.0,,2,4,0,1,1,1,0,1,50,child
202000022531,9,7,2020,0 days 19:00:00,1,75,75113,2,2,1,3,AVENUE D ITALIE,"48,8222070","2,3585230",1,1,1,1993.0,5,1,0,-1,A01,2,0,2,1,1,5,4,,0.0,,2,4,0,1,1,1,0,1,50,adult
202000022554,9,7,2020,0 days 19:40:00,1,92,92050,2,3,1,3,CHAMPS PIERREUX AVENUE DES,"48,8908159","2,2157970",1,4,2,1964.0,9,8,0,-1,B01,3,0,2,1,19,5,4,,0.0,,2,2,0,1,1,1,9,1,50,child
202000022554,9,7,2020,0 days 19:40:00,1,92,92050,2,3,1,3,CHAMPS PIERREUX AVENUE DES,"48,8908159","2,2157970",2,1,1,1995.0,0,1,0,-1,B01,3,0,2,1,19,5,4,,0.0,,2,2,0,1,1,1,9,1,50,adult
202000022565,11,7,2020,0 days 11:55:00,1,76,76152,1,1,1,2,D6,"49,5909030","1,2108190",1,1,1,1931.0,5,1,-1,-1,B01,2,0,2,8,2,5,3,6,0.0,,2,2,0,1,1,1,0,1,80,child
202000022565,11,7,2020,0 days 11:55:00,1,76,76152,1,1,1,2,D6,"49,5909030","1,2108190",1,4,1,1989.0,5,2,-1,-1,B01,2,0,2,8,2,5,3,6,0.0,,2,2,0,1,1,1,0,1,80,adult
202000022573,10,7,2020,0 days 21:50:00,2,49,49205,2,3,1,3,4 Place Jean Bourre,"47,7583280"," -0,4913490",1,3,2,1963.0,1,0,-1,-1,B01,1,0,2,1,1,5,3,Ave de Bretagne,-1.0,,2,2,0,1,1,1,0,1,50,child
202000022573,10,7,2020,0 days 21:50:00,2,49,49205,2,3,1,3,4 Place Jean Bourre,"47,7583280"," -0,4913490",1,1,2,1997.0,5,1,-1,-1,B01,1,0,2,1,1,5,3,Ave de Bretagne,-1.0,,2,2,0,1,1,1,0,1,50,adult
202000022574,4,7,2020,0 days 15:00:00,1,49,49088,1,1,1,3,D771,"47,7770915"," -1,0973027",1,4,1,1959.0,5,2,-1,-1,B01,2,0,2,8,1,6,3,771,0.0,,2,2,0,2,1,1,0,1,80,child
202000022574,4,7,2020,0 days 15:00:00,1,49,49088,1,1,1,3,D771,"47,7770915"," -1,0973027",1,1,1,1987.0,1,1,-1,-1,B01,2,0,2,8,1,6,3,771,0.0,,2,2,0,2,1,1,0,1,80,adult
202000022582,11,7,2020,0 days 10:45:00,1,29,29004,2,1,1,3,Place de la Liberté (Parking),"47,9325440"," -3,7002150",1,1,2,1963.0,0,1,-1,-1,A01,3,0,2,3,9,5,4,,-1.0,,1,1,0,1,1,1,0,1,50,child
202000022582,11,7,2020,0 days 10:45:00,1,29,29004,2,1,1,3,Place de la Liberté (Parking),"47,9325440"," -3,7002150",1,3,1,2006.0,5,0,-1,-1,A01,3,0,2,3,9,5,4,,-1.0,,1,1,0,1,1,1,0,1,50,adult
202000022617,9,7,2020,0 days 16:20:00,1,38,38507,2,2,7,3,Chemin des Tournes,"45,7338870","5,1730590",1,1,2,1975.0,3,1,-1,-1,A01,2,0,2,7,1,5,4,,-1.0,,2,2,0,1,1,9,0,1,50,child
202000022617,9,7,2020,0 days 16:20:00,1,38,38507,2,2,7,3,Chemin des Tournes,"45,7338870","5,1730590",1,3,1,1981.0,5,0,-1,-1,A01,2,0,2,7,1,5,4,,-1.0,,2,2,0,1,1,9,0,1,50,adult
202000022617,9,7,2020,0 days 16:20:00,1,38,38507,2,2,7,3,Chemin des Tournes,"45,7338870","5,1730590",2,1,1,2002.0,3,1,-1,-1,A01,2,0,2,7,1,5,4,,-1.0,,2,2,0,1,1,9,0,1,50,adult
202000022617,9,7,2020,0 days 16:20:00,1,38,38507,2,2,7,3,Chemin des Tournes,"45,7338870","5,1730590",2,1,1,2003.0,3,1,-1,-1,A01,2,0,2,7,1,5,4,,-1.0,,2,2,0,1,1,9,0,1,50,adult
202000022671,8,7,2020,0 days 11:40:00,1,71,71153,2,1,1,3,YSER (RUE DE L'),"46,8057487","4,4389620",1,1,1,1970.0,4,1,0,-1,B01,2,1,0,1,1,5,4,,0.0,,1,1,0,1,1,1,0,1,50,child
202000022671,8,7,2020,0 days 11:40:00,1,71,71153,2,1,1,3,YSER (RUE DE L'),"46,8057487","4,4389620",1,4,1,1996.0,0,8,0,-1,B01,2,1,0,1,1,5,4,,0.0,,1,1,0,1,1,1,0,1,50,adult
202000022675,8,7,2020,0 days 14:08:00,1,65,65226,2,1,1,1,OURS (CHEMIN DE L'),"43,2383050","0,0098330",1,1,1,1945.0,5,1,0,-1,A01,1,0,2,1,17,5,4,OURS (CHEMIN DE L'),0.0,,2,2,0,1,1,1,0,1,50,child
202000022675,8,7,2020,0 days 14:08:00,1,65,65226,2,1,1,1,OURS (CHEMIN DE L'),"43,2383050","0,0098330",1,4,1,2003.0,5,8,0,-1,A01,1,0,2,1,17,5,4,OURS (CHEMIN DE L'),0.0,,2,2,0,1,1,1,0,1,50,adult
202000022685,8,7,2020,0 days 09:10:00,1,56,56083,2,3,1,3,LIBERATION ( AV. DE LA ),"47,8044800"," -3,2773100",1,3,1,1945.0,5,2,8,-1,B01,1,0,2,1,1,5,3,724,0.0,,2,2,0,2,1,1,0,1,50,child
202000022685,8,7,2020,0 days 09:10:00,1,56,56083,2,3,1,3,LIBERATION ( AV. DE LA ),"47,8044800"," -3,2773100",1,1,1,1990.0,4,1,8,-1,B01,1,0,2,1,1,5,3,724,0.0,,2,2,0,2,1,1,0,1,50,adult
202000022705,19,2,2020,0 days 12:25:00,1,42,42187,2,6,1,3,Avenue de Paris,"46,0480595","4,0686254",1,1,2,1967.0,0,1,0,-1,B01,3,0,2,7,2,5,3,207,0.0,,1,2,0,1,1,1,0,1,50,child
202000022705,19,2,2020,0 days 12:25:00,1,42,42187,2,6,1,3,Avenue de Paris,"46,0480595","4,0686254",1,4,1,1989.0,1,8,0,-1,B01,3,0,2,7,2,5,3,207,0.0,,1,2,0,1,1,1,0,1,50,adult
202000022754,17,2,2020,0 days 18:10:00,2,92,92063,2,3,1,6,ALBERT 1ER (AVENUE),"48,8811500","2,1789400",3,4,2,1963.0,5,0,-1,-1,A01,2,0,1,1,1,5,4,ALBERT 1ER (AVENUE),0.0,,1,1,0,1,1,1,0,1,50,child
202000022754,17,2,2020,0 days 18:10:00,2,92,92063,2,3,1,6,ALBERT 1ER (AVENUE),"48,8811500","2,1789400",1,1,1,2002.0,5,8,8,-1,A01,2,0,1,1,1,5,4,ALBERT 1ER (AVENUE),0.0,,1,1,0,1,1,1,0,1,50,adult
202000022784,20,2,2020,0 days 16:30:00,1,70,70119,2,2,7,3,1 Rue du Chanois,"47,3365250","5,9074260",1,1,1,1943.0,5,1,-1,-1,B01,2,0,2,1,1,5,3,15,-1.0,,2,2,0,2,1,1,0,1,50,child
202000022784,20,2,2020,0 days 16:30:00,1,70,70119,2,2,7,3,1 Rue du Chanois,"47,3365250","5,9074260",1,4,1,1972.0,5,0,-1,-1,B01,2,0,2,1,1,5,3,15,-1.0,,2,2,0,2,1,1,0,1,50,adult
202000022785,21,2,2020,0 days 16:45:00,1,72,72090,1,1,1,2,lieu-dit l'epinay,"48,0540890","0,4808020",1,3,2,1965.0,5,0,-1,-1,B01,2,0,2,4,2,5,3,323,-1.0,,2,2,0,1,1,1,0,3,80,child
202000022785,21,2,2020,0 days 16:45:00,1,72,72090,1,1,1,2,lieu-dit l'epinay,"48,0540890","0,4808020",1,1,1,1997.0,1,1,-1,-1,B01,2,0,2,4,2,5,3,323,-1.0,,2,2,0,1,1,1,0,3,80,adult
202000022790,21,2,2020,0 days 14:20:00,1,18,18138,1,3,1,3,La Petite Riviere,"47,1074970","2,2481470",1,3,1,1949.0,5,2,-1,-1,B01,3,0,2,8,19,5,3,107,0.0,,2,2,0,4,2,1,0,1,80,child
202000022790,21,2,2020,0 days 14:20:00,1,18,18138,1,3,1,3,La Petite Riviere,"47,1074970","2,2481470",1,1,1,1985.0,5,1,-1,-1,B01,3,0,2,8,19,5,3,107,0.0,,2,2,0,4,2,1,0,1,80,adult
202000022841,19,2,2020,0 days 11:00:00,1,69,69266,2,1,2,3,FRANCIS DE PRESSENSE    (Rue),"45,7697400","4,8915100",1,1,1,1961.0,4,1,0,-1,B01,1,0,2,1,1,5,4,FRANCIS DE PRESSENSE    (Rue),0.0,,1,2,1,1,1,2,0,5,50,child
202000022841,19,2,2020,0 days 11:00:00,1,69,69266,2,1,2,3,FRANCIS DE PRESSENSE    (Rue),"45,7697400","4,8915100",1,4,1,1992.0,0,2,8,-1,B01,1,0,2,1,1,5,4,FRANCIS DE PRESSENSE    (Rue),0.0,,1,2,1,1,1,2,0,5,50,adult
202000022850,19,2,2020,0 days 14:50:00,1,54,54395,2,2,1,3,MON DESERT (RUE),"48,6840777","6,1765949",1,1,1,1953.0,0,1,0,-1,A01,1,0,2,1,1,5,4,,0.0,,1,2,0,1,1,1,0,1,50,child
202000022850,19,2,2020,0 days 14:50:00,1,54,54395,2,2,1,3,MON DESERT (RUE),"48,6840777","6,1765949",2,1,2,1955.0,0,1,0,-1,A01,1,0,2,1,1,5,4,,0.0,,1,2,0,1,1,1,0,1,50,adult
202000022850,19,2,2020,0 days 14:50:00,1,54,54395,2,2,1,3,MON DESERT (RUE),"48,6840777","6,1765949",1,4,1,1998.0,0,8,0,-1,A01,1,0,2,1,1,5,4,,0.0,,1,2,0,1,1,1,0,1,50,adult
202000022857,19,2,2020,0 days 20:15:00,5,35,35238,2,1,1,6,21 Rue Maréchal Joffre,"48,1083000"," -1,6778000",3,4,1,1958.0,9,0,-1,-1,A01,0,0,1,1,0,0,4,JOFFRE ( DU MARECHAL),0.0,,2,2,3,1,1,1,0,4,30,child
202000022857,19,2,2020,0 days 20:15:00,5,35,35238,2,1,1,6,21 Rue Maréchal Joffre,"48,1083000"," -1,6778000",1,1,1,2002.0,4,2,0,-1,A01,0,0,1,1,0,0,4,JOFFRE ( DU MARECHAL),0.0,,2,2,3,1,1,1,0,4,30,adult
202000022894,19,2,2020,0 days 09:50:00,1,75,75110,2,1,1,3,RUE D HAUTEVILLE,"48,8723950","2,3501190",1,1,1,1959.0,4,8,0,-1,B01,1,0,2,1,18,5,4,,0.0,,1,1,0,1,1,1,0,1,50,child
202000022894,19,2,2020,0 days 09:50:00,1,75,75110,2,1,1,3,RUE D HAUTEVILLE,"48,8723950","2,3501190",2,1,2,1965.0,1,8,0,-1,B01,1,0,2,1,18,5,4,,0.0,,1,1,0,1,1,1,0,1,50,adult
202000022894,19,2,2020,0 days 09:50:00,1,75,75110,2,1,1,3,RUE D HAUTEVILLE,"48,8723950","2,3501190",1,4,2,1991.0,9,8,0,-1,B01,1,0,2,1,18,5,4,,0.0,,1,1,0,1,1,1,0,1,50,adult
202000022902,9,9,2020,0 days 11:05:00,1,67,67326,2,1,1,1,Rue du Depot,"48,6238180","7,7205510",1,2,1,1950.0,0,2,-1,-1,B01,1,0,0,8,19,5,4,,-1.0,,2,2,0,1,1,1,9,1,50,child
202000022902,9,9,2020,0 days 11:05:00,1,67,67326,2,1,1,1,Rue du Depot,"48,6238180","7,7205510",1,1,1,1988.0,4,1,-1,-1,B01,1,0,0,8,19,5,4,,-1.0,,2,2,0,1,1,1,9,1,50,adult
202000022914,7,9,2020,0 days 07:00:00,1,44,44204,1,6,1,3,La Belle Etoile,"47,2823550"," -1,4537790",1,1,1,1973.0,4,1,-1,-1,B01,1,0,2,8,1,5,7,723,0.0,,3,2,0,1,2,1,0,1,80,child
202000022914,7,9,2020,0 days 07:00:00,1,44,44204,1,6,1,3,La Belle Etoile,"47,2823550"," -1,4537790",1,4,1,2000.0,1,4,-1,-1,B01,1,0,2,8,1,5,7,723,0.0,,3,2,0,1,2,1,0,1,80,adult
202000022936,8,9,2020,0 days 07:00:00,1,973,97302,2,9,1,3,MANGO (ROUTE),"4,9304771"," -52,3162508",1,1,1,1981.0,0,1,0,-1,B01,1,0,2,7,1,6,4,Route de Mango,0.0,,2,1,0,2,1,1,0,1,50,child
202000022936,8,9,2020,0 days 07:00:00,1,973,97302,2,9,1,3,MANGO (ROUTE),"4,9304771"," -52,3162508",1,1,1,2002.0,0,8,0,-1,B01,1,0,2,7,1,6,4,Route de Mango,0.0,,2,1,0,2,1,1,0,1,50,adult
202000022936,8,9,2020,0 days 07:00:00,1,973,97302,2,9,1,3,MANGO (ROUTE),"4,9304771"," -52,3162508",2,4,2,2005.0,0,8,0,-1,B01,1,0,2,7,1,6,4,Route de Mango,0.0,,2,1,0,2,1,1,0,1,50,adult
202000022944,8,9,2020,0 days 18:10:00,2,971,97101,2,1,1,1,8 MAI 1981 (BOULEVARD DU),"16,2782630"," -61,5075090",1,1,1,1961.0,0,1,0,-1,B01,3,0,2,0,0,5,4,,0.0,,2,2,0,1,1,1,0,1,50,child
202000022944,8,9,2020,0 days 18:10:00,2,971,97101,2,1,1,1,8 MAI 1981 (BOULEVARD DU),"16,2782630"," -61,5075090",1,4,1,2014.0,0,8,0,-1,B01,3,0,2,0,0,5,4,,0.0,,2,2,0,1,1,1,0,1,50,adult
202000022968,2,9,2020,0 days 16:50:00,1,73,73065,1,6,1,3,D10 LANDIERS (AVENUE DES),"45,5937400","5,9009500",1,1,1,1948.0,0,1,0,-1,B01,2,0,2,4,1,5,3,LANDIERS (AVENUE DES),0.0,,2,2,2,1,2,1,5,5,70,child
202000022968,2,9,2020,0 days 16:50:00,1,73,73065,1,6,1,3,D10 LANDIERS (AVENUE DES),"45,5937400","5,9009500",1,4,1,1984.0,0,2,-1,-1,B01,2,0,2,4,1,5,3,LANDIERS (AVENUE DES),0.0,,2,2,2,1,2,1,5,5,70,adult
202000022974,7,9,2020,0 days 07:50:00,1,67,67482,2,2,1,3,PRESIDENT POINCARE (BOULEVARD DU),"48,5900500","7,7423800",1,1,2,1972.0,1,1,8,-1,B01,2,0,2,6,19,5,4,,0.0,,3,5,3,1,1,1,0,1,50,child
202000022974,7,9,2020,0 days 07:50:00,1,67,67482,2,2,1,3,PRESIDENT POINCARE (BOULEVARD DU),"48,5900500","7,7423800",1,4,2,2002.0,2,8,0,-1,B01,2,0,2,6,19,5,4,,0.0,,3,5,3,1,1,1,0,1,50,adult
202000022999,8,9,2020,0 days 18:55:00,1,33,33075,2,6,1,3,BD JACQUES CHABAN-DELMAS / RUE DU LAC,"44,8855800"," -0,5862300",1,1,1,1956.0,5,1,0,-1,B01,3,0,2,1,19,5,4,Boulevard J. CHABAN DELMAS,0.0,,2,2,0,1,1,1,0,1,50,child
202000022999,8,9,2020,0 days 18:55:00,1,33,33075,2,6,1,3,BD JACQUES CHABAN-DELMAS / RUE DU LAC,"44,8855800"," -0,5862300",1,3,2,2002.0,5,2,0,-1,B01,3,0,2,1,19,5,4,Boulevard J. CHABAN DELMAS,0.0,,2,2,0,1,1,1,0,1,50,adult
202000023010,8,9,2020,0 days 09:15:00,1,17,17333,2,6,1,-1,DE GAULLE (DU GENERAL),"45,6125800"," -0,9984700",1,1,1,1955.0,5,1,0,-1,B01,0,0,2,0,0,5,3,730,0.0,,2,2,0,1,1,1,5,1,50,child
202000023010,8,9,2020,0 days 09:15:00,1,17,17333,2,6,1,-1,DE GAULLE (DU GENERAL),"45,6125800"," -0,9984700",1,4,2,1995.0,5,8,0,-1,B01,0,0,2,0,0,5,3,730,0.0,,2,2,0,1,1,1,5,1,50,adult
202000023012,8,9,2020,0 days 13:30:00,1,14,14118,2,2,1,3,MAZURETTES (RUE DES),"49,1875600"," -0,3934400",1,4,1,1952.0,5,-1,0,-1,A01,2,0,2,1,5,5,4,1,0.0,,-1,2,0,4,3,1,0,1,50,child
202000023012,8,9,2020,0 days 13:30:00,1,14,14118,2,2,1,3,MAZURETTES (RUE DES),"49,1875600"," -0,3934400",1,1,1,1984.0,4,1,0,-1,A01,2,0,2,1,5,5,4,1,0.0,,-1,2,0,4,3,1,0,1,50,adult
202000023019,8,9,2020,0 days 12:35:00,1,13,13005,2,6,1,3,GEMENOS (ROUTE DE CD2),"43,2978500","5,5889100",1,3,1,1958.0,5,2,0,-1,B01,2,0,2,1,26,0,3,2,0.0,,1,2,0,1,2,1,3,1,50,child
202000023019,8,9,2020,0 days 12:35:00,1,13,13005,2,6,1,3,GEMENOS (ROUTE DE CD2),"43,2978500","5,5889100",1,1,2,1999.0,1,1,0,-1,B01,2,0,2,1,26,0,3,2,0.0,,1,2,0,1,2,1,3,1,50,adult
202000023067,9,9,2020,0 days 17:17:00,1,68,68058,1,9,1,3,D430,"47,9236620","7,1972680",1,1,1,1984.0,1,1,-1,-1,B01,1,0,0,7,19,5,3,430,-1.0,,2,2,1,1,1,1,0,1,80,child
202000023067,9,9,2020,0 days 17:17:00,1,68,68058,1,9,1,3,D430,"47,9236620","7,1972680",1,4,1,2007.0,2,2,-1,-1,B01,1,0,0,7,19,5,3,430,-1.0,,2,2,1,1,1,1,0,1,80,adult
202000023070,9,9,2020,0 days 12:10:00,1,86,86058,2,4,1,3,3 Route de Saint Claud,"46,6553245","0,5728337",1,1,1,1947.0,5,1,-1,-1,A01,3,0,2,8,9,5,4, Saint Claud,0.0,,2,2,0,2,1,1,0,8,50,child