Num_Acc,jour,mois,an,hrmn,lum,dep,com,agg,int,atm,col,adr,lat,long,catu,grav,sexe,an_nais,trajet,secu1,secu2,secu3,num_veh_y,senc,obs,obsm,choc,manv,motor,catr,voie,v1,v2,circ,nbv,vosp,prof,plan,surf,infra,situ,vma,age
202000023070,9,9,2020,0 days 12:10:00,1,86,86058,2,4,1,3,3 Route de Saint Claud,"46,6553245","0,5728337",1,3,2,2014.0,5,2,-1,-1,A01,3,0,2,8,9,5,4, Saint Claud,0.0,,2,2,0,2,1,1,0,8,50,adult
202000023113,9,8,2020,0 days 11:45:00,1,60,60590,1,1,1,1,8 Rue de la Gare,"49,5407380","1,9956450",1,1,1,1944.0,3,1,-1,-1,B01,0,0,2,1,5,5,3,72,0.0,,2,2,0,1,2,1,0,1,80,child
202000023113,9,8,2020,0 days 11:45:00,1,60,60590,1,1,1,1,8 Rue de la Gare,"49,5407380","1,9956450",1,4,1,2002.0,5,2,-1,-1,B01,0,0,2,1,5,5,3,72,0.0,,2,2,0,1,2,1,0,1,80,adult
202000023157,8,8,2020,0 days 11:50:00,1,28,28240,1,3,7,3,D15,"48,4737390","1,0030820",1,3,1,1943.0,5,2,-1,-1,B01,1,0,2,8,1,5,3,920,0.0,,2,2,0,1,1,1,0,1,80,child
202000023157,8,8,2020,0 days 11:50:00,1,28,28240,1,3,7,3,D15,"48,4737390","1,0030820",1,1,2,1969.0,3,1,-1,-1,B01,1,0,2,8,1,5,3,920,0.0,,2,2,0,1,1,1,0,1,80,adult
202000023184,9,8,2020,0 days 11:45:00,1,85,85092,2,1,1,3,3 Rue Georges Clémenceau,"46,4660120"," -0,8057140",1,3,2,1943.0,3,0,-1,-1,B01,3,0,2,3,2,5,4,,-1.0,,2,2,0,1,1,1,0,3,50,child
202000023184,9,8,2020,0 days 11:45:00,1,85,85092,2,1,1,3,3 Rue Georges Clémenceau,"46,4660120"," -0,8057140",1,1,2,1968.0,5,1,-1,-1,B01,3,0,2,3,2,5,4,,-1.0,,2,2,0,1,1,1,0,3,50,adult
202000023228,8,6,2020,0 days 07:40:00,2,69,69386,2,2,7,3,DUGUESCLIN                          (R ),"45,7670700","4,8476400",1,1,1,1958.0,9,1,0,-1,B01,1,0,0,0,0,0,4,,0.0,,1,2,1,1,1,1,0,1,50,child
202000023228,8,6,2020,0 days 07:40:00,2,69,69386,2,2,7,3,DUGUESCLIN                          (R ),"45,7670700","4,8476400",1,4,1,1990.0,1,2,0,-1,B01,1,0,0,0,0,0,4,,0.0,,1,2,1,1,1,1,0,1,50,adult
202000023255,23,7,2020,0 days 11:00:00,1,57,57606,2,1,1,-1,ALTMAYER (RUE DES GENERAUX),"49,1250834","6,7248012",2,1,1,1956.0,3,8,0,-1,B01,2,0,2,0,25,5,4,ALTMAYER (RUE DES GENERAUX),0.0,,2,2,0,1,1,1,0,4,50,child
202000023255,23,7,2020,0 days 11:00:00,1,57,57606,2,1,1,-1,ALTMAYER (RUE DES GENERAUX),"49,1250834","6,7248012",1,3,1,1984.0,3,8,0,-1,B01,2,0,2,0,25,5,4,ALTMAYER (RUE DES GENERAUX),0.0,,2,2,0,1,1,1,0,4,50,adult
202000023255,23,7,2020,0 days 11:00:00,1,57,57606,2,1,1,-1,ALTMAYER (RUE DES GENERAUX),"49,1250834","6,7248012",1,1,1,1990.0,3,1,8,-1,B01,2,0,2,0,25,5,4,ALTMAYER (RUE DES GENERAUX),0.0,,2,2,0,1,1,1,0,4,50,adult
202000023274,6,8,2020,0 days 11:20:00,1,42,42184,2,4,1,3,Rue Pierre Dubreuil,"46,0547236","4,0426858",1,3,1,1948.0,5,8,0,-1,B01,2,0,2,7,1,0,4,,0.0,,2,2,0,1,2,1,0,1,50,child
202000023274,6,8,2020,0 days 11:20:00,1,42,42184,2,4,1,3,Rue Pierre Dubreuil,"46,0547236","4,0426858",1,1,1,1976.0,0,1,0,-1,B01,2,0,2,7,1,0,4,,0.0,,2,2,0,1,2,1,0,1,50,adult
202000023290,8,6,2020,0 days 16:54:00,1,37,37261,2,2,1,-1,MARCEAU (RUE),"47,3935496","0,6850364",1,3,1,1960.0,0,8,0,-1,A01,2,0,2,1,15,5,4,,0.0,,1,1,1,1,1,1,0,1,50,child
202000023290,8,6,2020,0 days 16:54:00,1,37,37261,2,2,1,-1,MARCEAU (RUE),"47,3935496","0,6850364",1,1,1,2004.0,5,2,6,-1,A01,2,0,2,1,15,5,4,,0.0,,1,1,1,1,1,1,0,1,50,adult
202000023296,8,6,2020,0 days 16:30:00,1,33,33318,2,3,1,3,AVE JEANNE D'ARC / ALL DES GERANIUMS,"44,8142700"," -0,6382300",1,1,1,1980.0,0,8,-1,-1,A01,0,0,2,1,1,5,4,AVE JEANNE D'ARC,0.0,,2,2,0,1,1,1,0,1,50,child
202000023296,8,6,2020,0 days 16:30:00,1,33,33318,2,3,1,3,AVE JEANNE D'ARC / ALL DES GERANIUMS,"44,8142700"," -0,6382300",1,4,1,2006.0,5,8,-1,-1,A01,0,0,2,1,1,5,4,AVE JEANNE D'ARC,0.0,,2,2,0,1,1,1,0,1,50,adult
202000023299,7,6,2020,0 days 11:30:00,1,33,33529,1,1,1,1,BISCAROSSE (AVE) DUNE VERS BISCA,"44,5964100"," -1,1959400",1,1,1,1967.0,5,8,0,-1,A01,2,0,2,1,17,5,3,804,0.0,,2,2,-1,2,1,1,-1,5,30,child
202000023299,7,6,2020,0 days 11:30:00,1,33,33529,1,1,1,1,BISCAROSSE (AVE) DUNE VERS BISCA,"44,5964100"," -1,1959400",1,4,1,1989.0,5,8,0,-1,A01,2,0,2,1,17,5,3,804,0.0,,2,2,-1,2,1,1,-1,5,30,adult
202000023312,7,8,2020,0 days 11:00:00,1,13,13202,2,1,1,3,ARENC (QUAI D'),"43,3152627","5,3651502",1,4,1,1953.0,0,2,0,-1,B01,0,0,2,8,0,6,4,,0.0,,2,4,0,3,2,1,2,1,50,child
202000023312,7,8,2020,0 days 11:00:00,1,13,13202,2,1,1,3,ARENC (QUAI D'),"43,3152627","5,3651502",1,1,1,1986.0,4,8,0,-1,B01,0,0,2,8,0,6,4,,0.0,,2,4,0,3,2,1,2,1,50,adult
202000023313,7,6,2020,0 days 01:55:00,5,13,13201,2,1,1,-1,CANEBIERE     70 A FIN,"43,2977000","5,3813000",1,4,1,1970.0,0,8,0,-1,C01,1,0,2,4,0,0,4,,0.0,,1,2,1,1,1,1,0,1,50,child
202000023313,7,6,2020,0 days 01:55:00,5,13,13201,2,1,1,-1,CANEBIERE     70 A FIN,"43,2977000","5,3813000",1,1,1,1991.0,0,1,5,-1,C01,1,0,2,4,0,0,4,,0.0,,1,2,1,1,1,1,0,1,50,adult
202000023313,7,6,2020,0 days 01:55:00,5,13,13201,2,1,1,-1,CANEBIERE     70 A FIN,"43,2977000","5,3813000",2,4,1,1992.0,0,1,0,-1,C01,1,0,2,4,0,0,4,,0.0,,1,2,1,1,1,1,0,1,50,adult
202000023313,7,6,2020,0 days 01:55:00,5,13,13201,2,1,1,-1,CANEBIERE     70 A FIN,"43,2977000","5,3813000",2,1,1,1993.0,0,1,0,-1,C01,1,0,2,4,0,0,4,,0.0,,1,2,1,1,1,1,0,1,50,adult
202000023313,7,6,2020,0 days 01:55:00,5,13,13201,2,1,1,-1,CANEBIERE     70 A FIN,"43,2977000","5,3813000",1,4,1,1996.0,0,1,0,-1,C01,1,0,2,4,0,0,4,,0.0,,1,2,1,1,1,1,0,1,50,adult
202000023313,7,6,2020,0 days 01:55:00,5,13,13201,2,1,1,-1,CANEBIERE     70 A FIN,"43,2977000","5,3813000",2,1,2,1997.0,0,1,0,-1,C01,1,0,2,4,0,0,4,,0.0,,1,2,1,1,1,1,0,1,50,adult
202000023333,8,6,2020,0 days 16:20:00,1,75,75113,2,3,1,2,AVENUE D ITALIE,"48,8204240","2,3590650",1,1,2,1953.0,5,1,0,-1,A01,1,0,2,1,1,5,4,,0.0,,2,3,1,1,1,1,0,1,50,child
202000023333,8,6,2020,0 days 16:20:00,1,75,75113,2,3,1,2,AVENUE D ITALIE,"48,8204240","2,3590650",1,4,1,1987.0,5,8,0,-1,A01,1,0,2,1,1,5,4,,0.0,,2,3,1,1,1,1,0,1,50,adult
202000023339,8,6,2020,0 days 09:40:00,1,75,75111,2,4,8,1,RUE SAINT MAUR,"48,8594350","2,3827550",1,1,2,1960.0,9,1,8,-1,B01,2,0,2,1,1,5,4,,0.0,,1,1,2,1,1,1,-1,5,30,child
202000023339,8,6,2020,0 days 09:40:00,1,75,75111,2,4,8,1,RUE SAINT MAUR,"48,8594350","2,3827550",1,4,2,1993.0,1,2,8,-1,B01,2,0,2,1,1,5,4,,0.0,,1,1,2,1,1,1,-1,5,30,adult
202000023346,8,6,2020,0 days 12:20:00,1,75,75103,2,4,1,3,RUE DE TURBIGO,"48,8668000","2,3620020",1,1,1,1934.0,3,1,0,-1,B01,2,0,2,3,1,5,4,,0.0,,1,2,1,1,1,1,-1,5,50,child
202000023346,8,6,2020,0 days 12:20:00,1,75,75103,2,4,1,3,RUE DE TURBIGO,"48,8668000","2,3620020",1,4,2,1980.0,1,2,0,-1,B01,2,0,2,3,1,5,4,,0.0,,1,2,1,1,1,1,-1,5,50,adult
202000023355,6,6,2020,0 days 15:40:00,1,94,94079,2,1,1,6,MAURICE DUDRAGNE (R),"48,8318810","2,5495500",3,4,2,1944.0,0,0,-1,-1,A01,1,0,1,1,1,5,4,MAURICE DUDRAGNE (R),0.0,,2,2,0,1,1,1,0,1,50,child
202000023355,6,6,2020,0 days 15:40:00,1,94,94079,2,1,1,6,MAURICE DUDRAGNE (R),"48,8318810","2,5495500",1,1,1,1999.0,0,8,0,-1,A01,1,0,1,1,1,5,4,MAURICE DUDRAGNE (R),0.0,,2,2,0,1,1,1,0,1,50,adult
202000023368,5,6,2020,0 days 17:01:00,1,92,92063,2,6,1,3,HUIT MAI 1945 (PLACE DU),"48,8714449","2,2032282",1,2,1,1941.0,5,8,0,-1,B01,1,0,2,8,16,5,4,8 MAI 1945 (PLACE DU),0.0,,1,2,0,1,3,1,0,1,50,child
202000023368,5,6,2020,0 days 17:01:00,1,92,92063,2,6,1,3,HUIT MAI 1945 (PLACE DU),"48,8714449","2,2032282",1,1,1,1981.0,4,1,8,-1,B01,1,0,2,8,16,5,4,8 MAI 1945 (PLACE DU),0.0,,1,2,0,1,3,1,0,1,50,adult
202000023383,8,6,2020,0 days 20:05:00,1,56,56078,2,1,1,6,11 Rue Herbert Clémens,"47,7769790"," -3,5160340",1,1,1,1967.0,5,2,6,9,A01,0,0,1,0,0,6,4,,-1.0,,2,2,0,1,1,1,0,1,50,child
202000023383,8,6,2020,0 days 20:05:00,1,56,56078,2,1,1,6,11 Rue Herbert Clémens,"47,7769790"," -3,5160340",3,4,2,1999.0,5,0,-1,-1,A01,0,0,1,0,0,6,4,,-1.0,,2,2,0,1,1,1,0,1,50,adult
202000023462,7,6,2020,0 days 17:00:00,1,75,75119,2,1,1,6,AVENUE DE FLANDRE,"48,8932780","2,3800010",1,4,1,1988.0,5,2,0,-1,A01,2,12,1,1,1,5,4,,0.0,,1,2,1,1,1,1,-1,5,50,child
202000023462,7,6,2020,0 days 17:00:00,1,75,75119,2,1,1,6,AVENUE DE FLANDRE,"48,8932780","2,3800010",3,4,1,2013.0,5,0,-1,-1,A01,2,12,1,1,1,5,4,,0.0,,1,2,1,1,1,1,-1,5,50,adult
202000023489,5,10,2020,0 days 12:05:00,1,13,13005,2,1,1,3,BEAUDINARD (ROUTE DE),"43,3109100","5,5844800",1,4,1,1955.0,5,2,8,-1,B01,2,0,2,1,1,5,4,BEAUDINARD (ROUTE DE),0.0,,2,2,0,1,1,1,0,1,50,child
202000023489,5,10,2020,0 days 12:05:00,1,13,13005,2,1,1,3,BEAUDINARD (ROUTE DE),"43,3109100","5,5844800",1,1,1,1992.0,4,1,8,-1,B01,2,0,2,1,1,5,4,BEAUDINARD (ROUTE DE),0.0,,2,2,0,1,1,1,0,1,50,adult
202000023509,5,10,2020,0 days 20:00:00,5,75,75110,2,2,2,3,RUE DU CHATEAU D EAU,"48,8704950","2,3595370",1,1,1,1962.0,5,8,0,-1,B01,2,0,2,1,1,5,4,,0.0,,1,1,1,1,1,2,-1,5,50,child
202000023509,5,10,2020,0 days 20:00:00,5,75,75110,2,2,2,3,RUE DU CHATEAU D EAU,"48,8704950","2,3595370",1,4,2,1993.0,5,8,0,-1,B01,2,0,2,1,1,5,4,,0.0,,1,1,1,1,1,2,-1,5,50,adult
202000023583,5,10,2020,0 days 15:30:00,1,83,83048,2,1,1,3,Boulevard Saint Raphael,"43,2084760","6,5692610",1,3,1,1931.0,5,0,-1,-1,B01,2,0,2,8,13,5,3,559,-1.0,,2,2,0,2,1,1,0,1,50,child
202000023583,5,10,2020,0 days 15:30:00,1,83,83048,2,1,1,3,Boulevard Saint Raphael,"43,2084760","6,5692610",1,1,1,1960.0,4,1,-1,-1,B01,2,0,2,8,13,5,3,559,-1.0,,2,2,0,2,1,1,0,1,50,adult
202000023605,22,10,2020,0 days 10:45:00,1,22,22113,2,9,1,1,FRERES LAGADEC (RUE DES),"48,7260083"," -3,4697388",1,1,1,1956.0,5,1,0,-1,A01,3,0,2,1,26,5,4,FRERES LAGADEC (RUE DES),0.0,,2,2,0,2,1,2,0,1,50,child
202000023605,22,10,2020,0 days 10:45:00,1,22,22113,2,9,1,1,FRERES LAGADEC (RUE DES),"48,7260083"," -3,4697388",1,4,2,2004.0,5,8,0,-1,A01,3,0,2,1,26,5,4,FRERES LAGADEC (RUE DES),0.0,,2,2,0,2,1,2,0,1,50,adult
202000023631,9,11,2020,0 days 08:45:00,1,75,75105,2,1,1,3,RUE BUFFON,"48,8421990","2,3599300",1,4,1,1975.0,1,2,0,-1,B01,2,0,2,1,1,5,4,,0.0,,2,2,1,1,1,1,-1,5,30,child
202000023631,9,11,2020,0 days 08:45:00,1,75,75105,2,1,1,3,RUE BUFFON,"48,8421990","2,3599300",1,1,1,2001.0,1,8,0,-1,B01,2,0,2,1,1,5,4,,0.0,,2,2,1,1,1,1,-1,5,30,adult
202000023641,9,11,2020,0 days 08:40:00,1,75,75110,2,2,1,6,BOULEVARD DE MAGENTA,"48,8705460","2,3611960",3,4,2,1965.0,1,0,-1,-1,A01,1,0,1,1,25,5,4,,0.0,,2,6,3,1,1,1,0,4,50,child
202000023641,9,11,2020,0 days 08:40:00,1,75,75110,2,2,1,6,BOULEVARD DE MAGENTA,"48,8705460","2,3611960",1,1,1,2004.0,2,8,0,-1,A01,1,0,1,1,25,5,4,,0.0,,2,6,3,1,1,1,0,4,50,adult
202000023643,9,11,2020,0 days 16:20:00,1,94,94058,2,1,1,3,PIERRE BROSSOLETTE (AV),"48,8348150","2,5062110",1,4,1,1975.0,5,2,8,-1,B01,3,0,2,2,19,5,3,120,0.0,,2,2,0,1,1,1,0,8,30,child
202000023643,9,11,2020,0 days 16:20:00,1,94,94058,2,1,1,3,PIERRE BROSSOLETTE (AV),"48,8348150","2,5062110",1,4,1,2006.0,2,8,0,-1,B01,3,0,2,2,19,5,3,120,0.0,,2,2,0,1,1,1,0,8,30,adult
202000023700,9,11,2020,0 days 07:33:00,2,29,29024,2,6,1,3,Avenue victor hugo,"48,2770880"," -3,5593830",1,1,2,1980.0,1,1,-1,-1,B01,1,0,2,7,1,5,4,Avenue victor hugo,-1.0,,2,2,0,1,1,1,5,1,50,child
202000023700,9,11,2020,0 days 07:33:00,2,29,29024,2,6,1,3,Avenue victor hugo,"48,2770880"," -3,5593830",1,3,1,2007.0,2,2,-1,-1,B01,1,0,2,7,1,5,4,Avenue victor hugo,-1.0,,2,2,0,1,1,1,5,1,50,adult
202000023712,3,11,2020,0 days 06:35:00,5,53,53097,2,6,9,3,Boulevard du Maréchal de Lattre de Tassigny,"48,1478060"," -0,4127490",1,1,1,1967.0,1,1,-1,-1,B01,1,0,2,7,1,5,3,32,0.0,D,2,2,0,1,1,2,0,1,70,child
202000023712,3,11,2020,0 days 06:35:00,5,53,53097,2,6,9,3,Boulevard du Maréchal de Lattre de Tassigny,"48,1478060"," -0,4127490",1,3,2,2000.0,1,9,-1,-1,B01,1,0,2,7,1,5,3,32,0.0,D,2,2,0,1,1,2,0,1,70,adult
202000023717,26,9,2020,0 days 11:45:00,1,69,69264,2,1,2,-1,AMPERE  (rue),"45,9879500","4,7246000",1,3,1,1971.0,5,8,0,-1,A01,3,1,0,0,25,5,4,,0.0,,1,1,0,1,1,2,0,4,50,child
202000023717,26,9,2020,0 days 11:45:00,1,69,69264,2,1,2,-1,AMPERE  (rue),"45,9879500","4,7246000",1,1,2,1994.0,5,1,0,-1,A01,3,1,0,0,25,5,4,,0.0,,1,1,0,1,1,2,0,4,50,adult
202000023758,8,11,2020,0 days 19:05:00,3,91,91434,2,1,1,2,SALVADOR ALLENDE (RUE),"48,6590520","2,3487830",1,1,1,1975.0,9,1,0,-1,B01,2,0,2,0,0,5,4,SALVADOR ALLENDE (RUE),0.0,,2,2,0,1,1,1,0,1,50,child
202000023758,8,11,2020,0 days 19:05:00,3,91,91434,2,1,1,2,SALVADOR ALLENDE (RUE),"48,6590520","2,3487830",1,4,1,2002.0,9,8,0,-1,B01,2,0,2,0,0,5,4,SALVADOR ALLENDE (RUE),0.0,,2,2,0,1,1,1,0,1,50,adult
202000023775,6,11,2020,0 days 17:55:00,5,34,34129,1,2,1,3,EUROPE (AVENUE DE L'),"43,5716300","3,8957400",1,1,1,1969.0,1,1,8,-1,A01,1,0,2,8,19,5,3,132,0.0,,2,2,1,1,1,1,3,1,50,child
202000023775,6,11,2020,0 days 17:55:00,5,34,34129,1,2,1,3,EUROPE (AVENUE DE L'),"43,5716300","3,8957400",1,4,1,1991.0,3,8,0,-1,A01,1,0,2,8,19,5,3,132,0.0,,2,2,1,1,1,1,3,1,50,adult
202000023823,9,11,2020,0 days 07:50:00,1,17,17337,1,1,1,2,D734,"45,9910730"," -1,3611670",1,2,1,1954.0,3,0,-1,-1,B01,2,0,2,4,2,5,3,734,-1.0,,2,2,0,1,1,1,0,1,80,child
202000023823,9,11,2020,0 days 07:50:00,1,17,17337,1,1,1,2,D734,"45,9910730"," -1,3611670",1,1,1,1978.0,1,1,-1,-1,B01,2,0,2,4,2,5,3,734,-1.0,,2,2,0,1,1,1,0,1,80,adult
202000023828,9,11,2020,0 days 07:50:00,1,973,97309,2,1,1,3,Route de Montjoly (rd1),"4,9131500"," -52,2730990",1,1,1,1945.0,5,1,-1,-1,B01,1,0,2,2,19,5,3,1,-1.0,,2,2,3,1,1,1,9,8,50,child
202000023828,9,11,2020,0 days 07:50:00,1,973,97309,2,1,1,3,Route de Montjoly (rd1),"4,9131500"," -52,2730990",1,3,1,2005.0,2,0,-1,-1,B01,1,0,2,2,19,5,3,1,-1.0,,2,2,3,1,1,1,9,8,50,adult
202000023857,6,11,2020,0 days 16:00:00,1,988,98818,2,1,1,3,VICTOIRE-HENRI LAFLEUR (AVENUE DE LA)," -22,2744300","166,4467800",1,4,1,1964.0,0,2,8,-1,B01,3,0,2,8,1,5,4,624,0.0,,3,5,0,2,1,1,0,1,50,child
202000023857,6,11,2020,0 days 16:00:00,1,988,98818,2,1,1,3,VICTOIRE-HENRI LAFLEUR (AVENUE DE LA)," -22,2744300","166,4467800",1,1,1,1988.0,0,1,8,-1,B01,3,0,2,8,1,5,4,624,0.0,,3,5,0,2,1,1,0,1,50,adult
202000023960,16,12,2020,0 days 14:47:00,1,49,49007,2,1,1,3,GAIN ( LOUIS),"47,4694870"," -0,5415160",1,1,1,1980.0,1,1,0,-1,B01,1,0,2,1,1,5,4,GAIN ( LOUIS),0.0,,-1,2,0,1,1,1,0,1,50,child
202000023960,16,12,2020,0 days 14:47:00,1,49,49007,2,1,1,3,GAIN ( LOUIS),"47,4694870"," -0,5415160",1,4,1,2006.0,2,2,4,-1,B01,1,0,2,1,1,5,4,GAIN ( LOUIS),0.0,,-1,2,0,1,1,1,0,1,50,adult
202000023994,17,12,2020,0 days 15:00:00,1,75,75115,2,1,1,3,AVENUE DE LA PORTE DE SEVRES,"48,8351830","2,2777080",1,1,1,1953.0,9,1,0,-1,B01,1,0,2,1,1,5,4,,0.0,,3,4,0,1,1,1,0,1,50,child
202000023994,17,12,2020,0 days 15:00:00,1,75,75115,2,1,1,3,AVENUE DE LA PORTE DE SEVRES,"48,8351830","2,2777080",1,4,1,1983.0,9,8,0,-1,B01,1,0,2,1,1,5,4,,0.0,,3,4,0,1,1,1,0,1,50,adult
202000023996,17,12,2020,0 days 17:40:00,5,75,75114,2,1,1,6,AVENUE DU GENERAL LECLERC,"48,8317090","2,3302340",3,4,2,1936.0,5,8,8,-1,A01,1,0,1,1,25,5,4,,0.0,,2,7,0,1,1,1,0,4,30,child
202000023996,17,12,2020,0 days 17:40:00,5,75,75114,2,1,1,6,AVENUE DU GENERAL LECLERC,"48,8317090","2,3302340",1,1,1,1975.0,9,2,0,-1,A01,1,0,1,1,25,5,4,,0.0,,2,7,0,1,1,1,0,4,30,adult
202000024000,17,12,2020,0 days 14:33:00,1,75,75108,2,7,1,3,PLACE DE LA CONCORDE,"48,8640760","2,3201270",1,1,1,1961.0,4,1,0,-1,A01,3,0,2,7,19,5,4,,0.0,,2,4,0,1,1,1,0,1,50,child
202000024000,17,12,2020,0 days 14:33:00,1,75,75108,2,7,1,3,PLACE DE LA CONCORDE,"48,8640760","2,3201270",1,4,2,1987.0,9,8,0,-1,A01,3,0,2,7,19,5,4,,0.0,,2,4,0,1,1,1,0,1,50,adult
202000024010,15,12,2020,0 days 16:10:00,1,94,94041,2,2,1,3,VICTOR HUGO (R),"48,8214100","2,3903300",1,4,1,1956.0,0,0,0,-1,B01,1,0,2,1,1,5,3,150,0.0,,2,2,0,1,1,1,0,1,50,child
202000024010,15,12,2020,0 days 16:10:00,1,94,94041,2,2,1,3,VICTOR HUGO (R),"48,8214100","2,3903300",1,1,1,1981.0,1,1,0,-1,B01,1,0,2,1,1,5,3,150,0.0,,2,2,0,1,1,1,0,1,50,adult
202000024017,17,12,2020,0 days 12:30:00,1,93,93005,2,6,2,3,LEFEVRE (BOULEVARD),"48,9388540","2,4890616",1,1,2,1958.0,0,1,0,-1,A01,2,0,2,0,0,0,4,,0.0,,2,2,0,1,2,2,0,1,50,child
202000024017,17,12,2020,0 days 12:30:00,1,93,93005,2,6,2,3,LEFEVRE (BOULEVARD),"48,9388540","2,4890616",1,4,2,2002.0,0,8,0,-1,A01,2,0,2,0,0,0,4,,0.0,,2,2,0,1,2,2,0,1,50,adult
202000024086,18,4,2020,0 days 11:30:00,1,972,97213,2,9,1,1,ROUTE DEPARTEMENTALE 14,"14,6227000"," -61,0170000",1,1,2,1960.0,9,1,-1,-1,Y01,2,0,2,1,1,6,4,ROUTE DEPARTEMENTALE 14,0.0,,2,2,0,3,1,1,0,1,30,child
202000024086,18,4,2020,0 days 11:30:00,1,972,97213,2,9,1,1,ROUTE DEPARTEMENTALE 14,"14,6227000"," -61,0170000",1,4,1,2003.0,5,8,0,-1,Y01,2,0,2,1,1,6,4,ROUTE DEPARTEMENTALE 14,0.0,,2,2,0,3,1,1,0,1,30,adult
202000024168,17,4,2020,0 days 11:50:00,1,94,94041,2,1,1,3,MOLIERE (R),"48,8130600","2,3962200",1,3,2,1969.0,0,2,0,-1,B01,1,1,0,1,1,0,4,MOLIERE (R),0.0,,2,2,0,1,1,1,0,1,50,child
202000024168,17,4,2020,0 days 11:50:00,1,94,94041,2,1,1,3,MOLIERE (R),"48,8130600","2,3962200",1,1,1,1996.0,0,1,0,-1,B01,1,1,0,1,1,0,4,MOLIERE (R),0.0,,2,2,0,1,1,1,0,1,50,adult
202000024176,17,4,2020,0 days 14:50:00,1,79,79083,2,1,1,1,1 Rue Hippolyte Hairaud,"46,1108160"," -0,0682700",1,3,2,1952.0,5,0,-1,-1,A01,2,0,2,1,13,5,3,105,-1.0,,2,2,0,4,2,1,0,1,30,child
202000024176,17,4,2020,0 days 14:50:00,1,79,79083,2,1,1,1,1 Rue Hippolyte Hairaud,"46,1108160"," -0,0682700",1,1,1,1989.0,3,1,-1,-1,A01,2,0,2,1,13,5,3,105,-1.0,,2,2,0,4,2,1,0,1,30,adult
202000024193,15,4,2020,0 days 16:53:00,1,76,76575,2,3,1,3,VAL L'ABBE. RUE DU,"49,3812200","1,1001400",1,1,1,1958.0,0,1,0,-1,B01,1,0,2,2,0,5,3,18,0.0,,-1,2,0,1,1,1,-1,1,50,child
202000024193,15,4,2020,0 days 16:53:00,1,76,76575,2,3,1,3,VAL L'ABBE. RUE DU,"49,3812200","1,1001400",1,4,2,1986.0,0,2,0,-1,B01,1,0,2,2,0,5,3,18,0.0,,-1,2,0,1,1,1,-1,1,50,adult
202000024209,16,4,2020,0 days 19:10:00,1,94,94075,2,1,1,2,MANDRES (R DE),"48,7153860","2,5372570",1,4,1,1959.0,5,2,0,-1,A01,2,0,2,1,1,5,3,253,0.0,,-1,2,0,2,1,1,0,1,50,child
202000024209,16,4,2020,0 days 19:10:00,1,94,94075,2,1,1,2,MANDRES (R DE),"48,7153860","2,5372570",1,1,2,1984.0,5,1,0,-1,A01,2,0,2,1,1,5,3,253,0.0,,-1,2,0,2,1,1,0,1,50,adult
202000024228,29,1,2020,0 days 09:25:00,1,14,14258,2,3,1,-1,Route de Caen,"48,8982070"," -0,2001520",1,1,1,1935.0,5,1,-1,-1,B01,2,0,2,7,19,5,3,658,-1.0,,2,2,0,2,1,1,9,1,50,child
202000024228,29,1,2020,0 days 09:25:00,1,14,14258,2,3,1,-1,Route de Caen,"48,8982070"," -0,2001520",1,3,1,2001.0,1,0,-1,-1,B01,2,0,2,7,19,5,3,658,-1.0,,2,2,0,2,1,1,9,1,50,adult
202000024231,15,4,2020,0 days 09:05:00,1,69,69259,2,9,1,3,EMILE ZOLA                          (R ),"45,7028300","4,8864500",1,4,1,1935.0,0,8,0,-1,B01,0,0,2,7,1,5,4,EMILE ZOLA                          (R ),0.0,,2,2,0,1,1,1,0,1,50,child
202000024231,15,4,2020,0 days 09:05:00,1,69,69259,2,9,1,3,EMILE ZOLA                          (R ),"45,7028300","4,8864500",1,1,1,1980.0,0,8,0,-1,B01,0,0,2,7,1,5,4,EMILE ZOLA                          (R ),0.0,,2,2,0,1,1,1,0,1,50,adult
202000024294,18,1,2020,0 days 09:30:00,1,69,69259,2,1,1,3,JEAN MACE                           (R ),"45,6984011","4,8844909",1,1,1,1970.0,0,8,0,-1,B01,3,0,2,1,17,0,4,JEAN MACE                           (R ),0.0,,2,2,0,1,1,1,0,1,50,child
202000024294,18,1,2020,0 days 09:30:00,1,69,69259,2,1,1,3,JEAN MACE                           (R ),"45,6984011","4,8844909",1,4,1,2000.0,0,8,0,-1,B01,3,0,2,1,17,0,4,JEAN MACE                           (R ),0.0,,2,2,0,1,1,1,0,1,50,adult
202000024335,18,1,2020,0 days 19:30:00,5,75,75120,2,3,1,3,BOULEVARD DE BELLEVILLE,"48,8695724","2,3799790",1,1,1,1946.0,5,1,0,-1,B01,1,0,2,4,1,5,4,,0.0,,3,2,1,1,1,1,-1,5,50,child
202000024335,18,1,2020,0 days 19:30:00,5,75,75120,2,3,1,3,BOULEVARD DE BELLEVILLE,"48,8695724","2,3799790",1,4,1,1986.0,5,8,2,-1,B01,1,0,2,4,1,5,4,,0.0,,3,2,1,1,1,1,-1,5,50,adult
202000024460,9,7,2020,0 days 16:15:00,1,75,75114,2,2,1,3,RUE MONTBRUN,"48,8288870","2,3300630",1,1,1,1968.0,5,1,0,-1,B01,0,0,2,7,16,5,4,,0.0,,2,2,0,1,1,1,0,1,30,child
202000024460,9,7,2020,0 days 16:15:00,1,75,75114,2,2,1,3,RUE MONTBRUN,"48,8288870","2,3300630",1,4,2,1994.0,1,2,0,-1,B01,0,0,2,7,16,5,4,,0.0,,2,2,0,1,1,1,0,1,30,adult