Num_Acc,jour,mois,an,hrmn,lum,dep,com,agg,int,atm,col,adr,lat,long,catu,grav,sexe,an_nais,trajet,secu1,secu2,secu3,num_veh_y,senc,obs,obsm,choc,manv,motor,catr,voie,v1,v2,circ,nbv,vosp,prof,plan,surf,infra,situ,vma,age
202000027110,9,4,2020,0 days 14:00:00,1,13,13056,1,1,1,2,ROUTE DU PORT DE LAVERA,"43,3947500","5,0110100",1,1,1,1978.0,1,1,0,-1,A01,1,0,2,0,0,0,3,49,0.0,F,1,2,1,1,2,1,0,1,50,adult
202000027142,5,8,2020,0 days 15:45:00,1,27,27229,2,1,1,2,ROOSEVELT (RUE FRANKLIN DELANO),"49,0221000","1,1520000",1,1,1,1955.0,0,1,5,-1,A01,0,0,2,1,1,5,4,ROOSEVELT (RUE FRANKLIN DELANO),0.0,,1,1,0,1,4,1,0,1,50,child
202000027142,5,8,2020,0 days 15:45:00,1,27,27229,2,1,1,2,ROOSEVELT (RUE FRANKLIN DELANO),"49,0221000","1,1520000",1,4,1,2002.0,0,2,6,-1,A01,0,0,2,1,1,5,4,ROOSEVELT (RUE FRANKLIN DELANO),0.0,,1,1,0,1,4,1,0,1,50,adult
202000027240,5,8,2020,0 days 10:40:00,1,75,75113,2,2,1,3,BOULEVARD DE L HOPITAL,"48,8388540","2,3610010",1,1,1,1978.0,9,1,0,-1,A01,2,0,2,6,1,5,4,,0.0,,2,2,0,2,1,1,0,1,50,child
202000027240,5,8,2020,0 days 10:40:00,1,75,75113,2,2,1,3,BOULEVARD DE L HOPITAL,"48,8388540","2,3610010",1,4,1,2000.0,1,8,0,-1,A01,2,0,2,6,1,5,4,,0.0,,2,2,0,2,1,1,0,1,50,adult
202000027252,2,10,2020,0 days 08:30:00,1,974,97411,2,2,1,3,Boulevard Jean Jaurès," -20,8894420","55,4506480",1,1,1,1956.0,0,1,8,-1,A01,1,0,2,3,1,5,2,6,0.0,,1,1,1,1,1,1,0,1,50,child
202000027252,2,10,2020,0 days 08:30:00,1,974,97411,2,2,1,3,Boulevard Jean Jaurès," -20,8894420","55,4506480",1,4,1,1992.0,5,8,0,-1,A01,1,0,2,3,1,5,2,6,0.0,,1,1,1,1,1,1,0,1,50,adult
202000027263,2,10,2020,0 days 10:30:00,1,69,69383,2,1,2,6,DOCTEUR BOUCHUT (DU)                (R ),"45,7594240","4,8545569",1,4,2,1943.0,0,8,0,-1,A01,2,0,1,1,1,5,4,,0.0,,2,2,1,1,1,1,0,1,50,child
202000027263,2,10,2020,0 days 10:30:00,1,69,69383,2,1,2,6,DOCTEUR BOUCHUT (DU)                (R ),"45,7594240","4,8545569",3,1,1,1979.0,4,8,-1,-1,A01,2,0,1,1,1,5,4,,0.0,,2,2,1,1,1,1,0,1,50,adult
202000027358,1,10,2020,0 days 15:30:00,1,67,67482,2,1,3,3,PAUL DOPFF (RUE) ,"48,5550000","7,7680600",1,1,1,1955.0,0,1,8,-1,B01,2,0,2,3,19,5,4,,0.0,,2,3,3,1,1,2,0,1,50,child
202000027358,1,10,2020,0 days 15:30:00,1,67,67482,2,1,3,3,PAUL DOPFF (RUE) ,"48,5550000","7,7680600",1,4,1,1981.0,0,2,8,-1,B01,2,0,2,3,19,5,4,,0.0,,2,3,3,1,1,2,0,1,50,adult
202000027379,5,11,2020,0 days 17:02:00,2,01,01160,2,6,8,3,Avenue du Jura,"46,2595110","6,1110590",1,1,2,1965.0,1,1,-1,-1,B01,2,0,2,2,1,6,3,1005,0.0,,4,4,0,1,1,1,8,1,50,child
202000027379,5,11,2020,0 days 17:02:00,2,01,01160,2,6,8,3,Avenue du Jura,"46,2595110","6,1110590",1,4,2,1993.0,1,0,-1,-1,B01,2,0,2,2,1,6,3,1005,0.0,,4,4,0,1,1,1,8,1,50,adult
202000027398,2,10,2020,0 days 17:10:00,1,56,56260,2,3,3,3,Boulevard de la Paix,"47,6594000"," -2,7502000",1,1,2,1982.0,1,1,0,-1,B01,1,0,2,1,1,5,3,779,0.0,B,2,4,1,2,1,2,5,5,50,child
202000027398,2,10,2020,0 days 17:10:00,1,56,56260,2,3,3,3,Boulevard de la Paix,"47,6594000"," -2,7502000",1,4,1,2004.0,5,8,0,-1,B01,1,0,2,1,1,5,3,779,0.0,B,2,4,1,2,1,2,5,5,50,adult
202000027399,2,2,2020,0 days 10:10:00,1,83,83069,1,6,1,3,NICE (ROUTE DE),"43,1287000","6,1553000",1,4,1,1950.0,5,2,8,-1,B01,1,0,2,1,9,6,3,NICE (ROUTE DE),0.0,,-1,1,0,1,2,1,9,8,30,child
202000027399,2,2,2020,0 days 10:10:00,1,83,83069,1,6,1,3,NICE (ROUTE DE),"43,1287000","6,1553000",1,1,1,1984.0,9,1,8,-1,B01,1,0,2,1,9,6,3,NICE (ROUTE DE),0.0,,-1,1,0,1,2,1,9,8,30,adult
202000027479,1,10,2020,0 days 16:35:00,1,35,35238,2,1,2,6,CHATEAUBRIAND (QUAI),"48,1102800"," -1,6762400",3,4,2,1964.0,1,0,-1,-1,A01,3,0,1,3,19,5,4,CHATEAUBRIAND (QUAI),0.0,,1,1,2,1,1,2,0,5,30,child
202000027479,1,10,2020,0 days 16:35:00,1,35,35238,2,1,2,6,CHATEAUBRIAND (QUAI),"48,1102800"," -1,6762400",1,1,2,1988.0,1,8,0,-1,A01,3,0,1,3,19,5,4,CHATEAUBRIAND (QUAI),0.0,,1,1,2,1,1,2,0,5,30,adult
202000027519,4,11,2020,0 days 08:55:00,1,17,17200,2,6,1,3,LAGORD   AVENUE DE,"46,1874569"," -1,1589104",1,1,1,1951.0,9,1,0,-1,B01,3,0,2,1,1,5,4,LAGORD   AVENUE DE,0.0,,2,2,0,1,1,1,5,1,30,child
202000027519,4,11,2020,0 days 08:55:00,1,17,17200,2,6,1,3,LAGORD   AVENUE DE,"46,1874569"," -1,1589104",1,4,2,1979.0,5,8,0,-1,B01,3,0,2,1,1,5,4,LAGORD   AVENUE DE,0.0,,2,2,0,1,1,1,5,1,30,adult
202000027550,7,4,2020,0 days 08:25:00,1,37,37261,2,2,1,-1,VICTOIRE (RUE DE LA),"47,3925916","0,6789603",1,1,1,1966.0,4,1,0,-1,A01,3,0,2,5,1,5,4,,0.0,,2,2,0,1,1,1,0,1,30,child
202000027550,7,4,2020,0 days 08:25:00,1,37,37261,2,2,1,-1,VICTOIRE (RUE DE LA),"47,3925916","0,6789603",1,4,2,1991.0,0,8,0,-1,A01,3,0,2,5,1,5,4,,0.0,,2,2,0,1,1,1,0,1,30,adult
202000027599,4,11,2020,0 days 18:15:00,5,94,94079,2,1,1,1,JEAN MONNET (BD),"48,8349800","2,5399100",1,3,1,1966.0,0,2,6,-1,B01,1,0,9,1,26,0,4,JEAN MONNET (BD),0.0,,2,1,1,1,1,1,0,4,30,child
202000027599,4,11,2020,0 days 18:15:00,5,94,94079,2,1,1,1,JEAN MONNET (BD),"48,8349800","2,5399100",1,4,1,2001.0,5,8,0,-1,B01,1,0,9,1,26,0,4,JEAN MONNET (BD),0.0,,2,1,1,1,1,1,0,4,30,adult
202000027678,5,6,2020,0 days 12:50:00,1,75,75116,2,3,8,6,RUE DE LA POMPE,"48,8608120","2,2752160",3,1,2,1945.0,9,0,-1,-1,A01,2,0,1,7,1,5,4,,0.0,,2,2,0,1,1,1,0,1,30,child
202000027678,5,6,2020,0 days 12:50:00,1,75,75116,2,3,8,6,RUE DE LA POMPE,"48,8608120","2,2752160",1,4,1,1989.0,9,8,0,-1,A01,2,0,1,7,1,5,4,,0.0,,2,2,0,1,1,1,0,1,30,adult
202000027689,5,6,2020,0 days 17:50:00,1,75,75114,2,3,8,2,RUE D ALESIA,"48,8278390","2,3289510",1,1,1,1935.0,5,8,0,-1,A01,2,0,2,1,1,5,4,,0.0,,2,3,3,1,1,1,0,1,30,child
202000027689,5,6,2020,0 days 17:50:00,1,75,75114,2,3,8,2,RUE D ALESIA,"48,8278390","2,3289510",1,4,1,2002.0,5,8,0,-1,A01,2,0,2,1,1,5,4,,0.0,,2,3,3,1,1,1,0,1,30,adult
202000027700,4,6,2020,0 days 13:30:00,1,75,75108,2,3,2,3,AVENUE DES CHAMPS ELYSEES,"48,8710890","2,3034860",1,1,2,1959.0,5,1,0,-1,B01,2,0,2,1,1,5,4,,0.0,,2,8,1,1,1,2,-1,5,50,child
202000027700,4,6,2020,0 days 13:30:00,1,75,75108,2,3,2,3,AVENUE DES CHAMPS ELYSEES,"48,8710890","2,3034860",1,4,1,1988.0,4,2,0,-1,B01,2,0,2,1,1,5,4,,0.0,,2,8,1,1,1,2,-1,5,50,adult
202000027778,2,10,2020,0 days 07:40:00,2,91,91661,2,1,3,1,Rue des Maraichers,"48,6985160","2,2302670",1,3,2,1961.0,1,8,-1,-1,B01,0,0,2,1,1,5,4,MARAICHERS (RUE DES),0.0,C,2,2,0,2,1,2,0,1,50,child
202000027778,2,10,2020,0 days 07:40:00,2,91,91661,2,1,3,1,Rue des Maraichers,"48,6985160","2,2302670",1,1,2,1993.0,9,8,-1,-1,B01,0,0,2,1,1,5,4,MARAICHERS (RUE DES),0.0,C,2,2,0,2,1,2,0,1,50,adult
202000027783,6,6,2020,0 days 10:20:00,1,49,49125,2,6,1,2,boulevard charles de gaulle,"47,1929930"," -0,2895280",1,4,1,1952.0,5,0,-1,-1,B01,0,0,0,4,26,0,4,,-1.0,,-1,2,0,1,2,1,0,1,-1,child
202000027783,6,6,2020,0 days 10:20:00,1,49,49125,2,6,1,2,boulevard charles de gaulle,"47,1929930"," -0,2895280",1,1,2,1990.0,5,8,-1,-1,B01,0,0,0,4,26,0,4,,-1.0,,-1,2,0,1,2,1,0,1,-1,adult
202000027783,6,6,2020,0 days 10:20:00,1,49,49125,2,6,1,2,boulevard charles de gaulle,"47,1929930"," -0,2895280",2,1,1,2011.0,5,8,-1,-1,B01,0,0,0,4,26,0,4,,-1.0,,-1,2,0,1,2,1,0,1,-1,adult
202000027783,6,6,2020,0 days 10:20:00,1,49,49125,2,6,1,2,boulevard charles de gaulle,"47,1929930"," -0,2895280",2,1,1,2015.0,5,8,-1,-1,B01,0,0,0,4,26,0,4,,-1.0,,-1,2,0,1,2,1,0,1,-1,adult
202000027783,6,6,2020,0 days 10:20:00,1,49,49125,2,6,1,2,boulevard charles de gaulle,"47,1929930"," -0,2895280",2,1,2,2017.0,5,8,-1,-1,B01,0,0,0,4,26,0,4,,-1.0,,-1,2,0,1,2,1,0,1,-1,adult
202000027794,3,6,2020,0 days 10:30:00,1,64,64499,2,7,1,1,9 Place Jeanne d'Albret,"43,4718940"," -0,9241540",1,1,2,1939.0,3,1,-1,-1,B01,1,0,2,1,1,5,3,933,0.0,,2,2,0,1,1,1,0,1,50,child
202000027794,3,6,2020,0 days 10:30:00,1,64,64499,2,7,1,1,9 Place Jeanne d'Albret,"43,4718940"," -0,9241540",1,3,1,1968.0,3,2,-1,-1,B01,1,0,2,1,1,5,3,933,0.0,,2,2,0,1,1,1,0,1,50,adult
202000027820,6,6,2020,0 days 10:20:00,1,13,13022,2,3,1,-1,Avenue des Albizzi,"43,2292970","5,5502200",1,4,1,1970.0,5,0,-1,-1,C01,2,0,2,1,1,5,3,1,0.0,,2,2,0,1,1,1,5,1,70,child
202000027820,6,6,2020,0 days 10:20:00,1,13,13022,2,3,1,-1,Avenue des Albizzi,"43,2292970","5,5502200",1,3,1,1974.0,5,0,-1,-1,C01,2,0,2,1,1,5,3,1,0.0,,2,2,0,1,1,1,5,1,70,adult
202000027820,6,6,2020,0 days 10:20:00,1,13,13022,2,3,1,-1,Avenue des Albizzi,"43,2292970","5,5502200",1,4,2,2004.0,5,0,-1,-1,C01,2,0,2,1,1,5,3,1,0.0,,2,2,0,1,1,1,5,1,70,adult
202000027842,4,6,2020,0 days 19:42:00,5,988,98818,2,6,1,2,GERVOLINO (RUE ROGER)," -22,2605700","166,4699100",1,3,1,1973.0,5,8,0,-1,A01,1,0,2,1,9,5,4,589,0.0,,2,2,0,1,3,1,9,1,50,child
202000027842,4,6,2020,0 days 19:42:00,5,988,98818,2,6,1,2,GERVOLINO (RUE ROGER)," -22,2605700","166,4699100",1,1,2,1997.0,5,1,8,-1,A01,1,0,2,1,9,5,4,589,0.0,,2,2,0,1,3,1,9,1,50,adult
202000027875,2,6,2020,0 days 19:43:00,1,37,37261,2,1,1,-1,HALLES (PLACE DES),"47,3921800","0,6798657",1,3,2,1962.0,0,8,0,-1,B01,3,0,2,0,0,5,4,,0.0,,1,1,0,1,1,1,0,1,30,child
202000027875,2,6,2020,0 days 19:43:00,1,37,37261,2,1,1,-1,HALLES (PLACE DES),"47,3921800","0,6798657",1,1,1,1990.0,0,1,0,-1,B01,3,0,2,0,0,5,4,,0.0,,1,1,0,1,1,1,0,1,30,adult
202000027875,2,6,2020,0 days 19:43:00,1,37,37261,2,1,1,-1,HALLES (PLACE DES),"47,3921800","0,6798657",2,1,2,1992.0,0,1,0,-1,B01,3,0,2,0,0,5,4,,0.0,,1,1,0,1,1,1,0,1,30,adult
202000027894,18,6,2020,0 days 14:50:00,1,07,07281,2,1,1,-1,GROSS-UMSTADT (AVENUE DE),"44,9453000","4,8531000",1,1,1,1980.0,0,1,0,-1,A01,3,0,2,0,0,5,3,533,0.0,,2,2,0,1,1,1,1,1,50,child
202000027894,18,6,2020,0 days 14:50:00,1,07,07281,2,1,1,-1,GROSS-UMSTADT (AVENUE DE),"44,9453000","4,8531000",1,4,1,2009.0,5,2,8,-1,A01,3,0,2,0,0,5,3,533,0.0,,2,2,0,1,1,1,1,1,50,adult
202000027969,14,12,2020,0 days 08:05:00,2,44,44184,2,1,1,3,COUBERTIN (AVENUE PIERRE DE),"47,2679200"," -2,2335200",1,1,2,1957.0,1,1,0,-1,B01,3,0,2,7,0,5,4,,0.0,,3,0,2,1,3,1,0,1,50,child
202000027969,14,12,2020,0 days 08:05:00,2,44,44184,2,1,1,3,COUBERTIN (AVENUE PIERRE DE),"47,2679200"," -2,2335200",1,4,2,2009.0,2,2,0,-1,B01,3,0,2,7,0,5,4,,0.0,,3,0,2,1,3,1,0,1,50,adult
202000027999,15,12,2020,0 days 17:17:00,2,75,75105,2,3,2,1,BOULEVARD SAINT GERMAIN,"48,8501720","2,3481260",1,4,1,1969.0,5,2,0,-1,B01,2,0,2,1,1,5,4,,0.0,,1,3,3,1,1,2,-1,6,30,child
202000027999,15,12,2020,0 days 17:17:00,2,75,75105,2,3,2,1,BOULEVARD SAINT GERMAIN,"48,8501720","2,3481260",1,1,1,1998.0,1,2,0,-1,B01,2,0,2,1,1,5,4,,0.0,,1,3,3,1,1,2,-1,6,30,adult
202000028015,15,12,2020,0 days 16:35:00,2,94,94080,2,1,1,6,MIDI (R DU),"48,8472482","2,4350121",3,4,2,1957.0,5,0,-1,-1,A01,2,0,1,1,1,5,4,MIDI (R DU),0.0,,1,1,0,1,1,1,0,1,30,child
202000028015,15,12,2020,0 days 16:35:00,2,94,94080,2,1,1,6,MIDI (R DU),"48,8472482","2,4350121",1,1,1,1994.0,1,8,0,-1,A01,2,0,1,1,1,5,4,MIDI (R DU),0.0,,1,1,0,1,1,1,0,1,30,adult
202000028042,16,12,2020,0 days 10:40:00,1,31,31157,2,3,1,3,Rue du Huit Mai 1945,"43,5446420","1,3455310",1,1,1,1979.0,1,1,-1,-1,B01,0,0,2,1,1,5,4,,-1.0,,2,2,0,1,1,1,9,5,30,child
202000028042,16,12,2020,0 days 10:40:00,1,31,31157,2,3,1,3,Rue du Huit Mai 1945,"43,5446420","1,3455310",1,4,1,2007.0,2,0,-1,-1,B01,0,0,2,1,1,5,4,,-1.0,,2,2,0,1,1,1,9,5,30,adult
202000028107,3,1,2020,0 days 14:00:00,1,33,33192,2,6,1,1,RTE DE CANEJAN / CHEM D'ORNON,"44,7657600"," -0,6388900",1,4,1,1957.0,0,8,-1,-1,B01,2,0,2,1,1,5,4,RTE DE CANEJAN,0.0,,2,2,0,1,3,1,9,1,50,child
202000028107,3,1,2020,0 days 14:00:00,1,33,33192,2,6,1,1,RTE DE CANEJAN / CHEM D'ORNON,"44,7657600"," -0,6388900",1,1,1,1983.0,0,1,-1,-1,B01,2,0,2,1,1,5,4,RTE DE CANEJAN,0.0,,2,2,0,1,3,1,9,1,50,adult
202000028199,16,1,2020,0 days 18:35:00,2,973,97305,1,1,1,2,RN 1 pk 14,"4,9321293"," -52,3999712",2,1,2,1970.0,5,1,-1,-1,B01,1,0,0,4,1,5,2,0001,-1.0,,2,2,0,1,1,2,0,1,80,child
202000028199,16,1,2020,0 days 18:35:00,2,973,97305,1,1,1,2,RN 1 pk 14,"4,9321293"," -52,3999712",1,1,1,1999.0,5,1,-1,-1,B01,1,0,0,4,1,5,2,0001,-1.0,,2,2,0,1,1,2,0,1,80,adult
202000028199,16,1,2020,0 days 18:35:00,2,973,97305,1,1,1,2,RN 1 pk 14,"4,9321293"," -52,3999712",1,3,1,2010.0,5,0,-1,-1,B01,1,0,0,4,1,5,2,0001,-1.0,,2,2,0,1,1,2,0,1,80,adult
202000028237,14,1,2020,0 days 16:55:00,2,76,76217,2,9,1,3,DUQUESNE (QUAI),"49,9251000","1,0804690",1,3,2,1949.0,0,8,0,-1,A01,0,0,2,1,15,5,4,DUQUESNE (QUAI),0.0,,1,2,0,1,2,1,0,1,30,child
202000028237,14,1,2020,0 days 16:55:00,2,76,76217,2,9,1,3,DUQUESNE (QUAI),"49,9251000","1,0804690",1,1,1,1978.0,9,1,8,-1,A01,0,0,2,1,15,5,4,DUQUESNE (QUAI),0.0,,1,2,0,1,2,1,0,1,30,adult
202000028248,14,1,2020,0 days 12:25:00,1,64,64445,2,1,1,3,PAIX,"43,3225057"," -0,3680742",1,1,2,1960.0,5,1,8,-1,A01,2,0,2,8,2,5,4,PAIX,0.0,,2,4,1,1,1,1,0,1,50,child
202000028248,14,1,2020,0 days 12:25:00,1,64,64445,2,1,1,3,PAIX,"43,3225057"," -0,3680742",1,4,1,2003.0,1,8,0,-1,A01,2,0,2,8,2,5,4,PAIX,0.0,,2,4,1,1,1,1,0,1,50,adult
202000028302,7,7,2020,0 days 16:05:00,1,75,75113,2,2,1,6,BOULEVARD MASSENA,"48,8241720","2,3768070",3,4,1,1963.0,5,0,-1,-1,A01,2,0,1,1,1,5,4,,0.0,,1,2,1,2,1,1,-1,5,50,child
202000028302,7,7,2020,0 days 16:05:00,1,75,75113,2,2,1,6,BOULEVARD MASSENA,"48,8241720","2,3768070",1,1,1,1993.0,1,8,0,-1,A01,2,0,1,1,1,5,4,,0.0,,1,2,1,2,1,1,-1,5,50,adult
202000028317,7,7,2020,0 days 14:30:00,1,94,94022,2,9,1,3,ANATOLE FRANCE (AV),"48,7601800","2,4119200",1,1,1,1964.0,5,1,0,-1,B01,1,0,2,1,19,0,4,ANATOLE FRANCE (AV),0.0,,2,1,0,1,1,1,0,8,50,child
202000028317,7,7,2020,0 days 14:30:00,1,94,94022,2,9,1,3,ANATOLE FRANCE (AV),"48,7601800","2,4119200",1,4,1,1996.0,5,8,0,-1,B01,1,0,2,1,19,0,4,ANATOLE FRANCE (AV),0.0,,2,1,0,1,1,1,0,8,50,adult
202000028332,7,7,2020,0 days 18:10:00,1,93,93047,2,1,1,2,JEAN JAURES (AVENUE),"48,8982386","2,5554654",1,4,1,1955.0,0,8,0,-1,B01,-1,1,0,1,0,0,3,117,0.0,,2,2,1,1,1,1,0,1,50,child
202000028332,7,7,2020,0 days 18:10:00,1,93,93047,2,1,1,2,JEAN JAURES (AVENUE),"48,8982386","2,5554654",2,1,1,1998.0,0,1,0,-1,B01,-1,1,0,1,0,0,3,117,0.0,,2,2,1,1,1,1,0,1,50,adult
202000028392,6,7,2020,0 days 10:40:00,1,83,83035,1,6,1,2,Le Castelet,"43,2526580","5,7752900",1,3,1,1940.0,5,2,-1,-1,B01,1,0,2,1,2,5,3,8,0.0,N,2,2,0,1,3,1,9,1,80,child
202000028392,6,7,2020,0 days 10:40:00,1,83,83035,1,6,1,2,Le Castelet,"43,2526580","5,7752900",1,1,1,1998.0,5,2,6,-1,B01,1,0,2,1,2,5,3,8,0.0,N,2,2,0,1,3,1,9,1,80,adult
202000028437,6,7,2020,0 days 15:50:00,1,77,77482,2,1,1,2,D606,"48,3610619","2,9180472",1,2,1,1943.0,5,2,0,-1,B01,1,0,2,8,1,0,3,606,0.0,,3,4,0,1,1,1,5,1,70,child
202000028437,6,7,2020,0 days 15:50:00,1,77,77482,2,1,1,2,D606,"48,3610619","2,9180472",1,1,1,1979.0,4,1,8,-1,B01,1,0,2,8,1,0,3,606,0.0,,3,4,0,1,1,1,5,1,70,adult
202000028459,6,7,2020,0 days 05:55:00,1,34,34172,2,1,1,3,BLUM (RUE LEON),"43,6079900","3,8905800",1,1,1,1965.0,1,1,0,-1,B01,1,1,2,0,0,5,4,,0.0,,1,2,0,1,1,1,0,1,50,child
202000028459,6,7,2020,0 days 05:55:00,1,34,34172,2,1,1,3,BLUM (RUE LEON),"43,6079900","3,8905800",1,4,1,1993.0,1,8,0,-1,B01,1,1,2,0,0,5,4,,0.0,,1,2,0,1,1,1,0,1,50,adult
202000028468,4,7,2020,0 days 14:20:00,1,16,16089,2,1,1,-1,Route de Dizedon,"45,6665870"," -0,3382800",1,1,1,1953.0,5,2,8,-1,B01,1,0,9,9,1,5,3,149,0.0,,2,2,0,1,1,1,0,1,50,child
202000028468,4,7,2020,0 days 14:20:00,1,16,16089,2,1,1,-1,Route de Dizedon,"45,6665870"," -0,3382800",1,1,1,1956.0,5,2,8,-1,B01,1,0,9,9,1,5,3,149,0.0,,2,2,0,1,1,1,0,1,50,adult
202000028468,4,7,2020,0 days 14:20:00,1,16,16089,2,1,1,-1,Route de Dizedon,"45,6665870"," -0,3382800",1,1,1,1957.0,5,2,8,-1,B01,1,0,9,9,1,5,3,149,0.0,,2,2,0,1,1,1,0,1,50,adult
202000028468,4,7,2020,0 days 14:20:00,1,16,16089,2,1,1,-1,Route de Dizedon,"45,6665870"," -0,3382800",1,1,1,1969.0,5,1,8,-1,B01,1,0,9,9,1,5,3,149,0.0,,2,2,0,1,1,1,0,1,50,adult
202000028468,4,7,2020,0 days 14:20:00,1,16,16089,2,1,1,-1,Route de Dizedon,"45,6665870"," -0,3382800",1,4,1,1979.0,5,2,8,-1,B01,1,0,9,9,1,5,3,149,0.0,,2,2,0,1,1,1,0,1,50,adult
202000028468,4,7,2020,0 days 14:20:00,1,16,16089,2,1,1,-1,Route de Dizedon,"45,6665870"," -0,3382800",1,1,1,1984.0,5,2,8,-1,B01,1,0,9,9,1,5,3,149,0.0,,2,2,0,1,1,1,0,1,50,adult
202000028468,4,7,2020,0 days 14:20:00,1,16,16089,2,1,1,-1,Route de Dizedon,"45,6665870"," -0,3382800",1,1,1,1991.0,5,2,8,-1,B01,1,0,9,9,1,5,3,149,0.0,,2,2,0,1,1,1,0,1,50,adult
202000028468,4,7,2020,0 days 14:20:00,1,16,16089,2,1,1,-1,Route de Dizedon,"45,6665870"," -0,3382800",1,1,2,2002.0,5,2,8,-1,B01,1,0,9,9,1,5,3,149,0.0,,2,2,0,1,1,1,0,1,50,adult
202000028473,29,6,2020,0 days 09:34:00,1,11,11262,2,1,1,-1,RAZES (RUE DU),"43,1758000","3,0022100",1,4,2,1952.0,0,2,8,-1,B01,3,1,2,8,5,0,4,RAZES (RUE DU),0.0,,2,2,0,1,1,1,0,1,50,child
202000028473,29,6,2020,0 days 09:34:00,1,11,11262,2,1,1,-1,RAZES (RUE DU),"43,1758000","3,0022100",1,1,1,1984.0,0,1,8,-1,B01,3,1,2,8,5,0,4,RAZES (RUE DU),0.0,,2,2,0,1,1,1,0,1,50,adult
202000028485,16,2,2020,0 days 23:15:00,5,75,75111,2,2,2,3,RUE DE CHARONNE,"48,8551170","2,3871370",1,1,2,1950.0,5,1,8,-1,B01,2,0,2,7,1,5,4,,0.0,,2,2,0,2,1,2,0,1,50,child
202000028485,16,2,2020,0 days 23:15:00,5,75,75111,2,2,2,3,RUE DE CHARONNE,"48,8551170","2,3871370",1,4,2,1990.0,9,2,0,-1,B01,2,0,2,7,1,5,4,,0.0,,2,2,0,2,1,2,0,1,50,adult
202000028492,17,2,2020,0 days 10:00:00,1,93,93066,2,1,1,2,CAQUET (PLACE),"48,9370500","2,3595600",1,1,1,1964.0,0,1,8,-1,B01,0,0,2,4,15,5,4,CAQUET (PLACE),0.0,,-1,2,0,1,1,1,0,1,30,child
202000028492,17,2,2020,0 days 10:00:00,1,93,93066,2,1,1,2,CAQUET (PLACE),"48,9370500","2,3595600",1,4,1,1994.0,0,8,0,-1,B01,0,0,2,4,15,5,4,CAQUET (PLACE),0.0,,-1,2,0,1,1,1,0,1,30,adult
202000028598,17,2,2020,0 days 07:20:00,3,35,35009,1,1,1,2,15 Lieu Dit la Morinais,"48,5079540"," -1,7408100",1,1,1,1973.0,1,1,-1,-1,B01,1,0,2,4,1,5,3,795,-1.0,,2,2,0,2,1,1,0,1,70,child
202000028598,17,2,2020,0 days 07:20:00,3,35,35009,1,1,1,2,15 Lieu Dit la Morinais,"48,5079540"," -1,7408100",1,3,2,1997.0,1,4,9,-1,B01,1,0,2,4,1,5,3,795,-1.0,,2,2,0,2,1,1,0,1,70,adult
202000028614,14,2,2020,0 days 15:30:00,2,77,77168,1,9,8,-1,A104,"48,1758840","2,8717610",1,3,1,1949.0,5,2,-1,-1,B01,0,0,2,6,1,5,6,0,0.0,,-1,-1,0,1,1,1,0,8,50,child
202000028614,14,2,2020,0 days 15:30:00,2,77,77168,1,9,8,-1,A104,"48,1758840","2,8717610",1,1,1,1991.0,4,1,-1,-1,B01,0,0,2,6,1,5,6,0,0.0,,-1,-1,0,1,1,1,0,8,50,adult
202000028620,17,2,2020,0 days 18:20:00,5,07,07324,2,1,2,3,2 b Avenue Marechal Foch,"45,0722360","4,8223440",1,1,1,1943.0,5,1,-1,-1,A01,0,0,2,7,19,5,3,86,0.0,,2,2,0,1,3,2,0,1,50,child
202000028620,17,2,2020,0 days 18:20:00,5,07,07324,2,1,2,3,2 b Avenue Marechal Foch,"45,0722360","4,8223440",1,4,2,2003.0,1,0,-1,-1,A01,0,0,2,7,19,5,3,86,0.0,,2,2,0,1,3,2,0,1,50,adult
202000028660,15,2,2020,0 days 14:45:00,1,13,13204,2,1,1,-1,FLAMMARION (BOULEVARD),"43,3062360","5,3939880",1,1,1,1947.0,5,1,-1,-1,B01,2,1,2,3,1,5,4,FLAMMARION (BOULEVARD),0.0,,2,2,0,2,1,1,0,1,50,child
202000028660,15,2,2020,0 days 14:45:00,1,13,13204,2,1,1,-1,FLAMMARION (BOULEVARD),"43,3062360","5,3939880",2,1,2,1963.0,5,1,8,-1,B01,2,1,2,3,1,5,4,FLAMMARION (BOULEVARD),0.0,,2,2,0,2,1,1,0,1,50,adult
202000028660,15,2,2020,0 days 14:45:00,1,13,13204,2,1,1,-1,FLAMMARION (BOULEVARD),"43,3062360","5,3939880",1,3,1,1970.0,5,2,-1,-1,B01,2,1,2,3,1,5,4,FLAMMARION (BOULEVARD),0.0,,2,2,0,2,1,1,0,1,50,adult
202000028660,15,2,2020,0 days 14:45:00,1,13,13204,2,1,1,-1,FLAMMARION (BOULEVARD),"43,3062360","5,3939880",2,1,1,2015.0,5,2,8,-1,B01,2,1,2,3,1,5,4,FLAMMARION (BOULEVARD),0.0,,2,2,0,2,1,1,0,1,50,adult
202000028698,6,9,2020,0 days 01:15:00,5,72,72181,2,2,1,3,COURBOULAY PAUL (RUE),"48,0058500","0,1918900",1,4,1,1958.0,0,8,0,-1,B01,1,0,2,1,0,5,4,COURBOULAY PAUL (RUE),0.0,,2,2,0,1,1,1,5,1,50,child
202000028698,6,9,2020,0 days 01:15:00,5,72,72181,2,2,1,3,COURBOULAY PAUL (RUE),"48,0058500","0,1918900",1,1,1,2001.0,0,1,0,-1,B01,1,0,2,1,0,5,4,COURBOULAY PAUL (RUE),0.0,,2,2,0,1,1,1,5,1,50,adult