Num_Acc,jour,mois,an,hrmn,lum,dep,com,agg,int,atm,col,adr,lat,long,catu,grav,sexe,an_nais,trajet,secu1,secu2,secu3,num_veh_y,senc,obs,obsm,choc,manv,motor,catr,voie,v1,v2,circ,nbv,vosp,prof,plan,surf,infra,situ,vma,age
202000030064,12,1,2020,0 days 10:00:00,1,92,92063,2,3,1,3,BONAPARTE (AVENUE NAPOLEON) NORD,"48,8684786","2,1484776",1,4,1,1989.0,5,8,8,-1,A01,1,0,2,1,1,5,3,913,0.0,,3,4,0,1,1,1,5,1,50,adult
202000030092,14,1,2020,0 days 17:25:00,1,973,97309,2,2,1,3,Rue Robert Sampson,"4,8865662"," -52,2759832",1,1,1,1958.0,0,8,-1,-1,B01,1,0,2,3,26,6,4,,-1.0,,2,2,0,2,1,1,0,1,50,child
202000030092,14,1,2020,0 days 17:25:00,1,973,97309,2,2,1,3,Rue Robert Sampson,"4,8865662"," -52,2759832",1,3,1,2003.0,9,0,-1,-1,B01,1,0,2,3,26,6,4,,-1.0,,2,2,0,2,1,1,0,1,50,adult
202000030135,15,1,2020,0 days 10:00:00,1,91,91377,2,6,1,2,BASCH (RUE VICTOR),"48,7276000","2,2733000",1,1,1,1969.0,1,1,0,-1,B01,3,0,2,4,1,5,4,BASCH (RUE VICTOR),0.0,,1,2,0,1,2,1,0,1,50,child
202000030135,15,1,2020,0 days 10:00:00,1,91,91377,2,6,1,2,BASCH (RUE VICTOR),"48,7276000","2,2733000",1,4,1,1991.0,1,2,0,-1,B01,3,0,2,4,1,5,4,BASCH (RUE VICTOR),0.0,,1,2,0,1,2,1,0,1,50,adult
202000030137,15,1,2020,0 days 17:40:00,5,91,91631,2,1,2,3,MANDRES (RUE DE),"48,6796000","2,5592000",1,4,1,1970.0,0,8,0,-1,B01,2,0,2,1,1,5,4,MANDRES (RUE DE),0.0,,2,2,0,2,1,2,0,4,50,child
202000030137,15,1,2020,0 days 17:40:00,5,91,91631,2,1,2,3,MANDRES (RUE DE),"48,6796000","2,5592000",1,1,2,1994.0,5,1,0,-1,B01,2,0,2,1,1,5,4,MANDRES (RUE DE),0.0,,2,2,0,2,1,2,0,4,50,adult
202000030178,15,1,2020,0 days 15:10:00,1,33,33529,2,1,2,3,JUILLET (RUE DU 14),"44,6308500"," -1,1475900",1,4,1,1937.0,0,8,-1,-1,A01,3,0,2,0,19,5,4,JUILLET (RUE DU 14),0.0,,1,1,0,1,1,2,0,1,30,child
202000030178,15,1,2020,0 days 15:10:00,1,33,33529,2,1,2,3,JUILLET (RUE DU 14),"44,6308500"," -1,1475900",1,1,2,2004.0,0,2,6,-1,A01,3,0,2,0,19,5,4,JUILLET (RUE DU 14),0.0,,1,1,0,1,1,2,0,1,30,adult
202000030196,14,1,2020,0 days 23:50:00,5,75,75105,2,7,1,3,PLACE DU PANTHEON,"48,8456902","2,3459051",2,1,2,1956.0,1,1,0,-1,B01,2,0,2,1,19,5,4,,0.0,,1,2,0,1,1,1,0,1,30,child
202000030196,14,1,2020,0 days 23:50:00,5,75,75105,2,7,1,3,PLACE DU PANTHEON,"48,8456902","2,3459051",1,1,1,1966.0,4,1,0,-1,B01,2,0,2,1,19,5,4,,0.0,,1,2,0,1,1,1,0,1,30,adult
202000030196,14,1,2020,0 days 23:50:00,5,75,75105,2,7,1,3,PLACE DU PANTHEON,"48,8456902","2,3459051",1,4,2,1994.0,5,8,2,-1,B01,2,0,2,1,19,5,4,,0.0,,1,2,0,1,1,1,0,1,30,adult
202000030209,6,7,2020,0 days 18:30:00,1,75,75116,2,3,1,2,RUE DE LONGCHAMP,"48,8649850","2,2903320",1,1,2,1969.0,5,1,0,-1,A01,2,0,2,1,1,5,4,,0.0,,1,1,0,2,1,1,0,1,50,child
202000030209,6,7,2020,0 days 18:30:00,1,75,75116,2,3,1,2,RUE DE LONGCHAMP,"48,8649850","2,2903320",1,4,1,1982.0,9,2,0,-1,A01,2,0,2,1,1,5,4,,0.0,,1,1,0,2,1,1,0,1,50,adult
202000030209,6,7,2020,0 days 18:30:00,1,75,75116,2,3,1,2,RUE DE LONGCHAMP,"48,8649850","2,2903320",2,1,2,1996.0,9,1,0,-1,A01,2,0,2,1,1,5,4,,0.0,,1,1,0,2,1,1,0,1,50,adult
202000030212,6,7,2020,0 days 17:50:00,1,75,75118,2,3,1,1,RUE DE LA GOUTTE D OR,"48,8850580","2,3513160",1,4,1,1978.0,9,8,0,-1,B01,1,0,2,1,5,5,4,,0.0,,1,1,0,2,1,1,0,1,30,child
202000030212,6,7,2020,0 days 17:50:00,1,75,75118,2,3,1,1,RUE DE LA GOUTTE D OR,"48,8850580","2,3513160",1,1,1,2000.0,9,8,0,-1,B01,1,0,2,1,5,5,4,,0.0,,1,1,0,2,1,1,0,1,30,adult
202000030260,7,7,2020,0 days 12:00:00,1,47,47195,2,4,1,3,Rue la Fayette,"44,1348330","0,3390740",1,1,1,1978.0,4,1,-1,-1,B01,2,0,2,8,19,6,3,656,-1.0,,2,2,0,1,1,1,0,1,50,child
202000030260,7,7,2020,0 days 12:00:00,1,47,47195,2,4,1,3,Rue la Fayette,"44,1348330","0,3390740",1,3,1,2009.0,5,0,-1,-1,B01,2,0,2,8,19,6,3,656,-1.0,,2,2,0,1,1,1,0,1,50,adult
202000030281,7,7,2020,0 days 09:15:00,1,67,67506,2,2,1,3,Rue Jeanne d'Arc,"48,6656080","7,7156230",1,4,2,1969.0,1,0,-1,-1,B01,2,0,2,1,1,5,4,,-1.0,,1,2,0,1,1,1,0,1,-1,child
202000030281,7,7,2020,0 days 09:15:00,1,67,67506,2,2,1,3,Rue Jeanne d'Arc,"48,6656080","7,7156230",1,1,1,1997.0,0,1,-1,-1,B01,2,0,2,1,1,5,4,,-1.0,,1,2,0,1,1,1,0,1,-1,adult
202000030295,6,7,2020,0 days 15:30:00,1,01,01160,2,2,1,3,50 Rue de Versoix,"46,2577890","6,1141320",1,3,1,1941.0,5,8,-1,-1,A01,2,0,2,8,1,5,3,1005,-1.0,,2,2,0,1,1,1,5,1,50,child
202000030295,6,7,2020,0 days 15:30:00,1,01,01160,2,2,1,3,50 Rue de Versoix,"46,2577890","6,1141320",1,3,1,1974.0,0,2,-1,-1,A01,2,0,2,8,1,5,3,1005,-1.0,,2,2,0,1,1,1,5,1,50,adult
202000030346,5,7,2020,0 days 19:17:00,1,17,17291,2,1,1,1,ONZE NOVEMBRE   RUE DU,"46,1750700"," -1,1149800",1,4,1,1950.0,5,8,0,-1,A01,3,15,2,1,1,5,9,ONZE NOVEMBRE   RUE DU,0.0,,2,1,3,1,1,1,6,6,5,child
202000030346,5,7,2020,0 days 19:17:00,1,17,17291,2,1,1,1,ONZE NOVEMBRE   RUE DU,"46,1750700"," -1,1149800",1,1,1,2008.0,5,8,0,-1,A01,3,15,2,1,1,5,9,ONZE NOVEMBRE   RUE DU,0.0,,2,1,3,1,1,1,6,6,5,adult
202000030496,14,2,2020,0 days 08:05:00,2,69,69275,2,1,2,3,ELISEE RECLUS                       (R ),"45,7599000","4,9607000",1,1,1,1961.0,0,8,0,-1,B01,3,0,2,1,19,5,4,ELISEE RECLUS                       (R ),0.0,,3,2,0,1,1,2,0,6,50,child
202000030496,14,2,2020,0 days 08:05:00,2,69,69275,2,1,2,3,ELISEE RECLUS                       (R ),"45,7599000","4,9607000",1,4,1,1990.0,1,2,0,-1,B01,3,0,2,1,19,5,4,ELISEE RECLUS                       (R ),0.0,,3,2,0,1,1,2,0,6,50,adult
202000030503,11,2,2020,0 days 19:00:00,4,65,65440,2,1,1,2,MAI 1945 (BOULEVARD DU 08),"43,2189200","0,0715910",1,1,2,1962.0,9,1,8,-1,B01,3,0,2,7,19,5,2,21 ,0.0,,2,2,0,1,1,1,0,1,50,child
202000030503,11,2,2020,0 days 19:00:00,4,65,65440,2,1,1,2,MAI 1945 (BOULEVARD DU 08),"43,2189200","0,0715910",1,4,1,2002.0,9,8,0,-1,B01,3,0,2,7,19,5,2,21 ,0.0,,2,2,0,1,1,1,0,1,50,adult
202000030553,13,2,2020,0 days 08:07:00,1,10,10362,2,1,1,1,LOUIS BLANC (RUE),"48,2970880","4,0551410",1,1,2,1959.0,0,1,0,-1,B01,2,0,2,1,25,0,4,LOUIS BLANC (RUE),0.0,,1,3,1,1,1,1,0,1,50,child
202000030553,13,2,2020,0 days 08:07:00,1,10,10362,2,1,1,1,LOUIS BLANC (RUE),"48,2970880","4,0551410",1,4,1,2007.0,2,8,0,-1,B01,2,0,2,1,25,0,4,LOUIS BLANC (RUE),0.0,,1,3,1,1,1,1,0,1,50,adult
202000030706,25,3,2020,0 days 20:30:00,5,75,75106,2,2,1,3,QUAI DES GRANDS AUGUSTINS,"48,8561060","2,3404140",1,4,2,1951.0,9,2,0,-1,B01,1,0,2,7,1,5,4,,0.0,,2,5,1,1,1,1,-1,5,50,child
202000030706,25,3,2020,0 days 20:30:00,5,75,75106,2,2,1,3,QUAI DES GRANDS AUGUSTINS,"48,8561060","2,3404140",1,1,1,1973.0,9,1,0,-1,B01,1,0,2,7,1,5,4,,0.0,,2,5,1,1,1,1,-1,5,50,adult
202000030815,31,8,2020,0 days 16:25:00,1,49,49007,2,1,1,3,SAINT MICHEL BOULEVARD,"47,4736600"," -0,5386500",1,1,2,1959.0,0,1,0,-1,B01,1,0,2,0,0,5,4,SAINT MICHEL BOULEVARD,0.0,,2,2,3,1,1,1,0,1,50,child
202000030815,31,8,2020,0 days 16:25:00,1,49,49007,2,1,1,3,SAINT MICHEL BOULEVARD,"47,4736600"," -0,5386500",1,4,1,1980.0,0,8,0,-1,B01,1,0,2,0,0,5,4,SAINT MICHEL BOULEVARD,0.0,,2,2,3,1,1,1,0,1,50,adult
202000030815,31,8,2020,0 days 16:25:00,1,49,49007,2,1,1,3,SAINT MICHEL BOULEVARD,"47,4736600"," -0,5386500",2,4,2,2012.0,0,8,8,-1,B01,1,0,2,0,0,5,4,SAINT MICHEL BOULEVARD,0.0,,2,2,3,1,1,1,0,1,50,adult
202000030833,4,9,2020,0 days 12:00:00,1,34,34172,2,1,1,3,RIMBAUD (RUE PAUL),"43,6180600","3,8437000",1,4,2,1972.0,0,2,0,-1,A01,2,0,2,1,25,5,4,,0.0,,2,4,0,2,1,1,0,4,50,child
202000030833,4,9,2020,0 days 12:00:00,1,34,34172,2,1,1,3,RIMBAUD (RUE PAUL),"43,6180600","3,8437000",1,1,1,2001.0,0,1,0,-1,A01,2,0,2,1,25,5,4,,0.0,,2,4,0,2,1,1,0,4,50,adult
202000030834,4,9,2020,0 days 09:00:00,1,33,33167,2,6,1,2,AVE DU PDT FRANCOIS MITTERRAND / AVE PIERRE MENDES-FRANCE,"44,8430400"," -0,5113600",1,1,1,1972.0,1,1,-1,-1,B01,2,0,2,4,1,5,4,AVE DU PDT FRANCOIS MITTERRAND,0.0,,2,4,2,1,2,1,0,1,50,child
202000030834,4,9,2020,0 days 09:00:00,1,33,33167,2,6,1,2,AVE DU PDT FRANCOIS MITTERRAND / AVE PIERRE MENDES-FRANCE,"44,8430400"," -0,5113600",1,4,1,2009.0,9,8,-1,-1,B01,2,0,2,4,1,5,4,AVE DU PDT FRANCOIS MITTERRAND,0.0,,2,4,2,1,2,1,0,1,50,adult
202000030871,4,9,2020,0 days 14:05:00,1,75,75115,2,7,1,3,RUE DE VAUGIRARD,"48,8395830","2,3012910",1,1,1,1953.0,5,1,0,-1,B01,2,0,2,1,1,5,4,,0.0,,4,3,1,1,1,1,-1,5,50,child
202000030871,4,9,2020,0 days 14:05:00,1,75,75115,2,7,1,3,RUE DE VAUGIRARD,"48,8395830","2,3012910",1,4,1,1986.0,1,8,0,-1,B01,2,0,2,1,1,5,4,,0.0,,4,3,1,1,1,1,-1,5,50,adult
202000030876,4,9,2020,0 days 15:15:00,1,75,75102,2,2,1,6,AVENUE DE L OPERA,"48,8687740","2,3331310",3,4,2,1925.0,9,0,-1,-1,A01,1,0,1,7,1,5,4,,0.0,,2,4,1,1,1,1,-1,5,50,child
202000030876,4,9,2020,0 days 15:15:00,1,75,75102,2,2,1,6,AVENUE DE L OPERA,"48,8687740","2,3331310",1,1,2,2002.0,9,8,0,-1,A01,1,0,1,7,1,5,4,,0.0,,2,4,1,1,1,1,-1,5,50,adult
202000030900,4,9,2020,0 days 08:30:00,1,92,92026,2,3,1,3,FAUVELLES ( RUE DES ),"48,9003480","2,2306511",1,4,2,1973.0,1,2,0,-1,B01,3,0,2,8,15,5,4,FAUVELLES (RUE DES),0.0,,2,2,0,1,1,1,0,1,50,child
202000030900,4,9,2020,0 days 08:30:00,1,92,92026,2,3,1,3,FAUVELLES ( RUE DES ),"48,9003480","2,2306511",1,1,1,1999.0,0,2,0,-1,B01,3,0,2,8,15,5,4,FAUVELLES (RUE DES),0.0,,2,2,0,1,1,1,0,1,50,adult
202000030966,5,9,2020,0 days 16:10:00,1,50,50041,2,1,1,3,D318,"49,6459440"," -1,8504670",1,1,2,1937.0,5,1,-1,-1,B01,1,0,2,8,1,0,3,318,-1.0,,2,2,0,2,1,1,0,1,50,child
202000030966,5,9,2020,0 days 16:10:00,1,50,50041,2,1,1,3,D318,"49,6459440"," -1,8504670",1,3,1,1962.0,5,2,-1,-1,B01,1,0,2,8,1,0,3,318,-1.0,,2,2,0,2,1,1,0,1,50,adult
202000031063,31,10,2020,0 days 18:45:00,5,92,92049,2,1,2,3,BRIAND AVENUE ARISTIDE AUTRES N°,"48,8184496","2,3256717",1,3,1,1947.0,0,8,8,-1,A01,2,0,2,7,19,5,3,920,0.0,,3,4,1,1,1,2,0,1,50,child
202000031063,31,10,2020,0 days 18:45:00,5,92,92049,2,1,2,3,BRIAND AVENUE ARISTIDE AUTRES N°,"48,8184496","2,3256717",1,3,1,1991.0,1,2,6,-1,A01,2,0,2,7,19,5,3,920,0.0,,3,4,1,1,1,2,0,1,50,adult
202000031068,1,11,2020,0 days 11:45:00,1,65,65436,1,1,1,3,1 Route de Coussan,"43,2409210","0,1744460",1,4,1,1968.0,5,2,-1,-1,A01,1,0,2,1,21,5,3,49,-1.0,,2,2,0,1,1,1,0,1,80,child
202000031068,1,11,2020,0 days 11:45:00,1,65,65436,1,1,1,3,1 Route de Coussan,"43,2409210","0,1744460",1,1,2,1989.0,4,1,-1,-1,A01,1,0,2,1,21,5,3,49,-1.0,,2,2,0,1,1,1,0,1,80,adult
202000031113,30,10,2020,0 days 21:10:00,5,59,59350,2,1,1,3,VERHAEREN AVENUE,"50,6191000","3,0323400",1,3,1,1974.0,0,8,0,-1,B01,3,0,2,0,0,5,4,VERHAEREN AVENUE,0.0,,2,2,1,1,1,1,0,1,30,child
202000031113,30,10,2020,0 days 21:10:00,5,59,59350,2,1,1,3,VERHAEREN AVENUE,"50,6191000","3,0323400",1,4,1,2001.0,0,8,0,-1,B01,3,0,2,0,0,5,4,VERHAEREN AVENUE,0.0,,2,2,1,1,1,1,0,1,30,adult
202000031138,30,10,2020,0 days 11:15:00,1,17,17300,2,6,1,3,BEAUREGARD   RUE DE,"46,1675000"," -1,1400000",1,3,2,1937.0,3,2,0,-1,B01,3,0,2,2,0,5,4,BEAUREGARD   RUE DE,0.0,,2,2,0,1,1,1,5,1,50,child
202000031138,30,10,2020,0 days 11:15:00,1,17,17300,2,6,1,3,BEAUREGARD   RUE DE,"46,1675000"," -1,1400000",1,1,2,1990.0,4,1,-1,-1,B01,3,0,2,2,0,5,4,BEAUREGARD   RUE DE,0.0,,2,2,0,1,1,1,5,1,50,adult
202000031174,2,8,2020,0 days 18:08:00,1,75,75116,2,1,1,1,VOIE GEORGES POMPIDOU,"48,8403010","2,2680420",1,4,1,1947.0,5,2,0,-1,B01,2,0,2,1,1,5,4,,0.0,,2,2,1,1,1,1,-1,5,30,child
202000031174,2,8,2020,0 days 18:08:00,1,75,75116,2,1,1,1,VOIE GEORGES POMPIDOU,"48,8403010","2,2680420",1,3,1,1971.0,5,2,0,-1,B01,2,0,2,1,1,5,4,,0.0,,2,2,1,1,1,1,-1,5,30,adult
202000031178,2,8,2020,0 days 22:30:00,5,75,75111,2,3,1,2,RUE OBERKAMPF,"48,8664040","2,3804860",1,1,1,1978.0,5,1,0,-1,A01,1,0,2,1,7,5,4,,0.0,,2,2,3,1,1,1,-1,6,50,child
202000031178,2,8,2020,0 days 22:30:00,5,75,75111,2,3,1,2,RUE OBERKAMPF,"48,8664040","2,3804860",1,4,1,1999.0,5,8,0,-1,A01,1,0,2,1,7,5,4,,0.0,,2,2,3,1,1,1,-1,6,50,adult
202000031189,1,8,2020,0 days 11:20:00,1,94,94065,1,1,1,2,CIRCULAIRE (boulevard),"48,7538900","2,3574100",1,4,1,1969.0,5,2,6,-1,A01,0,1,0,4,2,5,9,CIRCULAIRE (boulevard),0.0,,1,3,0,1,3,1,0,1,50,child
202000031189,1,8,2020,0 days 11:20:00,1,94,94065,1,1,1,2,CIRCULAIRE (boulevard),"48,7538900","2,3574100",1,1,1,2000.0,4,1,0,-1,A01,0,1,0,4,2,5,9,CIRCULAIRE (boulevard),0.0,,1,3,0,1,3,1,0,1,50,adult
202000031204,26,7,2020,0 days 12:30:00,1,84,84069,1,1,1,3,D974,"44,1559730","5,1474060",1,1,1,1969.0,5,1,-1,-1,B01,1,0,2,1,1,5,3,974,0.0,,2,2,0,2,3,1,0,1,80,child
202000031204,26,7,2020,0 days 12:30:00,1,84,84069,1,1,1,3,D974,"44,1559730","5,1474060",1,3,1,1991.0,5,2,-1,-1,B01,1,0,2,1,1,5,3,974,0.0,,2,2,0,2,3,1,0,1,80,adult
202000031204,26,7,2020,0 days 12:30:00,1,84,84069,1,1,1,3,D974,"44,1559730","5,1474060",2,1,2,2000.0,5,1,-1,-1,B01,1,0,2,1,1,5,3,974,0.0,,2,2,0,2,3,1,0,1,80,adult
202000031204,26,7,2020,0 days 12:30:00,1,84,84069,1,1,1,3,D974,"44,1559730","5,1474060",2,1,2,2002.0,5,1,-1,-1,B01,1,0,2,1,1,5,3,974,0.0,,2,2,0,2,3,1,0,1,80,adult
202000031300,3,8,2020,0 days 12:15:00,1,67,67131,2,9,1,3,17 Rue des Fusiliers Marins,"48,4871630","7,7292630",1,3,1,1955.0,5,0,-1,-1,B01,2,0,2,7,1,6,9,,-1.0,,2,2,1,1,1,1,9,5,-1,child
202000031300,3,8,2020,0 days 12:15:00,1,67,67131,2,9,1,3,17 Rue des Fusiliers Marins,"48,4871630","7,7292630",1,1,2,1991.0,5,1,-1,-1,B01,2,0,2,7,1,6,9,,-1.0,,2,2,1,1,1,1,9,5,-1,adult
202000031351,31,7,2020,0 days 19:10:00,1,83,83069,2,3,1,3,MOULIN (AVENUE JEAN),"43,1136000","6,1290000",1,4,2,1957.0,0,8,0,-1,B01,3,0,2,1,26,0,3,NC,0.0,,1,3,0,1,1,1,0,5,50,child
202000031351,31,7,2020,0 days 19:10:00,1,83,83069,2,3,1,3,MOULIN (AVENUE JEAN),"43,1136000","6,1290000",1,1,1,1983.0,0,8,0,-1,B01,3,0,2,1,26,0,3,NC,0.0,,1,3,0,1,1,1,0,5,50,adult
202000031380,2,8,2020,0 days 18:40:00,1,26,26198,2,1,8,1,2 Boulevard Marre Desmarais,"44,5601390","4,7479240",1,1,2,1942.0,0,1,8,-1,B01,3,0,2,8,19,5,4,2,0.0,,1,1,0,1,1,1,0,8,30,child
202000031380,2,8,2020,0 days 18:40:00,1,26,26198,2,1,8,1,2 Boulevard Marre Desmarais,"44,5601390","4,7479240",1,4,1,2003.0,9,2,-1,-1,B01,3,0,2,8,19,5,4,2,0.0,,1,1,0,1,1,1,0,8,30,adult
202000031411,2,6,2020,0 days 19:00:00,1,35,35238,2,1,1,3,BOURGEOIS (BOULEVARD LEON),"48,0987300"," -1,6543100",1,4,2,1963.0,9,8,0,-1,B01,2,0,2,1,1,0,4,BOURGEOIS (BOULEVARD LEON),0.0,,2,0,1,1,1,1,9,5,50,child
202000031411,2,6,2020,0 days 19:00:00,1,35,35238,2,1,1,3,BOURGEOIS (BOULEVARD LEON),"48,0987300"," -1,6543100",1,1,1,1988.0,0,1,8,-1,B01,2,0,2,1,1,0,4,BOURGEOIS (BOULEVARD LEON),0.0,,2,0,1,1,1,1,9,5,50,adult
202000031473,31,7,2020,0 days 13:30:00,1,42,42115,1,4,1,5,Rue de Bramard,"45,3174970","4,3571730",1,3,1,1961.0,5,2,-1,-1,C01,1,8,0,1,1,5,3,10.3,-1.0,D,2,2,0,2,3,1,0,1,80,child
202000031473,31,7,2020,0 days 13:30:00,1,42,42115,1,4,1,5,Rue de Bramard,"45,3174970","4,3571730",1,3,1,1962.0,5,2,-1,-1,C01,1,8,0,1,1,5,3,10.3,-1.0,D,2,2,0,2,3,1,0,1,80,adult
202000031473,31,7,2020,0 days 13:30:00,1,42,42115,1,4,1,5,Rue de Bramard,"45,3174970","4,3571730",1,1,1,1994.0,4,1,-1,-1,C01,1,8,0,1,1,5,3,10.3,-1.0,D,2,2,0,2,3,1,0,1,80,adult
202000031502,1,6,2020,0 days 19:48:00,1,94,94069,2,1,1,3,CHEMIN DE PRESLES (AV DU),"48,8158970","2,4622700",1,1,2,1982.0,5,1,0,-1,B01,3,0,2,3,26,5,4,CHEMIN DE PRESLES (AV DU),0.0,,-1,2,0,1,1,1,0,1,30,child
202000031502,1,6,2020,0 days 19:48:00,1,94,94069,2,1,1,3,CHEMIN DE PRESLES (AV DU),"48,8158970","2,4622700",1,4,1,2008.0,5,2,8,-1,B01,3,0,2,3,26,5,4,CHEMIN DE PRESLES (AV DU),0.0,,-1,2,0,1,1,1,0,1,30,adult
202000031536,3,6,2020,0 days 17:40:00,1,84,84072,1,1,1,3,Route de Carpentras,"44,0603290","5,1034500",1,1,1,1960.0,1,8,-1,-1,B01,2,0,2,8,1,6,3,942,-1.0,,2,2,0,1,1,1,0,1,80,child
202000031536,3,6,2020,0 days 17:40:00,1,84,84072,1,1,1,3,Route de Carpentras,"44,0603290","5,1034500",1,3,1,1981.0,5,0,-1,-1,B01,2,0,2,8,1,6,3,942,-1.0,,2,2,0,1,1,1,0,1,80,adult
202000031541,2,6,2020,0 days 11:20:00,1,64,64495,1,1,1,2,D918,"43,3656760"," -1,5980440",1,3,1,1959.0,5,2,9,-1,A01,1,0,2,6,13,5,3,918,0.0,,2,2,0,1,3,1,0,1,80,child
202000031541,2,6,2020,0 days 11:20:00,1,64,64495,1,1,1,2,D918,"43,3656760"," -1,5980440",1,1,2,1996.0,9,1,-1,-1,A01,1,0,2,6,13,5,3,918,0.0,,2,2,0,1,3,1,0,1,80,adult
202000031562,30,9,2020,0 days 13:05:00,1,69,69388,2,3,1,3,MARIUS BERLIET                      (R ),"45,7390200","4,8665100",1,1,2,1943.0,5,8,0,-1,B01,1,0,2,0,0,0,4,MARIUS BERLIET                      (R ),0.0,,4,3,3,1,1,1,0,5,50,child
202000031562,30,9,2020,0 days 13:05:00,1,69,69388,2,3,1,3,MARIUS BERLIET                      (R ),"45,7390200","4,8665100",1,4,1,1994.0,0,2,0,-1,B01,1,0,2,0,0,0,4,MARIUS BERLIET                      (R ),0.0,,4,3,3,1,1,1,0,5,50,adult
202000031578,30,9,2020,0 days 18:10:00,1,67,67482,2,3,2,2,HOPITAL (ROUTE DE L ),"48,5723000","7,7504500",1,4,1,1963.0,0,8,0,-1,A01,1,0,2,3,19,5,4,,0.0,,2,3,0,1,1,2,2,1,50,child
202000031578,30,9,2020,0 days 18:10:00,1,67,67482,2,3,2,2,HOPITAL (ROUTE DE L ),"48,5723000","7,7504500",1,1,1,1985.0,1,1,0,-1,A01,1,0,2,3,19,5,4,,0.0,,2,3,0,1,1,2,2,1,50,adult
202000031585,28,9,2020,0 days 16:33:00,1,57,57672,1,1,2,3,KONACKER (Route),"49,3624200","6,0854900",1,1,1,1977.0,5,1,0,-1,B01,2,0,2,1,19,5,3,KONACKER (Route),0.0,,2,2,0,2,1,2,0,1,50,child
202000031585,28,9,2020,0 days 16:33:00,1,57,57672,1,1,2,3,KONACKER (Route),"49,3624200","6,0854900",1,3,1,2009.0,5,8,0,-1,B01,2,0,2,1,19,5,3,KONACKER (Route),0.0,,2,2,0,2,1,2,0,1,50,adult
202000031586,28,9,2020,0 days 16:20:00,1,56,56121,2,2,1,3,GALLIENI (BD),"47,7375300"," -3,3781200",1,1,1,1935.0,5,1,8,-1,B01,1,0,2,7,1,5,4,,0.0,,2,2,0,1,1,1,0,1,50,child
202000031586,28,9,2020,0 days 16:20:00,1,56,56121,2,2,1,3,GALLIENI (BD),"47,7375300"," -3,3781200",1,4,1,1995.0,9,8,0,-1,B01,1,0,2,7,1,5,4,,0.0,,2,2,0,1,1,1,0,1,50,adult
202000031590,29,9,2020,0 days 16:41:00,1,49,49267,2,1,1,2,MARMITIERE,"47,4705600"," -0,4916500",1,1,2,1983.0,0,1,0,-1,B01,1,0,2,0,0,5,4,,0.0,,-1,2,0,1,1,1,0,1,30,child
202000031590,29,9,2020,0 days 16:41:00,1,49,49267,2,1,1,2,MARMITIERE,"47,4705600"," -0,4916500",1,4,1,2009.0,0,8,0,-1,B01,1,0,2,0,0,5,4,,0.0,,-1,2,0,1,1,1,0,1,30,adult
202000031601,30,9,2020,0 days 15:20:00,1,17,17300,2,2,1,3,FERRY   RUE JULES,"46,1624000"," -1,1669000",1,4,1,1943.0,5,8,0,-1,A01,2,0,2,7,19,5,4,FERRY   RUE JULES,0.0,,2,2,0,1,1,1,5,1,30,child
202000031601,30,9,2020,0 days 15:20:00,1,17,17300,2,2,1,3,FERRY   RUE JULES,"46,1624000"," -1,1669000",2,1,1,2010.0,5,1,8,-1,A01,2,0,2,7,19,5,4,FERRY   RUE JULES,0.0,,2,2,0,1,1,1,5,1,30,adult
202000031601,30,9,2020,0 days 15:20:00,1,17,17300,2,2,1,3,FERRY   RUE JULES,"46,1624000"," -1,1669000",2,1,2,2012.0,5,1,8,-1,A01,2,0,2,7,19,5,4,FERRY   RUE JULES,0.0,,2,2,0,1,1,1,5,1,30,adult
202000031632,30,9,2020,0 days 14:45:00,1,75,75111,2,4,1,6,BOULEVARD RICHARD LENOIR,"48,8568260","2,3704930",3,4,2,1956.0,5,0,-1,-1,A01,2,0,1,1,1,5,4,,0.0,,1,3,1,1,1,1,-1,5,50,child
202000031632,30,9,2020,0 days 14:45:00,1,75,75111,2,4,1,6,BOULEVARD RICHARD LENOIR,"48,8568260","2,3704930",1,1,1,2000.0,5,8,0,-1,A01,2,0,1,1,1,5,4,,0.0,,1,3,1,1,1,1,-1,5,50,adult
202000031634,30,9,2020,0 days 13:40:00,1,75,75107,2,2,8,3,QUAI D ORSAY,"48,8624720","2,3104050",1,1,1,1933.0,9,1,0,-1,B01,1,9,2,1,1,5,4,,0.0,,2,5,1,1,3,1,-1,5,50,child
202000031634,30,9,2020,0 days 13:40:00,1,75,75107,2,2,8,3,QUAI D ORSAY,"48,8624720","2,3104050",2,1,2,1935.0,9,1,0,-1,B01,1,9,2,1,1,5,4,,0.0,,2,5,1,1,3,1,-1,5,50,adult
202000031634,30,9,2020,0 days 13:40:00,1,75,75107,2,2,8,3,QUAI D ORSAY,"48,8624720","2,3104050",1,4,1,1998.0,9,8,0,-1,B01,1,9,2,1,1,5,4,,0.0,,2,5,1,1,3,1,-1,5,50,adult
202000031636,30,9,2020,0 days 08:20:00,1,75,75104,2,3,8,3,BOULEVARD MORLAND,"48,8489270","2,3645210",1,4,1,1957.0,1,2,0,-1,A01,1,0,2,1,1,5,4,,0.0,,2,3,1,1,1,2,-1,5,50,child
202000031636,30,9,2020,0 days 08:20:00,1,75,75104,2,3,8,3,BOULEVARD MORLAND,"48,8489270","2,3645210",1,1,1,1980.0,1,1,0,-1,A01,1,0,2,1,1,5,4,,0.0,,2,3,1,1,1,2,-1,5,50,adult
202000031720,28,9,2020,0 days 16:26:00,1,87,87050,2,3,1,3,ALSACE (RUE D'),"45,8704600","1,2362000",2,1,1,1963.0,4,1,0,-1,A01,2,0,2,8,15,5,4,CIGOGNES (RUE DES),0.0,,2,2,0,1,1,1,0,1,50,child