Num_Acc,jour,mois,an,hrmn,lum,dep,com,agg,int,atm,col,adr,lat,long,catu,grav,sexe,an_nais,trajet,secu1,secu2,secu3,num_veh_y,senc,obs,obsm,choc,manv,motor,catr,voie,v1,v2,circ,nbv,vosp,prof,plan,surf,infra,situ,vma,age
202000032841,27,8,2020,0 days 09:55:00,1,92,92002,2,1,1,6,AUGUSTE MOUNIE (RUE),"48,7536265","2,3040788",3,4,2,2017.0,3,0,-1,-1,A01,2,0,1,1,26,5,4,AUGUSTE MOUNIE (RUE),0.0,,1,1,1,1,1,1,0,5,30,adult
202000032842,4,9,2020,0 days 09:30:00,1,2A,2A348,1,1,1,2,D70,"42,1518407","8,7554132",1,3,1,1951.0,5,2,-1,-1,B01,1,0,2,4,2,5,3,70,0.0,,2,2,0,3,4,1,0,1,80,child
202000032842,4,9,2020,0 days 09:30:00,1,2A,2A348,1,1,1,2,D70,"42,1518407","8,7554132",1,1,1,1998.0,1,1,-1,-1,B01,1,0,2,4,2,5,3,70,0.0,,2,2,0,3,4,1,0,1,80,adult
202000032913,30,10,2020,0 days 13:15:00,1,92,92002,2,1,1,2,ARMAND GUILLEBAUD (AVENUE),"48,7479700","2,3092900",1,1,1,1968.0,1,8,0,-1,A01,2,14,0,1,1,6,3,67,0.0,A,2,3,0,3,1,1,0,1,50,child
202000032913,30,10,2020,0 days 13:15:00,1,92,92002,2,1,1,2,ARMAND GUILLEBAUD (AVENUE),"48,7479700","2,3092900",1,4,1,1990.0,4,8,0,-1,A01,2,14,0,1,1,6,3,67,0.0,A,2,3,0,3,1,1,0,1,50,adult
202000032989,28,10,2020,0 days 08:09:00,1,67,67482,2,3,2,3,ARQUEBUSIERS (RUE DES),"48,5919708","7,7598091",1,1,1,1950.0,0,1,8,-1,B01,2,0,2,1,1,5,4,ARQUEBUSIERS (RUE DES),0.0,,2,2,1,1,1,2,0,1,50,child
202000032989,28,10,2020,0 days 08:09:00,1,67,67482,2,3,2,3,ARQUEBUSIERS (RUE DES),"48,5919708","7,7598091",1,4,1,1974.0,1,8,0,-1,B01,2,0,2,1,1,5,4,ARQUEBUSIERS (RUE DES),0.0,,2,2,1,1,1,2,0,1,50,adult
202000033014,29,10,2020,0 days 11:50:00,1,35,35238,2,2,1,3,MITTERAND (MAIL FRANCOIS),"48,1085400"," -1,6929400",1,1,2,1964.0,1,1,0,-1,B01,3,0,2,1,1,5,4,MITTERAND (MAIL FRANCOIS),0.0,,2,2,3,1,1,1,0,1,50,child
202000033014,29,10,2020,0 days 11:50:00,1,35,35238,2,2,1,3,MITTERAND (MAIL FRANCOIS),"48,1085400"," -1,6929400",1,4,1,1998.0,5,2,0,-1,B01,3,0,2,1,1,5,4,MITTERAND (MAIL FRANCOIS),0.0,,2,2,3,1,1,1,0,1,50,adult
202000033019,29,10,2020,0 days 08:30:00,1,35,35238,2,3,2,3,TOUR D'AUVERGNE (BD DE LA),"48,1044637"," -1,6843732",1,1,2,1965.0,9,1,0,-1,B01,2,0,0,0,0,0,4,TOUR D'AUVERGNE (BD DE LA),0.0,,1,2,1,1,1,2,9,1,50,child
202000033019,29,10,2020,0 days 08:30:00,1,35,35238,2,3,2,3,TOUR D'AUVERGNE (BD DE LA),"48,1044637"," -1,6843732",1,4,1,1993.0,9,2,0,-1,B01,2,0,0,0,0,0,4,TOUR D'AUVERGNE (BD DE LA),0.0,,1,2,1,1,1,2,9,1,50,adult
202000033026,2,8,2020,0 days 11:45:00,1,38,38317,2,3,7,3,20 Rue de Chamrousse,"45,1320320","5,7110020",1,3,1,1943.0,5,2,-1,-1,B01,3,0,2,3,26,5,4,,0.0,,2,2,0,1,3,1,0,1,50,child
202000033026,2,8,2020,0 days 11:45:00,1,38,38317,2,3,7,3,20 Rue de Chamrousse,"45,1320320","5,7110020",1,1,2,1989.0,5,1,-1,-1,B01,3,0,2,3,26,5,4,,0.0,,2,2,0,1,3,1,0,1,50,adult
202000033065,31,7,2020,0 days 12:55:00,1,77,77058,2,6,1,3,LAGNY (BOULEVARD DE) - D35,"48,8312810","2,7061050",1,4,1,1951.0,5,2,0,-1,B01,1,0,2,6,1,0,3,35,0.0,,1,2,0,1,1,1,0,1,50,child
202000033065,31,7,2020,0 days 12:55:00,1,77,77058,2,6,1,3,LAGNY (BOULEVARD DE) - D35,"48,8312810","2,7061050",1,1,1,1999.0,4,1,0,-1,B01,1,0,2,6,1,0,3,35,0.0,,1,2,0,1,1,1,0,1,50,adult
202000033082,29,10,2020,0 days 18:35:00,5,75,75120,2,3,2,3,RUE JEAN VEBER,"48,8624210","2,4091590",1,1,1,1975.0,9,8,0,-1,A01,1,0,2,7,16,5,4,,0.0,,2,2,2,1,1,2,-1,5,30,child
202000033082,29,10,2020,0 days 18:35:00,5,75,75120,2,3,2,3,RUE JEAN VEBER,"48,8624210","2,4091590",1,4,2,2002.0,9,8,0,-1,A01,1,0,2,7,16,5,4,,0.0,,2,2,2,1,1,2,-1,5,30,adult
202000033099,31,7,2020,0 days 20:45:00,1,25,25031,2,1,1,3,BELFORT (RUE DE),"47,4855450","6,8413170",1,1,1,1989.0,1,1,0,-1,B01,1,0,2,0,0,0,3,437,0.0,D,2,2,0,1,1,1,0,8,50,child
202000033099,31,7,2020,0 days 20:45:00,1,25,25031,2,1,1,3,BELFORT (RUE DE),"47,4855450","6,8413170",1,3,1,2016.0,0,0,-1,-1,B01,1,0,2,0,0,0,3,437,0.0,D,2,2,0,1,1,1,0,8,50,adult
202000033107,29,10,2020,0 days 20:50:00,5,75,75101,2,3,1,6,RUE DE RIVOLI,"48,8591070","2,3464340",3,3,2,1959.0,5,0,-1,-1,A01,2,0,1,1,1,5,4,,0.0,,3,3,1,1,1,1,-1,5,30,child
202000033107,29,10,2020,0 days 20:50:00,5,75,75101,2,3,1,6,RUE DE RIVOLI,"48,8591070","2,3464340",1,1,1,1996.0,5,8,0,-1,A01,2,0,1,1,1,5,4,,0.0,,3,3,1,1,1,1,-1,5,30,adult
202000033112,29,10,2020,0 days 08:50:00,1,75,75104,2,3,1,1,RUE SAINT ANTOINE,"48,8547730","2,3624230",1,4,2,1972.0,1,8,0,-1,B01,1,0,2,0,1,5,4,,0.0,,2,3,1,1,1,1,-1,5,30,child
202000033112,29,10,2020,0 days 08:50:00,1,75,75104,2,3,1,1,RUE SAINT ANTOINE,"48,8547730","2,3624230",1,4,1,1997.0,1,8,0,-1,B01,1,0,2,0,1,5,4,,0.0,,2,3,1,1,1,1,-1,5,30,adult
202000033164,28,10,2020,0 days 19:40:00,3,972,97225,1,1,1,-1,D10,"14,7547350"," -61,1827750",1,1,2,1963.0,1,1,-1,-1,B01,1,0,2,4,2,5,3,10,-1.0,,2,2,0,1,1,2,2,1,-1,child
202000033164,28,10,2020,0 days 19:40:00,3,972,97225,1,1,1,-1,D10,"14,7547350"," -61,1827750",1,4,1,2004.0,5,0,-1,-1,B01,1,0,2,4,2,5,3,10,-1.0,,2,2,0,1,1,2,2,1,-1,adult
202000033164,28,10,2020,0 days 19:40:00,3,972,97225,1,1,1,-1,D10,"14,7547350"," -61,1827750",2,4,1,2007.0,5,0,-1,-1,B01,1,0,2,4,2,5,3,10,-1.0,,2,2,0,1,1,2,2,1,-1,adult
202000033167,30,10,2020,0 days 10:30:00,1,58,58193,1,1,1,3,Route de la Villeneuve,"47,5268950","2,8796410",1,3,1,1937.0,5,2,6,4,B01,3,0,2,4,15,5,4,957,-1.0,,2,2,0,1,1,1,0,1,70,child
202000033167,30,10,2020,0 days 10:30:00,1,58,58193,1,1,1,3,Route de la Villeneuve,"47,5268950","2,8796410",1,1,2,1996.0,3,1,-1,-1,B01,3,0,2,4,15,5,4,957,-1.0,,2,2,0,1,1,1,0,1,70,adult
202000033190,29,10,2020,0 days 17:25:00,2,58,58151,1,1,1,-1,D34,"46,8700500","3,4597060",1,1,1,1958.0,0,1,-1,-1,B01,2,0,2,1,2,5,3,34,0.0,,2,2,0,1,1,2,0,1,80,child
202000033190,29,10,2020,0 days 17:25:00,2,58,58151,1,1,1,-1,D34,"46,8700500","3,4597060",1,4,1,2003.0,5,2,6,-1,B01,2,0,2,1,2,5,3,34,0.0,,2,2,0,1,1,2,0,1,80,adult
202000033194,29,10,2020,0 days 15:30:00,1,05,05124,1,1,1,3,D314,"44,5808700","6,1257790",1,1,1,1945.0,3,1,-1,-1,A01,2,0,2,1,13,5,3,314,0.0,D,2,2,0,2,3,1,0,1,80,child
202000033194,29,10,2020,0 days 15:30:00,1,05,05124,1,1,1,3,D314,"44,5808700","6,1257790",2,1,2,1949.0,3,1,-1,-1,A01,2,0,2,1,13,5,3,314,0.0,D,2,2,0,2,3,1,0,1,80,adult
202000033194,29,10,2020,0 days 15:30:00,1,05,05124,1,1,1,3,D314,"44,5808700","6,1257790",1,3,1,2001.0,5,2,-1,-1,A01,2,0,2,1,13,5,3,314,0.0,D,2,2,0,2,3,1,0,1,80,adult
202000033236,2,8,2020,0 days 16:30:00,1,39,39397,2,3,8,3,,"46,5234290","5,6163640",1,3,1,1961.0,5,0,-1,-1,A01,1,0,2,1,16,5,3,470,-1.0,,2,2,0,2,3,1,0,1,50,child
202000033236,2,8,2020,0 days 16:30:00,1,39,39397,2,3,8,3,,"46,5234290","5,6163640",1,1,1,1984.0,5,1,-1,-1,A01,1,0,2,1,16,5,3,470,-1.0,,2,2,0,2,3,1,0,1,50,adult
202000033277,1,8,2020,0 days 14:20:00,1,18,18289,2,3,1,3,14 Route d'Osmery,"46,9721090","2,5880430",1,1,1,1987.0,5,1,-1,-1,A01,3,0,2,6,19,5,3,166,0.0,,2,2,0,1,1,1,0,1,50,child
202000033277,1,8,2020,0 days 14:20:00,1,18,18289,2,3,1,3,14 Route d'Osmery,"46,9721090","2,5880430",1,3,1,2011.0,5,2,-1,-1,A01,3,0,2,6,19,5,3,166,0.0,,2,2,0,1,1,1,0,1,50,adult
202000033290,29,9,2020,0 days 19:30:00,5,75,75116,2,1,1,2,RUE DE LA POMPE,"48,8671320","2,2805460",1,1,1,1948.0,5,1,0,-1,A01,1,0,2,3,1,5,4,,0.0,,2,2,0,1,1,1,0,1,50,child
202000033290,29,9,2020,0 days 19:30:00,5,75,75116,2,1,1,2,RUE DE LA POMPE,"48,8671320","2,2805460",1,4,1,1989.0,4,8,0,-1,A01,1,0,2,3,1,5,4,,0.0,,2,2,0,1,1,1,0,1,50,adult
202000033319,29,9,2020,0 days 07:55:00,1,75,75111,2,1,2,3,AVENUE PHILIPPE AUGUSTE,"48,8503280","2,3947380",1,1,1,1975.0,1,1,0,-1,B01,1,0,2,3,1,5,4,,0.0,,2,2,0,1,1,2,0,1,30,child
202000033319,29,9,2020,0 days 07:55:00,1,75,75111,2,1,2,3,AVENUE PHILIPPE AUGUSTE,"48,8503280","2,3947380",1,4,1,2004.0,2,8,0,-1,B01,1,0,2,3,1,5,4,,0.0,,2,2,0,1,1,2,0,1,30,adult
202000033355,29,9,2020,0 days 17:30:00,1,94,94069,2,9,2,3,EUGENE DELACROIX (R),"48,8233240","2,4212080",1,1,2,1959.0,0,1,0,-1,B01,1,0,2,3,9,5,4,EUGENE DELACROIX (R),0.0,,1,0,0,1,1,2,0,1,30,child
202000033355,29,9,2020,0 days 17:30:00,1,94,94069,2,9,2,3,EUGENE DELACROIX (R),"48,8233240","2,4212080",1,4,1,1994.0,0,8,0,-1,B01,1,0,2,3,9,5,4,EUGENE DELACROIX (R),0.0,,1,0,0,1,1,2,0,1,30,adult
202000033365,31,7,2020,0 days 19:15:00,1,06,06091,2,1,1,-1,Boulevard Aristide Briand,"43,8033100","7,4004020",1,3,1,1950.0,5,2,-1,-1,B01,0,1,0,1,0,5,3,53,-1.0,,2,2,0,2,1,1,0,1,50,child
202000033365,31,7,2020,0 days 19:15:00,1,06,06091,2,1,1,-1,Boulevard Aristide Briand,"43,8033100","7,4004020",1,1,2,1971.0,0,0,-1,-1,B01,0,1,0,1,0,5,3,53,-1.0,,2,2,0,2,1,1,0,1,50,adult
202000033456,30,9,2020,0 days 17:35:00,1,60,60686,2,1,1,-1,32 Rue de Précy,"49,2090050","2,3948160",2,1,1,1938.0,0,1,-1,-1,B01,1,0,2,1,19,5,3,44,0.0,,2,2,0,1,1,1,0,1,50,child
202000033456,30,9,2020,0 days 17:35:00,1,60,60686,2,1,1,-1,32 Rue de Précy,"49,2090050","2,3948160",1,1,2,1946.0,0,1,-1,-1,B01,1,0,2,1,19,5,3,44,0.0,,2,2,0,1,1,1,0,1,50,adult
202000033456,30,9,2020,0 days 17:35:00,1,60,60686,2,1,1,-1,32 Rue de Précy,"49,2090050","2,3948160",1,3,1,2010.0,5,2,0,0,B01,1,0,2,1,19,5,3,44,0.0,,2,2,0,1,1,1,0,1,50,adult
202000033463,30,7,2020,0 days 09:15:00,1,83,83069,1,9,1,1,MARINE (BOULEVARD DE LA),"43,0861000","6,1560000",1,3,1,1944.0,5,2,0,-1,A01,1,0,2,1,5,5,3,NC,0.0,,2,2,1,1,1,1,5,1,50,child
202000033463,30,7,2020,0 days 09:15:00,1,83,83069,1,9,1,1,MARINE (BOULEVARD DE LA),"43,0861000","6,1560000",1,1,1,1973.0,5,2,8,-1,A01,1,0,2,1,5,5,3,NC,0.0,,2,2,1,1,1,1,5,1,50,adult
202000033525,31,5,2020,0 days 09:15:00,1,31,31433,2,9,7,3,Ancienne Route Impériale,"43,5184200","1,3957250",1,1,2,1951.0,5,1,-1,-1,B01,0,0,2,8,1,5,4,,-1.0,,2,2,0,1,1,1,0,1,30,child
202000033525,31,5,2020,0 days 09:15:00,1,31,31433,2,9,7,3,Ancienne Route Impériale,"43,5184200","1,3957250",1,3,2,1977.0,3,0,-1,-1,B01,0,0,2,8,1,5,4,,-1.0,,2,2,0,1,1,1,0,1,30,adult
202000033551,11,12,2020,0 days 07:59:00,1,83,83069,2,1,1,3,OLBIA  (VOIE),"43,1146740","6,1354490",1,1,1,1959.0,0,1,8,-1,B01,1,0,2,7,0,5,3,98,0.0,,1,2,0,1,1,1,0,1,50,child
202000033551,11,12,2020,0 days 07:59:00,1,83,83069,2,1,1,3,OLBIA  (VOIE),"43,1146740","6,1354490",1,4,1,2008.0,2,8,0,-1,B01,1,0,2,7,0,5,3,98,0.0,,1,2,0,1,1,1,0,1,50,adult
202000033556,30,5,2020,0 days 19:50:00,1,69,69385,2,1,1,3,BARTHELEMY BUYER                    (AV),"45,7636700","4,7993300",1,4,1,1946.0,0,2,0,-1,B01,1,0,2,8,1,0,4,BARTHELEMY BUYER                    (AV),0.0,,2,2,0,1,1,1,0,1,50,child
202000033556,30,5,2020,0 days 19:50:00,1,69,69385,2,1,1,3,BARTHELEMY BUYER                    (AV),"45,7636700","4,7993300",1,1,1,1999.0,0,1,0,-1,B01,1,0,2,8,1,0,4,BARTHELEMY BUYER                    (AV),0.0,,2,2,0,1,1,1,0,1,50,adult
202000033560,31,5,2020,0 days 07:55:00,1,971,97101,1,9,2,3,RN11,"16,2719500"," -61,5154900",1,4,1,1961.0,5,2,8,-1,B01,2,0,2,7,1,0,2,11,0.0,,1,2,0,1,1,2,0,1,50,child
202000033560,31,5,2020,0 days 07:55:00,1,971,97101,1,9,2,3,RN11,"16,2719500"," -61,5154900",1,1,2,1995.0,5,1,0,-1,B01,2,0,2,7,1,0,2,11,0.0,,1,2,0,1,1,2,0,1,50,adult
202000033575,31,5,2020,0 days 11:20:00,1,73,73029,2,6,1,3,STADE (AVENUE DU),"45,5642000","5,9439660",1,3,1,1958.0,5,0,-1,-1,Y01,0,0,2,4,26,0,3,201,-1.0,,2,2,-1,1,2,1,5,1,50,child
202000033575,31,5,2020,0 days 11:20:00,1,73,73029,2,6,1,3,STADE (AVENUE DU),"45,5642000","5,9439660",1,1,1,1988.0,3,1,0,-1,Y01,0,0,2,4,26,0,3,201,-1.0,,2,2,-1,1,2,1,5,1,50,adult
202000033590,9,12,2020,0 days 09:25:00,1,64,64445,2,1,1,3,BALAITOUS DU,"43,3126580"," -0,3709880",1,1,2,1974.0,5,1,0,-1,A01,1,0,2,3,26,5,4,,0.0,,-1,2,0,1,1,1,0,1,30,child
202000033590,9,12,2020,0 days 09:25:00,1,64,64445,2,1,1,3,BALAITOUS DU,"43,3126580"," -0,3709880",1,4,2,2003.0,2,8,0,-1,A01,1,0,2,3,26,5,4,,0.0,,-1,2,0,1,1,1,0,1,30,adult
202000033622,11,12,2020,0 days 07:00:00,5,50,50129,2,1,1,1,ROUSSEAU (RUE WALDECK),"49,6273800"," -1,6375400",1,1,1,1973.0,5,1,0,-1,A01,0,0,2,1,13,5,4,ROUSSEAU (RUE WALDECK),0.0,,2,2,0,1,1,2,0,1,50,child
202000033622,11,12,2020,0 days 07:00:00,5,50,50129,2,1,1,1,ROUSSEAU (RUE WALDECK),"49,6273800"," -1,6375400",1,4,1,2009.0,2,0,0,-1,A01,0,0,2,1,13,5,4,ROUSSEAU (RUE WALDECK),0.0,,2,2,0,1,1,2,0,1,50,adult
202000033676,31,5,2020,0 days 18:15:00,1,75,75120,2,2,1,3,BOULEVARD DE BELLEVILLE,"48,8671020","2,3832880",1,4,1,1963.0,5,8,2,-1,B01,1,0,2,1,18,0,4,,0.0,,3,1,3,1,1,1,-1,6,50,child
202000033676,31,5,2020,0 days 18:15:00,1,75,75120,2,2,1,3,BOULEVARD DE BELLEVILLE,"48,8671020","2,3832880",1,1,1,1987.0,4,1,8,-1,B01,1,0,2,1,18,0,4,,0.0,,3,1,3,1,1,1,-1,6,50,adult
202000033686,31,5,2020,0 days 19:40:00,1,75,75118,2,2,1,3,RUE STEPHENSON,"48,8860680","2,3566150",1,1,1,1967.0,1,1,0,-1,B01,2,0,2,0,1,5,4,,0.0,,1,1,0,1,1,1,0,1,50,child
202000033686,31,5,2020,0 days 19:40:00,1,75,75118,2,2,1,3,RUE STEPHENSON,"48,8860680","2,3566150",1,4,2,1994.0,9,8,2,-1,B01,2,0,2,0,1,5,4,,0.0,,1,1,0,1,1,1,0,1,50,adult
202000033699,31,5,2020,0 days 19:10:00,1,75,75104,2,3,1,1,RUE DE RIVOLI,"48,8552240","2,3611120",1,4,1,1972.0,9,2,0,-1,A01,1,0,2,1,1,5,4,,0.0,,2,4,1,1,1,1,-1,5,50,child
202000033699,31,5,2020,0 days 19:10:00,1,75,75104,2,3,1,1,RUE DE RIVOLI,"48,8552240","2,3611120",1,1,1,1994.0,9,2,0,-1,A01,1,0,2,1,1,5,4,,0.0,,2,4,1,1,1,1,-1,5,50,adult
202000033708,31,5,2020,0 days 16:20:00,1,94,94028,2,1,1,3,CLAVISIS.(RUE DES),"48,7806702","2,4715111",1,1,1,1985.0,0,8,0,-1,B01,1,0,2,0,0,0,4,CLAVISIS.(RUE DES),0.0,,1,1,0,1,1,1,0,1,50,child
202000033708,31,5,2020,0 days 16:20:00,1,94,94028,2,1,1,3,CLAVISIS.(RUE DES),"48,7806702","2,4715111",1,4,1,2010.0,0,8,0,-1,B01,1,0,2,0,0,0,4,CLAVISIS.(RUE DES),0.0,,1,1,0,1,1,1,0,1,50,adult
202000033722,25,9,2020,0 days 07:42:00,2,49,49015,2,6,1,2,DE GAULLE ROND POINT DU GENERAL,"47,5006000"," -0,5905600",1,1,2,1977.0,1,1,0,-1,B01,1,0,2,1,1,5,4,DE GAULLE ROND POINT DU GENERAL,0.0,,-1,2,0,1,1,1,0,1,50,child
202000033722,25,9,2020,0 days 07:42:00,2,49,49015,2,6,1,2,DE GAULLE ROND POINT DU GENERAL,"47,5006000"," -0,5905600",1,4,1,2006.0,1,2,0,-1,B01,1,0,2,1,1,5,4,DE GAULLE ROND POINT DU GENERAL,0.0,,-1,2,0,1,1,1,0,1,50,adult
202000033741,11,12,2020,0 days 09:30:00,1,75,75113,2,3,1,6,BOULEVARD DU GENERAL JEAN SIMON,"48,8240180","2,3770060",3,4,2,1957.0,1,0,-1,-1,A01,1,0,1,1,1,5,4,,0.0,,-1,6,1,4,1,2,0,1,50,child
202000033741,11,12,2020,0 days 09:30:00,1,75,75113,2,3,1,6,BOULEVARD DU GENERAL JEAN SIMON,"48,8240180","2,3770060",1,1,1,1981.0,1,2,0,-1,A01,1,0,1,1,1,5,4,,0.0,,-1,6,1,4,1,2,0,1,50,adult
202000033749,11,12,2020,0 days 14:10:00,1,75,75109,2,2,2,6,RUE LA FAYETTE,"48,8771840","2,3489890",3,4,1,1937.0,5,0,-1,-1,A01,2,0,1,1,1,5,4,,0.0,,1,3,1,1,1,2,0,1,50,child
202000033749,11,12,2020,0 days 14:10:00,1,75,75109,2,2,2,6,RUE LA FAYETTE,"48,8771840","2,3489890",1,1,2,1994.0,9,8,0,-1,A01,2,0,1,1,1,5,4,,0.0,,1,3,1,1,1,2,0,1,50,adult
202000033781,11,12,2020,0 days 17:46:00,4,44,44043,1,6,2,3,D149,"47,0969740"," -1,2720480",1,1,1,1979.0,4,1,-1,-1,B01,2,0,0,7,1,5,3,149,0.0,,2,2,1,1,1,2,5,1,80,child
202000033781,11,12,2020,0 days 17:46:00,4,44,44043,1,6,2,3,D149,"47,0969740"," -1,2720480",1,3,1,2007.0,5,0,-1,-1,B01,2,0,0,7,1,5,3,149,0.0,,2,2,1,1,1,2,5,1,80,adult
202000033856,9,12,2020,0 days 18:05:00,5,44,44184,2,2,1,3,LAGRANGE (AVENUE LÉO),"47,2694100"," -2,2283400",1,1,2,1940.0,5,1,8,-1,B01,2,0,2,8,19,5,4,,0.0,,2,3,0,1,1,1,0,1,50,child
202000033856,9,12,2020,0 days 18:05:00,5,44,44184,2,2,1,3,LAGRANGE (AVENUE LÉO),"47,2694100"," -2,2283400",1,4,1,2002.0,1,2,8,-1,B01,2,0,2,8,19,5,4,,0.0,,2,3,0,1,1,1,0,1,50,adult
202000033875,13,1,2020,0 days 18:05:00,5,75,75106,2,4,2,6,RUE DE RENNES,"48,8445601","2,3245389",3,3,2,1969.0,1,0,-1,-1,A01,1,0,1,1,1,5,4,,0.0,,2,3,0,1,1,2,0,1,30,child
202000033875,13,1,2020,0 days 18:05:00,5,75,75106,2,4,2,6,RUE DE RENNES,"48,8445601","2,3245389",1,1,1,2002.0,2,8,2,-1,A01,1,0,1,1,1,5,4,,0.0,,2,3,0,1,1,2,0,1,30,adult
202000033882,13,1,2020,0 days 09:55:00,1,75,75119,2,5,1,3,RUE BOTZARIS,"48,8759986","2,3813281",1,4,1,1950.0,9,8,2,-1,B01,1,0,2,7,15,5,4,,0.0,,2,2,0,1,1,1,0,1,30,child
202000033882,13,1,2020,0 days 09:55:00,1,75,75119,2,5,1,3,RUE BOTZARIS,"48,8759986","2,3813281",1,1,1,1999.0,1,2,6,-1,B01,1,0,2,7,15,5,4,,0.0,,2,2,0,1,1,1,0,1,30,adult
202000033886,13,1,2020,0 days 10:50:00,1,75,75117,2,4,1,3,AVENUE DE VILLIERS,"48,8817361","2,3145892",1,1,1,1956.0,4,1,8,-1,A01,2,0,2,0,1,5,4,,0.0,,2,2,0,1,1,1,0,1,50,child
202000033886,13,1,2020,0 days 10:50:00,1,75,75117,2,4,1,3,AVENUE DE VILLIERS,"48,8817361","2,3145892",1,4,2,1984.0,9,8,2,-1,A01,2,0,2,0,1,5,4,,0.0,,2,2,0,1,1,1,0,1,50,adult
202000033953,11,1,2020,0 days 07:35:00,1,971,97125,1,1,1,2,La Pointe des Châteaux,"16,2557640"," -61,2468940",1,2,1,1942.0,5,0,-1,-1,B01,1,0,2,4,0,5,3,118,-1.0,,2,1,0,1,1,1,0,1,70,child
202000033953,11,1,2020,0 days 07:35:00,1,971,97125,1,1,1,2,La Pointe des Châteaux,"16,2557640"," -61,2468940",1,1,1,1966.0,3,1,-1,-1,B01,1,0,2,4,0,5,3,118,-1.0,,2,1,0,1,1,1,0,1,70,adult
202000034015,8,1,2020,0 days 18:45:00,5,59,59165,2,1,2,3,EGALITE (RUE DE L'),"50,3770900","3,0511800",1,1,2,1958.0,9,1,0,-1,B01,3,0,2,1,1,5,4,RUE DE L'EGALITE ,0.0,,2,2,0,1,1,2,0,1,50,child
202000034015,8,1,2020,0 days 18:45:00,5,59,59165,2,1,2,3,EGALITE (RUE DE L'),"50,3770900","3,0511800",1,4,1,2004.0,2,8,0,-1,B01,3,0,2,1,1,5,4,RUE DE L'EGALITE ,0.0,,2,2,0,1,1,2,0,1,50,adult
202000034023,10,1,2020,0 days 18:15:00,3,45,45338,2,1,1,1,RUE DU VIEUX BOURG,"47,9899300","2,7246200",1,1,1,1970.0,4,1,0,-1,B01,2,0,2,1,1,5,3,42,0.0,,2,2,0,4,2,1,0,1,50,child
202000034023,10,1,2020,0 days 18:15:00,3,45,45338,2,1,1,1,RUE DU VIEUX BOURG,"47,9899300","2,7246200",1,4,1,2001.0,4,8,0,-1,B01,2,0,2,1,1,5,3,42,0.0,,2,2,0,4,2,1,0,1,50,adult
202000034026,10,1,2020,0 days 04:40:00,5,37,37261,2,2,1,-1,MIRABEAU (RUE),"47,3970430","0,6995117",1,1,1,1962.0,9,1,8,-1,B01,3,0,2,1,1,5,4,,0.0,,3,3,0,1,1,2,5,1,50,child
202000034026,10,1,2020,0 days 04:40:00,5,37,37261,2,2,1,-1,MIRABEAU (RUE),"47,3970430","0,6995117",1,4,1,1996.0,9,2,0,-1,B01,3,0,2,1,1,5,4,,0.0,,3,3,0,1,1,2,5,1,50,adult
202000034029,10,1,2020,0 days 12:25:00,1,35,35238,2,2,1,2,PORTUGAL (BD DU),"48,0835000"," -1,6620000",2,4,1,1963.0,0,-1,0,-1,B01,0,0,2,3,15,5,4,PORTUGAL (BD DU),0.0,,3,2,2,1,1,1,5,1,50,child
202000034029,10,1,2020,0 days 12:25:00,1,35,35238,2,2,1,2,PORTUGAL (BD DU),"48,0835000"," -1,6620000",1,1,1,1977.0,1,1,0,-1,B01,0,0,2,3,15,5,4,PORTUGAL (BD DU),0.0,,3,2,2,1,1,1,5,1,50,adult
202000034029,10,1,2020,0 days 12:25:00,1,35,35238,2,2,1,2,PORTUGAL (BD DU),"48,0835000"," -1,6620000",1,1,1,1985.0,0,-1,0,-1,B01,0,0,2,3,15,5,4,PORTUGAL (BD DU),0.0,,3,2,2,1,1,1,5,1,50,adult
202000034045,7,1,2020,0 days 17:20:00,5,22,22113,2,1,8,1,PLACENN AR GUER (RUE DE),"48,7469300"," -3,4599500",1,1,2,1964.0,3,1,0,-1,B01,3,0,2,1,0,5,4,PLACENN AR GUER (RUE DE),0.0,,2,2,0,1,1,1,0,5,50,child
202000034045,7,1,2020,0 days 17:20:00,5,22,22113,2,1,8,1,PLACENN AR GUER (RUE DE),"48,7469300"," -3,4599500",1,4,1,2006.0,9,2,8,-1,B01,3,0,2,1,0,5,4,PLACENN AR GUER (RUE DE),0.0,,2,2,0,1,1,1,0,5,50,adult
202000034046,11,1,2020,0 days 11:15:00,1,17,17300,2,1,1,6,GARROS   RUE ROLAND,"46,1783400"," -1,1453300",1,3,2,1946.0,9,8,0,-1,A01,3,0,1,1,1,5,4,GARROS   RUE ROLAND,0.0,,1,1,0,2,1,1,0,1,30,child
202000034046,11,1,2020,0 days 11:15:00,1,17,17300,2,1,1,6,GARROS   RUE ROLAND,"46,1783400"," -1,1453300",3,1,1,2001.0,0,0,-1,-1,A01,3,0,1,1,1,5,4,GARROS   RUE ROLAND,0.0,,1,1,0,2,1,1,0,1,30,adult
202000034071,4,7,2020,0 days 11:45:00,1,37,37166,2,3,1,3,1 Rue Jacques de Lavardin,"47,5110572","0,9092855",1,1,1,1968.0,0,1,-1,-1,B01,2,0,2,8,15,5,3,46,0.0,,2,2,0,2,1,1,0,1,50,child
202000034071,4,7,2020,0 days 11:45:00,1,37,37166,2,3,1,3,1 Rue Jacques de Lavardin,"47,5110572","0,9092855",1,4,1,2007.0,5,0,-1,-1,B01,2,0,2,8,15,5,3,46,0.0,,2,2,0,2,1,1,0,1,50,adult
202000034088,5,7,2020,0 days 11:15:00,1,14,14047,2,6,2,3,BD Maréchal LECLERC/ CD 572,"49,2705450"," -0,7072770",1,1,1,1954.0,0,1,-1,-1,B01,2,0,2,7,1,5,3,572,-1.0,,2,2,0,1,1,2,0,1,50,child