Num_Acc,jour,mois,an,hrmn,lum,dep,com,agg,int,atm,col,adr,lat,long,catu,grav,sexe,an_nais,trajet,secu1,secu2,secu3,num_veh_y,senc,obs,obsm,choc,manv,motor,catr,voie,v1,v2,circ,nbv,vosp,prof,plan,surf,infra,situ,vma,age
202000034088,5,7,2020,0 days 11:15:00,1,14,14047,2,6,2,3,BD Maréchal LECLERC/ CD 572,"49,2705450"," -0,7072770",1,3,1,1975.0,5,2,-1,-1,B01,2,0,2,7,1,5,3,572,-1.0,,2,2,0,1,1,2,0,1,50,adult
202000034125,2,7,2020,0 days 16:50:00,1,76,76575,2,1,1,3,HOTEL FORMULE 1 (AV. DES CANADIENS),"49,4001100","1,0639100",1,1,2,1968.0,0,1,0,-1,B01,0,0,2,8,1,5,4,HOTEL FORMULE 1 (AV. DES CANADIENS),0.0,,2,2,3,1,1,1,-1,5,50,child
202000034125,2,7,2020,0 days 16:50:00,1,76,76575,2,1,1,3,HOTEL FORMULE 1 (AV. DES CANADIENS),"49,4001100","1,0639100",1,4,1,2006.0,0,8,0,-1,B01,0,0,2,8,1,5,4,HOTEL FORMULE 1 (AV. DES CANADIENS),0.0,,2,2,3,1,1,1,-1,5,50,adult
202000034129,2,7,2020,0 days 19:50:00,1,67,67482,2,1,1,3,SCHIRMECK (ROUTE DE),"48,5641680","7,7053830",1,1,1,1972.0,0,8,0,-1,B01,1,1,0,1,1,0,7,392,0.0,,2,3,1,1,1,1,0,5,50,child
202000034129,2,7,2020,0 days 19:50:00,1,67,67482,2,1,1,3,SCHIRMECK (ROUTE DE),"48,5641680","7,7053830",1,4,1,1994.0,4,8,0,-1,B01,1,1,0,1,1,0,7,392,0.0,,2,3,1,1,1,1,0,5,50,adult
202000034134,3,7,2020,0 days 17:50:00,1,59,59636,2,6,1,3,MARQUETTE RUE DE,"50,6849124","3,0608685",1,4,2,1972.0,0,8,0,-1,B01,3,0,2,8,0,5,7,108,0.0,,1,2,0,1,3,1,0,8,50,child
202000034134,3,7,2020,0 days 17:50:00,1,59,59636,2,6,1,3,MARQUETTE RUE DE,"50,6849124","3,0608685",1,4,1,2001.0,0,2,6,-1,B01,3,0,2,8,0,5,7,108,0.0,,1,2,0,1,3,1,0,8,50,adult
202000034136,2,7,2020,0 days 12:15:00,1,59,59350,2,3,1,3,KENNEDY AVENUE,"50,6328300","3,0722900",1,1,1,1951.0,0,1,0,-1,Y01,0,0,0,0,0,5,4,KENNEDY AVENUE,0.0,,3,1,1,1,1,1,9,5,30,child
202000034136,2,7,2020,0 days 12:15:00,1,59,59350,2,3,1,3,KENNEDY AVENUE,"50,6328300","3,0722900",2,4,2,1997.0,0,8,0,-1,Y01,0,0,0,0,0,5,4,KENNEDY AVENUE,0.0,,3,1,1,1,1,1,9,5,30,adult
202000034136,2,7,2020,0 days 12:15:00,1,59,59350,2,3,1,3,KENNEDY AVENUE,"50,6328300","3,0722900",1,3,1,2003.0,5,2,0,0,Y01,0,0,0,0,0,5,4,KENNEDY AVENUE,0.0,,3,1,1,1,1,1,9,5,30,adult
202000034139,2,7,2020,0 days 16:50:00,1,54,54395,2,1,1,3,KELLER (RUE CHARLES),"48,7030998","6,1752438",1,1,1,1956.0,5,1,0,-1,B01,1,0,2,1,1,5,4,,0.0,,2,1,0,1,1,1,0,1,50,child
202000034139,2,7,2020,0 days 16:50:00,1,54,54395,2,1,1,3,KELLER (RUE CHARLES),"48,7030998","6,1752438",1,4,1,1989.0,0,8,0,-1,B01,1,0,2,1,1,5,4,,0.0,,2,1,0,1,1,1,0,1,50,adult
202000034149,3,7,2020,0 days 08:40:00,1,35,35238,2,1,1,7,LEROUX (BD OSCAR),"48,0915000"," -1,6647000",1,4,2,1987.0,9,2,4,-1,A01,2,0,0,1,26,5,4,LEROUX (BD OSCAR),0.0,,3,2,2,1,1,1,0,1,50,child
202000034149,3,7,2020,0 days 08:40:00,1,35,35238,2,1,1,7,LEROUX (BD OSCAR),"48,0915000"," -1,6647000",2,4,1,2017.0,0,3,0,-1,A01,2,0,0,1,26,5,4,LEROUX (BD OSCAR),0.0,,3,2,2,1,1,1,0,1,50,adult
202000034151,3,7,2020,0 days 10:00:00,1,34,34172,2,9,1,1,ADAM (PLACE EDOUARD),"43,6067500","3,8759500",1,1,1,1967.0,4,1,8,-1,A01,3,0,2,1,15,5,4,,0.0,,2,2,3,1,1,1,0,6,50,child
202000034151,3,7,2020,0 days 10:00:00,1,34,34172,2,9,1,1,ADAM (PLACE EDOUARD),"43,6067500","3,8759500",1,3,1,2004.0,0,8,0,-1,A01,3,0,2,1,15,5,4,,0.0,,2,2,3,1,1,1,0,6,50,adult
202000034217,2,7,2020,0 days 18:50:00,1,93,93066,2,1,1,3,Avenue Paul Vaillant-Couturier,"48,9300000","2,3620000",1,4,1,1973.0,5,8,0,-1,A01,2,0,2,3,1,5,4,931,0.0,,2,4,0,1,1,1,0,1,50,child
202000034217,2,7,2020,0 days 18:50:00,1,93,93066,2,1,1,3,Avenue Paul Vaillant-Couturier,"48,9300000","2,3620000",1,1,1,1996.0,4,1,0,-1,A01,2,0,2,3,1,5,4,931,0.0,,2,4,0,1,1,1,0,1,50,adult
202000034248,4,7,2020,0 days 01:10:00,3,74,74103,1,1,1,2,Route de Sallanches,"45,9166350","6,6482900",1,2,1,1976.0,5,0,-1,-1,B01,1,0,0,4,2,5,3,1205,-1.0,,2,2,0,1,1,1,0,1,70,child
202000034248,4,7,2020,0 days 01:10:00,3,74,74103,1,1,1,2,Route de Sallanches,"45,9166350","6,6482900",1,1,1,1998.0,5,8,-1,-1,B01,1,0,0,4,2,5,3,1205,-1.0,,2,2,0,1,1,1,0,1,70,adult
202000034255,4,7,2020,0 days 08:05:00,1,12,12069,1,1,1,3,D999,"43,8762110","2,6746770",1,3,1,1948.0,5,2,-1,-1,B01,2,0,2,8,1,5,3,999,-1.0,,2,2,0,2,1,1,0,1,80,child
202000034255,4,7,2020,0 days 08:05:00,1,12,12069,1,1,1,3,D999,"43,8762110","2,6746770",1,1,1,1970.0,4,8,-1,-1,B01,2,0,2,8,1,5,3,999,-1.0,,2,2,0,2,1,1,0,1,80,adult
202000034255,4,7,2020,0 days 08:05:00,1,12,12069,1,1,1,3,D999,"43,8762110","2,6746770",2,1,1,2009.0,0,8,-1,-1,B01,2,0,2,8,1,5,3,999,-1.0,,2,2,0,2,1,1,0,1,80,adult
202000034284,16,3,2020,0 days 19:40:00,3,55,55302,1,1,1,2,RN935,"48,7470740","5,2066080",1,2,1,1953.0,5,8,0,-1,B01,1,0,2,4,2,-1,3,135,0.0,,2,2,0,1,1,1,0,1,80,child
202000034284,16,3,2020,0 days 19:40:00,3,55,55302,1,1,1,2,RN935,"48,7470740","5,2066080",1,1,2,1989.0,0,1,0,-1,B01,1,0,2,4,2,-1,3,135,0.0,,2,2,0,1,1,1,0,1,80,adult
202000034305,18,3,2020,0 days 17:00:00,1,60,60481,2,1,1,3,Rue de la Forêt,"49,2927140","2,8585960",1,1,1,1963.0,1,1,-1,-1,B01,3,0,2,1,26,5,3,,-1.0,F,2,2,0,1,1,1,0,1,50,child
202000034305,18,3,2020,0 days 17:00:00,1,60,60481,2,1,1,3,Rue de la Forêt,"49,2927140","2,8585960",1,3,1,2005.0,5,0,-1,-1,B01,3,0,2,1,26,5,3,,-1.0,F,2,2,0,1,1,1,0,1,50,adult
202000034313,9,1,2020,0 days 14:10:00,1,09,09122,2,7,1,3,LAQUIERE (RUE),"42,9628800","1,6083300",1,1,1,1960.0,4,1,0,-1,A01,2,0,2,1,25,5,4,LAQUIERE (RUE),0.0,,1,1,0,2,1,1,9,1,50,child
202000034313,9,1,2020,0 days 14:10:00,1,09,09122,2,7,1,3,LAQUIERE (RUE),"42,9628800","1,6083300",1,4,1,2006.0,5,8,0,-1,A01,2,0,2,1,25,5,4,LAQUIERE (RUE),0.0,,1,1,0,2,1,1,9,1,50,adult
202000034332,15,3,2020,0 days 09:36:00,1,63,63113,2,3,1,-1,FONTAINE DU LARGE (RUE DE LA),"45,7927900","3,0916600",1,1,2,1971.0,0,1,0,-1,B01,3,0,2,8,15,5,4,FONTAINE DU LARGE (RUE DE LA),0.0,,2,2,0,1,1,1,0,1,50,child
202000034332,15,3,2020,0 days 09:36:00,1,63,63113,2,3,1,-1,FONTAINE DU LARGE (RUE DE LA),"45,7927900","3,0916600",1,4,2,2007.0,0,2,6,-1,B01,3,0,2,8,15,5,4,FONTAINE DU LARGE (RUE DE LA),0.0,,2,2,0,1,1,1,0,1,50,adult
202000034336,13,3,2020,0 days 09:10:00,1,59,59178,2,6,1,3,HERILLIER (PLACE L'),"50,3629800","3,0781200",1,1,1,1960.0,3,1,0,-1,B01,1,0,2,1,1,5,3,643,0.0,,1,2,2,1,2,1,0,5,50,child
202000034336,13,3,2020,0 days 09:10:00,1,59,59178,2,6,1,3,HERILLIER (PLACE L'),"50,3629800","3,0781200",1,4,1,1991.0,5,8,0,-1,B01,1,0,2,1,1,5,3,643,0.0,,1,2,2,1,2,1,0,5,50,adult
202000034366,14,2,2020,0 days 16:00:00,1,02,02475,1,1,1,3,36 Rue de Guignicourt,"49,4216030","3,9977150",1,1,1,1972.0,4,8,-1,-1,B01,1,0,2,8,25,5,3,925,-1.0,,3,2,0,1,3,1,9,1,50,child
202000034366,14,2,2020,0 days 16:00:00,1,02,02475,1,1,1,3,36 Rue de Guignicourt,"49,4216030","3,9977150",1,3,1,2005.0,2,0,-1,-1,B01,1,0,2,8,25,5,3,925,-1.0,,3,2,0,1,3,1,9,1,50,adult
202000034384,16,3,2020,0 days 19:34:00,1,974,97416,2,3,1,-1,EMBERIQUES (IMPASSE)," -21,2904100","55,4567800",1,1,1,1900.0,1,1,8,-1,B01,2,0,2,7,14,5,4,EMBERIQUES (IMPASSE),0.0,,2,1,0,1,2,1,9,1,50,child
202000034384,16,3,2020,0 days 19:34:00,1,974,97416,2,3,1,-1,EMBERIQUES (IMPASSE)," -21,2904100","55,4567800",1,3,1,2010.0,5,8,0,-1,B01,2,0,2,7,14,5,4,EMBERIQUES (IMPASSE),0.0,,2,1,0,1,2,1,9,1,50,adult
202000034406,16,3,2020,0 days 16:25:00,1,33,33522,2,2,1,2,BD GEORGE V / RUE DE LA LIBERTE,"44,8213100"," -0,5831500",1,4,2,1964.0,0,8,-1,-1,B01,1,0,0,4,1,5,4,BD GEORGE V,0.0,,2,6,2,1,1,9,5,1,50,child
202000034406,16,3,2020,0 days 16:25:00,1,33,33522,2,2,1,2,BD GEORGE V / RUE DE LA LIBERTE,"44,8213100"," -0,5831500",1,1,1,1989.0,4,8,-1,-1,B01,1,0,0,4,1,5,4,BD GEORGE V,0.0,,2,6,2,1,1,9,5,1,50,adult
202000034499,1,9,2020,0 days 15:35:00,1,52,52121,2,1,1,3,39 ALPHANDERY (RUE) PAIR,"48,1063000","5,1358200",1,4,1,1939.0,5,0,-1,-1,B01,1,0,2,2,1,-1,4,,-1.0,,1,-1,-1,-1,-1,-1,-1,-1,-1,child
202000034499,1,9,2020,0 days 15:35:00,1,52,52121,2,1,1,3,39 ALPHANDERY (RUE) PAIR,"48,1063000","5,1358200",1,1,1,1970.0,9,1,-1,-1,B01,1,0,2,2,1,-1,4,,-1.0,,1,-1,-1,-1,-1,-1,-1,-1,-1,adult
202000034501,2,9,2020,0 days 17:32:00,1,45,45147,2,2,1,1,Rue André Dessaux,"47,9340184","1,8962286",1,3,1,1956.0,5,2,6,-1,B01,2,0,2,1,1,0,4,DESSAUX (RUE ANDRE DESSAUX),0.0,,2,3,1,2,1,1,5,1,50,child
202000034501,2,9,2020,0 days 17:32:00,1,45,45147,2,2,1,1,Rue André Dessaux,"47,9340184","1,8962286",1,1,1,2000.0,5,1,0,-1,B01,2,0,2,1,1,0,4,DESSAUX (RUE ANDRE DESSAUX),0.0,,2,3,1,2,1,1,5,1,50,adult
202000034537,2,9,2020,0 days 08:34:00,1,75,75113,2,3,1,6,AVENUE D ITALIE,"48,8274290","2,3568780",3,4,1,1961.0,9,0,-1,-1,A01,1,0,1,1,1,5,4,,0.0,,2,6,2,2,1,1,0,5,50,child
202000034537,2,9,2020,0 days 08:34:00,1,75,75113,2,3,1,6,AVENUE D ITALIE,"48,8274290","2,3568780",1,1,1,1991.0,1,8,0,-1,A01,1,0,1,1,1,5,4,,0.0,,2,6,2,2,1,1,0,5,50,adult
202000034550,2,9,2020,0 days 19:30:00,1,94,94002,2,1,1,1,PIERRE COSMI (QU),"48,8147640","2,4115840",1,4,1,1960.0,0,2,8,-1,A01,3,6,9,3,1,5,4,PIERRE COSMI (QU),0.0,,-1,0,1,1,2,1,2,5,30,child
202000034550,2,9,2020,0 days 19:30:00,1,94,94002,2,1,1,1,PIERRE COSMI (QU),"48,8147640","2,4115840",1,1,1,2008.0,5,2,8,-1,A01,3,6,9,3,1,5,4,PIERRE COSMI (QU),0.0,,-1,0,1,1,2,1,2,5,30,adult
202000034604,2,9,2020,0 days 16:45:00,1,15,15248,1,1,1,3,Départementale 134,"45,0541970","2,9211400",1,3,2,1958.0,5,2,-1,-1,B01,1,0,2,8,2,5,3,134,0.0,,2,2,0,1,1,1,0,1,90,child
202000034604,2,9,2020,0 days 16:45:00,1,15,15248,1,1,1,3,Départementale 134,"45,0541970","2,9211400",1,1,1,1996.0,4,1,-1,-1,B01,1,0,2,8,2,5,3,134,0.0,,2,2,0,1,1,1,0,1,90,adult
202000034605,14,2,2020,0 days 07:35:00,3,33,33203,1,1,5,3,Route de Vendays,"45,2014500"," -1,0734800",1,3,1,1951.0,5,0,-1,-1,B01,1,0,0,6,2,5,3,101,-1.0,,2,2,0,1,1,1,0,1,80,child
202000034605,14,2,2020,0 days 07:35:00,3,33,33203,1,1,5,3,Route de Vendays,"45,2014500"," -1,0734800",1,1,1,2000.0,1,1,-1,-1,B01,1,0,0,6,2,5,3,101,-1.0,,2,2,0,1,1,1,0,1,80,adult
202000034618,3,9,2020,0 days 12:00:00,1,04,04217,2,3,1,3,RD 17 / Place du mitan,"44,1362570","6,1325760",1,4,1,1962.0,5,2,-1,-1,B01,2,0,0,1,21,5,3,17,-1.0,,2,2,0,1,1,1,0,1,30,child
202000034618,3,9,2020,0 days 12:00:00,1,04,04217,2,3,1,3,RD 17 / Place du mitan,"44,1362570","6,1325760",1,4,1,1996.0,1,1,-1,-1,B01,2,0,0,1,21,5,3,17,-1.0,,2,2,0,1,1,1,0,1,30,adult
202000034715,12,2,2020,0 days 16:10:00,1,45,45234,2,1,1,3,Rue Jousselin,"47,9021900","1,9312500",1,1,2,1966.0,0,1,0,-1,B01,2,0,2,1,1,5,4, Rue Jousselin,0.0,,2,2,2,2,1,1,0,5,50,child
202000034715,12,2,2020,0 days 16:10:00,1,45,45234,2,1,1,3,Rue Jousselin,"47,9021900","1,9312500",1,4,1,2002.0,0,8,0,-1,B01,2,0,2,1,1,5,4, Rue Jousselin,0.0,,2,2,2,2,1,1,0,5,50,adult
202000034726,1,9,2020,0 days 15:58:00,1,974,97411,2,1,1,1,PONT (RUE DU)," -20,8782954","55,4454620",1,1,2,1969.0,1,1,0,-1,B01,0,0,2,1,5,0,4,PONT (RUE DU),0.0,,1,2,0,3,3,1,0,1,50,child
202000034726,1,9,2020,0 days 15:58:00,1,974,97411,2,1,1,1,PONT (RUE DU)," -20,8782954","55,4454620",1,4,1,1990.0,5,8,0,-1,B01,0,0,2,1,5,0,4,PONT (RUE DU),0.0,,1,2,0,3,3,1,0,1,50,adult
202000034734,1,9,2020,0 days 14:20:00,1,69,69387,2,1,1,6,GAMBETTA                            (CO),"45,7556400","4,8421000",1,1,1,1988.0,0,8,0,-1,A01,1,0,1,1,1,5,4,,0.0,,1,1,1,1,1,1,0,1,50,child
202000034734,1,9,2020,0 days 14:20:00,1,69,69387,2,1,1,6,GAMBETTA                            (CO),"45,7556400","4,8421000",3,4,1,2009.0,0,0,-1,-1,A01,1,0,1,1,1,5,4,,0.0,,1,1,1,1,1,1,0,1,50,adult
202000034737,12,2,2020,0 days 12:30:00,1,14,14118,2,2,1,3,LEROY (BOULEVARD),"49,1717900"," -0,3485700",1,1,2,1954.0,5,1,0,-1,B01,1,0,2,8,12,5,4,40,0.0,,2,0,0,1,1,1,0,1,50,child
202000034737,12,2,2020,0 days 12:30:00,1,14,14118,2,2,1,3,LEROY (BOULEVARD),"49,1717900"," -0,3485700",1,4,1,2008.0,5,8,0,-1,B01,1,0,2,8,12,5,4,40,0.0,,2,0,0,1,1,1,0,1,50,adult
202000034894,30,7,2020,0 days 20:20:00,1,75,75107,2,1,1,3,QUAI BRANLY,"48,8585100","2,2927350",1,4,1,1960.0,9,2,8,-1,B01,2,0,2,0,1,5,4,,0.0,,2,2,1,4,1,1,-1,5,50,child
202000034894,30,7,2020,0 days 20:20:00,1,75,75107,2,1,1,3,QUAI BRANLY,"48,8585100","2,2927350",1,1,1,1987.0,9,8,0,-1,B01,2,0,2,0,1,5,4,,0.0,,2,2,1,4,1,1,-1,5,50,adult
202000034931,1,8,2020,0 days 15:45:00,1,56,56251,2,3,1,3,Rue Gabriel de Goulaine,"47,6290840"," -2,6674710",1,1,1,1968.0,5,1,-1,-1,B01,3,0,2,1,16,5,4,,-1.0,,2,2,0,1,1,1,0,1,50,child
202000034931,1,8,2020,0 days 15:45:00,1,56,56251,2,3,1,3,Rue Gabriel de Goulaine,"47,6290840"," -2,6674710",1,4,1,2005.0,3,0,-1,-1,B01,3,0,2,1,16,5,4,,-1.0,,2,2,0,1,1,1,0,1,50,adult
202000034945,1,8,2020,0 days 10:20:00,1,35,35297,2,1,1,3,8 Route de St Onen la Chapelle,"48,1833030"," -2,1850400",1,2,1,1936.0,5,0,-1,-1,B01,2,0,2,8,15,5,3,59,-1.0,,2,2,0,1,1,1,0,1,50,child
202000034945,1,8,2020,0 days 10:20:00,1,35,35297,2,1,1,3,8 Route de St Onen la Chapelle,"48,1833030"," -2,1850400",2,1,1,2000.0,5,1,-1,-1,B01,2,0,2,8,15,5,3,59,-1.0,,2,2,0,1,1,1,0,1,50,adult
202000034972,28,9,2020,0 days 07:50:00,1,26,26362,2,1,2,2,37 Rue Jean Jaurès,"44,9280800","4,9062500",1,1,1,1973.0,4,1,-1,-1,B01,1,0,0,0,0,5,4,37 Rue Jean Jaurès,0.0,,1,1,1,1,1,2,0,5,50,child
202000034972,28,9,2020,0 days 07:50:00,1,26,26362,2,1,2,2,37 Rue Jean Jaurès,"44,9280800","4,9062500",1,3,2,2006.0,2,2,-1,-1,B01,1,0,0,0,0,5,4,37 Rue Jean Jaurès,0.0,,1,1,1,1,1,2,0,5,50,adult
202000035016,27,9,2020,0 days 23:45:00,5,75,75113,2,2,2,3,BOULEVARD MASSENA,"48,8222860","2,3716430",1,1,1,1965.0,5,1,0,-1,B01,3,0,2,1,1,5,4,,0.0,,3,3,3,2,1,2,0,1,50,child
202000035016,27,9,2020,0 days 23:45:00,5,75,75113,2,2,2,3,BOULEVARD MASSENA,"48,8222860","2,3716430",1,4,2,1999.0,5,8,0,-1,B01,3,0,2,1,1,5,4,,0.0,,3,3,3,2,1,2,0,1,50,adult
202000035020,28,9,2020,0 days 08:15:00,1,75,75111,2,3,2,3,AVENUE DE LA REPUBLIQUE,"48,8666450","2,3672900",1,4,1,1964.0,9,8,0,-1,B01,2,0,2,1,1,5,4,,0.0,,2,4,1,1,1,2,-1,5,30,child
202000035020,28,9,2020,0 days 08:15:00,1,75,75111,2,3,2,3,AVENUE DE LA REPUBLIQUE,"48,8666450","2,3672900",1,1,1,1995.0,9,1,0,-1,B01,2,0,2,1,1,5,4,,0.0,,2,4,1,1,1,2,-1,5,30,adult
202000035035,29,7,2020,0 days 21:50:00,5,973,97302,2,3,1,3,STE THERESE(CITE ANATOLE),"4,9171904"," -52,3178172",1,1,2,1968.0,1,1,8,-1,B01,3,0,2,1,15,0,4,Cité sainte Rose,0.0,,2,2,0,1,1,1,0,1,50,child
202000035035,29,7,2020,0 days 21:50:00,5,973,97302,2,3,1,3,STE THERESE(CITE ANATOLE),"4,9171904"," -52,3178172",1,4,2,2008.0,5,2,0,-1,B01,3,0,2,1,15,0,4,Cité sainte Rose,0.0,,2,2,0,1,1,1,0,1,50,adult
202000035044,30,7,2020,0 days 15:40:00,1,91,91377,2,1,1,1,JUIN (AVENUE DU MARECHAL),"48,7200300","2,2839900",1,1,1,1983.0,4,1,8,-1,B01,3,0,2,3,19,5,3,59,0.0,,2,2,0,1,1,1,0,1,50,child
202000035044,30,7,2020,0 days 15:40:00,1,91,91377,2,1,1,1,JUIN (AVENUE DU MARECHAL),"48,7200300","2,2839900",1,4,1,2008.0,5,8,0,-1,B01,3,0,2,3,19,5,3,59,0.0,,2,2,0,1,1,1,0,1,50,adult
202000035087,29,7,2020,0 days 19:49:00,1,56,56121,2,6,1,3,FAOUEDIC ( AVE DU ),"47,7477000"," -3,3651000",1,1,1,1963.0,4,1,8,-1,A01,2,0,2,1,9,1,4,FAOUEDIC ( AVE DU ),0.0,,2,4,3,1,1,1,5,6,50,child
202000035087,29,7,2020,0 days 19:49:00,1,56,56121,2,6,1,3,FAOUEDIC ( AVE DU ),"47,7477000"," -3,3651000",1,4,1,2000.0,5,2,8,-1,A01,2,0,2,1,9,1,4,FAOUEDIC ( AVE DU ),0.0,,2,4,3,1,1,1,5,6,50,adult
202000035160,29,9,2020,0 days 10:27:00,1,66,66213,1,1,1,2,D612a,"42,6612670","2,8229280",1,1,2,1943.0,9,8,-1,-1,A01,1,0,0,4,1,6,3,612,-1.0,A,2,2,0,1,1,1,0,2,80,child
202000035160,29,9,2020,0 days 10:27:00,1,66,66213,1,1,1,2,D612a,"42,6612670","2,8229280",1,2,1,1976.0,5,0,-1,-1,A01,1,0,0,4,1,6,3,612,-1.0,A,2,2,0,1,1,1,0,2,80,adult
202000035175,27,10,2020,0 days 16:00:00,1,85,85194,1,6,2,3,RD 760,"46,5278400"," -1,7534000",1,1,1,1957.0,5,1,8,-1,B01,1,0,2,7,1,5,3,RD 760,0.0,,2,2,0,3,1,2,5,1,50,child
202000035175,27,10,2020,0 days 16:00:00,1,85,85194,1,6,2,3,RD 760,"46,5278400"," -1,7534000",1,4,2,1996.0,3,2,8,-1,B01,1,0,2,7,1,5,3,RD 760,0.0,,2,2,0,3,1,2,5,1,50,adult
202000035216,1,6,2020,0 days 13:55:00,1,72,72127,2,1,1,1,Route d'Allonnes,"47,9564540","0,0910500",1,1,2,1971.0,5,1,-1,-1,B01,3,0,2,8,15,5,4,,-1.0,,2,2,0,1,1,1,0,1,50,child
202000035216,1,6,2020,0 days 13:55:00,1,72,72127,2,1,1,1,Route d'Allonnes,"47,9564540","0,0910500",1,3,1,2001.0,0,0,-1,-1,B01,3,0,2,8,15,5,4,,-1.0,,2,2,0,1,1,1,0,1,50,adult
202000035242,31,5,2020,0 days 16:00:00,1,87,87045,2,1,1,2,14 Avenue du Lac,"45,9906410","1,0477780",1,1,1,1945.0,5,1,-1,-1,B01,2,0,2,1,23,0,3,3,-1.0,,2,2,0,2,1,1,0,1,50,child
202000035242,31,5,2020,0 days 16:00:00,1,87,87045,2,1,1,2,14 Avenue du Lac,"45,9906410","1,0477780",1,4,2,1980.0,5,2,-1,-1,B01,2,0,2,1,23,0,3,3,-1.0,,2,2,0,2,1,1,0,1,50,adult
202000035282,30,5,2020,0 days 14:05:00,1,78,78548,1,1,1,1,D91,"48,7108720","2,0017330",1,3,1,1957.0,5,2,-1,-1,B01,2,0,2,1,13,5,3,91,0.0,,2,2,0,1,1,1,0,1,80,child
202000035282,30,5,2020,0 days 14:05:00,1,78,78548,1,1,1,1,D91,"48,7108720","2,0017330",1,3,1,1994.0,5,2,-1,-1,B01,2,0,2,1,13,5,3,91,0.0,,2,2,0,1,1,1,0,1,80,adult
202000035299,12,1,2020,0 days 18:50:00,5,75,75112,2,2,1,6,AVENUE LEDRU ROLLIN,"48,8496123","2,3742761",3,4,2,1964.0,3,0,-1,-1,A01,2,0,1,1,1,5,4,,0.0,,2,1,0,1,1,1,0,1,50,child
202000035299,12,1,2020,0 days 18:50:00,5,75,75112,2,2,1,6,AVENUE LEDRU ROLLIN,"48,8496123","2,3742761",1,1,1,2003.0,5,8,2,-1,A01,2,0,1,1,1,5,4,,0.0,,2,1,0,1,1,1,0,1,50,adult
202000035310,12,1,2020,0 days 12:12:00,1,75,75108,2,7,1,3,PLACE DE LA CONCORDE,"48,8666666","2,3220178",1,1,1,1953.0,4,1,0,-1,A01,0,0,2,1,1,5,4,,0.0,,1,4,0,1,1,1,0,1,50,child
202000035310,12,1,2020,0 days 12:12:00,1,75,75108,2,7,1,3,PLACE DE LA CONCORDE,"48,8666666","2,3220178",1,3,2,1993.0,9,8,2,-1,A01,0,0,2,1,1,5,4,,0.0,,1,4,0,1,1,1,0,1,50,adult
202000035365,13,1,2020,0 days 09:00:00,1,56,56078,2,6,2,3,Rue de Kerbastic,"47,7928668"," -3,4915522",1,3,2,1958.0,0,0,-1,-1,B01,0,0,2,8,1,0,4,Rue de Kerbastic,0.0,,-1,2,0,1,1,2,0,1,50,child
202000035365,13,1,2020,0 days 09:00:00,1,56,56078,2,6,2,3,Rue de Kerbastic,"47,7928668"," -3,4915522",1,1,2,1989.0,9,1,-1,-1,B01,0,0,2,8,1,0,4,Rue de Kerbastic,0.0,,-1,2,0,1,1,2,0,1,50,adult
202000035387,10,12,2020,0 days 07:40:00,5,17,17300,2,1,2,3,LECLERC   AVENUE DU GENERAL,"46,1622880"," -1,1565660",1,1,2,1968.0,1,1,8,-1,B01,3,0,2,8,1,5,4,LECLERC   AVENUE DU GENERAL,0.0,,2,4,1,1,1,2,0,1,30,child
202000035387,10,12,2020,0 days 07:40:00,5,17,17300,2,1,2,3,LECLERC   AVENUE DU GENERAL,"46,1622880"," -1,1565660",1,4,1,2000.0,2,8,0,-1,B01,3,0,2,8,1,5,4,LECLERC   AVENUE DU GENERAL,0.0,,2,4,1,1,1,2,0,1,30,adult
202000035479,10,12,2020,0 days 07:55:00,2,75,75111,2,2,1,3,BOULEVARD RICHARD LENOIR,"48,8663450","2,3688560",1,4,1,1958.0,9,2,0,-1,A01,2,0,2,3,1,5,4,,0.0,,2,4,1,1,1,1,0,1,50,child
202000035479,10,12,2020,0 days 07:55:00,2,75,75111,2,2,1,3,BOULEVARD RICHARD LENOIR,"48,8663450","2,3688560",1,1,1,1994.0,1,2,6,-1,A01,2,0,2,3,1,5,4,,0.0,,2,4,1,1,1,1,0,1,50,adult
202000035558,30,5,2020,0 days 19:15:00,1,83,83123,2,1,1,6,LOUIS BLANC (RUE),"43,1183000","5,8016100",3,3,2,1959.0,5,0,-1,-1,A01,2,0,1,7,18,5,4,NC,0.0,,2,1,3,1,1,1,6,6,5,child
202000035558,30,5,2020,0 days 19:15:00,1,83,83123,2,1,1,6,LOUIS BLANC (RUE),"43,1183000","5,8016100",1,1,1,2007.0,5,8,0,-1,A01,2,0,1,7,18,5,4,NC,0.0,,2,1,3,1,1,1,6,6,5,adult
202000035598,29,10,2020,0 days 17:50:00,3,03,03166,1,1,1,2,,"46,1287166","3,1671713",1,1,1,1943.0,5,1,-1,-1,B01,2,0,2,4,1,5,3,37,-1.0,,2,2,0,2,1,1,0,1,-1,child
202000035598,29,10,2020,0 days 17:50:00,3,03,03166,1,1,1,2,,"46,1287166","3,1671713",1,3,1,1970.0,5,2,-1,-1,B01,2,0,2,4,1,5,3,37,-1.0,,2,2,0,2,1,1,0,1,-1,adult
202000035608,30,5,2020,0 days 18:30:00,1,51,51454,2,1,1,3,Avenue Jean Jaurès,"49,2604507","4,0477345",1,1,1,1937.0,0,1,4,-1,B01,2,0,2,4,1,0,4,,0.0,,2,3,0,1,1,1,0,1,50,child
202000035608,30,5,2020,0 days 18:30:00,1,51,51454,2,1,1,3,Avenue Jean Jaurès,"49,2604507","4,0477345",1,4,1,1958.0,0,8,-1,-1,B01,2,0,2,4,1,0,4,,0.0,,2,3,0,1,1,1,0,1,50,adult