Num_Acc,jour,mois,an,hrmn,lum,dep,com,agg,int,atm,col,adr,lat,long,catu,grav,sexe,an_nais,trajet,secu1,secu2,secu3,num_veh_y,senc,obs,obsm,choc,manv,motor,catr,voie,v1,v2,circ,nbv,vosp,prof,plan,surf,infra,situ,vma,age
202000035614,29,10,2020,0 days 08:25:00,1,64,64145,2,9,1,3,route de pau,"43,1940740"," -0,2717720",1,4,1,1971.0,5,2,9,-1,B01,2,0,2,8,1,5,3,936,-1.0,,2,2,0,1,1,1,9,1,50,child
202000035614,29,10,2020,0 days 08:25:00,1,64,64145,2,9,1,3,route de pau,"43,1940740"," -0,2717720",1,1,1,1992.0,0,1,-1,-1,B01,2,0,2,8,1,5,3,936,-1.0,,2,2,0,1,1,1,9,1,50,adult
202000035614,29,10,2020,0 days 08:25:00,1,64,64145,2,9,1,3,route de pau,"43,1940740"," -0,2717720",2,1,1,2003.0,4,1,-1,-1,B01,2,0,2,8,1,5,3,936,-1.0,,2,2,0,1,1,1,9,1,50,adult
202000035620,30,5,2020,0 days 21:05:00,1,33,33522,2,2,1,3,RUE DE LA VIEILLE TOUR / RUE PIERRE NOAILLES,"44,8082634"," -0,6003304",1,1,1,1958.0,0,1,0,-1,A01,2,0,2,7,1,5,4,RUE DE LA VIEILLE TOUR,0.0,,2,2,0,2,1,1,5,1,50,child
202000035620,30,5,2020,0 days 21:05:00,1,33,33522,2,2,1,3,RUE DE LA VIEILLE TOUR / RUE PIERRE NOAILLES,"44,8082634"," -0,6003304",1,4,1,1999.0,0,8,4,-1,A01,2,0,2,7,1,5,4,RUE DE LA VIEILLE TOUR,0.0,,2,2,0,2,1,1,5,1,50,adult
202000035623,10,1,2020,0 days 08:10:00,1,75,75116,2,4,8,3,ALLEE DE LONGCHAMP,"48,8769984","2,2769237",1,4,1,1951.0,1,0,-1,-1,B01,3,0,2,7,19,5,4,,0.0,,2,2,1,1,1,2,-1,5,50,child
202000035623,10,1,2020,0 days 08:10:00,1,75,75116,2,4,8,3,ALLEE DE LONGCHAMP,"48,8769984","2,2769237",1,1,1,1994.0,1,1,0,-1,B01,3,0,2,7,19,5,4,,0.0,,2,2,1,1,1,2,-1,5,50,adult
202000035660,8,12,2020,0 days 18:00:00,2,92,92050,2,2,1,3,SEINE BOULEVARD DE,"48,8996842","2,1950428",1,4,1,1970.0,0,8,0,-1,A01,1,0,2,8,1,5,4,SEINE (BD DE LA),0.0,,2,2,0,1,1,1,0,1,50,child
202000035660,8,12,2020,0 days 18:00:00,2,92,92050,2,2,1,3,SEINE BOULEVARD DE,"48,8996842","2,1950428",1,1,1,1999.0,9,1,0,-1,A01,1,0,2,8,1,5,4,SEINE (BD DE LA),0.0,,2,2,0,1,1,1,0,1,50,adult
202000035669,30,5,2020,0 days 18:20:00,1,75,75119,2,3,1,3,RUE DE BELLEVILLE,"48,8725342","2,3785561",1,4,1,1942.0,5,8,2,-1,B01,2,0,2,1,1,5,4,12,0.0,,2,2,0,2,1,1,0,1,50,child
202000035669,30,5,2020,0 days 18:20:00,1,75,75119,2,3,1,3,RUE DE BELLEVILLE,"48,8725342","2,3785561",1,1,1,1973.0,4,1,0,-1,B01,2,0,2,1,1,5,4,12,0.0,,2,2,0,2,1,1,0,1,50,adult
202000035680,30,5,2020,0 days 14:50:00,1,75,75114,2,1,1,3,AVENUE DU GENERAL LECLERC,"48,8236447","2,3256404",1,4,1,1963.0,9,8,2,-1,B01,2,0,2,1,1,5,4,,0.0,,2,5,1,1,1,1,-1,5,50,child
202000035680,30,5,2020,0 days 14:50:00,1,75,75114,2,1,1,3,AVENUE DU GENERAL LECLERC,"48,8236447","2,3256404",1,1,1,1984.0,9,1,0,-1,B01,2,0,2,1,1,5,4,,0.0,,2,5,1,1,1,1,-1,5,50,adult
202000035685,30,5,2020,0 days 13:00:00,1,75,75114,2,3,1,3,BOULEVARD JOURDAN,"48,8223779","2,3291271",1,1,1,1975.0,5,1,0,-1,B01,2,0,2,1,1,5,4,,0.0,,3,2,0,1,1,1,0,1,50,child
202000035685,30,5,2020,0 days 13:00:00,1,75,75114,2,3,1,3,BOULEVARD JOURDAN,"48,8223779","2,3291271",1,4,2,1998.0,5,8,2,-1,B01,2,0,2,1,1,5,4,,0.0,,3,2,0,1,1,1,0,1,50,adult
202000035693,30,5,2020,0 days 14:35:00,1,75,75110,2,7,1,6,PLACE JACQUES BONSERGENT,"48,8710682","2,3611258",3,4,1,1945.0,5,0,-1,-1,A01,1,0,1,2,1,5,4,,0.0,,2,2,1,1,1,1,-1,5,30,child
202000035693,30,5,2020,0 days 14:35:00,1,75,75110,2,7,1,6,PLACE JACQUES BONSERGENT,"48,8710682","2,3611258",1,1,2,2002.0,5,8,2,-1,A01,1,0,1,2,1,5,4,,0.0,,2,2,1,1,1,1,-1,5,30,adult
202000035729,30,5,2020,0 days 20:30:00,1,75,75101,2,2,1,3,QUAI FRANCOIS MITTERRAND,"48,8601128","2,3333437",1,4,1,1946.0,5,8,2,-1,B01,3,0,2,1,1,5,4,,0.0,,1,4,0,1,1,1,0,1,50,child
202000035729,30,5,2020,0 days 20:30:00,1,75,75101,2,2,1,3,QUAI FRANCOIS MITTERRAND,"48,8601128","2,3333437",1,4,1,1999.0,9,2,6,-1,B01,3,0,2,1,1,5,4,,0.0,,1,4,0,1,1,1,0,1,50,adult
202000035732,27,5,2020,0 days 21:00:00,2,75,75104,2,7,1,3,BOULEVARD BEAUMARCHAIS,"48,8536186","2,3690504",1,1,1,1962.0,3,1,0,-1,B01,1,0,2,1,1,5,4,,0.0,,2,6,1,1,1,1,-1,5,50,child
202000035732,27,5,2020,0 days 21:00:00,2,75,75104,2,7,1,3,BOULEVARD BEAUMARCHAIS,"48,8536186","2,3690504",1,4,1,1984.0,5,8,2,-1,B01,1,0,2,1,1,5,4,,0.0,,2,6,1,1,1,1,-1,5,50,adult
202000035752,12,1,2020,0 days 11:30:00,1,83,83085,1,1,1,-1,1069 Route de Trans,"43,4960530","6,5215220",1,3,1,1943.0,5,2,-1,-1,B01,1,0,2,1,1,5,3,47,-1.0,,2,2,0,2,3,1,0,1,70,child
202000035752,12,1,2020,0 days 11:30:00,1,83,83085,1,1,1,-1,1069 Route de Trans,"43,4960530","6,5215220",1,1,2,1997.0,0,1,-1,-1,B01,1,0,2,1,1,5,3,47,-1.0,,2,2,0,2,3,1,0,1,70,adult
202000035770,29,5,2020,0 days 22:30:00,5,92,92012,2,1,1,-1,PARIS (RUE DE) 97BIS/FIN - 116/FIN,"48,8414720","2,2387450",1,4,2,1955.0,0,8,8,-1,A01,1,0,0,0,0,5,4,PARIS (RUE DE) 97BIS/FIN - 116/FIN,0.0,,2,1,0,1,1,1,0,1,30,child
202000035770,29,5,2020,0 days 22:30:00,5,92,92012,2,1,1,-1,PARIS (RUE DE) 97BIS/FIN - 116/FIN,"48,8414720","2,2387450",1,1,1,1995.0,9,8,0,-1,A01,1,0,0,0,0,5,4,PARIS (RUE DE) 97BIS/FIN - 116/FIN,0.0,,2,1,0,1,1,1,0,1,30,adult
202000035774,30,5,2020,0 days 20:10:00,1,92,92014,2,3,7,3,BIEVRE (RUE DE LA),"48,7807120","2,3206750",2,1,1,1968.0,1,1,8,-1,A01,2,0,2,4,11,5,3,74,0.0,,2,3,0,1,1,1,0,1,50,child
202000035774,30,5,2020,0 days 20:10:00,1,92,92014,2,3,7,3,BIEVRE (RUE DE LA),"48,7807120","2,3206750",1,1,2,1999.0,1,1,0,-1,A01,2,0,2,4,11,5,3,74,0.0,,2,3,0,1,1,1,0,1,50,adult
202000035774,30,5,2020,0 days 20:10:00,1,92,92014,2,3,7,3,BIEVRE (RUE DE LA),"48,7807120","2,3206750",1,4,2,2001.0,5,8,0,-1,A01,2,0,2,4,11,5,3,74,0.0,,2,3,0,1,1,1,0,1,50,adult
202000035776,7,12,2020,0 days 08:45:00,1,78,78196,1,1,1,2,D30,"48,8607730","1,9689670",1,3,2,1969.0,1,2,6,-1,B01,2,0,0,4,26,5,3,30,0.0,,2,2,0,1,1,1,0,1,70,child
202000035776,7,12,2020,0 days 08:45:00,1,78,78196,1,1,1,2,D30,"48,8607730","1,9689670",2,1,1,1993.0,4,1,-1,-1,B01,2,0,0,4,26,5,3,30,0.0,,2,2,0,1,1,1,0,1,70,adult
202000035776,7,12,2020,0 days 08:45:00,1,78,78196,1,1,1,2,D30,"48,8607730","1,9689670",2,1,1,1994.0,4,1,-1,-1,B01,2,0,0,4,26,5,3,30,0.0,,2,2,0,1,1,1,0,1,70,adult
202000035776,7,12,2020,0 days 08:45:00,1,78,78196,1,1,1,2,D30,"48,8607730","1,9689670",2,1,1,1997.0,4,1,-1,-1,B01,2,0,0,4,26,5,3,30,0.0,,2,2,0,1,1,1,0,1,70,adult
202000035787,4,11,2020,0 days 14:55:00,1,21,21515,1,3,8,3,Route de Couternon,"47,3205983","5,1243902",1,4,1,1949.0,5,2,-1,-1,B01,1,0,2,8,0,5,3,108,0.0,D,2,2,0,1,2,1,0,1,80,child
202000035787,4,11,2020,0 days 14:55:00,1,21,21515,1,3,8,3,Route de Couternon,"47,3205983","5,1243902",1,1,2,1995.0,1,1,-1,-1,B01,1,0,2,8,0,5,3,108,0.0,D,2,2,0,1,2,1,0,1,80,adult
202000035787,4,11,2020,0 days 14:55:00,1,21,21515,1,3,8,3,Route de Couternon,"47,3205983","5,1243902",2,1,1,2006.0,2,1,-1,-1,B01,1,0,2,8,0,5,3,108,0.0,D,2,2,0,1,2,1,0,1,80,adult
202000035794,31,5,2020,0 days 11:25:00,1,01,01105,1,1,1,2,D43,"45,9047100","4,8772850",1,1,1,1947.0,5,1,-1,-1,B01,1,0,2,4,2,5,3,43,0.0,,2,2,0,1,1,1,0,1,80,child
202000035794,31,5,2020,0 days 11:25:00,1,01,01105,1,1,1,2,D43,"45,9047100","4,8772850",1,4,1,1987.0,5,2,-1,-1,B01,1,0,2,4,2,5,3,43,0.0,,2,2,0,1,1,1,0,1,80,adult
202000035839,12,1,2020,0 days 18:45:00,2,83,83115,1,1,1,2,,"43,3137742","6,6636780",1,2,1,1959.0,1,0,-1,-1,B01,2,0,0,4,2,5,3,559,-1.0,,2,2,0,2,1,1,0,1,70,child
202000035839,12,1,2020,0 days 18:45:00,2,83,83115,1,1,1,2,,"43,3137742","6,6636780",1,1,1,1981.0,5,1,-1,-1,B01,2,0,0,4,2,5,3,559,-1.0,,2,2,0,2,1,1,0,1,70,adult
202000035856,11,1,2020,0 days 16:15:00,1,31,31420,1,6,7,3,D4,"43,4920610","1,4037430",1,3,1,1937.0,5,2,-1,-1,B01,1,0,0,5,15,6,3,4,0.0,D,-1,1,0,1,1,1,0,1,80,child
202000035856,11,1,2020,0 days 16:15:00,1,31,31420,1,6,7,3,D4,"43,4920610","1,4037430",1,1,1,1976.0,5,1,-1,-1,B01,1,0,0,5,15,6,3,4,0.0,D,-1,1,0,1,1,1,0,1,80,adult
202000035916,10,1,2020,0 days 17:55:00,5,75,75106,2,2,2,3,BOULEVARD RASPAIL,"48,8455844","2,3286460",1,1,1,1946.0,5,1,0,-1,A01,2,0,2,1,1,5,4,,0.0,,3,2,0,1,1,2,0,1,50,child
202000035916,10,1,2020,0 days 17:55:00,5,75,75106,2,2,2,3,BOULEVARD RASPAIL,"48,8455844","2,3286460",1,4,2,1986.0,9,8,2,-1,A01,2,0,2,1,1,5,4,,0.0,,3,2,0,1,1,2,0,1,50,adult
202000035927,8,12,2020,0 days 17:25:00,5,67,67482,2,4,8,3,BORDEAUX (PLACE DE),"48,5937041","7,7585271",1,3,1,1965.0,4,8,0,-1,A01,1,0,2,8,1,5,4,,0.0,,2,3,3,1,1,1,0,1,50,child
202000035927,8,12,2020,0 days 17:25:00,5,67,67482,2,4,8,3,BORDEAUX (PLACE DE),"48,5937041","7,7585271",1,1,1,1989.0,0,1,8,-1,A01,1,0,2,8,1,5,4,,0.0,,2,3,3,1,1,1,0,1,50,adult
202000035943,9,1,2020,0 days 17:40:00,2,75,75112,2,2,2,3,BOULEVARD PONIATOWSKI,"48,8334763","2,4021119",1,4,2,1973.0,9,8,2,-1,B01,1,0,2,7,19,5,4,,0.0,,3,2,0,1,1,2,0,1,50,child
202000035943,9,1,2020,0 days 17:40:00,2,75,75112,2,2,2,3,BOULEVARD PONIATOWSKI,"48,8334763","2,4021119",1,4,1,1999.0,1,2,6,-1,B01,1,0,2,7,19,5,4,,0.0,,3,2,0,1,1,2,0,1,50,adult
202000035982,9,12,2020,0 days 20:00:00,5,75,75104,2,2,1,3,BOULEVARD MORLAND,"48,8489360","2,3645210",1,4,1,1962.0,1,8,0,-1,A01,3,0,2,1,19,5,4,,0.0,,1,2,1,1,1,1,-1,5,50,child
202000035982,9,12,2020,0 days 20:00:00,5,75,75104,2,2,1,3,BOULEVARD MORLAND,"48,8489360","2,3645210",1,1,1,1995.0,1,1,0,-1,A01,3,0,2,1,19,5,4,,0.0,,1,2,1,1,1,1,-1,5,50,adult
202000035988,3,7,2020,0 days 21:00:00,1,02,02238,2,3,1,3,Rue de Versigny,"49,6109850","3,5101290",1,1,1,1981.0,1,1,-1,-1,A01,2,0,2,8,15,5,3,267,0.0,D,2,2,0,1,1,1,0,1,70,child
202000035988,3,7,2020,0 days 21:00:00,1,02,02238,2,3,1,3,Rue de Versigny,"49,6109850","3,5101290",1,3,1,2009.0,5,0,-1,-1,A01,2,0,2,8,15,5,3,267,0.0,D,2,2,0,1,1,1,0,1,70,adult
202000036042,2,7,2020,0 days 18:15:00,1,69,69383,2,9,1,3,FEUILLAT                            (R ),"45,7444600","4,8745900",1,4,2,1967.0,5,8,0,-1,B01,2,0,2,4,15,5,4,FEUILLAT (R ),0.0,,1,1,0,1,1,1,0,1,50,child
202000036042,2,7,2020,0 days 18:15:00,1,69,69383,2,9,1,3,FEUILLAT                            (R ),"45,7444600","4,8745900",1,1,1,1989.0,5,1,0,-1,B01,2,0,2,4,15,5,4,FEUILLAT (R ),0.0,,1,1,0,1,1,1,0,1,50,adult
202000036046,2,7,2020,0 days 08:25:00,1,69,69034,2,1,1,2,GENERAL DE GAULLE                   (AV),"45,8083000","4,8564000",1,1,2,1978.0,0,1,0,-1,A01,1,0,2,1,1,5,4,GENERAL DE GAULLE (AV),0.0,,2,2,0,1,1,1,0,1,50,child
202000036046,2,7,2020,0 days 08:25:00,1,69,69034,2,1,1,2,GENERAL DE GAULLE                   (AV),"45,8083000","4,8564000",1,4,1,2006.0,0,8,8,-1,A01,1,0,2,1,1,5,4,GENERAL DE GAULLE (AV),0.0,,2,2,0,1,1,1,0,1,50,adult
202000036047,30,6,2020,0 days 20:10:00,1,69,69382,2,1,1,3,BELLECOUR                           (PL),"45,7587000","4,8309000",1,1,1,1953.0,4,1,0,-1,B01,1,0,2,1,1,5,4,BELLECOUR                           (PL),0.0,,1,3,1,1,2,1,0,5,50,child
202000036047,30,6,2020,0 days 20:10:00,1,69,69382,2,1,1,3,BELLECOUR                           (PL),"45,7587000","4,8309000",1,3,1,1999.0,5,2,0,-1,B01,1,0,2,1,1,5,4,BELLECOUR                           (PL),0.0,,1,3,1,1,2,1,0,5,50,adult
202000036053,29,6,2020,0 days 18:15:00,1,77,77169,2,1,1,3,BRIARDE (ALLEE DE LA),"48,8205100","2,6130000",1,1,1,1972.0,1,1,8,-1,B01,2,0,2,7,19,5,4,BRIARDE (ALLEE DE LA),0.0,,2,2,0,1,1,1,0,1,50,child
202000036053,29,6,2020,0 days 18:15:00,1,77,77169,2,1,1,3,BRIARDE (ALLEE DE LA),"48,8205100","2,6130000",1,4,2,1998.0,5,8,0,-1,B01,2,0,2,7,19,5,4,BRIARDE (ALLEE DE LA),0.0,,2,2,0,1,1,1,0,1,50,adult
202000036061,1,7,2020,0 days 14:20:00,1,67,67482,2,1,1,3,PAUL BATIMENT (rue),"48,5427917","7,7761729",1,1,2,1982.0,5,1,8,-1,B01,2,0,2,0,19,5,4,62,0.0,,2,2,0,1,1,1,0,1,50,child
202000036061,1,7,2020,0 days 14:20:00,1,67,67482,2,1,1,3,PAUL BATIMENT (rue),"48,5427917","7,7761729",1,4,1,2010.0,5,2,0,-1,B01,2,0,2,0,19,5,4,62,0.0,,2,2,0,1,1,1,0,1,50,adult
202000036066,30,6,2020,0 days 20:15:00,1,64,64102,2,6,1,3,ALSACE LORRAINE (BOULEVARD),"43,4916000"," -1,4641000",1,1,1,1955.0,5,1,0,-1,B01,3,0,2,0,0,5,4,,0.0,,2,2,0,1,1,1,0,1,50,child
202000036066,30,6,2020,0 days 20:15:00,1,64,64102,2,6,1,3,ALSACE LORRAINE (BOULEVARD),"43,4916000"," -1,4641000",1,4,1,1998.0,5,8,0,-1,B01,3,0,2,0,0,5,4,,0.0,,2,2,0,1,1,1,0,1,50,adult
202000036069,2,7,2020,0 days 20:30:00,1,59,59599,2,2,1,3,MALCENSE (RUE DE LA),"50,7293600","3,1643900",1,1,1,1978.0,5,1,8,-1,A01,0,1,0,1,19,5,4,RUE DE LA MALCENSE ,0.0,,-1,2,0,1,1,1,0,1,50,child
202000036069,2,7,2020,0 days 20:30:00,1,59,59599,2,2,1,3,MALCENSE (RUE DE LA),"50,7293600","3,1643900",1,3,2,2000.0,5,8,0,-1,A01,0,1,0,1,19,5,4,RUE DE LA MALCENSE ,0.0,,-1,2,0,1,1,1,0,1,50,adult
202000036075,1,7,2020,0 days 09:38:00,1,49,49007,2,1,1,3,LARREY,"47,4793000"," -0,5556000",1,4,1,1977.0,0,8,0,-1,B01,1,0,2,0,0,5,4,LARREY,0.0,,2,2,0,1,1,1,0,1,60,child
202000036075,1,7,2020,0 days 09:38:00,1,49,49007,2,1,1,3,LARREY,"47,4793000"," -0,5556000",1,1,1,1998.0,0,1,8,-1,B01,1,0,2,0,0,5,4,LARREY,0.0,,2,2,0,1,1,1,0,1,60,adult
202000036078,2,7,2020,0 days 09:00:00,1,38,38185,2,2,1,3,Rue Nicolas Chorier,"45,1859400","5,7165300",1,4,1,1948.0,3,8,0,-1,B01,1,0,2,7,1,5,4,,0.0,,1,2,1,1,1,1,0,1,50,child
202000036078,2,7,2020,0 days 09:00:00,1,38,38185,2,2,1,3,Rue Nicolas Chorier,"45,1859400","5,7165300",1,1,1,1969.0,9,1,8,-1,B01,1,0,2,7,1,5,4,,0.0,,1,2,1,1,1,1,0,1,50,adult
202000036092,2,7,2020,0 days 11:00:00,1,13,13208,2,1,1,3,LOUIS BONNEFON (PLACE),"43,2543810","5,3821670",1,1,1,1935.0,0,1,8,-1,B01,1,0,2,7,1,5,4,,0.0,,1,2,0,1,2,1,0,1,50,child
202000036092,2,7,2020,0 days 11:00:00,1,13,13208,2,1,1,3,LOUIS BONNEFON (PLACE),"43,2543810","5,3821670",1,4,1,1970.0,5,8,0,-1,B01,1,0,2,7,1,5,4,,0.0,,1,2,0,1,2,1,0,1,50,adult
202000036103,2,7,2020,0 days 12:35:00,1,75,75105,2,2,1,3,RUE DAUBENTON,"48,8411200","2,3526300",1,4,2,1959.0,3,2,0,-1,A01,2,0,2,4,1,5,4,,0.0,,2,2,0,1,1,1,0,1,30,child
202000036103,2,7,2020,0 days 12:35:00,1,75,75105,2,2,1,3,RUE DAUBENTON,"48,8411200","2,3526300",1,4,1,1998.0,1,2,6,-1,A01,2,0,2,4,1,5,4,,0.0,,2,2,0,1,1,1,0,1,30,adult
202000036105,2,7,2020,0 days 19:10:00,1,75,75118,2,1,1,6,RUE RIQUET,"48,8901370","2,3606310",3,4,1,1952.0,9,0,-1,-1,A01,1,0,1,8,1,5,4,,0.0,,2,2,1,1,1,1,-1,5,30,child
202000036105,2,7,2020,0 days 19:10:00,1,75,75118,2,1,1,6,RUE RIQUET,"48,8901370","2,3606310",1,1,1,1985.0,9,2,0,-1,A01,1,0,1,8,1,5,4,,0.0,,2,2,1,1,1,1,-1,5,30,adult
202000036110,2,7,2020,0 days 17:40:00,1,75,75113,2,3,1,2,AVENUE D ITALIE,"48,8283160","2,3566150",1,4,1,1978.0,1,2,0,-1,B01,1,0,2,1,1,5,4,,0.0,,2,4,1,1,1,1,-1,5,50,child
202000036110,2,7,2020,0 days 17:40:00,1,75,75113,2,3,1,2,AVENUE D ITALIE,"48,8283160","2,3566150",1,1,1,1999.0,3,1,0,-1,B01,1,0,2,1,1,5,4,,0.0,,2,4,1,1,1,1,-1,5,50,adult
202000036150,3,7,2020,0 days 10:15:00,1,42,42097,1,3,1,3,Route Departementale 1082,"45,4886590","4,3295410",1,1,2,1936.0,5,1,-1,-1,B01,2,0,2,3,1,5,3,1082,0.0,,2,2,0,1,1,1,0,1,70,child
202000036150,3,7,2020,0 days 10:15:00,1,42,42097,1,3,1,3,Route Departementale 1082,"45,4886590","4,3295410",1,3,1,1962.0,5,2,-1,-1,B01,2,0,2,3,1,5,3,1082,0.0,,2,2,0,1,1,1,0,1,70,adult
202000036310,14,3,2020,0 days 08:10:00,1,34,34172,2,3,1,3,GRASSET (AVENUE DU PROFESSEUR),"43,6216300","3,8686600",1,1,2,1957.0,5,1,8,-1,B01,2,0,2,1,19,5,4,,0.0,,4,1,1,1,1,1,5,1,30,child
202000036310,14,3,2020,0 days 08:10:00,1,34,34172,2,3,1,3,GRASSET (AVENUE DU PROFESSEUR),"43,6216300","3,8686600",1,4,1,1996.0,1,8,0,-1,B01,2,0,2,1,19,5,4,,0.0,,4,1,1,1,1,1,5,1,30,adult
202000036328,14,3,2020,0 days 15:05:00,1,75,75114,2,4,8,2,RUE DE LA GAITE,"48,8405240","2,3242770",1,1,1,1960.0,5,1,0,-1,B01,2,0,2,1,2,5,4,,0.0,,2,2,0,1,1,2,0,1,30,child
202000036328,14,3,2020,0 days 15:05:00,1,75,75114,2,4,8,2,RUE DE LA GAITE,"48,8405240","2,3242770",1,4,1,2000.0,9,2,0,-1,B01,2,0,2,1,2,5,4,,0.0,,2,2,0,1,1,2,0,1,30,adult
202000036364,15,3,2020,0 days 10:15:00,1,01,01001,2,1,1,3,Lot les Muriers,"46,1500520","4,9227820",1,1,2,1958.0,5,1,-1,-1,B01,3,0,2,1,19,0,4,,-1.0,,2,2,0,1,1,1,0,1,50,child
202000036364,15,3,2020,0 days 10:15:00,1,01,01001,2,1,1,3,Lot les Muriers,"46,1500520","4,9227820",1,4,1,2009.0,5,2,-1,-1,B01,3,0,2,1,19,0,4,,-1.0,,2,2,0,1,1,1,0,1,50,adult
202000036403,1,9,2020,0 days 14:30:00,1,35,35238,2,3,1,3,ARMORIQUE (BD D'),"48,1305200"," -1,6763600",1,1,2,1968.0,1,1,0,-1,B01,1,0,2,3,1,0,4,ARMORIQUE (BD D'),0.0,,3,4,1,1,1,1,5,1,50,child
202000036403,1,9,2020,0 days 14:30:00,1,35,35238,2,3,1,3,ARMORIQUE (BD D'),"48,1305200"," -1,6763600",1,4,1,2003.0,2,2,8,-1,B01,1,0,2,3,1,0,4,ARMORIQUE (BD D'),0.0,,3,4,1,1,1,1,5,1,50,adult
202000036414,1,9,2020,0 days 21:30:00,3,13,13117,1,1,1,2,ROUTE NATIONALE 113 - LA GARE,"43,4463580","5,2398310",1,1,1,1963.0,0,1,0,-1,B01,1,0,2,4,2,5,3,113,0.0,,2,3,0,2,1,1,0,1,80,child
202000036414,1,9,2020,0 days 21:30:00,3,13,13117,1,1,1,2,ROUTE NATIONALE 113 - LA GARE,"43,4463580","5,2398310",1,4,1,2000.0,1,8,0,-1,B01,1,0,2,4,2,5,3,113,0.0,,2,3,0,2,1,1,0,1,80,adult
202000036469,2,9,2020,0 days 10:40:00,1,47,47138,1,3,1,3,Bayssieres,"44,2930150","0,7523700",1,1,2,1962.0,4,1,-1,-1,A01,0,0,2,1,13,5,4,,-1.0,,2,2,0,1,1,1,0,1,30,child
202000036469,2,9,2020,0 days 10:40:00,1,47,47138,1,3,1,3,Bayssieres,"44,2930150","0,7523700",1,4,1,2009.0,5,2,-1,-1,A01,0,0,2,1,13,5,4,,-1.0,,2,2,0,1,1,1,0,1,30,adult
202000036503,30,8,2020,0 days 09:30:00,1,33,33498,1,1,1,3,D108,"44,5670700"," -0,7955400",1,1,1,1930.0,3,1,-1,-1,B01,2,0,2,8,1,5,3,108,0.0,,2,2,0,1,1,1,0,1,80,child
202000036503,30,8,2020,0 days 09:30:00,1,33,33498,1,1,1,3,D108,"44,5670700"," -0,7955400",1,3,1,1981.0,5,2,-1,-1,B01,2,0,2,8,1,5,3,108,0.0,,2,2,0,1,1,1,0,1,80,adult
202000036570,31,8,2020,0 days 12:27:00,1,87,87085,2,1,1,3,LANDOUGE (AVENUE DE),"45,8428100","1,1937300",1,3,1,1957.0,5,2,0,-1,B01,2,0,2,8,1,5,4,LANDOUGE (AVENUE DE),0.0,,2,2,0,1,1,1,0,1,50,child
202000036570,31,8,2020,0 days 12:27:00,1,87,87085,2,1,1,3,LANDOUGE (AVENUE DE),"45,8428100","1,1937300",1,1,1,1983.0,4,1,0,-1,B01,2,0,2,8,1,5,4,LANDOUGE (AVENUE DE),0.0,,2,2,0,1,1,1,0,1,50,adult
202000036586,31,8,2020,0 days 16:40:00,1,74,74010,2,2,1,3,BARATTES (AVENUE DES),"45,9071700","6,1407100",1,3,1,1936.0,0,8,0,-1,B01,1,0,2,0,0,0,3,BARATTES (AVENUE DES),0.0,,2,2,0,1,1,1,5,1,30,child
202000036586,31,8,2020,0 days 16:40:00,1,74,74010,2,2,1,3,BARATTES (AVENUE DES),"45,9071700","6,1407100",1,1,1,1970.0,1,1,0,-1,B01,1,0,2,0,0,0,3,BARATTES (AVENUE DES),0.0,,2,2,0,1,1,1,5,1,30,adult
202000036596,30,8,2020,0 days 19:45:00,2,62,62108,2,1,8,3,QUETTIER,"50,4111300","1,5755700",1,1,1,1957.0,5,8,0,-1,B01,3,0,2,7,19,5,4,,0.0,,2,2,0,1,1,1,5,1,50,child
202000036596,30,8,2020,0 days 19:45:00,2,62,62108,2,1,8,3,QUETTIER,"50,4111300","1,5755700",1,4,1,1982.0,5,8,0,-1,B01,3,0,2,7,19,5,4,,0.0,,2,2,0,1,1,1,5,1,50,adult
202000036604,6,2,2020,0 days 16:00:00,1,56,56177,1,1,1,2,Route de Sainte Anne d'Auray,"47,7644950"," -3,0000240",1,3,1,1946.0,5,2,-1,-1,B01,2,0,2,4,2,6,3,102,-1.0,,2,2,0,1,1,1,0,1,80,child
202000036604,6,2,2020,0 days 16:00:00,1,56,56177,1,1,1,2,Route de Sainte Anne d'Auray,"47,7644950"," -3,0000240",1,1,1,1995.0,0,1,-1,-1,B01,2,0,2,4,2,6,3,102,-1.0,,2,2,0,1,1,1,0,1,80,adult
202000036605,8,2,2020,0 days 18:30:00,5,59,59282,1,1,1,3,1307 Route de Dunkerque,"50,8154630","2,4819520",1,1,1,1939.0,5,1,-1,-1,B01,1,0,0,8,2,0,3,916,-1.0,,2,2,0,2,1,1,0,1,70,child
202000036605,8,2,2020,0 days 18:30:00,5,59,59282,1,1,1,3,1307 Route de Dunkerque,"50,8154630","2,4819520",1,3,1,1960.0,5,2,4,9,B01,1,0,0,8,2,0,3,916,-1.0,,2,2,0,2,1,1,0,1,70,adult
202000036641,12,2,2020,0 days 04:30:00,5,987,98734,2,1,1,1,pk 34.200," -17,7233790"," -149,5057300",1,2,1,1969.0,1,0,-1,-1,B01,2,0,2,4,13,5,2,1,-1.0,,2,2,0,1,1,2,0,1,60,child
202000036641,12,2,2020,0 days 04:30:00,5,987,98734,2,1,1,1,pk 34.200," -17,7233790"," -149,5057300",1,1,1,1991.0,1,1,-1,-1,B01,2,0,2,4,13,5,2,1,-1.0,,2,2,0,1,1,2,0,1,60,adult
202000036676,12,2,2020,0 days 16:00:00,1,01,01342,2,1,1,5,D61,"45,8940250","5,0501770",1,1,2,1951.0,0,8,-1,-1,C01,1,0,2,2,1,5,3,61,0.0,C,2,2,0,2,1,1,0,1,50,child
202000036676,12,2,2020,0 days 16:00:00,1,01,01342,2,1,1,5,D61,"45,8940250","5,0501770",1,4,1,2003.0,5,2,-1,-1,C01,1,0,2,2,1,5,3,61,0.0,C,2,2,0,2,1,1,0,1,50,adult