Num_Acc,jour,mois,an,hrmn,lum,dep,com,agg,int,atm,col,adr,lat,long,catu,grav,sexe,an_nais,trajet,secu1,secu2,secu3,num_veh_y,senc,obs,obsm,choc,manv,motor,catr,voie,v1,v2,circ,nbv,vosp,prof,plan,surf,infra,situ,vma,age
202000036676,12,2,2020,0 days 16:00:00,1,01,01342,2,1,1,5,D61,"45,8940250","5,0501770",1,4,1,2004.0,5,2,-1,-1,C01,1,0,2,2,1,5,3,61,0.0,C,2,2,0,2,1,1,0,1,50,adult
202000036714,10,2,2020,0 days 10:45:00,1,85,85194,2,3,1,3,Sortie Parking,"46,5141800"," -1,7882100",1,4,2,1957.0,3,8,0,-1,B01,2,0,2,2,9,5,5,,0.0,,1,1,1,1,1,1,0,5,50,child
202000036714,10,2,2020,0 days 10:45:00,1,85,85194,2,3,1,3,Sortie Parking,"46,5141800"," -1,7882100",1,1,2,1993.0,0,1,8,-1,B01,2,0,2,2,9,5,5,,0.0,,1,1,1,1,1,1,0,5,50,adult
202000036726,10,2,2020,0 days 07:20:00,5,66,66136,2,3,1,3,JULIEN PANCHOT (AVENUE),"42,6928600","2,8859000",1,4,1,1958.0,1,2,8,-1,B01,1,0,2,1,16,5,4,JULIEN PANCHOT (AVENUE),0.0,,2,2,0,1,1,1,0,1,50,child
202000036726,10,2,2020,0 days 07:20:00,5,66,66136,2,3,1,3,JULIEN PANCHOT (AVENUE),"42,6928600","2,8859000",1,1,2,1999.0,0,1,0,-1,B01,1,0,2,1,16,5,4,JULIEN PANCHOT (AVENUE),0.0,,2,2,0,1,1,1,0,1,50,adult
202000036729,10,2,2020,0 days 08:20:00,1,64,64445,2,1,1,3,GRAMONT,"43,2964200"," -0,3742800",1,4,2,1963.0,9,8,0,-1,A01,2,0,2,1,1,5,4,GRAMONT,0.0,,1,2,2,2,1,1,0,1,30,child
202000036729,10,2,2020,0 days 08:20:00,1,64,64445,2,1,1,3,GRAMONT,"43,2964200"," -0,3742800",1,1,1,1993.0,9,1,0,-1,A01,2,0,2,1,1,5,4,GRAMONT,0.0,,1,2,2,2,1,1,0,1,30,adult
202000036740,10,2,2020,0 days 17:30:00,2,51,51055,2,6,3,2,Route de Betheny,"49,2762944","4,0555513",1,1,2,1972.0,0,1,-1,-1,B01,1,0,9,4,1,5,3,74,0.0,,2,2,0,1,1,2,0,1,50,child
202000036740,10,2,2020,0 days 17:30:00,2,51,51055,2,6,3,2,Route de Betheny,"49,2762944","4,0555513",1,4,1,2003.0,0,0,-1,-1,B01,1,0,9,4,1,5,3,74,0.0,,2,2,0,1,1,2,0,1,50,adult
202000036744,7,2,2020,0 days 07:07:00,5,49,49007,2,1,1,3,SCHWEITZER,"47,4818200"," -0,5230200",1,1,2,1958.0,1,1,8,-1,B01,1,0,2,8,0,5,4,SCHWEITZER,0.0,,2,2,0,1,1,1,0,1,60,child
202000036744,7,2,2020,0 days 07:07:00,5,49,49007,2,1,1,3,SCHWEITZER,"47,4818200"," -0,5230200",1,4,1,2001.0,1,8,0,-1,B01,1,0,2,8,0,5,4,SCHWEITZER,0.0,,2,2,0,1,1,1,0,1,60,adult
202000036826,10,1,2020,0 days 18:20:00,3,29,29042,1,1,1,2,Étang du Fret,"48,2822930"," -4,5063690",1,1,1,1941.0,3,1,-1,-1,B01,2,0,0,4,2,5,3,55,-1.0,,2,2,0,1,1,1,0,1,70,child
202000036826,10,1,2020,0 days 18:20:00,3,29,29042,1,1,1,2,Étang du Fret,"48,2822930"," -4,5063690",1,3,1,2000.0,5,0,-1,-1,B01,2,0,0,4,2,5,3,55,-1.0,,2,2,0,1,1,1,0,1,70,adult
202000036861,9,1,2020,0 days 08:35:00,1,80,80021,2,1,1,3,MARCHE LANSELLES (RUE DU ),"49,8957400","2,2977900",1,4,2,1961.0,0,2,0,-1,B01,0,0,2,1,1,5,4,MARCHE LANSELLES (RUE DU ),0.0,,2,2,1,2,1,2,0,1,30,child
202000036861,9,1,2020,0 days 08:35:00,1,80,80021,2,1,1,3,MARCHE LANSELLES (RUE DU ),"49,8957400","2,2977900",1,1,1,1994.0,0,1,0,-1,B01,0,0,2,1,1,5,4,MARCHE LANSELLES (RUE DU ),0.0,,2,2,1,2,1,2,0,1,30,adult
202000036884,9,1,2020,0 days 08:45:00,1,67,67482,2,3,1,3,BAN DE LA ROCHE (RUE DU),"48,5788000","7,7285100",1,1,2,1946.0,0,1,8,-1,B01,2,0,2,1,1,5,4,,0.0,,2,2,1,1,2,1,1,1,50,child
202000036884,9,1,2020,0 days 08:45:00,1,67,67482,2,3,1,3,BAN DE LA ROCHE (RUE DU),"48,5788000","7,7285100",1,4,2,1983.0,1,8,0,-1,B01,2,0,2,1,1,5,4,,0.0,,2,2,1,1,2,1,1,1,50,adult
202000036887,29,5,2020,0 days 15:00:00,1,35,35047,1,6,1,2,route départementale 34,"48,0620644"," -1,7553678",1,4,1,1964.0,5,2,-1,-1,B01,2,0,0,4,2,5,3,34,0.0,,2,2,0,1,1,1,0,1,80,child
202000036887,29,5,2020,0 days 15:00:00,1,35,35047,1,6,1,2,route départementale 34,"48,0620644"," -1,7553678",1,1,1,1994.0,3,0,-1,-1,B01,2,0,0,4,2,5,3,34,0.0,,2,2,0,1,1,1,0,1,80,adult
202000036914,9,1,2020,0 days 16:30:00,1,17,17299,2,1,3,3,BACHELARD AVENUE VICTOR-LOUIS,"45,9522300"," -0,9533100",1,3,2,1950.0,3,8,0,-1,B01,2,0,2,8,1,5,4,,0.0,,2,2,2,1,1,2,0,1,50,child
202000036914,9,1,2020,0 days 16:30:00,1,17,17299,2,1,3,3,BACHELARD AVENUE VICTOR-LOUIS,"45,9522300"," -0,9533100",1,1,1,1982.0,5,1,8,-1,B01,2,0,2,8,1,5,4,,0.0,,2,2,2,1,1,2,0,1,50,adult
202000036947,9,1,2020,0 days 10:10:00,1,06,06159,1,1,1,3,CORNE D OR (BOULEVARD DE LA),"43,7103600","7,3139900",1,4,1,1942.0,5,2,0,-1,B01,2,0,2,6,1,0,7,CORNE D OR (BOULEVARD DE LA),0.0,,3,2,0,1,3,1,0,1,50,child
202000036947,9,1,2020,0 days 10:10:00,1,06,06159,1,1,1,3,CORNE D OR (BOULEVARD DE LA),"43,7103600","7,3139900",1,1,1,1998.0,1,1,0,-1,B01,2,0,2,6,1,0,7,CORNE D OR (BOULEVARD DE LA),0.0,,3,2,0,1,3,1,0,1,50,adult
202000036965,8,1,2020,0 days 18:55:00,5,75,75115,2,1,1,5,RUE DE LOURMEL,"48,8485800","2,2905600",1,4,1,1965.0,1,8,2,-1,B01,1,0,2,7,1,5,4,,0.0,,2,2,1,1,1,1,-1,5,30,child
202000036965,8,1,2020,0 days 18:55:00,5,75,75115,2,1,1,5,RUE DE LOURMEL,"48,8485800","2,2905600",1,1,2,1990.0,1,1,0,-1,B01,1,0,2,7,1,5,4,,0.0,,2,2,1,1,1,1,-1,5,30,adult
202000036965,8,1,2020,0 days 18:55:00,5,75,75115,2,1,1,5,RUE DE LOURMEL,"48,8485800","2,2905600",1,1,1,1992.0,1,1,0,-1,B01,1,0,2,7,1,5,4,,0.0,,2,2,1,1,1,1,-1,5,30,adult
202000036972,9,1,2020,0 days 08:00:00,5,75,75113,2,2,8,6,AVENUE DES GOBELINS,"48,8333963","2,3542124",3,4,2,1951.0,5,0,-1,-1,A01,1,0,1,1,7,5,4,,0.0,,2,4,3,2,1,2,-1,6,50,child
202000036972,9,1,2020,0 days 08:00:00,5,75,75113,2,2,8,6,AVENUE DES GOBELINS,"48,8333963","2,3542124",1,1,1,1995.0,1,8,2,-1,A01,1,0,1,1,7,5,4,,0.0,,2,4,3,2,1,2,-1,6,50,adult
202000037011,28,5,2020,0 days 13:25:00,1,53,53130,2,1,1,3,CHAPLET ( BOULEVARD FREDERIC ),"48,0661200"," -0,7825300",1,1,1,1978.0,4,8,0,-1,B01,3,0,2,8,19,5,4,CHAPLET ( BOULEVARD FREDERIC ),0.0,,2,2,0,1,1,1,0,1,50,child
202000037011,28,5,2020,0 days 13:25:00,1,53,53130,2,1,1,3,CHAPLET ( BOULEVARD FREDERIC ),"48,0661200"," -0,7825300",1,4,1,2011.0,5,2,8,-1,B01,3,0,2,8,19,5,4,CHAPLET ( BOULEVARD FREDERIC ),0.0,,2,2,0,1,1,1,0,1,50,adult
202000037023,15,5,2020,0 days 18:30:00,1,33,33069,2,1,1,3,5  CRS LOUIS BLANC,"44,8649700"," -0,5992700",1,1,2,1985.0,9,8,-1,-1,B01,2,0,2,0,25,5,4,CRS LOUIS BLANC,0.0,,1,1,1,1,1,1,0,1,30,child
202000037023,15,5,2020,0 days 18:30:00,1,33,33069,2,1,1,3,5  CRS LOUIS BLANC,"44,8649700"," -0,5992700",1,4,2,2015.0,5,2,-1,-1,B01,2,0,2,0,25,5,4,CRS LOUIS BLANC,0.0,,1,1,1,1,1,1,0,1,30,adult
202000037040,29,5,2020,0 days 13:20:00,1,13,13001,2,6,1,-1,ISAAC JULES (AV),"43,5427100","5,4549600",1,1,2,1944.0,9,8,8,-1,B01,2,0,2,0,15,5,4,,0.0,,1,1,0,2,2,1,5,1,50,child
202000037040,29,5,2020,0 days 13:20:00,1,13,13001,2,6,1,-1,ISAAC JULES (AV),"43,5427100","5,4549600",1,4,1,1999.0,1,8,0,-1,B01,2,0,2,0,15,5,4,,0.0,,1,1,0,2,2,1,5,1,50,adult
202000037054,28,5,2020,0 days 14:05:00,1,75,75112,2,1,1,2,BOULEVARD DIDEROT,"48,8466300","2,3805480",1,1,1,1963.0,9,1,0,-1,A01,2,0,2,1,1,5,4,,0.0,,2,3,3,1,1,1,0,1,50,child
202000037054,28,5,2020,0 days 14:05:00,1,75,75112,2,1,1,2,BOULEVARD DIDEROT,"48,8466300","2,3805480",1,4,1,1989.0,5,8,0,-1,A01,2,0,2,1,1,5,4,,0.0,,2,3,3,1,1,1,0,1,50,adult
202000037060,29,5,2020,0 days 13:17:00,1,75,75103,2,2,1,6,RUE DE TURBIGO,"48,8659130","2,3581180",3,4,1,1942.0,5,0,-1,-1,A01,2,0,1,1,1,5,4,,0.0,,2,4,1,1,1,1,-1,5,30,child
202000037060,29,5,2020,0 days 13:17:00,1,75,75103,2,2,1,6,RUE DE TURBIGO,"48,8659130","2,3581180",1,1,1,1992.0,1,2,8,-1,A01,2,0,1,1,1,5,4,,0.0,,2,4,1,1,1,1,-1,5,30,adult
202000037108,30,5,2020,0 days 18:20:00,1,31,31224,1,5,1,3,Rue Lesponne,"43,0609870","0,5922320",1,3,1,1968.0,5,2,6,4,B01,0,0,2,8,1,5,4,,0.0,,2,2,0,1,1,1,0,1,50,child
202000037108,30,5,2020,0 days 18:20:00,1,31,31224,1,5,1,3,Rue Lesponne,"43,0609870","0,5922320",1,1,1,2000.0,3,1,-1,-1,B01,0,0,2,8,1,5,4,,0.0,,2,2,0,1,1,1,0,1,50,adult
202000037123,30,5,2020,0 days 15:15:00,1,88,88302,1,1,1,2,4 La Roche des Chenes,"47,9176870","6,7928820",1,2,1,1953.0,5,2,-1,-1,B01,1,0,0,4,2,5,3,486,0.0,D,2,2,0,2,1,1,0,3,80,child
202000037123,30,5,2020,0 days 15:15:00,1,88,88302,1,1,1,2,4 La Roche des Chenes,"47,9176870","6,7928820",1,1,2,1986.0,3,1,-1,-1,B01,1,0,0,4,2,5,3,486,0.0,D,2,2,0,2,1,1,0,3,80,adult
202000037126,27,5,2020,0 days 09:55:00,1,78,78356,2,2,1,3,Route de Versailles,"48,7232170","2,0896610",1,3,2,1959.0,0,0,-1,-1,B01,1,0,0,1,1,5,3,938,0.0,,2,2,0,1,1,1,0,1,50,child
202000037126,27,5,2020,0 days 09:55:00,1,78,78356,2,2,1,3,Route de Versailles,"48,7232170","2,0896610",1,1,2,1984.0,0,1,-1,-1,B01,1,0,0,1,1,5,3,938,0.0,,2,2,0,1,1,1,0,1,50,adult
202000037138,29,7,2020,0 days 09:05:00,1,18,18279,2,1,7,2,PASTEUR ( RUE ),"47,2202500","2,0825800",1,1,1,1959.0,-1,0,-1,-1,A01,1,0,2,4,15,5,4,PASTEUR ( RUE ),0.0,,2,2,0,1,1,1,0,1,50,child
202000037138,29,7,2020,0 days 09:05:00,1,18,18279,2,1,7,2,PASTEUR ( RUE ),"47,2202500","2,0825800",1,3,2,1994.0,1,8,0,-1,A01,1,0,2,4,15,5,4,PASTEUR ( RUE ),0.0,,2,2,0,1,1,1,0,1,50,adult
202000037175,30,7,2020,0 days 18:30:00,1,75,75106,2,3,1,3,BOULEVARD DU MONTPARNASSE,"48,8436240","2,3246420",1,4,2,1964.0,9,8,0,-1,B01,1,0,2,6,11,5,4,,0.0,,3,6,0,1,1,1,0,1,50,child
202000037175,30,7,2020,0 days 18:30:00,1,75,75106,2,3,1,3,BOULEVARD DU MONTPARNASSE,"48,8436240","2,3246420",1,1,1,1987.0,9,2,6,-1,B01,1,0,2,6,11,5,4,,0.0,,3,6,0,1,1,1,0,1,50,adult
202000037196,30,7,2020,0 days 20:15:00,1,93,93005,2,1,1,3,LEON JOUHAUX (RUE),"48,9534538","2,4829660",1,1,1,1957.0,3,1,8,-1,A01,3,0,2,8,1,5,4,,0.0,,2,1,0,1,1,1,0,1,50,child
202000037196,30,7,2020,0 days 20:15:00,1,93,93005,2,1,1,3,LEON JOUHAUX (RUE),"48,9534538","2,4829660",1,4,1,1993.0,3,2,0,-1,A01,3,0,2,8,1,5,4,,0.0,,2,1,0,1,1,1,0,1,50,adult
202000037197,8,12,2020,0 days 15:25:00,1,94,94042,2,9,1,6,PRESIDENT JOHN KENNEDY (AV DU),"48,8166790","2,4660720",3,4,2,1957.0,0,0,-1,-1,A01,2,0,1,1,1,5,3,148,0.0,,1,2,0,2,3,1,0,1,5,child
202000037197,8,12,2020,0 days 15:25:00,1,94,94042,2,9,1,6,PRESIDENT JOHN KENNEDY (AV DU),"48,8166790","2,4660720",1,1,1,1996.0,0,2,8,-1,A01,2,0,1,1,1,5,3,148,0.0,,1,2,0,2,3,1,0,1,5,adult
202000037204,9,12,2020,0 days 09:20:00,1,94,94021,2,1,1,2,D'AVIGNON (RUE) MIN,"48,7624900","2,3509700",1,4,1,1947.0,4,8,0,-1,B01,3,0,2,7,5,5,5,D'AVIGNON (RUE) MIN,0.0,,1,2,0,1,1,1,0,8,30,child
202000037204,9,12,2020,0 days 09:20:00,1,94,94021,2,1,1,2,D'AVIGNON (RUE) MIN,"48,7624900","2,3509700",1,1,1,1983.0,4,8,0,-1,B01,3,0,2,7,5,5,5,D'AVIGNON (RUE) MIN,0.0,,1,2,0,1,1,1,0,8,30,adult
202000037216,30,7,2020,0 days 18:47:00,1,68,68112,2,1,1,3,Route d'Issenheim,"47,9019730","7,2323080",1,1,1,1985.0,5,2,6,-1,A01,1,0,2,7,15,5,3,481,-1.0,,2,2,0,1,1,1,0,1,50,child
202000037216,30,7,2020,0 days 18:47:00,1,68,68112,2,1,1,3,Route d'Issenheim,"47,9019730","7,2323080",1,4,1,2006.0,5,0,-1,-1,A01,1,0,2,7,15,5,3,481,-1.0,,2,2,0,1,1,1,0,1,50,adult
202000037239,31,7,2020,0 days 10:00:00,1,80,80758,1,2,1,3,D14,"49,7262550","2,4169920",1,1,1,1941.0,5,1,-1,-1,B01,3,0,2,1,1,5,3,83,0.0,,2,2,0,1,1,1,0,1,80,child
202000037239,31,7,2020,0 days 10:00:00,1,80,80758,1,2,1,3,D14,"49,7262550","2,4169920",1,4,1,1975.0,5,2,6,-1,B01,3,0,2,1,1,5,3,83,0.0,,2,2,0,1,1,1,0,1,80,adult
202000037249,30,7,2020,0 days 18:05:00,1,11,11272,2,4,1,3,Rue la Captorta,"43,1733382","2,3886440",1,3,1,1974.0,0,2,-1,-1,B01,0,0,2,8,1,5,3,,-1.0,,3,2,0,1,1,1,0,1,50,child
202000037249,30,7,2020,0 days 18:05:00,1,11,11272,2,4,1,3,Rue la Captorta,"43,1733382","2,3886440",1,1,1,1975.0,3,1,-1,-1,B01,0,0,2,8,1,5,3,,-1.0,,3,2,0,1,1,1,0,1,50,adult
202000037249,30,7,2020,0 days 18:05:00,1,11,11272,2,4,1,3,Rue la Captorta,"43,1733382","2,3886440",2,1,1,2006.0,5,1,-1,-1,B01,0,0,2,8,1,5,3,,-1.0,,3,2,0,1,1,1,0,1,50,adult
202000037284,31,7,2020,0 days 09:10:00,1,07,07185,1,1,1,3,D115 pk 9,"45,1378560","4,6452000",1,1,1,1935.0,3,1,-1,-1,A01,2,0,2,3,0,0,3,115,-1.0,,-1,2,0,1,1,1,0,1,80,child
202000037284,31,7,2020,0 days 09:10:00,1,07,07185,1,1,1,3,D115 pk 9,"45,1378560","4,6452000",1,3,1,1959.0,5,2,-1,-1,A01,2,0,2,3,0,0,3,115,-1.0,,-1,2,0,1,1,1,0,1,80,adult
202000037324,25,9,2020,0 days 11:00:00,1,41,41214,2,3,8,3,D19,"47,9257540","1,2071870",1,1,1,1933.0,3,1,-1,-1,B01,0,0,2,8,1,5,3,19,0.0,,2,2,0,1,1,1,0,1,50,child
202000037324,25,9,2020,0 days 11:00:00,1,41,41214,2,3,8,3,D19,"47,9257540","1,2071870",1,4,1,1956.0,5,2,-1,-1,B01,0,0,2,8,1,5,3,19,0.0,,2,2,0,1,1,1,0,1,50,adult
202000037368,27,9,2020,0 days 15:30:00,1,40,40312,2,1,1,3,Boulevard de la Yayi,"43,5467740"," -1,4608200",1,1,1,1940.0,5,1,-1,-1,B01,3,0,2,7,6,5,3,810,0.0,,3,2,0,4,1,1,0,6,50,child
202000037368,27,9,2020,0 days 15:30:00,1,40,40312,2,1,1,3,Boulevard de la Yayi,"43,5467740"," -1,4608200",1,4,2,2006.0,5,0,-1,-1,B01,3,0,2,7,6,5,3,810,0.0,,3,2,0,4,1,1,0,6,50,adult
202000037373,26,9,2020,0 days 14:15:00,1,17,17187,2,3,8,3,D148,"45,4405010"," -0,5135200",1,1,2,1954.0,5,1,-1,-1,B01,1,0,2,1,1,5,3,148,-1.0,,2,2,0,1,1,2,0,1,50,child
202000037373,26,9,2020,0 days 14:15:00,1,17,17187,2,3,8,3,D148,"45,4405010"," -0,5135200",1,4,1,2004.0,5,0,-1,-1,B01,1,0,2,1,1,5,3,148,-1.0,,2,2,0,1,1,2,0,1,50,adult
202000037377,8,12,2020,0 days 16:20:00,1,79,79191,2,3,1,3,64 Rue de Cholette,"46,3417300"," -0,4573500",1,4,1,1950.0,5,0,-1,-1,B01,1,0,2,4,16,5,4,,0.0,,2,2,0,1,2,1,0,1,50,child
202000037377,8,12,2020,0 days 16:20:00,1,79,79191,2,3,1,3,64 Rue de Cholette,"46,3417300"," -0,4573500",1,1,1,1971.0,0,1,-1,-1,B01,1,0,2,4,16,5,4,,0.0,,2,2,0,1,2,1,0,1,50,adult
202000037485,24,10,2020,0 days 15:00:00,1,67,67118,2,1,1,3,ROMAINS (ROUTE DES),"48,5823405","7,6922276",1,4,2,1942.0,5,8,0,-1,B01,1,0,2,8,15,5,4,,0.0,,2,3,1,1,1,1,0,1,50,child
202000037485,24,10,2020,0 days 15:00:00,1,67,67118,2,1,1,3,ROMAINS (ROUTE DES),"48,5823405","7,6922276",1,1,1,1974.0,4,1,8,-1,B01,1,0,2,8,15,5,4,,0.0,,2,3,1,1,1,1,0,1,50,adult
202000037487,26,10,2020,0 days 14:30:00,1,67,67462,2,4,1,3,DIEWEG (AU),"48,2672090","7,4428600",1,1,1,1941.0,3,8,0,-1,B01,1,0,2,1,19,5,4,DIEWEG (AU),0.0,,2,2,0,1,2,1,9,1,50,child
202000037487,26,10,2020,0 days 14:30:00,1,67,67462,2,4,1,3,DIEWEG (AU),"48,2672090","7,4428600",1,3,1,1981.0,9,8,0,-1,B01,1,0,2,1,19,5,4,DIEWEG (AU),0.0,,2,2,0,1,2,1,9,1,50,adult
202000037527,26,9,2020,0 days 15:50:00,1,91,91570,2,1,1,3,GAMBETTA (RUE + PTT),"48,6337800","2,3096300",1,1,1,1982.0,5,1,8,-1,B01,2,0,2,1,5,5,7,GAMBETTA (RUE + PTT),0.0,,4,2,0,1,1,1,9,1,30,child
202000037527,26,9,2020,0 days 15:50:00,1,91,91570,2,1,1,3,GAMBETTA (RUE + PTT),"48,6337800","2,3096300",1,4,1,2007.0,5,8,0,-1,B01,2,0,2,1,5,5,7,GAMBETTA (RUE + PTT),0.0,,4,2,0,1,1,1,9,1,30,adult
202000037551,27,10,2020,0 days 17:00:00,1,26,26198,2,6,1,3,Rue Charles Peguy,"44,5416400","4,7498500",1,3,2,1949.0,9,2,8,-1,B01,3,0,2,0,1,5,4,Rue Charles Peguy,0.0,,1,2,0,1,3,1,0,1,50,child
202000037551,27,10,2020,0 days 17:00:00,1,26,26198,2,6,1,3,Rue Charles Peguy,"44,5416400","4,7498500",1,1,1,1971.0,4,1,-1,-1,B01,3,0,2,0,1,5,4,Rue Charles Peguy,0.0,,1,2,0,1,3,1,0,1,50,adult
202000037586,8,12,2020,0 days 08:25:00,1,35,35051,2,1,2,1,PARES (RUE DES VAUX),"48,1126619"," -1,6269985",1,1,1,1968.0,0,2,0,-1,B01,0,0,2,1,1,5,4,PARES (RUE DES VAUX),0.0,,2,2,0,1,1,2,0,4,50,child
202000037586,8,12,2020,0 days 08:25:00,1,35,35051,2,1,2,1,PARES (RUE DES VAUX),"48,1126619"," -1,6269985",1,4,1,2004.0,0,2,0,-1,B01,0,0,2,1,1,5,4,PARES (RUE DES VAUX),0.0,,2,2,0,1,1,2,0,4,50,adult
202000037608,8,12,2020,0 days 16:35:00,1,33,33318,2,6,1,3,AVE DES PROVINCES,"44,7947000"," -0,6822500",1,1,2,1964.0,0,1,-1,-1,B01,1,0,2,7,1,5,4,AVE DU POITOU,0.0,,2,2,0,1,1,1,0,8,50,child
202000037608,8,12,2020,0 days 16:35:00,1,33,33318,2,6,1,3,AVE DES PROVINCES,"44,7947000"," -0,6822500",1,4,2,2003.0,2,8,-1,-1,B01,1,0,2,7,1,5,4,AVE DU POITOU,0.0,,2,2,0,1,1,1,0,8,50,adult
202000037625,8,12,2020,0 days 08:00:00,1,33,33281,2,2,1,3,AVE MONTESQUIEU,"44,8463900"," -0,6350900",1,4,1,1970.0,0,2,0,-1,B01,1,0,2,8,1,5,4,AVE MONTESQUIEU,0.0,,2,4,2,1,1,2,0,1,50,child
202000037625,8,12,2020,0 days 08:00:00,1,33,33281,2,2,1,3,AVE MONTESQUIEU,"44,8463900"," -0,6350900",1,1,2,1997.0,1,1,0,-1,B01,1,0,2,8,1,5,4,AVE MONTESQUIEU,0.0,,2,4,2,1,1,2,0,1,50,adult
202000037628,23,9,2020,0 days 08:26:00,1,29,29019,2,6,1,3,Avenue Victor le Gorgeu,"48,4007433"," -4,4997479",1,1,1,1980.0,1,1,-1,-1,B01,1,0,2,2,1,0,4,Avenue Victor le Gorgeu,0.0,,2,-1,0,1,1,1,0,1,30,child
202000037628,23,9,2020,0 days 08:26:00,1,29,29019,2,6,1,3,Avenue Victor le Gorgeu,"48,4007433"," -4,4997479",1,4,2,2001.0,0,2,-1,-1,B01,1,0,2,2,1,0,4,Avenue Victor le Gorgeu,0.0,,2,-1,0,1,1,1,0,1,30,adult
202000037671,30,6,2020,0 days 16:50:00,1,64,64129,2,6,1,3,PLAINE,"43,2997800"," -0,3989100",1,1,2,1939.0,1,1,0,-1,B01,1,0,2,3,1,5,4,PLAINE,0.0,,2,2,0,1,3,1,9,1,50,child
202000037671,30,6,2020,0 days 16:50:00,1,64,64129,2,6,1,3,PLAINE,"43,2997800"," -0,3989100",1,4,1,1961.0,5,2,6,-1,B01,1,0,2,3,1,5,4,PLAINE,0.0,,2,2,0,1,3,1,9,1,50,adult
202000037677,29,7,2020,0 days 18:30:00,1,62,62193,2,3,1,3,DE GAULLE (BOULEVARD GENERAL),"50,9627100","1,8421000",1,1,2,1939.0,5,1,8,-1,B01,1,0,2,7,15,5,4,,0.0,,2,2,0,1,1,1,5,1,50,child
202000037677,29,7,2020,0 days 18:30:00,1,62,62193,2,3,1,3,DE GAULLE (BOULEVARD GENERAL),"50,9627100","1,8421000",1,3,1,1998.0,5,8,0,-1,B01,1,0,2,7,15,5,4,,0.0,,2,2,0,1,1,1,5,1,50,adult
202000037695,26,9,2020,0 days 08:00:00,1,01,01451,2,6,8,2,MAJORNAS ( RUE DE ),"46,2274000","5,2193000",1,4,1,1963.0,5,8,0,-1,B01,1,0,2,4,1,5,4,,0.0,,2,2,0,1,3,1,0,1,50,child
202000037695,26,9,2020,0 days 08:00:00,1,01,01451,2,6,8,2,MAJORNAS ( RUE DE ),"46,2274000","5,2193000",1,1,1,1993.0,9,8,0,-1,B01,1,0,2,4,1,5,4,,0.0,,2,2,0,1,3,1,0,1,50,adult
202000037712,8,12,2020,0 days 17:40:00,5,75,75111,2,1,1,6,AVENUE DE LA REPUBLIQUE,"48,8650340","2,3757770",3,4,1,1958.0,5,0,-1,-1,A01,1,0,1,1,1,5,4,,0.0,,1,2,1,1,1,1,-1,5,50,child
202000037712,8,12,2020,0 days 17:40:00,5,75,75111,2,1,1,6,AVENUE DE LA REPUBLIQUE,"48,8650340","2,3757770",1,1,1,1994.0,5,2,8,-1,A01,1,0,1,1,1,5,4,,0.0,,1,2,1,1,1,1,-1,5,50,adult
202000037736,30,6,2020,0 days 16:35:00,1,33,33529,2,3,1,3,FOIX (RUE GASTON) DU 38 ET +,"44,6293200"," -1,1415100",1,4,2,1972.0,0,8,-1,-1,A01,2,0,2,1,15,5,4,FOIX (RUE GASTON) DU 38 ET +,0.0,,1,3,2,1,1,1,9,8,50,child
202000037736,30,6,2020,0 days 16:35:00,1,33,33529,2,3,1,3,FOIX (RUE GASTON) DU 38 ET +,"44,6293200"," -1,1415100",1,4,2,2010.0,0,2,-1,-1,A01,2,0,2,1,15,5,4,FOIX (RUE GASTON) DU 38 ET +,0.0,,1,3,2,1,1,1,9,8,50,adult
202000037757,29,6,2020,0 days 18:35:00,1,30,30189,2,6,1,3,LECLERC GENERAL (AVENUE),"43,8275900","4,3745800",1,3,1,1960.0,1,8,0,-1,B01,3,0,2,7,19,0,4,LECLERC GENERAL (AVENUE),0.0,,3,2,0,1,3,1,0,1,50,child
202000037757,29,6,2020,0 days 18:35:00,1,30,30189,2,6,1,3,LECLERC GENERAL (AVENUE),"43,8275900","4,3745800",1,1,2,1983.0,0,8,0,-1,B01,3,0,2,7,19,0,4,LECLERC GENERAL (AVENUE),0.0,,3,2,0,1,3,1,0,1,50,adult
202000037854,1,7,2020,0 days 09:35:00,1,75,75117,2,3,1,2,BOULEVARD DES BATIGNOLLES,"48,8835300","2,3268610",1,4,2,1968.0,9,2,0,-1,A01,1,0,2,7,1,5,4,,0.0,,1,3,3,1,1,1,0,1,30,child
202000037854,1,7,2020,0 days 09:35:00,1,75,75117,2,3,1,2,BOULEVARD DES BATIGNOLLES,"48,8835300","2,3268610",1,4,1,1993.0,1,8,0,-1,A01,1,0,2,7,1,5,4,,0.0,,1,3,3,1,1,1,0,1,30,adult
202000037912,1,7,2020,0 days 08:05:00,1,92,92012,2,2,1,6,ANDRE MORIZET (AVENUE) 1/47 - 2/52,"48,8349139","2,2414108",1,1,1,1964.0,0,2,8,-1,A01,2,0,1,8,0,5,3,50,0.0,,-1,2,0,1,1,1,0,1,30,child
202000037912,1,7,2020,0 days 08:05:00,1,92,92012,2,2,1,6,ANDRE MORIZET (AVENUE) 1/47 - 2/52,"48,8349139","2,2414108",3,4,1,1991.0,1,0,-1,-1,A01,2,0,1,8,0,5,3,50,0.0,,-1,2,0,1,1,1,0,1,30,adult
202000037939,30,6,2020,0 days 18:20:00,1,74,74263,2,1,1,3,Route de Pérrignier,"46,3332780","6,3877860",1,3,1,1949.0,5,0,-1,-1,B01,1,0,2,8,15,5,3,25,0.0,D,2,2,0,1,1,1,0,8,50,child
202000037939,30,6,2020,0 days 18:20:00,1,74,74263,2,1,1,3,Route de Pérrignier,"46,3332780","6,3877860",1,1,2,1976.0,3,1,-1,-1,B01,1,0,2,8,15,5,3,25,0.0,D,2,2,0,1,1,1,0,8,50,adult