Num_Acc,jour,mois,an,hrmn,lum,dep,com,agg,int,atm,col,adr,lat,long,catu,grav,sexe,an_nais,trajet,secu1,secu2,secu3,num_veh_y,senc,obs,obsm,choc,manv,motor,catr,voie,v1,v2,circ,nbv,vosp,prof,plan,surf,infra,situ,vma,age
202000040744,30,11,2020,0 days 12:30:00,1,29,29019,2,5,1,3,D205 - Boulevard de l’Europe,"48,4161100"," -4,4680600",1,1,2,2004.0,2,2,6,-1,B01,1,0,2,3,1,5,4,D205 - Boulevard de l’Europe,0.0,,2,3,0,1,1,1,0,1,50,adult
202000040766,18,11,2020,0 days 11:15:00,1,13,13004,2,4,1,3,RUE MIREILLE,"43,6745000","4,6385300",1,1,2,1947.0,0,1,8,-1,B01,3,0,2,0,0,5,4,,0.0,,2,3,0,1,2,1,0,1,50,child
202000040766,18,11,2020,0 days 11:15:00,1,13,13004,2,4,1,3,RUE MIREILLE,"43,6745000","4,6385300",1,4,2,2000.0,0,8,0,-1,B01,3,0,2,0,0,5,4,,0.0,,2,3,0,1,2,1,0,1,50,adult
202000040782,23,9,2020,0 days 18:05:00,1,72,72181,2,1,2,3,BOLLEE (AV) N° PAIRS 64 A 146,"48,0020100","0,2089600",1,1,1,1970.0,0,1,0,-1,A01,1,0,2,1,25,5,4,BOLLEE (AV) N° PAIRS 64 A 146,0.0,,2,4,0,1,1,2,0,1,50,child
202000040782,23,9,2020,0 days 18:05:00,1,72,72181,2,1,2,3,BOLLEE (AV) N° PAIRS 64 A 146,"48,0020100","0,2089600",1,4,1,1998.0,0,8,0,-1,A01,1,0,2,1,25,5,4,BOLLEE (AV) N° PAIRS 64 A 146,0.0,,2,4,0,1,1,2,0,1,50,adult
202000040785,24,9,2020,0 days 07:30:00,1,69,69266,2,1,8,3,CONDORCET    (Avenue),"45,7773600","4,8670500",1,1,1,1959.0,9,1,4,-1,A01,1,0,2,7,2,0,4,CONDORCET    (Avenue),0.0,,2,2,3,1,1,1,0,1,50,child
202000040785,24,9,2020,0 days 07:30:00,1,69,69266,2,1,8,3,CONDORCET    (Avenue),"45,7773600","4,8670500",1,3,2,2000.0,5,2,8,-1,A01,1,0,2,7,2,0,4,CONDORCET    (Avenue),0.0,,2,2,3,1,1,1,0,1,50,adult
202000040796,21,9,2020,0 days 16:45:00,1,45,45004,2,1,1,2,Rue Raymond Tellier,"47,9734400","2,7683900",1,4,2,1948.0,0,8,0,-1,B01,3,0,0,4,1,0,4,,0.0,,2,2,0,2,1,1,0,1,30,child
202000040796,21,9,2020,0 days 16:45:00,1,45,45004,2,1,1,2,Rue Raymond Tellier,"47,9734400","2,7683900",1,1,2,1988.0,0,1,0,-1,B01,3,0,0,4,1,0,4,,0.0,,2,2,0,2,1,1,0,1,30,adult
202000040893,24,9,2020,0 days 19:50:00,5,75,75111,2,2,3,6,BOULEVARD VOLTAIRE,"48,8637670","2,3701110",1,4,1,1980.0,5,2,8,-1,A01,1,0,1,1,1,5,4,,0.0,,2,4,1,1,1,2,-1,5,30,child
202000040893,24,9,2020,0 days 19:50:00,5,75,75111,2,2,3,6,BOULEVARD VOLTAIRE,"48,8637670","2,3701110",3,1,1,2001.0,5,0,-1,-1,A01,1,0,1,1,1,5,4,,0.0,,2,4,1,1,1,2,-1,5,30,adult
202000040900,2,1,2020,0 days 11:35:00,1,62,62444,2,2,1,3,Hameau de Rameseau,"50,8910350","1,7358720",1,4,1,1954.0,5,2,-1,-1,B01,3,0,2,8,1,5,4,,-1.0,,2,1,0,1,1,2,0,1,50,child
202000040900,2,1,2020,0 days 11:35:00,1,62,62444,2,2,1,3,Hameau de Rameseau,"50,8910350","1,7358720",1,1,1,1996.0,5,1,-1,-1,B01,3,0,2,8,1,5,4,,-1.0,,2,1,0,1,1,2,0,1,50,adult
202000040931,24,9,2020,0 days 17:30:00,1,94,94041,2,1,8,6,STALINGRAD (BD DE),"48,8030500","2,3780100",3,4,2,1953.0,5,0,-1,-1,A01,2,0,1,0,1,5,3,5,0.0,,2,1,2,1,1,2,0,5,1,child
202000040931,24,9,2020,0 days 17:30:00,1,94,94041,2,1,8,6,STALINGRAD (BD DE),"48,8030500","2,3780100",1,4,1,1978.0,1,2,8,-1,A01,2,0,1,0,1,5,3,5,0.0,,2,1,2,1,1,2,0,5,1,adult
202000040932,28,7,2020,0 days 17:20:00,1,75,75115,2,4,1,2,RUE DE LA CONVENTION,"48,8380710","2,2945930",1,1,2,1976.0,1,1,0,-1,A01,1,0,2,1,3,5,4,,0.0,,2,2,1,1,1,1,0,1,30,child
202000040932,28,7,2020,0 days 17:20:00,1,75,75115,2,4,1,2,RUE DE LA CONVENTION,"48,8380710","2,2945930",1,4,1,1997.0,5,8,0,-1,A01,1,0,2,1,3,5,4,,0.0,,2,2,1,1,1,1,0,1,30,adult
202000040984,28,7,2020,0 days 18:10:00,1,94,94071,2,3,1,3,18 R MAURICE BERTEAUX,"48,7738160","2,5172720",1,1,1,1950.0,4,1,0,-1,B01,1,0,2,7,19,5,3,206,0.0,,2,2,0,2,1,1,0,1,50,child
202000040984,28,7,2020,0 days 18:10:00,1,94,94071,2,3,1,3,18 R MAURICE BERTEAUX,"48,7738160","2,5172720",1,4,1,2010.0,5,8,0,-1,B01,1,0,2,7,19,5,3,206,0.0,,2,2,0,2,1,1,0,1,50,adult
202000041004,24,9,2020,0 days 15:50:00,1,93,93001,2,1,2,2,CHARRON (RUE),"48,9146136","2,3842933",1,1,1,1963.0,5,1,0,-1,B01,1,1,2,4,1,5,4,,0.0,,2,2,0,1,1,2,0,1,50,child
202000041004,24,9,2020,0 days 15:50:00,1,93,93001,2,1,2,2,CHARRON (RUE),"48,9146136","2,3842933",1,4,1,1986.0,5,8,0,-1,B01,1,1,2,4,1,5,4,,0.0,,2,2,0,1,1,2,0,1,50,adult
202000041077,24,9,2020,0 days 17:35:00,1,76,76397,2,1,3,3,65 Route de Newton Longville,"49,7969120","1,1054530",1,1,1,1953.0,5,1,-1,-1,B01,0,0,1,7,19,5,3,3,-1.0,,2,2,0,1,1,2,0,1,50,child
202000041077,24,9,2020,0 days 17:35:00,1,76,76397,2,1,3,3,65 Route de Newton Longville,"49,7969120","1,1054530",3,4,1,2010.0,5,0,-1,-1,B01,0,0,1,7,19,5,3,3,-1.0,,2,2,0,1,1,2,0,1,50,adult
202000041087,24,7,2020,0 days 18:30:00,1,46,46231,2,3,1,3,7 Rue de la Cale,"44,5028520","1,1379740",1,1,1,1981.0,1,1,-1,-1,C01,-1,-1,-1,-1,-1,5,4,1,0.0, -,1,1,0,1,1,1,0,1,30,child
202000041087,24,7,2020,0 days 18:30:00,1,46,46231,2,3,1,3,7 Rue de la Cale,"44,5028520","1,1379740",1,3,1,2003.0,5,0,-1,-1,C01,-1,-1,-1,-1,-1,5,4,1,0.0, -,1,1,0,1,1,1,0,1,30,adult
202000041125,24,9,2020,0 days 15:15:00,1,70,70232,1,1,2,2,D56,"47,6543460","5,9960890",1,3,1,1939.0,5,2,-1,-1,A01,2,0,2,1,1,5,3,56,0.0,,2,2,0,1,1,1,0,1,80,child
202000041125,24,9,2020,0 days 15:15:00,1,70,70232,1,1,2,2,D56,"47,6543460","5,9960890",1,1,1,1965.0,4,1,9,-1,A01,2,0,2,1,1,5,3,56,0.0,,2,2,0,1,1,1,0,1,80,adult
202000041145,7,1,2020,0 days 13:50:00,1,75,75105,2,1,1,3,BOULEVARD DE L HOPITAL,"48,8406080","2,3622780",1,1,1,1973.0,4,1,0,-1,B01,1,0,2,8,18,5,4,,0.0,,2,5,0,2,1,1,0,1,50,child
202000041145,7,1,2020,0 days 13:50:00,1,75,75105,2,1,1,3,BOULEVARD DE L HOPITAL,"48,8406080","2,3622780",2,1,2,1982.0,9,1,0,-1,B01,1,0,2,8,18,5,4,,0.0,,2,5,0,2,1,1,0,1,50,adult
202000041145,7,1,2020,0 days 13:50:00,1,75,75105,2,1,1,3,BOULEVARD DE L HOPITAL,"48,8406080","2,3622780",1,4,1,1999.0,1,8,2,-1,B01,1,0,2,8,18,5,4,,0.0,,2,5,0,2,1,1,0,1,50,adult
202000041161,7,1,2020,0 days 15:50:00,1,75,75113,2,2,1,3,BOULEVARD DU GENERAL JEAN SIMON,"48,8240310","2,3770195",1,1,1,1972.0,3,1,0,-1,B01,2,0,2,1,1,5,4,,0.0,,3,2,1,1,1,1,0,5,50,child
202000041161,7,1,2020,0 days 15:50:00,1,75,75113,2,2,1,3,BOULEVARD DU GENERAL JEAN SIMON,"48,8240310","2,3770195",1,4,1,1996.0,1,8,2,-1,B01,2,0,2,1,1,5,4,,0.0,,3,2,1,1,1,1,0,5,50,adult
202000041177,6,1,2020,0 days 18:20:00,5,75,75102,2,2,1,6,BOULEVARD DE SEBASTOPOL,"48,8662310","2,3525315",1,4,1,1971.0,1,8,2,-1,A01,1,0,1,1,1,5,4,,0.0,,2,4,1,1,1,1,5,5,50,child
202000041177,6,1,2020,0 days 18:20:00,5,75,75102,2,2,1,6,BOULEVARD DE SEBASTOPOL,"48,8662310","2,3525315",3,4,2,1996.0,5,0,-1,-1,A01,1,0,1,1,1,5,4,,0.0,,2,4,1,1,1,1,5,5,50,adult
202000041189,6,1,2020,0 days 12:10:00,1,94,94028,2,9,1,1,MAURIAC.(RUE FRANCOIS),"48,7856375","2,4535840",1,1,1,1962.0,1,8,0,-1,B01,1,0,1,1,1,5,4,MAURIAC.(RUE FRANCOIS),0.0,,4,0,0,1,1,1,0,1,50,child
202000041189,6,1,2020,0 days 12:10:00,1,94,94028,2,9,1,1,MAURIAC.(RUE FRANCOIS),"48,7856375","2,4535840",3,4,1,2001.0,5,0,-1,-1,B01,1,0,1,1,1,5,4,MAURIAC.(RUE FRANCOIS),0.0,,4,0,0,1,1,1,0,1,50,adult
202000041294,24,7,2020,0 days 08:28:00,1,84,84087,2,6,7,3,SYRAH (GIRATOIRE),"44,1120500","4,8506500",1,3,1,1931.0,0,2,-1,-1,B01,3,0,2,1,1,5,4,SYRAH (GIRATOIRE),0.0,,1,2,0,1,2,1,5,1,50,child
202000041294,24,7,2020,0 days 08:28:00,1,84,84087,2,6,7,3,SYRAH (GIRATOIRE),"44,1120500","4,8506500",1,1,1,1957.0,5,1,-1,-1,B01,3,0,2,1,1,5,4,SYRAH (GIRATOIRE),0.0,,1,2,0,1,2,1,5,1,50,adult
202000041298,26,7,2020,0 days 08:05:00,1,83,83069,2,1,7,3,Route de l’Almanarre,"43,0907780","6,1293460",1,1,1,1950.0,0,1,0,-1,B01,1,0,0,0,2,0,3,ALMANARRE (ROUTE DE L'),0.0,,-1,0,0,1,1,1,9,8,50,child
202000041298,26,7,2020,0 days 08:05:00,1,83,83069,2,1,7,3,Route de l’Almanarre,"43,0907780","6,1293460",1,3,2,1983.0,5,8,0,-1,B01,1,0,0,0,2,0,3,ALMANARRE (ROUTE DE L'),0.0,,-1,0,0,1,1,1,9,8,50,adult
202000041302,22,7,2020,0 days 13:15:00,1,78,78126,2,1,1,2,VERDUN (AVENUE DE ),"48,8354100","2,1320000",1,1,1,1940.0,3,1,0,-1,B01,1,0,2,1,1,5,3,307,0.0,,2,4,0,1,1,1,0,1,50,child
202000041302,22,7,2020,0 days 13:15:00,1,78,78126,2,1,1,2,VERDUN (AVENUE DE ),"48,8354100","2,1320000",1,3,1,1993.0,1,8,0,-1,B01,1,0,2,1,1,5,3,307,0.0,,2,4,0,1,1,1,0,1,50,adult
202000041323,24,6,2020,0 days 17:42:00,1,66,66136,2,1,1,1,BOURRAT BOULEVARD JEAN,"42,7005400","2,9025400",1,1,2,1943.0,0,1,0,-1,B01,1,0,2,1,1,5,4,BOURRAT BOULEVARD JEAN,0.0,,2,4,1,1,1,1,0,1,50,child
202000041323,24,6,2020,0 days 17:42:00,1,66,66136,2,1,1,1,BOURRAT BOULEVARD JEAN,"42,7005400","2,9025400",1,4,2,2008.0,5,8,0,-1,B01,1,0,2,1,1,5,4,BOURRAT BOULEVARD JEAN,0.0,,2,4,1,1,1,1,0,1,50,adult
202000041354,27,7,2020,0 days 10:10:00,1,31,31555,2,1,1,3,RUE ANDRE ETCHEVERLEPO,"43,6393600","1,4598000",1,4,2,1965.0,9,2,0,-1,B01,1,0,2,8,2,5,4,RUE ANDRE ETCHEVERLEPO,0.0,,2,2,1,1,1,1,0,5,5,child
202000041354,27,7,2020,0 days 10:10:00,1,31,31555,2,1,1,3,RUE ANDRE ETCHEVERLEPO,"43,6393600","1,4598000",1,1,1,2001.0,9,1,8,-1,B01,1,0,2,8,2,5,4,RUE ANDRE ETCHEVERLEPO,0.0,,2,2,1,1,1,1,0,5,5,adult
202000041392,15,5,2020,0 days 14:20:00,1,33,33063,2,8,1,2,QUAI DES CHARTRONS / CRS DU MEDOC,"44,8556900"," -0,5635400",1,1,1,1969.0,4,8,-1,-1,A01,1,0,4,4,15,5,4,QUAI DES CHARTRONS,0.0,,3,7,3,1,1,1,4,6,50,child
202000041392,15,5,2020,0 days 14:20:00,1,33,33063,2,8,1,2,QUAI DES CHARTRONS / CRS DU MEDOC,"44,8556900"," -0,5635400",1,4,1,1991.0,5,2,-1,-1,A01,1,0,4,4,15,5,4,QUAI DES CHARTRONS,0.0,,3,7,3,1,1,1,4,6,50,adult
202000041421,27,5,2020,0 days 09:20:00,1,75,75104,2,1,1,6,VOIE GEORGES POMPIDOU,"48,8504566","2,3611394",3,4,1,1951.0,9,0,-1,-1,A01,3,0,1,4,1,5,4,,0.0,,2,2,1,1,1,1,-1,5,30,child
202000041421,27,5,2020,0 days 09:20:00,1,75,75104,2,1,1,6,VOIE GEORGES POMPIDOU,"48,8504566","2,3611394",1,1,1,2000.0,9,8,2,-1,A01,3,0,1,4,1,5,4,,0.0,,2,2,1,1,1,1,-1,5,30,adult
202000041489,14,5,2020,0 days 09:55:00,1,64,64496,2,1,1,6,Avenue du Labourd,"43,4761470"," -1,4566060",3,3,1,1939.0,3,0,-1,-1,A01,1,0,1,1,1,5,3,936,-1.0,,2,2,2,2,1,1,0,1,-1,child
202000041489,14,5,2020,0 days 09:55:00,1,64,64496,2,1,1,6,Avenue du Labourd,"43,4761470"," -1,4566060",1,1,1,1972.0,5,2,-1,-1,A01,1,0,1,1,1,5,3,936,-1.0,,2,2,2,2,1,1,0,1,-1,adult
202000041490,28,5,2020,0 days 08:15:00,1,40,40283,1,3,1,3,Route de Buglose,"43,7632300"," -1,0023630",1,4,1,1947.0,5,2,-1,-1,B01,1,0,2,8,15,5,3,27,0.0,,2,2,0,1,1,1,0,1,80,child
202000041490,28,5,2020,0 days 08:15:00,1,40,40283,1,3,1,3,Route de Buglose,"43,7632300"," -1,0023630",1,1,1,1997.0,1,1,-1,-1,B01,1,0,2,8,15,5,3,27,0.0,,2,2,0,1,1,1,0,1,80,adult
202000041506,25,5,2020,0 days 09:15:00,1,974,97411,2,6,1,3,JAURES (BOULEVARD JEAN)," -20,9009000","55,4968000",1,4,2,1962.0,0,2,0,-1,B01,3,0,2,8,1,0,4,JAURES (BOULEVARD JEAN),0.0,,4,1,1,1,1,1,9,5,50,child
202000041506,25,5,2020,0 days 09:15:00,1,974,97411,2,6,1,3,JAURES (BOULEVARD JEAN)," -20,9009000","55,4968000",1,1,2,1983.0,4,1,8,-1,B01,3,0,2,8,1,0,4,JAURES (BOULEVARD JEAN),0.0,,4,1,1,1,1,1,9,5,50,adult
202000041519,25,5,2020,0 days 16:35:00,1,87,87085,2,1,1,4,BORIE (BOULEVARD DE LA),"45,8431400","1,2389100",1,1,2,1973.0,5,1,8,-1,A01,2,0,2,8,25,5,4,BORIE (BOULEVARD DE LA),0.0,,3,6,0,1,1,1,0,1,50,child
202000041519,25,5,2020,0 days 16:35:00,1,87,87085,2,1,1,4,BORIE (BOULEVARD DE LA),"45,8431400","1,2389100",1,4,1,2005.0,5,8,0,-1,A01,2,0,2,8,25,5,4,BORIE (BOULEVARD DE LA),0.0,,3,6,0,1,1,1,0,1,50,adult
202000041552,26,5,2020,0 days 17:45:00,1,14,14167,2,2,1,3,JEAN JAURES (RUE ),"49,2012500"," -0,3009400",1,4,1,1988.0,5,8,0,-1,B01,1,0,2,1,1,5,3,226,0.0,,2,3,0,1,1,1,0,1,50,child
202000041552,26,5,2020,0 days 17:45:00,1,14,14167,2,2,1,3,JEAN JAURES (RUE ),"49,2012500"," -0,3009400",1,1,1,1990.0,5,1,0,-1,B01,1,0,2,1,1,5,3,226,0.0,,2,3,0,1,1,1,0,1,50,adult
202000041552,26,5,2020,0 days 17:45:00,1,14,14167,2,2,1,3,JEAN JAURES (RUE ),"49,2012500"," -0,3009400",2,4,1,2015.0,5,8,0,-1,B01,1,0,2,1,1,5,3,226,0.0,,2,3,0,1,1,1,0,1,50,adult
202000041552,26,5,2020,0 days 17:45:00,1,14,14167,2,2,1,3,JEAN JAURES (RUE ),"49,2012500"," -0,3009400",2,4,1,2018.0,9,8,0,-1,B01,1,0,2,1,1,5,3,226,0.0,,2,3,0,1,1,1,0,1,50,adult
202000041569,26,5,2020,0 days 10:05:00,1,75,75117,2,2,1,2,BOULEVARD BESSIERES,"48,8942870","2,3137800",1,1,1,1963.0,4,1,0,-1,A01,1,0,2,1,13,5,4,,0.0,,3,1,1,1,1,1,0,1,50,child
202000041569,26,5,2020,0 days 10:05:00,1,75,75117,2,2,1,2,BOULEVARD BESSIERES,"48,8942870","2,3137800",1,4,1,1994.0,4,8,0,-1,A01,1,0,2,1,13,5,4,,0.0,,3,1,1,1,1,1,0,1,50,adult
202000041575,26,5,2020,0 days 20:10:00,2,75,75108,2,2,1,3,RUE D ANJOU,"48,8707380","2,3213730",1,1,2,1975.0,1,1,0,-1,B01,2,0,2,2,5,5,4,,0.0,,1,1,0,1,1,1,0,1,50,child
202000041575,26,5,2020,0 days 20:10:00,2,75,75108,2,2,1,3,RUE D ANJOU,"48,8707380","2,3213730",1,4,1,1998.0,1,8,0,-1,B01,2,0,2,2,5,5,4,,0.0,,1,1,0,1,1,1,0,1,50,adult
202000041583,29,6,2020,0 days 20:50:00,1,21,21054,2,2,1,3,Rue Gustave Eiffel,"47,0395290","4,8456600",1,4,1,1940.0,3,8,0,-1,B01,1,0,2,1,1,0,4,,0.0,,2,2,0,1,1,1,5,1,50,child
202000041583,29,6,2020,0 days 20:50:00,1,21,21054,2,2,1,3,Rue Gustave Eiffel,"47,0395290","4,8456600",1,1,1,1976.0,1,1,0,-1,B01,1,0,2,1,1,0,4,,0.0,,2,2,0,1,1,1,5,1,50,adult
202000041652,30,6,2020,0 days 16:05:00,1,02,02719,2,3,1,3,2 Rue Achille Chemin,"49,5958800","3,2464300",1,1,1,1974.0,9,1,-1,-1,A01,1,0,2,2,26,5,4,,0.0,C,2,2,0,1,1,1,0,1,30,child
202000041652,30,6,2020,0 days 16:05:00,1,02,02719,2,3,1,3,2 Rue Achille Chemin,"49,5958800","3,2464300",1,4,1,2004.0,5,0,-1,-1,A01,1,0,2,2,26,5,4,,0.0,C,2,2,0,1,1,1,0,1,30,adult
202000041705,28,6,2020,0 days 18:00:00,5,988,98818,2,2,1,3,RUE BOUGAINVILLE," -22,2786000","166,4510700",1,1,1,1973.0,5,1,0,-1,A01,2,0,2,1,18,5,4,87,0.0,,2,3,0,2,1,1,5,1,50,child
202000041705,28,6,2020,0 days 18:00:00,5,988,98818,2,2,1,3,RUE BOUGAINVILLE," -22,2786000","166,4510700",1,4,1,2004.0,5,2,8,-1,A01,2,0,2,1,18,5,4,87,0.0,,2,3,0,2,1,1,5,1,50,adult
202000041756,28,6,2020,0 days 18:15:00,1,92,92076,2,9,1,3,REPUBLIQUE,"48,8375000","2,1548940",1,1,2,1968.0,5,8,0,-1,B01,2,0,2,1,17,5,3,907,0.0,,2,1,0,1,1,1,0,1,50,child
202000041756,28,6,2020,0 days 18:15:00,1,92,92076,2,9,1,3,REPUBLIQUE,"48,8375000","2,1548940",1,4,1,1989.0,5,2,4,-1,B01,2,0,2,1,17,5,3,907,0.0,,2,1,0,1,1,1,0,1,50,adult
202000041767,29,6,2020,0 days 17:35:00,1,79,79066,2,1,1,6,9 Chemin du Tram,"46,4865450"," -0,4072420",3,3,2,1937.0,9,0,-1,-1,A01,2,0,1,1,26,5,4,,-1.0,,2,2,0,1,1,1,0,1,30,child
202000041767,29,6,2020,0 days 17:35:00,1,79,79066,2,1,1,6,9 Chemin du Tram,"46,4865450"," -0,4072420",1,1,1,2005.0,5,0,-1,-1,A01,2,0,1,1,26,5,4,,-1.0,,2,2,0,1,1,1,0,1,30,adult
202000041789,20,10,2020,0 days 16:30:00,1,25,25388,2,9,1,3,HELVETIE (AVENUE D'),"47,5087800","6,8088400",1,3,1,1930.0,9,8,0,-1,B01,2,0,2,0,0,5,3,663,0.0,,1,1,0,1,2,1,5,1,50,child
202000041789,20,10,2020,0 days 16:30:00,1,25,25388,2,9,1,3,HELVETIE (AVENUE D'),"47,5087800","6,8088400",1,1,2,1981.0,9,1,8,-1,B01,2,0,2,0,0,5,3,663,0.0,,1,1,0,1,2,1,5,1,50,adult
202000041790,22,10,2020,0 days 19:02:00,5,25,25388,2,1,2,1,HOLLANDE (RUE DE LA PETITE),"47,5008190","6,7913590",1,1,1,1953.0,0,1,0,-1,B01,2,12,2,1,9,6,4,,0.0,,2,4,1,4,3,2,0,5,50,child
202000041790,22,10,2020,0 days 19:02:00,5,25,25388,2,1,2,1,HOLLANDE (RUE DE LA PETITE),"47,5008190","6,7913590",1,3,1,1976.0,0,8,8,-1,B01,2,12,2,1,9,6,4,,0.0,,2,4,1,4,3,2,0,5,50,adult
202000041868,7,10,2020,0 days 17:00:00,1,07,07324,2,6,1,1,1 Avenue Marechal Foch,"45,0724300","4,8221340",1,3,1,1939.0,5,2,-1,-1,B01,0,0,2,7,1,5,3,86,-1.0,,1,2,0,1,2,1,5,1,50,child
202000041868,7,10,2020,0 days 17:00:00,1,07,07324,2,6,1,1,1 Avenue Marechal Foch,"45,0724300","4,8221340",1,1,2,1993.0,1,1,-1,-1,B01,0,0,2,7,1,5,3,86,-1.0,,1,2,0,1,2,1,5,1,50,adult
202000041886,23,6,2020,0 days 17:20:00,1,84,84007,2,9,1,3,ROYAUME et DALADIER (Pont),"43,9524300","4,7968500",1,3,1,1950.0,5,2,0,-1,B01,3,0,2,1,1,5,4,ROYAUME et DALADIER (Pont),0.0,,2,4,1,1,1,1,2,1,50,child
202000041886,23,6,2020,0 days 17:20:00,1,84,84007,2,9,1,3,ROYAUME et DALADIER (Pont),"43,9524300","4,7968500",1,1,1,1975.0,0,1,0,-1,B01,3,0,2,1,1,5,4,ROYAUME et DALADIER (Pont),0.0,,2,4,1,1,1,1,2,1,50,adult
202000041908,22,10,2020,0 days 15:20:00,1,88,88209,2,6,1,3,FORT (RUE DU),"48,2048700","6,4267900",1,1,1,1974.0,5,1,0,-1,B01,3,0,2,7,9,6,4,FORT (RUE DU),0.0,,2,2,0,1,1,1,0,1,50,child
202000041908,22,10,2020,0 days 15:20:00,1,88,88209,2,6,1,3,FORT (RUE DU),"48,2048700","6,4267900",1,4,1,2006.0,5,8,0,-1,B01,3,0,2,7,9,6,4,FORT (RUE DU),0.0,,2,2,0,1,1,1,0,1,50,adult
202000042002,27,8,2020,0 days 16:40:00,1,75,75108,2,7,8,3,PLACE CHARLES DE GAULLE,"48,8732910","2,2955510",1,4,1,1954.0,5,2,0,-1,B01,3,0,2,7,1,5,4,,0.0,,1,6,0,1,2,1,0,1,50,child
202000042002,27,8,2020,0 days 16:40:00,1,75,75108,2,7,8,3,PLACE CHARLES DE GAULLE,"48,8732910","2,2955510",1,1,1,1975.0,4,1,0,-1,B01,3,0,2,7,1,5,4,,0.0,,1,6,0,1,2,1,0,1,50,adult
202000042016,28,8,2020,0 days 09:40:00,1,92,92044,2,2,8,3,VIC. HUGO(RUE)091A113 ET 112A146,"48,8982796","2,2943402",1,3,1,1966.0,1,2,0,-1,A01,1,0,2,7,15,5,3,909,0.0,,2,4,1,1,1,1,0,1,50,child
202000042016,28,8,2020,0 days 09:40:00,1,92,92044,2,2,8,3,VIC. HUGO(RUE)091A113 ET 112A146,"48,8982796","2,2943402",1,3,2,1995.0,1,8,0,-1,A01,1,0,2,7,15,5,3,909,0.0,,2,4,1,1,1,1,0,1,50,adult
202000042035,29,8,2020,0 days 10:39:00,1,82,82134,2,2,1,1,2 RUE DU TEMPLE,"44,0753570","1,5211210",1,3,1,1943.0,5,0,-1,-1,B01,3,0,2,7,17,5,4,,-1.0,,1,1,0,1,1,1,0,1,50,child
202000042035,29,8,2020,0 days 10:39:00,1,82,82134,2,2,1,1,2 RUE DU TEMPLE,"44,0753570","1,5211210",1,1,2,2000.0,5,1,-1,-1,B01,3,0,2,7,17,5,4,,-1.0,,1,1,0,1,1,1,0,1,50,adult
202000042055,28,8,2020,0 days 21:10:00,2,16,16104,1,1,1,5,Lieu dit La Renarde,"46,0437900","0,2211410",1,1,1,1934.0,5,1,-1,-1,B01,1,0,2,4,1,5,3,8,0.0,,2,2,0,2,1,1,0,1,80,child
202000042055,28,8,2020,0 days 21:10:00,2,16,16104,1,1,1,5,Lieu dit La Renarde,"46,0437900","0,2211410",1,2,1,1991.0,5,8,-1,-1,B01,1,0,2,4,1,5,3,8,0.0,,2,2,0,2,1,1,0,1,80,adult
202000042055,28,8,2020,0 days 21:10:00,2,16,16104,1,1,1,5,Lieu dit La Renarde,"46,0437900","0,2211410",1,4,1,2002.0,5,8,-1,-1,B01,1,0,2,4,1,5,3,8,0.0,,2,2,0,2,1,1,0,1,80,adult
202000042062,29,8,2020,0 days 09:15:00,1,17,17293,1,1,1,1,Départementale 115,"46,1343390"," -0,7873470",1,3,1,1954.0,5,2,-1,-1,B01,1,0,2,3,1,5,3,115,-1.0,,2,2,0,1,1,2,0,1,80,child
202000042062,29,8,2020,0 days 09:15:00,1,17,17293,1,1,1,1,Départementale 115,"46,1343390"," -0,7873470",1,1,2,2000.0,1,1,-1,-1,B01,1,0,2,3,1,5,3,115,-1.0,,2,2,0,1,1,2,0,1,80,adult
202000042063,28,8,2020,0 days 07:30:00,1,30,30059,1,1,1,2,D 6572,"43,6870840","4,2334270",1,4,2,1955.0,5,0,-1,-1,B01,2,0,2,4,2,5,3,6572,0.0,,2,2,0,1,1,1,0,1,80,child
202000042063,28,8,2020,0 days 07:30:00,1,30,30059,1,1,1,2,D 6572,"43,6870840","4,2334270",1,1,1,2002.0,1,2,-1,-1,B01,2,0,2,4,2,5,3,6572,0.0,,2,2,0,1,1,1,0,1,80,adult
202000042067,28,8,2020,0 days 12:30:00,1,976,97602,1,1,1,5,N1," -12,7309920","45,1306990",1,1,1,1976.0,1,1,-1,-1,C01,2,0,2,8,1,5,2,1,0.0,A,2,2,0,1,3,1,2,1,70,child
202000042067,28,8,2020,0 days 12:30:00,1,976,97602,1,1,1,5,N1," -12,7309920","45,1306990",1,3,2,1996.0,0,1,-1,-1,C01,2,0,2,8,1,5,2,1,0.0,A,2,2,0,1,3,1,2,1,70,adult
202000042067,28,8,2020,0 days 12:30:00,1,976,97602,1,1,1,5,N1," -12,7309920","45,1306990",1,3,1,2004.0,0,0,-1,-1,C01,2,0,2,8,1,5,2,1,0.0,A,2,2,0,1,3,1,2,1,70,adult
202000042079,25,7,2020,0 days 21:00:00,2,84,84053,1,4,1,3,Route de Grignan,"44,3973330","4,9200300",1,1,1,1955.0,5,1,-1,-1,B01,0,0,2,8,1,5,3,941,-1.0,,3,1,0,2,2,1,0,1,80,child
202000042079,25,7,2020,0 days 21:00:00,2,84,84053,1,4,1,3,Route de Grignan,"44,3973330","4,9200300",1,3,1,1982.0,5,2,-1,-1,B01,0,0,2,8,1,5,3,941,-1.0,,3,1,0,2,2,1,0,1,80,adult
202000042103,20,6,2020,0 days 11:40:00,1,74,74010,2,1,1,6,24 Chemin de Périaz (Seynod),"45,8766920","6,0894340",1,1,1,1986.0,5,2,-1,-1,A01,2,0,1,8,1,6,4,AP,0.0,C,2,2,0,2,3,1,0,1,50,child
202000042103,20,6,2020,0 days 11:40:00,1,74,74010,2,1,1,6,24 Chemin de Périaz (Seynod),"45,8766920","6,0894340",3,4,2,2015.0,5,0,-1,-1,A01,2,0,1,8,1,6,4,AP,0.0,C,2,2,0,2,3,1,0,1,50,adult