Num_Acc,jour,mois,an,hrmn,lum,dep,com,agg,int,atm,col,adr,lat,long,catu,grav,sexe,an_nais,trajet,secu1,secu2,secu3,num_veh_y,senc,obs,obsm,choc,manv,motor,catr,voie,v1,v2,circ,nbv,vosp,prof,plan,surf,infra,situ,vma,age
202000043223,28,6,2020,0 days 10:50:00,1,35,35120,1,1,1,4,Champ Pécor,"48,2201120"," -1,8099760",1,3,1,1956.0,5,2,-1,-1,B01,2,0,2,4,1,5,3,28,-1.0,,2,2,0,1,1,1,0,1,80,adult
202000043223,28,6,2020,0 days 10:50:00,1,35,35120,1,1,1,4,Champ Pécor,"48,2201120"," -1,8099760",1,1,1,1988.0,3,1,-1,-1,B01,2,0,2,4,1,5,3,28,-1.0,,2,2,0,1,1,1,0,1,80,adult
202000043233,23,6,2020,0 days 16:25:00,1,21,21485,1,1,1,1,A38,"47,3371720","4,9554620",1,4,1,1973.0,5,2,-1,-1,B01,3,0,2,1,1,5,4,,-1.0,,2,2,1,2,2,1,0,1,-1,child
202000043233,23,6,2020,0 days 16:25:00,1,21,21485,1,1,1,1,A38,"47,3371720","4,9554620",2,1,1,1996.0,5,2,-1,-1,B01,3,0,2,1,1,5,4,,-1.0,,2,2,1,2,2,1,0,1,-1,adult
202000043233,23,6,2020,0 days 16:25:00,1,21,21485,1,1,1,1,A38,"47,3371720","4,9554620",1,1,1,1997.0,1,2,-1,-1,B01,3,0,2,1,1,5,4,,-1.0,,2,2,1,2,2,1,0,1,-1,adult
202000043267,28,6,2020,0 days 11:45:00,1,95,95250,1,1,1,1,17 Square du Lauragais,"49,0991871","2,5045801",1,1,1,1962.0,5,2,6,9,B01,3,0,2,3,1,5,4,SQUARE DE LAURAGAIS,-1.0,,2,2,0,2,3,1,0,6,-1,child
202000043267,28,6,2020,0 days 11:45:00,1,95,95250,1,1,1,1,17 Square du Lauragais,"49,0991871","2,5045801",1,4,1,1986.0,5,2,6,9,B01,3,0,2,3,1,5,4,SQUARE DE LAURAGAIS,-1.0,,2,2,0,2,3,1,0,6,-1,adult
202000043311,26,5,2020,0 days 07:15:00,1,92,92035,2,2,1,1,Joffre ( avenue ),"48,9098348","2,2418775",1,1,1,1967.0,0,1,0,-1,B01,2,0,2,1,1,5,4,Joffre ( avenue ),0.0,,2,2,0,1,1,1,0,1,50,child
202000043311,26,5,2020,0 days 07:15:00,1,92,92035,2,2,1,1,Joffre ( avenue ),"48,9098348","2,2418775",1,4,1,1988.0,9,8,0,-1,B01,2,0,2,1,1,5,4,Joffre ( avenue ),0.0,,2,2,0,1,1,1,0,1,50,adult
202000043321,27,5,2020,0 days 11:15:00,1,74,74165,1,4,7,3,route de saint felix,"45,8278870","5,9747010",1,1,1,1944.0,0,0,-1,-1,B01,1,0,0,1,1,5,3,53,-1.0,D,-1,2,0,1,3,1,0,1,70,child
202000043321,27,5,2020,0 days 11:15:00,1,74,74165,1,4,7,3,route de saint felix,"45,8278870","5,9747010",1,3,1,1973.0,5,2,6,-1,B01,1,0,0,1,1,5,3,53,-1.0,D,-1,2,0,1,3,1,0,1,70,adult
202000043330,24,5,2020,0 days 08:55:00,1,28,28078,1,1,7,2,D927,"48,1124040","0,8896710",1,3,1,1958.0,5,2,-1,-1,B01,1,0,2,4,2,5,3,927,-1.0,,2,2,0,1,1,1,0,1,80,child
202000043330,24,5,2020,0 days 08:55:00,1,28,28078,1,1,7,2,D927,"48,1124040","0,8896710",1,1,1,1991.0,1,1,-1,-1,B01,1,0,2,4,2,5,3,927,-1.0,,2,2,0,1,1,1,0,1,80,adult
202000043341,27,5,2020,0 days 16:35:00,1,71,71291,1,3,1,3,Rue de Marcigny,"46,2200682","4,0221643",1,1,1,1976.0,4,1,-1,-1,A01,3,0,2,8,15,5,3,122,0.0,,2,2,0,1,1,1,0,1,80,child
202000043341,27,5,2020,0 days 16:35:00,1,71,71291,1,3,1,3,Rue de Marcigny,"46,2200682","4,0221643",1,3,1,2006.0,5,0,-1,-1,A01,3,0,2,8,15,5,3,122,0.0,,2,2,0,1,1,1,0,1,80,adult
202000043343,27,5,2020,0 days 17:10:00,1,38,38442,1,1,1,-1,Les Bargettes,"45,3359710","5,8072680",1,4,1,1960.0,5,2,6,-1,B01,1,0,0,4,1,5,3,512,0.0,,2,2,0,2,1,1,0,1,70,child
202000043343,27,5,2020,0 days 17:10:00,1,38,38442,1,1,1,-1,Les Bargettes,"45,3359710","5,8072680",1,1,1,2002.0,1,1,-1,-1,B01,1,0,0,4,1,5,3,512,0.0,,2,2,0,2,1,1,0,1,70,adult
202000043376,21,5,2020,0 days 14:09:00,1,69,69256,2,6,1,1,MARCEL CACHIN                       (AV),"45,7805606","4,9455588",1,3,1,1948.0,5,8,0,-1,B01,2,0,2,3,1,5,3,55,0.0,,-1,2,1,1,2,1,0,1,50,child
202000043376,21,5,2020,0 days 14:09:00,1,69,69256,2,6,1,1,MARCEL CACHIN                       (AV),"45,7805606","4,9455588",2,1,1,1992.0,5,1,0,-1,B01,2,0,2,3,1,5,3,55,0.0,,-1,2,1,1,2,1,0,1,50,adult
202000043376,21,5,2020,0 days 14:09:00,1,69,69256,2,6,1,1,MARCEL CACHIN                       (AV),"45,7805606","4,9455588",1,1,1,1995.0,5,1,0,-1,B01,2,0,2,3,1,5,3,55,0.0,,-1,2,1,1,2,1,0,1,50,adult
202000043377,23,5,2020,0 days 13:05:00,1,67,67482,2,3,1,3,PALERME (RUE DE),"48,5757300","7,7637000",1,1,2,1967.0,5,1,8,-1,A01,1,0,2,1,19,5,4,PALERME (RUE DE),0.0,,2,2,1,1,1,1,0,1,50,child
202000043377,23,5,2020,0 days 13:05:00,1,67,67482,2,3,1,3,PALERME (RUE DE),"48,5757300","7,7637000",1,4,1,1998.0,5,8,0,-1,A01,1,0,2,1,19,5,4,PALERME (RUE DE),0.0,,2,2,1,1,1,1,0,1,50,adult
202000043407,25,5,2020,0 days 17:05:00,1,17,17300,2,3,1,3,SCHOELCHER   AVENUE VICTOR,"46,1537873"," -1,1275469",1,1,2,1952.0,5,1,8,-1,B01,3,0,2,0,0,5,4,SCHOELCHER   AVENUE VICTOR,0.0,,-1,2,0,1,1,1,9,1,50,child
202000043407,25,5,2020,0 days 17:05:00,1,17,17300,2,3,1,3,SCHOELCHER   AVENUE VICTOR,"46,1537873"," -1,1275469",1,4,2,2009.0,2,2,8,-1,B01,3,0,2,0,0,5,4,SCHOELCHER   AVENUE VICTOR,0.0,,-1,2,0,1,1,1,9,1,50,adult
202000043414,25,5,2020,0 days 18:30:00,1,08,08409,2,1,1,-1,MARNE (AVENUE DE LA),"49,6966300","4,9165400",1,1,1,1973.0,5,1,-1,-1,C01,3,0,2,6,19,5,4,,0.0,,3,2,0,1,1,1,0,1,50,child
202000043414,25,5,2020,0 days 18:30:00,1,08,08409,2,1,1,-1,MARNE (AVENUE DE LA),"49,6966300","4,9165400",1,1,1,2001.0,5,1,-1,-1,C01,3,0,2,6,19,5,4,,0.0,,3,2,0,1,1,1,0,1,50,adult
202000043414,25,5,2020,0 days 18:30:00,1,08,08409,2,1,1,-1,MARNE (AVENUE DE LA),"49,6966300","4,9165400",1,4,1,2009.0,0,2,-1,-1,C01,3,0,2,6,19,5,4,,0.0,,3,2,0,1,1,1,0,1,50,adult
202000043423,25,5,2020,0 days 09:48:00,1,75,75109,2,2,1,3,RUE DE MAUBEUGE,"48,8765550","2,3412990",1,1,1,1973.0,4,1,0,-1,B01,2,0,2,8,7,5,4,,0.0,,1,2,3,2,1,1,-1,6,50,child
202000043423,25,5,2020,0 days 09:48:00,1,75,75109,2,2,1,3,RUE DE MAUBEUGE,"48,8765550","2,3412990",1,4,2,1994.0,9,2,8,-1,B01,2,0,2,8,7,5,4,,0.0,,1,2,3,2,1,1,-1,6,50,adult
202000043441,20,5,2020,0 days 18:30:00,1,92,92004,2,1,1,6,GAMBETTA (RUE),"48,9097300","2,2928400",3,4,2,1933.0,9,0,-1,-1,A01,1,1,1,1,1,5,4,GAMBETTA (RUE),0.0,,1,1,1,1,1,1,0,1,50,child
202000043441,20,5,2020,0 days 18:30:00,1,92,92004,2,1,1,6,GAMBETTA (RUE),"48,9097300","2,2928400",1,1,1,1988.0,9,2,0,-1,A01,1,1,1,1,1,5,4,GAMBETTA (RUE),0.0,,1,1,1,1,1,1,0,1,50,adult
202000043475,20,10,2020,0 days 12:25:00,1,75,75115,2,1,2,3,RUE DU COMMERCE,"48,8457170","2,2947810",1,4,2,1958.0,9,8,0,-1,A01,1,0,2,7,1,5,4,,0.0,,1,1,0,1,1,2,0,1,50,child
202000043475,20,10,2020,0 days 12:25:00,1,75,75115,2,1,2,3,RUE DU COMMERCE,"48,8457170","2,2947810",1,1,1,1979.0,9,8,0,-1,A01,1,0,2,7,1,5,4,,0.0,,1,1,0,1,1,2,0,1,50,adult
202000043480,23,10,2020,0 days 13:50:00,1,75,75111,2,5,1,3,AVENUE LEDRU ROLLIN,"48,8513030","2,3761490",2,1,2,1958.0,5,1,0,-1,B01,2,0,2,1,7,5,4,,0.0,,2,3,3,1,1,1,-1,6,50,child
202000043480,23,10,2020,0 days 13:50:00,1,75,75111,2,5,1,3,AVENUE LEDRU ROLLIN,"48,8513030","2,3761490",1,1,1,1962.0,5,1,0,-1,B01,2,0,2,1,7,5,4,,0.0,,2,3,3,1,1,1,-1,6,50,adult
202000043480,23,10,2020,0 days 13:50:00,1,75,75111,2,5,1,3,AVENUE LEDRU ROLLIN,"48,8513030","2,3761490",1,4,1,1983.0,1,2,0,-1,B01,2,0,2,1,7,5,4,,0.0,,2,3,3,1,1,1,-1,6,50,adult
202000043488,25,5,2020,0 days 11:37:00,1,77,77248,2,3,1,3,D89 - D45A,"48,9093118","2,7809468",1,4,1,1953.0,5,2,6,-1,B01,2,0,2,1,1,5,3,89,-1.0,,2,2,0,1,1,1,0,1,50,child
202000043488,25,5,2020,0 days 11:37:00,1,77,77248,2,3,1,3,D89 - D45A,"48,9093118","2,7809468",1,1,2,1975.0,5,1,-1,-1,B01,2,0,2,1,1,5,3,89,-1.0,,2,2,0,1,1,1,0,1,50,adult
202000043508,26,5,2020,0 days 13:00:00,1,64,64421,2,3,1,1,7 Rue du Pont de Salles,"43,1486930"," -0,5060750",1,4,2,1950.0,5,0,-1,-1,B01,1,0,2,1,1,5,4,,-1.0,,2,2,0,1,1,1,0,1,50,child
202000043508,26,5,2020,0 days 13:00:00,1,64,64421,2,3,1,1,7 Rue du Pont de Salles,"43,1486930"," -0,5060750",1,1,2,1979.0,4,1,-1,-1,B01,1,0,2,1,1,5,4,,-1.0,,2,2,0,1,1,1,0,1,50,adult
202000043513,25,5,2020,0 days 11:00:00,1,60,60674,1,1,1,1,carrefour du marais - RD 14,"49,3923810","2,9181790",1,3,1,1942.0,5,0,-1,-1,B01,2,0,2,3,1,5,9,,-1.0,,2,2,1,2,1,1,0,5,80,child
202000043513,25,5,2020,0 days 11:00:00,1,60,60674,1,1,1,1,carrefour du marais - RD 14,"49,3923810","2,9181790",1,1,1,1978.0,5,0,-1,-1,B01,2,0,2,3,1,5,9,,-1.0,,2,2,1,2,1,1,0,5,80,adult
202000043550,24,10,2020,0 days 16:45:00,1,05,05130,1,1,1,1,2133 Rue du Rocher,"44,5562430","6,3633370",1,1,1,1947.0,5,2,6,-1,B01,2,0,9,0,1,5,3,9,0.0,D,2,2,0,1,4,1,0,3,80,child
202000043550,24,10,2020,0 days 16:45:00,1,05,05130,1,1,1,1,2133 Rue du Rocher,"44,5562430","6,3633370",1,4,2,1989.0,5,0,-1,-1,B01,2,0,9,0,1,5,3,9,0.0,D,2,2,0,1,4,1,0,3,80,adult
202000043572,24,10,2020,0 days 16:20:00,1,38,38205,1,1,1,1,Route Forestière de Servagnet,"45,1237900","5,5569500",1,1,1,1975.0,5,1,-1,-1,B01,3,0,2,1,13,5,5,,-1.0,,2,2,0,2,3,9,0,1,-1,child
202000043572,24,10,2020,0 days 16:20:00,1,38,38205,1,1,1,1,Route Forestière de Servagnet,"45,1237900","5,5569500",2,1,2,1976.0,5,1,-1,-1,B01,3,0,2,1,13,5,5,,-1.0,,2,2,0,2,3,9,0,1,-1,adult
202000043572,24,10,2020,0 days 16:20:00,1,38,38205,1,1,1,1,Route Forestière de Servagnet,"45,1237900","5,5569500",1,2,1,2007.0,5,2,-1,-1,B01,3,0,2,1,13,5,5,,-1.0,,2,2,0,2,3,9,0,1,-1,adult
202000043596,22,10,2020,0 days 20:00:00,5,95,95252,2,3,1,1,MAURICE DALESME (RUE),"48,9924100","2,2374000",1,4,2,1972.0,1,2,8,-1,B01,2,0,2,1,1,5,4,MAURICE DALESME (RUE),0.0,,1,1,1,1,1,1,0,1,50,child
202000043596,22,10,2020,0 days 20:00:00,5,95,95252,2,3,1,1,MAURICE DALESME (RUE),"48,9924100","2,2374000",1,1,1,2000.0,5,1,0,-1,B01,2,0,2,1,1,5,4,MAURICE DALESME (RUE),0.0,,1,1,1,1,1,1,0,1,50,adult
202000043607,21,10,2020,0 days 16:35:00,1,64,64445,2,1,1,3,LYAUTEY,"43,3044000"," -0,3674000",1,1,2,1995.0,1,1,0,-1,B01,1,0,2,8,19,5,4,LYAUTEY,0.0,,1,1,0,1,3,1,0,1,30,child
202000043607,21,10,2020,0 days 16:35:00,1,64,64445,2,1,1,3,LYAUTEY,"43,3044000"," -0,3674000",1,4,2,2016.0,0,2,0,-1,B01,1,0,2,8,19,5,4,LYAUTEY,0.0,,1,1,0,1,3,1,0,1,30,adult
202000043647,22,10,2020,0 days 07:20:00,1,75,75110,2,2,1,6,BOULEVARD DE MAGENTA,"48,8785840","2,3540430",3,4,2,1967.0,9,0,-1,-1,A01,3,0,1,3,1,5,4,,0.0,,3,2,2,1,1,2,-1,5,50,child
202000043647,22,10,2020,0 days 07:20:00,1,75,75110,2,2,1,6,BOULEVARD DE MAGENTA,"48,8785840","2,3540430",1,1,2,1993.0,1,8,0,-1,A01,3,0,1,3,1,5,4,,0.0,,3,2,2,1,1,2,-1,5,50,adult
202000043724,1,12,2020,0 days 10:24:00,1,44,44109,2,3,8,3,RUE FRANCOIS FARINEAU,"47,2271900"," -1,5456400",1,3,2,1938.0,3,2,0,-1,B01,3,0,2,1,1,0,4,,0.0,,2,2,1,2,1,2,0,1,50,child
202000043724,1,12,2020,0 days 10:24:00,1,44,44109,2,3,8,3,RUE FRANCOIS FARINEAU,"47,2271900"," -1,5456400",1,1,2,1983.0,5,8,0,-1,B01,3,0,2,1,1,0,4,,0.0,,2,2,1,2,1,2,0,1,50,adult
202000043733,4,12,2020,0 days 18:20:00,5,33,33069,2,6,2,3,AVE MAL DE LATTRE DE TASSIGNY,"44,8635500"," -0,6064000",1,4,2,1978.0,0,8,-1,-1,B01,1,0,2,1,1,5,4,AVE MAL DE LATTRE DE TASSIGNY,0.0,,2,2,0,1,1,2,0,1,30,child
202000043733,4,12,2020,0 days 18:20:00,5,33,33069,2,6,2,3,AVE MAL DE LATTRE DE TASSIGNY,"44,8635500"," -0,6064000",1,1,1,1980.0,0,1,-1,-1,B01,1,0,2,1,1,5,4,AVE MAL DE LATTRE DE TASSIGNY,0.0,,2,2,0,1,1,2,0,1,30,adult
202000043733,4,12,2020,0 days 18:20:00,5,33,33069,2,6,2,3,AVE MAL DE LATTRE DE TASSIGNY,"44,8635500"," -0,6064000",2,4,2,2012.0,0,8,-1,-1,B01,1,0,2,1,1,5,4,AVE MAL DE LATTRE DE TASSIGNY,0.0,,2,2,0,1,1,2,0,1,30,adult
202000043759,4,12,2020,0 days 16:15:00,2,75,75105,2,3,2,6,QUAI SAINT BERNARD,"48,8468460","2,3609800",1,4,1,1951.0,5,2,0,-1,A01,1,0,1,4,1,5,4,,0.0,,2,5,1,1,1,2,-1,5,30,child
202000043759,4,12,2020,0 days 16:15:00,2,75,75105,2,3,2,6,QUAI SAINT BERNARD,"48,8468460","2,3609800",3,1,1,1999.0,9,0,-1,-1,A01,1,0,1,4,1,5,4,,0.0,,2,5,1,1,1,2,-1,5,30,adult
202000043801,4,12,2020,0 days 15:30:00,1,92,92026,2,1,1,3,ALMA,"48,8968000","2,2546500",1,1,1,1971.0,0,1,0,-1,B01,2,1,0,1,13,5,3,9,0.0,,2,4,1,1,1,1,0,1,50,child
202000043801,4,12,2020,0 days 15:30:00,1,92,92026,2,1,1,3,ALMA,"48,8968000","2,2546500",1,4,1,1992.0,0,2,-1,-1,B01,2,1,0,1,13,5,3,9,0.0,,2,4,1,1,1,1,0,1,50,adult
202000043826,4,12,2020,0 days 18:45:00,5,973,97309,1,6,1,1,Avenue Gaston Monnerville,"4,8876280"," -52,2848310",1,1,1,1964.0,0,1,-1,-1,B01,1,0,0,8,0,5,3,0002,-1.0,,1,1,0,1,3,1,0,1,50,child
202000043826,4,12,2020,0 days 18:45:00,5,973,97309,1,6,1,1,Avenue Gaston Monnerville,"4,8876280"," -52,2848310",1,4,2,2005.0,0,0,-1,-1,B01,1,0,0,8,0,5,3,0002,-1.0,,1,1,0,1,3,1,0,1,50,adult
202000043831,5,12,2020,0 days 13:30:00,1,38,38487,1,1,1,1,Chemin des Combes,"45,5686230","4,8373530",1,3,1,1968.0,5,2,-1,-1,A01,0,0,2,1,1,5,4,,0.0,,2,2,0,2,3,2,0,1,50,child
202000043831,5,12,2020,0 days 13:30:00,1,38,38487,1,1,1,1,Chemin des Combes,"45,5686230","4,8373530",1,1,1,1994.0,5,2,-1,-1,A01,0,0,2,1,1,5,4,,0.0,,2,2,0,2,3,2,0,1,50,adult
202000043871,3,12,2020,0 days 06:45:00,1,973,97302,2,1,1,3,MADELEINE (ROUTE DE LA),"4,9166773"," -52,3214865",1,1,2,1972.0,0,1,8,-1,A01,1,0,2,8,5,0,3,0017,0.0,,2,2,0,1,1,1,0,1,50,child
202000043871,3,12,2020,0 days 06:45:00,1,973,97302,2,1,1,3,MADELEINE (ROUTE DE LA),"4,9166773"," -52,3214865",1,4,2,2005.0,0,8,0,-1,A01,1,0,2,8,5,0,3,0017,0.0,,2,2,0,1,1,1,0,1,50,adult
202000043912,21,9,2020,0 days 08:30:00,1,72,72095,2,7,1,3,GIRONDE (RUE DE LA),"48,0254300","0,2049600",1,1,1,1970.0,1,1,0,-1,A01,1,0,2,1,5,5,4,GIRONDE (RUE DE LA),0.0,,-1,2,0,1,1,1,0,1,50,child
202000043912,21,9,2020,0 days 08:30:00,1,72,72095,2,7,1,3,GIRONDE (RUE DE LA),"48,0254300","0,2049600",1,4,1,2009.0,0,8,0,-1,A01,1,0,2,1,5,5,4,GIRONDE (RUE DE LA),0.0,,-1,2,0,1,1,1,0,1,50,adult
202000043935,13,9,2020,0 days 10:25:00,1,44,44184,2,2,1,3,PORNICHET (RUE DE) DU 01 AU 101 - DU 02,"47,2700200"," -2,2172900",1,1,2,1948.0,5,8,0,-1,B01,2,0,2,8,1,5,4,,0.0,,2,2,0,1,1,1,0,8,50,child
202000043935,13,9,2020,0 days 10:25:00,1,44,44184,2,2,1,3,PORNICHET (RUE DE) DU 01 AU 101 - DU 02,"47,2700200"," -2,2172900",1,4,1,1970.0,5,8,0,-1,B01,2,0,2,8,1,5,4,,0.0,,2,2,0,1,1,1,0,8,50,adult
202000043977,21,9,2020,0 days 19:10:00,2,75,75115,2,2,1,5,RUE DE LA CONVENTION,"48,8453460","2,2785690",1,1,1,1959.0,9,8,0,-1,A01,1,0,2,1,1,5,4,,0.0,,2,4,3,1,1,1,0,1,50,child
202000043977,21,9,2020,0 days 19:10:00,2,75,75115,2,2,1,5,RUE DE LA CONVENTION,"48,8453460","2,2785690",1,1,1,1972.0,4,1,0,-1,A01,1,0,2,1,1,5,4,,0.0,,2,4,3,1,1,1,0,1,50,adult
202000043977,21,9,2020,0 days 19:10:00,2,75,75115,2,2,1,5,RUE DE LA CONVENTION,"48,8453460","2,2785690",1,4,2,2003.0,9,8,0,-1,A01,1,0,2,1,1,5,4,,0.0,,2,4,3,1,1,1,0,1,50,adult
202000043978,22,9,2020,0 days 17:40:00,1,75,75114,2,4,1,3,RUE ACHILLE LUCHAIRE,"48,8240890","2,3212840",1,1,1,1937.0,5,1,0,-1,B01,1,0,2,3,1,5,4,,0.0,,1,1,0,1,1,1,-1,5,30,child
202000043978,22,9,2020,0 days 17:40:00,1,75,75114,2,4,1,3,RUE ACHILLE LUCHAIRE,"48,8240890","2,3212840",2,1,2,1939.0,5,1,0,-1,B01,1,0,2,3,1,5,4,,0.0,,1,1,0,1,1,1,-1,5,30,adult
202000043978,22,9,2020,0 days 17:40:00,1,75,75114,2,4,1,3,RUE ACHILLE LUCHAIRE,"48,8240890","2,3212840",1,4,2,1961.0,9,8,0,-1,B01,1,0,2,3,1,5,4,,0.0,,1,1,0,1,1,1,-1,5,30,adult
202000043979,22,9,2020,0 days 09:05:00,1,75,75114,2,1,1,1,AVENUE DE LA PORTE DE MONTROUGE,"48,8214530","2,3216520",1,4,2,1977.0,1,8,0,-1,B01,3,0,2,1,1,5,4,,0.0,,2,1,1,1,1,1,-1,5,50,child
202000043979,22,9,2020,0 days 09:05:00,1,75,75114,2,1,1,1,AVENUE DE LA PORTE DE MONTROUGE,"48,8214530","2,3216520",1,1,1,2001.0,2,8,0,-1,B01,3,0,2,1,1,5,4,,0.0,,2,1,1,1,1,1,-1,5,50,adult
202000043982,22,9,2020,0 days 09:40:00,1,75,75113,2,3,1,3,AVENUE DE CHOISY,"48,8284810","2,3581020",1,1,1,1969.0,9,1,0,-1,A01,2,0,2,3,1,5,4,,0.0,,-1,2,0,1,1,1,0,1,50,child
202000043982,22,9,2020,0 days 09:40:00,1,75,75113,2,3,1,3,AVENUE DE CHOISY,"48,8284810","2,3581020",1,4,2,1990.0,1,8,0,-1,A01,2,0,2,3,1,5,4,,0.0,,-1,2,0,1,1,1,0,1,50,adult
202000043993,22,9,2020,0 days 08:30:00,1,75,75103,2,2,1,3,RUE DE BRETAGNE,"48,8622890","2,3637340",1,4,2,1966.0,9,2,0,-1,A01,1,0,2,2,1,5,4,,0.0,,1,1,0,1,1,1,0,1,30,child
202000043993,22,9,2020,0 days 08:30:00,1,75,75103,2,2,1,3,RUE DE BRETAGNE,"48,8622890","2,3637340",1,1,1,1991.0,9,2,0,-1,A01,1,0,2,2,1,5,4,,0.0,,1,1,0,1,1,1,0,1,30,adult
202000044069,23,9,2020,0 days 15:40:00,1,31,31458,2,1,1,3,20 Chemin des Cujalas,"43,5040290","1,3471450",1,1,1,1961.0,4,1,-1,-1,B01,0,0,2,8,1,5,4,,0.0,,2,2,0,1,1,1,0,1,50,child
202000044069,23,9,2020,0 days 15:40:00,1,31,31458,2,1,1,3,20 Chemin des Cujalas,"43,5040290","1,3471450",1,3,2,2015.0,5,0,-1,-1,B01,0,0,2,8,1,5,4,,0.0,,2,2,0,1,1,1,0,1,50,adult
202000044095,10,3,2020,0 days 18:55:00,5,75,75109,2,2,1,6,RUE LA FAYETTE,"48,8772060","2,3489930",3,4,2,1950.0,9,0,-1,-1,A01,2,0,1,2,2,5,4,,0.0,,1,2,2,2,1,1,0,5,50,child
202000044095,10,3,2020,0 days 18:55:00,5,75,75109,2,2,1,6,RUE LA FAYETTE,"48,8772060","2,3489930",1,4,1,1979.0,1,8,0,-1,A01,2,0,1,2,2,5,4,,0.0,,1,2,2,2,1,1,0,5,50,adult
202000044143,10,3,2020,0 days 14:45:00,1,04,04230,1,1,1,2,RD 6,"43,8318140","5,9514840",1,3,1,1944.0,5,0,-1,-1,A01,2,1,0,1,1,5,3,6,-1.0,,2,2,0,2,1,1,0,1,80,child
202000044143,10,3,2020,0 days 14:45:00,1,04,04230,1,1,1,2,RD 6,"43,8318140","5,9514840",1,1,1,1981.0,5,1,-1,-1,A01,2,1,0,1,1,5,3,6,-1.0,,2,2,0,2,1,1,0,1,80,adult
202000044179,9,3,2020,0 days 19:14:00,3,973,97302,1,9,1,3,ROUTE NATIONALE 1,"4,9305198"," -52,3296189",1,4,2,1947.0,3,1,0,-1,A01,1,0,2,8,1,5,2,0001,0.0,,1,2,0,1,2,1,0,1,50,child
202000044179,9,3,2020,0 days 19:14:00,3,973,97302,1,9,1,3,ROUTE NATIONALE 1,"4,9305198"," -52,3296189",1,4,1,1982.0,0,8,0,-1,A01,1,0,2,8,1,5,2,0001,0.0,,1,2,0,1,2,1,0,1,50,adult
202000044213,9,3,2020,0 days 14:35:00,1,83,83034,2,1,1,3,ROUTE DE LA BENOITE,"43,0903500","6,0769800",1,1,2,1934.0,5,8,0,-1,B01,1,0,2,1,1,6,4,,0.0,,2,1,0,2,1,1,0,1,50,child
202000044213,9,3,2020,0 days 14:35:00,1,83,83034,2,1,1,3,ROUTE DE LA BENOITE,"43,0903500","6,0769800",1,4,2,1967.0,4,2,8,-1,B01,1,0,2,1,1,6,4,,0.0,,2,1,0,2,1,1,0,1,50,adult
202000044239,25,6,2020,0 days 13:40:00,1,77,77111,2,1,1,-1,GRAND FOSSE ( BOULEVARD ) - D344,"48,8550900","2,7712100",1,1,1,1962.0,0,1,0,-1,B01,0,0,2,3,19,5,3,344,0.0,,3,2,0,1,1,1,0,1,50,child
202000044239,25,6,2020,0 days 13:40:00,1,77,77111,2,1,1,-1,GRAND FOSSE ( BOULEVARD ) - D344,"48,8550900","2,7712100",1,3,1,2005.0,5,8,0,-1,B01,0,0,2,3,19,5,3,344,0.0,,3,2,0,1,1,1,0,1,50,adult
202000044262,25,6,2020,0 days 21:35:00,1,66,66136,2,1,1,3,JUIN (AVENUE DU MARECHAL),"42,6878800","2,8984500",1,1,2,1953.0,9,1,0,-1,B01,1,0,2,1,17,2,4,JUIN (AVENUE DU MARECHAL),0.0,,2,2,0,1,1,1,0,1,50,child
202000044262,25,6,2020,0 days 21:35:00,1,66,66136,2,1,1,3,JUIN (AVENUE DU MARECHAL),"42,6878800","2,8984500",1,4,2,1992.0,9,2,0,-1,B01,1,0,2,1,17,2,4,JUIN (AVENUE DU MARECHAL),0.0,,2,2,0,1,1,1,0,1,50,adult
202000044263,25,6,2020,0 days 20:45:00,5,64,64445,2,2,2,3,ALSACE LORRAINE D',"43,3024000"," -0,3604400",1,1,1,1964.0,0,1,8,-1,A01,2,0,2,7,5,5,4,,0.0,,2,2,1,1,1,2,0,1,50,child
202000044263,25,6,2020,0 days 20:45:00,5,64,64445,2,2,2,3,ALSACE LORRAINE D',"43,3024000"," -0,3604400",1,4,1,1999.0,0,2,0,-1,A01,2,0,2,7,5,5,4,,0.0,,2,2,1,1,1,2,0,1,50,adult
202000044286,25,6,2020,0 days 11:20:00,1,42,42187,2,1,1,5,Boulevard Edgar Quinet,"46,0483455","4,0799055",1,3,1,1944.0,5,8,0,-1,C01,1,0,2,4,26,6,4,,0.0,,2,2,0,1,1,1,0,1,50,child
202000044286,25,6,2020,0 days 11:20:00,1,42,42187,2,1,1,5,Boulevard Edgar Quinet,"46,0483455","4,0799055",1,1,1,1947.0,9,8,0,-1,C01,1,0,2,4,26,6,4,,0.0,,2,2,0,1,1,1,0,1,50,adult
202000044286,25,6,2020,0 days 11:20:00,1,42,42187,2,1,1,5,Boulevard Edgar Quinet,"46,0483455","4,0799055",1,1,1,1971.0,4,1,0,-1,C01,1,0,2,4,26,6,4,,0.0,,2,2,0,1,1,1,0,1,50,adult
202000044287,26,6,2020,0 days 17:51:00,1,37,37208,2,1,1,-1,BEAUGAILLARD (RUE),"47,3605783","0,7211493",1,1,2,1969.0,4,1,0,-1,B01,2,0,2,1,25,5,4,,0.0,,2,2,0,2,1,1,0,4,50,child
202000044287,26,6,2020,0 days 17:51:00,1,37,37208,2,1,1,-1,BEAUGAILLARD (RUE),"47,3605783","0,7211493",1,4,2,1992.0,5,2,0,-1,B01,2,0,2,1,25,5,4,,0.0,,2,2,0,2,1,1,0,4,50,adult
202000044355,26,8,2020,0 days 22:20:00,5,75,75113,2,3,1,3,RUE DARMESTETER,"48,8233930","2,3750250",1,1,1,1968.0,4,1,0,-1,B01,2,0,2,1,9,5,4,,0.0,,2,2,0,2,3,1,0,1,50,child