Num_Acc,jour,mois,an,hrmn,lum,dep,com,agg,int,atm,col,adr,lat,long,catu,grav,sexe,an_nais,trajet,secu1,secu2,secu3,num_veh_y,senc,obs,obsm,choc,manv,motor,catr,voie,v1,v2,circ,nbv,vosp,prof,plan,surf,infra,situ,vma,age
202000046897,24,8,2020,0 days 11:40:00,1,52,52448,2,6,1,-1,ROND POINT DES BAS FOURNEAUX,"48,6263610","4,9633950",1,1,1,1995.0,0,1,0,-1,B01,3,0,2,1,1,5,4,,0.0,,1,1,1,1,2,1,5,5,50,adult
202000046925,29,11,2020,0 days 15:20:00,1,25,25056,2,2,1,3,DOLE RUE DE (sup 200),"47,2294300","5,9905600",1,1,1,1970.0,0,1,0,-1,A01,1,0,2,2,26,5,4,,0.0,,2,2,1,1,1,1,5,1,50,child
202000046925,29,11,2020,0 days 15:20:00,1,25,25056,2,2,1,3,DOLE RUE DE (sup 200),"47,2294300","5,9905600",1,4,1,1998.0,5,8,0,-1,A01,1,0,2,2,26,5,4,,0.0,,2,2,1,1,1,1,5,1,50,adult
202000046965,5,10,2020,0 days 22:15:00,5,59,59350,2,3,1,3,SOLFERINO RUE N°2 - 108,"50,6321100","3,0531800",1,1,1,1967.0,5,1,0,-1,B01,3,0,2,3,2,5,4,SOLFERINO RUE N°2 - 108,0.0,,2,2,2,1,1,1,0,1,50,child
202000046965,5,10,2020,0 days 22:15:00,5,59,59350,2,3,1,3,SOLFERINO RUE N°2 - 108,"50,6321100","3,0531800",1,4,1,1996.0,5,8,0,-1,B01,3,0,2,3,2,5,4,SOLFERINO RUE N°2 - 108,0.0,,2,2,2,1,1,1,0,1,50,adult
202000047011,24,7,2020,0 days 07:53:00,1,37,37261,2,3,1,-1,PROUDHON (AVENUE),"47,3942116","0,6672475",1,4,2,1938.0,5,8,0,-1,B01,1,0,2,8,1,5,3,751,0.0,,2,2,0,1,1,1,0,1,50,child
202000047011,24,7,2020,0 days 07:53:00,1,37,37261,2,3,1,-1,PROUDHON (AVENUE),"47,3942116","0,6672475",1,1,1,1960.0,5,1,0,-1,B01,1,0,2,8,1,5,3,751,0.0,,2,2,0,1,1,1,0,1,50,adult
202000047031,1,12,2020,0 days 12:05:00,1,75,75108,2,3,1,4,RUE DE ROME,"48,8771990","2,3230610",1,1,1,1976.0,4,1,0,-1,B01,1,0,2,9,13,5,4,,0.0,,2,4,3,2,1,1,-1,6,50,child
202000047031,1,12,2020,0 days 12:05:00,1,75,75108,2,3,1,4,RUE DE ROME,"48,8771990","2,3230610",1,1,1,1977.0,4,1,0,-1,B01,1,0,2,9,13,5,4,,0.0,,2,4,3,2,1,1,-1,6,50,adult
202000047031,1,12,2020,0 days 12:05:00,1,75,75108,2,3,1,4,RUE DE ROME,"48,8771990","2,3230610",1,3,2,2004.0,9,2,0,-1,B01,1,0,2,9,13,5,4,,0.0,,2,4,3,2,1,1,-1,6,50,adult
202000047032,24,7,2020,0 days 17:55:00,1,35,35238,2,1,1,3,ROPARTZ (GUY),"48,1301960"," -1,6561270",1,4,1,1974.0,5,8,0,-1,B01,3,0,2,2,19,5,9,ROPARTZ (GUY),0.0,,2,2,2,1,1,1,0,8,30,child
202000047032,24,7,2020,0 days 17:55:00,1,35,35238,2,1,1,3,ROPARTZ (GUY),"48,1301960"," -1,6561270",1,3,1,2012.0,5,8,0,-1,B01,3,0,2,2,19,5,9,ROPARTZ (GUY),0.0,,2,2,2,1,1,1,0,8,30,adult
202000047048,2,12,2020,0 days 13:30:00,1,75,75120,2,3,1,3,BOULEVARD DAVOUT,"48,8512810","2,4110190",1,1,2,1975.0,5,1,0,-1,A01,2,0,2,8,1,5,4,,0.0,,3,2,0,2,1,1,0,1,50,child
202000047048,2,12,2020,0 days 13:30:00,1,75,75120,2,3,1,3,BOULEVARD DAVOUT,"48,8512810","2,4110190",1,4,1,1998.0,9,2,0,-1,A01,2,0,2,8,1,5,4,,0.0,,3,2,0,2,1,1,0,1,50,adult
202000047101,8,6,2020,0 days 16:20:00,1,05,05061,2,1,1,6,CONTRE ALLEE LATY,"44,5539300","6,0733300",3,4,2,1953.0,5,0,-1,-1,A01,1,0,1,7,1,5,4,CONTRE ALLEE LATY,0.0,,2,3,1,1,1,1,6,5,20,child
202000047101,8,6,2020,0 days 16:20:00,1,05,05061,2,1,1,6,CONTRE ALLEE LATY,"44,5539300","6,0733300",1,1,1,1975.0,1,2,0,-1,A01,1,0,1,7,1,5,4,CONTRE ALLEE LATY,0.0,,2,3,1,1,1,1,6,5,20,adult
202000047115,2,12,2020,0 days 16:20:00,1,75,75113,2,4,8,1,QUAI D IVRY,"48,8257070","2,3869720",1,4,1,1961.0,9,2,0,-1,A01,1,0,2,1,13,5,4,,0.0,,2,2,1,1,1,1,-1,5,50,child
202000047115,2,12,2020,0 days 16:20:00,1,75,75113,2,4,8,1,QUAI D IVRY,"48,8257070","2,3869720",1,1,1,1994.0,9,2,0,-1,A01,1,0,2,1,13,5,4,,0.0,,2,2,1,1,1,1,-1,5,50,adult
202000047118,20,10,2020,0 days 12:30:00,1,35,35238,2,9,1,3,DE LATTRE DE TASSIGNY (BD MARECHAL),"48,1113400"," -1,6867600",1,1,2,1981.0,4,1,0,-1,B01,3,0,2,1,1,0,4,DE LATTRE DE TASSIGNY (BD MARECHAL),0.0,,1,1,0,1,1,1,9,1,30,child
202000047118,20,10,2020,0 days 12:30:00,1,35,35238,2,9,1,3,DE LATTRE DE TASSIGNY (BD MARECHAL),"48,1113400"," -1,6867600",1,4,2,2004.0,9,8,0,-1,B01,3,0,2,1,1,0,4,DE LATTRE DE TASSIGNY (BD MARECHAL),0.0,,1,1,0,1,1,1,9,1,30,adult
202000047124,2,12,2020,0 days 18:35:00,2,75,75107,2,2,1,3,BOULEVARD SAINT GERMAIN,"48,8599430","2,3217690",1,4,1,1949.0,1,2,0,-1,A01,2,0,2,3,13,5,4,,0.0,,1,4,3,1,1,2,-1,6,50,child
202000047124,2,12,2020,0 days 18:35:00,2,75,75107,2,2,1,3,BOULEVARD SAINT GERMAIN,"48,8599430","2,3217690",1,1,1,1982.0,4,1,0,-1,A01,2,0,2,3,13,5,4,,0.0,,1,4,3,1,1,2,-1,6,50,adult
202000047184,24,7,2020,0 days 07:40:00,1,17,17300,2,3,7,3,Avenue Denfert Rochereau,"46,1651880"," -1,1927400",1,1,1,1964.0,1,1,8,-1,Y01,1,0,2,3,1,5,4,avenue Denfert Rochereau,0.0,,1,1,1,1,2,1,9,1,50,child
202000047184,24,7,2020,0 days 07:40:00,1,17,17300,2,3,7,3,Avenue Denfert Rochereau,"46,1651880"," -1,1927400",1,4,1,2002.0,1,8,0,-1,Y01,1,0,2,3,1,5,4,avenue Denfert Rochereau,0.0,,1,1,1,1,2,1,9,1,50,adult
202000047219,2,2,2020,0 days 06:10:00,5,76,76540,2,2,1,3,GAMBETTA. BOULEVARD LEON,"49,4378400","1,1052500",1,1,2,1963.0,1,1,0,-1,A01,0,0,2,1,15,5,4,GAMBETTA. BOULEVARD LEON,0.0,,2,2,0,1,1,1,0,1,30,child
202000047219,2,2,2020,0 days 06:10:00,5,76,76540,2,2,1,3,GAMBETTA. BOULEVARD LEON,"49,4378400","1,1052500",1,4,1,1996.0,1,8,8,-1,A01,0,0,2,1,15,5,4,GAMBETTA. BOULEVARD LEON,0.0,,2,2,0,1,1,1,0,1,30,adult
202000047243,31,1,2020,0 days 18:40:00,5,67,67482,2,1,1,3,GENERAL DE GAULLE (AVENUE DU),"48,5773410","7,7693600",1,3,2,1964.0,0,0,0,-1,B01,2,0,2,1,19,5,4,,0.0,,3,6,1,1,1,1,-1,1,50,child
202000047243,31,1,2020,0 days 18:40:00,5,67,67482,2,1,1,3,GENERAL DE GAULLE (AVENUE DU),"48,5773410","7,7693600",1,1,2,1993.0,0,1,8,-1,B01,2,0,2,1,19,5,4,,0.0,,3,6,1,1,1,1,-1,1,50,adult
202000047246,23,7,2020,0 days 07:30:00,1,13,13211,2,2,1,3,MILLIERE (BOULEVARD DE LA ),"43,2835000","5,4994000",1,4,1,1945.0,5,2,0,-1,A01,1,0,2,8,17,5,4,MILLIERE (BOULEVARD DE LA ),0.0,,2,2,0,1,1,1,0,1,50,child
202000047246,23,7,2020,0 days 07:30:00,1,13,13211,2,2,1,3,MILLIERE (BOULEVARD DE LA ),"43,2835000","5,4994000",1,1,1,1976.0,1,1,8,-1,A01,1,0,2,8,17,5,4,MILLIERE (BOULEVARD DE LA ),0.0,,2,2,0,1,1,1,0,1,50,adult
202000047259,1,1,2020,0 days 16:30:00,1,42,42332,1,1,7,3,Chemin du Halage,"46,0159200","4,0535680",1,3,1,1980.0,5,2,-1,-1,B01,1,0,2,8,2,5,3,84,-1.0,,2,2,0,1,1,1,0,1,80,child
202000047259,1,1,2020,0 days 16:30:00,1,42,42332,1,1,7,3,Chemin du Halage,"46,0159200","4,0535680",1,1,1,2001.0,5,8,-1,-1,B01,1,0,2,8,2,5,3,84,-1.0,,2,2,0,1,1,1,0,1,80,adult
202000047330,20,10,2020,0 days 16:40:00,1,75,75114,2,1,2,3,AVENUE DENFERT ROCHEREAU,"48,8378840","2,3357990",1,4,2,1964.0,9,8,0,-1,B01,1,0,2,1,1,5,4,,0.0,,1,3,1,1,1,2,-1,5,50,child
202000047330,20,10,2020,0 days 16:40:00,1,75,75114,2,1,2,3,AVENUE DENFERT ROCHEREAU,"48,8378840","2,3357990",1,1,1,2001.0,1,8,8,-1,B01,1,0,2,1,1,5,4,,0.0,,1,3,1,1,1,2,-1,5,50,adult
202000047342,23,8,2020,0 days 19:35:00,1,41,41161,1,4,1,3,D44,"47,5443950","2,0740340",1,1,1,1977.0,5,8,-1,-1,B01,1,0,2,1,26,5,3,44,-1.0,,2,2,0,1,2,1,0,1,80,child
202000047342,23,8,2020,0 days 19:35:00,1,41,41161,1,4,1,3,D44,"47,5443950","2,0740340",1,3,1,2014.0,5,8,-1,-1,B01,1,0,2,1,26,5,3,44,-1.0,,2,2,0,1,2,1,0,1,80,adult
202000047345,20,5,2020,0 days 19:59:00,1,64,64024,2,1,7,2,BAB (BOULEVARD DU),"43,4976000"," -1,5044900",1,1,1,1946.0,4,1,4,-1,B01,1,0,2,4,1,5,4,,0.0,,2,4,0,1,1,1,0,1,50,child
202000047345,20,5,2020,0 days 19:59:00,1,64,64024,2,1,7,2,BAB (BOULEVARD DU),"43,4976000"," -1,5044900",1,4,1,1992.0,5,2,6,-1,B01,1,0,2,4,1,5,4,,0.0,,2,4,0,1,1,1,0,1,50,adult
202000047371,24,7,2020,0 days 19:40:00,1,75,75120,2,7,1,3,ECHANGEUR VINCENNES,"48,8469180","2,4150830",1,4,1,1969.0,9,2,6,-1,A01,2,0,2,7,5,5,4,,0.0,,1,1,1,1,1,1,-1,5,50,child
202000047371,24,7,2020,0 days 19:40:00,1,75,75120,2,7,1,3,ECHANGEUR VINCENNES,"48,8469180","2,4150830",1,1,1,1996.0,5,2,0,-1,A01,2,0,2,7,5,5,4,,0.0,,1,1,1,1,1,1,-1,5,50,adult
202000047380,24,7,2020,0 days 10:00:00,1,75,75119,2,3,1,3,AVENUE JEAN JAURES,"48,8887670","2,3930680",1,1,1,1967.0,1,1,0,-1,B01,2,0,2,1,1,5,4,,0.0,,2,3,1,1,1,1,-1,5,50,child
202000047380,24,7,2020,0 days 10:00:00,1,75,75119,2,3,1,3,AVENUE JEAN JAURES,"48,8887670","2,3930680",1,4,2,1989.0,1,2,0,-1,B01,2,0,2,1,1,5,4,,0.0,,2,3,1,1,1,1,-1,5,50,adult
202000047383,24,7,2020,0 days 16:39:00,1,75,75118,2,1,1,6,RUE DOUDEAUVILLE,"48,8883850","2,3526410",3,4,1,1953.0,3,0,-1,-1,A01,1,0,1,8,1,5,4,,0.0,,2,2,1,1,1,1,0,1,30,child
202000047383,24,7,2020,0 days 16:39:00,1,75,75118,2,1,1,6,RUE DOUDEAUVILLE,"48,8883850","2,3526410",1,1,1,1989.0,5,2,0,-1,A01,1,0,1,8,1,5,4,,0.0,,2,2,1,1,1,1,0,1,30,adult
202000047387,24,7,2020,0 days 11:20:00,1,75,75117,2,1,1,3,AVENUE DE LA GRANDE ARMEE,"48,8750890","2,2908990",1,4,1,1961.0,4,2,0,-1,B01,2,0,2,0,1,5,4,,0.0,,2,8,1,1,1,1,-1,5,50,child
202000047387,24,7,2020,0 days 11:20:00,1,75,75117,2,1,1,3,AVENUE DE LA GRANDE ARMEE,"48,8750890","2,2908990",1,1,1,1983.0,4,1,0,-1,B01,2,0,2,0,1,5,4,,0.0,,2,8,1,1,1,1,-1,5,50,adult
202000047397,24,7,2020,0 days 22:10:00,5,75,75112,2,3,1,3,RUE DE LYON,"48,8514360","2,3699140",1,1,1,1970.0,4,1,0,-1,B01,1,0,2,1,14,5,4,,0.0,,2,6,3,1,1,1,-1,6,50,child
202000047397,24,7,2020,0 days 22:10:00,5,75,75112,2,3,1,3,RUE DE LYON,"48,8514360","2,3699140",1,4,1,1999.0,1,2,0,-1,B01,1,0,2,1,14,5,4,,0.0,,2,6,3,1,1,1,-1,6,50,adult
202000047401,23,7,2020,0 days 14:30:00,1,75,75112,2,1,1,3,ROUTE DE LA FERME,"48,8221830","2,4545110",1,4,2,1943.0,5,2,0,-1,B01,1,0,2,1,1,5,4,,0.0,,2,2,0,2,1,1,0,1,50,child
202000047401,23,7,2020,0 days 14:30:00,1,75,75112,2,1,1,3,ROUTE DE LA FERME,"48,8221830","2,4545110",1,1,2,1992.0,1,1,0,-1,B01,1,0,2,1,1,5,4,,0.0,,2,2,0,2,1,1,0,1,50,adult
202000047410,3,12,2020,0 days 14:30:00,1,01,01027,1,3,1,3,D84 PR : 002+450 CROISSANT/ rue du stade,"45,8331950","5,1150370",1,2,1,1943.0,5,2,-1,-1,B01,2,0,2,8,19,5,3,84,0.0,,2,2,0,1,2,1,9,1,80,child
202000047410,3,12,2020,0 days 14:30:00,1,01,01027,1,3,1,3,D84 PR : 002+450 CROISSANT/ rue du stade,"45,8331950","5,1150370",1,1,1,1985.0,4,1,-1,-1,B01,2,0,2,8,19,5,3,84,0.0,,2,2,0,1,2,1,9,1,80,adult
202000047410,3,12,2020,0 days 14:30:00,1,01,01027,1,3,1,3,D84 PR : 002+450 CROISSANT/ rue du stade,"45,8331950","5,1150370",2,1,1,1996.0,4,1,-1,-1,B01,2,0,2,8,19,5,3,84,0.0,,2,2,0,1,2,1,9,1,80,adult
202000047422,26,8,2020,0 days 15:50:00,1,53,53161,2,3,1,-1,Rue de la Libération,"48,1404360"," -0,5556840",1,1,1,1939.0,5,1,-1,-1,B01,2,0,2,1,1,5,3,24,0.0,D,2,2,0,2,1,1,0,1,50,child
202000047422,26,8,2020,0 days 15:50:00,1,53,53161,2,3,1,-1,Rue de la Libération,"48,1404360"," -0,5556840",1,3,1,2003.0,5,2,9,-1,B01,2,0,2,1,1,5,3,24,0.0,D,2,2,0,2,1,1,0,1,50,adult
202000047425,17,10,2020,0 days 15:30:00,1,47,47015,2,3,1,1,RN 21,"44,0653620","0,6497170",1,1,1,1948.0,5,1,-1,-1,B01,2,0,2,1,1,5,2,21,-1.0,,2,2,0,2,1,1,0,1,50,child
202000047425,17,10,2020,0 days 15:30:00,1,47,47015,2,3,1,1,RN 21,"44,0653620","0,6497170",1,4,1,2006.0,5,2,6,9,B01,2,0,2,1,1,5,2,21,-1.0,,2,2,0,2,1,1,0,1,50,adult
202000047441,3,12,2020,0 days 08:30:00,1,45,45315,2,2,8,3,D948 PR 34 + 670,"47,7604130","2,3740450",1,1,2,1973.0,4,8,-1,-1,A01,2,0,2,7,15,5,3,948,0.0,,2,2,0,1,1,2,0,1,50,child
202000047441,3,12,2020,0 days 08:30:00,1,45,45315,2,2,8,3,D948 PR 34 + 670,"47,7604130","2,3740450",1,4,1,2012.0,2,2,-1,-1,A01,2,0,2,7,15,5,3,948,0.0,,2,2,0,1,1,2,0,1,50,adult
202000047475,21,5,2020,0 days 13:00:00,1,75,75119,2,4,1,3,RUE MANIN,"48,8814030","2,3807010",1,4,1,1961.0,9,8,0,-1,B01,1,0,2,1,17,5,4,,0.0,,2,2,0,1,1,1,0,1,50,child
202000047475,21,5,2020,0 days 13:00:00,1,75,75119,2,4,1,3,RUE MANIN,"48,8814030","2,3807010",1,1,1,1998.0,5,1,0,-1,B01,1,0,2,1,17,5,4,,0.0,,2,2,0,1,1,1,0,1,50,adult
202000047513,20,10,2020,0 days 14:00:00,1,47,47325,1,2,1,3,D120,"44,3837780","0,2982620",1,2,1,1940.0,5,0,-1,-1,B01,1,0,2,8,15,5,3,120,-1.0,,2,2,0,1,1,1,0,1,70,child
202000047513,20,10,2020,0 days 14:00:00,1,47,47325,1,2,1,3,D120,"44,3837780","0,2982620",1,1,1,1967.0,4,1,-1,-1,B01,1,0,2,8,15,5,3,120,-1.0,,2,2,0,1,1,1,0,1,70,adult
202000047532,20,10,2020,0 days 17:00:00,1,14,14614,2,1,1,3,D66,"49,2082663"," -1,0259610",2,1,1,1959.0,5,1,-1,-1,B01,2,0,2,3,15,5,3,66,-1.0,,2,2,0,1,1,1,0,1,50,child
202000047532,20,10,2020,0 days 17:00:00,1,14,14614,2,1,1,3,D66,"49,2082663"," -1,0259610",1,4,2,2007.0,5,0,-1,-1,B01,2,0,2,3,15,5,3,66,-1.0,,2,2,0,1,1,1,0,1,50,adult
202000047590,19,5,2020,0 days 18:50:00,1,56,56190,2,3,7,3,Rue Jean-pierre Calloc'h,"47,9717536"," -2,7402900",1,1,2,1959.0,5,1,-1,-1,B01,3,0,2,1,19,6,3,11,0.0,,3,2,0,2,1,1,0,1,50,child
202000047590,19,5,2020,0 days 18:50:00,1,56,56190,2,3,7,3,Rue Jean-pierre Calloc'h,"47,9717536"," -2,7402900",1,3,1,2011.0,5,2,-1,-1,B01,3,0,2,1,19,6,3,11,0.0,,3,2,0,2,1,1,0,1,50,adult
202000047602,25,7,2020,0 days 02:30:00,5,31,31182,1,1,1,1,1 Route de Lacourtensourt,"43,6714544","1,4004210",1,2,1,1967.0,5,0,-1,-1,B01,2,0,2,1,1,5,3,64,-1.0,,2,2,0,1,2,1,0,1,80,child
202000047602,25,7,2020,0 days 02:30:00,5,31,31182,1,1,1,1,1 Route de Lacourtensourt,"43,6714544","1,4004210",1,3,1,1992.0,5,2,6,-1,B01,2,0,2,1,1,5,3,64,-1.0,,2,2,0,1,2,1,0,1,80,adult
202000047656,30,11,2020,0 days 14:25:00,1,59,59360,2,1,1,3,FOCH RUE DU MARECHAL,"50,6154300","3,0193400",1,3,2,1960.0,0,8,0,-1,B01,1,1,0,3,1,5,7,FOCH RUE DU MARECHAL,0.0,,2,4,1,1,1,1,0,5,50,child
202000047656,30,11,2020,0 days 14:25:00,1,59,59360,2,1,1,3,FOCH RUE DU MARECHAL,"50,6154300","3,0193400",1,1,1,1991.0,4,8,0,-1,B01,1,1,0,3,1,5,7,FOCH RUE DU MARECHAL,0.0,,2,4,1,1,1,1,0,5,50,adult
202000047688,30,11,2020,0 days 17:38:00,1,49,49007,2,1,1,3,DAVIERS BOULEVARD,"47,4793100"," -0,5603400",1,1,1,1931.0,3,1,0,-1,B01,1,0,2,1,1,5,4,,0.0,,2,2,0,1,1,1,0,1,50,child
202000047688,30,11,2020,0 days 17:38:00,1,49,49007,2,1,1,3,DAVIERS BOULEVARD,"47,4793100"," -0,5603400",1,4,2,1954.0,5,8,0,-1,B01,1,0,2,1,1,5,4,,0.0,,2,2,0,1,1,1,0,1,50,adult
202000047730,30,11,2020,0 days 16:30:00,1,19,19031,1,3,7,1,SALOMON-A-CHANOUX (CHEMIN DE),"45,1733800","1,4917700",1,3,1,1957.0,5,2,0,-1,B01,2,0,2,1,1,5,3,170,0.0,,2,2,0,1,2,1,0,1,90,child
202000047730,30,11,2020,0 days 16:30:00,1,19,19031,1,3,7,1,SALOMON-A-CHANOUX (CHEMIN DE),"45,1733800","1,4917700",1,1,1,1992.0,4,1,0,-1,B01,2,0,2,1,1,5,3,170,0.0,,2,2,0,1,2,1,0,1,90,adult
202100000001,30,11,2021,0 days 07:32:00,2,30,30319,1,1,1,1,CD 981,"44,0389580000","4,3480220000",1,1,1,1978.0,1,1,-1,-1,B01,1,0,2,1,1,5,3,981,-1.0,,2,2,0,1,1,1,0,1,80,child
202100000001,30,11,2021,0 days 07:32:00,2,30,30319,1,1,1,1,CD 981,"44,0389580000","4,3480220000",1,3,1,2000.0,1,0,9,-1,B01,1,0,2,1,1,5,3,981,-1.0,,2,2,0,1,1,1,0,1,80,adult
202100000006,23,11,2021,0 days 11:10:00,1,68,68004,2,3,1,2,Rue Charles Edouard Amiot,"47,6142390000","7,2343360000",1,1,1,1976.0,5,1,-1,-1,B01,2,0,0,5,1,5,4,,-1.0,,2,2,0,1,1,1,0,1,50,child
202100000006,23,11,2021,0 days 11:10:00,1,68,68004,2,3,1,2,Rue Charles Edouard Amiot,"47,6142390000","7,2343360000",1,4,1,2009.0,2,0,-1,-1,B01,2,0,0,5,1,5,4,,-1.0,,2,2,0,1,1,1,0,1,50,adult
202100000070,4,11,2021,0 days 17:31:00,1,60,60057,2,1,1,3,Rue du Pont d’Arcole,"49,4262285502","2,0853413343",1,1,1,1969.0,-1,0,-1,-1,B01,0,0,2,0,0,-1,4,,-1.0,,2,2,-1,1,1,1,0,1,-1,child
202100000070,4,11,2021,0 days 17:31:00,1,60,60057,2,1,1,3,Rue du Pont d’Arcole,"49,4262285502","2,0853413343",1,4,1,2005.0,-1,0,-1,-1,B01,0,0,2,0,0,-1,4,,-1.0,,2,2,-1,1,1,1,0,1,-1,adult
202100000071,14,10,2021,0 days 17:10:00,1,60,60057,2,1,1,1,Rue Alphonse Dupont,"49,4186200000","2,0834300000",1,1,2,1980.0,0,1,0,-1,B01,0,0,0,0,0,0,4,DUPONT ALPHONSE (RUE),0.0,,1,0,0,1,1,1,0,1,30,child
202100000071,14,10,2021,0 days 17:10:00,1,60,60057,2,1,1,1,Rue Alphonse Dupont,"49,4186200000","2,0834300000",1,3,1,2007.0,0,0,-1,-1,B01,0,0,0,0,0,0,4,DUPONT ALPHONSE (RUE),0.0,,1,0,0,1,1,1,0,1,30,adult
202100000201,30,11,2021,0 days 09:45:00,1,61,61001,2,6,2,3,CLAUDE BERNARD (RUE ),"48,4365200000","0,1049600000",1,4,1,1935.0,5,0,-1,-1,B01,1,0,2,3,9,5,4,CLAUDE BERNARD (RUE ),0.0,,4,1,0,1,1,2,5,1,30,child
202100000201,30,11,2021,0 days 09:45:00,1,61,61001,2,6,2,3,CLAUDE BERNARD (RUE ),"48,4365200000","0,1049600000",1,1,2,1974.0,4,8,8,-1,B01,1,0,2,3,9,5,4,CLAUDE BERNARD (RUE ),0.0,,4,1,0,1,1,2,5,1,30,adult
202100000218,24,7,2021,0 days 16:20:00,1,61,61001,2,6,2,3,,"48,4343330000","0,0935580000",1,1,2,1954.0,5,1,-1,-1,B01,1,0,2,7,1,5,3,,-1.0,,2,-1,-1,1,1,2,5,1,50,child
202100000218,24,7,2021,0 days 16:20:00,1,61,61001,2,6,2,3,,"48,4343330000","0,0935580000",1,4,1,2004.0,5,8,-1,-1,B01,1,0,2,7,1,5,3,,-1.0,,2,-1,-1,1,1,2,5,1,50,adult
202100000249,14,5,2021,0 days 12:21:00,1,78,78172,1,1,2,2,BRETELLE ACCES RD203/RN184 ,"49,0020710000","2,0815830000",1,4,1,1940.0,5,8,0,-1,A01,1,0,2,4,11,5,2,BRETELLE ACCES RD203/RN184,0.0,,3,4,0,1,1,2,0,1,90,child
202100000249,14,5,2021,0 days 12:21:00,1,78,78172,1,1,2,2,BRETELLE ACCES RD203/RN184 ,"49,0020710000","2,0815830000",1,1,1,1992.0,4,1,0,-1,A01,1,0,2,4,11,5,2,BRETELLE ACCES RD203/RN184,0.0,,3,4,0,1,1,2,0,1,90,adult
202100000294,13,11,2021,0 days 16:30:00,2,69,69386,2,1,1,3,JULES FERRY (PL),"45,7670000000","4,8590000000",1,4,1,1962.0,0,8,-1,-1,A01,3,0,2,7,19,5,4,JULES FERRY                         (PL),0.0,,2,2,0,1,1,1,0,1,50,child
202100000294,13,11,2021,0 days 16:30:00,2,69,69386,2,1,1,3,JULES FERRY (PL),"45,7670000000","4,8590000000",1,1,1,1998.0,0,8,-1,-1,A01,3,0,2,7,19,5,4,JULES FERRY                         (PL),0.0,,2,2,0,1,1,1,0,1,50,adult
202100000344,27,12,2021,0 days 14:10:00,1,33,33063,2,2,8,3,Avenue d'Arès,"44,8364600000"," -0,6011900000",1,4,1,1973.0,0,2,-1,-1,B01,2,0,2,1,1,5,4,BD GEORGES POMPIDOU,0.0,,1,2,3,1,1,1,5,1,50,child
202100000344,27,12,2021,0 days 14:10:00,1,33,33063,2,2,8,3,Avenue d'Arès,"44,8364600000"," -0,6011900000",1,1,2,1996.0,0,1,-1,-1,B01,2,0,2,1,1,5,4,BD GEORGES POMPIDOU,0.0,,1,2,3,1,1,1,5,1,50,adult
202100000358,27,10,2021,0 days 17:50:00,1,35,35093,2,2,1,1,MANOIR (AVENUE DU),"48,6240600000"," -2,0337500000",1,1,1,1927.0,5,8,0,-1,B01,2,0,2,1,23,5,4,MANOIR (AVENUE DU),0.0,,2,0,0,1,1,1,0,1,50,child
202100000358,27,10,2021,0 days 17:50:00,1,35,35093,2,2,1,1,MANOIR (AVENUE DU),"48,6240600000"," -2,0337500000",1,3,1,1955.0,5,8,0,-1,B01,2,0,2,1,23,5,4,MANOIR (AVENUE DU),0.0,,2,0,0,1,1,1,0,1,50,adult
202100000365,25,1,2021,0 days 10:10:00,1,13,13054,2,2,1,3,JEAN MONNET (RUE ),"43,4029000000","5,2164800000",1,1,1,1952.0,4,8,0,-1,B01,3,0,2,1,2,5,7,JEAN MONNET (RUE ),0.0,,2,2,0,1,1,1,8,1,50,child
202100000365,25,1,2021,0 days 10:10:00,1,13,13054,2,2,1,3,JEAN MONNET (RUE ),"43,4029000000","5,2164800000",1,3,1,1986.0,5,2,4,-1,B01,3,0,2,1,2,5,7,JEAN MONNET (RUE ),0.0,,2,2,0,1,1,1,8,1,50,adult
202100000451,5,10,2021,0 days 16:30:00,1,973,97309,1,1,1,2,Route de la Matourienne,"4,8770930000"," -52,2978560000",1,3,1,1954.0,1,0,-1,-1,A01,1,0,0,4,0,5,3,4,0.0,N,2,2,0,1,1,1,0,1,80,child
202100000451,5,10,2021,0 days 16:30:00,1,973,97309,1,1,1,2,Route de la Matourienne,"4,8770930000"," -52,2978560000",1,1,1,1981.0,5,1,-1,-1,A01,1,0,0,4,0,5,3,4,0.0,N,2,2,0,1,1,1,0,1,80,adult
202100000456,8,11,2021,0 days 17:00:00,1,45,45298,2,1,1,3,EUROPE (PONT DE L'EUROPE),"47,8933600000","1,8762500000",1,4,1,1943.0,5,8,0,-1,B01,2,0,2,8,19,5,4,EUROPE (PONT DE L'EUROPE),0.0,,2,4,0,1,1,1,2,1,50,child
202100000456,8,11,2021,0 days 17:00:00,1,45,45298,2,1,1,3,EUROPE (PONT DE L'EUROPE),"47,8933600000","1,8762500000",1,1,1,1986.0,5,1,0,-1,B01,2,0,2,8,19,5,4,EUROPE (PONT DE L'EUROPE),0.0,,2,4,0,1,1,1,2,1,50,adult
202100000465,28,7,2021,0 days 13:35:00,1,19,19031,2,1,1,2,MALECROIX (RUE DE),"45,1512100000","1,5491700000",1,1,2,1957.0,3,1,8,-1,A01,1,0,2,8,15,5,4,MALECROIX (RUE DE),0.0,,2,2,0,1,1,1,0,1,50,child
202100000465,28,7,2021,0 days 13:35:00,1,19,19031,2,1,1,2,MALECROIX (RUE DE),"45,1512100000","1,5491700000",1,4,1,2000.0,4,2,8,-1,A01,1,0,2,8,15,5,4,MALECROIX (RUE DE),0.0,,2,2,0,1,1,1,0,1,50,adult