Num_Acc,jour,mois,an,hrmn,lum,dep,com,agg,int,atm,col,adr,lat,long,catu,grav,sexe,an_nais,trajet,secu1,secu2,secu3,num_veh_y,senc,obs,obsm,choc,manv,motor,catr,voie,v1,v2,circ,nbv,vosp,prof,plan,surf,infra,situ,vma,age
202100000494,17,10,2021,0 days 21:25:00,4,76,76351,2,2,1,3,VERDUN (RUE DE),"49,5013935778","0,1500253379",1,4,1,1966.0,0,2,-1,-1,A01,2,0,2,2,15,5,3,VERDUN (RUE DE),0.0,,2,2,0,1,1,1,0,1,50,child
202100000494,17,10,2021,0 days 21:25:00,4,76,76351,2,2,1,3,VERDUN (RUE DE),"49,5013935778","0,1500253379",1,4,1,2002.0,4,2,-1,-1,A01,2,0,2,2,15,5,3,VERDUN (RUE DE),0.0,,2,2,0,1,1,1,0,1,50,adult
202100000495,16,10,2021,0 days 19:30:00,5,76,76351,2,1,1,1,LAFAYETTE ( COURS),"49,4917610000","0,1252000000",1,3,1,1968.0,0,2,-1,-1,A01,0,0,2,8,19,5,4,LAFAYETTE ( COURS),0.0,,3,5,0,1,1,1,0,1,50,child
202100000495,16,10,2021,0 days 19:30:00,5,76,76351,2,1,1,1,LAFAYETTE ( COURS),"49,4917610000","0,1252000000",1,1,1,1994.0,0,1,-1,-1,A01,0,0,2,8,19,5,4,LAFAYETTE ( COURS),0.0,,3,5,0,1,1,1,0,1,50,adult
202100000509,13,11,2021,0 days 17:00:00,1,37,37122,2,6,2,3,CHANTEPIE (RUE DE),"47,3503784806","0,6562600230",1,1,1,1946.0,5,1,0,-1,B01,3,0,2,7,1,0,4,,0.0,,2,2,0,1,1,2,5,1,50,child
202100000509,13,11,2021,0 days 17:00:00,1,37,37122,2,6,2,3,CHANTEPIE (RUE DE),"47,3503784806","0,6562600230",1,4,2,1973.0,0,8,0,-1,B01,3,0,2,7,1,0,4,,0.0,,2,2,0,1,1,2,5,1,50,adult
202100000555,8,11,2021,0 days 13:36:00,1,10,10387,2,2,1,3,QUATORZE JUILLET (RUE DU),"48,2943000000","4,0783000000",1,1,1,1976.0,0,1,0,-1,B01,1,0,2,3,1,5,4,QUATORZE JUILLET (RUE DU),0.0,,1,3,1,1,1,1,0,1,50,child
202100000555,8,11,2021,0 days 13:36:00,1,10,10387,2,2,1,3,QUATORZE JUILLET (RUE DU),"48,2943000000","4,0783000000",1,4,2,2002.0,5,2,6,-1,B01,1,0,2,3,1,5,4,QUATORZE JUILLET (RUE DU),0.0,,1,3,1,1,1,1,0,1,50,adult
202100000555,8,11,2021,0 days 13:36:00,1,10,10387,2,2,1,3,QUATORZE JUILLET (RUE DU),"48,2943000000","4,0783000000",2,1,1,2019.0,9,3,8,-1,B01,1,0,2,3,1,5,4,QUATORZE JUILLET (RUE DU),0.0,,1,3,1,1,1,1,0,1,50,adult
202100000555,8,11,2021,0 days 13:36:00,1,10,10387,2,2,1,3,QUATORZE JUILLET (RUE DU),"48,2943000000","4,0783000000",2,1,1,2021.0,9,3,8,-1,B01,1,0,2,3,1,5,4,QUATORZE JUILLET (RUE DU),0.0,,1,3,1,1,1,1,0,1,50,adult
202100000559,9,11,2021,0 days 12:40:00,1,65,65440,1,6,1,3,PAU (ROND POINT DE),"43,2377220000","0,0418490000",1,3,1,1966.0,3,2,-1,-1,B01,2,0,2,1,1,5,3,PAU (ROND POINT DE),0.0,,1,2,0,1,2,1,0,1,50,child
202100000559,9,11,2021,0 days 12:40:00,1,65,65440,1,6,1,3,PAU (ROND POINT DE),"43,2377220000","0,0418490000",1,1,2,2001.0,2,1,-1,-1,B01,2,0,2,1,1,5,3,PAU (ROND POINT DE),0.0,,1,2,0,1,2,1,0,1,50,adult
202100000593,8,11,2021,0 days 15:27:00,1,54,54395,2,2,1,3,REPUBLIQUE (RUE DE LA),"48,6822242291","6,1779042612",1,4,2,1968.0,0,2,0,-1,B01,1,0,2,1,1,5,4,REPUBLIQUE (RUE DE LA),0.0,,2,2,0,1,1,1,0,1,30,child
202100000593,8,11,2021,0 days 15:27:00,1,54,54395,2,2,1,3,REPUBLIQUE (RUE DE LA),"48,6822242291","6,1779042612",1,1,1,1989.0,0,1,0,-1,B01,1,0,2,1,1,5,4,REPUBLIQUE (RUE DE LA),0.0,,2,2,0,1,1,1,0,1,30,adult
202100000619,31,12,2021,0 days 14:40:00,1,73,73008,2,6,1,3,D1201 Boulevard Maréchal de Lattre de Tassigny,"45,6944490006","5,9004671732",1,4,1,1944.0,0,2,8,-1,A01,2,0,2,1,9,5,3,LATTRE DE TASSIGNY AVENUE DE L',0.0,,3,2,0,1,1,1,5,1,50,child
202100000619,31,12,2021,0 days 14:40:00,1,73,73008,2,6,1,3,D1201 Boulevard Maréchal de Lattre de Tassigny,"45,6944490006","5,9004671732",1,1,1,2003.0,0,1,-1,-1,A01,2,0,2,1,9,5,3,LATTRE DE TASSIGNY AVENUE DE L',0.0,,3,2,0,1,1,1,5,1,50,adult
202100000625,28,12,2021,0 days 16:45:00,2,38,38193,2,6,2,3,Boulevard de l Arbonnas,"45,6157670000","5,2257160000",1,1,1,1942.0,0,8,-1,-1,B01,3,0,2,8,19,5,3,,-1.0,,3,0,0,1,1,2,5,1,50,child
202100000625,28,12,2021,0 days 16:45:00,2,38,38193,2,6,2,3,Boulevard de l Arbonnas,"45,6157670000","5,2257160000",1,4,2,2009.0,5,0,-1,-1,B01,3,0,2,8,19,5,3,,-1.0,,3,0,0,1,1,2,5,1,50,adult
202100000669,31,12,2021,0 days 11:50:00,1,68,68007,1,1,1,2,Rd 415,"48,0589940000","7,4290320000",1,3,1,1954.0,5,8,-1,-1,B01,1,0,0,4,1,5,3,415,-1.0,,2,2,0,1,1,1,0,1,80,child
202100000669,31,12,2021,0 days 11:50:00,1,68,68007,1,1,1,2,Rd 415,"48,0589940000","7,4290320000",1,1,1,1998.0,5,8,-1,-1,B01,1,0,0,4,1,5,3,415,-1.0,,2,2,0,1,1,1,0,1,80,adult
202100000868,30,12,2021,0 days 12:15:00,1,27,27306,2,6,1,3,GUILLAUMET (RUE),"49,0038240000","1,1769340000",1,4,1,1965.0,5,2,4,-1,B01,3,0,2,2,1,5,4,GUILLAUMET (RUE),0.0,,1,1,0,1,2,1,5,1,50,child
202100000868,30,12,2021,0 days 12:15:00,1,27,27306,2,6,1,3,GUILLAUMET (RUE),"49,0038240000","1,1769340000",1,1,1,1996.0,1,1,6,-1,B01,3,0,2,2,1,5,4,GUILLAUMET (RUE),0.0,,1,1,0,1,2,1,5,1,50,adult
202100000940,30,12,2021,0 days 17:00:00,1,71,71512,2,1,1,3,route de chalon,"46,6358876566","4,8710922884",1,3,1,1960.0,3,0,-1,-1,B01,3,0,2,8,19,5,3,906,0.0,,2,2,0,1,1,1,0,1,50,child
202100000940,30,12,2021,0 days 17:00:00,1,71,71512,2,1,1,3,route de chalon,"46,6358876566","4,8710922884",1,1,1,1986.0,3,1,-1,-1,B01,3,0,2,8,19,5,3,906,0.0,,2,2,0,1,1,1,0,1,50,adult
202100000945,30,12,2021,0 days 16:45:00,2,22,22173,1,1,1,1,La Longueraie Planguenoual,"48,5431608637"," -2,6066163174",1,1,2,1935.0,3,1,-1,-1,B01,3,0,2,1,1,5,4,,-1.0,,2,2,0,2,1,1,0,1,80,child
202100000945,30,12,2021,0 days 16:45:00,2,22,22173,1,1,1,1,La Longueraie Planguenoual,"48,5431608637"," -2,6066163174",1,3,1,1970.0,5,2,-1,-1,B01,3,0,2,1,1,5,4,,-1.0,,2,2,0,2,1,1,0,1,80,adult
202100000983,18,12,2021,0 days 14:00:00,1,77,77169,2,3,1,3,SILENCIEUSE (RUE),"48,8076000000","2,6207300000",1,4,2,1965.0,5,8,0,-1,B01,1,0,2,8,19,5,4,SILENCIEUSE (RUE),0.0,,2,2,0,1,1,1,0,1,30,child
202100000983,18,12,2021,0 days 14:00:00,1,77,77169,2,3,1,3,SILENCIEUSE (RUE),"48,8076000000","2,6207300000",1,1,1,2002.0,5,8,0,-1,B01,1,0,2,8,19,5,4,SILENCIEUSE (RUE),0.0,,2,2,0,1,1,1,0,1,30,adult
202100001005,28,12,2021,0 days 19:45:00,5,53,53130,2,2,1,3,HEULOT ( RUE DU COLONEL ),"48,0653100000"," -0,7549400000",1,1,2,1952.0,0,1,8,-1,B01,3,0,2,1,1,5,4,HEULOT ( RUE DU COLONEL ),0.0,,2,2,0,2,1,1,0,1,50,child
202100001005,28,12,2021,0 days 19:45:00,5,53,53130,2,2,1,3,HEULOT ( RUE DU COLONEL ),"48,0653100000"," -0,7549400000",1,3,1,1988.0,0,8,0,-1,B01,3,0,2,1,1,5,4,HEULOT ( RUE DU COLONEL ),0.0,,2,2,0,2,1,1,0,1,50,adult
202100001019,28,12,2021,0 days 12:24:00,1,35,35238,2,1,1,3,Rue Eugène Pottier,"48,1032700000"," -1,7113000000",1,1,1,1975.0,5,1,0,-1,B01,3,0,2,4,9,5,4,POTTIER (EUGENE),0.0,,2,2,0,1,1,1,0,1,50,child
202100001019,28,12,2021,0 days 12:24:00,1,35,35238,2,1,1,3,Rue Eugène Pottier,"48,1032700000"," -1,7113000000",1,4,1,1999.0,1,8,0,-1,B01,3,0,2,4,9,5,4,POTTIER (EUGENE),0.0,,2,2,0,1,1,1,0,1,50,adult
202100001122,30,12,2021,0 days 16:40:00,1,16,16232,1,1,1,2,D699,"45,6772440000","0,2658710000",1,1,1,1976.0,5,0,-1,-1,B01,2,0,0,4,1,5,3,699,0.0,D,2,2,0,1,1,1,0,1,80,child
202100001122,30,12,2021,0 days 16:40:00,1,16,16232,1,1,1,2,D699,"45,6772440000","0,2658710000",1,3,1,2011.0,5,2,-1,-1,B01,2,0,0,4,1,5,3,699,0.0,D,2,2,0,1,1,1,0,1,80,adult
202100001167,24,11,2021,0 days 16:40:00,1,78,78646,2,1,1,6,PARIS (AVENUE DE),"48,7992650000","2,1407820000",3,2,2,1939.0,5,0,-1,-1,A01,2,0,1,1,1,5,3,PARIS (AVENUE DE),0.0,,2,2,0,1,1,1,0,1,50,child
202100001167,24,11,2021,0 days 16:40:00,1,78,78646,2,1,1,6,PARIS (AVENUE DE),"48,7992650000","2,1407820000",1,1,1,2003.0,1,2,0,-1,A01,2,0,1,1,1,5,3,PARIS (AVENUE DE),0.0,,2,2,0,1,1,1,0,1,50,adult
202100001241,27,12,2021,0 days 17:45:00,5,91,91156,2,1,1,3,Route d Arpajon,"48,5505780000","2,2774480000",1,1,2,1963.0,1,1,-1,-1,B01,1,0,2,2,1,5,3,449,0.0,D,2,2,0,1,1,1,0,8,30,child
202100001241,27,12,2021,0 days 17:45:00,5,91,91156,2,1,1,3,Route d Arpajon,"48,5505780000","2,2774480000",1,4,1,2009.0,5,0,-1,-1,B01,1,0,2,2,1,5,3,449,0.0,D,2,2,0,1,1,1,0,8,30,adult
202100001242,29,12,2021,0 days 14:30:00,1,13,13014,2,3,1,3,Avenue Joliot Curie,"43,4812510000","5,1761360000",1,1,2,1951.0,5,1,-1,-1,B01,2,0,2,1,19,5,7,21,0.0,,3,2,2,1,1,1,5,1,30,child
202100001242,29,12,2021,0 days 14:30:00,1,13,13014,2,3,1,3,Avenue Joliot Curie,"43,4812510000","5,1761360000",1,4,1,2004.0,9,0,-1,-1,B01,2,0,2,1,19,5,7,21,0.0,,3,2,2,1,1,1,5,1,30,adult
202100001280,26,12,2021,0 days 18:55:00,5,73,73008,2,6,2,3,D991 GRAND PORT (RONDEAU) AVENUE DU,"45,6994300000","5,9042800000",1,4,1,1968.0,5,8,0,-1,A01,1,0,2,7,9,5,3,GRAND PORT (RONDEAU) AVENUE DU,0.0,,4,2,0,1,3,2,0,1,50,child
202100001280,26,12,2021,0 days 18:55:00,5,73,73008,2,6,2,3,D991 GRAND PORT (RONDEAU) AVENUE DU,"45,6994300000","5,9042800000",1,1,1,1999.0,5,1,8,-1,A01,1,0,2,7,9,5,3,GRAND PORT (RONDEAU) AVENUE DU,0.0,,4,2,0,1,3,2,0,1,50,adult
202100001331,27,12,2021,0 days 10:45:00,1,987,98729,2,3,1,3,PK0.20 TEMAE," -17,4949440000"," -149,7632750000",2,1,1,1974.0,5,1,-1,-1,A01,2,0,2,1,1,5,2,91,0.0,,2,2,2,4,2,1,0,5,60,child
202100001331,27,12,2021,0 days 10:45:00,1,987,98729,2,3,1,3,PK0.20 TEMAE," -17,4949440000"," -149,7632750000",1,1,2,1982.0,5,1,-1,-1,A01,2,0,2,1,1,5,2,91,0.0,,2,2,2,4,2,1,0,5,60,adult
202100001331,27,12,2021,0 days 10:45:00,1,987,98729,2,3,1,3,PK0.20 TEMAE," -17,4949440000"," -149,7632750000",1,3,2,1998.0,5,0,-1,-1,A01,2,0,2,1,1,5,2,91,0.0,,2,2,2,4,2,1,0,5,60,adult
202100001366,23,12,2021,0 days 19:40:00,5,91,91103,2,9,1,3,IMP EDOUARD BRANLY,"48,6033200000","2,3064800000",1,4,1,1963.0,0,8,0,-1,Y01,1,0,2,3,1,5,4,IMP EDOUARD BRANLY,0.0,,2,2,1,1,1,1,0,5,50,child
202100001366,23,12,2021,0 days 19:40:00,5,91,91103,2,9,1,3,IMP EDOUARD BRANLY,"48,6033200000","2,3064800000",1,1,1,1999.0,0,1,8,-1,Y01,1,0,2,3,1,5,4,IMP EDOUARD BRANLY,0.0,,2,2,1,1,1,1,0,5,50,adult
202100001453,23,12,2021,0 days 15:10:00,1,81,81033,2,4,1,1,MALROUX (AV. AUGUSTIN),"44,0270500000","2,1286300000",2,1,2,1949.0,9,1,0,-1,B01,1,0,2,1,1,6,3,MALROUX (AV. AUGUSTIN),0.0,,2,2,0,4,3,2,0,1,30,child
202100001453,23,12,2021,0 days 15:10:00,1,81,81033,2,4,1,1,MALROUX (AV. AUGUSTIN),"44,0270500000","2,1286300000",1,3,1,1967.0,5,2,0,-1,B01,1,0,2,1,1,6,3,MALROUX (AV. AUGUSTIN),0.0,,2,2,0,4,3,2,0,1,30,adult
202100001453,23,12,2021,0 days 15:10:00,1,81,81033,2,4,1,1,MALROUX (AV. AUGUSTIN),"44,0270500000","2,1286300000",1,1,2,1973.0,4,1,0,-1,B01,1,0,2,1,1,6,3,MALROUX (AV. AUGUSTIN),0.0,,2,2,0,4,3,2,0,1,30,adult
202100001466,23,12,2021,0 days 11:21:00,1,49,49246,2,1,1,3,VILLESICARD,"47,4453600000"," -0,5268900000",1,1,1,1945.0,9,8,0,-1,B01,1,0,2,1,1,5,4,VILLESICARD,0.0,,2,2,0,1,1,1,0,1,50,child
202100001466,23,12,2021,0 days 11:21:00,1,49,49246,2,1,1,3,VILLESICARD,"47,4453600000"," -0,5268900000",1,3,1,2006.0,9,8,0,-1,B01,1,0,2,1,1,5,4,VILLESICARD,0.0,,2,2,0,1,1,1,0,1,50,adult
202100001573,23,12,2021,0 days 11:00:00,1,69,69383,2,1,1,3,PART DIEU (DE LA) (R),"45,7596800000","4,8495000000",1,4,1,1956.0,0,8,-1,-1,B01,3,0,2,0,0,0,4,PART DIEU      (DE LA)             (R ),0.0,,1,1,2,1,1,1,0,5,30,child
202100001573,23,12,2021,0 days 11:00:00,1,69,69383,2,1,1,3,PART DIEU (DE LA) (R),"45,7596800000","4,8495000000",1,1,1,1995.0,4,8,-1,-1,B01,3,0,2,0,0,0,4,PART DIEU      (DE LA)             (R ),0.0,,1,1,2,1,1,1,0,5,30,adult
202100001694,22,12,2021,0 days 09:50:00,1,69,69387,2,2,1,3,GUILLOTIERE (DE LA) (GR),"45,7518314492","4,8469984531",1,4,1,1974.0,0,8,-1,-1,B01,2,0,2,1,1,0,4,GUILLOTIERE (DE LA)                 (GR),0.0,,1,1,2,1,1,1,0,5,50,child
202100001694,22,12,2021,0 days 09:50:00,1,69,69387,2,2,1,3,GUILLOTIERE (DE LA) (GR),"45,7518314492","4,8469984531",1,1,1,1998.0,1,1,-1,-1,B01,2,0,2,1,1,0,4,GUILLOTIERE (DE LA)                 (GR),0.0,,1,1,2,1,1,1,0,5,50,adult
202100001749,22,12,2021,0 days 18:15:00,5,75,75108,2,1,1,6,AVENUE DES CHAMPS ELYSEES,"48,8709430000","2,3039810000",3,4,2,1973.0,5,0,-1,-1,A01,1,0,1,1,1,5,4,AVENUE DES CHAMPS ELYSEES,0.0,,2,8,1,1,1,1,-1,5,30,child
202100001749,22,12,2021,0 days 18:15:00,5,75,75108,2,1,1,6,AVENUE DES CHAMPS ELYSEES,"48,8709430000","2,3039810000",1,4,2,2002.0,4,8,0,-1,A01,1,0,1,1,1,5,4,AVENUE DES CHAMPS ELYSEES,0.0,,2,8,1,1,1,1,-1,5,30,adult
202100001817,22,12,2021,0 days 14:10:00,1,60,60367,1,1,9,3,D923,"49,2609850000","1,9090460000",1,4,1,1949.0,5,2,-1,-1,B01,2,0,2,4,1,5,3,923,-1.0,D,2,2,0,1,3,7,0,1,80,child
202100001817,22,12,2021,0 days 14:10:00,1,60,60367,1,1,9,3,D923,"49,2609850000","1,9090460000",1,4,1,2003.0,1,1,-1,-1,B01,2,0,2,4,1,5,3,923,-1.0,D,2,2,0,1,3,7,0,1,80,adult
202100001845,21,12,2021,0 days 07:45:00,2,83,83137,2,2,1,3,BARROIS (RUE DU DOCTEUR),"43,1301200000","5,9479800000",1,1,2,1967.0,4,1,-1,-1,B01,3,0,2,1,1,5,4,BARROIS (RUE DU DOCTEUR),0.0,,2,2,0,2,1,1,0,1,50,child
202100001845,21,12,2021,0 days 07:45:00,2,83,83137,2,2,1,3,BARROIS (RUE DU DOCTEUR),"43,1301200000","5,9479800000",1,4,1,1996.0,0,2,0,-1,B01,3,0,2,1,1,5,4,BARROIS (RUE DU DOCTEUR),0.0,,2,2,0,2,1,1,0,1,50,adult
202100001846,18,12,2021,0 days 11:35:00,1,83,83141,2,9,1,1,PEICAL(ROUTE DU),"43,4909840000","6,4971200000",1,1,2,1953.0,0,8,0,-1,B01,3,0,2,7,19,0,4,PEICAL(ROUTE DU),0.0,,2,2,0,2,1,1,0,5,30,child
202100001846,18,12,2021,0 days 11:35:00,1,83,83141,2,9,1,1,PEICAL(ROUTE DU),"43,4909840000","6,4971200000",1,4,1,2004.0,0,8,0,-1,B01,3,0,2,7,19,0,4,PEICAL(ROUTE DU),0.0,,2,2,0,2,1,1,0,5,30,adult
202100001868,21,12,2021,0 days 09:00:00,1,54,54482,2,3,1,3,ALEXANDRE 1ER (RUE),"48,7008100000","6,2019600000",1,4,2,1962.0,0,2,0,-1,B01,1,0,2,8,15,5,4,ALEXANDRE 1ER (RUE),0.0,,2,2,0,1,1,1,0,1,50,child
202100001868,21,12,2021,0 days 09:00:00,1,54,54482,2,3,1,3,ALEXANDRE 1ER (RUE),"48,7008100000","6,2019600000",1,1,1,2002.0,0,1,0,-1,B01,1,0,2,8,15,5,4,ALEXANDRE 1ER (RUE),0.0,,2,2,0,1,1,1,0,1,50,adult
202100001889,16,12,2021,0 days 10:30:00,1,17,17306,2,2,1,3,HEDDE (AVENUE DANIEL),"45,6319600000"," -1,0317800000",1,1,1,1941.0,5,1,0,-1,A01,1,0,2,1,1,5,4,HEDDE (AVENUE DANIEL),0.0,,3,2,0,2,1,1,5,1,50,child
202100001889,16,12,2021,0 days 10:30:00,1,17,17306,2,2,1,3,HEDDE (AVENUE DANIEL),"45,6319600000"," -1,0317800000",1,4,1,2001.0,5,8,0,-1,A01,1,0,2,1,1,5,4,HEDDE (AVENUE DANIEL),0.0,,3,2,0,2,1,1,5,1,50,adult
202100001895,21,12,2021,0 days 11:00:00,1,13,13075,2,6,1,2,LIBERATION (AVE DE LA),"43,3440000000","5,4590000000",1,3,1,1955.0,5,2,0,-1,B01,0,0,0,0,0,0,7,LIBERATION (AVE DE LA),0.0,,-1,1,0,1,1,1,0,1,50,child
202100001895,21,12,2021,0 days 11:00:00,1,13,13075,2,6,1,2,LIBERATION (AVE DE LA),"43,3440000000","5,4590000000",1,1,1,1993.0,5,1,0,-1,B01,0,0,0,0,0,0,7,LIBERATION (AVE DE LA),0.0,,-1,1,0,1,1,1,0,1,50,adult
202100001910,21,12,2021,0 days 09:05:00,1,94,94046,2,2,1,3,Avenue Georges Clémenceau,"48,8134500000","2,4436600000",1,1,1,1962.0,1,1,0,-1,B01,2,0,2,6,1,5,4,GEORGES CLEMENCEAU (AV),0.0,,2,1,0,1,1,1,0,1,50,child
202100001910,21,12,2021,0 days 09:05:00,1,94,94046,2,2,1,3,Avenue Georges Clémenceau,"48,8134500000","2,4436600000",1,4,1,1988.0,1,8,0,-1,B01,2,0,2,6,1,5,4,GEORGES CLEMENCEAU (AV),0.0,,2,1,0,1,1,1,0,1,50,adult
202100001984,21,12,2021,0 days 11:40:00,1,988,98818,2,3,1,3,VE1 BRETTELLE D'INSERTION/RUE JACQUES IEKAWE," -22,2240200000","166,4810400000",1,1,1,1976.0,3,1,1,-1,B01,2,0,2,9,1,5,1,ROUTE PROVINCIALE ROUTE DU SUD,0.0,,1,1,0,2,3,1,3,1,50,child
202100001984,21,12,2021,0 days 11:40:00,1,988,98818,2,3,1,3,VE1 BRETTELLE D'INSERTION/RUE JACQUES IEKAWE," -22,2240200000","166,4810400000",1,3,2,1998.0,4,2,4,-1,B01,2,0,2,9,1,5,1,ROUTE PROVINCIALE ROUTE DU SUD,0.0,,1,1,0,2,3,1,3,1,50,adult
202100001995,20,12,2021,0 days 06:45:00,5,69,69286,2,1,2,3,COMBATTANTS EN AFN 1952-1962 (DES) (AV),"45,8165000000","4,8926000000",1,1,1,1950.0,0,8,-1,-1,B01,0,0,2,8,15,5,4,COMBATTANTS EN AFN 1952-1962 (DES)  (AV),0.0,,2,3,2,1,1,2,0,1,50,child
202100001995,20,12,2021,0 days 06:45:00,5,69,69286,2,1,2,3,COMBATTANTS EN AFN 1952-1962 (DES) (AV),"45,8165000000","4,8926000000",1,4,1,1998.0,0,8,-1,-1,B01,0,0,2,8,15,5,4,COMBATTANTS EN AFN 1952-1962 (DES)  (AV),0.0,,2,3,2,1,1,2,0,1,50,adult
202100002020,17,12,2021,0 days 14:25:00,1,56,56121,2,2,1,3,MERVILLE (RUE  JEAN DE ),"47,7451100000"," -3,3746300000",1,1,2,1960.0,5,1,8,-1,A01,2,0,2,1,1,5,4,MERVILLE (RUE  JEAN DE ),0.0,,2,2,0,1,1,1,0,1,30,child
202100002020,17,12,2021,0 days 14:25:00,1,56,56121,2,2,1,3,MERVILLE (RUE  JEAN DE ),"47,7451100000"," -3,3746300000",1,4,1,1992.0,4,8,0,-1,A01,2,0,2,1,1,5,4,MERVILLE (RUE  JEAN DE ),0.0,,2,2,0,1,1,1,0,1,30,adult
202100002023,18,12,2021,0 days 15:12:00,1,45,45068,2,1,1,1,Rue Saint-Just,"48,0077700000","2,7200400000",1,3,1,1949.0,0,0,-1,-1,B01,0,0,2,3,26,5,4,,0.0,,2,2,0,1,1,1,0,1,50,child
202100002023,18,12,2021,0 days 15:12:00,1,45,45068,2,1,1,1,Rue Saint-Just,"48,0077700000","2,7200400000",1,1,2,1984.0,0,8,0,-1,B01,0,0,2,3,26,5,4,,0.0,,2,2,0,1,1,1,0,1,50,adult
202100002070,21,12,2021,0 days 16:07:00,1,32,32107,2,1,1,6,Avenue d Aquitaine,"43,9594050000","0,3677680000",1,3,1,1940.0,5,0,-1,-1,B01,1,0,9,1,2,5,3,930,0.0,,2,2,0,1,1,1,0,1,50,child
202100002070,21,12,2021,0 days 16:07:00,1,32,32107,2,1,1,6,Avenue d Aquitaine,"43,9594050000","0,3677680000",1,1,1,1971.0,0,1,-1,-1,B01,1,0,9,1,2,5,3,930,0.0,,2,2,0,1,1,1,0,1,50,adult
202100002094,21,12,2021,0 days 17:30:00,2,49,49292,1,2,1,1,D106 Lieu Dit le Petit Beauvais ST AUBIN DE LUIGNE106,"47,3328680000"," -0,6534130000",1,1,1,1963.0,5,1,-1,-1,A01,3,0,2,8,19,5,3,106,0.0,D,2,2,0,2,1,1,0,1,70,child
202100002094,21,12,2021,0 days 17:30:00,2,49,49292,1,2,1,1,D106 Lieu Dit le Petit Beauvais ST AUBIN DE LUIGNE106,"47,3328680000"," -0,6534130000",1,3,1,2010.0,5,0,-1,-1,A01,3,0,2,8,19,5,3,106,0.0,D,2,2,0,2,1,1,0,1,70,adult
202100002192,21,12,2021,0 days 07:55:00,2,64,64213,2,2,1,1,D918,"43,3407780000"," -1,4433610000",1,1,1,1942.0,4,1,-1,-1,B01,2,0,2,1,1,5,3,918,0.0,D,2,1,0,2,1,1,0,1,50,child
202100002192,21,12,2021,0 days 07:55:00,2,64,64213,2,2,1,1,D918,"43,3407780000"," -1,4433610000",1,3,1,1966.0,5,2,6,4,B01,2,0,2,1,1,5,3,918,0.0,D,2,1,0,2,1,1,0,1,50,adult
202100002237,18,12,2021,0 days 09:50:00,1,64,64445,2,9,1,3,Allée Catherine de Bourbon,"43,3189763542"," -0,3599672019",1,2,2,1929.0,0,8,0,-1,A01,3,0,2,8,19,5,4,CATHERINE DE BOURBON,0.0,,1,2,1,1,1,1,0,1,50,child
202100002237,18,12,2021,0 days 09:50:00,1,64,64445,2,9,1,3,Allée Catherine de Bourbon,"43,3189763542"," -0,3599672019",1,1,2,1998.0,0,1,8,-1,A01,3,0,2,8,19,5,4,CATHERINE DE BOURBON,0.0,,1,2,1,1,1,1,0,1,50,adult
202100002293,18,12,2021,0 days 11:20:00,1,92,92012,2,2,1,3,LONGS PRES (RUE DES),"48,8314800000","2,2469400000",1,1,1,1981.0,5,1,0,-1,B01,1,0,2,3,1,6,4,,0.0,,1,1,0,1,1,1,0,1,50,child
202100002293,18,12,2021,0 days 11:20:00,1,92,92012,2,2,1,3,LONGS PRES (RUE DES),"48,8314800000","2,2469400000",1,4,1,2002.0,5,8,0,-1,B01,1,0,2,3,1,6,4,,0.0,,1,1,0,1,1,1,0,1,50,adult
202100002379,17,12,2021,0 days 12:40:00,1,91,91223,2,2,1,1,SAINT JACQUES (RUE),"48,4332800000","2,1552400000",1,1,2,1968.0,0,1,8,-1,B01,0,0,2,1,1,5,4,SAINT JACQUES (RUE),0.0,,2,2,0,1,1,1,5,1,50,child
202100002379,17,12,2021,0 days 12:40:00,1,91,91223,2,2,1,1,SAINT JACQUES (RUE),"48,4332800000","2,1552400000",1,4,1,2006.0,0,8,0,-1,B01,0,0,2,1,1,5,4,SAINT JACQUES (RUE),0.0,,2,2,0,1,1,1,5,1,50,adult
202100002419,17,12,2021,0 days 19:00:00,5,35,35238,2,3,1,1,MONSIEUR VINCENT,"48,0925254567"," -1,6509854794",1,1,2,1979.0,5,1,0,-1,B01,3,0,2,1,1,5,4,MONSIEUR VINCENT,0.0,,2,2,0,1,1,1,0,5,30,child
202100002419,17,12,2021,0 days 19:00:00,5,35,35238,2,3,1,1,MONSIEUR VINCENT,"48,0925254567"," -1,6509854794",1,3,1,2000.0,9,-1,0,-1,B01,3,0,2,1,1,5,4,MONSIEUR VINCENT,0.0,,2,2,0,1,1,1,0,5,30,adult
202100002454,17,12,2021,0 days 16:30:00,5,75,75109,2,3,1,3,BOULEVARD DE CLICHY,"48,8829760000","2,3348600000",1,4,2,1968.0,9,2,0,-1,B01,2,0,2,8,15,5,4,BOULEVARD DE CLICHY,0.0,,1,1,1,1,1,1,-1,5,30,child
202100002454,17,12,2021,0 days 16:30:00,5,75,75109,2,3,1,3,BOULEVARD DE CLICHY,"48,8829760000","2,3348600000",1,1,2,2002.0,9,8,0,-1,B01,2,0,2,8,15,5,4,BOULEVARD DE CLICHY,0.0,,1,1,1,1,1,1,-1,5,30,adult