Num_Acc,jour,mois,an,hrmn,lum,dep,com,agg,int,atm,col,adr,lat,long,catu,grav,sexe,an_nais,trajet,secu1,secu2,secu3,num_veh_y,senc,obs,obsm,choc,manv,motor,catr,voie,v1,v2,circ,nbv,vosp,prof,plan,surf,infra,situ,vma,age
202100002463,17,12,2021,0 days 11:23:00,1,75,75113,2,7,1,2,BOULEVARD DE L HOPITAL,"48,8318870000","2,3558490000",1,1,1,1946.0,5,1,0,-1,B01,2,0,2,6,11,5,4,BOULEVARD DE L HOPITAL,0.0,,2,2,0,1,1,1,0,1,50,child
202100002463,17,12,2021,0 days 11:23:00,1,75,75113,2,7,1,2,BOULEVARD DE L HOPITAL,"48,8318870000","2,3558490000",1,4,2,1971.0,1,8,0,-1,B01,2,0,2,6,11,5,4,BOULEVARD DE L HOPITAL,0.0,,2,2,0,1,1,1,0,1,50,adult
202100002486,19,12,2021,0 days 12:05:00,1,54,54108,1,2,5,3,RD 112,"48,5812066815","6,2672710420",1,3,1,1970.0,5,2,-1,-1,B01,2,0,2,1,15,5,3,112,-1.0,,2,2,0,1,1,1,0,1,80,child
202100002486,19,12,2021,0 days 12:05:00,1,54,54108,1,2,5,3,RD 112,"48,5812066815","6,2672710420",2,1,2,1975.0,0,1,-1,-1,B01,2,0,2,1,15,5,3,112,-1.0,,2,2,0,1,1,1,0,1,80,adult
202100002486,19,12,2021,0 days 12:05:00,1,54,54108,1,2,5,3,RD 112,"48,5812066815","6,2672710420",1,1,2,2004.0,0,1,-1,-1,B01,2,0,2,1,15,5,3,112,-1.0,,2,2,0,1,1,1,0,1,80,adult
202100002510,18,12,2021,0 days 17:05:00,2,29,29206,2,3,1,1,Rue de Croazou,"48,6188982102"," -4,1994300485",1,3,1,1968.0,5,2,-1,-1,B01,3,0,2,1,5,5,4,,0.0,,2,2,0,1,1,1,5,1,50,child
202100002510,18,12,2021,0 days 17:05:00,2,29,29206,2,3,1,1,Rue de Croazou,"48,6188982102"," -4,1994300485",1,1,2,1997.0,5,1,-1,-1,B01,3,0,2,1,5,5,4,,0.0,,2,2,0,1,1,1,5,1,50,adult
202100002519,19,12,2021,0 days 14:00:00,1,45,45195,2,1,8,1,3 Route d Escrennes,"48,1048160000","2,1931460000",1,4,2,1964.0,5,0,-1,-1,B01,2,0,2,1,13,5,3,845,-1.0,,2,2,0,1,1,2,0,5,50,child
202100002519,19,12,2021,0 days 14:00:00,1,45,45195,2,1,8,1,3 Route d Escrennes,"48,1048160000","2,1931460000",1,1,1,2006.0,5,8,-1,-1,B01,2,0,2,1,13,5,3,845,-1.0,,2,2,0,1,1,2,0,5,50,adult
202100002524,18,12,2021,0 days 16:35:00,1,85,85160,2,1,1,2,5 Rue de la Merlerie,"46,5922580000"," -1,3975920000",1,1,2,1943.0,5,1,-1,-1,A01,2,0,0,6,1,5,4,,-1.0,,2,2,0,2,1,1,0,1,50,child
202100002524,18,12,2021,0 days 16:35:00,1,85,85160,2,1,1,2,5 Rue de la Merlerie,"46,5922580000"," -1,3975920000",1,4,2,1981.0,5,0,-1,-1,A01,2,0,0,6,1,5,4,,-1.0,,2,2,0,2,1,1,0,1,50,adult
202100002549,19,12,2021,0 days 02:30:00,3,80,80576,1,1,5,2,RD 154,"49,7279470000","2,9589270000",1,2,1,1977.0,5,4,9,-1,B01,1,0,0,4,1,5,3,154,0.0,D,2,2,0,1,1,2,0,1,80,child
202100002549,19,12,2021,0 days 02:30:00,3,80,80576,1,1,5,2,RD 154,"49,7279470000","2,9589270000",1,1,1,1998.0,5,1,-1,-1,B01,1,0,0,4,1,5,3,154,0.0,D,2,2,0,1,1,2,0,1,80,adult
202100002579,16,12,2021,0 days 07:30:00,5,69,69382,2,4,2,1,JEAN MOULIN (Q),"45,7659500000","4,8380900000",1,4,1,1945.0,1,8,-1,-1,B01,3,0,2,1,19,6,4,JEAN MOULIN                         (QU),0.0,,2,3,3,1,2,2,0,1,50,child
202100002579,16,12,2021,0 days 07:30:00,5,69,69382,2,4,2,1,JEAN MOULIN (Q),"45,7659500000","4,8380900000",1,1,1,1967.0,4,1,-1,-1,B01,3,0,2,1,19,6,4,JEAN MOULIN                         (QU),0.0,,2,3,3,1,2,2,0,1,50,adult
202100002605,15,12,2021,0 days 07:20:00,5,62,62224,2,1,2,2,DOCTEUR CHAUVAUX (RUE DU),"50,5336200000","2,5646460000",1,1,1,1953.0,4,1,0,-1,B01,1,0,2,6,0,5,3,DOCTEUR CHAUVAUX (RUE DU),0.0,,-1,2,0,1,1,2,0,1,50,child
202100002605,15,12,2021,0 days 07:20:00,5,62,62224,2,1,2,2,DOCTEUR CHAUVAUX (RUE DU),"50,5336200000","2,5646460000",1,3,1,2004.0,2,8,0,-1,B01,1,0,2,6,0,5,3,DOCTEUR CHAUVAUX (RUE DU),0.0,,-1,2,0,1,1,2,0,1,50,adult
202100002607,16,12,2021,0 days 17:05:00,1,56,56260,2,1,1,3,ROOSEVELT(AVENUE),"47,6590000000"," -2,7689000000",1,1,2,1961.0,3,1,0,-1,A01,1,0,2,3,19,5,3,ROOSEVELT(AVENUE),0.0,,1,2,1,1,1,1,0,1,50,child
202100002607,16,12,2021,0 days 17:05:00,1,56,56260,2,1,1,3,ROOSEVELT(AVENUE),"47,6590000000"," -2,7689000000",1,4,2,1989.0,5,8,4,-1,A01,1,0,2,3,19,5,3,ROOSEVELT(AVENUE),0.0,,1,2,1,1,1,1,0,1,50,adult
202100002665,13,12,2021,0 days 19:45:00,5,92,92044,2,1,1,2,CAMILLE PELLETAN(RUE)17 + ET 14+,"48,8958850000","2,2899620000",1,4,2,1966.0,9,8,0,-1,B01,2,0,2,1,1,5,4,,0.0,,1,1,0,1,1,1,0,1,50,child
202100002665,13,12,2021,0 days 19:45:00,5,92,92044,2,1,1,2,CAMILLE PELLETAN(RUE)17 + ET 14+,"48,8958850000","2,2899620000",1,1,2,1996.0,5,1,0,-1,B01,2,0,2,1,1,5,4,,0.0,,1,1,0,1,1,1,0,1,50,adult
202100002756,3,12,2021,0 days 18:50:00,5,48,48095,2,6,1,3,ROND POINT DES CASERNES,"44,5180800000","3,4914400000",1,1,1,1970.0,-1,8,8,8,B01,1,0,2,1,15,5,2,,-1.0,,1,1,-1,2,2,2,0,1,50,child
202100002756,3,12,2021,0 days 18:50:00,5,48,48095,2,6,1,3,ROND POINT DES CASERNES,"44,5180800000","3,4914400000",1,4,2,1999.0,1,0,-1,-1,B01,1,0,2,1,15,5,2,,-1.0,,1,1,-1,2,2,2,0,1,50,adult
202100002785,15,12,2021,0 days 10:00:00,1,06,06029,2,1,1,3,CROISETTE (BOULEVARD DE LA),"43,5515900000","7,0164200000",1,3,1,1953.0,5,2,0,-1,B01,3,0,2,1,1,6,4,CROISETTE (BOULEVARD DE LA),0.0,,3,2,0,1,1,1,0,1,50,child
202100002785,15,12,2021,0 days 10:00:00,1,06,06029,2,1,1,3,CROISETTE (BOULEVARD DE LA),"43,5515900000","7,0164200000",1,1,1,1978.0,4,1,8,-1,B01,3,0,2,1,1,6,4,CROISETTE (BOULEVARD DE LA),0.0,,3,2,0,1,1,1,0,1,50,adult
202100002819,15,12,2021,0 days 11:00:00,1,92,92036,2,2,1,3,JEAN JAURES (RUE) (1/33),"48,9267617686","2,2946432233",1,1,2,1953.0,0,1,8,-1,B01,1,0,2,0,0,5,3,109,0.0,,2,2,0,1,1,1,0,1,50,child
202100002819,15,12,2021,0 days 11:00:00,1,92,92036,2,2,1,3,JEAN JAURES (RUE) (1/33),"48,9267617686","2,2946432233",1,4,2,1979.0,0,1,0,-1,B01,1,0,2,0,0,5,3,109,0.0,,2,2,0,1,1,1,0,1,50,adult
202100002841,17,12,2021,0 days 15:55:00,2,02,02232,1,1,1,3,Le Virlet,"49,2075570000","3,0530570000",1,1,1,1931.0,5,1,-1,-1,B01,2,16,2,8,2,5,3,81,-1.0,,2,2,0,3,1,1,0,1,80,child
202100002841,17,12,2021,0 days 15:55:00,2,02,02232,1,1,1,3,Le Virlet,"49,2075570000","3,0530570000",1,2,1,1960.0,5,0,-1,-1,B01,2,16,2,8,2,5,3,81,-1.0,,2,2,0,3,1,1,0,1,80,adult
202100002847,15,12,2021,0 days 17:45:00,3,45,45193,1,1,1,3,D7,"47,7624910000","1,9909950000",1,3,1,1966.0,5,8,-1,-1,B01,2,0,2,3,2,5,3,7,-1.0,,2,2,0,1,3,1,0,1,80,child
202100002847,15,12,2021,0 days 17:45:00,3,45,45193,1,1,1,3,D7,"47,7624910000","1,9909950000",1,1,1,2000.0,5,8,-1,-1,B01,2,0,2,3,2,5,3,7,-1.0,,2,2,0,1,3,1,0,1,80,adult
202100002877,20,8,2021,0 days 09:15:00,1,2A,2A004,1,1,1,2,T21,"41,9268800000","8,7823400000",1,3,1,1973.0,5,2,0,-1,B01,1,0,2,4,2,5,2,T21,0.0,,3,0,0,1,1,1,0,1,90,child
202100002877,20,8,2021,0 days 09:15:00,1,2A,2A004,1,1,1,2,T21,"41,9268800000","8,7823400000",1,1,1,2001.0,1,1,8,-1,B01,1,0,2,4,2,5,2,T21,0.0,,3,0,0,1,1,1,0,1,90,adult
202100002932,14,12,2021,0 days 08:00:00,5,37,37122,2,6,5,2,CHINON (BOULEVARD DE),"47,3518509943","0,6864825636",1,4,2,1968.0,1,8,0,-1,B01,1,0,2,2,15,5,4,CHINON (BOULEVARD DE),0.0,,3,1,1,1,1,2,5,5,50,child
202100002932,14,12,2021,0 days 08:00:00,5,37,37122,2,6,5,2,CHINON (BOULEVARD DE),"47,3518509943","0,6864825636",1,1,1,2002.0,1,1,8,-1,B01,1,0,2,2,15,5,4,CHINON (BOULEVARD DE),0.0,,3,1,1,1,1,2,5,5,50,adult
202100002967,14,12,2021,0 days 09:15:00,1,75,75114,2,1,1,6,AVENUE JEAN MOULIN,"48,8273030000","2,3255610000",3,4,1,1960.0,1,0,-1,-1,A01,1,0,1,1,1,5,4,AVENUE JEAN MOULIN,0.0,,1,2,2,1,1,1,0,1,30,child
202100002967,14,12,2021,0 days 09:15:00,1,75,75114,2,1,1,6,AVENUE JEAN MOULIN,"48,8273030000","2,3255610000",1,4,1,1991.0,1,2,0,-1,A01,1,0,1,1,1,5,4,AVENUE JEAN MOULIN,0.0,,1,2,2,1,1,1,0,1,30,adult
202100003118,13,12,2021,0 days 19:18:00,5,49,49353,2,3,1,3,BARA,"47,4431600000"," -0,4879200000",1,1,2,1972.0,9,1,0,-1,A01,1,0,2,7,11,5,4,BARA,0.0,,2,2,0,1,1,1,0,1,50,child
202100003118,13,12,2021,0 days 19:18:00,5,49,49353,2,3,1,3,BARA,"47,4431600000"," -0,4879200000",1,4,1,2008.0,9,8,0,-1,A01,1,0,2,7,11,5,4,BARA,0.0,,2,2,0,1,1,1,0,1,50,adult
202100003154,11,12,2021,0 days 20:43:00,5,75,75113,2,5,2,6,AVENUE D IVRY,"48,8260900000","2,3601180000",1,4,1,1964.0,5,1,0,-1,B01,2,0,2,0,1,5,4,AVENUE D IVRY,0.0,,1,4,1,1,1,2,0,5,30,child
202100003154,11,12,2021,0 days 20:43:00,5,75,75113,2,5,2,6,AVENUE D IVRY,"48,8260900000","2,3601180000",2,4,2,1971.0,9,1,0,-1,B01,2,0,2,0,1,5,4,AVENUE D IVRY,0.0,,1,4,1,1,1,2,0,5,30,adult
202100003154,11,12,2021,0 days 20:43:00,5,75,75113,2,5,2,6,AVENUE D IVRY,"48,8260900000","2,3601180000",3,4,2,1972.0,9,0,-1,-1,B01,2,0,2,0,1,5,4,AVENUE D IVRY,0.0,,1,4,1,1,1,2,0,5,30,adult
202100003154,11,12,2021,0 days 20:43:00,5,75,75113,2,5,2,6,AVENUE D IVRY,"48,8260900000","2,3601180000",3,4,1,1976.0,9,0,-1,-1,B01,2,0,2,0,1,5,4,AVENUE D IVRY,0.0,,1,4,1,1,1,2,0,5,30,adult
202100003154,11,12,2021,0 days 20:43:00,5,75,75113,2,5,2,6,AVENUE D IVRY,"48,8260900000","2,3601180000",3,4,1,1977.0,9,0,-1,-1,B01,2,0,2,0,1,5,4,AVENUE D IVRY,0.0,,1,4,1,1,1,2,0,5,30,adult
202100003154,11,12,2021,0 days 20:43:00,5,75,75113,2,5,2,6,AVENUE D IVRY,"48,8260900000","2,3601180000",1,2,1,1978.0,5,2,0,-1,B01,2,0,2,0,1,5,4,AVENUE D IVRY,0.0,,1,4,1,1,1,2,0,5,30,adult
202100003154,11,12,2021,0 days 20:43:00,5,75,75113,2,5,2,6,AVENUE D IVRY,"48,8260900000","2,3601180000",3,1,1,1985.0,9,0,-1,-1,B01,2,0,2,0,1,5,4,AVENUE D IVRY,0.0,,1,4,1,1,1,2,0,5,30,adult
202100003154,11,12,2021,0 days 20:43:00,5,75,75113,2,5,2,6,AVENUE D IVRY,"48,8260900000","2,3601180000",3,3,2,1986.0,5,0,-1,-1,B01,2,0,2,0,1,5,4,AVENUE D IVRY,0.0,,1,4,1,1,1,2,0,5,30,adult
202100003154,11,12,2021,0 days 20:43:00,5,75,75113,2,5,2,6,AVENUE D IVRY,"48,8260900000","2,3601180000",3,4,1,1987.0,5,0,-1,-1,B01,2,0,2,0,1,5,4,AVENUE D IVRY,0.0,,1,4,1,1,1,2,0,5,30,adult
202100003154,11,12,2021,0 days 20:43:00,5,75,75113,2,5,2,6,AVENUE D IVRY,"48,8260900000","2,3601180000",1,1,1,1988.0,5,1,0,-1,B01,2,0,2,0,1,5,4,AVENUE D IVRY,0.0,,1,4,1,1,1,2,0,5,30,adult
202100003154,11,12,2021,0 days 20:43:00,5,75,75113,2,5,2,6,AVENUE D IVRY,"48,8260900000","2,3601180000",3,4,2,1989.0,9,0,-1,-1,B01,2,0,2,0,1,5,4,AVENUE D IVRY,0.0,,1,4,1,1,1,2,0,5,30,adult
202100003154,11,12,2021,0 days 20:43:00,5,75,75113,2,5,2,6,AVENUE D IVRY,"48,8260900000","2,3601180000",1,1,1,1992.0,9,1,0,-1,B01,2,0,2,0,1,5,4,AVENUE D IVRY,0.0,,1,4,1,1,1,2,0,5,30,adult
202100003154,11,12,2021,0 days 20:43:00,5,75,75113,2,5,2,6,AVENUE D IVRY,"48,8260900000","2,3601180000",3,3,1,1993.0,5,0,-1,-1,B01,2,0,2,0,1,5,4,AVENUE D IVRY,0.0,,1,4,1,1,1,2,0,5,30,adult
202100003154,11,12,2021,0 days 20:43:00,5,75,75113,2,5,2,6,AVENUE D IVRY,"48,8260900000","2,3601180000",3,3,1,1995.0,5,0,-1,-1,B01,2,0,2,0,1,5,4,AVENUE D IVRY,0.0,,1,4,1,1,1,2,0,5,30,adult
202100003154,11,12,2021,0 days 20:43:00,5,75,75113,2,5,2,6,AVENUE D IVRY,"48,8260900000","2,3601180000",3,4,2,1998.0,9,0,-1,-1,B01,2,0,2,0,1,5,4,AVENUE D IVRY,0.0,,1,4,1,1,1,2,0,5,30,adult
202100003154,11,12,2021,0 days 20:43:00,5,75,75113,2,5,2,6,AVENUE D IVRY,"48,8260900000","2,3601180000",3,4,2,1999.0,9,0,-1,-1,B01,2,0,2,0,1,5,4,AVENUE D IVRY,0.0,,1,4,1,1,1,2,0,5,30,adult
202100003154,11,12,2021,0 days 20:43:00,5,75,75113,2,5,2,6,AVENUE D IVRY,"48,8260900000","2,3601180000",3,4,1,2005.0,5,0,-1,-1,B01,2,0,2,0,1,5,4,AVENUE D IVRY,0.0,,1,4,1,1,1,2,0,5,30,adult
202100003154,11,12,2021,0 days 20:43:00,5,75,75113,2,5,2,6,AVENUE D IVRY,"48,8260900000","2,3601180000",2,4,2,2008.0,5,1,0,-1,B01,2,0,2,0,1,5,4,AVENUE D IVRY,0.0,,1,4,1,1,1,2,0,5,30,adult
202100003154,11,12,2021,0 days 20:43:00,5,75,75113,2,5,2,6,AVENUE D IVRY,"48,8260900000","2,3601180000",3,4,1,2018.0,5,0,-1,-1,B01,2,0,2,0,1,5,4,AVENUE D IVRY,0.0,,1,4,1,1,1,2,0,5,30,adult
202100003160,13,12,2021,0 days 08:20:00,1,75,75115,2,1,1,6,RUE DE VAUGIRARD,"48,8365460000","2,2950000000",1,4,1,1975.0,1,2,0,-1,A01,2,0,1,0,21,5,4,RUE DE VAUGIRARD,0.0,,1,2,0,1,1,1,0,1,30,child
202100003160,13,12,2021,0 days 08:20:00,1,75,75115,2,1,1,6,RUE DE VAUGIRARD,"48,8365460000","2,2950000000",3,1,2,2003.0,9,0,-1,-1,A01,2,0,1,0,21,5,4,RUE DE VAUGIRARD,0.0,,1,2,0,1,1,1,0,1,30,adult
202100003199,14,12,2021,0 days 07:45:00,2,74,74081,2,1,5,3,26 Avenue Georges Clémenceau,"46,0670130000","6,5735330000",1,1,2,1974.0,0,1,-1,-1,B01,3,0,2,8,26,5,4,,-1.0,,3,1,0,1,4,1,0,1,50,child
202100003199,14,12,2021,0 days 07:45:00,2,74,74081,2,1,5,3,26 Avenue Georges Clémenceau,"46,0670130000","6,5735330000",1,4,1,2009.0,2,0,-1,-1,B01,3,0,2,8,26,5,4,,-1.0,,3,1,0,1,4,1,0,1,50,adult
202100003252,12,12,2021,0 days 09:55:00,1,29,29019,2,6,1,3,Giratoire Rue de Valmy,"48,3981004100"," -4,4650732300",1,1,1,1979.0,5,1,0,-1,B01,2,0,2,1,1,5,4,VALMY,0.0,,2,2,0,2,2,1,5,1,50,child
202100003252,12,12,2021,0 days 09:55:00,1,29,29019,2,6,1,3,Giratoire Rue de Valmy,"48,3981004100"," -4,4650732300",1,3,1,2002.0,5,2,0,-1,B01,2,0,2,1,1,5,4,VALMY,0.0,,2,2,0,2,2,1,5,1,50,adult
202100003271,12,12,2021,0 days 10:15:00,1,92,92076,2,2,1,3,REPUBLIQUE,"48,8373498484","2,1526953578",1,1,1,1931.0,0,1,0,-1,B01,2,0,2,1,1,5,3,907,0.0,,2,2,0,2,1,2,0,1,50,child
202100003271,12,12,2021,0 days 10:15:00,1,92,92076,2,2,1,3,REPUBLIQUE,"48,8373498484","2,1526953578",1,3,1,1961.0,0,8,0,-1,B01,2,0,2,1,1,5,3,907,0.0,,2,2,0,2,1,2,0,1,50,adult
202100003308,13,12,2021,0 days 11:45:00,1,01,01064,2,1,1,3,D19 A,"45,7858790000","5,4531780000",1,1,1,1947.0,5,1,-1,-1,B01,1,0,0,8,19,5,3,19,0.0,A,2,2,1,1,1,1,0,1,70,child
202100003308,13,12,2021,0 days 11:45:00,1,01,01064,2,1,1,3,D19 A,"45,7858790000","5,4531780000",1,3,1,2010.0,2,0,-1,-1,B01,1,0,0,8,19,5,3,19,0.0,A,2,2,1,1,1,1,0,1,70,adult
202100003315,13,12,2021,0 days 09:00:00,1,35,35047,1,6,1,3,La Barre de Cicé,"48,0620770000"," -1,7551950000",1,3,1,1937.0,5,2,-1,-1,B01,1,0,0,7,1,5,7,D34,-1.0,,2,2,0,1,2,2,0,1,80,child
202100003315,13,12,2021,0 days 09:00:00,1,35,35047,1,6,1,3,La Barre de Cicé,"48,0620770000"," -1,7551950000",1,1,2,1965.0,1,1,-1,-1,B01,1,0,0,7,1,5,7,D34,-1.0,,2,2,0,1,2,2,0,1,80,adult
202100003355,12,12,2021,0 days 10:39:00,1,64,64213,2,2,7,3,RD918,"43,3393910000"," -1,4529900000",1,3,1,1957.0,5,2,6,-1,B01,1,0,2,1,1,5,3,918,-1.0,D,2,2,0,1,1,2,0,5,50,child
202100003355,12,12,2021,0 days 10:39:00,1,64,64213,2,2,7,3,RD918,"43,3393910000"," -1,4529900000",1,1,2,1988.0,1,1,-1,-1,B01,1,0,2,1,1,5,3,918,-1.0,D,2,2,0,1,1,2,0,5,50,adult
202100003365,6,12,2021,0 days 13:45:00,1,77,77103,1,1,1,3,RD 408 pk 12+600 sens Nangis,"48,5433760000","2,8012560000",1,4,1,1963.0,5,2,-1,-1,B01,1,0,2,8,2,5,3,408,0.0,,2,2,0,1,1,1,0,1,90,child
202100003365,6,12,2021,0 days 13:45:00,1,77,77103,1,1,1,3,RD 408 pk 12+600 sens Nangis,"48,5433760000","2,8012560000",1,1,1,1991.0,4,1,-1,-1,B01,1,0,2,8,2,5,3,408,0.0,,2,2,0,1,1,1,0,1,90,adult
202100003459,11,12,2021,0 days 18:20:00,5,972,97206,1,1,2,1,Quartier Ancinel,"14,5050990000"," -61,0455190000",1,1,2,1967.0,0,1,-1,-1,B01,3,0,2,1,1,5,5,,-1.0,,2,1,0,4,2,2,0,1,50,child
202100003459,11,12,2021,0 days 18:20:00,5,972,97206,1,1,2,1,Quartier Ancinel,"14,5050990000"," -61,0455190000",1,4,1,2005.0,5,0,-1,-1,B01,3,0,2,1,1,5,5,,-1.0,,2,1,0,4,2,2,0,1,50,adult
202100003551,10,12,2021,0 days 07:42:00,1,69,69387,2,3,2,3,TONY GARNIER (AV),"45,7316100000","4,8241700000",1,1,2,1966.0,4,8,-1,-1,B01,3,0,4,7,1,0,4,TONY GARNIER                        (AV),0.0,,3,5,3,1,1,2,9,6,50,child
202100003551,10,12,2021,0 days 07:42:00,1,69,69387,2,3,2,3,TONY GARNIER (AV),"45,7316100000","4,8241700000",1,3,2,1997.0,0,8,-1,-1,B01,3,0,4,7,1,0,4,TONY GARNIER                        (AV),0.0,,3,5,3,1,1,2,9,6,50,adult
202100003554,9,12,2021,0 days 13:30:00,1,69,69386,2,3,1,2,BERANGER                            (R ),"45,7661900000","4,8611200000",1,4,2,1957.0,0,8,-1,-1,B01,3,15,2,3,24,5,4,,0.0,,2,2,0,1,1,1,0,1,50,child
202100003554,9,12,2021,0 days 13:30:00,1,69,69386,2,3,1,2,BERANGER                            (R ),"45,7661900000","4,8611200000",1,1,1,1979.0,4,8,-1,-1,B01,3,15,2,3,24,5,4,,0.0,,2,2,0,1,1,1,0,1,50,adult
202100003573,8,12,2021,0 days 18:00:00,2,91,91122,2,1,2,1,CHARLES DE GAULLE(RUE),"48,6952200000","2,1575100000",1,4,1,1979.0,5,2,4,-1,B01,2,0,2,1,1,5,4,CHARLES DE GAULLE(RUE),0.0,,-1,1,0,1,1,2,0,1,50,child
202100003573,8,12,2021,0 days 18:00:00,2,91,91122,2,1,2,1,CHARLES DE GAULLE(RUE),"48,6952200000","2,1575100000",1,1,1,2000.0,4,1,0,-1,B01,2,0,2,1,1,5,4,CHARLES DE GAULLE(RUE),0.0,,-1,1,0,1,1,2,0,1,50,adult
202100003623,9,12,2021,0 days 17:50:00,5,59,59410,2,9,9,3,ACACIAS AVENUE DES,"50,6420970519","3,1012344360",1,1,2,1962.0,0,1,0,-1,B01,2,9,2,2,1,5,7,ACACIAS AVENUE DES,0.0,,2,2,1,1,1,2,0,1,50,child
202100003623,9,12,2021,0 days 17:50:00,5,59,59410,2,9,9,3,ACACIAS AVENUE DES,"50,6420970519","3,1012344360",1,4,1,1995.0,0,0,0,0,B01,2,9,2,2,1,5,7,ACACIAS AVENUE DES,0.0,,2,2,1,1,1,2,0,1,50,adult
202100003634,8,12,2021,0 days 08:20:00,1,54,54395,2,3,1,3,HOCHE (RUE DU GENERAL),"48,6845835686","6,1691286787",1,1,2,1960.0,1,1,0,-1,A01,1,0,2,7,1,5,4,HOCHE (RUE DU GENERAL),0.0,,1,2,2,1,1,1,-1,1,30,child
202100003634,8,12,2021,0 days 08:20:00,1,54,54395,2,3,1,3,HOCHE (RUE DU GENERAL),"48,6845835686","6,1691286787",1,4,1,2002.0,0,8,0,-1,A01,1,0,2,7,1,5,4,HOCHE (RUE DU GENERAL),0.0,,1,2,2,1,1,1,-1,1,30,adult
202100003646,9,12,2021,0 days 11:28:00,1,49,49007,2,1,1,2,CHARLET,"47,4733400000"," -0,5765300000",1,1,2,1968.0,9,1,0,-1,A01,1,0,2,1,1,5,4,CHARLET,0.0,,1,1,0,1,1,1,0,1,50,child
202100003646,9,12,2021,0 days 11:28:00,1,49,49007,2,1,1,2,CHARLET,"47,4733400000"," -0,5765300000",1,4,2,2002.0,9,8,0,-1,A01,1,0,2,1,1,5,4,CHARLET,0.0,,1,1,0,1,1,1,0,1,50,adult
202100003650,8,12,2021,0 days 17:10:00,1,45,45284,2,6,1,1,Avenue du Capitaine Jean,"47,9105800000","1,9523600000",1,1,1,1979.0,4,1,0,-1,B01,1,0,2,1,1,5,7,,0.0,,4,2,1,1,3,1,5,8,50,child
202100003650,8,12,2021,0 days 17:10:00,1,45,45284,2,6,1,1,Avenue du Capitaine Jean,"47,9105800000","1,9523600000",1,2,1,2008.0,2,8,0,-1,B01,1,0,2,1,1,5,7,,0.0,,4,2,1,1,3,1,5,8,50,adult
202100003689,9,12,2021,0 days 17:20:00,5,15,15014,2,1,1,1,Rue des Carmes,"44,9273720000","2,4435300000",1,1,2,1975.0,1,1,0,-1,A01,2,0,0,0,0,5,4,CARMES (RUE DES),0.0,,1,2,1,1,1,1,0,1,50,child
202100003689,9,12,2021,0 days 17:20:00,5,15,15014,2,1,1,1,Rue des Carmes,"44,9273720000","2,4435300000",1,4,1,1996.0,5,8,0,-1,A01,2,0,0,0,0,5,4,CARMES (RUE DES),0.0,,1,2,1,1,1,1,0,1,50,adult
202100003734,10,12,2021,0 days 14:45:00,1,75,75103,2,2,6,6,RUE DE TURBIGO,"48,8644280000","2,3515110000",3,4,2,1952.0,5,8,8,-1,A01,1,0,1,1,21,5,4,RUE DE TURBIGO,0.0,,2,4,1,1,1,1,-1,5,30,child
202100003734,10,12,2021,0 days 14:45:00,1,75,75103,2,2,6,6,RUE DE TURBIGO,"48,8644280000","2,3515110000",1,1,1,1994.0,1,8,0,-1,A01,1,0,1,1,21,5,4,RUE DE TURBIGO,0.0,,2,4,1,1,1,1,-1,5,30,adult
202100003789,1,12,2021,0 days 17:00:00,1,987,98733,2,1,1,1,Pk 20+900 RT1," -17,7008788078"," -149,5838749409",1,3,1,1959.0,5,0,-1,-1,B01,2,0,9,1,1,5,2,,2.0,,2,2,0,1,2,9,0,3,50,child
202100003789,1,12,2021,0 days 17:00:00,1,987,98733,2,1,1,1,Pk 20+900 RT1," -17,7008788078"," -149,5838749409",1,3,1,2005.0,5,0,-1,-1,B01,2,0,9,1,1,5,2,,2.0,,2,2,0,1,2,9,0,3,50,adult
202100003793,11,12,2021,0 days 13:10:00,1,26,26347,2,3,1,3,Rue Albert Nicolas,"45,0687580000","4,8434690000",1,3,1,1949.0,0,8,-1,-1,A01,2,0,2,0,16,5,2,,-1.0,,2,2,-1,1,1,1,0,1,-1,child
202100003793,11,12,2021,0 days 13:10:00,1,26,26347,2,3,1,3,Rue Albert Nicolas,"45,0687580000","4,8434690000",1,1,1,1982.0,0,8,-1,-1,A01,2,0,2,0,16,5,2,,-1.0,,2,2,-1,1,1,1,0,1,-1,adult
202100003840,9,12,2021,0 days 18:05:00,5,75,75108,2,1,1,2,BOULEVARD DE COURCELLES,"48,8790440000","2,3026530000",1,1,1,1952.0,9,8,0,-1,B01,2,0,2,2,1,5,4,BOULEVARD DE COURCELLES,0.0,,2,4,1,1,1,1,-1,5,30,child
202100003840,9,12,2021,0 days 18:05:00,5,75,75108,2,1,1,2,BOULEVARD DE COURCELLES,"48,8790440000","2,3026530000",1,4,1,2002.0,9,8,0,-1,B01,2,0,2,2,1,5,4,BOULEVARD DE COURCELLES,0.0,,2,4,1,1,1,1,-1,5,30,adult
202100003857,9,12,2021,0 days 10:11:00,1,92,92049,2,1,1,6,PELLETAN RUE CAMILLE,"48,8167489746","2,3094651103",3,1,1,1973.0,9,0,-1,-1,A01,1,0,1,3,1,5,4,,0.0,,1,1,0,1,1,1,0,1,30,child