Num_Acc,jour,mois,an,hrmn,lum,dep,com,agg,int,atm,col,adr,lat,long,catu,grav,sexe,an_nais,trajet,secu1,secu2,secu3,num_veh_y,senc,obs,obsm,choc,manv,motor,catr,voie,v1,v2,circ,nbv,vosp,prof,plan,surf,infra,situ,vma,age
202100003857,9,12,2021,0 days 10:11:00,1,92,92049,2,1,1,6,PELLETAN RUE CAMILLE,"48,8167489746","2,3094651103",1,4,2,1999.0,9,8,8,-1,A01,1,0,1,3,1,5,4,,0.0,,1,1,0,1,1,1,0,1,30,adult
202100003888,5,12,2021,0 days 11:40:00,1,49,49377,1,1,1,2,Route Départementale N°113 (Soucelles),"47,5920190000"," -0,4529390000",1,1,1,1973.0,3,1,-1,-1,A01,2,0,2,1,2,5,3,113,-1.0,,2,2,1,1,1,2,9,1,70,child
202100003888,5,12,2021,0 days 11:40:00,1,49,49377,1,1,1,2,Route Départementale N°113 (Soucelles),"47,5920190000"," -0,4529390000",1,4,1,1998.0,9,2,-1,-1,A01,2,0,2,1,2,5,3,113,-1.0,,2,2,1,1,1,2,9,1,70,adult
202100003920,9,12,2021,0 days 18:55:00,5,79,79270,2,2,2,3,Av du Mal de Lattre de Tassigny,"46,4133190000"," -0,2056720000",1,1,2,1978.0,5,1,-1,-1,B01,2,0,2,1,0,5,3,611,-1.0,,2,2,0,2,1,2,5,1,50,child
202100003920,9,12,2021,0 days 18:55:00,5,79,79270,2,2,2,3,Av du Mal de Lattre de Tassigny,"46,4133190000"," -0,2056720000",1,3,1,2005.0,5,2,-1,-1,B01,2,0,2,1,0,5,3,611,-1.0,,2,2,0,2,1,2,5,1,50,adult
202100003956,23,9,2021,0 days 08:20:00,1,75,75101,2,2,1,3,RUE DE CASTIGLIONE,"48,8666130000","2,3285740000",1,4,1,1975.0,2,2,0,-1,B01,2,0,2,8,1,5,4,RUE DE CASTIGLIONE,0.0,,1,1,0,1,1,1,0,1,30,child
202100003956,23,9,2021,0 days 08:20:00,1,75,75101,2,2,1,3,RUE DE CASTIGLIONE,"48,8666130000","2,3285740000",1,1,1,1978.0,4,1,0,-1,B01,2,0,2,8,1,5,4,RUE DE CASTIGLIONE,0.0,,1,1,0,1,1,1,0,1,30,adult
202100003956,23,9,2021,0 days 08:20:00,1,75,75101,2,2,1,3,RUE DE CASTIGLIONE,"48,8666130000","2,3285740000",2,4,1,2015.0,2,3,2,-1,B01,2,0,2,8,1,5,4,RUE DE CASTIGLIONE,0.0,,1,1,0,1,1,1,0,1,30,adult
202100003956,23,9,2021,0 days 08:20:00,1,75,75101,2,2,1,3,RUE DE CASTIGLIONE,"48,8666130000","2,3285740000",2,2,1,2019.0,2,3,2,-1,B01,2,0,2,8,1,5,4,RUE DE CASTIGLIONE,0.0,,1,1,0,1,1,1,0,1,30,adult
202100003963,8,12,2021,0 days 11:10:00,1,69,69383,2,2,2,3,DOCTEUR LONG (DU) (CR),"45,7510200000","4,8891300000",1,4,1,1980.0,9,2,-1,-1,B01,2,0,2,2,1,5,4,DOCTEUR LONG (DU)                   (CO),0.0,,1,1,0,1,1,2,0,1,30,child
202100003963,8,12,2021,0 days 11:10:00,1,69,69383,2,2,2,3,DOCTEUR LONG (DU) (CR),"45,7510200000","4,8891300000",1,1,1,2002.0,4,1,-1,-1,B01,2,0,2,2,1,5,4,DOCTEUR LONG (DU)                   (CO),0.0,,1,1,0,1,1,2,0,1,30,adult
202100003963,8,12,2021,0 days 11:10:00,1,69,69383,2,2,2,3,DOCTEUR LONG (DU) (CR),"45,7510200000","4,8891300000",2,4,1,2018.0,9,3,2,-1,B01,2,0,2,2,1,5,4,DOCTEUR LONG (DU)                   (CO),0.0,,1,1,0,1,1,2,0,1,30,adult
202100003968,7,12,2021,0 days 08:50:00,1,69,69383,2,2,2,3,FELIX FAURE (AV),"45,7541100000","4,8632200000",1,1,2,1962.0,0,1,-1,-1,A01,1,0,2,1,2,0,4,                       (AV),0.0,,2,3,3,1,1,2,5,1,50,child
202100003968,7,12,2021,0 days 08:50:00,1,69,69383,2,2,2,3,FELIX FAURE (AV),"45,7541100000","4,8632200000",1,1,2,1989.0,0,8,-1,-1,A01,1,0,2,1,2,0,4,                       (AV),0.0,,2,3,3,1,1,2,5,1,50,adult
202100003968,7,12,2021,0 days 08:50:00,1,69,69383,2,2,2,3,FELIX FAURE (AV),"45,7541100000","4,8632200000",2,4,1,2019.0,0,2,-1,-1,A01,1,0,2,1,2,0,4,                       (AV),0.0,,2,3,3,1,1,2,5,1,50,adult
202100003975,7,12,2021,0 days 09:25:00,1,69,69081,2,6,2,3,PEROLLIER (DU) (RDPT),"45,7863400000","4,7830800000",1,1,2,1966.0,5,1,-1,-1,B01,3,0,2,1,1,5,4,PEROLLIER (DU)                          ,0.0,,1,2,0,1,1,2,5,1,50,child
202100003975,7,12,2021,0 days 09:25:00,1,69,69081,2,6,2,3,PEROLLIER (DU) (RDPT),"45,7863400000","4,7830800000",1,4,1,1993.0,1,0,-1,-1,B01,3,0,2,1,1,5,4,PEROLLIER (DU)                          ,0.0,,1,2,0,1,1,2,5,1,50,adult
202100003983,8,12,2021,0 days 11:45:00,1,91,91687,2,6,1,3,HUSSON (BOULEVARD),"48,6754290000","2,3780160000",1,1,1,1951.0,5,1,0,-1,B01,3,0,2,0,0,0,4,HUSSON (BOULEVARD),0.0,,2,2,0,1,1,1,0,1,50,child
202100003983,8,12,2021,0 days 11:45:00,1,91,91687,2,6,1,3,HUSSON (BOULEVARD),"48,6754290000","2,3780160000",1,4,1,2014.0,0,2,0,-1,B01,3,0,2,0,0,0,4,HUSSON (BOULEVARD),0.0,,2,2,0,1,1,1,0,1,50,adult
202100004000,7,12,2021,0 days 20:00:00,5,78,78498,2,2,2,3,EISENHOWER AV DU GENERAL,"48,9264300000","2,0512500000",1,4,1,1962.0,0,2,0,-1,B01,3,0,2,7,1,0,3,EISENHOWER AV DU GENERAL,0.0,,2,2,0,2,1,2,5,1,30,child
202100004000,7,12,2021,0 days 20:00:00,5,78,78498,2,2,2,3,EISENHOWER AV DU GENERAL,"48,9264300000","2,0512500000",1,3,1,1997.0,0,2,0,-1,B01,3,0,2,7,1,0,3,EISENHOWER AV DU GENERAL,0.0,,2,2,0,2,1,2,5,1,30,adult
202100004008,4,12,2021,0 days 06:25:00,5,68,68166,2,6,2,3,BEARN (RUE DU),"47,7912400000","7,3218070000",1,3,1,1936.0,4,8,4,-1,B01,2,0,2,3,19,0,4,BEARN (RUE DU),0.0,,2,2,0,1,2,2,0,1,30,child
202100004008,4,12,2021,0 days 06:25:00,5,68,68166,2,6,2,3,BEARN (RUE DU),"47,7912400000","7,3218070000",1,1,1,1985.0,4,1,0,-1,B01,2,0,2,3,19,0,4,BEARN (RUE DU),0.0,,2,2,0,1,2,2,0,1,30,adult
202100004020,7,12,2021,0 days 08:20:00,2,59,59205,2,1,8,2,RUE PAUL BERT,"50,3262300000","3,3432600000",1,2,2,1961.0,1,0,-1,-1,Y01,1,0,2,4,1,5,3,RUE PAUL BERT,0.0,,2,2,0,1,1,7,0,1,50,child
202100004020,7,12,2021,0 days 08:20:00,2,59,59205,2,1,8,2,RUE PAUL BERT,"50,3262300000","3,3432600000",1,1,2,1999.0,1,1,8,-1,Y01,1,0,2,4,1,5,3,RUE PAUL BERT,0.0,,2,2,0,1,1,7,0,1,50,adult
202100004021,7,12,2021,0 days 09:30:00,1,59,59650,2,1,1,1,MONT A LEUX (RUE DU),"50,7169300000","3,1829300000",1,3,2,1960.0,3,8,0,-1,B01,1,16,2,0,0,5,7,MONT A LEUX (RUE DU),0.0,,2,2,0,1,1,2,0,1,30,child
202100004021,7,12,2021,0 days 09:30:00,1,59,59650,2,1,1,1,MONT A LEUX (RUE DU),"50,7169300000","3,1829300000",1,1,1,1983.0,4,1,0,-1,B01,1,16,2,0,0,5,7,MONT A LEUX (RUE DU),0.0,,2,2,0,1,1,2,0,1,30,adult
202100004115,8,12,2021,0 days 13:38:00,1,75,75115,2,3,1,2,RUE CAMBRONNE,"48,8456900000","2,3020110000",1,1,2,1940.0,5,1,0,-1,A01,2,0,2,4,1,5,4,RUE CAMBRONNE,0.0,,2,2,0,1,1,1,0,1,30,child
202100004115,8,12,2021,0 days 13:38:00,1,75,75115,2,3,1,2,RUE CAMBRONNE,"48,8456900000","2,3020110000",1,4,1,1998.0,1,8,0,-1,A01,2,0,2,4,1,5,4,RUE CAMBRONNE,0.0,,2,2,0,1,1,1,0,1,30,adult
202100004122,8,12,2021,0 days 09:40:00,1,75,75109,2,2,1,3,RUE DE SEZE,"48,8703680000","2,3267110000",1,4,2,1965.0,9,8,0,-1,B01,2,0,2,8,1,5,4,RUE DE SEZE,0.0,,1,1,0,1,1,1,0,1,30,child
202100004122,8,12,2021,0 days 09:40:00,1,75,75109,2,2,1,3,RUE DE SEZE,"48,8703680000","2,3267110000",1,1,1,1987.0,4,1,0,-1,B01,2,0,2,8,1,5,4,RUE DE SEZE,0.0,,1,1,0,1,1,1,0,1,30,adult
202100004123,8,12,2021,0 days 12:50:00,1,75,75107,2,2,1,3,BOULEVARD SAINT GERMAIN,"48,8585020000","2,3231150000",1,1,1,1968.0,4,1,0,-1,A01,1,0,2,2,1,5,4,BOULEVARD SAINT GERMAIN,0.0,,2,4,3,1,1,1,0,6,30,child
202100004123,8,12,2021,0 days 12:50:00,1,75,75107,2,2,1,3,BOULEVARD SAINT GERMAIN,"48,8585020000","2,3231150000",1,4,2,2006.0,5,8,0,-1,A01,1,0,2,2,1,5,4,BOULEVARD SAINT GERMAIN,0.0,,2,4,3,1,1,1,0,6,30,adult
202100004124,7,12,2021,0 days 09:50:00,1,75,75104,2,4,8,3,BOULEVARD MORLAND,"48,8482620000","2,3649800000",2,1,1,1957.0,4,8,0,-1,B01,1,0,2,8,1,5,4,BOULEVARD MORLAND,0.0,,2,4,1,1,1,1,-1,5,30,child
202100004124,7,12,2021,0 days 09:50:00,1,75,75104,2,4,8,3,BOULEVARD MORLAND,"48,8482620000","2,3649800000",1,1,1,1989.0,4,1,0,-1,B01,1,0,2,8,1,5,4,BOULEVARD MORLAND,0.0,,2,4,1,1,1,1,-1,5,30,adult
202100004124,7,12,2021,0 days 09:50:00,1,75,75104,2,4,8,3,BOULEVARD MORLAND,"48,8482620000","2,3649800000",1,4,1,1998.0,1,8,0,-1,B01,1,0,2,8,1,5,4,BOULEVARD MORLAND,0.0,,2,4,1,1,1,1,-1,5,30,adult
202100004182,9,12,2021,0 days 12:25:00,1,83,83008,1,1,1,1,D4,"43,5252460000","6,7142340000",1,3,1,1969.0,5,2,-1,-1,B01,1,0,2,1,5,5,3,4,-1.0,,2,2,0,2,4,1,0,1,90,child
202100004182,9,12,2021,0 days 12:25:00,1,83,83008,1,1,1,1,D4,"43,5252460000","6,7142340000",1,1,2,1992.0,9,1,-1,-1,B01,1,0,2,1,5,5,3,4,-1.0,,2,2,0,2,4,1,0,1,90,adult
202100004186,9,12,2021,0 days 11:55:00,1,26,26220,2,1,1,3,26 Avenue Paul Laurens,"44,3602450000","5,1356210000",1,1,2,1942.0,5,1,-1,-1,A01,1,0,2,2,15,5,4,,-1.0,,2,2,0,1,1,1,0,1,50,child
202100004186,9,12,2021,0 days 11:55:00,1,26,26220,2,1,1,3,26 Avenue Paul Laurens,"44,3602450000","5,1356210000",1,3,1,2004.0,1,0,-1,-1,A01,1,0,2,2,15,5,4,,-1.0,,2,2,0,1,1,1,0,1,50,adult
202100004333,7,12,2021,0 days 17:00:00,2,18,18197,2,2,3,3,Avenue de la République,"46,7272970000","2,5079670000",1,1,1,1948.0,5,1,-1,-1,B01,1,0,2,3,1,5,3,10,-1.0,,2,2,0,1,1,2,0,1,50,child
202100004333,7,12,2021,0 days 17:00:00,2,18,18197,2,2,3,3,Avenue de la République,"46,7272970000","2,5079670000",1,3,2,1969.0,1,9,-1,-1,B01,1,0,2,3,1,5,3,10,-1.0,,2,2,0,1,1,2,0,1,50,adult
202100004351,2,12,2021,0 days 17:50:00,3,71,71176,2,3,2,7,Quai de l Industrie,"46,4858280000","3,9987550000",1,4,1,1934.0,3,0,-1,-1,A01,3,0,0,7,1,5,9,,-1.0,,-1,2,0,1,1,2,0,5,50,child
202100004351,2,12,2021,0 days 17:50:00,3,71,71176,2,3,2,7,Quai de l Industrie,"46,4858280000","3,9987550000",1,1,1,1965.0,5,1,-1,-1,A01,3,0,0,7,1,5,9,,-1.0,,-1,2,0,1,1,2,0,5,50,adult
202100004500,5,12,2021,0 days 15:25:00,1,69,69382,2,3,1,6,PRESIDENT EDOUARD HERRIOT (DU) (R),"45,7638200000","4,8342200000",3,3,2,1942.0,0,0,-1,-1,A01,1,0,1,1,15,5,4,PRESIDENT EDOUARD HERRIOT (DU)      (R ),0.0,,1,1,3,1,1,1,0,1,50,child
202100004500,5,12,2021,0 days 15:25:00,1,69,69382,2,3,1,6,PRESIDENT EDOUARD HERRIOT (DU) (R),"45,7638200000","4,8342200000",1,1,1,2005.0,4,8,-1,-1,A01,1,0,1,1,15,5,4,PRESIDENT EDOUARD HERRIOT (DU)      (R ),0.0,,1,1,3,1,1,1,0,1,50,adult
202100004532,5,12,2021,0 days 16:00:00,1,75,75118,2,2,2,3,BOULEVARD NEY,"48,8980250000","2,3444620000",1,1,1,1964.0,9,1,0,-1,A01,3,0,2,1,19,5,4,BOULEVARD NEY,0.0,,1,1,0,1,1,2,0,1,30,child
202100004532,5,12,2021,0 days 16:00:00,1,75,75118,2,2,2,3,BOULEVARD NEY,"48,8980250000","2,3444620000",1,4,1,1995.0,9,8,0,-1,A01,3,0,2,1,19,5,4,BOULEVARD NEY,0.0,,1,1,0,1,1,2,0,1,30,adult
202100004532,5,12,2021,0 days 16:00:00,1,75,75118,2,2,2,3,BOULEVARD NEY,"48,8980250000","2,3444620000",2,1,1,2003.0,9,1,0,-1,A01,3,0,2,1,19,5,4,BOULEVARD NEY,0.0,,1,1,0,1,1,2,0,1,30,adult
202100004532,5,12,2021,0 days 16:00:00,1,75,75118,2,2,2,3,BOULEVARD NEY,"48,8980250000","2,3444620000",2,1,2,2005.0,9,1,0,-1,A01,3,0,2,1,19,5,4,BOULEVARD NEY,0.0,,1,1,0,1,1,2,0,1,30,adult
202100004577,5,12,2021,0 days 10:20:00,1,29,29037,2,6,2,3,giratoire intersection Rue de Croas Ver et rue du Stade,"47,8843120000"," -4,1561850000",1,1,1,1971.0,5,1,-1,-1,B01,1,0,2,2,15,5,3,44,-1.0,,1,1,0,1,2,2,0,1,50,child
202100004577,5,12,2021,0 days 10:20:00,1,29,29037,2,6,2,3,giratoire intersection Rue de Croas Ver et rue du Stade,"47,8843120000"," -4,1561850000",1,4,1,1992.0,5,2,-1,-1,B01,1,0,2,2,15,5,3,44,-1.0,,1,1,0,1,2,2,0,1,50,adult
202100004741,3,12,2021,0 days 14:45:00,1,59,59009,2,1,2,3,PODIUM,"50,6525000000","3,1428900000",1,1,1,1950.0,0,1,0,-1,B01,3,0,0,0,0,5,4,PODIUM,0.0,,2,1,0,1,1,2,0,1,50,child
202100004741,3,12,2021,0 days 14:45:00,1,59,59009,2,1,2,3,PODIUM,"50,6525000000","3,1428900000",1,4,1,1999.0,0,0,-1,-1,B01,3,0,0,0,0,5,4,PODIUM,0.0,,2,1,0,1,1,2,0,1,50,adult
202100004768,4,12,2021,0 days 11:00:00,1,33,33063,2,6,7,3,Rue de Lacanau,"44,8483000000"," -0,6168600000",1,3,1,1948.0,0,0,-1,-1,B01,3,0,2,1,1,5,4,RUE DE LACANAU CAUD,0.0,,2,2,0,1,1,2,0,1,50,child
202100004768,4,12,2021,0 days 11:00:00,1,33,33063,2,6,7,3,Rue de Lacanau,"44,8483000000"," -0,6168600000",1,1,1,1972.0,9,1,-1,-1,B01,3,0,2,1,1,5,4,RUE DE LACANAU CAUD,0.0,,2,2,0,1,1,2,0,1,50,adult
202100004817,4,12,2021,0 days 17:00:00,5,75,75111,2,3,2,6,RUE DES TROIS BORNES,"48,8661770000","2,3712260000",3,1,1,1984.0,9,0,-1,-1,Z01,1,0,1,1,1,5,4,RUE DES TROIS BORNES,0.0,,1,1,2,2,1,2,0,1,30,child
202100004817,4,12,2021,0 days 17:00:00,5,75,75111,2,3,2,6,RUE DES TROIS BORNES,"48,8661770000","2,3712260000",3,4,1,2014.0,9,8,8,-1,Z01,1,0,1,1,1,5,4,RUE DES TROIS BORNES,0.0,,1,1,2,2,1,2,0,1,30,adult
202100004817,4,12,2021,0 days 17:00:00,5,75,75111,2,3,2,6,RUE DES TROIS BORNES,"48,8661770000","2,3712260000",1,1,-1,,-1,-1,-1,-1,Z01,1,0,1,1,1,5,4,RUE DES TROIS BORNES,0.0,,1,1,2,2,1,2,0,1,30,child
202100004922,3,12,2021,0 days 22:30:00,5,75,75110,2,2,3,3,RUE DU FAUBOURG SAINT MARTIN,"48,8811020000","2,3651540000",1,1,2,1965.0,1,1,0,-1,A01,2,0,0,7,5,5,4,RUE DU FAUBOURG SAINT MARTIN,0.0,,2,2,0,1,1,2,0,1,30,child
202100004922,3,12,2021,0 days 22:30:00,5,75,75110,2,2,3,3,RUE DU FAUBOURG SAINT MARTIN,"48,8811020000","2,3651540000",1,4,1,1989.0,5,8,0,-1,A01,2,0,0,7,5,5,4,RUE DU FAUBOURG SAINT MARTIN,0.0,,2,2,0,1,1,2,0,1,30,adult
202100004925,3,12,2021,0 days 10:45:00,1,75,75110,2,3,3,2,BOULEVARD DE MAGENTA,"48,8718400000","2,3600260000",1,4,1,1959.0,1,8,0,-1,B01,2,1,0,1,1,5,4,BOULEVARD DE MAGENTA,0.0,,1,4,1,1,1,2,0,5,30,child
202100004925,3,12,2021,0 days 10:45:00,1,75,75110,2,3,3,2,BOULEVARD DE MAGENTA,"48,8718400000","2,3600260000",2,1,1,1964.0,4,8,0,-1,B01,2,1,0,1,1,5,4,BOULEVARD DE MAGENTA,0.0,,1,4,1,1,1,2,0,5,30,adult
202100004925,3,12,2021,0 days 10:45:00,1,75,75110,2,3,3,2,BOULEVARD DE MAGENTA,"48,8718400000","2,3600260000",1,1,1,1994.0,4,8,0,-1,B01,2,1,0,1,1,5,4,BOULEVARD DE MAGENTA,0.0,,1,4,1,1,1,2,0,5,30,adult
202100004944,3,12,2021,0 days 20:45:00,5,92,92026,2,2,3,3,MARECHAL JOFFRE (QUAI DU),"48,8970500000","2,2644100000",1,1,1,1978.0,5,1,0,-1,A01,3,0,2,0,0,0,3,7,0.0,,4,-1,0,1,1,2,5,1,50,child
202100004944,3,12,2021,0 days 20:45:00,5,92,92026,2,2,3,3,MARECHAL JOFFRE (QUAI DU),"48,8970500000","2,2644100000",1,4,1,2002.0,4,0,-1,-1,A01,3,0,2,0,0,0,3,7,0.0,,4,-1,0,1,1,2,5,1,50,adult
202100005101,2,12,2021,0 days 09:50:00,1,75,75114,2,1,1,6,BOULEVARD ARAGO,"48,8345330000","2,3354170000",1,1,1,1974.0,4,8,0,-1,B01,1,0,2,0,1,5,4,BOULEVARD ARAGO,0.0,,2,4,1,2,1,1,-1,5,30,child
202100005101,2,12,2021,0 days 09:50:00,1,75,75114,2,1,1,6,BOULEVARD ARAGO,"48,8345330000","2,3354170000",2,1,1,1992.0,4,8,0,-1,B01,1,0,2,0,1,5,4,BOULEVARD ARAGO,0.0,,2,4,1,2,1,1,-1,5,30,adult
202100005101,2,12,2021,0 days 09:50:00,1,75,75114,2,1,1,6,BOULEVARD ARAGO,"48,8345330000","2,3354170000",1,4,2,1998.0,2,2,0,-1,B01,1,0,2,0,1,5,4,BOULEVARD ARAGO,0.0,,2,4,1,2,1,1,-1,5,30,adult
202100005129,1,12,2021,0 days 12:30:00,1,92,92025,2,1,1,3,AGENT SARRE (AV DE L'),"48,9247820000","2,2663990000",1,4,1,1944.0,3,8,0,-1,B01,3,1,0,1,1,5,3,986,0.0,,2,2,0,1,1,1,0,1,50,child
202100005129,1,12,2021,0 days 12:30:00,1,92,92025,2,1,1,3,AGENT SARRE (AV DE L'),"48,9247820000","2,2663990000",1,1,1,1973.0,2,8,0,-1,B01,3,1,0,1,1,5,3,986,0.0,,2,2,0,1,1,1,0,1,50,adult
202100005130,1,2,2021,0 days 12:30:00,1,92,92025,2,1,1,6,AGENT SARRE (AV DE L'),"48,9246870000","2,2658830000",1,4,1,1944.0,0,1,0,-1,B01,3,1,0,1,1,5,3,986,0.0,,2,2,0,1,1,1,0,1,50,child
202100005130,1,2,2021,0 days 12:30:00,1,92,92025,2,1,1,6,AGENT SARRE (AV DE L'),"48,9246870000","2,2658830000",1,1,1,1973.0,0,8,0,-1,B01,3,1,0,1,1,5,3,986,0.0,,2,2,0,1,1,1,0,1,50,adult
202100005280,30,11,2021,0 days 19:15:00,5,63,63113,2,1,1,3,CHAMBRETTES (RUE DES),"45,7673100000","3,1046700000",1,1,2,1976.0,0,1,0,-1,B01,1,0,2,1,1,0,4,CHAMBRETTES (RUE DES),0.0,,2,2,0,1,1,1,0,1,50,child
202100005280,30,11,2021,0 days 19:15:00,5,63,63113,2,1,1,3,CHAMBRETTES (RUE DES),"45,7673100000","3,1046700000",1,4,1,2001.0,0,2,0,-1,B01,1,0,2,1,1,0,4,CHAMBRETTES (RUE DES),0.0,,2,2,0,1,1,1,0,1,50,adult
202100005301,1,12,2021,0 days 07:30:00,5,45,45147,2,6,2,3,Rue André Dessaux,"47,9238700784","1,9010639191",1,1,1,1965.0,1,1,0,-1,B01,1,0,2,2,1,5,3,DESSAUX (RUE ANDRE DESSAUX),0.0,,2,2,0,1,1,2,0,1,50,child
202100005301,1,12,2021,0 days 07:30:00,5,45,45147,2,6,2,3,Rue André Dessaux,"47,9238700784","1,9010639191",1,4,1,2000.0,1,8,0,-1,B01,1,0,2,2,1,5,3,DESSAUX (RUE ANDRE DESSAUX),0.0,,2,2,0,1,1,2,0,1,50,adult
202100005362,24,11,2021,0 days 08:00:00,1,08,08105,2,1,9,3,ARCHES (AVENUE),"49,7624400000","4,7192400000",1,3,1,1966.0,1,2,8,-1,B01,1,0,0,6,2,5,3,ARCHES (AVENUE),0.0,,2,4,1,1,1,7,2,5,50,child
202100005362,24,11,2021,0 days 08:00:00,1,08,08105,2,1,9,3,ARCHES (AVENUE),"49,7624400000","4,7192400000",1,1,1,2001.0,1,8,0,-1,B01,1,0,0,6,2,5,3,ARCHES (AVENUE),0.0,,2,4,1,1,1,7,2,5,50,adult
202100005502,29,11,2021,0 days 13:55:00,1,59,59350,2,1,1,3,CAMBRAI RUE DE N° IMPAIRS,"50,6239400000","3,0783600000",1,1,2,1941.0,0,1,0,-1,B01,3,0,2,8,9,0,4,CAMBRAI RUE DE N° IMPAIRS,0.0,,2,2,1,1,1,1,0,1,50,child
202100005502,29,11,2021,0 days 13:55:00,1,59,59350,2,1,1,3,CAMBRAI RUE DE N° IMPAIRS,"50,6239400000","3,0783600000",1,4,1,1981.0,0,8,0,-1,B01,3,0,2,8,9,0,4,CAMBRAI RUE DE N° IMPAIRS,0.0,,2,2,1,1,1,1,0,1,50,adult
202100005516,28,11,2021,0 days 16:45:00,1,14,14167,2,3,1,3,VAILLANT (RUE EDOUARD),"49,2022300000"," -0,3054500000",1,4,1,1939.0,5,8,4,-1,B01,1,0,2,1,1,5,3,VAILLANT (RUE EDOUARD),0.0,,2,2,0,1,3,1,0,1,50,child
202100005516,28,11,2021,0 days 16:45:00,1,14,14167,2,3,1,3,VAILLANT (RUE EDOUARD),"49,2022300000"," -0,3054500000",1,1,1,1962.0,0,1,-1,-1,B01,1,0,2,1,1,5,3,VAILLANT (RUE EDOUARD),0.0,,2,2,0,1,3,1,0,1,50,adult
202100005555,30,11,2021,0 days 10:45:00,1,94,94018,2,1,8,6,PARIS (R DE),"48,8227500000","2,4117700000",2,1,2,1935.0,5,8,0,-1,B01,2,1,0,1,1,5,3,PARIS (R DE),0.0,,2,4,2,1,1,2,0,5,30,child
202100005555,30,11,2021,0 days 10:45:00,1,94,94018,2,1,8,6,PARIS (R DE),"48,8227500000","2,4117700000",1,4,2,1959.0,5,8,0,-1,B01,2,1,0,1,1,5,3,PARIS (R DE),0.0,,2,4,2,1,1,2,0,5,30,adult
202100005555,30,11,2021,0 days 10:45:00,1,94,94018,2,1,8,6,PARIS (R DE),"48,8227500000","2,4117700000",1,1,1,1969.0,4,8,0,-1,B01,2,1,0,1,1,5,3,PARIS (R DE),0.0,,2,4,2,1,1,2,0,5,30,adult
202100005565,30,11,2021,0 days 09:05:00,1,92,92044,2,1,1,3,VIC. HUGO(RUE)115A149 ET 148A178,"48,8977710000","2,2948520000",1,1,1,1964.0,4,1,0,-1,B01,0,0,2,3,15,0,3,909,0.0,,1,3,0,1,1,1,5,6,50,child
202100005565,30,11,2021,0 days 09:05:00,1,92,92044,2,1,1,3,VIC. HUGO(RUE)115A149 ET 148A178,"48,8977710000","2,2948520000",1,4,1,1996.0,0,8,0,-1,B01,0,0,2,3,15,0,3,909,0.0,,1,3,0,1,1,1,5,6,50,adult
202100005635,29,11,2021,0 days 09:10:00,1,75,75105,2,1,1,3,RUE GAY LUSSAC,"48,8433800000","2,3425050000",1,1,1,1966.0,9,1,0,-1,B01,2,0,2,3,18,5,4,RUE GAY LUSSAC,0.0,,2,2,0,1,1,1,0,1,30,child
202100005635,29,11,2021,0 days 09:10:00,1,75,75105,2,1,1,3,RUE GAY LUSSAC,"48,8433800000","2,3425050000",1,4,1,1992.0,9,2,0,-1,B01,2,0,2,3,18,5,4,RUE GAY LUSSAC,0.0,,2,2,0,1,1,1,0,1,30,adult
202100005639,29,11,2021,0 days 11:45:00,1,75,75118,2,4,1,6,RUE SIMART,"48,8912750000","2,3473680000",3,4,2,1962.0,9,0,-1,-1,A01,1,0,1,2,1,5,4,RUE SIMART,0.0,,1,1,1,1,1,1,0,5,30,child
202100005639,29,11,2021,0 days 11:45:00,1,75,75118,2,4,1,6,RUE SIMART,"48,8912750000","2,3473680000",1,1,1,1998.0,1,8,0,-1,A01,1,0,1,2,1,5,4,RUE SIMART,0.0,,1,1,1,1,1,1,0,5,30,adult
202100005651,29,11,2021,0 days 08:10:00,1,75,75107,2,2,1,3,RUE SAINT DOMINIQUE,"48,8599650000","2,3148380000",1,4,2,1978.0,1,2,6,-1,A01,1,0,2,0,1,5,4,RUE SAINT DOMINIQUE,0.0,,1,1,2,1,1,1,0,5,30,child
202100005651,29,11,2021,0 days 08:10:00,1,75,75107,2,2,1,3,RUE SAINT DOMINIQUE,"48,8599650000","2,3148380000",1,1,1,2000.0,2,8,0,-1,A01,1,0,2,0,1,5,4,RUE SAINT DOMINIQUE,0.0,,1,1,2,1,1,1,0,5,30,adult
202100005897,21,11,2021,0 days 11:50:00,1,78,78015,2,9,2,1,ECLUSE (QUAI DE L'),"48,9635430000","2,0461670000",1,4,1,1950.0,5,2,6,-1,B01,0,0,2,1,5,0,4,ECLUSE (QUAI DE L'),0.0,,2,0,0,1,1,2,9,1,30,child
202100005897,21,11,2021,0 days 11:50:00,1,78,78015,2,9,2,1,ECLUSE (QUAI DE L'),"48,9635430000","2,0461670000",1,4,1,1973.0,5,2,6,-1,B01,0,0,2,1,5,0,4,ECLUSE (QUAI DE L'),0.0,,2,0,0,1,1,2,9,1,30,adult
202100005914,24,11,2021,0 days 15:20:00,1,64,64102,2,1,1,3,JUIN (AVENUE DU MARECHAL),"43,4904300000"," -1,4614600000",1,4,2,1946.0,5,8,0,-1,B01,3,0,2,1,1,5,4,JUIN (AVENUE DU MARECHAL),0.0,,3,2,2,1,1,1,9,5,30,child