Num_Acc,jour,mois,an,hrmn,lum,dep,com,agg,int,atm,col,adr,lat,long,catu,grav,sexe,an_nais,trajet,secu1,secu2,secu3,num_veh_y,senc,obs,obsm,choc,manv,motor,catr,voie,v1,v2,circ,nbv,vosp,prof,plan,surf,infra,situ,vma,age
202100005914,24,11,2021,0 days 15:20:00,1,64,64102,2,1,1,3,JUIN (AVENUE DU MARECHAL),"43,4904300000"," -1,4614600000",1,1,2,2003.0,5,1,0,-1,B01,3,0,2,1,1,5,4,JUIN (AVENUE DU MARECHAL),0.0,,3,2,2,1,1,1,9,5,30,adult
202100005925,26,11,2021,0 days 08:15:00,2,59,59017,2,1,1,6,LILLE (RUE DE ),"50,6843581454","2,8807246685",1,1,2,1940.0,3,8,0,-1,B01,2,1,0,1,1,5,4,LILLE (RUE DE ),0.0,,2,2,0,1,1,1,0,1,50,child
202100005925,26,11,2021,0 days 08:15:00,2,59,59017,2,1,1,6,LILLE (RUE DE ),"50,6843581454","2,8807246685",1,3,1,2003.0,2,8,0,-1,B01,2,1,0,1,1,5,4,LILLE (RUE DE ),0.0,,2,2,0,1,1,1,0,1,50,adult
202100005935,24,11,2021,0 days 16:35:00,2,54,54197,1,1,1,3,LUPCOURT (ROUTE DE),"48,6262020297","6,2181188076",1,4,1,1946.0,5,2,0,-1,A01,1,0,2,1,26,5,7,LUPCOURT (ROUTE DE),0.0,,2,2,0,3,1,1,0,1,70,child
202100005935,24,11,2021,0 days 16:35:00,2,54,54197,1,1,1,3,LUPCOURT (ROUTE DE),"48,6262020297","6,2181188076",1,1,1,1967.0,0,1,0,-1,A01,1,0,2,1,26,5,7,LUPCOURT (ROUTE DE),0.0,,2,2,0,3,1,1,0,1,70,adult
202100006065,27,11,2021,0 days 18:30:00,3,49,49035,1,3,2,2,D111,"47,4339410000"," -0,6140570000",1,1,1,1948.0,5,1,-1,-1,B01,3,0,2,6,2,5,3,111,0.0,D,2,2,0,1,2,2,5,1,80,child
202100006065,27,11,2021,0 days 18:30:00,3,49,49035,1,3,2,2,D111,"47,4339410000"," -0,6140570000",1,3,1,1979.0,5,4,0,-1,B01,3,0,2,6,2,5,3,111,0.0,D,2,2,0,1,2,2,5,1,80,adult
202100006094,26,11,2021,0 days 13:40:00,1,75,75119,2,7,2,3,PLACE AUGUSTE BARON,"48,9006190000","2,3869620000",1,1,1,1951.0,5,1,0,-1,B01,3,0,2,8,1,5,4,PLACE AUGUSTE BARON,0.0,,2,4,0,1,2,2,0,1,30,child
202100006094,26,11,2021,0 days 13:40:00,1,75,75119,2,7,2,3,PLACE AUGUSTE BARON,"48,9006190000","2,3869620000",1,4,1,1988.0,4,8,0,-1,B01,3,0,2,8,1,5,4,PLACE AUGUSTE BARON,0.0,,2,4,0,1,2,2,0,1,30,adult
202100006105,25,11,2021,0 days 09:50:00,1,75,75104,2,2,1,3,QUAI DE L HOTEL DE VILLE,"48,8560740000","2,3506880000",1,4,2,1954.0,1,8,0,-1,B01,3,0,2,8,5,5,4,QUAI DE L HOTEL DE VILLE,0.0,,2,4,2,1,1,1,0,1,30,child
202100006105,25,11,2021,0 days 09:50:00,1,75,75104,2,2,1,3,QUAI DE L HOTEL DE VILLE,"48,8560740000","2,3506880000",1,1,1,1998.0,1,8,0,-1,B01,3,0,2,8,5,5,4,QUAI DE L HOTEL DE VILLE,0.0,,2,4,2,1,1,1,0,1,30,adult
202100006162,27,11,2021,0 days 15:20:00,1,44,44184,2,2,7,1,Rue de Pornichet,"47,2678370000"," -2,2220170000",1,1,1,1946.0,5,1,-1,-1,B01,0,0,2,1,1,5,4,0,0.0,A,2,2,0,1,1,2,5,1,50,child
202100006162,27,11,2021,0 days 15:20:00,1,44,44184,2,2,7,1,Rue de Pornichet,"47,2678370000"," -2,2220170000",1,4,1,2003.0,5,0,-1,-1,B01,0,0,2,1,1,5,4,0,0.0,A,2,2,0,1,1,2,5,1,50,adult
202100006243,24,11,2021,0 days 17:55:00,1,49,49007,2,1,1,3,LETANDUERE,"47,4517000000"," -0,5530400000",1,1,2,1947.0,9,1,0,-1,B01,1,0,2,1,1,5,4,LETANDUERE,0.0,,2,2,0,1,1,1,0,1,30,child
202100006243,24,11,2021,0 days 17:55:00,1,49,49007,2,1,1,3,LETANDUERE,"47,4517000000"," -0,5530400000",2,1,2,1996.0,9,1,0,-1,B01,1,0,2,1,1,5,4,LETANDUERE,0.0,,2,2,0,1,1,1,0,1,30,adult
202100006243,24,11,2021,0 days 17:55:00,1,49,49007,2,1,1,3,LETANDUERE,"47,4517000000"," -0,5530400000",1,4,1,1998.0,5,8,0,-1,B01,1,0,2,1,1,5,4,LETANDUERE,0.0,,2,2,0,1,1,1,0,1,30,adult
202100006244,24,11,2021,0 days 07:29:00,5,49,49007,2,1,1,6,BRIOLLAY ROUTE,"47,4922300000"," -0,5289840000",3,1,1,1956.0,1,0,-1,-1,A01,1,0,1,1,25,5,4,BRIOLLAY ROUTE,0.0,,2,2,0,1,1,1,0,4,30,child
202100006244,24,11,2021,0 days 07:29:00,5,49,49007,2,1,1,6,BRIOLLAY ROUTE,"47,4922300000"," -0,5289840000",1,4,1,1986.0,1,8,0,-1,A01,1,0,1,1,25,5,4,BRIOLLAY ROUTE,0.0,,2,2,0,1,1,1,0,4,30,adult
202100006296,24,11,2021,0 days 17:10:00,5,75,75109,2,5,1,6,BOULEVARD DE ROCHECHOUART,"48,8832770000","2,3469330000",3,4,2,1947.0,5,0,-1,-1,A01,2,0,1,1,1,5,4,BOULEVARD DE ROCHECHOUART,0.0,,1,2,3,1,1,1,-1,5,30,child
202100006296,24,11,2021,0 days 17:10:00,5,75,75109,2,5,1,6,BOULEVARD DE ROCHECHOUART,"48,8832770000","2,3469330000",1,1,1,1995.0,4,8,0,-1,A01,2,0,1,1,1,5,4,BOULEVARD DE ROCHECHOUART,0.0,,1,2,3,1,1,1,-1,5,30,adult
202100006312,25,11,2021,0 days 08:25:00,2,93,93007,2,2,8,3,"""HENRI BARBUSSE (AVENUE """"DU 01 AU 80"""")","48,9400900000","2,4625400000",1,1,2,1978.0,0,1,0,-1,C01,1,0,2,7,19,5,4,"""HENRI BARBUSSE (AVENUE """"DU 01 AU 80"""")",0.0,,-1,1,0,1,1,1,0,1,50,child
202100006312,25,11,2021,0 days 08:25:00,2,93,93007,2,2,8,3,"""HENRI BARBUSSE (AVENUE """"DU 01 AU 80"""")","48,9400900000","2,4625400000",1,4,1,2004.0,-1,8,-1,-1,C01,1,0,2,7,19,5,4,"""HENRI BARBUSSE (AVENUE """"DU 01 AU 80"""")",0.0,,-1,1,0,1,1,1,0,1,50,adult
202100006361,27,10,2021,0 days 15:50:00,1,22,22168,2,2,1,3,Route de Pleumeur-Bodou,"48,8010090000"," -3,4733860000",1,1,2,1947.0,5,1,-1,-1,B01,3,0,2,8,1,5,4,,-1.0,,2,2,0,1,1,1,0,1,50,child
202100006361,27,10,2021,0 days 15:50:00,1,22,22168,2,2,1,3,Route de Pleumeur-Bodou,"48,8010090000"," -3,4733860000",1,4,2,1985.0,5,0,-1,-1,B01,3,0,2,8,1,5,4,,-1.0,,2,2,0,1,1,1,0,1,50,adult
202100006397,24,11,2021,0 days 20:15:00,3,88,88463,1,1,1,2,RD 31,"48,2592200000","6,8896400000",1,1,1,1962.0,0,1,0,-1,B01,1,0,2,6,1,5,3,RD 31,0.0,,2,2,0,1,1,1,0,1,80,child
202100006397,24,11,2021,0 days 20:15:00,3,88,88463,1,1,1,2,RD 31,"48,2592200000","6,8896400000",1,4,1,1991.0,0,8,8,-1,B01,1,0,2,6,1,5,3,RD 31,0.0,,2,2,0,1,1,1,0,1,80,adult
202100006415,24,11,2021,0 days 12:30:00,1,51,51454,2,6,1,3,Place du Souvenir Français,"49,2692350000","4,0700230000",1,4,1,1950.0,0,8,-1,-1,B01,3,0,2,1,1,5,4,SOUVENIR FRANCAIS (PLACE DU),0.0,,1,2,0,1,2,1,0,1,50,child
202100006415,24,11,2021,0 days 12:30:00,1,51,51454,2,6,1,3,Place du Souvenir Français,"49,2692350000","4,0700230000",1,1,1,1978.0,0,8,-1,-1,B01,3,0,2,1,1,5,4,SOUVENIR FRANCAIS (PLACE DU),0.0,,1,2,0,1,2,1,0,1,50,adult
202100006431,23,11,2021,0 days 07:05:00,5,29,29019,2,2,1,3,Rue Robespierre,"48,4132800000"," -4,4913800000",1,1,1,1959.0,1,1,-1,-1,B01,3,0,2,8,23,5,4,ROBESPIERRE (DE 33 A 107 ET 26 A 94),0.0,,2,3,0,2,2,1,5,1,50,child
202100006431,23,11,2021,0 days 07:05:00,5,29,29019,2,2,1,3,Rue Robespierre,"48,4132800000"," -4,4913800000",1,3,2,1993.0,1,2,-1,-1,B01,3,0,2,8,23,5,4,ROBESPIERRE (DE 33 A 107 ET 26 A 94),0.0,,2,3,0,2,2,1,5,1,50,adult
202100006434,24,11,2021,0 days 19:30:00,5,17,17300,2,3,1,1,WILSON   AVENUE DU PRESIDENT,"46,1526140000"," -1,1925210000",1,1,1,1971.0,1,1,0,-1,B01,3,0,2,2,13,5,4,WILSON   AVENUE DU PRESIDENT,0.0,,2,2,0,1,2,1,0,1,50,child
202100006434,24,11,2021,0 days 19:30:00,5,17,17300,2,3,1,1,WILSON   AVENUE DU PRESIDENT,"46,1526140000"," -1,1925210000",1,3,1,1997.0,5,2,4,-1,B01,3,0,2,2,13,5,4,WILSON   AVENUE DU PRESIDENT,0.0,,2,2,0,1,2,1,0,1,50,adult
202100006439,24,11,2021,0 days 07:45:00,2,14,14118,2,3,1,3,BLANC (RUE DU),"49,1750000000"," -0,3792600000",1,1,1,1967.0,0,1,-1,-1,A01,1,0,2,2,26,5,4,BLANC (RUE DU),0.0,,-1,2,0,1,1,1,0,1,50,child
202100006439,24,11,2021,0 days 07:45:00,2,14,14118,2,3,1,3,BLANC (RUE DU),"49,1750000000"," -0,3792600000",1,4,1,2007.0,2,8,-1,-1,A01,1,0,2,2,26,5,4,BLANC (RUE DU),0.0,,-1,2,0,1,1,1,0,1,50,adult
202100006459,24,11,2021,0 days 15:40:00,1,75,75105,2,2,1,2,QUAI DE LA TOURNELLE,"48,8511147922","2,3512780666",1,4,2,1971.0,9,8,0,-1,B01,1,0,2,4,23,5,4,QUAI DE LA TOURNELLE,0.0,,2,3,1,1,1,1,-1,5,30,child
202100006459,24,11,2021,0 days 15:40:00,1,75,75105,2,2,1,2,QUAI DE LA TOURNELLE,"48,8511147922","2,3512780666",1,1,2,1995.0,9,8,0,-1,B01,1,0,2,4,23,5,4,QUAI DE LA TOURNELLE,0.0,,2,3,1,1,1,1,-1,5,30,adult
202100006471,24,11,2021,0 days 11:24:00,1,75,75107,2,2,1,3,BOULEVARD RASPAIL,"48,8517410000","2,3267680000",1,4,2,1961.0,9,2,0,-1,B01,1,0,2,4,1,5,4,BOULEVARD RASPAIL,0.0,,2,4,3,1,1,1,-1,5,30,child
202100006471,24,11,2021,0 days 11:24:00,1,75,75107,2,2,1,3,BOULEVARD RASPAIL,"48,8517410000","2,3267680000",1,1,1,1988.0,4,1,0,-1,B01,1,0,2,4,1,5,4,BOULEVARD RASPAIL,0.0,,2,4,3,1,1,1,-1,5,30,adult
202100006507,23,11,2021,0 days 16:10:00,2,72,72334,1,1,7,4,Les ruelles,"48,1731840000"," -0,1224800000",1,1,2,1933.0,5,1,-1,-1,A01,1,0,2,8,1,5,3,45,-1.0,,2,2,0,2,1,1,0,1,80,child
202100006507,23,11,2021,0 days 16:10:00,2,72,72334,1,1,7,4,Les ruelles,"48,1731840000"," -0,1224800000",1,3,1,1960.0,5,2,-1,-1,A01,1,0,2,8,1,5,3,45,-1.0,,2,2,0,2,1,1,0,1,80,adult
202100006507,23,11,2021,0 days 16:10:00,2,72,72334,1,1,7,4,Les ruelles,"48,1731840000"," -0,1224800000",1,1,2,1989.0,0,1,-1,-1,A01,1,0,2,8,1,5,3,45,-1.0,,2,2,0,2,1,1,0,1,80,adult
202100006507,23,11,2021,0 days 16:10:00,2,72,72334,1,1,7,4,Les ruelles,"48,1731840000"," -0,1224800000",2,1,1,2004.0,0,1,-1,-1,A01,1,0,2,8,1,5,3,45,-1.0,,2,2,0,2,1,1,0,1,80,adult
202100006597,23,11,2021,0 days 16:14:00,1,79,79191,2,2,1,3,Boulevard de l’Atlantique,"46,3162000000"," -0,4769100000",1,1,1,1952.0,4,1,-1,-1,B01,1,0,2,8,9,5,4,CARREFOUR BD. ATLANTIQUE,0.0,,3,4,3,1,1,1,5,6,50,child
202100006597,23,11,2021,0 days 16:14:00,1,79,79191,2,2,1,3,Boulevard de l’Atlantique,"46,3162000000"," -0,4769100000",1,4,1,1984.0,5,0,-1,-1,B01,1,0,2,8,9,5,4,CARREFOUR BD. ATLANTIQUE,0.0,,3,4,3,1,1,1,5,6,50,adult
202100006597,23,11,2021,0 days 16:14:00,1,79,79191,2,2,1,3,Boulevard de l’Atlantique,"46,3162000000"," -0,4769100000",2,4,2,1997.0,1,8,-1,-1,B01,1,0,2,8,9,5,4,CARREFOUR BD. ATLANTIQUE,0.0,,3,4,3,1,1,1,5,6,50,adult
202100006608,22,11,2021,0 days 17:25:00,5,76,76498,2,1,1,1,SEMARD. RUE PIERRE,"49,4175100000","1,0731700000",1,1,2,1989.0,2,1,-1,-1,B01,3,0,2,1,0,5,4,SEMARD. RUE PIERRE,0.0,,2,2,0,1,1,1,0,1,30,child
202100006608,22,11,2021,0 days 17:25:00,5,76,76498,2,1,1,1,SEMARD. RUE PIERRE,"49,4175100000","1,0731700000",1,4,1,2013.0,0,8,-1,-1,B01,3,0,2,1,0,5,4,SEMARD. RUE PIERRE,0.0,,2,2,0,1,1,1,0,1,30,adult
202100006626,22,11,2021,0 days 13:50:00,1,65,65440,2,6,1,3,BRIAND (AVENUE ARISTIDE),"43,2212800000","0,0610140000",1,4,1,1942.0,5,2,-1,-1,B01,1,0,2,3,1,5,2,LOURDES (ROND-POINT ROUTE DE),0.0,,1,2,0,1,2,1,5,1,50,child
202100006626,22,11,2021,0 days 13:50:00,1,65,65440,2,6,1,3,BRIAND (AVENUE ARISTIDE),"43,2212800000","0,0610140000",1,1,1,1965.0,1,1,-1,-1,B01,1,0,2,3,1,5,2,LOURDES (ROND-POINT ROUTE DE),0.0,,1,2,0,1,2,1,5,1,50,adult
202100006627,23,11,2021,0 days 13:26:00,1,64,64445,2,3,1,3,FRERES CAMORS DES,"43,3113700000"," -0,3689300000",1,1,2,1975.0,1,1,8,-1,B01,2,0,2,1,1,5,4,FRERES CAMORS DES,0.0,,-1,2,0,1,1,1,0,1,30,child
202100006627,23,11,2021,0 days 13:26:00,1,64,64445,2,3,1,3,FRERES CAMORS DES,"43,3113700000"," -0,3689300000",1,4,2,2001.0,0,8,0,-1,B01,2,0,2,1,1,5,4,FRERES CAMORS DES,0.0,,-1,2,0,1,1,1,0,1,30,adult
202100006668,22,11,2021,0 days 19:10:00,5,33,33281,2,2,1,3,Avenue du Maréchal Leclerc,"44,8329800000"," -0,6479000000",1,1,1,1933.0,9,1,-1,-1,B01,3,0,2,1,19,6,4,LECLERC (AVE DU MARECHAL),0.0,,3,4,3,1,1,1,-1,1,50,child
202100006668,22,11,2021,0 days 19:10:00,5,33,33281,2,2,1,3,Avenue du Maréchal Leclerc,"44,8329800000"," -0,6479000000",1,4,1,1974.0,0,2,-1,-1,B01,3,0,2,1,19,6,4,LECLERC (AVE DU MARECHAL),0.0,,3,4,3,1,1,1,-1,1,50,adult
202100006678,22,11,2021,0 days 09:05:00,1,29,29039,1,3,7,2,RD 783,"47,8785800000"," -3,9026600000",1,1,1,1937.0,5,1,-1,-1,B01,2,0,2,4,23,5,3,RD 783,0.0,,2,3,0,1,1,2,5,1,50,child
202100006678,22,11,2021,0 days 09:05:00,1,29,29039,1,3,7,2,RD 783,"47,8785800000"," -3,9026600000",1,4,1,1974.0,5,2,-1,-1,B01,2,0,2,4,23,5,3,RD 783,0.0,,2,3,0,1,1,2,5,1,50,adult
202100006707,22,11,2021,0 days 19:00:00,5,09,09122,2,2,1,3,LAKANAL (AVENUE),"42,9556150444","1,6007114947",1,4,2,1953.0,0,8,0,-1,A01,1,0,2,7,15,5,4,LAKANAL (AVENUE),0.0,,2,2,0,2,1,1,5,1,50,child
202100006707,22,11,2021,0 days 19:00:00,5,09,09122,2,2,1,3,LAKANAL (AVENUE),"42,9556150444","1,6007114947",1,4,1,2001.0,1,1,0,-1,A01,1,0,2,7,15,5,4,LAKANAL (AVENUE),0.0,,2,2,0,2,1,1,5,1,50,adult
202100006773,24,11,2021,0 days 11:30:00,1,13,13069,2,1,1,7,Avenue Frédéric Mistral,"43,6347750000","5,1520570000",1,1,1,1957.0,5,1,-1,-1,B01,1,0,0,3,2,5,7,15,0.0,B,2,2,0,1,1,1,0,1,-1,child
202100006773,24,11,2021,0 days 11:30:00,1,13,13069,2,1,1,7,Avenue Frédéric Mistral,"43,6347750000","5,1520570000",1,4,1,1989.0,5,2,-1,-1,B01,1,0,0,3,2,5,7,15,0.0,B,2,2,0,1,1,1,0,1,-1,adult
202100006817,22,11,2021,0 days 10:50:00,1,75,75113,2,3,1,1,RUE DE LA MAISON BLANCHE,"48,8258030000","2,3573820000",1,1,1,1962.0,4,1,0,-1,B01,2,0,2,1,1,5,4,RUE DE LA MAISON BLANCHE,0.0,,1,1,2,2,2,1,-1,5,30,child
202100006817,22,11,2021,0 days 10:50:00,1,75,75113,2,3,1,1,RUE DE LA MAISON BLANCHE,"48,8258030000","2,3573820000",1,4,1,1991.0,4,8,0,-1,B01,2,0,2,1,1,5,4,RUE DE LA MAISON BLANCHE,0.0,,1,1,2,2,2,1,-1,5,30,adult
202100006841,22,11,2021,0 days 15:20:00,1,92,92012,2,2,1,3,MARCEL LOYAU (RUE),"48,8426900000","2,2489500000",1,4,1,1933.0,0,8,0,-1,A01,3,0,2,1,5,5,4,,0.0,,1,1,0,1,1,1,0,5,50,child
202100006841,22,11,2021,0 days 15:20:00,1,92,92012,2,2,1,3,MARCEL LOYAU (RUE),"48,8426900000","2,2489500000",1,1,1,1954.0,0,1,8,-1,A01,3,0,2,1,5,5,4,,0.0,,1,1,0,1,1,1,0,5,50,adult
202100006903,19,11,2021,0 days 15:35:00,1,974,97416,1,4,1,1,BOIS D'OLIVE (CHEMIN)," -21,2950000000","55,4474700000",1,1,1,1965.0,0,1,0,-1,B01,2,0,2,1,13,5,3,BOIS D'OLIVE (CHEMIN),0.0,,2,2,0,2,3,1,0,1,50,child
202100006903,19,11,2021,0 days 15:35:00,1,974,97416,1,4,1,1,BOIS D'OLIVE (CHEMIN)," -21,2950000000","55,4474700000",1,3,1,2005.0,0,8,0,-1,B01,2,0,2,1,13,5,3,BOIS D'OLIVE (CHEMIN),0.0,,2,2,0,2,3,1,0,1,50,adult
202100006959,22,11,2021,0 days 08:10:00,2,01,01069,1,2,5,3,Che des Brovieres,"46,1166250000","5,2775630000",1,4,1,1969.0,1,0,-1,-1,A01,3,0,2,6,15,5,3,109,0.0,,2,2,0,1,1,1,0,1,80,child
202100006959,22,11,2021,0 days 08:10:00,2,01,01069,1,2,5,3,Che des Brovieres,"46,1166250000","5,2775630000",1,1,1,1999.0,1,1,-1,-1,A01,3,0,2,6,15,5,3,109,0.0,,2,2,0,1,1,1,0,1,80,adult
202100007046,20,11,2021,0 days 11:10:00,1,75,75116,2,3,1,3,AVENUE DE VERSAILLES,"48,8415070000","2,2665430000",1,4,1,1973.0,9,8,0,-1,A01,3,0,2,8,15,5,4,AVENUE DE VERSAILLES,0.0,,-1,2,3,1,1,1,0,1,50,child
202100007046,20,11,2021,0 days 11:10:00,1,75,75116,2,3,1,3,AVENUE DE VERSAILLES,"48,8415070000","2,2665430000",1,1,1,2002.0,9,2,0,-1,A01,3,0,2,8,15,5,4,AVENUE DE VERSAILLES,0.0,,-1,2,3,1,1,1,0,1,50,adult
202100007136,18,11,2021,0 days 16:50:00,1,974,97409,2,1,1,2,DES CAMELIAS(RUE)," -20,9614800000","55,6537100000",1,1,2,1982.0,5,1,0,-1,B01,2,0,2,4,0,5,4,DES CAMELIAS(RUE),0.0,,2,2,0,1,1,1,0,1,50,child
202100007136,18,11,2021,0 days 16:50:00,1,974,97409,2,1,1,2,DES CAMELIAS(RUE)," -20,9614800000","55,6537100000",1,4,1,2006.0,2,8,0,-1,B01,2,0,2,4,0,5,4,DES CAMELIAS(RUE),0.0,,2,2,0,1,1,1,0,1,50,adult
202100007144,18,11,2021,0 days 18:15:00,4,69,69386,2,2,1,3,DUGUESCLIN (R),"45,7670700000","4,8476500000",1,1,1,1948.0,0,8,-1,-1,B01,2,0,2,7,2,0,4,DUGUESCLIN  (R),0.0,,1,1,2,1,1,1,0,1,50,child
202100007144,18,11,2021,0 days 18:15:00,4,69,69386,2,2,1,3,DUGUESCLIN (R),"45,7670700000","4,8476500000",1,4,2,1970.0,1,2,-1,-1,B01,2,0,2,7,2,0,4,DUGUESCLIN  (R),0.0,,1,1,2,1,1,1,0,1,50,adult
202100007149,12,11,2021,0 days 20:05:00,3,69,69386,2,3,1,3,JULES FAVRE (BD),"45,7652900000","4,8588800000",1,1,1,1961.0,4,1,-1,-1,B01,3,0,2,1,9,5,4,FOURNET                             (R ),0.0,,1,1,0,1,1,1,0,1,50,child
202100007149,12,11,2021,0 days 20:05:00,3,69,69386,2,3,1,3,JULES FAVRE (BD),"45,7652900000","4,8588800000",1,4,1,2000.0,1,2,-1,-1,B01,3,0,2,1,9,5,4,FOURNET                             (R ),0.0,,1,1,0,1,1,1,0,1,50,adult
202100007190,18,11,2021,0 days 17:53:00,2,72,72181,2,1,1,3,PADERBORN (AV) CONTRE ALLEE,"48,0087410000","0,1998980000",1,1,2,1949.0,0,1,0,-1,A01,3,0,2,1,1,5,4,PADERBORN (AV) CONTRE ALLEE,0.0,,2,2,2,2,1,1,0,1,50,child
202100007190,18,11,2021,0 days 17:53:00,2,72,72181,2,1,1,3,PADERBORN (AV) CONTRE ALLEE,"48,0087410000","0,1998980000",1,4,1,2001.0,0,8,0,-1,A01,3,0,2,1,1,5,4,PADERBORN (AV) CONTRE ALLEE,0.0,,2,2,2,2,1,1,0,1,50,adult
202100007191,17,11,2021,0 days 09:30:00,1,72,72181,2,6,1,3,CASABLANCA (RUE DE),"48,0156500000","0,2307000000",1,1,1,1978.0,0,1,0,-1,B01,3,0,2,1,1,5,4,CASABLANCA (RUE DE),0.0,,2,2,0,1,1,2,0,1,50,child
202100007191,17,11,2021,0 days 09:30:00,1,72,72181,2,6,1,3,CASABLANCA (RUE DE),"48,0156500000","0,2307000000",1,4,1,2001.0,0,8,0,-1,B01,3,0,2,1,1,5,4,CASABLANCA (RUE DE),0.0,,2,2,0,1,1,2,0,1,50,adult
202100007212,18,11,2021,0 days 08:07:00,5,63,63113,2,2,1,3,CARNOT (AVENUE),"45,7763000000","3,0900600000",1,4,1,1968.0,0,8,0,-1,B01,1,0,2,1,1,5,4,CARNOT (AVENUE),0.0,,3,4,0,2,1,1,0,1,50,child
202100007212,18,11,2021,0 days 08:07:00,5,63,63113,2,2,1,3,CARNOT (AVENUE),"45,7763000000","3,0900600000",1,1,2,1995.0,0,1,0,-1,B01,1,0,2,1,1,5,4,CARNOT (AVENUE),0.0,,3,4,0,2,1,1,0,1,50,adult
202100007224,4,11,2021,0 days 19:45:00,5,56,56260,2,3,1,3,BERNUS(RUE DE),"47,6550360000"," -2,7675310000",1,1,1,1971.0,1,1,0,-1,A01,1,0,2,7,5,5,4,CARTIER(RUE JACQUES),0.0,,1,1,0,1,1,1,0,1,30,child
202100007224,4,11,2021,0 days 19:45:00,5,56,56260,2,3,1,3,BERNUS(RUE DE),"47,6550360000"," -2,7675310000",1,4,1,2002.0,3,8,0,-1,A01,1,0,2,7,5,5,4,CARTIER(RUE JACQUES),0.0,,1,1,0,1,1,1,0,1,30,adult
202100007246,17,11,2021,0 days 07:37:00,2,49,49007,2,6,1,3,RICHARD,"47,4663700000"," -0,5572800000",1,1,1,1960.0,9,8,0,-1,B01,1,0,2,1,26,5,4,RICHARD,0.0,,2,2,0,1,1,1,0,1,30,child
202100007246,17,11,2021,0 days 07:37:00,2,49,49007,2,6,1,3,RICHARD,"47,4663700000"," -0,5572800000",1,4,2,1996.0,9,8,0,-1,B01,1,0,2,1,26,5,4,RICHARD,0.0,,2,2,0,1,1,1,0,1,30,adult
202100007268,18,11,2021,0 days 07:30:00,5,35,35051,2,6,1,3,BRAY (RUE DE),"48,1088500000"," -1,6087300000",1,1,1,1958.0,0,1,0,-1,B01,0,0,2,1,1,5,4,BRAY (RUE DE),0.0,,3,2,1,1,2,1,5,1,50,child
202100007268,18,11,2021,0 days 07:30:00,5,35,35051,2,6,1,3,BRAY (RUE DE),"48,1088500000"," -1,6087300000",1,4,2,1980.0,0,2,0,-1,B01,0,0,2,1,1,5,4,BRAY (RUE DE),0.0,,3,2,1,1,2,1,5,1,50,adult
202100007282,19,11,2021,0 days 17:15:00,2,29,29051,1,1,1,2,Avenue de Garsalec,"48,0171120000"," -4,0006770000",1,1,1,1951.0,5,1,-1,-1,B01,1,0,2,4,1,5,3,GARSALEC (avenue de),0.0,,3,2,0,1,2,1,3,1,70,child
202100007282,19,11,2021,0 days 17:15:00,2,29,29051,1,1,1,2,Avenue de Garsalec,"48,0171120000"," -4,0006770000",1,4,2,1996.0,1,2,-1,-1,B01,1,0,2,4,1,5,3,GARSALEC (avenue de),0.0,,3,2,0,1,2,1,3,1,70,adult
202100007283,18,11,2021,0 days 18:00:00,1,29,29019,2,1,1,6,Rue Saint-Exupéry,"48,3887000000"," -4,5046600000",1,1,1,1968.0,4,1,-1,-1,A01,1,0,4,1,19,5,4,SAINT EXUPERY (DE 17 A 45 ET 22 A 86),0.0,,-1,0,0,1,1,1,0,1,30,child
202100007283,18,11,2021,0 days 18:00:00,1,29,29019,2,1,1,6,Rue Saint-Exupéry,"48,3887000000"," -4,5046600000",1,4,1,2006.0,2,8,-1,-1,A01,1,0,4,1,19,5,4,SAINT EXUPERY (DE 17 A 45 ET 22 A 86),0.0,,-1,0,0,1,1,1,0,1,30,adult
202100007317,19,11,2021,0 days 18:05:00,5,06,06088,2,1,1,3,QUAI DES ETATS UNIS,"43,6951650000","7,2731220000",1,4,2,1966.0,9,2,8,-1,B01,3,0,2,0,19,5,4,QUAI DES ETATS UNIS,0.0,,1,1,1,1,1,1,6,1,30,child
202100007317,19,11,2021,0 days 18:05:00,5,06,06088,2,1,1,3,QUAI DES ETATS UNIS,"43,6951650000","7,2731220000",1,4,1,1993.0,0,8,0,-1,B01,3,0,2,0,19,5,4,QUAI DES ETATS UNIS,0.0,,1,1,1,1,1,1,6,1,30,adult
202100007339,19,11,2021,0 days 16:05:00,1,75,75114,2,3,1,7,RUE RAYMOND LOSSERAND,"48,8291352692","2,3084324598",1,1,1,1948.0,5,8,0,-1,A01,2,0,2,0,15,5,4,RUE RAYMOND LOSSERAND,0.0,,1,1,0,1,1,1,0,1,30,child
202100007339,19,11,2021,0 days 16:05:00,1,75,75114,2,3,1,7,RUE RAYMOND LOSSERAND,"48,8291352692","2,3084324598",1,4,1,1994.0,1,2,6,-1,A01,2,0,2,0,15,5,4,RUE RAYMOND LOSSERAND,0.0,,1,1,0,1,1,1,0,1,30,adult
202100007343,19,11,2021,0 days 16:30:00,1,75,75107,2,2,1,6,BOULEVARD DE LA TOUR MAUBOURG,"48,8580670000","2,3100070000",1,4,1,1949.0,5,8,0,-1,B01,2,0,2,1,1,5,4,BOULEVARD DE LA TOUR MAUBOURG,0.0,,1,2,0,1,1,1,0,1,30,child