Num_Acc,jour,mois,an,hrmn,lum,dep,com,agg,int,atm,col,adr,lat,long,catu,grav,sexe,an_nais,trajet,secu1,secu2,secu3,num_veh_y,senc,obs,obsm,choc,manv,motor,catr,voie,v1,v2,circ,nbv,vosp,prof,plan,surf,infra,situ,vma,age
202100007343,19,11,2021,0 days 16:30:00,1,75,75107,2,2,1,6,BOULEVARD DE LA TOUR MAUBOURG,"48,8580670000","2,3100070000",1,1,1,1979.0,4,1,0,-1,B01,2,0,2,1,1,5,4,BOULEVARD DE LA TOUR MAUBOURG,0.0,,1,2,0,1,1,1,0,1,30,adult
202100007370,19,11,2021,0 days 08:10:00,2,92,92046,2,9,1,3,VALLEE (RUE DE LA),"48,8221118755","2,3057663441",1,4,2,1969.0,1,2,0,-1,B01,3,0,2,1,19,5,4,,0.0,,1,3,2,1,1,1,5,1,50,child
202100007370,19,11,2021,0 days 08:10:00,2,92,92046,2,9,1,3,VALLEE (RUE DE LA),"48,8221118755","2,3057663441",1,1,1,1992.0,1,1,0,-1,B01,3,0,2,1,19,5,4,,0.0,,1,3,2,1,1,1,5,1,50,adult
202100007371,18,11,2021,0 days 12:05:00,1,92,92072,2,6,1,3,GRANDE RUE,"48,8254423843","2,2158989498",1,4,2,1961.0,5,2,8,-1,B01,2,0,2,1,1,5,3,GRANDE RUE,0.0,,3,4,1,1,1,1,0,1,50,child
202100007371,18,11,2021,0 days 12:05:00,1,92,92072,2,6,1,3,GRANDE RUE,"48,8254423843","2,2158989498",1,1,1,1992.0,0,8,8,-1,B01,2,0,2,1,1,5,3,GRANDE RUE,0.0,,3,4,1,1,1,1,0,1,50,adult
202100007380,19,11,2021,0 days 13:10:00,1,38,38373,2,1,1,3,71 Route de Chartreuse,"45,3588330000","5,5581720000",1,3,1,1960.0,5,2,-1,-1,B01,1,0,2,8,1,5,3,12,0.0,,2,2,0,1,1,1,0,1,50,child
202100007380,19,11,2021,0 days 13:10:00,1,38,38373,2,1,1,3,71 Route de Chartreuse,"45,3588330000","5,5581720000",1,1,1,1993.0,4,8,-1,-1,B01,1,0,2,8,1,5,3,12,0.0,,2,2,0,1,1,1,0,1,50,adult
202100007405,13,11,2021,0 days 18:10:00,3,973,97303,1,1,1,3,Route nationale 1 / PK 173+500,"5,4801846230"," -53,2111483812",1,3,1,1959.0,5,0,-1,-1,B01,2,0,2,1,13,0,2,1,-1.0,,2,2,0,1,1,1,0,1,80,child
202100007405,13,11,2021,0 days 18:10:00,3,973,97303,1,1,1,3,Route nationale 1 / PK 173+500,"5,4801846230"," -53,2111483812",1,1,1,1994.0,4,1,-1,-1,B01,2,0,2,1,13,0,2,1,-1.0,,2,2,0,1,1,1,0,1,80,adult
202100007433,9,11,2021,0 days 21:10:00,5,75,75106,2,1,1,1,RUE DU CHERCHE MIDI,"48,8471650000","2,3280170000",1,4,1,1970.0,9,2,0,-1,A01,1,0,2,1,13,5,4,RUE DU CHERCHE MIDI,0.0,,-1,1,0,1,1,1,0,1,30,child
202100007433,9,11,2021,0 days 21:10:00,5,75,75106,2,1,1,1,RUE DU CHERCHE MIDI,"48,8471650000","2,3280170000",1,1,1,1997.0,9,2,0,-1,A01,1,0,2,1,13,5,4,RUE DU CHERCHE MIDI,0.0,,-1,1,0,1,1,1,0,1,30,adult
202100007440,18,11,2021,0 days 09:43:00,1,75,75113,2,1,1,6,RUE NATIONALE,"48,8322690000","2,3627940000",3,4,1,1945.0,5,0,-1,-1,A01,1,0,1,7,1,5,4,RUE NATIONALE,0.0,,2,3,1,1,1,1,-1,5,30,child
202100007440,18,11,2021,0 days 09:43:00,1,75,75113,2,1,1,6,RUE NATIONALE,"48,8322690000","2,3627940000",1,1,1,1975.0,5,2,8,-1,A01,1,0,1,7,1,5,4,RUE NATIONALE,0.0,,2,3,1,1,1,1,-1,5,30,adult
202100007442,18,11,2021,0 days 09:00:00,1,75,75111,2,3,1,2,BOULEVARD RICHARD LENOIR,"48,8570560000","2,3712030000",1,1,1,1960.0,1,1,0,-1,A01,1,0,2,1,1,5,4,BOULEVARD RICHARD LENOIR,0.0,,1,2,1,1,1,1,8,1,30,child
202100007442,18,11,2021,0 days 09:00:00,1,75,75111,2,3,1,2,BOULEVARD RICHARD LENOIR,"48,8570560000","2,3712030000",1,4,2,1997.0,9,8,0,-1,A01,1,0,2,1,1,5,4,BOULEVARD RICHARD LENOIR,0.0,,1,2,1,1,1,1,8,1,30,adult
202100007447,18,11,2021,0 days 09:50:00,1,75,75107,2,1,1,6,RUE DE LA LEGION D HONNEUR,"48,8603650000","2,3249700000",1,1,1,1948.0,9,8,0,-1,A01,3,0,1,1,1,5,4,RUE DE LA LEGION D HONNEUR,0.0,,-1,1,3,2,1,1,6,1,30,child
202100007447,18,11,2021,0 days 09:50:00,1,75,75107,2,1,1,6,RUE DE LA LEGION D HONNEUR,"48,8603650000","2,3249700000",3,4,2,1969.0,4,0,-1,-1,A01,3,0,1,1,1,5,4,RUE DE LA LEGION D HONNEUR,0.0,,-1,1,3,2,1,1,6,1,30,adult
202100007465,18,11,2021,0 days 09:50:00,1,92,92044,2,2,1,3,VIC. HUGO(RUE)077A089 ET 090A110,"48,8959151910","2,2964724898",1,1,1,1957.0,0,1,0,-1,B01,0,0,2,1,1,0,3,909,0.0,,2,3,1,1,1,1,0,1,50,child
202100007465,18,11,2021,0 days 09:50:00,1,92,92044,2,2,1,3,VIC. HUGO(RUE)077A089 ET 090A110,"48,8959151910","2,2964724898",1,4,1,1993.0,1,8,0,-1,B01,0,0,2,1,1,0,3,909,0.0,,2,3,1,1,1,1,0,1,50,adult
202100007527,19,11,2021,0 days 13:15:00,1,14,14488,2,3,1,3,D84,"49,2801590000"," -0,2517580000",1,1,2,1980.0,0,1,-1,-1,B01,2,0,2,3,16,5,3,84,-1.0,,2,2,0,1,1,1,0,1,50,child
202100007527,19,11,2021,0 days 13:15:00,1,14,14488,2,3,1,3,D84,"49,2801590000"," -0,2517580000",1,3,1,2006.0,5,0,-1,-1,B01,2,0,2,3,16,5,3,84,-1.0,,2,2,0,1,1,1,0,1,50,adult
202100007625,17,11,2021,0 days 07:45:00,2,33,33069,2,6,1,3,Avenue de Tivoli,"44,8685800000"," -0,5970800000",1,1,1,1963.0,1,1,-1,-1,B01,2,0,2,1,0,5,4,AVE DE TIVOLI,0.0,,2,2,0,2,1,1,0,1,30,child
202100007625,17,11,2021,0 days 07:45:00,2,33,33069,2,6,1,3,Avenue de Tivoli,"44,8685800000"," -0,5970800000",1,4,2,2003.0,2,0,-1,-1,B01,2,0,2,1,0,5,4,AVE DE TIVOLI,0.0,,2,2,0,2,1,1,0,1,30,adult
202100007665,17,11,2021,0 days 14:00:00,1,75,75111,2,1,1,1,RUE OBERKAMPF,"48,8630930000","2,3684950000",1,4,1,1964.0,9,2,0,-1,A01,2,0,2,1,5,5,4,RUE OBERKAMPF,0.0,,1,1,0,1,1,1,0,1,30,child
202100007665,17,11,2021,0 days 14:00:00,1,75,75111,2,1,1,1,RUE OBERKAMPF,"48,8630930000","2,3684950000",1,1,2,1988.0,9,2,0,-1,A01,2,0,2,1,5,5,4,RUE OBERKAMPF,0.0,,1,1,0,1,1,1,0,1,30,adult
202100007665,17,11,2021,0 days 14:00:00,1,75,75111,2,1,1,1,RUE OBERKAMPF,"48,8630930000","2,3684950000",2,4,1,2017.0,9,3,0,-1,A01,2,0,2,1,5,5,4,RUE OBERKAMPF,0.0,,1,1,0,1,1,1,0,1,30,adult
202100007728,17,11,2021,0 days 14:40:00,1,81,81225,1,1,1,3,D988,"43,9192720000","1,9646220000",1,1,1,1977.0,4,1,-1,-1,B01,1,0,2,1,11,5,3,988,0.0,D,-1,2,0,1,1,1,0,1,70,child
202100007728,17,11,2021,0 days 14:40:00,1,81,81225,1,1,1,3,D988,"43,9192720000","1,9646220000",1,4,2,2000.0,9,0,-1,-1,B01,1,0,2,1,11,5,3,988,0.0,D,-1,2,0,1,1,1,0,1,70,adult
202100007776,15,11,2021,0 days 09:50:00,1,78,78029,2,6,8,3,AVENUE DE L'UNION,"48,9614550000","1,8579590000",1,4,2,1940.0,0,0,-1,-1,B01,1,0,2,0,5,-1,3,AVENUE DE L'UNION,0.0,,1,2,0,1,1,1,0,1,10,child
202100007776,15,11,2021,0 days 09:50:00,1,78,78029,2,6,8,3,AVENUE DE L'UNION,"48,9614550000","1,8579590000",1,1,2,1974.0,0,1,0,-1,B01,1,0,2,0,5,-1,3,AVENUE DE L'UNION,0.0,,1,2,0,1,1,1,0,1,10,adult
202100007799,15,11,2021,0 days 09:30:00,1,56,56121,2,6,1,3,BOLLARDIERE (RUE  GENERAL DE ),"47,7526700000"," -3,3913000000",1,1,1,1959.0,5,1,8,-1,B01,1,0,2,7,1,5,4,BOLLARDIERE (RUE  GENERAL DE ),0.0,,1,1,0,4,1,1,5,1,30,child
202100007799,15,11,2021,0 days 09:30:00,1,56,56121,2,6,1,3,BOLLARDIERE (RUE  GENERAL DE ),"47,7526700000"," -3,3913000000",1,4,1,1992.0,1,2,8,-1,B01,1,0,2,7,1,5,4,BOLLARDIERE (RUE  GENERAL DE ),0.0,,1,1,0,4,1,1,5,1,30,adult
202100007818,15,11,2021,0 days 10:55:00,1,33,33318,2,3,1,3,Avenue Roger Chaumet,"44,7975000000"," -0,6415700000",1,1,1,1944.0,5,1,-1,-1,A01,1,0,2,4,1,5,4,AVE ROGER CHAUMET,0.0,,2,2,2,1,2,1,0,1,50,child
202100007818,15,11,2021,0 days 10:55:00,1,33,33318,2,3,1,3,Avenue Roger Chaumet,"44,7975000000"," -0,6415700000",1,4,2,1968.0,9,2,-1,-1,A01,1,0,2,4,1,5,4,AVE ROGER CHAUMET,0.0,,2,2,2,1,2,1,0,1,50,adult
202100007885,27,10,2021,0 days 17:00:00,1,68,68269,2,1,1,3,Route de Guémar,"48,1918540000","7,3363410000",1,1,1,1936.0,3,1,-1,-1,B01,2,0,2,7,0,5,3,106,0.0,,2,2,1,1,1,1,0,1,50,child
202100007885,27,10,2021,0 days 17:00:00,1,68,68269,2,1,1,3,Route de Guémar,"48,1918540000","7,3363410000",1,4,2,1988.0,1,0,-1,-1,B01,2,0,2,7,0,5,3,106,0.0,,2,2,1,1,1,1,0,1,50,adult
202100007925,17,11,2021,0 days 15:30:00,1,50,50298,1,3,7,6,D29,"49,2743080000"," -1,2784160000",1,1,1,1935.0,5,1,-1,-1,B01,2,0,2,1,1,5,3,29,0.0,F,2,2,0,1,1,1,0,1,80,child
202100007925,17,11,2021,0 days 15:30:00,1,50,50298,1,3,7,6,D29,"49,2743080000"," -1,2784160000",1,3,1,1950.0,9,2,-1,-1,B01,2,0,2,1,1,5,3,29,0.0,F,2,2,0,1,1,1,0,1,80,adult
202100007925,17,11,2021,0 days 15:30:00,1,50,50298,1,3,7,6,D29,"49,2743080000"," -1,2784160000",1,4,1,1960.0,5,2,-1,-1,B01,2,0,2,1,1,5,3,29,0.0,F,2,2,0,1,1,1,0,1,80,adult
202100007925,17,11,2021,0 days 15:30:00,1,50,50298,1,3,7,6,D29,"49,2743080000"," -1,2784160000",1,4,1,1963.0,5,2,-1,-1,B01,2,0,2,1,1,5,3,29,0.0,F,2,2,0,1,1,1,0,1,80,adult
202100007925,17,11,2021,0 days 15:30:00,1,50,50298,1,3,7,6,D29,"49,2743080000"," -1,2784160000",1,1,1,1998.0,5,2,-1,-1,B01,2,0,2,1,1,5,3,29,0.0,F,2,2,0,1,1,1,0,1,80,adult
202100007961,25,3,2021,0 days 17:50:00,1,73,73008,2,1,7,3,D991,"45,7113300000","5,8932100000",1,4,1,1967.0,5,2,0,-1,B01,1,0,2,1,1,5,3,INNOCENT SAINT ROUTE DE,0.0,,2,2,0,2,2,1,0,1,50,child
202100007961,25,3,2021,0 days 17:50:00,1,73,73008,2,1,7,3,D991,"45,7113300000","5,8932100000",1,1,1,1998.0,5,1,0,-1,B01,1,0,2,1,1,5,3,INNOCENT SAINT ROUTE DE,0.0,,2,2,0,2,2,1,0,1,50,adult
202100007961,25,3,2021,0 days 17:50:00,1,73,73008,2,1,7,3,D991,"45,7113300000","5,8932100000",2,4,2,2000.0,5,1,0,-1,B01,1,0,2,1,1,5,3,INNOCENT SAINT ROUTE DE,0.0,,2,2,0,2,2,1,0,1,50,adult
202100007963,15,11,2021,0 days 19:00:00,5,974,97411,2,3,1,3,GAULLE (DU GENERAL DE)," -20,8856200000","55,4641000000",1,1,1,1964.0,5,1,0,-1,A01,3,0,2,1,1,5,4,GAULLE (DU GENERAL DE),0.0,,1,1,1,2,2,1,0,1,30,child
202100007963,15,11,2021,0 days 19:00:00,5,974,97411,2,3,1,3,GAULLE (DU GENERAL DE)," -20,8856200000","55,4641000000",1,4,1,2001.0,5,8,0,-1,A01,3,0,2,1,1,5,4,GAULLE (DU GENERAL DE),0.0,,1,1,1,2,2,1,0,1,30,adult
202100008016,13,11,2021,0 days 16:58:00,1,47,47001,2,1,1,6,REPUBLIQUE (BOULEVARD DE LA),"44,2044200000","0,6141800000",3,3,2,1943.0,5,0,-1,-1,A01,3,0,1,3,1,5,4,REPUBLIQUE (BOULEVARD DE LA),0.0,,4,2,1,1,1,1,0,1,30,child
202100008016,13,11,2021,0 days 16:58:00,1,47,47001,2,1,1,6,REPUBLIQUE (BOULEVARD DE LA),"44,2044200000","0,6141800000",1,1,1,2007.0,5,8,0,-1,A01,3,0,1,3,1,5,4,REPUBLIQUE (BOULEVARD DE LA),0.0,,4,2,1,1,1,1,0,1,30,adult
202100008034,12,11,2021,0 days 15:15:00,1,28,28404,2,1,1,1,LIBERTE (AVENUE DE LA),"48,7300301919","1,3266241548",1,4,1,1949.0,0,8,0,-1,B01,3,0,2,3,1,5,3,LIBERTE (AVENUE DE LA),0.0,,2,1,0,1,3,1,0,1,80,child
202100008034,12,11,2021,0 days 15:15:00,1,28,28404,2,1,1,1,LIBERTE (AVENUE DE LA),"48,7300301919","1,3266241548",1,1,1,1976.0,1,1,0,-1,B01,3,0,2,3,1,5,3,LIBERTE (AVENUE DE LA),0.0,,2,1,0,1,3,1,0,1,80,adult
202100008050,22,10,2021,0 days 08:40:00,1,75,75114,2,4,1,3,AVENUE DU MAINE,"48,8401580000","2,3218850000",1,1,1,1953.0,5,8,0,-1,B01,2,0,2,1,1,5,4,AVENUE DU MAINE,0.0,,1,1,0,1,1,1,0,1,30,child
202100008050,22,10,2021,0 days 08:40:00,1,75,75114,2,4,1,3,AVENUE DU MAINE,"48,8401580000","2,3218850000",1,3,1,1987.0,9,8,0,-1,B01,2,0,2,1,1,5,4,AVENUE DU MAINE,0.0,,1,1,0,1,1,1,0,1,30,adult
202100008074,14,11,2021,0 days 19:00:00,3,51,51346,1,1,1,3,D3,"49,0828610000","3,7348370000",1,1,1,1970.0,5,1,-1,-1,B01,1,0,2,3,1,5,3,3,-1.0,,2,2,0,2,1,1,0,1,90,child
202100008074,14,11,2021,0 days 19:00:00,3,51,51346,1,1,1,3,D3,"49,0828610000","3,7348370000",1,3,1,2001.0,5,0,-1,-1,B01,1,0,2,3,1,5,3,3,-1.0,,2,2,0,2,1,1,0,1,90,adult
202100008173,15,11,2021,0 days 12:30:00,1,76,76595,1,4,1,6,départementale 139,"49,6356720000","0,1905070000",1,3,1,1961.0,5,2,-1,-1,B01,3,0,2,8,15,5,3,139,0.0,,2,2,0,1,2,1,0,1,80,child
202100008173,15,11,2021,0 days 12:30:00,1,76,76595,1,4,1,6,départementale 139,"49,6356720000","0,1905070000",1,1,2,1992.0,1,1,-1,-1,B01,3,0,2,8,15,5,3,139,0.0,,2,2,0,1,2,1,0,1,80,adult
202100008356,12,11,2021,0 days 15:35:00,1,11,11069,2,1,1,3,PAPIN DENIS -BD-,"43,2076000000","2,3156800000",1,1,2,1965.0,3,1,0,-1,B01,1,0,2,3,1,0,4,,0.0,,-1,0,0,1,1,1,0,4,10,child
202100008356,12,11,2021,0 days 15:35:00,1,11,11069,2,1,1,3,PAPIN DENIS -BD-,"43,2076000000","2,3156800000",1,4,2,2001.0,1,8,0,-1,B01,1,0,2,3,1,0,4,,0.0,,-1,0,0,1,1,1,0,4,10,adult
202100008361,12,11,2021,0 days 07:45:00,2,75,75119,2,1,1,3,AVENUE JEAN JAURES,"48,8892210000","2,3938780000",1,1,1,1961.0,1,1,0,-1,B01,2,0,2,1,1,5,4,AVENUE JEAN JAURES,0.0,,1,2,2,1,1,1,-1,5,30,child
202100008361,12,11,2021,0 days 07:45:00,2,75,75119,2,1,1,3,AVENUE JEAN JAURES,"48,8892210000","2,3938780000",1,4,1,1992.0,9,8,0,-1,B01,2,0,2,1,1,5,4,AVENUE JEAN JAURES,0.0,,1,2,2,1,1,1,-1,5,30,adult
202100008363,12,11,2021,0 days 17:55:00,5,75,75116,2,2,1,6,RUE DE PRESBOURG,"48,8724820000","2,2939580000",3,4,2,1947.0,5,0,-1,-1,A01,3,0,1,1,1,5,4,RUE DE PRESBOURG,0.0,,1,1,1,1,1,1,-1,5,50,child
202100008363,12,11,2021,0 days 17:55:00,5,75,75116,2,2,1,6,RUE DE PRESBOURG,"48,8724820000","2,2939580000",1,1,1,1991.0,2,2,6,-1,A01,3,0,1,1,1,5,4,RUE DE PRESBOURG,0.0,,1,1,1,1,1,1,-1,5,50,adult
202100008466,10,11,2021,0 days 18:35:00,5,54,54395,2,2,1,3,ALBERT 1ER  (BD),"48,6985000000","6,1668000000",1,1,1,1956.0,5,1,0,-1,B01,1,0,2,8,1,5,4,ALBERT 1ER  (BD),0.0,,2,2,3,1,1,1,0,1,50,child
202100008466,10,11,2021,0 days 18:35:00,5,54,54395,2,2,1,3,ALBERT 1ER  (BD),"48,6985000000","6,1668000000",1,4,1,2001.0,5,2,0,-1,B01,1,0,2,8,1,5,4,ALBERT 1ER  (BD),0.0,,2,2,3,1,1,1,0,1,50,adult
202100008477,10,11,2021,0 days 13:30:00,1,35,35238,2,9,1,3,GENIAUX (RUE CHARLES),"48,1108800000"," -1,7121400000",1,1,1,1935.0,5,1,8,-1,A01,3,0,2,8,19,5,4,GENIAUX (RUE CHARLES),0.0,,2,2,1,1,1,1,0,1,50,child
202100008477,10,11,2021,0 days 13:30:00,1,35,35238,2,9,1,3,GENIAUX (RUE CHARLES),"48,1108800000"," -1,7121400000",1,4,2,1999.0,0,8,0,-1,A01,3,0,2,8,19,5,4,GENIAUX (RUE CHARLES),0.0,,2,2,1,1,1,1,0,1,50,adult
202100008490,9,11,2021,0 days 17:15:00,1,17,17306,2,3,1,3,GABORIAU (IMPASSE EMILE),"45,6270100000"," -1,0125300000",1,1,2,1959.0,5,1,0,-1,B01,3,0,2,3,1,5,4,GABORIAU (IMPASSE EMILE),0.0,,2,2,0,1,1,1,0,1,50,child
202100008490,9,11,2021,0 days 17:15:00,1,17,17306,2,3,1,3,GABORIAU (IMPASSE EMILE),"45,6270100000"," -1,0125300000",1,4,2,1999.0,2,8,0,-1,B01,3,0,2,3,1,5,4,GABORIAU (IMPASSE EMILE),0.0,,2,2,0,1,1,1,0,1,50,adult
202100008623,10,11,2021,0 days 17:00:00,5,92,92050,2,2,1,3,JOLIOT CURIE F. ET IRENE AVENUE  N°PAIRS,"48,8937575829","2,2119373083",1,1,2,1961.0,1,1,0,-1,B01,2,0,2,4,1,5,3,JOLIOT CURIE F. ET IRENE AVENUE  N°PAIRS,0.0,,3,4,1,1,1,1,0,1,50,child
202100008623,10,11,2021,0 days 17:00:00,5,92,92050,2,2,1,3,JOLIOT CURIE F. ET IRENE AVENUE  N°PAIRS,"48,8937575829","2,2119373083",1,4,1,2006.0,0,8,0,-1,B01,2,0,2,4,1,5,3,JOLIOT CURIE F. ET IRENE AVENUE  N°PAIRS,0.0,,3,4,1,1,1,1,0,1,50,adult
202100008680,8,11,2021,0 days 13:55:00,1,69,69383,2,2,1,3,LAFAYETTE (CR),"45,7636559893","4,8687967658",1,1,1,1980.0,4,8,-1,-1,B01,1,0,2,3,1,5,4,LAFAYETTE                           (CO),0.0,,1,1,2,1,1,1,0,5,50,child
202100008680,8,11,2021,0 days 13:55:00,1,69,69383,2,2,1,3,LAFAYETTE (CR),"45,7636559893","4,8687967658",1,3,1,2005.0,2,8,-1,-1,B01,1,0,2,3,1,5,4,LAFAYETTE                           (CO),0.0,,1,1,2,1,1,1,0,5,50,adult
202100008689,5,11,2021,0 days 14:07:00,1,87,87085,2,1,1,3,THOMAS (AVENUE ALBERT),"45,8364800000","1,2624700000",1,1,2,1965.0,0,1,0,-1,B01,2,0,2,1,1,5,4,THOMAS (AVENUE ALBERT),0.0,,2,2,0,1,1,1,0,1,50,child
202100008689,5,11,2021,0 days 14:07:00,1,87,87085,2,1,1,3,THOMAS (AVENUE ALBERT),"45,8364800000","1,2624700000",1,4,1,1990.0,0,8,0,-1,B01,2,0,2,1,1,5,4,THOMAS (AVENUE ALBERT),0.0,,2,2,0,1,1,1,0,1,50,adult
202100008719,7,11,2021,0 days 12:08:00,1,51,51454,2,2,1,2,Rue de Courlancy,"49,2455800185","4,0178788904",1,4,2,1966.0,5,2,6,-1,B01,1,0,2,4,1,5,4,COURLANCY (RUE DE),0.0,,2,2,0,1,1,1,0,1,50,child
202100008719,7,11,2021,0 days 12:08:00,1,51,51454,2,2,1,2,Rue de Courlancy,"49,2455800185","4,0178788904",1,1,1,2003.0,0,1,-1,-1,B01,1,0,2,4,1,5,4,COURLANCY (RUE DE),0.0,,2,2,0,1,1,1,0,1,50,adult
202100008721,8,11,2021,0 days 14:33:00,1,49,49007,2,1,1,3,FOULQUES NERRA BOULEVARD,"47,4710000000"," -0,5646300000",1,1,1,1944.0,5,1,0,-1,A01,1,0,2,3,26,5,4,FOULQUES NERRA BOULEVARD,0.0,,2,2,0,1,1,1,0,1,50,child
202100008721,8,11,2021,0 days 14:33:00,1,49,49007,2,1,1,3,FOULQUES NERRA BOULEVARD,"47,4710000000"," -0,5646300000",1,4,1,2003.0,5,8,0,-1,A01,1,0,2,3,26,5,4,FOULQUES NERRA BOULEVARD,0.0,,2,2,0,1,1,1,0,1,50,adult
202100008740,7,11,2021,0 days 11:22:00,1,10,10387,2,3,2,1,GEORGES POMPIDOU (RUE),"48,2869000000","4,0793500000",1,1,2,1982.0,0,1,0,-1,B01,3,0,2,1,5,0,4,GEORGES POMPIDOU (RUE),0.0,,3,2,1,1,1,2,0,5,50,child
202100008740,7,11,2021,0 days 11:22:00,1,10,10387,2,3,2,1,GEORGES POMPIDOU (RUE),"48,2869000000","4,0793500000",1,4,1,2003.0,0,8,0,-1,B01,3,0,2,1,5,0,4,GEORGES POMPIDOU (RUE),0.0,,3,2,1,1,1,2,0,5,50,adult
202100008749,9,11,2021,0 days 19:45:00,5,75,75117,2,3,1,3,AVENUE DE VILLIERS,"48,8812010000","2,3155550000",1,4,2,1956.0,1,8,0,-1,B01,2,0,2,4,15,5,4,AVENUE DE VILLIERS,0.0,,2,4,0,1,1,1,0,1,30,child
202100008749,9,11,2021,0 days 19:45:00,5,75,75117,2,3,1,3,AVENUE DE VILLIERS,"48,8812010000","2,3155550000",1,1,1,2001.0,2,2,6,-1,B01,2,0,2,4,15,5,4,AVENUE DE VILLIERS,0.0,,2,4,0,1,1,1,0,1,30,adult
202100008758,9,11,2021,0 days 16:50:00,1,75,75112,2,2,1,6,BOULEVARD DIDEROT,"48,8473450000","2,3867350000",3,4,2,1939.0,5,0,-1,-1,A01,1,0,1,5,1,5,4,BOULEVARD DIDEROT,0.0,,2,2,1,1,1,1,-1,5,50,child
202100008758,9,11,2021,0 days 16:50:00,1,75,75112,2,2,1,6,BOULEVARD DIDEROT,"48,8473450000","2,3867350000",1,1,1,1980.0,1,2,8,-1,A01,1,0,1,5,1,5,4,BOULEVARD DIDEROT,0.0,,2,2,1,1,1,1,-1,5,50,adult
202100008761,9,11,2021,0 days 09:10:00,1,75,75107,2,2,1,3,BOULEVARD DE LA TOUR MAUBOURG,"48,8580680000","2,3100070000",1,1,2,1977.0,1,1,0,-1,A01,1,0,2,7,5,5,4,BOULEVARD DE LA TOUR MAUBOURG,0.0,,2,2,3,1,1,1,-1,6,30,child
202100008761,9,11,2021,0 days 09:10:00,1,75,75107,2,2,1,3,BOULEVARD DE LA TOUR MAUBOURG,"48,8580680000","2,3100070000",1,4,1,1998.0,1,8,0,-1,A01,1,0,2,7,5,5,4,BOULEVARD DE LA TOUR MAUBOURG,0.0,,2,2,3,1,1,1,-1,6,30,adult
202100008850,8,11,2021,0 days 08:00:00,1,75,75107,2,2,1,3,AVENUE DUQUESNE,"48,8526990000","2,3085580000",1,1,1,1973.0,4,1,0,-1,B01,1,1,0,2,1,5,4,AVENUE DUQUESNE,0.0,,2,2,0,1,1,1,0,1,30,child
202100008850,8,11,2021,0 days 08:00:00,1,75,75107,2,2,1,3,AVENUE DUQUESNE,"48,8526990000","2,3085580000",1,4,1,2005.0,2,8,0,-1,B01,1,1,0,2,1,5,4,AVENUE DUQUESNE,0.0,,2,2,0,1,1,1,0,1,30,adult
202100008963,7,11,2021,0 days 15:45:00,1,75,75119,2,7,1,2,PLACE DE LA BATAILLE DE STALINGRAD,"48,8830180000","2,3695880000",1,4,1,1974.0,3,8,0,-1,A01,1,0,2,4,11,5,4,PLACE DE LA BATAILLE DE STALINGRAD,0.0,,1,1,1,1,3,1,-1,5,30,child
202100008963,7,11,2021,0 days 15:45:00,1,75,75119,2,7,1,2,PLACE DE LA BATAILLE DE STALINGRAD,"48,8830180000","2,3695880000",1,1,1,1998.0,9,1,8,-1,A01,1,0,2,4,11,5,4,PLACE DE LA BATAILLE DE STALINGRAD,0.0,,1,1,1,1,3,1,-1,5,30,adult
202100008989,8,11,2021,0 days 16:00:00,1,51,51146,1,2,1,3,D5,"48,8936820000","4,2363510000",1,4,1,1948.0,5,4,2,-1,B01,0,0,2,2,1,5,3,5,-1.0,D,2,2,0,1,1,1,0,1,80,child
202100008989,8,11,2021,0 days 16:00:00,1,51,51146,1,2,1,3,D5,"48,8936820000","4,2363510000",1,1,1,2000.0,1,1,-1,-1,B01,0,0,2,2,1,5,3,5,-1.0,D,2,2,0,1,1,1,0,1,80,adult
202100009011,5,11,2021,0 days 16:50:00,2,40,40317,2,4,1,1,Avenue du Général de Gaulle,"43,6868840000"," -1,3347990000",1,4,1,1957.0,5,0,-1,-1,B01,2,0,2,0,1,5,3,652,-1.0,,2,2,0,1,3,1,5,1,50,child
202100009011,5,11,2021,0 days 16:50:00,2,40,40317,2,4,1,1,Avenue du Général de Gaulle,"43,6868840000"," -1,3347990000",1,1,1,1988.0,1,1,-1,-1,B01,2,0,2,0,1,5,3,652,-1.0,,2,2,0,1,3,1,5,1,50,adult
202100009016,8,11,2021,0 days 13:45:00,1,69,69244,2,6,1,3,CLARISSES (DES) (RDPT),"45,7657890000","4,7516750000",1,3,1,1954.0,5,2,6,-1,B01,1,0,2,1,1,5,7,,-1.0,,1,1,0,1,2,1,9,1,50,child
202100009016,8,11,2021,0 days 13:45:00,1,69,69244,2,6,1,3,CLARISSES (DES) (RDPT),"45,7657890000","4,7516750000",1,1,1,2002.0,4,1,-1,-1,B01,1,0,2,1,1,5,7,,-1.0,,1,1,0,1,2,1,9,1,50,adult
202100009133,6,11,2021,0 days 09:20:00,1,92,92064,2,6,7,3,COLONEL DE ROCHEBRUNE,"48,8547248354","2,1980434656",1,1,2,1955.0,0,1,0,-1,B01,1,0,2,7,1,5,3,180,0.0,,2,2,0,1,2,1,5,1,50,child