Num_Acc,jour,mois,an,hrmn,lum,dep,com,agg,int,atm,col,adr,lat,long,catu,grav,sexe,an_nais,trajet,secu1,secu2,secu3,num_veh_y,senc,obs,obsm,choc,manv,motor,catr,voie,v1,v2,circ,nbv,vosp,prof,plan,surf,infra,situ,vma,age
202100009133,6,11,2021,0 days 09:20:00,1,92,92064,2,6,7,3,COLONEL DE ROCHEBRUNE,"48,8547248354","2,1980434656",1,4,1,1995.0,0,8,0,-1,B01,1,0,2,7,1,5,3,180,0.0,,2,2,0,1,2,1,5,1,50,adult
202100009233,5,11,2021,0 days 13:07:00,1,65,65440,2,9,3,6,REFFYE (COURS),"43,2323360000","0,0712930000",1,1,1,1993.0,1,8,-1,-1,A01,1,0,1,0,25,5,9,REFFYE (COURS),0.0,,-1,0,0,1,1,2,0,4,-1,child
202100009233,5,11,2021,0 days 13:07:00,1,65,65440,2,9,3,6,REFFYE (COURS),"43,2323360000","0,0712930000",3,4,1,2016.0,2,0,-1,-1,A01,1,0,1,0,25,5,9,REFFYE (COURS),0.0,,-1,0,0,1,1,2,0,4,-1,adult
202100009245,5,11,2021,0 days 16:30:00,1,44,44114,2,1,1,2,AVENUE DE LA MORLIERE,"47,2529800000"," -1,5974400000",1,1,2,1967.0,0,1,0,-1,B01,0,0,2,4,2,5,4,AVENUE DE LA MORLIERE,0.0,,2,0,0,1,1,1,0,1,50,child
202100009245,5,11,2021,0 days 16:30:00,1,44,44114,2,1,1,2,AVENUE DE LA MORLIERE,"47,2529800000"," -1,5974400000",1,3,1,2001.0,0,8,0,-1,B01,0,0,2,4,2,5,4,AVENUE DE LA MORLIERE,0.0,,2,0,0,1,1,1,0,1,50,adult
202100009248,5,11,2021,0 days 05:00:00,5,37,37261,2,1,8,3,FEBVOTTE (RUE),"47,3756468417","0,6798729300",1,4,2,1965.0,1,8,4,-1,B01,1,0,2,8,23,5,4,FEBVOTTE (RUE),0.0,,2,3,0,2,1,2,0,1,50,child
202100009248,5,11,2021,0 days 05:00:00,5,37,37261,2,1,8,3,FEBVOTTE (RUE),"47,3756468417","0,6798729300",1,1,1,1996.0,5,1,0,-1,B01,1,0,2,8,23,5,4,FEBVOTTE (RUE),0.0,,2,3,0,2,1,2,0,1,50,adult
202100009273,5,11,2021,0 days 17:26:00,2,10,10333,2,2,1,3,CROIX BLANCHE (RUE DE LA ),"48,2761900000","4,0563900000",1,1,1,1972.0,0,1,0,-1,A01,1,0,2,7,1,5,4,CROIX BLANCHE (RUE DE LA ),0.0,,2,4,0,1,1,1,0,1,50,child
202100009273,5,11,2021,0 days 17:26:00,2,10,10333,2,2,1,3,CROIX BLANCHE (RUE DE LA ),"48,2761900000","4,0563900000",1,4,1,2005.0,0,8,0,-1,A01,1,0,2,7,1,5,4,CROIX BLANCHE (RUE DE LA ),0.0,,2,4,0,1,1,1,0,1,50,adult
202100009282,4,11,2021,0 days 09:00:00,1,75,75103,2,7,8,3,PLACE DE LA REPUBLIQUE,"48,8664660000","2,3647780000",1,1,1,1963.0,4,1,0,-1,B01,1,0,2,4,1,5,4,PLACE DE LA REPUBLIQUE,0.0,,2,4,1,1,3,2,-1,5,30,child
202100009282,4,11,2021,0 days 09:00:00,1,75,75103,2,7,8,3,PLACE DE LA REPUBLIQUE,"48,8664660000","2,3647780000",1,2,1,1990.0,9,2,0,-1,B01,1,0,2,4,1,5,4,PLACE DE LA REPUBLIQUE,0.0,,2,4,1,1,3,2,-1,5,30,adult
202100009284,5,11,2021,0 days 13:30:00,1,75,75119,2,1,1,6,BOULEVARD MACDONALD,"48,8988990000","2,3809590000",1,1,1,1975.0,1,2,6,-1,A01,1,0,1,2,1,5,4,BOULEVARD MACDONALD,0.0,,1,1,1,1,1,1,-1,5,30,child
202100009284,5,11,2021,0 days 13:30:00,1,75,75119,2,1,1,6,BOULEVARD MACDONALD,"48,8988990000","2,3809590000",3,4,2,2011.0,5,0,-1,-1,A01,1,0,1,2,1,5,4,BOULEVARD MACDONALD,0.0,,1,1,1,1,1,1,-1,5,30,adult
202100009293,5,11,2021,0 days 10:00:00,1,75,75111,2,4,8,3,AVENUE DE LA REPUBLIQUE,"48,8666400000","2,3673120000",1,1,1,1964.0,4,1,8,-1,B01,2,0,2,1,1,5,4,AVENUE DE LA REPUBLIQUE,0.0,,2,4,1,1,1,1,-1,5,30,child
202100009293,5,11,2021,0 days 10:00:00,1,75,75111,2,4,8,3,AVENUE DE LA REPUBLIQUE,"48,8666400000","2,3673120000",1,4,1,1992.0,9,2,0,-1,B01,2,0,2,1,1,5,4,AVENUE DE LA REPUBLIQUE,0.0,,2,4,1,1,1,1,-1,5,30,adult
202100009372,5,11,2021,0 days 17:25:00,1,22,22008,1,1,7,3,Rue des Fougères,"48,4139030000"," -2,0963230000",1,3,1,1945.0,5,0,-1,-1,B01,3,0,0,8,1,5,4,,-1.0,,2,2,0,1,1,1,0,1,80,child
202100009372,5,11,2021,0 days 17:25:00,1,22,22008,1,1,7,3,Rue des Fougères,"48,4139030000"," -2,0963230000",1,1,1,1982.0,1,1,-1,-1,B01,3,0,0,8,1,5,4,,-1.0,,2,2,0,1,1,1,0,1,80,adult
202100009393,10,8,2021,0 days 14:55:00,1,75,75116,2,1,1,6,AVENUE MOZART,"48,8502330000","2,2669750000",3,2,1,1933.0,5,0,-1,-1,A01,2,0,1,1,1,5,4,AVENUE MOZART,0.0,,1,2,0,4,1,1,0,1,50,child
202100009393,10,8,2021,0 days 14:55:00,1,75,75116,2,1,1,6,AVENUE MOZART,"48,8502330000","2,2669750000",1,1,2,1972.0,3,2,0,-1,A01,2,0,1,1,1,5,4,AVENUE MOZART,0.0,,1,2,0,4,1,1,0,1,50,adult
202100009406,4,11,2021,0 days 15:50:00,1,972,97209,2,1,7,3,BATTERIE (RUE DE LA),"14,6279500000"," -61,0549200000",1,1,2,1932.0,5,1,0,-1,B01,3,0,2,1,19,5,4,BATTERIE (RUE DE LA),0.0,,2,2,0,1,1,1,0,1,50,child
202100009406,4,11,2021,0 days 15:50:00,1,972,97209,2,1,7,3,BATTERIE (RUE DE LA),"14,6279500000"," -61,0549200000",1,4,1,2008.0,5,8,0,-1,B01,3,0,2,1,19,5,4,BATTERIE (RUE DE LA),0.0,,2,2,0,1,1,1,0,1,50,adult
202100009459,4,11,2021,0 days 17:23:00,3,75,75105,2,2,2,3,BOULEVARD DE PORT ROYAL,"48,8376940000","2,3455070000",1,1,1,1958.0,1,8,0,-1,B01,1,0,2,0,19,5,4,BOULEVARD DE PORT ROYAL,0.0,,2,4,0,1,1,2,0,1,30,child
202100009459,4,11,2021,0 days 17:23:00,3,75,75105,2,2,2,3,BOULEVARD DE PORT ROYAL,"48,8376940000","2,3455070000",1,4,2,1989.0,4,2,6,-1,B01,1,0,2,0,19,5,4,BOULEVARD DE PORT ROYAL,0.0,,2,4,0,1,1,2,0,1,30,adult
202100009504,4,11,2021,0 days 21:45:00,5,62,62502,2,1,3,2,Route de Béthune,"50,6145150000","2,6888930000",1,1,1,1966.0,1,1,-1,-1,A01,1,0,0,4,2,5,3,845,-1.0,,2,2,2,1,1,2,0,5,50,child
202100009504,4,11,2021,0 days 21:45:00,5,62,62502,2,1,3,2,Route de Béthune,"50,6145150000","2,6888930000",1,4,1,2000.0,5,9,-1,-1,A01,1,0,0,4,2,5,3,845,-1.0,,2,2,2,1,1,2,0,5,50,adult
202100009610,2,11,2021,0 days 10:00:00,1,10,10333,2,6,8,3,ECHENILLY (RUE),"48,2743653347","4,0401488541",1,1,1,1950.0,9,1,0,-1,B01,3,0,2,7,1,0,3,ECHENILLY (RUE),0.0,,2,2,0,1,1,2,5,5,50,child
202100009610,2,11,2021,0 days 10:00:00,1,10,10333,2,6,8,3,ECHENILLY (RUE),"48,2743653347","4,0401488541",1,4,1,1993.0,9,8,0,-1,B01,3,0,2,7,1,0,3,ECHENILLY (RUE),0.0,,2,2,0,1,1,2,5,5,50,adult
202100009753,28,10,2021,0 days 18:30:00,5,67,67482,2,3,1,3,MOLIERE (AVENUE),"48,5968000000","7,7041000000",1,4,1,1950.0,0,8,0,-1,A01,1,0,2,1,19,5,4,MOLIERE (AVENUE),0.0,,2,3,1,1,1,1,0,1,50,child
202100009753,28,10,2021,0 days 18:30:00,5,67,67482,2,3,1,3,MOLIERE (AVENUE),"48,5968000000","7,7041000000",1,1,1,1998.0,0,1,8,-1,A01,1,0,2,1,19,5,4,MOLIERE (AVENUE),0.0,,2,3,1,1,1,1,0,1,50,adult
202100009815,2,11,2021,0 days 18:15:00,5,93,93064,2,8,1,3,KENNEDY (AVENUE DU PRESIDENT),"48,8788531865","2,4902591204",1,4,1,1961.0,0,2,0,-1,B01,1,0,2,8,0,0,3,KENNEDY (AVENUE DU PRESIDENT),0.0,,2,2,1,1,1,1,0,1,50,child
202100009815,2,11,2021,0 days 18:15:00,5,93,93064,2,8,1,3,KENNEDY (AVENUE DU PRESIDENT),"48,8788531865","2,4902591204",1,1,1,1982.0,0,1,0,-1,B01,1,0,2,8,0,0,3,KENNEDY (AVENUE DU PRESIDENT),0.0,,2,2,1,1,1,1,0,1,50,adult
202100009825,21,10,2021,0 days 15:35:00,1,31,31035,2,1,1,2,2c Route de Narbonne,"43,5354130000","1,4839050000",1,1,1,1978.0,4,1,-1,-1,B01,1,0,2,3,1,5,3,,-1.0,,2,2,3,1,1,1,0,6,50,child
202100009825,21,10,2021,0 days 15:35:00,1,31,31035,2,1,1,2,2c Route de Narbonne,"43,5354130000","1,4839050000",1,3,1,2000.0,5,2,-1,-1,B01,1,0,2,3,1,5,3,,-1.0,,2,2,3,1,1,1,0,6,50,adult
202100009948,7,10,2021,0 days 06:45:00,3,74,74165,1,1,1,6,Départementale 3,"45,8278050000","5,9885250000",1,1,1,1965.0,4,8,-1,-1,B01,1,0,2,0,2,5,3,3,-1.0,,2,2,0,1,2,1,0,1,50,child
202100009948,7,10,2021,0 days 06:45:00,3,74,74165,1,1,1,6,Départementale 3,"45,8278050000","5,9885250000",1,3,1,2003.0,1,2,-1,-1,B01,1,0,2,0,2,5,3,3,-1.0,,2,2,0,1,2,1,0,1,50,adult
202100010042,31,10,2021,0 days 14:30:00,1,75,75112,2,3,2,3,BOULEVARD SOULT,"48,8437000000","2,4100970000",1,1,2,1972.0,9,1,0,-1,B01,1,0,2,1,1,5,4,BOULEVARD SOULT,0.0,,1,2,1,1,1,2,0,5,50,child
202100010042,31,10,2021,0 days 14:30:00,1,75,75112,2,3,2,3,BOULEVARD SOULT,"48,8437000000","2,4100970000",1,4,1,2001.0,9,8,0,-1,B01,1,0,2,1,1,5,4,BOULEVARD SOULT,0.0,,1,2,1,1,1,2,0,5,50,adult
202100010138,30,10,2021,0 days 21:40:00,5,76,76540,2,2,1,3,LA FAYETTE. RUE,"49,4325100000","1,0895000000",1,1,1,1954.0,1,1,-1,-1,B01,3,0,2,1,1,5,4,LA FAYETTE. RUE,0.0,,1,1,3,1,1,1,-1,1,30,child
202100010138,30,10,2021,0 days 21:40:00,5,76,76540,2,2,1,3,LA FAYETTE. RUE,"49,4325100000","1,0895000000",1,4,1,1998.0,4,8,-1,-1,B01,3,0,2,1,1,5,4,LA FAYETTE. RUE,0.0,,1,1,3,1,1,1,-1,1,30,adult
202100010209,9,10,2021,0 days 10:55:00,1,44,44195,1,1,1,1,Moulin de la Pâquelais (Patrimoine national),"47,3410070000"," -1,8960640000",1,4,1,1980.0,5,2,-1,-1,B01,0,0,2,7,23,5,4,,-1.0,,2,2,0,1,2,1,0,3,70,child
202100010209,9,10,2021,0 days 10:55:00,1,44,44195,1,1,1,1,Moulin de la Pâquelais (Patrimoine national),"47,3410070000"," -1,8960640000",1,1,1,2002.0,5,1,-1,-1,B01,0,0,2,7,23,5,4,,-1.0,,2,2,0,1,2,1,0,3,70,adult
202100010282,24,9,2021,0 days 12:25:00,1,70,70550,2,1,1,3,BARBIER (QUAI YVES),"47,6195300000","6,1490000000",1,3,1,1942.0,5,4,-1,-1,A01,2,0,2,1,1,5,4,BARBIER (QUAI YVES),0.0,,2,2,1,1,3,1,0,4,30,child
202100010282,24,9,2021,0 days 12:25:00,1,70,70550,2,1,1,3,BARBIER (QUAI YVES),"47,6195300000","6,1490000000",1,1,2,1991.0,1,1,-1,-1,A01,2,0,2,1,1,5,4,BARBIER (QUAI YVES),0.0,,2,2,1,1,3,1,0,4,30,adult
202100010300,27,10,2021,0 days 07:40:00,2,59,59178,2,6,1,3,FERRER (RUE FRANCISCO),"50,3974000000","3,1039000000",1,1,2,1962.0,0,1,0,-1,B01,1,0,2,7,1,5,3,FERRER (RUE FRANCISCO),0.0,,2,2,0,1,1,1,0,1,50,child
202100010300,27,10,2021,0 days 07:40:00,2,59,59178,2,6,1,3,FERRER (RUE FRANCISCO),"50,3974000000","3,1039000000",1,3,1,2000.0,0,8,0,-1,B01,1,0,2,7,1,5,3,FERRER (RUE FRANCISCO),0.0,,2,2,0,1,1,1,0,1,50,adult
202100010305,29,10,2021,0 days 19:00:00,2,54,54159,1,1,1,6,SOMMERVILLER (ROUTE DE),"48,6290900000","6,3634400000",1,1,1,1954.0,5,1,0,-1,C01,2,0,2,4,1,5,3,SOMMERVILLER (ROUTE DE),0.0,,2,2,0,1,1,1,0,1,80,child
202100010305,29,10,2021,0 days 19:00:00,2,54,54159,1,1,1,6,SOMMERVILLER (ROUTE DE),"48,6290900000","6,3634400000",1,4,1,2006.0,5,8,0,-1,C01,2,0,2,4,1,5,3,SOMMERVILLER (ROUTE DE),0.0,,2,2,0,1,1,1,0,1,80,adult
202100010305,29,10,2021,0 days 19:00:00,2,54,54159,1,1,1,6,SOMMERVILLER (ROUTE DE),"48,6290900000","6,3634400000",1,4,1,2007.0,5,8,0,-1,C01,2,0,2,4,1,5,3,SOMMERVILLER (ROUTE DE),0.0,,2,2,0,1,1,1,0,1,80,adult
202100010315,29,10,2021,0 days 18:12:00,2,45,45234,2,2,2,3,FAUBOURG BANNIER (RUE DU ),"47,9176000000","1,8986300000",1,4,1,1977.0,1,2,4,-1,B01,0,0,2,8,16,0,7,FAUBOURG BANNIER (RUE DU ),0.0,,2,2,0,3,1,2,0,1,50,child
202100010315,29,10,2021,0 days 18:12:00,2,45,45234,2,2,2,3,FAUBOURG BANNIER (RUE DU ),"47,9176000000","1,8986300000",1,1,1,2002.0,5,1,0,-1,B01,0,0,2,8,16,0,7,FAUBOURG BANNIER (RUE DU ),0.0,,2,2,0,3,1,2,0,1,50,adult
202100010319,28,10,2021,0 days 15:00:00,1,34,34032,2,1,1,3,ESCLARMONDE DE FOIX,"43,3379100000","3,1836200000",1,1,1,1966.0,4,2,6,-1,B01,3,0,2,0,19,5,4,ESCLARMONDE DE FOIX,0.0,,2,2,0,1,1,1,0,1,30,child
202100010319,28,10,2021,0 days 15:00:00,1,34,34032,2,1,1,3,ESCLARMONDE DE FOIX,"43,3379100000","3,1836200000",1,3,1,2013.0,5,8,0,-1,B01,3,0,2,0,19,5,4,ESCLARMONDE DE FOIX,0.0,,2,2,0,1,1,1,0,1,30,adult
202100010347,29,10,2021,0 days 09:50:00,1,75,75116,2,3,1,2,AVENUE DE NEW YORK,"48,8579300000","2,2879140000",1,4,1,1971.0,9,2,6,-1,A01,1,0,2,4,19,5,4,AVENUE DE NEW YORK,0.0,,1,3,0,1,1,1,0,1,30,child
202100010347,29,10,2021,0 days 09:50:00,1,75,75116,2,3,1,2,AVENUE DE NEW YORK,"48,8579300000","2,2879140000",1,1,1,2004.0,9,2,0,-1,A01,1,0,2,4,19,5,4,AVENUE DE NEW YORK,0.0,,1,3,0,1,1,1,0,1,30,adult
202100010349,29,10,2021,0 days 13:00:00,1,75,75114,2,2,2,3,RUE FROIDEVAUX,"48,8375420000","2,3230240000",1,1,1,1958.0,9,2,6,-1,B01,1,0,2,1,1,5,4,RUE FROIDEVAUX,0.0,,1,1,1,1,1,2,0,5,30,child
202100010349,29,10,2021,0 days 13:00:00,1,75,75114,2,2,2,3,RUE FROIDEVAUX,"48,8375420000","2,3230240000",1,4,1,1997.0,5,8,0,-1,B01,1,0,2,1,1,5,4,RUE FROIDEVAUX,0.0,,1,1,1,1,1,2,0,5,30,adult
202100010381,28,10,2021,0 days 17:50:00,1,92,92049,2,1,1,3,PERIER RUE N°1 A 33 ET 2 A 26,"48,8135190000","2,3182690000",1,1,1,1938.0,0,8,0,-1,B01,1,1,0,1,2,5,4,PERIER RUE N°1 A 33 ET 2 A 26,0.0,,2,2,0,1,1,1,0,1,50,child
202100010381,28,10,2021,0 days 17:50:00,1,92,92049,2,1,1,3,PERIER RUE N°1 A 33 ET 2 A 26,"48,8135190000","2,3182690000",1,4,1,1983.0,9,1,0,-1,B01,1,1,0,1,2,5,4,PERIER RUE N°1 A 33 ET 2 A 26,0.0,,2,2,0,1,1,1,0,1,50,adult
202100010468,27,10,2021,0 days 19:15:00,5,974,97411,2,2,1,1,LAGRANGE (RUE LEO)," -20,9046300000","55,4817200000",1,1,1,1978.0,1,1,0,-1,B01,3,0,2,7,5,5,4,LAGRANGE (RUE LEO),0.0,,2,2,0,4,3,1,0,1,50,child
202100010468,27,10,2021,0 days 19:15:00,5,974,97411,2,2,1,1,LAGRANGE (RUE LEO)," -20,9046300000","55,4817200000",1,4,1,2010.0,0,8,0,-1,B01,3,0,2,7,5,5,4,LAGRANGE (RUE LEO),0.0,,2,2,0,4,3,1,0,1,50,adult
202100010470,28,10,2021,0 days 17:45:00,2,69,69259,1,9,1,3,CLOS VERGER (DU) (R),"45,7217136949","4,8940175772",1,4,1,1949.0,5,2,-1,-1,B01,3,0,2,1,1,5,4,CLOS VERGER (DU)                    (R ),0.0,,2,2,0,1,1,1,0,1,30,child
202100010470,28,10,2021,0 days 17:45:00,2,69,69259,1,9,1,3,CLOS VERGER (DU) (R),"45,7217136949","4,8940175772",1,1,2,1978.0,0,1,-1,-1,B01,3,0,2,1,1,5,4,CLOS VERGER (DU)                    (R ),0.0,,2,2,0,1,1,1,0,1,30,adult
202100010519,26,10,2021,0 days 16:30:00,1,56,56162,1,3,7,3,Lieu-Dit Kergohel,"47,7336600000"," -3,4769200000",1,4,2,1952.0,5,2,8,-1,B01,2,0,2,7,1,5,3,162E,0.0,,2,2,0,1,1,1,0,1,70,child
202100010519,26,10,2021,0 days 16:30:00,1,56,56162,1,3,7,3,Lieu-Dit Kergohel,"47,7336600000"," -3,4769200000",1,1,2,1980.0,5,1,8,-1,B01,2,0,2,7,1,5,3,162E,0.0,,2,2,0,1,1,1,0,1,70,adult
202100010523,28,10,2021,0 days 08:17:00,1,49,49007,2,1,1,3,BLANCHERAIE AVENUE,"47,4666100000"," -0,5619100000",1,4,1,1976.0,1,8,0,-1,B01,1,0,2,2,1,5,4,BLANCHERAIE AVENUE,0.0,,2,2,0,1,1,1,0,1,50,child
202100010523,28,10,2021,0 days 08:17:00,1,49,49007,2,1,1,3,BLANCHERAIE AVENUE,"47,4666100000"," -0,5619100000",1,1,2,1999.0,1,1,0,-1,B01,1,0,2,2,1,5,4,BLANCHERAIE AVENUE,0.0,,2,2,0,1,1,1,0,1,50,adult
202100010559,27,10,2021,0 days 16:40:00,1,75,75117,2,2,1,6,BOULEVARD BERTHIER,"48,8942620000","2,3136100000",3,4,2,1943.0,5,8,8,-1,A01,2,0,1,1,1,5,4,BOULEVARD BERTHIER,0.0,,2,6,2,1,1,1,-1,5,30,child
202100010559,27,10,2021,0 days 16:40:00,1,75,75117,2,2,1,6,BOULEVARD BERTHIER,"48,8942620000","2,3136100000",1,1,2,1968.0,1,8,0,-1,A01,2,0,1,1,1,5,4,BOULEVARD BERTHIER,0.0,,2,6,2,1,1,1,-1,5,30,adult
202100010590,27,10,2021,0 days 12:36:00,1,93,93005,2,1,1,3,NONNEVILLE (AVENUE DE),"48,9241065686","2,5015997887",1,4,1,1954.0,0,2,0,-1,B01,1,1,0,3,0,0,4,NONNEVILLE (AVENUE DE),0.0,,-1,1,0,1,1,1,0,1,50,child
202100010590,27,10,2021,0 days 12:36:00,1,93,93005,2,1,1,3,NONNEVILLE (AVENUE DE),"48,9241065686","2,5015997887",1,1,2,2000.0,0,1,8,-1,B01,1,1,0,3,0,0,4,NONNEVILLE (AVENUE DE),0.0,,-1,1,0,1,1,1,0,1,50,adult
202100010597,28,10,2021,0 days 14:00:00,1,12,12208,1,2,1,3,D999,"43,9558660000","2,8597230000",1,1,2,1957.0,3,1,-1,-1,B01,3,0,2,7,19,5,3,999,-1.0,,2,1,0,1,1,1,0,1,70,child
202100010597,28,10,2021,0 days 14:00:00,1,12,12208,1,2,1,3,D999,"43,9558660000","2,8597230000",1,4,1,2007.0,5,0,-1,-1,B01,3,0,2,7,19,5,3,999,-1.0,,2,1,0,1,1,1,0,1,70,adult
202100010602,28,10,2021,0 days 13:58:00,1,85,85215,2,1,1,3,Impasse des Fees,"46,8484430000"," -1,1696160000",1,1,1,1979.0,1,1,-1,-1,B01,0,0,2,1,19,5,4,,-1.0,,1,2,0,1,1,1,0,1,50,child
202100010602,28,10,2021,0 days 13:58:00,1,85,85215,2,1,1,3,Impasse des Fees,"46,8484430000"," -1,1696160000",1,4,1,2011.0,5,0,-1,-1,B01,0,0,2,1,19,5,4,,-1.0,,1,2,0,1,1,1,0,1,50,adult
202100010616,28,10,2021,0 days 16:45:00,1,38,38416,2,6,1,2,rd 27,"45,1473300000","5,3072120000",1,4,2,1967.0,0,0,-1,-1,B01,3,0,0,6,1,5,3,27,-1.0,,2,2,1,1,1,1,0,5,50,child
202100010616,28,10,2021,0 days 16:45:00,1,38,38416,2,6,1,2,rd 27,"45,1473300000","5,3072120000",1,1,1,1998.0,0,8,-1,-1,B01,3,0,0,6,1,5,3,27,-1.0,,2,2,1,1,1,1,0,5,50,adult
202100010623,28,10,2021,0 days 14:40:00,1,90,90044,1,3,7,3,D25,"47,7092330000","6,9656860000",1,3,1,1925.0,5,2,4,-1,B01,1,0,2,1,1,5,3,25,-1.0,,2,2,0,2,1,1,0,1,80,child
202100010623,28,10,2021,0 days 14:40:00,1,90,90044,1,3,7,3,D25,"47,7092330000","6,9656860000",1,1,1,1955.0,5,1,-1,-1,B01,1,0,2,1,1,5,3,25,-1.0,,2,2,0,2,1,1,0,1,80,adult
202100010631,28,10,2021,0 days 12:25:00,1,95,95394,2,1,1,6,2 Avenue Marcel Perrin,"49,0693150000","2,1793750000",1,4,1,1949.0,5,2,6,-1,A01,1,0,0,8,1,5,3,928,-1.0,D,2,2,1,1,1,1,0,5,50,child
202100010631,28,10,2021,0 days 12:25:00,1,95,95394,2,1,1,6,2 Avenue Marcel Perrin,"49,0693150000","2,1793750000",3,1,1,1998.0,1,0,-1,-1,A01,1,0,0,8,1,5,3,928,-1.0,D,2,2,1,1,1,1,0,5,50,adult
202100010701,19,10,2021,0 days 14:41:00,1,63,63113,1,1,1,2,FOREST (AVENUE FERNAND),"45,7954500000","3,1043600000",1,2,1,1944.0,5,8,0,-1,B01,3,0,2,4,0,5,7,FOREST (AVENUE FERNAND),0.0,,3,5,0,1,1,1,0,1,70,child
202100010701,19,10,2021,0 days 14:41:00,1,63,63113,1,1,1,2,FOREST (AVENUE FERNAND),"45,7954500000","3,1043600000",1,1,1,1990.0,0,1,0,-1,B01,3,0,2,4,0,5,7,FOREST (AVENUE FERNAND),0.0,,3,5,0,1,1,1,0,1,70,adult
202100010723,27,10,2021,0 days 17:15:00,1,18,18279,2,9,1,3,VOLTAIRE ( RUE ),"47,2207854801","2,0674319965",2,1,1,1965.0,4,8,0,-1,A01,1,14,2,9,21,5,4,VOLTAIRE ( RUE ),0.0,,2,1,0,1,1,1,0,1,50,child
202100010723,27,10,2021,0 days 17:15:00,1,18,18279,2,9,1,3,VOLTAIRE ( RUE ),"47,2207854801","2,0674319965",1,1,1,1986.0,9,8,0,-1,A01,1,14,2,9,21,5,4,VOLTAIRE ( RUE ),0.0,,2,1,0,1,1,1,0,1,50,adult
202100010723,27,10,2021,0 days 17:15:00,1,18,18279,2,9,1,3,VOLTAIRE ( RUE ),"47,2207854801","2,0674319965",1,3,1,2004.0,5,8,0,-1,A01,1,14,2,9,21,5,4,VOLTAIRE ( RUE ),0.0,,2,1,0,1,1,1,0,1,50,adult
202100010761,27,10,2021,0 days 16:40:00,1,86,86183,1,1,1,2,D58,"46,9519790000","0,6466357000",1,3,1,1949.0,5,2,-1,-1,B01,1,0,2,4,2,5,3,58,0.0, -,2,2,0,1,1,1,0,1,80,child
202100010761,27,10,2021,0 days 16:40:00,1,86,86183,1,1,1,2,D58,"46,9519790000","0,6466357000",1,1,2,1984.0,0,1,-1,-1,B01,1,0,2,4,2,5,3,58,0.0, -,2,2,0,1,1,1,0,1,80,adult
202100010807,26,10,2021,0 days 11:40:00,1,67,67329,1,2,1,1,D426,"48,4512680000","7,5212250000",1,1,2,1984.0,5,1,-1,-1,B01,3,0,2,3,19,5,3,426,-1.0,D,2,2,1,1,1,1,0,1,80,child
202100010807,26,10,2021,0 days 11:40:00,1,67,67329,1,2,1,1,D426,"48,4512680000","7,5212250000",1,4,1,2008.0,5,0,-1,-1,B01,3,0,2,3,19,5,3,426,-1.0,D,2,2,1,1,1,1,0,1,80,adult
202100010810,28,10,2021,0 days 17:15:00,2,54,54196,1,2,1,6,D913,"48,5599440000","6,1852812762",1,1,1,1968.0,1,1,-1,-1,C01,1,0,2,1,1,5,3,913,0.0,D,2,1,0,2,1,1,0,1,80,child
202100010810,28,10,2021,0 days 17:15:00,2,54,54196,1,2,1,6,D913,"48,5599440000","6,1852812762",1,4,1,1975.0,5,2,-1,-1,C01,1,0,2,1,1,5,3,913,0.0,D,2,1,0,2,1,1,0,1,80,adult
202100010810,28,10,2021,0 days 17:15:00,2,54,54196,1,2,1,6,D913,"48,5599440000","6,1852812762",1,4,1,2004.0,5,2,-1,-1,C01,1,0,2,1,1,5,3,913,0.0,D,2,1,0,2,1,1,0,1,80,adult
202100010848,25,10,2021,0 days 06:40:00,5,69,69385,2,1,8,3,CHAMPVERT (DE) (R),"45,7605490000","4,7958000000",1,2,1,1963.0,1,0,-1,-1,B01,1,0,2,8,25,5,4,,0.0,,2,2,0,2,1,1,0,1,50,child
202100010848,25,10,2021,0 days 06:40:00,5,69,69385,2,1,8,3,CHAMPVERT (DE) (R),"45,7605490000","4,7958000000",1,1,2,1997.0,1,8,-1,-1,B01,1,0,2,8,25,5,4,,0.0,,2,2,0,2,1,1,0,1,50,adult
202100010876,26,10,2021,0 days 11:20:00,1,64,64445,2,6,1,3,ALLEES DE MORLAAS DES,"43,3077300000"," -0,3391300000",1,4,2,1940.0,0,8,0,-1,A01,3,0,2,1,19,5,4,ALLEES DE MORLAAS DES,0.0,,1,2,0,1,2,1,0,1,30,child
202100010876,26,10,2021,0 days 11:20:00,1,64,64445,2,6,1,3,ALLEES DE MORLAAS DES,"43,3077300000"," -0,3391300000",1,1,1,1995.0,0,1,0,-1,A01,3,0,2,1,19,5,4,ALLEES DE MORLAAS DES,0.0,,1,2,0,1,2,1,0,1,30,adult
202100010907,26,10,2021,0 days 15:20:00,1,37,37261,2,1,1,2,MARCEAU (RUE),"47,3947347451","0,6845171147",1,1,2,1959.0,5,1,0,-1,A01,1,0,2,1,1,0,4,MARCEAU (RUE),0.0,,1,1,1,1,1,1,0,1,50,child
202100010907,26,10,2021,0 days 15:20:00,1,37,37261,2,1,1,2,MARCEAU (RUE),"47,3947347451","0,6845171147",1,4,1,2008.0,5,8,0,-1,A01,1,0,2,1,1,0,4,MARCEAU (RUE),0.0,,1,1,1,1,1,1,0,1,50,adult