Num_Acc,jour,mois,an,hrmn,lum,dep,com,agg,int,atm,col,adr,lat,long,catu,grav,sexe,an_nais,trajet,secu1,secu2,secu3,num_veh_y,senc,obs,obsm,choc,manv,motor,catr,voie,v1,v2,circ,nbv,vosp,prof,plan,surf,infra,situ,vma,age
202100010910,26,10,2021,0 days 08:15:00,1,35,35051,2,6,5,3,FONTAINE (RUE DE LA),"48,1140500000"," -1,6073000000",1,4,1,1971.0,1,2,0,-1,B01,2,0,2,1,1,0,4,FONTAINE (RUE DE LA),0.0,,-1,2,0,1,1,1,0,1,50,child
202100010910,26,10,2021,0 days 08:15:00,1,35,35051,2,6,5,3,FONTAINE (RUE DE LA),"48,1140500000"," -1,6073000000",1,1,1,1993.0,5,1,0,-1,B01,2,0,2,1,1,0,4,FONTAINE (RUE DE LA),0.0,,-1,2,0,1,1,1,0,1,50,adult
202100010918,25,10,2021,0 days 19:40:00,3,14,14137,2,1,1,6,GAULLE ( AVENUE CHARLES DE ),"49,1895800000"," -0,4418200000",1,1,1,1971.0,0,1,-1,-1,B01,1,0,2,0,2,5,3,GAULLE ( AVENUE CHARLES DE ),0.0,,-1,1,0,1,1,2,0,1,1,child
202100010918,25,10,2021,0 days 19:40:00,3,14,14137,2,1,1,6,GAULLE ( AVENUE CHARLES DE ),"49,1895800000"," -0,4418200000",3,1,1,1997.0,5,0,-1,-1,B01,1,0,2,0,2,5,3,GAULLE ( AVENUE CHARLES DE ),0.0,,-1,1,0,1,1,2,0,1,1,adult
202100010918,25,10,2021,0 days 19:40:00,3,14,14137,2,1,1,6,GAULLE ( AVENUE CHARLES DE ),"49,1895800000"," -0,4418200000",1,3,1,2000.0,1,0,-1,-1,B01,1,0,2,0,2,5,3,GAULLE ( AVENUE CHARLES DE ),0.0,,-1,1,0,1,1,2,0,1,1,adult
202100010923,25,10,2021,0 days 20:45:00,3,12,12176,1,1,1,2,RD 840,"44,3966600000","2,5071000000",1,1,1,1964.0,5,1,-1,-1,B01,2,0,2,4,1,5,3,RD 840,0.0,,2,2,0,1,1,1,0,1,90,child
202100010923,25,10,2021,0 days 20:45:00,3,12,12176,1,1,1,2,RD 840,"44,3966600000","2,5071000000",1,3,1,2000.0,5,0,-1,-1,B01,2,0,2,4,1,5,3,RD 840,0.0,,2,2,0,1,1,1,0,1,90,adult
202100010964,27,10,2021,0 days 13:30:00,1,83,83057,1,1,1,2,RD 13 PK 49+950,"43,3793200000","6,2089490000",1,3,1,1932.0,5,2,4,-1,B01,2,0,0,4,1,5,3,13,-1.0,,2,2,0,1,1,1,0,1,80,child
202100010964,27,10,2021,0 days 13:30:00,1,83,83057,1,1,1,2,RD 13 PK 49+950,"43,3793200000","6,2089490000",1,1,1,2002.0,1,1,-1,-1,B01,2,0,0,4,1,5,3,13,-1.0,,2,2,0,1,1,1,0,1,80,adult
202100010978,26,10,2021,0 days 18:50:00,5,38,38140,2,6,9,3,rond point croix des hayes,"45,2768950000","5,8726300000",1,1,1,1958.0,9,1,-1,-1,B01,1,0,2,7,1,5,3,D1090,0.0,,1,2,2,1,2,1,0,1,50,child
202100010978,26,10,2021,0 days 18:50:00,5,38,38140,2,6,9,3,rond point croix des hayes,"45,2768950000","5,8726300000",1,4,1,1996.0,1,1,-1,-1,B01,1,0,2,7,1,5,3,D1090,0.0,,1,2,2,1,2,1,0,1,50,adult
202100010979,25,10,2021,0 days 10:45:00,1,38,38140,2,1,7,3,103 Avenue Joliot Curie,"45,2839660000","5,8827830000",1,4,1,1967.0,5,2,-1,-1,B01,2,0,2,1,9,5,3,D1090,0.0,D,-1,2,0,1,1,1,0,1,50,child
202100010979,25,10,2021,0 days 10:45:00,1,38,38140,2,1,7,3,103 Avenue Joliot Curie,"45,2839660000","5,8827830000",1,1,2,1993.0,4,1,-1,-1,B01,2,0,2,1,9,5,3,D1090,0.0,D,-1,2,0,1,1,1,0,1,50,adult
202100010996,26,10,2021,0 days 19:45:00,3,973,97304,2,1,1,1,8 Avenue Auguste Boudinot,"5,1755634617"," -52,6497318596",1,2,1,1949.0,5,0,-1,-1,B01,0,0,2,1,9,5,4,,-1.0,,2,2,0,1,1,1,5,8,50,child
202100010996,26,10,2021,0 days 19:45:00,3,973,97304,2,1,1,1,8 Avenue Auguste Boudinot,"5,1755634617"," -52,6497318596",1,1,1,1991.0,0,1,-1,-1,B01,0,0,2,1,9,5,4,,-1.0,,2,2,0,1,1,1,5,8,50,adult
202100011040,25,10,2021,0 days 17:50:00,1,06,06123,2,1,1,3,DE GAULLE GENERAL AVENUE,"43,6675430000","7,1923880000",1,1,2,1950.0,3,1,0,-1,A01,1,0,2,6,20,5,7,DE GAULLE GENERAL AVENUE,0.0,,2,2,0,1,1,1,6,4,50,child
202100011040,25,10,2021,0 days 17:50:00,1,06,06123,2,1,1,3,DE GAULLE GENERAL AVENUE,"43,6675430000","7,1923880000",1,4,1,2005.0,5,8,0,-1,A01,1,0,2,6,20,5,7,DE GAULLE GENERAL AVENUE,0.0,,2,2,0,1,1,1,6,4,50,adult
202100011046,22,10,2021,0 days 19:00:00,2,69,69383,2,2,1,6,GARIBALDI (R),"45,7570191466","4,8527111680",3,4,2,1955.0,0,0,-1,-1,A01,2,0,1,1,15,5,4,GARIBALDI                           (R ),0.0,,1,3,3,1,1,1,0,1,50,child
202100011046,22,10,2021,0 days 19:00:00,2,69,69383,2,2,1,6,GARIBALDI (R),"45,7570191466","4,8527111680",1,1,1,1977.0,0,2,-1,-1,A01,2,0,1,1,15,5,4,GARIBALDI                           (R ),0.0,,1,3,3,1,1,1,0,1,50,adult
202100011228,23,10,2021,0 days 12:10:00,1,01,01053,2,1,1,3,Rue des Pres de Brou,"46,2010600000","5,2428100000",1,3,1,1965.0,3,8,0,-1,V01,3,0,2,4,19,5,4,PRES DE BROU ( RUE DES),0.0,,2,2,0,1,1,1,0,1,50,child
202100011228,23,10,2021,0 days 12:10:00,1,01,01053,2,1,1,3,Rue des Pres de Brou,"46,2010600000","5,2428100000",1,1,1,2003.0,5,1,0,-1,V01,3,0,2,4,19,5,4,PRES DE BROU ( RUE DES),0.0,,2,2,0,1,1,1,0,1,50,adult
202100011284,24,10,2021,0 days 16:15:00,1,70,70356,1,1,1,3,D3,"47,3798710000","5,9334540000",1,2,1,1938.0,5,2,-1,-1,A01,1,0,2,0,0,5,3,03,-1.0,,2,2,0,1,1,1,0,1,80,child
202100011284,24,10,2021,0 days 16:15:00,1,70,70356,1,1,1,3,D3,"47,3798710000","5,9334540000",1,1,1,1988.0,5,1,-1,-1,A01,1,0,2,0,0,5,3,03,-1.0,,2,2,0,1,1,1,0,1,80,adult
202100011305,25,10,2021,0 days 04:00:00,3,2A,2A247,2,1,1,1,rue Henri Frenay,"41,5991090000","9,2779330000",1,1,1,1974.0,0,8,-1,-1,B01,1,0,2,4,2,5,3,568,0.0,D,2,2,0,1,1,1,0,1,50,child
202100011305,25,10,2021,0 days 04:00:00,3,2A,2A247,2,1,1,1,rue Henri Frenay,"41,5991090000","9,2779330000",1,3,1,2008.0,5,0,-1,-1,B01,1,0,2,4,2,5,3,568,0.0,D,2,2,0,1,1,1,0,1,50,adult
202100011383,23,10,2021,0 days 19:10:00,5,37,37261,2,4,1,3,HEURTELOUP (BOULEVARD),"47,3937078989","0,7026341335",1,1,1,1960.0,4,1,0,-1,B01,2,0,2,1,19,5,4,HEURTELOUP (BOULEVARD),0.0,,1,2,0,1,1,1,0,1,50,child
202100011383,23,10,2021,0 days 19:10:00,5,37,37261,2,4,1,3,HEURTELOUP (BOULEVARD),"47,3937078989","0,7026341335",1,4,1,2012.0,5,2,0,-1,B01,2,0,2,1,19,5,4,HEURTELOUP (BOULEVARD),0.0,,1,2,0,1,1,1,0,1,50,adult
202100011416,23,10,2021,0 days 14:40:00,1,75,75119,2,2,1,6,RUE DE BELLEVILLE,"48,8739440000","2,3854040000",1,1,1,1960.0,5,2,0,-1,B01,1,0,2,8,19,5,4,RUE DE BELLEVILLE,0.0,,2,2,0,2,1,1,5,1,30,child
202100011416,23,10,2021,0 days 14:40:00,1,75,75119,2,2,1,6,RUE DE BELLEVILLE,"48,8739440000","2,3854040000",1,4,1,2000.0,5,2,6,-1,B01,1,0,2,8,19,5,4,RUE DE BELLEVILLE,0.0,,2,2,0,2,1,1,5,1,30,adult
202100011428,22,10,2021,0 days 22:14:00,5,75,75104,2,2,1,3,RUE DE TURENNE,"48,8564720000","2,3643540000",1,1,1,1965.0,1,1,8,-1,B01,2,0,2,7,1,5,4,RUE DES FRANCS BOURGEOIS,0.0,,1,1,0,1,1,1,5,1,30,child
202100011428,22,10,2021,0 days 22:14:00,5,75,75104,2,2,1,3,RUE DE TURENNE,"48,8564720000","2,3643540000",1,4,1,1992.0,9,8,0,-1,B01,2,0,2,7,1,5,4,RUE DES FRANCS BOURGEOIS,0.0,,1,1,0,1,1,1,5,1,30,adult
202100011432,23,10,2021,0 days 01:45:00,5,94,94011,2,9,1,2,Carrefour du-Général-de-Gaulle,"48,7679700000","2,4877800000",1,1,1,1963.0,1,1,4,-1,B01,2,0,2,1,1,5,3,GAULLE(CARREFOUR CHARLES DE),0.0,,1,2,0,1,3,1,5,1,50,child
202100011432,23,10,2021,0 days 01:45:00,5,94,94011,2,9,1,2,Carrefour du-Général-de-Gaulle,"48,7679700000","2,4877800000",1,4,1,2002.0,9,0,0,-1,B01,2,0,2,1,1,5,3,GAULLE(CARREFOUR CHARLES DE),0.0,,1,2,0,1,3,1,5,1,50,adult
202100011440,23,10,2021,0 days 18:46:00,2,92,92062,2,9,1,3,PUTEAUX (PONT DE),"48,8781257887","2,2427693009",1,1,1,1938.0,0,1,0,-1,B01,0,0,2,0,0,5,3,PUTEAUX (PONT DE),0.0,,3,6,1,1,1,1,2,1,50,child
202100011440,23,10,2021,0 days 18:46:00,2,92,92062,2,9,1,3,PUTEAUX (PONT DE),"48,8781257887","2,2427693009",1,4,1,1966.0,0,0,-1,-1,B01,0,0,2,0,0,5,3,PUTEAUX (PONT DE),0.0,,3,6,1,1,1,1,2,1,50,adult
202100011486,21,10,2021,0 days 15:50:00,1,88,88075,1,3,1,3,38 Route de Gerardmer,"48,0141750000","6,8854240000",1,1,2,1952.0,5,1,-1,-1,B01,2,0,2,1,1,5,3,486,0.0,,2,2,0,2,1,1,0,1,80,child
202100011486,21,10,2021,0 days 15:50:00,1,88,88075,1,3,1,3,38 Route de Gerardmer,"48,0141750000","6,8854240000",1,3,1,1998.0,5,2,-1,-1,B01,2,0,2,1,1,5,3,486,0.0,,2,2,0,2,1,1,0,1,80,adult
202100011491,20,10,2021,0 days 08:00:00,2,33,33199,2,6,1,3,Cours de la Marne,"44,6337570000"," -1,0596330000",1,1,2,1971.0,1,1,-1,-1,A01,3,0,2,7,1,5,4,,-1.0,,2,2,0,1,3,1,0,1,50,child
202100011491,20,10,2021,0 days 08:00:00,2,33,33199,2,6,1,3,Cours de la Marne,"44,6337570000"," -1,0596330000",1,4,1,2006.0,2,0,-1,-1,A01,3,0,2,7,1,5,4,,-1.0,,2,2,0,1,3,1,0,1,50,adult
202100011587,22,10,2021,0 days 11:22:00,1,49,49007,2,1,1,3,,"47,4697500000"," -0,5616900000",1,1,1,1966.0,1,1,0,-1,A01,1,0,2,3,26,5,4,GAULLE BOULEVARD CHARLES DE,0.0,,2,2,0,1,1,1,0,1,30,child
202100011587,22,10,2021,0 days 11:22:00,1,49,49007,2,1,1,3,,"47,4697500000"," -0,5616900000",1,3,1,1991.0,9,8,0,-1,A01,1,0,2,3,26,5,4,GAULLE BOULEVARD CHARLES DE,0.0,,2,2,0,1,1,1,0,1,30,adult
202100011628,22,10,2021,0 days 17:15:00,1,06,06088,2,2,1,3,NOTRE-DAME (AV.),"43,7039460000","7,2678510000",1,3,1,1964.0,0,2,0,-1,B01,2,0,2,8,1,0,4,NOTRE-DAME (AV.),0.0,,2,2,0,1,1,1,0,1,50,child
202100011628,22,10,2021,0 days 17:15:00,1,06,06088,2,2,1,3,NOTRE-DAME (AV.),"43,7039460000","7,2678510000",1,1,2,1999.0,2,1,0,-1,B01,2,0,2,8,1,0,4,NOTRE-DAME (AV.),0.0,,2,2,0,1,1,1,0,1,50,adult
202100011772,21,10,2021,0 days 11:05:00,1,91,91114,2,3,1,3,RUE DU VAL FLEURI,"48,7079400000","2,5188800000",1,1,1,1944.0,5,1,0,-1,B01,2,0,2,7,25,0,4,RUE DU VAL FLEURI,0.0,,2,2,0,3,1,1,0,1,30,child
202100011772,21,10,2021,0 days 11:05:00,1,91,91114,2,3,1,3,RUE DU VAL FLEURI,"48,7079400000","2,5188800000",2,1,1,1965.0,5,1,0,-1,B01,2,0,2,7,25,0,4,RUE DU VAL FLEURI,0.0,,2,2,0,3,1,1,0,1,30,adult
202100011772,21,10,2021,0 days 11:05:00,1,91,91114,2,3,1,3,RUE DU VAL FLEURI,"48,7079400000","2,5188800000",1,4,1,1986.0,1,2,0,-1,B01,2,0,2,7,25,0,4,RUE DU VAL FLEURI,0.0,,2,2,0,3,1,1,0,1,30,adult
202100011788,20,10,2021,0 days 16:20:00,1,76,76217,2,1,1,6,DUMAS (ALEXANDRE),"49,9258500000","1,0706000000",3,3,2,1930.0,5,0,-1,-1,A01,3,0,1,0,25,5,9,DUMAS (ALEXANDRE),0.0,,-1,0,0,1,1,1,6,4,30,child
202100011788,20,10,2021,0 days 16:20:00,1,76,76217,2,1,1,6,DUMAS (ALEXANDRE),"49,9258500000","1,0706000000",1,1,1,2007.0,5,8,-1,-1,A01,3,0,1,0,25,5,9,DUMAS (ALEXANDRE),0.0,,-1,0,0,1,1,1,6,4,30,adult
202100011805,20,10,2021,0 days 14:34:00,1,49,49007,2,1,1,2,PATTON AVENUE,"47,4735500000"," -0,5856900000",1,4,2,1954.0,5,8,0,-1,B01,1,0,2,4,2,5,4,PATTON AVENUE,0.0,,2,2,0,1,1,1,0,1,50,child
202100011805,20,10,2021,0 days 14:34:00,1,49,49007,2,1,1,2,PATTON AVENUE,"47,4735500000"," -0,5856900000",1,1,1,1991.0,5,1,0,-1,B01,1,0,2,4,2,5,4,PATTON AVENUE,0.0,,2,2,0,1,1,1,0,1,50,adult
202100011808,21,10,2021,0 days 17:55:00,1,45,45234,2,1,1,3,Rue du Faubourg Madeleine,"47,8996259281","1,8790376186",1,1,1,1974.0,4,8,0,-1,A01,3,0,4,2,14,5,4,FAUBOURG MADELEINE (RUE DU ),0.0,,1,1,3,1,1,2,0,6,20,child
202100011808,21,10,2021,0 days 17:55:00,1,45,45234,2,1,1,3,Rue du Faubourg Madeleine,"47,8996259281","1,8790376186",1,4,1,2008.0,2,8,0,-1,A01,3,0,4,2,14,5,4,FAUBOURG MADELEINE (RUE DU ),0.0,,1,1,3,1,1,2,0,6,20,adult
202100011813,21,10,2021,0 days 15:45:00,1,44,44109,2,6,1,3,PAINLEVE ( RUE PAUL ),"47,2258760000"," -1,5707170000",1,4,2,1961.0,0,2,8,-1,B01,0,0,2,4,19,5,4,PAINLEVE ( RUE PAUL ),0.0,,1,0,0,1,1,2,0,1,30,child
202100011813,21,10,2021,0 days 15:45:00,1,44,44109,2,6,1,3,PAINLEVE ( RUE PAUL ),"47,2258760000"," -1,5707170000",1,1,1,1999.0,5,2,6,-1,B01,0,0,2,4,19,5,4,PAINLEVE ( RUE PAUL ),0.0,,1,0,0,1,1,2,0,1,30,adult
202100011834,21,10,2021,0 days 17:35:00,1,10,10387,2,2,2,3,SOMME (RUE DE LA),"48,2800400000","4,0772800000",1,1,2,1974.0,1,1,0,-1,A01,1,0,2,1,1,5,4,SOMME (RUE DE LA),0.0,,2,2,0,2,1,2,0,1,50,child
202100011834,21,10,2021,0 days 17:35:00,1,10,10387,2,2,2,3,SOMME (RUE DE LA),"48,2800400000","4,0772800000",1,4,1,2001.0,0,8,0,-1,A01,1,0,2,1,1,5,4,SOMME (RUE DE LA),0.0,,2,2,0,2,1,2,0,1,50,adult
202100011852,21,10,2021,0 days 15:00:00,1,75,75113,2,3,3,3,AVENUE DE LA PORTE DE VITRY,"48,8228720000","2,3777550000",1,1,1,1946.0,4,1,0,-1,B01,2,0,2,8,1,5,4,AVENUE DE LA PORTE DE VITRY,0.0,,2,4,1,1,1,2,-1,5,30,child
202100011852,21,10,2021,0 days 15:00:00,1,75,75113,2,3,3,3,AVENUE DE LA PORTE DE VITRY,"48,8228720000","2,3777550000",1,4,1,1986.0,1,2,0,-1,B01,2,0,2,8,1,5,4,AVENUE DE LA PORTE DE VITRY,0.0,,2,4,1,1,1,2,-1,5,30,adult
202100011963,29,7,2021,0 days 11:10:00,1,74,74080,1,1,1,5,Rte du Col des Aravis,"45,8751870000","6,4541780000",1,2,1,1954.0,5,2,-1,-1,C01,2,0,2,1,1,5,3,909,-1.0,,2,2,0,2,3,1,0,1,80,child
202100011963,29,7,2021,0 days 11:10:00,1,74,74080,1,1,1,5,Rte du Col des Aravis,"45,8751870000","6,4541780000",1,1,2,1957.0,5,1,-1,-1,C01,2,0,2,1,1,5,3,909,-1.0,,2,2,0,2,3,1,0,1,80,adult
202100011963,29,7,2021,0 days 11:10:00,1,74,74080,1,1,1,5,Rte du Col des Aravis,"45,8751870000","6,4541780000",1,4,2,1995.0,5,2,-1,-1,C01,2,0,2,1,1,5,3,909,-1.0,,2,2,0,2,3,1,0,1,80,adult
202100011966,19,10,2021,0 days 19:20:00,3,974,97411,2,3,1,3,SOURCE (RUE DE LA)," -20,8905200000","55,4480600000",1,1,1,1961.0,5,1,0,-1,B01,2,0,2,3,1,5,4,SOURCE (RUE DE LA),0.0,,2,2,0,1,1,1,0,1,50,child
202100011966,19,10,2021,0 days 19:20:00,3,974,97411,2,3,1,3,SOURCE (RUE DE LA)," -20,8905200000","55,4480600000",1,4,1,2000.0,5,8,0,-1,B01,2,0,2,3,1,5,4,SOURCE (RUE DE LA),0.0,,2,2,0,1,1,1,0,1,50,adult
202100012003,20,10,2021,0 days 14:00:00,1,64,64335,2,6,7,3,SALIE,"43,3361660140"," -0,4343032837",1,4,1,1940.0,5,2,0,-1,B01,3,0,2,1,0,5,4,SALIE,0.0,,2,2,0,1,1,1,0,1,50,child
202100012003,20,10,2021,0 days 14:00:00,1,64,64335,2,6,7,3,SALIE,"43,3361660140"," -0,4343032837",1,1,2,1989.0,5,1,0,-1,B01,3,0,2,1,0,5,4,SALIE,0.0,,2,2,0,1,1,1,0,1,50,adult
202100012023,20,10,2021,0 days 14:05:00,1,33,33075,2,6,1,2,Rue de Daugère,"44,8841400000"," -0,5930900000",1,4,2,1958.0,5,0,-1,-1,B01,1,0,2,3,1,5,4,RUE DE DAUGERE,0.0,,-1,2,0,1,1,1,0,1,50,child
202100012023,20,10,2021,0 days 14:05:00,1,33,33075,2,6,1,2,Rue de Daugère,"44,8841400000"," -0,5930900000",1,1,1,2001.0,4,1,-1,-1,B01,1,0,2,3,1,5,4,RUE DE DAUGERE,0.0,,-1,2,0,1,1,1,0,1,50,adult
202100012071,19,10,2021,0 days 18:30:00,1,92,92048,2,6,1,3,COLONEL MORAINE (ROUTE DU),"48,7890421514","2,2218105197",1,1,1,1960.0,4,1,8,-1,B01,1,0,2,8,16,5,4,,0.0,,2,2,0,1,3,1,0,1,50,child
202100012071,19,10,2021,0 days 18:30:00,1,92,92048,2,6,1,3,COLONEL MORAINE (ROUTE DU),"48,7890421514","2,2218105197",1,4,1,1988.0,5,8,0,-1,B01,1,0,2,8,16,5,4,,0.0,,2,2,0,1,3,1,0,1,50,adult
202100012096,21,10,2021,0 days 13:35:00,1,44,44063,1,1,1,2,Maupay,"47,0671070000"," -1,2007930000",1,2,1,1952.0,5,0,-1,-1,B01,1,0,2,4,1,0,3,149,0.0,A,2,2,0,1,1,1,0,1,80,child
202100012096,21,10,2021,0 days 13:35:00,1,44,44063,1,1,1,2,Maupay,"47,0671070000"," -1,2007930000",1,1,1,2002.0,4,1,-1,-1,B01,1,0,2,4,1,0,3,149,0.0,A,2,2,0,1,1,1,0,1,80,adult
202100012132,21,10,2021,0 days 14:10:00,1,59,59523,2,6,8,3,rue de lille,"50,5857640000","3,1672810000",1,1,1,1938.0,0,1,-1,-1,B01,3,0,2,8,26,5,7,955,-1.0,,-1,1,0,1,3,2,9,1,50,child
202100012132,21,10,2021,0 days 14:10:00,1,59,59523,2,6,8,3,rue de lille,"50,5857640000","3,1672810000",1,4,2,1996.0,0,0,-1,-1,B01,3,0,2,8,26,5,7,955,-1.0,,-1,1,0,1,3,2,9,1,50,adult
202100012194,19,10,2021,0 days 13:30:00,1,64,64445,2,1,1,2,PAIX,"43,3185717566"," -0,3455489874",1,1,2,1942.0,5,1,0,-1,B01,2,0,2,4,1,0,4,PAIX,0.0,,2,2,0,1,1,1,0,1,50,child
202100012194,19,10,2021,0 days 13:30:00,1,64,64445,2,1,1,2,PAIX,"43,3185717566"," -0,3455489874",1,4,1,1977.0,0,8,0,-1,B01,2,0,2,4,1,0,4,PAIX,0.0,,2,2,0,1,1,1,0,1,50,adult
202100012202,18,10,2021,0 days 18:05:00,1,51,51055,2,1,1,3,Rue de la Ferme Pierquin,"49,2853621762","4,0286121165",1,1,1,1948.0,3,1,0,-1,B01,0,0,0,0,15,5,4,FERME PIERQUIN (RUE),0.0,,2,2,0,1,1,1,0,1,50,child
202100012202,18,10,2021,0 days 18:05:00,1,51,51055,2,1,1,3,Rue de la Ferme Pierquin,"49,2853621762","4,0286121165",1,4,1,2002.0,0,0,-1,-1,B01,0,0,0,0,15,5,4,FERME PIERQUIN (RUE),0.0,,2,2,0,1,1,1,0,1,50,adult
202100012205,18,10,2021,0 days 09:15:00,1,43,43157,2,1,1,3,9 Place du Breuil,"45,0420000000","3,8830000000",1,4,1,1971.0,4,8,0,-1,B01,2,1,2,1,1,5,3,BREUIL (PLACE DU),0.0,,2,4,0,1,1,1,0,1,50,child
202100012205,18,10,2021,0 days 09:15:00,1,43,43157,2,1,1,3,9 Place du Breuil,"45,0420000000","3,8830000000",1,1,2,1995.0,4,1,0,-1,B01,2,1,2,1,1,5,3,BREUIL (PLACE DU),0.0,,2,4,0,1,1,1,0,1,50,adult
202100012251,18,10,2021,0 days 20:20:00,5,75,75114,2,2,2,3,RUE JULES GUESDE,"48,8367620000","2,3207500000",1,1,1,1972.0,5,1,0,-1,A01,1,0,2,1,1,5,4,RUE JULES GUESDE,0.0,,2,2,0,1,1,2,0,1,30,child
202100012251,18,10,2021,0 days 20:20:00,5,75,75114,2,2,2,3,RUE JULES GUESDE,"48,8367620000","2,3207500000",1,4,1,1998.0,1,2,0,-1,A01,1,0,2,1,1,5,4,RUE JULES GUESDE,0.0,,2,2,0,1,1,2,0,1,30,adult
202100012252,19,10,2021,0 days 16:45:00,1,75,75113,2,3,1,3,BOULEVARD ARAGO,"48,8365670000","2,3511750000",1,4,2,1941.0,5,2,0,-1,A01,1,0,2,8,13,5,4,BOULEVARD ARAGO,0.0,,1,3,3,2,3,1,0,6,30,child
202100012252,19,10,2021,0 days 16:45:00,1,75,75113,2,3,1,3,BOULEVARD ARAGO,"48,8365670000","2,3511750000",1,1,1,1964.0,4,1,0,-1,A01,1,0,2,8,13,5,4,BOULEVARD ARAGO,0.0,,1,3,3,2,3,1,0,6,30,adult
202100012310,20,10,2021,0 days 13:35:00,1,38,38006,2,2,7,3,8 Boulevard Jules Ferry,"45,3947770000","6,0721830000",1,4,1,1948.0,5,2,-1,-1,B01,2,0,2,1,1,5,3,525,0.0,D,2,2,0,3,1,1,0,1,50,child
202100012310,20,10,2021,0 days 13:35:00,1,38,38006,2,2,7,3,8 Boulevard Jules Ferry,"45,3947770000","6,0721830000",1,1,2,1971.0,5,1,-1,-1,B01,2,0,2,1,1,5,3,525,0.0,D,2,2,0,3,1,1,0,1,50,adult
202100012329,19,10,2021,0 days 13:15:00,1,13,13014,2,1,1,1,Rue Pasteur,"43,4748360000","5,1686650000",3,3,2,1949.0,9,0,-1,-1,A01,2,0,1,1,1,5,4,,-1.0,,1,2,0,1,1,1,0,1,30,child
202100012329,19,10,2021,0 days 13:15:00,1,13,13014,2,1,1,1,Rue Pasteur,"43,4748360000","5,1686650000",1,1,1,1973.0,1,0,-1,-1,A01,2,0,1,1,1,5,4,,-1.0,,1,2,0,1,1,1,0,1,30,adult
202100012335,20,10,2021,0 days 07:40:00,2,33,33442,1,1,1,2,,"45,0386115357"," -0,2091508951",1,2,1,1962.0,1,0,-1,-1,B01,2,0,0,4,0,5,3,cd10,0.0,,2,2,0,2,1,1,0,1,80,child
202100012335,20,10,2021,0 days 07:40:00,2,33,33442,1,1,1,2,,"45,0386115357"," -0,2091508951",1,1,1,1999.0,1,1,-1,-1,B01,2,0,0,4,0,5,3,cd10,0.0,,2,2,0,2,1,1,0,1,80,adult
202100012382,18,10,2021,0 days 12:55:00,1,69,69383,2,9,1,3,GARIBALDI (R),"45,7606500000","4,8520200000",1,4,2,1979.0,0,8,-1,-1,B01,2,0,2,2,0,5,4,GARIBALDI                           (R ),0.0,,1,3,3,1,1,1,0,6,50,child
202100012382,18,10,2021,0 days 12:55:00,1,69,69383,2,9,1,3,GARIBALDI (R),"45,7606500000","4,8520200000",1,4,1,2005.0,9,8,-1,-1,B01,2,0,2,2,0,5,4,GARIBALDI                           (R ),0.0,,1,3,3,1,1,1,0,6,50,adult
202100012388,18,10,2021,0 days 11:25:00,1,69,69034,2,1,1,3,SOLDATS (DES) (MO),"45,7932700000","4,8600300000",1,1,1,1963.0,0,8,-1,-1,B01,-1,0,2,0,0,0,7,SOLDATS (DES)                       (MO),0.0,,2,2,3,2,1,1,0,1,50,child
202100012388,18,10,2021,0 days 11:25:00,1,69,69034,2,1,1,3,SOLDATS (DES) (MO),"45,7932700000","4,8600300000",1,4,1,1999.0,0,8,-1,-1,B01,-1,0,2,0,0,0,7,SOLDATS (DES)                       (MO),0.0,,2,2,3,2,1,1,0,1,50,adult
202100012429,18,10,2021,0 days 18:00:00,1,64,64269,2,6,1,3,BEARN DU,"43,3012300000"," -0,3071100000",1,4,1,1946.0,5,2,0,-1,A01,3,0,2,4,5,5,4,BEARN DU,0.0,,-1,1,0,1,1,1,0,1,50,child
202100012429,18,10,2021,0 days 18:00:00,1,64,64269,2,6,1,3,BEARN DU,"43,3012300000"," -0,3071100000",1,1,2,1981.0,0,1,0,-1,A01,3,0,2,4,5,5,4,BEARN DU,0.0,,-1,1,0,1,1,1,0,1,50,adult
202100012451,18,10,2021,0 days 17:45:00,1,33,33063,2,1,1,3,Cours de la Somme,"44,8160100000"," -0,5723300000",1,1,2,1964.0,5,0,-1,-1,B01,1,0,2,1,1,0,4,CRS DE LA SOMME,0.0,,2,2,0,1,1,1,0,1,50,child
202100012451,18,10,2021,0 days 17:45:00,1,33,33063,2,1,1,3,Cours de la Somme,"44,8160100000"," -0,5723300000",1,3,2,1991.0,1,2,-1,-1,B01,1,0,2,1,1,0,4,CRS DE LA SOMME,0.0,,2,2,0,1,1,1,0,1,50,adult
202100012456,17,10,2021,0 days 08:50:00,1,29,29019,1,6,1,3,D67 - Rond Point de Kervalguen,"48,4490200000"," -4,5113700000",1,4,1,1963.0,5,2,0,-1,B01,1,0,2,0,1,5,7,ROND POINT DE KERVALGUEN,0.0,,1,2,0,1,2,1,5,1,50,child