Num_Acc,jour,mois,an,hrmn,lum,dep,com,agg,int,atm,col,adr,lat,long,catu,grav,sexe,an_nais,trajet,secu1,secu2,secu3,num_veh_y,senc,obs,obsm,choc,manv,motor,catr,voie,v1,v2,circ,nbv,vosp,prof,plan,surf,infra,situ,vma,age
202100012456,17,10,2021,0 days 08:50:00,1,29,29019,1,6,1,3,D67 - Rond Point de Kervalguen,"48,4490200000"," -4,5113700000",1,1,1,1997.0,5,1,-1,-1,B01,1,0,2,0,1,5,7,ROND POINT DE KERVALGUEN,0.0,,1,2,0,1,2,1,5,1,50,adult
202100012472,18,10,2021,0 days 08:45:00,1,03,03190,2,3,1,3,Quai d’Allier,"46,5607900000","3,3265000000",1,3,2,1941.0,0,8,0,-1,B01,1,0,2,7,15,5,4,ALLIER (QUAI D'),0.0,,1,1,1,1,1,1,0,1,50,child
202100012472,18,10,2021,0 days 08:45:00,1,03,03190,2,3,1,3,Quai d’Allier,"46,5607900000","3,3265000000",1,1,1,1967.0,1,8,0,-1,B01,1,0,2,7,15,5,4,ALLIER (QUAI D'),0.0,,1,1,1,1,1,1,0,1,50,adult
202100012588,18,10,2021,0 days 18:40:00,5,60,60141,2,3,1,3,Avenue du Général Leclerc,"49,1776394589","2,4552766979",1,1,2,1958.0,0,1,-1,-1,B01,3,0,2,1,19,5,3,,-1.0,,-1,1,1,1,1,1,0,1,50,child
202100012588,18,10,2021,0 days 18:40:00,5,60,60141,2,3,1,3,Avenue du Général Leclerc,"49,1776394589","2,4552766979",1,4,2,2005.0,0,0,-1,-1,B01,3,0,2,1,19,5,3,,-1.0,,-1,1,1,1,1,1,0,1,50,adult
202100012614,3,6,2021,0 days 11:20:00,1,69,69003,2,9,1,1,GABRIEL PERI (AV),"45,8702040000","4,8322040000",1,1,1,1934.0,5,1,-1,-1,B01,0,0,2,1,1,5,4,,0.0,,2,2,0,2,3,1,0,1,50,child
202100012614,3,6,2021,0 days 11:20:00,1,69,69003,2,9,1,1,GABRIEL PERI (AV),"45,8702040000","4,8322040000",1,4,1,1975.0,5,2,-1,-1,B01,0,0,2,1,1,5,4,,0.0,,2,2,0,2,3,1,0,1,50,adult
202100012834,16,10,2021,0 days 14:05:00,1,45,45234,2,3,1,3,Rue de la Republique,"47,9050700000","1,9046400000",1,1,2,1974.0,5,1,0,-1,B01,2,0,2,1,9,0,4,BRETONNERIE (RUE DE LA),0.0,,1,1,2,1,1,1,6,1,30,child
202100012834,16,10,2021,0 days 14:05:00,1,45,45234,2,3,1,3,Rue de la Republique,"47,9050700000","1,9046400000",1,4,1,2004.0,5,8,0,-1,B01,2,0,2,1,9,0,4,BRETONNERIE (RUE DE LA),0.0,,1,1,2,1,1,1,6,1,30,adult
202100012854,16,10,2021,0 days 09:20:00,1,17,17028,2,1,7,2,LYSIACK   AVENUE DU COMMANDANT,"46,1370320000"," -1,1261040000",1,4,1,1942.0,5,2,0,-1,B01,2,0,2,4,15,5,4,LYSIACK   AVENUE DU COMMANDANT,0.0,,3,4,2,1,1,1,0,1,30,child
202100012854,16,10,2021,0 days 09:20:00,1,17,17028,2,1,7,2,LYSIACK   AVENUE DU COMMANDANT,"46,1370320000"," -1,1261040000",1,1,1,1993.0,5,1,8,-1,B01,2,0,2,4,15,5,4,LYSIACK   AVENUE DU COMMANDANT,0.0,,3,4,2,1,1,1,0,1,30,adult
202100012875,16,10,2021,0 days 13:00:00,1,75,75112,2,2,1,2,AVENUE DU TREMBLAY,"48,8270570000","2,4645480000",1,4,1,1956.0,9,2,0,-1,B01,3,0,2,1,1,5,4,AVENUE DU TREMBLAY,0.0,,3,2,0,1,1,1,0,1,50,child
202100012875,16,10,2021,0 days 13:00:00,1,75,75112,2,2,1,2,AVENUE DU TREMBLAY,"48,8270570000","2,4645480000",1,1,2,1977.0,9,1,0,-1,B01,3,0,2,1,1,5,4,AVENUE DU TREMBLAY,0.0,,3,2,0,1,1,1,0,1,50,adult
202100012898,16,10,2021,0 days 11:20:00,1,92,92072,2,1,1,3,GRANDE RUE,"48,8240539700","2,2100789692",1,1,1,1962.0,4,8,0,-1,B01,1,1,0,0,1,5,3,910,0.0,,2,2,0,1,1,1,0,1,30,child
202100012898,16,10,2021,0 days 11:20:00,1,92,92072,2,1,1,3,GRANDE RUE,"48,8240539700","2,2100789692",1,4,2,1988.0,5,8,0,-1,B01,1,1,0,0,1,5,3,910,0.0,,2,2,0,1,1,1,0,1,30,adult
202100012994,15,10,2021,0 days 09:05:00,1,14,14758,1,1,7,1,rue de cambes,"49,2400980000"," -0,4008400000",1,1,2,1943.0,0,1,-1,-1,B01,3,0,2,1,23,5,4,,-1.0,,2,2,0,1,1,1,0,3,80,child
202100012994,15,10,2021,0 days 09:05:00,1,14,14758,1,1,7,1,rue de cambes,"49,2400980000"," -0,4008400000",1,3,2,1998.0,1,0,-1,-1,B01,3,0,2,1,23,5,4,,-1.0,,2,2,0,1,1,1,0,3,80,adult
202100013069,14,10,2021,0 days 17:00:00,1,56,56162,1,1,1,3,Boulevard des Sables Blancs,"47,7278000000"," -3,4938800000",1,1,1,1945.0,5,8,8,-1,B01,2,0,2,8,1,5,3,152,0.0,,2,2,0,1,1,1,0,1,30,child
202100013069,14,10,2021,0 days 17:00:00,1,56,56162,1,1,1,3,Boulevard des Sables Blancs,"47,7278000000"," -3,4938800000",1,4,2,1996.0,5,2,8,-1,B01,2,0,2,8,1,5,3,152,0.0,,2,2,0,1,1,1,0,1,30,adult
202100013070,13,10,2021,0 days 18:05:00,1,56,56121,2,3,7,2,MERVILLE (RUE  JEAN DE ),"47,7448066000"," -3,3779002700",1,1,1,1981.0,1,1,8,-1,A01,2,0,2,1,2,5,4,MERVILLE (RUE  JEAN DE ),0.0,,2,2,0,1,1,1,0,1,30,child
202100013070,13,10,2021,0 days 18:05:00,1,56,56121,2,3,7,2,MERVILLE (RUE  JEAN DE ),"47,7448066000"," -3,3779002700",1,4,1,2003.0,5,2,0,-1,A01,2,0,2,1,2,5,4,MERVILLE (RUE  JEAN DE ),0.0,,2,2,0,1,1,1,0,1,30,adult
202100013073,14,10,2021,0 days 19:45:00,5,51,51454,2,2,1,3,Rue Gambetta,"49,2454632875","4,0401100253",1,1,1,1965.0,5,1,8,-1,A01,1,0,2,2,5,5,4,GAMBETTA (RUE) DU N°1 AU 57 ET DU N° 2 A,0.0,,2,3,3,1,1,1,9,1,50,child
202100013073,14,10,2021,0 days 19:45:00,5,51,51454,2,2,1,3,Rue Gambetta,"49,2454632875","4,0401100253",1,3,1,1995.0,4,8,-1,-1,A01,1,0,2,2,5,5,4,GAMBETTA (RUE) DU N°1 AU 57 ET DU N° 2 A,0.0,,2,3,3,1,1,1,9,1,50,adult
202100013109,14,10,2021,0 days 09:40:00,1,75,75116,2,2,1,2,AVENUE DE L HIPPODROME,"48,8578310000","2,2502690000",1,3,1,1960.0,5,2,6,-1,B01,2,0,2,4,13,5,4,AVENUE DE L HIPPODROME,0.0,,2,2,0,1,1,1,0,1,50,child
202100013109,14,10,2021,0 days 09:40:00,1,75,75116,2,2,1,2,AVENUE DE L HIPPODROME,"48,8578310000","2,2502690000",1,3,1,1993.0,9,2,0,-1,B01,2,0,2,4,13,5,4,AVENUE DE L HIPPODROME,0.0,,2,2,0,1,1,1,0,1,50,adult
202100013122,15,10,2021,0 days 11:30:00,1,94,94018,2,1,1,3,Rue de Paris,"48,8288270000","2,4031640000",1,1,2,1964.0,5,1,8,-1,B01,1,0,2,1,1,5,3,PARIS (R DE),0.0,,2,2,2,1,1,1,0,5,30,child
202100013122,15,10,2021,0 days 11:30:00,1,94,94018,2,1,1,3,Rue de Paris,"48,8288270000","2,4031640000",1,4,2,1991.0,5,8,0,-1,B01,1,0,2,1,1,5,3,PARIS (R DE),0.0,,2,2,2,1,1,1,0,5,30,adult
202100013124,15,10,2021,0 days 15:20:00,1,93,93073,2,1,1,2,HOTEL DE VILLE (BOULEVARD DE L'),"48,9509300000","2,5677000000",1,4,2,1974.0,4,1,0,-1,B01,0,0,2,4,1,0,4,HOTEL DE VILLE (BOULEVARD DE L'),0.0,,1,1,0,1,1,1,0,1,50,child
202100013124,15,10,2021,0 days 15:20:00,1,93,93073,2,1,1,2,HOTEL DE VILLE (BOULEVARD DE L'),"48,9509300000","2,5677000000",1,1,1,1998.0,5,1,0,-1,B01,0,0,2,4,1,0,4,HOTEL DE VILLE (BOULEVARD DE L'),0.0,,1,1,0,1,1,1,0,1,50,adult
202100013168,15,10,2021,0 days 16:45:00,1,53,53150,1,1,1,6,La Grande Comte,"47,7880970000"," -0,6802460000",1,2,1,1949.0,5,2,-1,-1,A01,2,0,2,2,13,6,3,267,-1.0,,2,2,0,1,1,1,0,1,80,child
202100013168,15,10,2021,0 days 16:45:00,1,53,53150,1,1,1,6,La Grande Comte,"47,7880970000"," -0,6802460000",1,1,2,1980.0,1,1,-1,-1,A01,2,0,2,2,13,6,3,267,-1.0,,2,2,0,1,1,1,0,1,80,adult
202100013170,15,10,2021,0 days 08:00:00,2,85,85047,2,6,1,1,Boulevard Jean XXIII,"46,8396230000"," -1,8654450000",1,1,1,1945.0,5,1,-1,-1,B01,1,0,2,7,19,5,3,,-1.0,,1,2,0,1,2,1,5,1,50,child
202100013170,15,10,2021,0 days 08:00:00,2,85,85047,2,6,1,1,Boulevard Jean XXIII,"46,8396230000"," -1,8654450000",1,3,1,2008.0,2,0,-1,-1,B01,1,0,2,7,19,5,3,,-1.0,,1,2,0,1,2,1,5,1,50,adult
202100013232,14,10,2021,0 days 08:35:00,1,76,76382,1,1,1,3,D6015,"49,5879204449","0,5361843109",1,4,1,1951.0,5,2,8,-1,B01,3,0,2,8,13,5,3,D6015,0.0,,2,2,0,1,1,1,0,1,70,child
202100013232,14,10,2021,0 days 08:35:00,1,76,76382,1,1,1,3,D6015,"49,5879204449","0,5361843109",1,1,1,1987.0,4,1,0,-1,B01,3,0,2,8,13,5,3,D6015,0.0,,2,2,0,1,1,1,0,1,70,adult
202100013233,14,10,2021,0 days 15:00:00,1,74,74008,2,1,1,3,SANGNIER (RUE MARC),"46,1976564357","6,2225476530",1,1,1,1951.0,5,1,0,-1,B01,1,0,2,8,5,0,4,SANGNIER (RUE MARC),0.0,,2,2,0,1,1,1,0,1,50,child
202100013233,14,10,2021,0 days 15:00:00,1,74,74008,2,1,1,3,SANGNIER (RUE MARC),"46,1976564357","6,2225476530",1,4,1,1978.0,5,8,0,-1,B01,1,0,2,8,5,0,4,SANGNIER (RUE MARC),0.0,,2,2,0,1,1,1,0,1,50,adult
202100013245,13,10,2021,0 days 17:30:00,1,59,59456,2,3,1,3,CHAMBERY(RUE DE),"50,3741500000","3,2259600000",1,1,1,1953.0,0,1,8,-1,B01,2,0,2,1,15,5,4,CHAMBERY(RUE DE),0.0,,2,2,0,1,1,1,0,1,50,child
202100013245,13,10,2021,0 days 17:30:00,1,59,59456,2,3,1,3,CHAMBERY(RUE DE),"50,3741500000","3,2259600000",1,3,2,2008.0,0,8,0,-1,B01,2,0,2,1,15,5,4,CHAMBERY(RUE DE),0.0,,2,2,0,1,1,1,0,1,50,adult
202100013248,12,10,2021,0 days 07:50:00,2,56,56260,2,3,1,1,JOURDAN (RUE EMILE),"47,6710100000"," -2,7683500000",1,1,1,1971.0,0,1,0,-1,B01,3,0,2,1,5,5,4,JOURDAN (RUE EMILE),0.0,,1,1,0,2,1,1,0,1,30,child
202100013248,12,10,2021,0 days 07:50:00,2,56,56260,2,3,1,1,JOURDAN (RUE EMILE),"47,6710100000"," -2,7683500000",1,4,1,1997.0,1,8,0,-1,B01,3,0,2,1,5,5,4,JOURDAN (RUE EMILE),0.0,,1,1,0,2,1,1,0,1,30,adult
202100013267,13,10,2021,0 days 14:00:00,1,37,37214,2,1,1,3,BERGSON (RUE HENRI),"47,4121442112","0,6595250219",1,1,2,1944.0,5,1,4,-1,B01,2,0,2,2,1,5,4,BERGSON (RUE HENRI),0.0,,2,2,2,1,1,1,0,1,30,child
202100013267,13,10,2021,0 days 14:00:00,1,37,37214,2,1,1,3,BERGSON (RUE HENRI),"47,4121442112","0,6595250219",1,4,1,1982.0,5,2,4,-1,B01,2,0,2,2,1,5,4,BERGSON (RUE HENRI),0.0,,2,2,2,1,1,1,0,1,30,adult
202100013283,13,10,2021,0 days 09:00:00,1,22,22113,2,6,1,3,AERODROME (RUE DE L'),"48,7463448143"," -3,4666628837",1,4,1,1947.0,5,2,0,-1,B01,0,0,2,4,0,5,4,AERODROME (RUE DE L'),0.0,,2,2,0,1,1,1,0,1,50,child
202100013283,13,10,2021,0 days 09:00:00,1,22,22113,2,6,1,3,AERODROME (RUE DE L'),"48,7463448143"," -3,4666628837",1,1,2,1972.0,1,1,0,-1,B01,0,0,2,4,0,5,4,AERODROME (RUE DE L'),0.0,,2,2,0,1,1,1,0,1,50,adult
202100013331,14,10,2021,0 days 10:30:00,1,93,93031,2,2,7,1,REPUBLIQUE (AVENUE),"48,9489356728","2,3331490159",1,1,1,1946.0,0,1,0,-1,B01,-1,0,0,0,0,5,3,REPUBLIQUE (AVENUE),0.0,,2,4,1,1,1,1,0,1,50,child
202100013331,14,10,2021,0 days 10:30:00,1,93,93031,2,2,7,1,REPUBLIQUE (AVENUE),"48,9489356728","2,3331490159",1,3,1,1996.0,1,8,0,-1,B01,-1,0,0,0,0,5,3,REPUBLIQUE (AVENUE),0.0,,2,4,1,1,1,1,0,1,50,adult
202100013339,14,10,2021,0 days 18:40:00,2,92,92020,2,1,1,3,EXUPERY AVENUE SAINT,"48,8090900000","2,2983900000",1,4,1,1946.0,9,8,0,-1,B01,1,1,0,1,1,5,3,63A,0.0,,2,2,0,1,1,1,0,1,50,child
202100013339,14,10,2021,0 days 18:40:00,2,92,92020,2,1,1,3,EXUPERY AVENUE SAINT,"48,8090900000","2,2983900000",1,1,1,1984.0,4,1,0,-1,B01,1,1,0,1,1,5,3,63A,0.0,,2,2,0,1,1,1,0,1,50,adult
202100013339,14,10,2021,0 days 18:40:00,2,92,92020,2,1,1,3,EXUPERY AVENUE SAINT,"48,8090900000","2,2983900000",2,1,1,2002.0,9,1,0,-1,B01,1,1,0,1,1,5,3,63A,0.0,,2,2,0,1,1,1,0,1,50,adult
202100013356,13,10,2021,0 days 17:25:00,1,33,33238,2,1,1,3,11 avenue de Bordeaux,"44,7349970000"," -0,5985400000",1,1,1,1968.0,1,1,-1,-1,B01,1,0,2,1,1,5,3,651,-1.0,D,2,2,0,1,1,1,0,1,50,child
202100013356,13,10,2021,0 days 17:25:00,1,33,33238,2,1,1,3,11 avenue de Bordeaux,"44,7349970000"," -0,5985400000",1,3,1,1995.0,5,2,-1,-1,B01,1,0,2,1,1,5,3,651,-1.0,D,2,2,0,1,1,1,0,1,50,adult
202100013390,13,10,2021,0 days 09:43:00,1,75,75108,2,1,1,3,AVENUE WINSTON CHURCHILL,"48,8662790000","2,3138420000",1,4,2,1966.0,9,8,0,-1,B01,1,0,2,1,1,5,4,AVENUE WINSTON CHURCHILL,0.0,,2,5,1,1,1,1,-1,5,30,child
202100013390,13,10,2021,0 days 09:43:00,1,75,75108,2,1,1,3,AVENUE WINSTON CHURCHILL,"48,8662790000","2,3138420000",1,1,1,1993.0,4,1,0,-1,B01,1,0,2,1,1,5,4,AVENUE WINSTON CHURCHILL,0.0,,2,5,1,1,1,1,-1,5,30,adult
202100013410,12,10,2021,0 days 18:30:00,1,93,93008,2,9,1,3,SEMARD (RUE PIERRE),"48,9086470410","2,4454772472",1,1,2,1965.0,5,1,0,-1,B01,1,0,2,8,19,5,3,SEMARD (RUE PIERRE),0.0,,1,2,0,1,1,1,6,1,50,child
202100013410,12,10,2021,0 days 18:30:00,1,93,93008,2,9,1,3,SEMARD (RUE PIERRE),"48,9086470410","2,4454772472",1,3,1,2007.0,5,8,0,-1,B01,1,0,2,8,19,5,3,SEMARD (RUE PIERRE),0.0,,1,2,0,1,1,1,6,1,50,adult
202100013419,13,10,2021,0 days 18:20:00,1,92,92049,2,1,1,3,PASTEUR RUE,"48,8202517150","2,3157120067",1,4,2,1974.0,1,8,0,-1,B01,1,0,2,1,1,5,4,PASTEUR RUE,0.0,,1,1,0,1,1,1,0,1,50,child
202100013419,13,10,2021,0 days 18:20:00,1,92,92049,2,1,1,3,PASTEUR RUE,"48,8202517150","2,3157120067",1,1,2,1999.0,5,8,0,-1,B01,1,0,2,1,1,5,4,PASTEUR RUE,0.0,,1,1,0,1,1,1,0,1,50,adult
202100013430,30,9,2021,0 days 15:45:00,1,28,28158,1,1,1,1,D921,"48,4092800000","1,4204000000",1,3,1,1952.0,5,2,-1,-1,B01,2,0,2,1,1,5,9,921,0.0,,2,2,1,1,3,1,0,5,50,child
202100013430,30,9,2021,0 days 15:45:00,1,28,28158,1,1,1,1,D921,"48,4092800000","1,4204000000",1,4,1,2003.0,1,2,-1,-1,B01,2,0,2,1,1,5,9,921,0.0,,2,2,1,1,3,1,0,5,50,adult
202100013475,14,10,2021,0 days 17:39:00,2,59,59602,2,2,1,3,Rue Nationale,"50,6093920000","3,1801770000",1,3,1,1956.0,0,2,-1,-1,B01,1,0,2,1,0,5,7,941,0.0,M,2,2,1,1,1,1,5,1,50,child
202100013475,14,10,2021,0 days 17:39:00,2,59,59602,2,2,1,3,Rue Nationale,"50,6093920000","3,1801770000",1,1,2,2002.0,1,1,-1,-1,B01,1,0,2,1,0,5,7,941,0.0,M,2,2,1,1,1,1,5,1,50,adult
202100013476,13,10,2021,0 days 14:55:00,1,59,59581,1,1,1,5,grand chemin,"50,6805745001","2,7584983899",1,1,1,1973.0,4,1,-1,-1,B01,2,0,2,8,15,0,3,77,-1.0,D,2,2,0,1,1,1,0,1,80,child
202100013476,13,10,2021,0 days 14:55:00,1,59,59581,1,1,1,5,grand chemin,"50,6805745001","2,7584983899",1,4,1,1988.0,5,2,-1,-1,B01,2,0,2,8,15,0,3,77,-1.0,D,2,2,0,1,1,1,0,1,80,adult
202100013476,13,10,2021,0 days 14:55:00,1,59,59581,1,1,1,5,grand chemin,"50,6805745001","2,7584983899",1,4,1,2004.0,5,2,-1,-1,B01,2,0,2,8,15,0,3,77,-1.0,D,2,2,0,1,1,1,0,1,80,adult
202100013493,11,10,2021,0 days 09:50:00,1,78,78124,2,6,7,3,BEZONS (RUE DE),"48,9096500000","2,1871400000",1,1,1,1955.0,5,1,0,-1,B01,3,0,2,6,2,0,4,BEZONS (RUE DE),0.0,,2,2,0,1,1,1,0,1,50,child
202100013493,11,10,2021,0 days 09:50:00,1,78,78124,2,6,7,3,BEZONS (RUE DE),"48,9096500000","2,1871400000",1,4,1,1984.0,5,0,-1,-1,B01,3,0,2,6,2,0,4,BEZONS (RUE DE),0.0,,2,2,0,1,1,1,0,1,50,adult
202100013493,11,10,2021,0 days 09:50:00,1,78,78124,2,6,7,3,BEZONS (RUE DE),"48,9096500000","2,1871400000",2,1,1,2020.0,5,0,-1,-1,B01,3,0,2,6,2,0,4,BEZONS (RUE DE),0.0,,2,2,0,1,1,1,0,1,50,adult
202100013526,7,10,2021,0 days 16:45:00,1,44,44184,2,1,1,3,VECQUERIE (RUE DE LA),"47,2570000000"," -2,2616000000",1,4,1,1933.0,5,2,6,-1,B01,1,1,0,1,1,5,4,VECQUERIE (RUE DE LA),0.0,,1,2,1,2,1,1,0,5,50,child
202100013526,7,10,2021,0 days 16:45:00,1,44,44184,2,1,1,3,VECQUERIE (RUE DE LA),"47,2570000000"," -2,2616000000",1,1,1,1973.0,9,8,0,-1,B01,1,1,0,1,1,5,4,VECQUERIE (RUE DE LA),0.0,,1,2,1,2,1,1,0,5,50,adult
202100013554,12,10,2021,0 days 12:45:00,1,05,05061,2,3,1,3,COMMANDANT DUMONT ( AVENUE),"44,5673900000","6,0833700000",1,4,2,1962.0,0,1,0,-1,A01,1,0,2,1,17,5,2,COMMANDANT DUMONT ( AVENUE),0.0,,2,2,0,2,1,1,0,1,50,child
202100013554,12,10,2021,0 days 12:45:00,1,05,05061,2,3,1,3,COMMANDANT DUMONT ( AVENUE),"44,5673900000","6,0833700000",1,4,1,2001.0,5,8,0,-1,A01,1,0,2,1,17,5,2,COMMANDANT DUMONT ( AVENUE),0.0,,2,2,0,2,1,1,0,1,50,adult
202100013572,23,5,2021,0 days 09:00:00,1,80,80021,2,2,1,3,QUATORZE JUILLET 1789 (AVENUE DU),"49,8776153679","2,2828602791",1,1,1,1951.0,9,1,-1,-1,A01,0,0,2,2,15,0,4,QUATORZE JUILLET 1789 (AVENUE DU),0.0,,-1,2,0,1,1,1,0,1,50,child
202100013572,23,5,2021,0 days 09:00:00,1,80,80021,2,2,1,3,QUATORZE JUILLET 1789 (AVENUE DU),"49,8776153679","2,2828602791",1,4,1,2002.0,0,8,-1,-1,A01,0,0,2,2,15,0,4,QUATORZE JUILLET 1789 (AVENUE DU),0.0,,-1,2,0,1,1,1,0,1,50,adult
202100013590,12,10,2021,0 days 07:30:00,1,69,69385,2,1,1,6,PIERRE SCIZE (Q),"45,7667326662","4,8203181218",1,4,2,1974.0,1,2,-1,-1,A01,1,0,1,9,21,5,4,PIERRE SCIZE                        (QU),0.0,,1,1,1,1,1,1,0,5,30,child
202100013590,12,10,2021,0 days 07:30:00,1,69,69385,2,1,1,6,PIERRE SCIZE (Q),"45,7667326662","4,8203181218",3,1,1,2008.0,2,0,-1,-1,A01,1,0,1,9,21,5,4,PIERRE SCIZE                        (QU),0.0,,1,1,1,1,1,1,0,5,30,adult
202100013618,11,10,2021,0 days 08:05:00,1,67,67482,2,1,1,6,CLEMENCEAU (BOULEVARD),"48,5918048328","7,7532389760",1,1,1,1981.0,4,1,8,-1,B01,1,0,2,3,1,5,4,CLEMENCEAU (BOULEVARD),0.0,,3,2,3,1,1,1,0,1,50,child
202100013618,11,10,2021,0 days 08:05:00,1,67,67482,2,1,1,6,CLEMENCEAU (BOULEVARD),"48,5918048328","7,7532389760",1,3,1,2002.0,0,8,0,-1,B01,1,0,2,3,1,5,4,CLEMENCEAU (BOULEVARD),0.0,,3,2,3,1,1,1,0,1,50,adult
202100013635,11,10,2021,0 days 18:40:00,1,59,59648,2,9,1,3,BLERIOT LOUIS RUE,"50,5889200000","3,0395800000",1,1,2,1965.0,0,1,0,-1,B01,3,0,2,0,0,5,4,BLERIOT LOUIS RUE,0.0,,4,5,3,1,1,1,9,6,50,child
202100013635,11,10,2021,0 days 18:40:00,1,59,59648,2,9,1,3,BLERIOT LOUIS RUE,"50,5889200000","3,0395800000",1,4,1,1990.0,0,8,0,-1,B01,3,0,2,0,0,5,4,BLERIOT LOUIS RUE,0.0,,4,5,3,1,1,1,9,6,50,adult
202100013644,12,10,2021,0 days 11:50:00,1,45,45234,2,3,1,3,DAVOUST (RUE EMILE DAVOUST),"47,9038800000","1,9102600000",1,4,2,1967.0,5,8,0,-1,B01,1,0,2,1,5,0,4,DAVOUST (RUE EMILE DAVOUST),0.0,,1,1,2,1,1,1,6,1,30,child
202100013644,12,10,2021,0 days 11:50:00,1,45,45234,2,3,1,3,DAVOUST (RUE EMILE DAVOUST),"47,9038800000","1,9102600000",1,1,1,1999.0,5,1,0,-1,B01,1,0,2,1,5,0,4,DAVOUST (RUE EMILE DAVOUST),0.0,,1,1,2,1,1,1,6,1,30,adult
202100013654,12,10,2021,0 days 19:08:00,5,31,31555,2,1,1,6,MINIMES (BD DES) DU 1AU 76,"43,6156530000","1,4464300000",1,4,2,1975.0,0,8,0,-1,C01,0,0,2,0,0,0,4,MINIMES (BD DES) DU 1AU 76,0.0,,1,3,3,1,1,1,0,4,50,child
202100013654,12,10,2021,0 days 19:08:00,5,31,31555,2,1,1,6,MINIMES (BD DES) DU 1AU 76,"43,6156530000","1,4464300000",1,1,1,1999.0,0,1,0,-1,C01,0,0,2,0,0,0,4,MINIMES (BD DES) DU 1AU 76,0.0,,1,3,3,1,1,1,0,4,50,adult
202100013654,12,10,2021,0 days 19:08:00,5,31,31555,2,1,1,6,MINIMES (BD DES) DU 1AU 76,"43,6156530000","1,4464300000",1,4,2,2009.0,0,8,0,-1,C01,0,0,2,0,0,0,4,MINIMES (BD DES) DU 1AU 76,0.0,,1,3,3,1,1,1,0,4,50,adult
202100013655,12,10,2021,0 days 13:00:00,1,31,31555,2,1,1,3,AV DE GRANDE BRETAGNE,"43,5985100000","1,4186100000",1,1,2,1969.0,1,1,0,-1,B01,3,0,9,8,19,0,4,AV DE GRANDE BRETAGNE,0.0,,2,4,1,1,1,1,0,1,50,child
202100013655,12,10,2021,0 days 13:00:00,1,31,31555,2,1,1,3,AV DE GRANDE BRETAGNE,"43,5985100000","1,4186100000",1,4,1,2010.0,2,8,0,-1,B01,3,0,9,8,19,0,4,AV DE GRANDE BRETAGNE,0.0,,2,4,1,1,1,1,0,1,50,adult
202100013656,12,10,2021,0 days 09:50:00,1,31,31555,2,3,1,1,RUE DANTON,"43,5764400000","1,4488360000",1,1,2,1970.0,5,1,0,-1,B01,2,0,2,1,16,0,4,RUE DANTON,0.0,,1,2,1,1,1,1,0,1,50,child
202100013656,12,10,2021,0 days 09:50:00,1,31,31555,2,3,1,1,RUE DANTON,"43,5764400000","1,4488360000",1,4,1,2002.0,0,8,0,-1,B01,2,0,2,1,16,0,4,RUE DANTON,0.0,,1,2,1,1,1,1,0,1,50,adult
202100013680,12,10,2021,0 days 08:00:00,1,75,75120,2,5,1,3,RUE BELGRAND,"48,8646590000","2,4056550000",1,4,1,1961.0,1,2,6,-1,B01,1,0,2,1,1,5,4,RUE BELGRAND,0.0,,1,2,1,1,1,1,-1,5,30,child
202100013680,12,10,2021,0 days 08:00:00,1,75,75120,2,5,1,3,RUE BELGRAND,"48,8646590000","2,4056550000",1,1,1,1989.0,1,8,0,-1,B01,1,0,2,1,1,5,4,RUE BELGRAND,0.0,,1,2,1,1,1,1,-1,5,30,adult
202100013692,12,10,2021,0 days 08:40:00,1,75,75110,2,1,8,6,RUE DU FAUBOURG SAINT MARTIN,"48,8768230000","2,3610070000",3,4,2,1972.0,9,0,-1,-1,A01,2,0,1,1,1,5,4,RUE DU FAUBOURG SAINT MARTIN,0.0,,2,4,1,2,1,1,-1,5,30,child
202100013692,12,10,2021,0 days 08:40:00,1,75,75110,2,1,8,6,RUE DU FAUBOURG SAINT MARTIN,"48,8768230000","2,3610070000",1,1,1,1998.0,2,8,0,-1,A01,2,0,1,1,1,5,4,RUE DU FAUBOURG SAINT MARTIN,0.0,,2,4,1,2,1,1,-1,5,30,adult
202100013693,12,10,2021,0 days 18:40:00,1,75,75109,2,3,1,3,RUE DU CONSERVATOIRE,"48,8730720000","2,3468400000",1,1,1,1974.0,1,1,0,-1,B01,2,0,2,1,16,5,4,RUE DU CONSERVATOIRE,0.0,,1,1,2,1,1,1,-1,5,30,child
202100013693,12,10,2021,0 days 18:40:00,1,75,75109,2,3,1,3,RUE DU CONSERVATOIRE,"48,8730720000","2,3468400000",1,4,2,1996.0,9,2,0,-1,B01,2,0,2,1,16,5,4,RUE DU CONSERVATOIRE,0.0,,1,1,2,1,1,1,-1,5,30,adult
202100013702,12,10,2021,0 days 09:20:00,1,94,94034,2,6,1,3,Avenue du Parc Médicis,"48,7538100000","2,3336100000",1,4,1,1958.0,0,0,0,-1,A01,3,15,0,0,0,5,4,PARC MEDICIS (AV DU),0.0,,2,2,3,1,1,1,5,1,50,child
202100013702,12,10,2021,0 days 09:20:00,1,94,94034,2,6,1,3,Avenue du Parc Médicis,"48,7538100000","2,3336100000",1,1,1,1987.0,4,1,0,-1,A01,3,15,0,0,0,5,4,PARC MEDICIS (AV DU),0.0,,2,2,3,1,1,1,5,1,50,adult