Num_Acc,jour,mois,an,hrmn,lum,dep,com,agg,int,atm,col,adr,lat,long,catu,grav,sexe,an_nais,trajet,secu1,secu2,secu3,num_veh_y,senc,obs,obsm,choc,manv,motor,catr,voie,v1,v2,circ,nbv,vosp,prof,plan,surf,infra,situ,vma,age
202100013712,12,10,2021,0 days 08:45:00,1,93,93051,2,6,1,3,CHAMPY RICHARDETS (BOULEVARD),"48,8372100000","2,5774500000",1,1,2,1963.0,1,1,0,-1,B01,3,0,2,1,2,5,4,CHAMPY RICHARDETS (BOULEVARD),0.0,,1,1,1,1,2,1,5,1,50,child
202100013712,12,10,2021,0 days 08:45:00,1,93,93051,2,6,1,3,CHAMPY RICHARDETS (BOULEVARD),"48,8372100000","2,5774500000",1,4,1,1998.0,2,8,0,-1,B01,3,0,2,1,2,5,4,CHAMPY RICHARDETS (BOULEVARD),0.0,,1,1,1,1,2,1,5,1,50,adult
202100013722,11,10,2021,0 days 19:05:00,1,92,92036,2,6,1,6,PIERRE DE COUBERTIN (BOULEVARD) (PORT ->,"48,9305240809","2,2845742106",1,4,1,1946.0,0,2,0,-1,B01,1,0,2,3,0,5,3,19,0.0,,2,4,0,1,1,1,0,1,50,child
202100013722,11,10,2021,0 days 19:05:00,1,92,92036,2,6,1,6,PIERRE DE COUBERTIN (BOULEVARD) (PORT ->,"48,9305240809","2,2845742106",1,1,1,1972.0,4,1,8,-1,B01,1,0,2,3,0,5,3,19,0.0,,2,4,0,1,1,1,0,1,50,adult
202100013724,12,10,2021,0 days 07:55:00,2,92,92012,2,1,1,3,VICTOR HUGO (AVENUE) 49/FIN - 60/FIN,"48,8350468620","2,2444300485",1,1,1,1963.0,4,8,0,-1,B01,1,1,0,0,1,0,4,,0.0,,2,4,2,1,1,1,0,1,50,child
202100013724,12,10,2021,0 days 07:55:00,2,92,92012,2,1,1,3,VICTOR HUGO (AVENUE) 49/FIN - 60/FIN,"48,8350468620","2,2444300485",1,4,1,1984.0,1,1,0,-1,B01,1,1,0,0,1,0,4,,0.0,,2,4,2,1,1,1,0,1,50,adult
202100013771,12,10,2021,0 days 13:50:00,1,973,97304,2,1,1,7,Route de l Espace,"5,1747100000"," -52,6534690000",1,3,1,1966.0,1,2,-1,-1,A01,1,0,2,0,10,5,3,16,-1.0,,2,2,1,1,1,1,0,1,50,child
202100013771,12,10,2021,0 days 13:50:00,1,973,97304,2,1,1,7,Route de l Espace,"5,1747100000"," -52,6534690000",1,4,1,2007.0,2,0,-1,-1,A01,1,0,2,0,10,5,3,16,-1.0,,2,2,1,1,1,1,0,1,50,adult
202100013782,13,10,2021,0 days 09:30:00,1,29,29057,1,3,1,3,Route de Port la Forêt,"47,8964710000"," -3,9706990000",1,1,2,1940.0,0,1,-1,-1,B01,2,0,2,7,1,5,4,,-1.0,,2,2,0,1,1,1,0,1,50,child
202100013782,13,10,2021,0 days 09:30:00,1,29,29057,1,3,1,3,Route de Port la Forêt,"47,8964710000"," -3,9706990000",1,4,2,1966.0,1,0,-1,-1,B01,2,0,2,7,1,5,4,,-1.0,,2,2,0,1,1,1,0,1,50,adult
202100013809,11,10,2021,0 days 15:02:00,1,973,97302,2,1,1,3,ZEPHIR (ROCADE),"4,9352775531"," -52,3081662655",1,1,2,1971.0,9,1,-1,-1,B01,1,0,2,8,1,5,3,ZEPHIR (ROCADE),0.0,,2,2,0,1,1,1,0,1,50,child
202100013809,11,10,2021,0 days 15:02:00,1,973,97302,2,1,1,3,ZEPHIR (ROCADE),"4,9352775531"," -52,3081662655",1,4,1,2000.0,0,0,-1,-1,B01,1,0,2,8,1,5,3,ZEPHIR (ROCADE),0.0,,2,2,0,1,1,1,0,1,50,adult
202100013841,5,10,2021,0 days 18:44:00,2,63,63113,2,1,1,3,PAULINES (AVENUE DES),"45,7756500000","3,0965100000",1,1,2,1980.0,0,1,0,-1,B01,3,0,2,8,19,5,4,PAULINES (AVENUE DES),0.0,,3,4,0,1,1,1,0,1,50,child
202100013841,5,10,2021,0 days 18:44:00,2,63,63113,2,1,1,3,PAULINES (AVENUE DES),"45,7756500000","3,0965100000",1,4,1,2001.0,0,2,0,-1,B01,3,0,2,8,19,5,4,PAULINES (AVENUE DES),0.0,,3,4,0,1,1,1,0,1,50,adult
202100013842,5,10,2021,0 days 18:08:00,2,63,63113,2,2,1,3,CARMES DECHAUX (PLACE),"45,7834600000","3,0944100000",1,1,2,1961.0,0,1,0,-1,A01,3,0,2,1,0,5,4,CARMES DECHAUX (PLACE),0.0,,1,1,0,1,1,1,0,1,50,child
202100013842,5,10,2021,0 days 18:08:00,2,63,63113,2,2,1,3,CARMES DECHAUX (PLACE),"45,7834600000","3,0944100000",1,4,1,2002.0,0,2,0,-1,A01,3,0,2,1,0,5,4,CARMES DECHAUX (PLACE),0.0,,1,1,0,1,1,1,0,1,50,adult
202100013877,11,10,2021,0 days 18:40:00,1,13,13210,2,1,1,2,CAPELETTE (AVENUE DE LA),"43,2804800000","5,4083600000",1,1,1,1982.0,0,8,8,-1,B01,0,0,2,1,15,5,4,CAPELETTE (AVENUE DE LA),0.0,,-1,2,0,1,1,1,0,1,50,child
202100013877,11,10,2021,0 days 18:40:00,1,13,13210,2,1,1,2,CAPELETTE (AVENUE DE LA),"43,2804800000","5,4083600000",1,4,1,2008.0,0,2,0,-1,B01,0,0,2,1,15,5,4,CAPELETTE (AVENUE DE LA),0.0,,-1,2,0,1,1,1,0,1,50,adult
202100013935,12,10,2021,0 days 14:30:00,1,29,29220,2,6,1,3,Rue du Petit Train,"47,8664130000"," -4,2293040000",1,1,2,1950.0,9,1,-1,-1,B01,1,0,2,1,1,5,4,,-1.0,,2,1,0,1,3,1,0,1,30,child
202100013935,12,10,2021,0 days 14:30:00,1,29,29220,2,6,1,3,Rue du Petit Train,"47,8664130000"," -4,2293040000",1,4,1,1993.0,0,0,-1,-1,B01,1,0,2,1,1,5,4,,-1.0,,2,1,0,1,3,1,0,1,30,adult
202100014004,9,10,2021,0 days 17:20:00,1,14,14118,2,1,1,3,STIRN (PONT ALEXANDRE),"49,1794200000"," -0,3490500000",1,1,1,1969.0,0,1,0,-1,B01,1,0,2,1,0,5,4,STIRN (PONT ALEXANDRE),0.0,,1,4,1,1,1,1,2,8,50,child
202100014004,9,10,2021,0 days 17:20:00,1,14,14118,2,1,1,3,STIRN (PONT ALEXANDRE),"49,1794200000"," -0,3490500000",1,4,1,2008.0,5,2,8,-1,B01,1,0,2,1,0,5,4,STIRN (PONT ALEXANDRE),0.0,,1,4,1,1,1,1,2,8,50,adult
202100014013,10,10,2021,0 days 13:30:00,1,75,75120,2,4,1,3,BOULEVARD DAVOUT,"48,8562840000","2,4099860000",1,1,1,1967.0,1,1,0,-1,B01,2,0,2,1,1,5,4,BOULEVARD DAVOUT,0.0,,3,2,0,1,1,1,0,1,30,child
202100014013,10,10,2021,0 days 13:30:00,1,75,75120,2,4,1,3,BOULEVARD DAVOUT,"48,8562840000","2,4099860000",1,4,1,1990.0,9,2,0,-1,B01,2,0,2,1,1,5,4,BOULEVARD DAVOUT,0.0,,3,2,0,1,1,1,0,1,30,adult
202100014054,10,10,2021,0 days 18:15:00,1,07,07160,1,1,1,1,,"45,2008940000","4,5073880000",1,1,1,1948.0,5,1,-1,-1,A01,3,0,2,8,1,5,4,570,-1.0,B,2,2,0,2,3,1,0,1,80,child
202100014054,10,10,2021,0 days 18:15:00,1,07,07160,1,1,1,1,,"45,2008940000","4,5073880000",2,1,2,1950.0,5,1,-1,-1,A01,3,0,2,8,1,5,4,570,-1.0,B,2,2,0,2,3,1,0,1,80,adult
202100014054,10,10,2021,0 days 18:15:00,1,07,07160,1,1,1,1,,"45,2008940000","4,5073880000",2,1,2,1954.0,5,1,-1,-1,A01,3,0,2,8,1,5,4,570,-1.0,B,2,2,0,2,3,1,0,1,80,adult
202100014054,10,10,2021,0 days 18:15:00,1,07,07160,1,1,1,1,,"45,2008940000","4,5073880000",1,4,1,1982.0,5,2,-1,-1,A01,3,0,2,8,1,5,4,570,-1.0,B,2,2,0,2,3,1,0,1,80,adult
202100014121,9,10,2021,0 days 18:25:00,2,974,97416,2,3,1,1,PAVE(RUE)," -21,3423700000","55,4845700000",1,1,1,1949.0,5,1,0,-1,B01,2,0,2,1,0,5,4,PAVE(RUE),0.0,,2,2,0,2,1,1,0,1,30,child
202100014121,9,10,2021,0 days 18:25:00,2,974,97416,2,3,1,1,PAVE(RUE)," -21,3423700000","55,4845700000",1,4,1,2003.0,5,8,0,-1,B01,2,0,2,1,0,5,4,PAVE(RUE),0.0,,2,2,0,2,1,1,0,1,30,adult
202100014124,9,10,2021,0 days 17:10:00,1,973,97302,2,2,1,3,MANGUES (RUE DES - CITE MANGUIERS),"4,9342560347"," -52,3234711290",1,1,1,1956.0,0,1,8,-1,B01,1,0,2,1,19,5,4,MANGUES (RUE DES - CITE MANGUIERS),0.0,,2,2,0,1,1,1,0,1,50,child
202100014124,9,10,2021,0 days 17:10:00,1,973,97302,2,2,1,3,MANGUES (RUE DES - CITE MANGUIERS),"4,9342560347"," -52,3234711290",1,4,1,2011.0,5,8,8,-1,B01,1,0,2,1,19,5,4,MANGUES (RUE DES - CITE MANGUIERS),0.0,,2,2,0,1,1,1,0,1,50,adult
202100014204,9,10,2021,0 days 19:30:00,5,75,75115,2,2,1,3,AVENUE DE LA PORTE BRANCION,"48,8284940000","2,3013860000",1,1,1,1957.0,9,1,8,-1,B01,1,0,2,1,1,5,4,AVENUE DE LA PORTE BRANCION,0.0,,2,1,1,4,1,1,0,1,50,child
202100014204,9,10,2021,0 days 19:30:00,5,75,75115,2,2,1,3,AVENUE DE LA PORTE BRANCION,"48,8284940000","2,3013860000",1,4,1,1989.0,9,2,8,-1,B01,1,0,2,1,1,5,4,AVENUE DE LA PORTE BRANCION,0.0,,2,1,1,4,1,1,0,1,50,adult
202100014218,8,10,2021,0 days 22:30:00,5,94,94041,2,1,1,2,Rue Lénine,"48,8178130000","2,3974180000",1,1,1,1955.0,5,1,0,-1,B01,1,0,2,4,15,5,3,LENINE (R),0.0,,1,2,0,1,1,1,0,1,50,child
202100014218,8,10,2021,0 days 22:30:00,5,94,94041,2,1,1,2,Rue Lénine,"48,8178130000","2,3974180000",1,4,1,1987.0,9,0,0,-1,B01,1,0,2,4,15,5,3,LENINE (R),0.0,,1,2,0,1,1,1,0,1,50,adult
202100014304,6,10,2021,0 days 21:35:00,3,971,97101,2,6,1,6,JEAN  IGNACE (RUE) ,"16,2516600000"," -61,5207500000",1,4,1,1956.0,9,8,0,-1,B01,3,0,2,0,26,5,3,BOULEVARD DES HEROS,0.0,,3,2,0,1,1,1,0,1,50,child
202100014304,6,10,2021,0 days 21:35:00,3,971,97101,2,6,1,6,JEAN  IGNACE (RUE) ,"16,2516600000"," -61,5207500000",1,1,1,2000.0,1,1,0,-1,B01,3,0,2,0,26,5,3,BOULEVARD DES HEROS,0.0,,3,2,0,1,1,1,0,1,50,adult
202100014311,29,7,2021,0 days 12:40:00,1,74,74010,2,4,1,1,SEMNOZ (ROUTE DU),"45,8915000000","6,1327300000",1,3,1,1954.0,5,2,0,-1,B01,2,0,2,0,21,0,3,SEMNOZ (ROUTE DU),0.0,,2,2,0,2,2,1,0,1,50,child
202100014311,29,7,2021,0 days 12:40:00,1,74,74010,2,4,1,1,SEMNOZ (ROUTE DU),"45,8915000000","6,1327300000",1,1,1,1981.0,5,1,0,-1,B01,2,0,2,0,21,0,3,SEMNOZ (ROUTE DU),0.0,,2,2,0,2,2,1,0,1,50,adult
202100014348,7,10,2021,0 days 13:19:00,1,66,66136,2,3,1,3,CABRIT IMPASSE RUE JOSEPH,"42,6989100000","2,8815200000",1,1,1,1965.0,0,1,0,-1,B01,2,0,2,1,1,5,4,CABRIT IMPASSE RUE JOSEPH,0.0,,1,1,0,1,1,1,0,1,50,child
202100014348,7,10,2021,0 days 13:19:00,1,66,66136,2,3,1,3,CABRIT IMPASSE RUE JOSEPH,"42,6989100000","2,8815200000",1,4,1,2003.0,9,8,0,-1,B01,2,0,2,1,1,5,4,CABRIT IMPASSE RUE JOSEPH,0.0,,1,1,0,1,1,1,0,1,50,adult
202100014359,8,10,2021,0 days 09:20:00,1,59,59636,2,3,1,3,BONDUES RUE DE,"50,6874786876","3,0612813571",1,1,1,1967.0,0,1,0,-1,B01,3,0,2,8,15,5,4,BONDUES RUE DE,0.0,,2,2,0,1,2,1,0,1,50,child
202100014359,8,10,2021,0 days 09:20:00,1,59,59636,2,3,1,3,BONDUES RUE DE,"50,6874786876","3,0612813571",1,4,1,1994.0,1,2,8,-1,B01,3,0,2,8,15,5,4,BONDUES RUE DE,0.0,,2,2,0,1,2,1,0,1,50,adult
202100014405,7,10,2021,0 days 17:40:00,1,75,75117,2,2,1,4,AVENUE DES TERNES,"48,8786430000","2,2942260000",1,1,1,1948.0,4,1,0,-1,H01,2,0,2,8,1,5,4,AVENUE DES TERNES,0.0,,2,4,0,1,1,1,0,1,30,child
202100014405,7,10,2021,0 days 17:40:00,1,75,75117,2,2,1,4,AVENUE DES TERNES,"48,8786430000","2,2942260000",1,1,2,1950.0,4,1,0,-1,H01,2,0,2,8,1,5,4,AVENUE DES TERNES,0.0,,2,4,0,1,1,1,0,1,30,adult
202100014405,7,10,2021,0 days 17:40:00,1,75,75117,2,2,1,4,AVENUE DES TERNES,"48,8786430000","2,2942260000",1,4,1,1954.0,5,1,0,-1,H01,2,0,2,8,1,5,4,AVENUE DES TERNES,0.0,,2,4,0,1,1,1,0,1,30,adult
202100014405,7,10,2021,0 days 17:40:00,1,75,75117,2,2,1,4,AVENUE DES TERNES,"48,8786430000","2,2942260000",1,1,1,1960.0,4,1,0,-1,H01,2,0,2,8,1,5,4,AVENUE DES TERNES,0.0,,2,4,0,1,1,1,0,1,30,adult
202100014405,7,10,2021,0 days 17:40:00,1,75,75117,2,2,1,4,AVENUE DES TERNES,"48,8786430000","2,2942260000",1,4,1,1968.0,5,1,0,-1,H01,2,0,2,8,1,5,4,AVENUE DES TERNES,0.0,,2,4,0,1,1,1,0,1,30,adult
202100014405,7,10,2021,0 days 17:40:00,1,75,75117,2,2,1,4,AVENUE DES TERNES,"48,8786430000","2,2942260000",1,4,2,1982.0,9,2,0,-1,H01,2,0,2,8,1,5,4,AVENUE DES TERNES,0.0,,2,4,0,1,1,1,0,1,30,adult
202100014405,7,10,2021,0 days 17:40:00,1,75,75117,2,2,1,4,AVENUE DES TERNES,"48,8786430000","2,2942260000",2,1,2,1990.0,5,1,0,-1,H01,2,0,2,8,1,5,4,AVENUE DES TERNES,0.0,,2,4,0,1,1,1,0,1,30,adult
202100014405,7,10,2021,0 days 17:40:00,1,75,75117,2,2,1,4,AVENUE DES TERNES,"48,8786430000","2,2942260000",1,1,1,1992.0,4,1,0,-1,H01,2,0,2,8,1,5,4,AVENUE DES TERNES,0.0,,2,4,0,1,1,1,0,1,30,adult
202100014405,7,10,2021,0 days 17:40:00,1,75,75117,2,2,1,4,AVENUE DES TERNES,"48,8786430000","2,2942260000",1,4,2,1993.0,5,1,0,-1,H01,2,0,2,8,1,5,4,AVENUE DES TERNES,0.0,,2,4,0,1,1,1,0,1,30,adult
202100014407,7,10,2021,0 days 19:30:00,5,75,75115,2,1,1,3,AVENUE FELIX FAURE,"48,8390530000","2,2828260000",1,4,1,1948.0,5,8,0,-1,B01,2,0,2,1,1,5,4,AVENUE FELIX FAURE,0.0,,2,2,0,1,1,1,0,1,30,child
202100014407,7,10,2021,0 days 19:30:00,5,75,75115,2,1,1,3,AVENUE FELIX FAURE,"48,8390530000","2,2828260000",1,1,2,1981.0,9,1,0,-1,B01,2,0,2,1,1,5,4,AVENUE FELIX FAURE,0.0,,2,2,0,1,1,1,0,1,30,adult
202100014456,8,10,2021,0 days 07:50:00,1,51,51122,1,3,1,1,D982/D60,"48,7734701904","4,6787756681",1,1,2,1945.0,5,1,-1,-1,B01,1,0,2,1,1,5,3,982,0.0,D,2,2,0,2,1,1,0,1,80,child
202100014456,8,10,2021,0 days 07:50:00,1,51,51122,1,3,1,1,D982/D60,"48,7734701904","4,6787756681",1,3,1,1980.0,1,2,9,-1,B01,1,0,2,1,1,5,3,982,0.0,D,2,2,0,2,1,1,0,1,80,adult
202100014472,9,10,2021,0 days 15:10:00,1,61,61422,1,1,1,3,Lieu Dit Percher,"48,6969940000","0,6361560000",1,4,2,1965.0,5,2,-1,-1,B01,1,0,2,6,26,6,3,28,0.0,F,2,2,0,1,1,1,0,3,90,child
202100014472,9,10,2021,0 days 15:10:00,1,61,61422,1,1,1,3,Lieu Dit Percher,"48,6969940000","0,6361560000",1,1,1,1988.0,4,1,-1,-1,B01,1,0,2,6,26,6,3,28,0.0,F,2,2,0,1,1,1,0,3,90,adult
202100014554,7,10,2021,0 days 08:50:00,1,69,69382,2,5,1,4,JULES COURMONT (Q),"45,7603500000","4,8379100000",1,1,1,1959.0,1,1,-1,-1,B01,3,0,2,1,19,5,4,JULES COURMONT                      (QU),0.0,,3,7,3,1,1,1,2,1,50,child
202100014554,7,10,2021,0 days 08:50:00,1,69,69382,2,5,1,4,JULES COURMONT (Q),"45,7603500000","4,8379100000",1,1,1,1988.0,0,1,-1,-1,B01,3,0,2,1,19,5,4,JULES COURMONT                      (QU),0.0,,3,7,3,1,1,1,2,1,50,adult
202100014554,7,10,2021,0 days 08:50:00,1,69,69382,2,5,1,4,JULES COURMONT (Q),"45,7603500000","4,8379100000",1,4,1,1993.0,1,2,-1,-1,B01,3,0,2,1,19,5,4,JULES COURMONT                      (QU),0.0,,3,7,3,1,1,1,2,1,50,adult
202100014583,6,10,2021,0 days 17:20:00,1,67,67482,2,3,2,3,WISSEMBOURG (RUE DE),"48,5911900000","7,7420800000",1,1,1,1949.0,0,1,8,-1,B01,2,0,2,0,1,5,4,WISSEMBOURG (RUE DE),0.0,,1,1,0,1,3,2,0,1,50,child
202100014583,6,10,2021,0 days 17:20:00,1,67,67482,2,3,2,3,WISSEMBOURG (RUE DE),"48,5911900000","7,7420800000",1,4,1,1997.0,0,8,0,-1,B01,2,0,2,0,1,5,4,WISSEMBOURG (RUE DE),0.0,,1,1,0,1,3,2,0,1,50,adult
202100014585,6,10,2021,0 days 11:30:00,1,67,67447,2,3,1,2,SELESTAT (RUE DE),"48,6101700000","7,7394900000",1,1,2,1940.0,5,1,8,-1,B01,1,0,2,0,2,5,4,SELESTAT (RUE DE),0.0,,2,3,0,1,1,1,0,1,30,child
202100014585,6,10,2021,0 days 11:30:00,1,67,67447,2,3,1,2,SELESTAT (RUE DE),"48,6101700000","7,7394900000",1,4,1,1965.0,0,8,0,-1,B01,1,0,2,0,2,5,4,SELESTAT (RUE DE),0.0,,2,3,0,1,1,1,0,1,30,adult
202100014608,7,10,2021,0 days 10:25:00,1,33,33063,2,7,7,3,Cours de la Marne,"44,8286600000"," -0,5629300000",1,1,1,1947.0,5,1,-1,-1,A01,3,0,2,8,1,5,4,CRS DE LA MARNE,0.0,,2,2,3,1,1,1,-1,1,50,child
202100014608,7,10,2021,0 days 10:25:00,1,33,33063,2,7,7,3,Cours de la Marne,"44,8286600000"," -0,5629300000",1,4,2,1971.0,0,8,-1,-1,A01,3,0,2,8,1,5,4,CRS DE LA MARNE,0.0,,2,2,3,1,1,1,-1,1,50,adult
202100014649,7,10,2021,0 days 20:40:00,5,93,93059,2,3,1,2,JEAN MERMOZ (BOULEVARD) N°59AU185 ET 76A,"48,9711877332","2,3662027716",1,4,1,1978.0,-1,0,-1,-1,B01,2,0,2,0,0,6,3,JEAN MERMOZ (BOULEVARD) N°59AU185 ET 76A,0.0,,1,2,0,1,1,1,9,6,50,child
202100014649,7,10,2021,0 days 20:40:00,5,93,93059,2,3,1,2,JEAN MERMOZ (BOULEVARD) N°59AU185 ET 76A,"48,9711877332","2,3662027716",1,1,1,2002.0,-1,0,-1,-1,B01,2,0,2,0,0,6,3,JEAN MERMOZ (BOULEVARD) N°59AU185 ET 76A,0.0,,1,2,0,1,1,1,9,6,50,adult
202100014674,8,10,2021,0 days 07:30:00,1,83,83148,2,1,1,3,Boulevard des Pins Parasols,"43,4296500000","6,4365020000",1,1,1,1961.0,5,1,-1,-1,B01,3,0,2,1,19,6,4,,0.0,,2,2,0,1,1,1,0,1,50,child
202100014674,8,10,2021,0 days 07:30:00,1,83,83148,2,1,1,3,Boulevard des Pins Parasols,"43,4296500000","6,4365020000",1,4,1,2011.0,1,2,4,-1,B01,3,0,2,1,19,6,4,,0.0,,2,2,0,1,1,1,0,1,50,adult
202100014766,6,10,2021,0 days 14:45:00,1,69,69387,2,2,8,5,JEAN JAURES (AV),"45,7482056186","4,8436938169",1,1,1,1942.0,0,1,-1,-1,A01,2,0,2,7,19,5,4,,0.0,,1,2,3,1,1,1,5,1,50,child
202100014766,6,10,2021,0 days 14:45:00,1,69,69387,2,2,8,5,JEAN JAURES (AV),"45,7482056186","4,8436938169",1,4,1,1992.0,0,8,-1,-1,A01,2,0,2,7,19,5,4,,0.0,,1,2,3,1,1,1,5,1,50,adult
202100014766,6,10,2021,0 days 14:45:00,1,69,69387,2,2,8,5,JEAN JAURES (AV),"45,7482056186","4,8436938169",1,1,1,1996.0,0,1,-1,-1,A01,2,0,2,7,19,5,4,,0.0,,1,2,3,1,1,1,5,1,50,adult
202100014770,6,10,2021,0 days 08:40:00,1,91,91477,2,1,1,3,PARMENTIER (RUE),"48,7060010000","2,2088180000",1,4,1,1959.0,1,2,4,-1,B01,1,0,2,7,1,5,4,PARMENTIER (RUE),0.0,,2,0,0,1,1,1,0,1,30,child
202100014770,6,10,2021,0 days 08:40:00,1,91,91477,2,1,1,3,PARMENTIER (RUE),"48,7060010000","2,2088180000",1,1,1,1980.0,1,1,0,-1,B01,1,0,2,7,1,5,4,PARMENTIER (RUE),0.0,,2,0,0,1,1,1,0,1,30,adult
202100014796,6,10,2021,0 days 12:10:00,1,51,51454,2,2,1,3,Rue du Petit Delbourg,"49,2524566617","4,0514523492",1,1,2,1952.0,0,1,-1,-1,A01,1,0,2,1,19,5,4,PETIT DELBOURG (RUE DU),0.0,,2,2,0,1,1,1,0,1,50,child
202100014796,6,10,2021,0 days 12:10:00,1,51,51454,2,2,1,3,Rue du Petit Delbourg,"49,2524566617","4,0514523492",1,4,1,2002.0,0,2,-1,-1,A01,1,0,2,1,19,5,4,PETIT DELBOURG (RUE DU),0.0,,2,2,0,1,1,1,0,1,50,adult
202100014802,5,10,2021,0 days 12:25:00,1,41,41018,2,1,1,3,BELLE JARDINIERE (AVENUE DE LA),"47,5677600000","1,3256300000",1,4,2,1968.0,2,8,0,-1,B01,2,0,2,1,5,5,3,BELLE JARDINIERE (AVENUE DE LA),0.0,,2,2,1,1,1,2,0,1,50,child
202100014802,5,10,2021,0 days 12:25:00,1,41,41018,2,1,1,3,BELLE JARDINIERE (AVENUE DE LA),"47,5677600000","1,3256300000",1,1,1,1995.0,0,1,0,-1,B01,2,0,2,1,5,5,3,BELLE JARDINIERE (AVENUE DE LA),0.0,,2,2,1,1,1,2,0,1,50,adult
202100014812,5,10,2021,0 days 13:50:00,1,14,14118,2,1,2,3,RETHEL (BOULEVARD DE),"49,1706400000"," -0,3330000000",1,1,2,1972.0,0,1,0,-1,B01,1,0,2,1,2,5,4,RETHEL (BOULEVARD DE),0.0,,2,2,1,1,1,2,0,5,50,child
202100014812,5,10,2021,0 days 13:50:00,1,14,14118,2,1,2,3,RETHEL (BOULEVARD DE),"49,1706400000"," -0,3330000000",1,4,1,2005.0,0,0,-1,-1,B01,1,0,2,1,2,5,4,RETHEL (BOULEVARD DE),0.0,,2,2,1,1,1,2,0,5,50,adult
202100014844,5,10,2021,0 days 21:15:00,5,75,75112,2,3,2,2,AVENUE DAUMESNIL,"48,8358930000","2,4056370000",1,1,1,1974.0,9,1,0,-1,B01,2,0,2,8,1,5,4,AVENUE DAUMESNIL,0.0,,3,1,2,1,1,2,0,5,30,child
202100014844,5,10,2021,0 days 21:15:00,5,75,75112,2,3,2,2,AVENUE DAUMESNIL,"48,8358930000","2,4056370000",1,4,1,2002.0,9,8,0,-1,B01,2,0,2,8,1,5,4,AVENUE DAUMESNIL,0.0,,3,1,2,1,1,2,0,5,30,adult
202100014859,6,10,2021,0 days 11:00:00,1,93,93029,2,1,1,3,Avenue Marceau,"48,9283420000","2,4361770000",1,1,2,1981.0,5,8,0,-1,B01,1,0,2,3,0,5,3,MARCEAU (AVENUE) N° 1-27,0.0,,2,2,0,1,1,1,0,1,50,child
202100014859,6,10,2021,0 days 11:00:00,1,93,93029,2,1,1,3,Avenue Marceau,"48,9283420000","2,4361770000",1,4,1,1992.0,5,8,0,-1,B01,1,0,2,3,0,5,3,MARCEAU (AVENUE) N° 1-27,0.0,,2,2,0,1,1,1,0,1,50,adult
202100014859,6,10,2021,0 days 11:00:00,1,93,93029,2,1,1,3,Avenue Marceau,"48,9283420000","2,4361770000",2,1,1,2011.0,5,8,0,-1,B01,1,0,2,3,0,5,3,MARCEAU (AVENUE) N° 1-27,0.0,,2,2,0,1,1,1,0,1,50,adult
202100014870,6,10,2021,0 days 16:25:00,1,92,92012,2,2,1,2,SILLY (RUE DE) 89/FIN - 90/FIN,"48,8333684520","2,2334541815",1,1,2,1948.0,5,1,0,-1,B01,1,0,2,1,2,5,4,,0.0,,2,2,0,1,1,1,0,1,30,child
202100014870,6,10,2021,0 days 16:25:00,1,92,92012,2,2,1,2,SILLY (RUE DE) 89/FIN - 90/FIN,"48,8333684520","2,2334541815",1,4,1,2007.0,5,8,0,-1,B01,1,0,2,1,2,5,4,,0.0,,2,2,0,1,1,1,0,1,30,adult
202100014893,6,10,2021,0 days 21:00:00,3,17,17385,1,1,1,1,Route Rd 734,"45,9549690000"," -1,3354830000",1,1,1,1966.0,3,1,-1,-1,A01,2,0,2,3,1,5,3,734,0.0,,2,2,0,1,1,1,0,1,80,child
202100014893,6,10,2021,0 days 21:00:00,3,17,17385,1,1,1,1,Route Rd 734,"45,9549690000"," -1,3354830000",1,4,1,1998.0,5,0,-1,-1,A01,2,0,2,3,1,5,3,734,0.0,,2,2,0,1,1,1,0,1,80,adult
202100014982,1,10,2021,0 days 17:18:00,1,87,87085,2,1,1,6,ORADOUR SUR GLANE (CARREFOUR D'),"45,8342600000","1,2265100000",1,1,2,1971.0,5,1,0,-1,B01,3,0,2,0,0,5,4,ORADOUR SUR GLANE (CARREFOUR D'),0.0,,2,2,0,1,1,1,0,1,50,child
202100014982,1,10,2021,0 days 17:18:00,1,87,87085,2,1,1,6,ORADOUR SUR GLANE (CARREFOUR D'),"45,8342600000","1,2265100000",1,4,2,1999.0,5,8,0,-1,B01,3,0,2,0,0,5,4,ORADOUR SUR GLANE (CARREFOUR D'),0.0,,2,2,0,1,1,1,0,1,50,adult
202100015029,4,10,2021,0 days 18:35:00,1,59,59654,2,1,1,3,COET (RUE ANTOINE),"50,3870700000","3,1131100000",1,1,1,1962.0,4,1,8,-1,B01,1,0,2,7,19,5,3,COET (RUE ANTOINE),0.0,,1,1,0,1,1,1,0,1,50,child
202100015029,4,10,2021,0 days 18:35:00,1,59,59654,2,1,1,3,COET (RUE ANTOINE),"50,3870700000","3,1131100000",1,4,1,2010.0,5,8,0,-1,B01,1,0,2,7,19,5,3,COET (RUE ANTOINE),0.0,,1,1,0,1,1,1,0,1,50,adult
202100015092,1,10,2021,0 days 17:00:00,1,11,11262,2,1,1,6,FRANCE (AVENUE ANATOLE),"43,1896800000","2,9853200000",1,1,1,1940.0,0,1,8,-1,B01,1,0,2,1,2,5,4,FRANCE (AVENUE ANATOLE),0.0,,2,2,0,1,1,1,0,1,50,child