Num_Acc,jour,mois,an,hrmn,lum,dep,com,agg,int,atm,col,adr,lat,long,catu,grav,sexe,an_nais,trajet,secu1,secu2,secu3,num_veh_y,senc,obs,obsm,choc,manv,motor,catr,voie,v1,v2,circ,nbv,vosp,prof,plan,surf,infra,situ,vma,age
202100015092,1,10,2021,0 days 17:00:00,1,11,11262,2,1,1,6,FRANCE (AVENUE ANATOLE),"43,1896800000","2,9853200000",1,4,1,2002.0,0,2,8,-1,B01,1,0,2,1,2,5,4,FRANCE (AVENUE ANATOLE),0.0,,2,2,0,1,1,1,0,1,50,adult
202100015112,5,10,2021,0 days 07:10:00,2,75,75113,2,2,1,3,QUAI FRANCOIS MAURIAC,"48,8322350000","2,3797780000",1,4,2,1963.0,1,8,0,-1,B01,1,0,2,7,16,5,4,QUAI FRANCOIS MAURIAC,0.0,,2,4,1,1,1,1,5,5,30,child
202100015112,5,10,2021,0 days 07:10:00,2,75,75113,2,2,1,3,QUAI FRANCOIS MAURIAC,"48,8322350000","2,3797780000",1,1,1,2000.0,9,8,0,-1,B01,1,0,2,7,16,5,4,QUAI FRANCOIS MAURIAC,0.0,,2,4,1,1,1,1,5,5,30,adult
202100015115,5,10,2021,0 days 11:20:00,1,75,75108,2,1,3,6,AVENUE DE WAGRAM,"48,8772060000","2,2975320000",3,4,1,1963.0,4,0,-1,-1,A01,1,0,1,7,1,5,4,AVENUE DE WAGRAM,0.0,,1,2,1,2,1,2,0,5,30,child
202100015115,5,10,2021,0 days 11:20:00,1,75,75108,2,1,3,6,AVENUE DE WAGRAM,"48,8772060000","2,2975320000",1,4,1,2005.0,2,8,0,-1,A01,1,0,1,7,1,5,4,AVENUE DE WAGRAM,0.0,,1,2,1,2,1,2,0,5,30,adult
202100015187,4,10,2021,0 days 11:45:00,1,81,81187,1,1,1,2,Route de Saint-Paul Cap de Joux,"43,7031490000","2,0041090000",1,3,1,1947.0,5,2,-1,-1,B01,1,0,0,4,0,5,3,84,-1.0,,2,2,0,2,3,1,0,1,80,child
202100015187,4,10,2021,0 days 11:45:00,1,81,81187,1,1,1,2,Route de Saint-Paul Cap de Joux,"43,7031490000","2,0041090000",1,1,1,1988.0,4,1,-1,-1,B01,1,0,0,4,0,5,3,84,-1.0,,2,2,0,2,3,1,0,1,80,adult
202100015226,4,10,2021,0 days 13:45:00,1,75,75110,2,3,1,6,RUE DU FAUBOURG SAINT DENIS,"48,8812790000","2,3581310000",3,4,2,1978.0,9,0,-1,-1,A01,2,0,1,1,1,5,4,RUE DU FAUBOURG SAINT DENIS,0.0,,2,2,0,1,1,1,0,1,30,child
202100015226,4,10,2021,0 days 13:45:00,1,75,75110,2,3,1,6,RUE DU FAUBOURG SAINT DENIS,"48,8812790000","2,3581310000",1,1,1,2005.0,9,8,0,-1,A01,2,0,1,1,1,5,4,RUE DU FAUBOURG SAINT DENIS,0.0,,2,2,0,1,1,1,0,1,30,adult
202100015234,4,10,2021,0 days 12:30:00,1,94,94046,2,2,1,1,Avenue de la République,"48,8028000000","2,4340500000",1,4,2,1975.0,5,0,0,-1,B01,1,0,2,1,1,5,3,REPUBLIQUE (AV DE LA),0.0,,2,2,0,1,1,1,0,1,50,child
202100015234,4,10,2021,0 days 12:30:00,1,94,94046,2,2,1,1,Avenue de la République,"48,8028000000","2,4340500000",1,1,1,1998.0,1,1,0,-1,B01,1,0,2,1,1,5,3,REPUBLIQUE (AV DE LA),0.0,,2,2,0,1,1,1,0,1,50,adult
202100015237,4,10,2021,0 days 09:10:00,1,93,93066,2,9,1,1,Rue du Landy,"48,9153230000","2,3533260000",1,4,1,1974.0,1,8,0,-1,A01,1,0,2,8,19,5,3,"""LANDY RD 20, NR PAIRS 2 A 144""",0.0,,2,2,0,1,1,1,0,1,50,child
202100015237,4,10,2021,0 days 09:10:00,1,93,93066,2,9,1,1,Rue du Landy,"48,9153230000","2,3533260000",1,1,2,2002.0,9,8,0,-1,A01,1,0,2,8,19,5,3,"""LANDY RD 20, NR PAIRS 2 A 144""",0.0,,2,2,0,1,1,1,0,1,50,adult
202100015238,3,10,2021,0 days 11:08:00,1,93,93066,2,1,2,3,Rue Brise Echalas,"48,9382050000","2,3456650000",2,4,2,1943.0,0,8,8,-1,B01,2,0,-1,2,26,5,4,BRISE ECHALAS,0.0,,1,1,3,2,1,2,4,6,30,child
202100015238,3,10,2021,0 days 11:08:00,1,93,93066,2,1,2,3,Rue Brise Echalas,"48,9382050000","2,3456650000",1,4,1,1977.0,3,8,0,-1,B01,2,0,-1,2,26,5,4,BRISE ECHALAS,0.0,,1,1,3,2,1,2,4,6,30,adult
202100015238,3,10,2021,0 days 11:08:00,1,93,93066,2,1,2,3,Rue Brise Echalas,"48,9382050000","2,3456650000",1,1,1,1985.0,4,8,8,-1,B01,2,0,-1,2,26,5,4,BRISE ECHALAS,0.0,,1,1,3,2,1,2,4,6,30,adult
202100015288,25,8,2021,0 days 09:00:00,1,84,84068,2,6,7,2,Rond-point D27 / D943,"43,7651200000","5,3654480000",1,3,1,1943.0,5,2,6,-1,A01,1,0,0,4,2,5,3,943,0.0,D,2,2,0,1,2,1,0,1,50,child
202100015288,25,8,2021,0 days 09:00:00,1,84,84068,2,6,7,2,Rond-point D27 / D943,"43,7651200000","5,3654480000",1,1,1,1985.0,5,1,-1,-1,A01,1,0,0,4,2,5,3,943,0.0,D,2,2,0,1,2,1,0,1,50,adult
202100015289,2,10,2021,0 days 15:35:00,1,04,04019,2,1,1,2,Av Porfirio Diaz,"44,3866230000","6,6544750000",1,4,1,1960.0,5,2,-1,-1,B01,1,0,2,4,1,5,4,,0.0,,1,1,0,1,1,1,0,1,30,child
202100015289,2,10,2021,0 days 15:35:00,1,04,04019,2,1,1,2,Av Porfirio Diaz,"44,3866230000","6,6544750000",1,3,1,2004.0,5,2,6,-1,B01,1,0,2,4,1,5,4,,0.0,,1,1,0,1,1,1,0,1,30,adult
202100015317,3,10,2021,0 days 12:30:00,1,83,83069,2,1,1,3,MACRI (CHEMIN SOLDAT),"43,1165200000","6,1467000000",1,4,2,1967.0,0,2,8,-1,B01,1,0,2,3,2,5,4,MACRI (CHEMIN SOLDAT),0.0,,1,1,0,1,2,1,0,1,50,child
202100015317,3,10,2021,0 days 12:30:00,1,83,83069,2,1,1,3,MACRI (CHEMIN SOLDAT),"43,1165200000","6,1467000000",1,1,1,1997.0,0,1,-1,-1,B01,1,0,2,3,2,5,4,MACRI (CHEMIN SOLDAT),0.0,,1,1,0,1,2,1,0,1,50,adult
202100015390,23,9,2021,0 days 17:50:00,1,49,49283,1,1,7,2,RD723,"47,4134960000"," -0,7517480000",1,1,1,1946.0,5,1,-1,-1,B01,1,0,2,4,1,5,3,723,-1.0,,2,2,0,1,1,1,0,1,90,child
202100015390,23,9,2021,0 days 17:50:00,1,49,49283,1,1,7,2,RD723,"47,4134960000"," -0,7517480000",1,3,1,1979.0,5,0,-1,-1,B01,1,0,2,4,1,5,3,723,-1.0,,2,2,0,1,1,1,0,1,90,adult
202100015397,26,9,2021,0 days 16:15:00,1,14,14200,2,1,1,3,Rue des druides,"49,2830830000"," -0,5379470000",1,3,2,1962.0,5,0,-1,-1,B01,0,0,2,3,1,5,4,,-1.0,,2,2,0,1,3,1,0,1,30,child
202100015397,26,9,2021,0 days 16:15:00,1,14,14200,2,1,1,3,Rue des druides,"49,2830830000"," -0,5379470000",1,4,1,2007.0,5,2,6,-1,B01,0,0,2,3,1,5,4,,-1.0,,2,2,0,1,3,1,0,1,30,adult
202100015431,4,10,2021,0 days 12:05:00,1,60,60450,2,3,1,1,Route de Crouy,"49,2239250000","2,2908850000",1,4,1,1965.0,1,0,-1,-1,B01,2,0,2,7,1,5,3,,0.0,,2,2,0,1,1,1,0,1,50,child
202100015431,4,10,2021,0 days 12:05:00,1,60,60450,2,3,1,1,Route de Crouy,"49,2239250000","2,2908850000",1,1,2,1999.0,1,1,-1,-1,B01,2,0,2,7,1,5,3,,0.0,,2,2,0,1,1,1,0,1,50,adult
202100015526,28,9,2021,0 days 12:50:00,1,69,69092,1,9,1,3,BEAUJOLAIS (DU) (AV),"45,9971453880","4,7067672014",1,4,1,1949.0,5,2,-1,-1,A01,3,0,2,5,9,5,3,BEAUJOLAIS (avenue du),0.0,,-1,2,0,1,3,1,9,1,50,child
202100015526,28,9,2021,0 days 12:50:00,1,69,69092,1,9,1,3,BEAUJOLAIS (DU) (AV),"45,9971453880","4,7067672014",1,1,1,1963.0,0,1,-1,-1,A01,3,0,2,5,9,5,3,BEAUJOLAIS (avenue du),0.0,,-1,2,0,1,3,1,9,1,50,adult
202100015526,28,9,2021,0 days 12:50:00,1,69,69092,1,9,1,3,BEAUJOLAIS (DU) (AV),"45,9971453880","4,7067672014",2,1,2,2003.0,0,1,-1,-1,A01,3,0,2,5,9,5,3,BEAUJOLAIS (avenue du),0.0,,-1,2,0,1,3,1,9,1,50,adult
202100015554,30,9,2021,0 days 18:10:00,1,56,56121,2,1,8,2,SVOB ( BOULEVARD EMMANUEL),"47,7508400000"," -3,3680400000",1,1,1,1978.0,5,1,8,-1,B01,2,1,0,1,1,5,4,SVOB ( BOULEVARD EMMANUEL),0.0,,2,2,0,1,1,1,0,1,30,child
202100015554,30,9,2021,0 days 18:10:00,1,56,56121,2,1,8,2,SVOB ( BOULEVARD EMMANUEL),"47,7508400000"," -3,3680400000",1,4,1,2002.0,5,8,8,-1,B01,2,1,0,1,1,5,4,SVOB ( BOULEVARD EMMANUEL),0.0,,2,2,0,1,1,1,0,1,30,adult
202100015557,30,9,2021,0 days 12:30:00,1,54,54395,2,2,1,1,JAURES (BOULEVARD JEAN),"48,6806500000","6,1789000000",1,4,1,1949.0,0,2,0,-1,A01,1,0,2,1,1,5,4,JAURES (BOULEVARD JEAN),0.0,,1,2,0,1,1,1,0,1,30,child
202100015557,30,9,2021,0 days 12:30:00,1,54,54395,2,2,1,1,JAURES (BOULEVARD JEAN),"48,6806500000","6,1789000000",1,1,1,2001.0,0,1,0,-1,A01,1,0,2,1,1,5,4,JAURES (BOULEVARD JEAN),0.0,,1,2,0,1,1,1,0,1,30,adult
202100015558,2,10,2021,0 days 15:45:00,1,51,51454,2,3,1,3,Rue des Romains,"49,2623234679","4,0190517347",1,1,2,1972.0,0,1,-1,-1,B01,0,0,2,1,21,5,3,ROMAINS (RUE),0.0,,2,2,0,1,1,1,0,1,50,child
202100015558,2,10,2021,0 days 15:45:00,1,51,51454,2,3,1,3,Rue des Romains,"49,2623234679","4,0190517347",1,4,1,2007.0,0,8,-1,-1,B01,0,0,2,1,21,5,3,ROMAINS (RUE),0.0,,2,2,0,1,1,1,0,1,50,adult
202100015575,2,10,2021,0 days 16:00:00,1,38,38185,2,3,1,3,JEUX OLYMPIQUES (AV. DES),"45,1741300000","5,7430200000",1,1,1,1977.0,0,8,0,-1,B01,3,0,2,4,15,5,4,JEUX OLYMPIQUES (AV. DES),0.0,,2,3,0,1,1,1,0,1,30,child
202100015575,2,10,2021,0 days 16:00:00,1,38,38185,2,3,1,3,JEUX OLYMPIQUES (AV. DES),"45,1741300000","5,7430200000",1,3,1,2010.0,0,8,0,-1,B01,3,0,2,4,15,5,4,JEUX OLYMPIQUES (AV. DES),0.0,,2,3,0,1,1,1,0,1,30,adult
202100015601,1,10,2021,0 days 08:05:00,1,29,29019,2,6,2,3,Avenue Georges Clemenceau,"48,3888100000"," -4,4839500000",1,4,2,1978.0,1,2,-1,-1,B01,1,0,2,1,1,0,4,CLEMENCEAU GEORGES (DE 16 ET 37 A FIN),0.0,,2,2,0,1,1,2,0,1,30,child
202100015601,1,10,2021,0 days 08:05:00,1,29,29019,2,6,2,3,Avenue Georges Clemenceau,"48,3888100000"," -4,4839500000",1,1,1,2003.0,2,1,-1,-1,B01,1,0,2,1,1,0,4,CLEMENCEAU GEORGES (DE 16 ET 37 A FIN),0.0,,2,2,0,1,1,2,0,1,30,adult
202100015604,2,10,2021,0 days 12:30:00,1,26,26281,2,6,1,3,rond point de l' EUROPE,"45,0457600000","5,0554370000",1,1,1,1963.0,4,1,-1,-1,B01,3,0,2,7,1,5,4,EUROPE (CARREFOUR DE L'),0.0,,1,1,0,1,1,1,5,1,50,child
202100015604,2,10,2021,0 days 12:30:00,1,26,26281,2,6,1,3,rond point de l' EUROPE,"45,0457600000","5,0554370000",1,4,1,1999.0,0,8,-1,-1,B01,3,0,2,7,1,5,4,EUROPE (CARREFOUR DE L'),0.0,,1,1,0,1,1,1,5,1,50,adult
202100015606,29,9,2021,0 days 16:55:00,1,24,24138,1,1,1,4,CHURCHILL ( AVENUE WINSTON),"45,1851300000","0,6989500000",1,3,1,1962.0,0,1,8,-1,C01,-1,0,0,4,1,5,3,CHURCHILL ( AVENUE WINSTON),0.0,,2,2,0,4,2,1,0,1,50,child
202100015606,29,9,2021,0 days 16:55:00,1,24,24138,1,1,1,4,CHURCHILL ( AVENUE WINSTON),"45,1851300000","0,6989500000",1,4,1,1966.0,1,1,0,-1,C01,-1,0,0,4,1,5,3,CHURCHILL ( AVENUE WINSTON),0.0,,2,2,0,4,2,1,0,1,50,adult
202100015606,29,9,2021,0 days 16:55:00,1,24,24138,1,1,1,4,CHURCHILL ( AVENUE WINSTON),"45,1851300000","0,6989500000",1,1,1,1983.0,-1,2,9,0,C01,-1,0,0,4,1,5,3,CHURCHILL ( AVENUE WINSTON),0.0,,2,2,0,4,2,1,0,1,50,adult
202100015606,29,9,2021,0 days 16:55:00,1,24,24138,1,1,1,4,CHURCHILL ( AVENUE WINSTON),"45,1851300000","0,6989500000",2,1,2,2014.0,-1,2,0,0,C01,-1,0,0,4,1,5,3,CHURCHILL ( AVENUE WINSTON),0.0,,2,2,0,4,2,1,0,1,50,adult
202100015606,29,9,2021,0 days 16:55:00,1,24,24138,1,1,1,4,CHURCHILL ( AVENUE WINSTON),"45,1851300000","0,6989500000",2,1,2,2016.0,-1,2,0,0,C01,-1,0,0,4,1,5,3,CHURCHILL ( AVENUE WINSTON),0.0,,2,2,0,4,2,1,0,1,50,adult
202100015629,1,10,2021,0 days 15:15:00,1,07,07281,1,1,1,3,C.D. 287 (VERS ST ROMAIN DE LERPS),"44,9517499329","4,8252445161",1,3,1,1956.0,5,2,8,-1,B01,1,0,2,8,2,5,3,C.D. 287 (VERS ST ROMAIN DE LERPS),0.0,,2,2,0,2,3,1,0,1,80,child
202100015629,1,10,2021,0 days 15:15:00,1,07,07281,1,1,1,3,C.D. 287 (VERS ST ROMAIN DE LERPS),"44,9517499329","4,8252445161",1,1,1,1981.0,4,1,0,-1,B01,1,0,2,8,2,5,3,C.D. 287 (VERS ST ROMAIN DE LERPS),0.0,,2,2,0,2,3,1,0,1,80,adult
202100015630,1,10,2021,0 days 12:20:00,1,06,06027,1,1,1,6,GAUDE AVENUE DE LA,"43,6669400000","7,1526780000",1,3,1,1951.0,0,2,0,-1,A01,2,0,1,9,13,0,7,GAUDE AVENUE DE LA,0.0,,2,2,0,2,4,1,0,1,50,child
202100015630,1,10,2021,0 days 12:20:00,1,06,06027,1,1,1,6,GAUDE AVENUE DE LA,"43,6669400000","7,1526780000",3,3,2,1982.0,5,0,-1,-1,A01,2,0,1,9,13,0,7,GAUDE AVENUE DE LA,0.0,,2,2,0,2,4,1,0,1,50,adult
202100015651,2,10,2021,0 days 12:16:00,1,94,94028,2,1,1,5,Avenue de Verdun,"48,7995900000","2,4670900000",1,4,2,1965.0,5,0,0,-1,B01,1,0,2,8,2,5,3,VERDUN.(AVENUE DE),0.0,,1,2,0,1,1,1,0,1,50,child
202100015651,2,10,2021,0 days 12:16:00,1,94,94028,2,1,1,5,Avenue de Verdun,"48,7995900000","2,4670900000",1,1,2,1998.0,5,1,0,-1,B01,1,0,2,8,2,5,3,VERDUN.(AVENUE DE),0.0,,1,2,0,1,1,1,0,1,50,adult
202100015651,2,10,2021,0 days 12:16:00,1,94,94028,2,1,1,5,Avenue de Verdun,"48,7995900000","2,4670900000",1,1,-1,,-1,-1,-1,-1,B01,1,0,2,8,2,5,3,VERDUN.(AVENUE DE),0.0,,1,2,0,1,1,1,0,1,50,child
202100015654,2,10,2021,0 days 18:50:00,2,93,93064,2,1,2,3,JAURES (AVENUE JEAN),"48,8676200000","2,4864200000",1,1,2,1951.0,0,1,0,-1,Z01,2,0,2,3,2,5,3,JAURES (AVENUE JEAN),0.0,,2,1,0,1,1,2,0,1,50,child
202100015654,2,10,2021,0 days 18:50:00,2,93,93064,2,1,2,3,JAURES (AVENUE JEAN),"48,8676200000","2,4864200000",1,4,1,1984.0,0,8,0,-1,Z01,2,0,2,3,2,5,3,JAURES (AVENUE JEAN),0.0,,2,1,0,1,1,2,0,1,50,adult
202100015656,2,10,2021,0 days 19:00:00,2,93,93077,2,9,2,3,FREDY (AVENUE DE),"48,8804300000","2,5190700000",1,1,2,1976.0,1,1,0,-1,B01,1,0,2,7,9,0,4,FREDY (AVENUE DE),0.0,,2,2,0,1,1,2,0,1,50,child
202100015656,2,10,2021,0 days 19:00:00,2,93,93077,2,9,2,3,FREDY (AVENUE DE),"48,8804300000","2,5190700000",1,4,1,2007.0,0,2,0,-1,B01,1,0,2,7,9,0,4,FREDY (AVENUE DE),0.0,,2,2,0,1,1,2,0,1,50,adult
202100015671,2,10,2021,0 days 15:48:00,1,57,57097,1,1,1,3,D19,"49,1949700000","6,4803890000",1,3,1,1945.0,5,2,-1,-1,B01,1,0,2,8,2,5,3,19,0.0,,2,2,0,1,1,1,0,1,90,child
202100015671,2,10,2021,0 days 15:48:00,1,57,57097,1,1,1,3,D19,"49,1949700000","6,4803890000",1,1,1,1999.0,3,9,-1,-1,B01,1,0,2,8,2,5,3,19,0.0,,2,2,0,1,1,1,0,1,90,adult
202100015746,1,10,2021,0 days 19:35:00,2,75,75112,2,2,2,3,PONT DE TOLBIAC,"48,8335240000","2,3821090000",1,4,1,1975.0,1,2,0,-1,A01,3,0,2,8,1,5,4,PONT DE TOLBIAC,0.0,,2,3,1,1,1,2,-1,5,30,child
202100015746,1,10,2021,0 days 19:35:00,2,75,75112,2,2,2,3,PONT DE TOLBIAC,"48,8335240000","2,3821090000",1,1,1,1999.0,4,2,0,-1,A01,3,0,2,8,1,5,4,PONT DE TOLBIAC,0.0,,2,3,1,1,1,2,-1,5,30,adult
202100015749,1,10,2021,0 days 14:20:00,1,75,75110,2,5,1,6,BOULEVARD DE MAGENTA,"48,8748040000","2,3573920000",3,4,1,1968.0,1,0,-1,-1,A01,1,2,1,4,25,5,4,BOULEVARD DE MAGENTA,0.0,,2,6,0,1,1,1,0,4,30,child
202100015749,1,10,2021,0 days 14:20:00,1,75,75110,2,5,1,6,BOULEVARD DE MAGENTA,"48,8748040000","2,3573920000",1,1,1,2004.0,2,2,0,-1,A01,1,2,1,4,25,5,4,BOULEVARD DE MAGENTA,0.0,,2,6,0,1,1,1,0,4,30,adult
202100015794,1,10,2021,0 days 15:45:00,1,66,66050,1,1,1,2,Route du Barcares,"42,7771650000","2,9296800000",1,2,1,1940.0,3,0,-1,-1,A01,3,0,2,4,2,5,4,,-1.0,,2,2,0,1,1,1,0,1,90,child
202100015794,1,10,2021,0 days 15:45:00,1,66,66050,1,1,1,2,Route du Barcares,"42,7771650000","2,9296800000",1,1,1,1982.0,5,1,-1,-1,A01,3,0,2,4,2,5,4,,-1.0,,2,2,0,1,1,1,0,1,90,adult
202100015894,29,9,2021,0 days 13:00:00,1,64,64237,1,6,1,2,D 802,"43,2788700000"," -0,3752200000",1,4,1,1953.0,5,2,8,-1,B01,2,0,2,5,1,5,3,VALLEE HEUREUSE,0.0,,-1,2,0,1,2,1,0,1,70,child
202100015894,29,9,2021,0 days 13:00:00,1,64,64237,1,6,1,2,D 802,"43,2788700000"," -0,3752200000",1,1,1,1979.0,1,1,8,-1,B01,2,0,2,5,1,5,3,VALLEE HEUREUSE,0.0,,-1,2,0,1,2,1,0,1,70,adult
202100015907,29,9,2021,0 days 19:14:00,1,49,49007,2,1,1,2,MEIGNANNE,"47,4786000000"," -0,5697300000",1,4,1,1957.0,9,2,0,-1,A01,1,0,2,1,26,5,4,MEIGNANNE,0.0,,2,2,0,1,1,1,0,1,50,child
202100015907,29,9,2021,0 days 19:14:00,1,49,49007,2,1,1,2,MEIGNANNE,"47,4786000000"," -0,5697300000",1,1,2,1983.0,9,1,0,-1,A01,1,0,2,1,26,5,4,MEIGNANNE,0.0,,2,2,0,1,1,1,0,1,50,adult
202100015912,30,9,2021,0 days 20:45:00,5,35,35238,2,3,1,3,VANEAU,"48,1104600000"," -1,6927400000",1,4,2,1967.0,0,8,8,-1,A01,1,0,2,1,19,5,4,VANEAU,0.0,,2,5,0,1,1,1,0,1,50,child
202100015912,30,9,2021,0 days 20:45:00,5,35,35238,2,3,1,3,VANEAU,"48,1104600000"," -1,6927400000",1,1,1,1994.0,0,1,0,-1,A01,1,0,2,1,19,5,4,VANEAU,0.0,,2,5,0,1,1,1,0,1,50,adult
202100015974,29,9,2021,0 days 08:10:00,1,92,92004,2,1,1,3,MARNE   ( AVENUE DE LA ),"48,9093863095","2,2860165126",1,1,2,1964.0,0,1,8,-1,B01,2,0,2,1,1,5,3,9,0.0,,2,2,0,1,1,1,0,1,50,child
202100015974,29,9,2021,0 days 08:10:00,1,92,92004,2,1,1,3,MARNE   ( AVENUE DE LA ),"48,9093863095","2,2860165126",1,4,1,2006.0,0,1,0,-1,B01,2,0,2,1,1,5,3,9,0.0,,2,2,0,1,1,1,0,1,50,adult
202100015984,30,9,2021,0 days 19:30:00,2,44,44071,2,1,1,2,Rue du Château,"47,1983370000"," -1,4213780000",1,3,1,1966.0,5,2,-1,-1,B01,2,12,2,4,2,5,3,74,0.0,D,2,2,0,1,1,1,0,1,50,child
202100015984,30,9,2021,0 days 19:30:00,2,44,44071,2,1,1,2,Rue du Château,"47,1983370000"," -1,4213780000",1,1,1,1995.0,5,8,-1,-1,B01,2,12,2,4,2,5,3,74,0.0,D,2,2,0,1,1,1,0,1,50,adult
202100016013,30,9,2021,0 days 15:30:00,1,27,27185,1,2,1,3,D84,"49,2110300000","0,9770860000",1,3,1,1963.0,5,2,-1,-1,B01,0,0,2,3,1,5,3,84,0.0,D,2,2,0,1,1,1,0,1,80,child
202100016013,30,9,2021,0 days 15:30:00,1,27,27185,1,2,1,3,D84,"49,2110300000","0,9770860000",1,1,1,2002.0,9,1,-1,-1,B01,0,0,2,3,1,5,3,84,0.0,D,2,2,0,1,1,1,0,1,80,adult
202100016078,27,9,2021,0 days 17:00:00,1,971,97101,1,9,1,3,Rue Hubert FAROUIL,"16,2741000000"," -61,4996300000",1,1,2,1963.0,0,1,8,-1,A01,1,0,2,1,16,5,4,Rue Hubert FAROUIL,0.0,,-1,2,0,1,1,1,0,1,50,child
202100016078,27,9,2021,0 days 17:00:00,1,971,97101,1,9,1,3,Rue Hubert FAROUIL,"16,2741000000"," -61,4996300000",1,4,1,2004.0,3,8,0,-1,A01,1,0,2,1,16,5,4,Rue Hubert FAROUIL,0.0,,-1,2,0,1,1,1,0,1,50,adult
202100016102,28,9,2021,0 days 10:00:00,1,83,83034,1,1,1,1,RUE DES 3 PINS,"43,1023316595","6,0556536104",1,4,1,1962.0,5,2,8,-1,A01,1,0,9,3,13,5,4,RUE DES 3 PINS,0.0,,2,2,1,1,1,1,0,5,20,child
202100016102,28,9,2021,0 days 10:00:00,1,83,83034,1,1,1,1,RUE DES 3 PINS,"43,1023316595","6,0556536104",1,1,2,2006.0,9,2,8,-1,A01,1,0,9,3,13,5,4,RUE DES 3 PINS,0.0,,2,2,1,1,1,1,0,5,20,adult
202100016160,28,9,2021,0 days 09:50:00,1,45,45232,2,6,1,3,HUGO (AVENUE VICTOR),"47,8568500000","1,9031700000",1,1,1,1959.0,9,1,4,-1,B01,2,0,0,0,0,0,7,HUGO (AVENUE VICTOR),0.0,,2,2,2,1,1,1,0,1,50,child
202100016160,28,9,2021,0 days 09:50:00,1,45,45232,2,6,1,3,HUGO (AVENUE VICTOR),"47,8568500000","1,9031700000",1,4,2,1987.0,0,8,0,-1,B01,2,0,0,0,0,0,7,HUGO (AVENUE VICTOR),0.0,,2,2,2,1,1,1,0,1,50,adult
202100016160,28,9,2021,0 days 09:50:00,1,45,45232,2,6,1,3,HUGO (AVENUE VICTOR),"47,8568500000","1,9031700000",2,1,1,2019.0,0,8,0,-1,B01,2,0,0,0,0,0,7,HUGO (AVENUE VICTOR),0.0,,2,2,2,1,1,1,0,1,50,adult
202100016167,29,9,2021,0 days 13:45:00,1,38,38169,2,1,1,3,Boulevard Paul Langevin,"45,1979900000","5,6715400000",1,1,2,1985.0,5,1,8,-1,B01,1,0,0,8,1,5,7,1532,0.0,,2,2,0,1,1,1,0,1,10,child
202100016167,29,9,2021,0 days 13:45:00,1,38,38169,2,1,1,3,Boulevard Paul Langevin,"45,1979900000","5,6715400000",1,4,1,2010.0,5,8,0,-1,B01,1,0,0,8,1,5,7,1532,0.0,,2,2,0,1,1,1,0,1,10,adult
202100016173,28,9,2021,0 days 07:55:00,1,37,37261,2,2,1,6,EUROPE (AVENUE DE L'),"47,4236709681","0,6930945106",1,4,1,1943.0,5,8,0,-1,B01,3,0,2,2,15,5,4,EUROPE (AVENUE DE L'),0.0,,4,4,0,1,2,1,5,1,50,child
202100016173,28,9,2021,0 days 07:55:00,1,37,37261,2,2,1,6,EUROPE (AVENUE DE L'),"47,4236709681","0,6930945106",1,1,2,1973.0,1,1,0,-1,B01,3,0,2,2,15,5,4,EUROPE (AVENUE DE L'),0.0,,4,4,0,1,2,1,5,1,50,adult
202100016174,24,9,2021,0 days 17:15:00,1,35,35241,2,1,7,6,D168,"48,6140000000"," -2,0352800000",1,2,1,1951.0,5,0,-1,-1,B01,2,0,0,4,1,5,3,D168,0.0,,1,2,0,2,1,1,3,1,50,child
202100016174,24,9,2021,0 days 17:15:00,1,35,35241,2,1,7,6,D168,"48,6140000000"," -2,0352800000",1,1,2,1991.0,1,1,0,-1,B01,2,0,0,4,1,5,3,D168,0.0,,1,2,0,2,1,1,3,1,50,adult
202100016189,29,9,2021,0 days 19:30:00,5,31,31069,2,1,1,6,ARAGON (AV LOUIS),"43,6438900000","1,3791100000",1,3,2,1972.0,1,8,0,-1,A01,3,6,2,0,25,5,4,ARAGON (AV LOUIS),0.0,,4,2,0,1,2,1,6,4,30,child
202100016189,29,9,2021,0 days 19:30:00,5,31,31069,2,1,1,6,ARAGON (AV LOUIS),"43,6438900000","1,3791100000",1,1,1,2000.0,5,2,0,-1,A01,3,6,2,0,25,5,4,ARAGON (AV LOUIS),0.0,,4,2,0,1,2,1,6,4,30,adult
202100016210,27,9,2021,0 days 14:40:00,1,17,17300,2,1,1,3,GUITON   AVENUE JEAN (167-341),"46,1603600000"," -1,1925100000",1,3,1,1941.0,0,8,0,-1,A01,1,0,2,1,2,5,4,GUITON   AVENUE JEAN (167-341),0.0,,2,2,0,1,1,1,0,1,50,child
202100016210,27,9,2021,0 days 14:40:00,1,17,17300,2,1,1,3,GUITON   AVENUE JEAN (167-341),"46,1603600000"," -1,1925100000",1,1,1,1974.0,0,1,0,-1,A01,1,0,2,1,2,5,4,GUITON   AVENUE JEAN (167-341),0.0,,2,2,0,1,1,1,0,1,50,adult
202100016232,28,9,2021,0 days 17:35:00,1,01,01053,2,4,1,6,VICAIRE (RUE GABRIEL),"46,2079300000","5,2237500000",1,1,1,1966.0,5,1,0,-1,B01,3,0,2,1,1,5,4,VICAIRE (RUE GABRIEL),0.0,,1,1,1,2,1,1,9,1,50,child