Num_Acc,jour,mois,an,hrmn,lum,dep,com,agg,int,atm,col,adr,lat,long,catu,grav,sexe,an_nais,trajet,secu1,secu2,secu3,num_veh_y,senc,obs,obsm,choc,manv,motor,catr,voie,v1,v2,circ,nbv,vosp,prof,plan,surf,infra,situ,vma,age
202100016232,28,9,2021,0 days 17:35:00,1,01,01053,2,4,1,6,VICAIRE (RUE GABRIEL),"46,2079300000","5,2237500000",1,3,1,2002.0,9,2,0,-1,B01,3,0,2,1,1,5,4,VICAIRE (RUE GABRIEL),0.0,,1,1,1,2,1,1,9,1,50,adult
202100016242,29,9,2021,0 days 14:55:00,1,75,75118,2,3,8,6,AVENUE DE SAINT OUEN,"48,8958836125","2,3284120508",3,4,2,1949.0,5,0,-1,-1,A01,1,0,1,1,1,5,4,AVENUE DE SAINT OUEN,0.0,,2,5,1,2,1,2,0,5,30,child
202100016242,29,9,2021,0 days 14:55:00,1,75,75118,2,3,8,6,AVENUE DE SAINT OUEN,"48,8958836125","2,3284120508",1,4,1,1988.0,1,2,0,-1,A01,1,0,1,1,1,5,4,AVENUE DE SAINT OUEN,0.0,,2,5,1,2,1,2,0,5,30,adult
202100016271,29,9,2021,0 days 14:05:00,1,92,92007,2,1,1,3,PASTEUR (AVENUE LOUIS) AUTRES NUMEROS,"48,8026269035","2,3189802468",1,4,1,1982.0,4,2,6,-1,DA01,1,0,2,2,14,5,4,77,0.0,,2,2,0,1,1,1,0,1,50,child
202100016271,29,9,2021,0 days 14:05:00,1,92,92007,2,1,1,3,PASTEUR (AVENUE LOUIS) AUTRES NUMEROS,"48,8026269035","2,3189802468",1,1,1,2004.0,0,0,-1,-1,DA01,1,0,2,2,14,5,4,77,0.0,,2,2,0,1,1,1,0,1,50,adult
202100016294,29,9,2021,0 days 15:50:00,1,50,50593,1,1,1,3,Hameau Es Gendres,"49,5915430000"," -1,4134650000",1,1,1,1979.0,3,1,-1,-1,A01,3,0,2,1,19,5,3,263,-1.0,,2,2,0,1,1,1,0,1,80,child
202100016294,29,9,2021,0 days 15:50:00,1,50,50593,1,1,1,3,Hameau Es Gendres,"49,5915430000"," -1,4134650000",1,3,1,2009.0,5,2,-1,-1,A01,3,0,2,1,19,5,3,263,-1.0,,2,2,0,1,1,1,0,1,80,adult
202100016359,27,9,2021,0 days 07:13:00,5,75,75112,2,5,1,3,AVENUE COURTELINE,"48,8440504325","2,4130949950",1,1,1,1967.0,4,1,0,-1,B01,1,0,2,4,19,5,4,AVENUE COURTELINE,0.0,,2,6,0,1,1,2,0,1,30,child
202100016359,27,9,2021,0 days 07:13:00,5,75,75112,2,5,1,3,AVENUE COURTELINE,"48,8440504325","2,4130949950",1,4,2,1990.0,1,2,0,-1,B01,1,0,2,4,19,5,4,AVENUE COURTELINE,0.0,,2,6,0,1,1,2,0,1,30,adult
202100016362,28,9,2021,0 days 15:00:00,1,75,75108,2,5,1,3,RUE DU FAUBOURG SAINT HONORE,"48,8771467944","2,3003201187",1,1,1,1961.0,4,1,0,-1,B01,1,0,2,1,1,5,4,RUE DU FAUBOURG SAINT HONORE,0.0,,2,3,3,1,1,1,0,6,30,child
202100016362,28,9,2021,0 days 15:00:00,1,75,75108,2,5,1,3,RUE DU FAUBOURG SAINT HONORE,"48,8771467944","2,3003201187",1,4,1,1982.0,9,2,0,-1,B01,1,0,2,1,1,5,4,RUE DU FAUBOURG SAINT HONORE,0.0,,2,3,3,1,1,1,0,6,30,adult
202100016379,28,9,2021,0 days 18:10:00,1,92,92051,2,1,1,6,"JEAN MERMOZ (BOULEVARD, N° 5 A 15)","48,8857556513","2,2692574561",3,4,2,1933.0,5,0,-1,-1,A01,1,1,1,2,1,5,4,"JEAN MERMOZ (BOULEVARD, N° 5 A 15)",0.0,,2,2,0,1,1,1,0,1,50,child
202100016379,28,9,2021,0 days 18:10:00,1,92,92051,2,1,1,6,"JEAN MERMOZ (BOULEVARD, N° 5 A 15)","48,8857556513","2,2692574561",1,1,1,1962.0,1,8,0,-1,A01,1,1,1,2,1,5,4,"JEAN MERMOZ (BOULEVARD, N° 5 A 15)",0.0,,2,2,0,1,1,1,0,1,50,adult
202100016418,28,9,2021,0 days 17:20:00,1,63,63092,1,1,1,3,D16,"45,9015970000","2,9939150000",1,3,1,1969.0,5,2,6,-1,B01,1,0,2,0,11,6,3,16,0.0,D,2,2,0,1,1,1,0,1,80,child
202100016418,28,9,2021,0 days 17:20:00,1,63,63092,1,1,1,3,D16,"45,9015970000","2,9939150000",1,1,1,2000.0,4,1,-1,-1,B01,1,0,2,0,11,6,3,16,0.0,D,2,2,0,1,1,1,0,1,80,adult
202100016421,20,9,2021,0 days 11:20:00,1,33,33415,1,3,1,1,Rue de la Croix de l Avocat,"45,0128370000"," -0,4517150000",1,1,1,1968.0,1,1,-1,-1,B01,2,0,2,4,9,5,3,115,-1.0,D,2,2,0,1,1,1,0,1,80,child
202100016421,20,9,2021,0 days 11:20:00,1,33,33415,1,3,1,1,Rue de la Croix de l Avocat,"45,0128370000"," -0,4517150000",1,3,1,2000.0,5,2,-1,-1,B01,2,0,2,4,9,5,3,115,-1.0,D,2,2,0,1,1,1,0,1,80,adult
202100016457,27,9,2021,0 days 17:00:00,1,78,78551,1,3,1,1,route forestière des pavillons,"48,9630670000","2,1145540000",1,4,2,1945.0,0,0,-1,-1,B01,3,0,2,8,0,5,4,route forestière des pavillons,0.0,,2,2,0,1,1,2,0,1,50,child
202100016457,27,9,2021,0 days 17:00:00,1,78,78551,1,3,1,1,route forestière des pavillons,"48,9630670000","2,1145540000",1,1,1,1990.0,0,8,0,-1,B01,3,0,2,8,0,5,4,route forestière des pavillons,0.0,,2,2,0,1,1,2,0,1,50,adult
202100016468,24,9,2021,0 days 09:40:00,1,67,67482,2,1,1,2,DRESDE (BOULEVARD DE),"48,5992900000","7,7615200000",1,1,1,1965.0,4,1,8,-1,B01,2,0,2,1,25,5,4,DRESDE (BOULEVARD DE),0.0,,3,4,1,1,1,1,0,4,50,child
202100016468,24,9,2021,0 days 09:40:00,1,67,67482,2,1,1,2,DRESDE (BOULEVARD DE),"48,5992900000","7,7615200000",1,4,1,1998.0,1,8,0,-1,B01,2,0,2,1,25,5,4,DRESDE (BOULEVARD DE),0.0,,3,4,1,1,1,1,0,4,50,adult
202100016490,27,9,2021,0 days 18:15:00,1,51,51454,2,1,1,3,Rue Gerbert,"49,2507400000","4,0401000000",1,4,1,1936.0,0,8,-1,-1,B01,1,0,2,2,2,5,4,GERBERT (RUE),0.0,,2,2,2,2,1,2,0,1,50,child
202100016490,27,9,2021,0 days 18:15:00,1,51,51454,2,1,1,3,Rue Gerbert,"49,2507400000","4,0401000000",1,1,1,2001.0,5,1,-1,-1,B01,1,0,2,2,2,5,4,GERBERT (RUE),0.0,,2,2,2,2,1,2,0,1,50,adult
202100016494,25,9,2021,0 days 16:05:00,1,49,49099,2,6,3,3,KOENIG (AVENUE DU MARECHAL),"47,0517500000"," -0,8499700000",1,1,1,1935.0,5,1,8,-1,B01,3,0,2,7,26,5,4,KOENIG (AVENUE DU MARECHAL),0.0,,2,3,0,1,1,2,0,1,50,child
202100016494,25,9,2021,0 days 16:05:00,1,49,49099,2,6,3,3,KOENIG (AVENUE DU MARECHAL),"47,0517500000"," -0,8499700000",2,1,2,1938.0,5,1,8,-1,B01,3,0,2,7,26,5,4,KOENIG (AVENUE DU MARECHAL),0.0,,2,3,0,1,1,2,0,1,50,adult
202100016494,25,9,2021,0 days 16:05:00,1,49,49099,2,6,3,3,KOENIG (AVENUE DU MARECHAL),"47,0517500000"," -0,8499700000",1,3,2,2009.0,5,8,0,-1,B01,3,0,2,7,26,5,4,KOENIG (AVENUE DU MARECHAL),0.0,,2,3,0,1,1,2,0,1,50,adult
202100016497,27,9,2021,0 days 12:50:00,1,45,45234,2,1,8,3,Rue Brise Pain,"47,9022800000","1,8863700000",1,1,1,1941.0,5,1,0,-1,A01,1,0,2,5,19,5,7,,0.0,,2,2,0,1,1,1,0,1,50,child
202100016497,27,9,2021,0 days 12:50:00,1,45,45234,2,1,8,3,Rue Brise Pain,"47,9022800000","1,8863700000",1,4,2,2007.0,2,8,0,-1,A01,1,0,2,5,19,5,7,,0.0,,2,2,0,1,1,1,0,1,50,adult
202100016505,27,9,2021,0 days 08:40:00,1,31,31555,2,1,8,3,RTE DE SAINT SIMON,"43,5901200000","1,4159800000",1,4,1,1976.0,9,8,0,-1,B01,2,0,2,3,1,5,4,RTE DE SAINT SIMON,0.0,,2,5,1,1,1,1,0,5,50,child
202100016505,27,9,2021,0 days 08:40:00,1,31,31555,2,1,8,3,RTE DE SAINT SIMON,"43,5901200000","1,4159800000",2,1,1,1998.0,1,1,8,-1,B01,2,0,2,3,1,5,4,RTE DE SAINT SIMON,0.0,,2,5,1,1,1,1,0,5,50,adult
202100016505,27,9,2021,0 days 08:40:00,1,31,31555,2,1,8,3,RTE DE SAINT SIMON,"43,5901200000","1,4159800000",1,1,2,2001.0,1,1,8,-1,B01,2,0,2,3,1,5,4,RTE DE SAINT SIMON,0.0,,2,5,1,1,1,1,0,5,50,adult
202100016505,27,9,2021,0 days 08:40:00,1,31,31555,2,1,8,3,RTE DE SAINT SIMON,"43,5901200000","1,4159800000",2,1,1,2021.0,9,3,8,-1,B01,2,0,2,3,1,5,4,RTE DE SAINT SIMON,0.0,,2,5,1,1,1,1,0,5,50,adult
202100016540,27,9,2021,0 days 18:05:00,1,75,75111,2,5,1,3,BOULEVARD VOLTAIRE,"48,8503980000","2,3925170000",1,1,2,1958.0,5,1,0,-1,B01,1,0,2,1,1,5,4,BOULEVARD VOLTAIRE,0.0,,2,4,1,1,1,1,0,5,30,child
202100016540,27,9,2021,0 days 18:05:00,1,75,75111,2,5,1,3,BOULEVARD VOLTAIRE,"48,8503980000","2,3925170000",1,4,2,2005.0,9,2,0,-1,B01,1,0,2,1,1,5,4,BOULEVARD VOLTAIRE,0.0,,2,4,1,1,1,1,0,5,30,adult
202100016636,25,9,2021,0 days 18:45:00,1,78,78440,2,6,1,3,BECHEVILLE (RUE DE),"48,9874500000","1,9122000000",1,1,1,1984.0,3,1,8,-1,B01,1,0,2,2,19,0,3,,-1.0,,2,-1,-1,1,1,1,-1,1,-1,child
202100016636,25,9,2021,0 days 18:45:00,1,78,78440,2,6,1,3,BECHEVILLE (RUE DE),"48,9874500000","1,9122000000",1,4,1,2007.0,5,2,0,-1,B01,1,0,2,2,19,0,3,,-1.0,,2,-1,-1,1,1,1,-1,1,-1,adult
202100016725,25,9,2021,0 days 11:15:00,1,07,07130,1,1,1,1,N102,"44,7240250000","4,0049670000",1,1,1,1948.0,5,1,-1,-1,A01,1,0,2,1,1,5,2,102,-1.0,,2,2,0,2,3,1,0,1,80,child
202100016725,25,9,2021,0 days 11:15:00,1,07,07130,1,1,1,1,N102,"44,7240250000","4,0049670000",1,3,1,1970.0,0,2,6,-1,A01,1,0,2,1,1,5,2,102,-1.0,,2,2,0,2,3,1,0,1,80,adult
202100016747,27,9,2021,0 days 09:20:00,1,26,26064,1,6,1,3,Rond point de la Fusée,"44,9030600000","5,0086930000",1,4,1,1949.0,5,2,-1,-1,B01,2,0,2,8,26,5,3,538,-1.0,,2,3,0,1,3,1,0,1,80,child
202100016747,27,9,2021,0 days 09:20:00,1,26,26064,1,6,1,3,Rond point de la Fusée,"44,9030600000","5,0086930000",1,1,1,1995.0,4,1,-1,-1,B01,2,0,2,8,26,5,3,538,-1.0,,2,3,0,1,3,1,0,1,80,adult
202100016779,24,9,2021,0 days 17:30:00,1,973,97302,2,3,1,3,MONTABO (ROUTE DE) 2,"4,9338800000"," -52,2909000000",1,1,2,1969.0,9,1,8,-1,B01,2,0,9,1,5,5,3,MONTABO (ROUTE DE) 2,0.0,,2,1,0,1,1,1,0,1,50,child
202100016779,24,9,2021,0 days 17:30:00,1,973,97302,2,3,1,3,MONTABO (ROUTE DE) 2,"4,9338800000"," -52,2909000000",1,4,2,1997.0,9,2,0,-1,B01,2,0,9,1,5,5,3,MONTABO (ROUTE DE) 2,0.0,,2,1,0,1,1,1,0,1,50,adult
202100016813,24,9,2021,0 days 12:45:00,1,91,91549,2,1,1,3,MARE AU CHANVRE (RUE DE LA),"48,6240700000","2,3412400000",1,1,1,1964.0,5,1,4,-1,B01,3,0,2,8,19,5,4,,0.0,,3,2,0,1,3,1,0,1,50,child
202100016813,24,9,2021,0 days 12:45:00,1,91,91549,2,1,1,3,MARE AU CHANVRE (RUE DE LA),"48,6240700000","2,3412400000",1,4,1,1985.0,4,0,-1,-1,B01,3,0,2,8,19,5,4,,0.0,,3,2,0,1,3,1,0,1,50,adult
202100016878,24,9,2021,0 days 11:30:00,1,64,64445,2,1,1,3,ALSACE LORRAINE D',"43,3045700000"," -0,3679400000",1,1,2,1948.0,9,1,8,-1,B01,1,0,2,3,1,5,4,ALSACE LORRAINE D',0.0,,1,1,2,1,1,1,0,5,50,child
202100016878,24,9,2021,0 days 11:30:00,1,64,64445,2,1,1,3,ALSACE LORRAINE D',"43,3045700000"," -0,3679400000",1,4,2,1996.0,9,8,0,-1,B01,1,0,2,3,1,5,4,ALSACE LORRAINE D',0.0,,1,1,2,1,1,1,0,5,50,adult
202100016910,22,9,2021,0 days 12:38:00,1,49,49007,2,1,1,3,POISSONNERIE,"47,4723678952"," -0,5570687272",1,4,2,1975.0,9,8,0,-1,B01,1,0,2,3,15,5,4,POISSONNERIE,0.0,,1,1,0,1,1,1,0,1,50,child
202100016910,22,9,2021,0 days 12:38:00,1,49,49007,2,1,1,3,POISSONNERIE,"47,4723678952"," -0,5570687272",1,1,1,2000.0,9,8,0,-1,B01,1,0,2,3,15,5,4,POISSONNERIE,0.0,,1,1,0,1,1,1,0,1,50,adult
202100016914,23,9,2021,0 days 16:45:00,1,45,45234,2,3,1,1,Rue Vieille Levée,"47,8925000000","1,8957700000",1,1,2,1993.0,9,1,0,-1,B01,2,0,2,1,1,5,4,,0.0,,2,4,0,1,1,1,0,1,50,child
202100016914,23,9,2021,0 days 16:45:00,1,45,45234,2,3,1,1,Rue Vieille Levée,"47,8925000000","1,8957700000",1,4,1,2007.0,2,2,0,-1,B01,2,0,2,1,1,5,4,,0.0,,2,4,0,1,1,1,0,1,50,adult
202100016914,23,9,2021,0 days 16:45:00,1,45,45234,2,3,1,1,Rue Vieille Levée,"47,8925000000","1,8957700000",2,1,1,2017.0,2,3,0,-1,B01,2,0,2,1,1,5,4,,0.0,,2,4,0,1,1,1,0,1,50,adult
202100016914,23,9,2021,0 days 16:45:00,1,45,45234,2,3,1,1,Rue Vieille Levée,"47,8925000000","1,8957700000",2,1,2,2021.0,2,3,0,-1,B01,2,0,2,1,1,5,4,,0.0,,2,4,0,1,1,1,0,1,50,adult
202100016918,24,9,2021,0 days 17:45:00,1,44,44109,2,1,1,3,SCHUMAN ( BD ROBERT ),"47,2375900000"," -1,5696600000",1,4,1,1962.0,0,2,0,-1,B01,0,0,0,0,0,5,4,SCHUMAN ( BD ROBERT ),0.0,,2,2,0,1,1,1,0,5,50,child
202100016918,24,9,2021,0 days 17:45:00,1,44,44109,2,1,1,3,SCHUMAN ( BD ROBERT ),"47,2375900000"," -1,5696600000",1,1,1,1986.0,0,2,0,-1,B01,0,0,0,0,0,5,4,SCHUMAN ( BD ROBERT ),0.0,,2,2,0,1,1,1,0,5,50,adult
202100016931,22,9,2021,0 days 14:30:00,1,37,37261,2,3,1,6,DE GAULLE (AVENUE DU GENERAL),"47,3798071990","0,6945661518",1,1,1,1968.0,1,1,8,-1,A01,1,0,2,2,25,5,4,DE GAULLE (AVENUE DU GENERAL),0.0,,2,3,2,1,1,1,0,4,50,child
202100016931,22,9,2021,0 days 14:30:00,1,37,37261,2,3,1,6,DE GAULLE (AVENUE DU GENERAL),"47,3798071990","0,6945661518",1,4,1,2003.0,5,8,0,-1,A01,1,0,2,2,25,5,4,DE GAULLE (AVENUE DU GENERAL),0.0,,2,3,2,1,1,1,0,4,50,adult
202100016938,23,9,2021,0 days 19:00:00,1,33,33063,2,5,1,6,RUE CAMILLE GODARD,"44,8550300000"," -0,5738000000",1,4,2,1967.0,9,0,-1,-1,A01,3,0,2,0,1,5,4,RUE CAMILLE GODARD,0.0,,1,2,1,1,1,1,0,1,50,child
202100016938,23,9,2021,0 days 19:00:00,1,33,33063,2,5,1,6,RUE CAMILLE GODARD,"44,8550300000"," -0,5738000000",1,1,2,1989.0,0,1,-1,-1,A01,3,0,2,0,1,5,4,RUE CAMILLE GODARD,0.0,,1,2,1,1,1,1,0,1,50,adult
202100016962,23,9,2021,0 days 14:38:00,1,26,26198,2,3,1,3,52 Rue Gustave Monod,"44,5455040000","4,7406690000",1,1,2,1986.0,5,1,8,-1,A01,3,0,2,8,26,5,4,MONOD (Rue Gustave),0.0,,2,1,0,1,1,1,0,1,50,child
202100016962,23,9,2021,0 days 14:38:00,1,26,26198,2,3,1,3,52 Rue Gustave Monod,"44,5455040000","4,7406690000",1,4,1,2010.0,2,8,0,-1,A01,3,0,2,8,26,5,4,MONOD (Rue Gustave),0.0,,2,1,0,1,1,1,0,1,50,adult
202100016964,24,9,2021,0 days 08:15:00,1,25,25056,2,1,1,6,CHALEZEULE RUE DE (entre 51 ET 72),"47,2475300000","6,0377900000",1,4,1,1966.0,1,8,0,-1,B01,2,1,0,1,26,5,4,CHALEZEULE RUE DE (entre 51 ET 72),0.0,,2,2,2,2,1,1,0,5,50,child
202100016964,24,9,2021,0 days 08:15:00,1,25,25056,2,1,1,6,CHALEZEULE RUE DE (entre 51 ET 72),"47,2475300000","6,0377900000",1,1,2,1978.0,2,1,8,-1,B01,2,1,0,1,26,5,4,CHALEZEULE RUE DE (entre 51 ET 72),0.0,,2,2,2,2,1,1,0,5,50,adult
202100016964,24,9,2021,0 days 08:15:00,1,25,25056,2,1,1,6,CHALEZEULE RUE DE (entre 51 ET 72),"47,2475300000","6,0377900000",2,1,1,2005.0,2,1,8,-1,B01,2,1,0,1,26,5,4,CHALEZEULE RUE DE (entre 51 ET 72),0.0,,2,2,2,2,1,1,0,5,50,adult
202100016965,24,9,2021,0 days 16:50:00,1,17,17291,1,1,1,3,HUIT MAI 1945,"46,1776000000"," -1,1136000000",1,1,1,1979.0,5,1,0,-1,B01,1,0,2,8,26,5,4,HUIT MAI 1945,0.0,,2,2,0,2,1,1,0,1,50,child
202100016965,24,9,2021,0 days 16:50:00,1,17,17291,1,1,1,3,HUIT MAI 1945,"46,1776000000"," -1,1136000000",1,4,2,2007.0,2,8,0,-1,B01,1,0,2,8,26,5,4,HUIT MAI 1945,0.0,,2,2,0,2,1,1,0,1,50,adult
202100016966,22,9,2021,0 days 16:30:00,1,14,14487,2,1,1,6,VALLEE (ROUTE),"49,1924700000","0,2224900000",1,4,1,1955.0,5,2,8,-1,B01,2,0,2,8,1,0,4,,0.0,,2,2,0,1,1,1,0,1,50,child
202100016966,22,9,2021,0 days 16:30:00,1,14,14487,2,1,1,6,VALLEE (ROUTE),"49,1924700000","0,2224900000",1,1,1,1993.0,5,1,8,-1,B01,2,0,2,8,1,0,4,,0.0,,2,2,0,1,1,1,0,1,50,adult
202100017038,23,9,2021,0 days 10:35:00,1,75,75115,2,3,1,6,RUE DE VAUGIRARD,"48,8408930000","2,3058730000",3,4,2,1951.0,5,0,-1,-1,A01,1,0,1,1,1,5,4,RUE DE VAUGIRARD,0.0,,2,4,1,1,1,1,0,5,30,child
202100017038,23,9,2021,0 days 10:35:00,1,75,75115,2,3,1,6,RUE DE VAUGIRARD,"48,8408930000","2,3058730000",1,1,1,1994.0,9,2,0,-1,A01,1,0,1,1,1,5,4,RUE DE VAUGIRARD,0.0,,2,4,1,1,1,1,0,5,30,adult
202100017076,23,9,2021,0 days 09:10:00,1,75,75114,2,4,1,3,RUE VERCINGETORIX,"48,8274472158","2,3050528765",1,4,2,1960.0,1,2,0,-1,A01,1,0,2,7,9,5,4,RUE VERCINGETORIX,0.0,,2,3,1,2,1,1,0,5,30,child
202100017076,23,9,2021,0 days 09:10:00,1,75,75114,2,4,1,3,RUE VERCINGETORIX,"48,8274472158","2,3050528765",1,1,1,1981.0,1,2,0,-1,A01,1,0,2,7,9,5,4,RUE VERCINGETORIX,0.0,,2,3,1,2,1,1,0,5,30,adult
202100017082,24,9,2021,0 days 13:35:00,1,94,94067,2,1,1,6,Avenue Joffre,"48,8479236759","2,4177110195",1,4,1,1977.0,5,2,0,-1,A01,1,0,1,1,1,5,4,JOFFRE (AV),0.0,,2,2,0,1,1,1,0,1,50,child
202100017082,24,9,2021,0 days 13:35:00,1,94,94067,2,1,1,6,Avenue Joffre,"48,8479236759","2,4177110195",3,4,1,2007.0,2,0,-1,-1,A01,1,0,1,1,1,5,4,JOFFRE (AV),0.0,,2,2,0,1,1,1,0,1,50,adult
202100017103,24,9,2021,0 days 17:22:00,1,94,94055,2,1,1,2,Avenue de Pince Vent,"48,7900000000","2,5500000000",1,4,1,1961.0,1,0,0,-1,B01,2,0,2,4,2,5,3,AV DE PINCE VENT,0.0,,2,2,0,1,1,1,0,1,50,child
202100017103,24,9,2021,0 days 17:22:00,1,94,94055,2,1,1,2,Avenue de Pince Vent,"48,7900000000","2,5500000000",1,1,1,1998.0,4,1,0,-1,B01,2,0,2,4,2,5,3,AV DE PINCE VENT,0.0,,2,2,0,1,1,1,0,1,50,adult
202100017112,25,9,2021,0 days 10:20:00,1,93,93078,2,2,1,3,FAUVETTES (AVENE DES),"48,9554200000","2,5528500000",1,4,1,1946.0,5,2,0,-1,B01,2,0,2,8,0,5,4,FAUVETTES (AVENE DES),0.0,,2,2,0,1,1,1,5,1,50,child
202100017112,25,9,2021,0 days 10:20:00,1,93,93078,2,2,1,3,FAUVETTES (AVENE DES),"48,9554200000","2,5528500000",1,1,1,1978.0,5,1,0,-1,B01,2,0,2,8,0,5,4,FAUVETTES (AVENE DES),0.0,,2,2,0,1,1,1,5,1,50,adult
202100017138,23,9,2021,0 days 17:25:00,1,92,92073,2,1,1,2,GALLIENI (QUAI),"48,8704690000","2,2319200000",1,4,1,1971.0,1,2,6,-1,B01,3,0,2,4,11,0,3,GALLIENI (QUAI),0.0,,1,2,0,1,1,1,0,1,50,child
202100017138,23,9,2021,0 days 17:25:00,1,92,92073,2,1,1,2,GALLIENI (QUAI),"48,8704690000","2,2319200000",1,1,1,1997.0,2,8,0,-1,B01,3,0,2,4,11,0,3,GALLIENI (QUAI),0.0,,1,2,0,1,1,1,0,1,50,adult
202100017164,26,9,2021,0 days 17:25:00,1,31,31573,1,1,1,3,d45,"43,6855640000","1,6704800000",1,4,1,1969.0,5,2,6,-1,B01,1,0,2,8,1,5,3,45,0.0,D,2,2,0,2,1,1,0,1,80,child
202100017164,26,9,2021,0 days 17:25:00,1,31,31573,1,1,1,3,d45,"43,6855640000","1,6704800000",1,1,1,1992.0,5,8,-1,-1,B01,1,0,2,8,1,5,3,45,0.0,D,2,2,0,2,1,1,0,1,80,adult
202100017227,3,9,2021,0 days 13:25:00,1,31,31182,1,2,1,3,Route de Lacourtensourt,"43,6675030000","1,4102890000",1,3,1,1956.0,5,2,-1,-1,A01,1,0,2,7,1,5,7,D64,-1.0,,4,2,0,3,1,1,9,1,30,child
202100017227,3,9,2021,0 days 13:25:00,1,31,31182,1,2,1,3,Route de Lacourtensourt,"43,6675030000","1,4102890000",1,1,1,1983.0,4,1,-1,-1,A01,1,0,2,7,1,5,7,D64,-1.0,,4,2,0,3,1,1,9,1,30,adult
202100017325,23,9,2021,0 days 14:15:00,1,79,79048,2,4,1,3,Impasse Nicolas Appert,"46,3485420000"," -0,3091510000",1,1,1,1956.0,1,1,-1,-1,B01,3,0,2,1,19,5,3,,-1.0,,2,-1,-1,1,3,1,0,1,-1,child
202100017325,23,9,2021,0 days 14:15:00,1,79,79048,2,4,1,3,Impasse Nicolas Appert,"46,3485420000"," -0,3091510000",1,3,1,1999.0,0,0,-1,-1,B01,3,0,2,1,19,5,3,,-1.0,,2,-1,-1,1,3,1,0,1,-1,adult
202100017337,26,9,2021,0 days 10:00:00,1,60,60446,1,1,1,7,D922,"49,1371930000","2,7776960000",1,4,1,1946.0,5,2,-1,-1,C01,1,0,0,0,1,5,3,922,0.0,D,2,2,0,1,1,1,0,1,70,child
202100017337,26,9,2021,0 days 10:00:00,1,60,60446,1,1,1,7,D922,"49,1371930000","2,7776960000",1,3,1,1955.0,5,2,-1,-1,C01,1,0,0,0,1,5,3,922,0.0,D,2,2,0,1,1,1,0,1,70,adult
202100017337,26,9,2021,0 days 10:00:00,1,60,60446,1,1,1,7,D922,"49,1371930000","2,7776960000",1,4,1,1962.0,5,2,-1,-1,C01,1,0,0,0,1,5,3,922,0.0,D,2,2,0,1,1,1,0,1,70,adult
202100017337,26,9,2021,0 days 10:00:00,1,60,60446,1,1,1,7,D922,"49,1371930000","2,7776960000",1,4,1,1974.0,5,2,-1,-1,C01,1,0,0,0,1,5,3,922,0.0,D,2,2,0,1,1,1,0,1,70,adult
202100017341,23,9,2021,0 days 18:00:00,1,59,59051,2,6,1,3,rue de la gare,"50,5277040000","2,8036270000",1,1,1,1955.0,0,1,-1,-1,B01,0,0,2,1,16,5,4,1,0.0,A,1,2,0,1,1,1,0,1,30,child
202100017341,23,9,2021,0 days 18:00:00,1,59,59051,2,6,1,3,rue de la gare,"50,5277040000","2,8036270000",1,4,1,1991.0,0,0,-1,-1,B01,0,0,2,1,16,5,4,1,0.0,A,1,2,0,1,1,1,0,1,30,adult
202100017405,22,9,2021,0 days 14:05:00,1,974,97407,2,1,1,3,ROMERO(AVENUE)," -20,9455900000","55,2982500000",1,1,2,1965.0,0,1,0,-1,A01,3,0,2,8,19,5,4,ROMERO(AVENUE),0.0,,2,-1,0,1,1,1,0,1,50,child
202100017405,22,9,2021,0 days 14:05:00,1,974,97407,2,1,1,3,ROMERO(AVENUE)," -20,9455900000","55,2982500000",1,4,1,2011.0,5,8,0,-1,A01,3,0,2,8,19,5,4,ROMERO(AVENUE),0.0,,2,-1,0,1,1,1,0,1,50,adult
202100017413,22,9,2021,0 days 18:15:00,1,91,91645,2,6,1,2,VALLEE DE LA BIEVRES (VOIE DE LA),"48,7356970000","2,2380670000",1,1,2,1950.0,0,1,0,-1,B01,2,0,2,0,0,0,3,VALLEE DE LA BIEVRES (VOIE DE LA),0.0,,1,1,0,1,2,1,0,1,50,child
202100017413,22,9,2021,0 days 18:15:00,1,91,91645,2,6,1,2,VALLEE DE LA BIEVRES (VOIE DE LA),"48,7356970000","2,2380670000",1,4,1,2007.0,0,1,0,-1,B01,2,0,2,0,0,0,3,VALLEE DE LA BIEVRES (VOIE DE LA),0.0,,1,1,0,1,2,1,0,1,50,adult
202100017436,21,9,2021,0 days 13:38:00,1,68,68066,2,6,7,1,ALSACE (RUE D'),"48,0624500000","7,3626900000",1,1,1,1957.0,4,1,0,-1,B01,1,14,0,7,1,5,3,ALSACE (RUE D'),0.0,,3,1,0,1,1,1,0,5,50,child
202100017436,21,9,2021,0 days 13:38:00,1,68,68066,2,6,7,1,ALSACE (RUE D'),"48,0624500000","7,3626900000",1,4,2,2010.0,2,2,8,-1,B01,1,14,0,7,1,5,3,ALSACE (RUE D'),0.0,,3,1,0,1,1,1,0,5,50,adult
202100017439,22,9,2021,0 days 17:55:00,1,64,64284,2,1,1,3,BERNADOTTE,"43,2854000000"," -0,3807200000",1,4,1,1946.0,5,2,0,-1,B01,1,1,0,2,1,5,4,BERNADOTTE,0.0,,1,1,0,1,1,1,0,1,30,child