Num_Acc,jour,mois,an,hrmn,lum,dep,com,agg,int,atm,col,adr,lat,long,catu,grav,sexe,an_nais,trajet,secu1,secu2,secu3,num_veh_y,senc,obs,obsm,choc,manv,motor,catr,voie,v1,v2,circ,nbv,vosp,prof,plan,surf,infra,situ,vma,age
202100017439,22,9,2021,0 days 17:55:00,1,64,64284,2,1,1,3,BERNADOTTE,"43,2854000000"," -0,3807200000",1,1,2,1999.0,0,1,0,-1,B01,1,1,0,2,1,5,4,BERNADOTTE,0.0,,1,1,0,1,1,1,0,1,30,adult
202100017464,22,9,2021,0 days 15:10:00,1,33,33529,1,6,7,3,PISTE 214,"44,5778000000"," -1,1423000000",1,4,1,1951.0,5,2,6,-1,B01,2,0,2,1,1,5,3,PISTE 214,0.0,,2,2,0,1,2,1,5,1,50,child
202100017464,22,9,2021,0 days 15:10:00,1,33,33529,1,6,7,3,PISTE 214,"44,5778000000"," -1,1423000000",1,1,1,1985.0,4,1,-1,-1,B01,2,0,2,1,1,5,3,PISTE 214,0.0,,2,2,0,1,2,1,5,1,50,adult
202100017489,22,9,2021,0 days 21:09:00,5,75,75118,2,2,1,3,BOULEVARD BARBES,"48,8883510000","2,3495800000",1,1,1,1963.0,4,1,0,-1,B01,2,0,2,1,1,5,4,BOULEVARD BARBES,0.0,,2,4,0,2,1,1,5,1,30,child
202100017489,22,9,2021,0 days 21:09:00,5,75,75118,2,2,1,3,BOULEVARD BARBES,"48,8883510000","2,3495800000",1,4,2,1990.0,9,2,0,-1,B01,2,0,2,1,1,5,4,BOULEVARD BARBES,0.0,,2,4,0,2,1,1,5,1,30,adult
202100017501,22,9,2021,0 days 11:15:00,1,75,75112,2,2,7,3,BOULEVARD DIDEROT,"48,8467740000","2,3817490000",1,4,2,1976.0,1,2,0,-1,B01,2,0,2,8,1,5,4,BOULEVARD DIDEROT,0.0,,2,3,0,1,1,1,0,1,30,child
202100017501,22,9,2021,0 days 11:15:00,1,75,75112,2,2,7,3,BOULEVARD DIDEROT,"48,8467740000","2,3817490000",1,1,1,2000.0,4,1,0,-1,B01,2,0,2,8,1,5,4,BOULEVARD DIDEROT,0.0,,2,3,0,1,1,1,0,1,30,adult
202100017525,22,9,2021,0 days 10:20:00,1,92,92002,2,1,1,2,MAURICE LABROUSSE (RUE),"48,7545978696","2,2976656518",1,1,1,1950.0,0,1,0,-1,B01,1,0,2,4,1,0,4,67,0.0,,3,2,0,2,1,1,0,1,50,child
202100017525,22,9,2021,0 days 10:20:00,1,92,92002,2,1,1,2,MAURICE LABROUSSE (RUE),"48,7545978696","2,2976656518",1,4,1,1974.0,0,1,0,-1,B01,1,0,2,4,1,0,4,67,0.0,,3,2,0,2,1,1,0,1,50,adult
202100017570,21,9,2021,0 days 08:05:00,2,78,78615,1,3,7,1,D198,"48,8532830000","1,9095450000",1,3,1,1967.0,5,2,9,-1,B01,2,0,2,1,1,5,3,198,-1.0,,2,2,0,2,1,1,5,1,80,child
202100017570,21,9,2021,0 days 08:05:00,2,78,78615,1,3,7,1,D198,"48,8532830000","1,9095450000",1,1,2,1972.0,1,1,-1,-1,B01,2,0,2,1,1,5,3,198,-1.0,,2,2,0,2,1,1,5,1,80,adult
202100017570,21,9,2021,0 days 08:05:00,2,78,78615,1,3,7,1,D198,"48,8532830000","1,9095450000",2,1,1,2002.0,2,1,-1,-1,B01,2,0,2,1,1,5,3,198,-1.0,,2,2,0,2,1,1,5,1,80,adult
202100017585,20,5,2021,0 days 10:42:00,1,59,59146,2,1,1,3,67 Route Nationale,"50,6110770000","3,2030510000",1,1,2,1936.0,0,1,-1,-1,B01,1,0,2,8,1,5,7,941,-1.0,M,2,2,0,1,2,1,0,1,50,child
202100017585,20,5,2021,0 days 10:42:00,1,59,59146,2,1,1,3,67 Route Nationale,"50,6110770000","3,2030510000",1,4,1,1972.0,0,2,-1,-1,B01,1,0,2,8,1,5,7,941,-1.0,M,2,2,0,1,2,1,0,1,50,adult
202100017600,21,9,2021,0 days 08:10:00,1,94,94068,2,1,1,3,Avenue de Liège,"48,7909100000","2,4989900000",1,4,2,1960.0,5,2,0,-1,B01,2,0,2,0,2,5,4,LIEGE (AV DE),0.0,,2,2,1,1,1,1,0,1,50,child
202100017600,21,9,2021,0 days 08:10:00,1,94,94068,2,1,1,3,Avenue de Liège,"48,7909100000","2,4989900000",1,1,1,2000.0,4,1,0,-1,B01,2,0,2,0,2,5,4,LIEGE (AV DE),0.0,,2,2,1,1,1,1,0,1,50,adult
202100017627,20,9,2021,0 days 16:00:00,1,67,67482,2,8,8,3,JEAN WENGER VALENTIN (RUE),"48,5996400000","7,7595100000",1,4,2,1948.0,0,2,8,-1,A01,1,0,4,7,19,5,4,JEAN WENGER VALENTIN (RUE),0.0,,3,6,1,1,1,1,4,6,50,child
202100017627,20,9,2021,0 days 16:00:00,1,67,67482,2,8,8,3,JEAN WENGER VALENTIN (RUE),"48,5996400000","7,7595100000",1,1,1,1981.0,4,1,8,-1,A01,1,0,4,7,19,5,4,JEAN WENGER VALENTIN (RUE),0.0,,3,6,1,1,1,1,4,6,50,adult
202100017672,21,9,2021,0 days 10:20:00,1,75,75119,2,1,1,3,RUE DE MEAUX,"48,8820620000","2,3742770000",1,1,1,1972.0,9,1,0,-1,B01,1,0,2,2,1,5,4,RUE DE MEAUX,0.0,,1,1,0,1,1,1,0,1,30,child
202100017672,21,9,2021,0 days 10:20:00,1,75,75119,2,1,1,3,RUE DE MEAUX,"48,8820620000","2,3742770000",1,4,1,2004.0,9,2,0,-1,B01,1,0,2,2,1,5,4,RUE DE MEAUX,0.0,,1,1,0,1,1,1,0,1,30,adult
202100017675,21,9,2021,0 days 15:40:00,1,75,75113,2,4,1,3,BOULEVARD DE L HOPITAL,"48,8388500000","2,3609860000",1,1,1,1961.0,5,2,6,-1,A01,2,0,2,3,12,5,4,BOULEVARD DE L HOPITAL,0.0,,2,5,0,1,1,1,0,1,30,child
202100017675,21,9,2021,0 days 15:40:00,1,75,75113,2,4,1,3,BOULEVARD DE L HOPITAL,"48,8388500000","2,3609860000",1,4,1,1997.0,5,2,0,-1,A01,2,0,2,3,12,5,4,BOULEVARD DE L HOPITAL,0.0,,2,5,0,1,1,1,0,1,30,adult
202100017706,20,9,2021,0 days 18:15:00,1,92,92004,2,2,1,6,MAURICEAU,"48,9119317974","2,2868111730",1,1,1,1979.0,5,2,8,-1,A01,2,0,1,2,15,5,4,MAURICEAU,0.0,,2,2,0,1,1,1,0,1,50,child
202100017706,20,9,2021,0 days 18:15:00,1,92,92004,2,2,1,6,MAURICEAU,"48,9119317974","2,2868111730",1,4,1,2017.0,5,8,0,-1,A01,2,0,1,2,15,5,4,MAURICEAU,0.0,,2,2,0,1,1,1,0,1,50,adult
202100017756,21,9,2021,0 days 17:15:00,1,01,01249,2,2,1,3,Montée Neuve,"45,8259400000","4,9479940000",1,1,2,1960.0,1,1,-1,-1,B01,2,0,2,1,1,5,3,71,0.0,,2,2,0,2,2,1,5,1,30,child
202100017756,21,9,2021,0 days 17:15:00,1,01,01249,2,2,1,3,Montée Neuve,"45,8259400000","4,9479940000",1,4,1,2002.0,5,2,-1,-1,B01,2,0,2,1,1,5,3,71,0.0,,2,2,0,2,2,1,5,1,30,adult
202100017757,31,8,2021,0 days 12:35:00,1,24,24405,1,1,1,2,D32,"44,9127450000","0,6677840000",1,4,1,1963.0,5,0,-1,-1,C01,1,0,2,4,2,5,3,32,0.0,D,2,2,0,1,1,1,0,1,80,child
202100017757,31,8,2021,0 days 12:35:00,1,24,24405,1,1,1,2,D32,"44,9127450000","0,6677840000",1,1,1,1975.0,1,1,-1,-1,C01,1,0,2,4,2,5,3,32,0.0,D,2,2,0,1,1,1,0,1,80,adult
202100017757,31,8,2021,0 days 12:35:00,1,24,24405,1,1,1,2,D32,"44,9127450000","0,6677840000",1,4,1,2000.0,5,2,-1,-1,C01,1,0,2,4,2,5,3,32,0.0,D,2,2,0,1,1,1,0,1,80,adult
202100017788,20,9,2021,0 days 13:15:00,1,974,97416,2,1,1,2,CHARITE (RUE DE LA)," -21,3332900000","55,4752600000",1,1,2,1955.0,9,1,8,-1,B01,1,0,2,6,1,5,4,CHARITE (RUE DE LA),0.0,,1,1,0,1,1,1,0,1,50,child
202100017788,20,9,2021,0 days 13:15:00,1,974,97416,2,1,1,2,CHARITE (RUE DE LA)," -21,3332900000","55,4752600000",1,4,2,2006.0,0,8,8,-1,B01,1,0,2,6,1,5,4,CHARITE (RUE DE LA),0.0,,1,1,0,1,1,1,0,1,50,adult
202100017834,16,9,2021,0 days 15:20:00,1,58,58194,2,1,1,6,JONCTION (QUAI),"46,9786000000","3,1661600000",1,3,1,1937.0,5,2,0,-1,B01,3,0,2,1,1,5,4,JONCTION (QUAI),0.0,,2,2,0,1,1,1,0,1,50,child
202100017834,16,9,2021,0 days 15:20:00,1,58,58194,2,1,1,6,JONCTION (QUAI),"46,9786000000","3,1661600000",1,1,2,1991.0,1,1,0,-1,B01,3,0,2,1,1,5,4,JONCTION (QUAI),0.0,,2,2,0,1,1,1,0,1,50,adult
202100017878,20,9,2021,0 days 13:45:00,1,75,75113,2,3,8,6,BOULEVARD VINCENT AURIOL,"48,8345736359","2,3673703775",3,4,2,1975.0,1,0,-1,-1,A01,2,0,1,1,1,5,4,BOULEVARD VINCENT AURIOL,0.0,,3,3,1,1,1,1,0,5,30,child
202100017878,20,9,2021,0 days 13:45:00,1,75,75113,2,3,8,6,BOULEVARD VINCENT AURIOL,"48,8345736359","2,3673703775",1,1,2,1996.0,2,2,0,-1,A01,2,0,1,1,1,5,4,BOULEVARD VINCENT AURIOL,0.0,,3,3,1,1,1,1,0,5,30,adult
202100017895,20,9,2021,0 days 09:10:00,1,92,92040,2,3,8,5,GENERAL LECLERC,"48,8264204396","2,2784598815",1,1,1,1968.0,0,8,0,-1,B01,1,0,2,3,15,5,3,989,0.0,,1,1,0,1,1,2,0,1,30,child
202100017895,20,9,2021,0 days 09:10:00,1,92,92040,2,3,8,5,GENERAL LECLERC,"48,8264204396","2,2784598815",1,4,1,1984.0,0,2,8,-1,B01,1,0,2,3,15,5,3,989,0.0,,1,1,0,1,1,2,0,1,30,adult
202100017895,20,9,2021,0 days 09:10:00,1,92,92040,2,3,8,5,GENERAL LECLERC,"48,8264204396","2,2784598815",1,1,1,1997.0,0,8,0,-1,B01,1,0,2,3,15,5,3,989,0.0,,1,1,0,1,1,2,0,1,30,adult
202100017939,16,9,2021,0 days 10:50:00,1,37,37139,2,2,1,1,Avenue Louis-Charles d Albert Duc de Luynes,"47,3901996306","0,5469410894",1,1,2,1950.0,3,1,-1,-1,A01,2,0,2,1,19,5,7,49,0.0,,2,2,0,2,1,1,0,1,30,child
202100017939,16,9,2021,0 days 10:50:00,1,37,37139,2,2,1,1,Avenue Louis-Charles d Albert Duc de Luynes,"47,3901996306","0,5469410894",1,3,1,2008.0,2,0,-1,-1,A01,2,0,2,1,19,5,7,49,0.0,,2,2,0,2,1,1,0,1,30,adult
202100017940,21,9,2021,0 days 15:45:00,1,973,97307,2,3,1,3,Carrefour Rue du Foulard et Rue Quadrille des Lanciers,"4,8813646562"," -52,3446563333",1,1,1,1968.0,1,8,-1,-1,A01,3,0,2,1,1,5,4,,0.0,,2,2,0,2,1,1,0,1,50,child
202100017940,21,9,2021,0 days 15:45:00,1,973,97307,2,3,1,3,Carrefour Rue du Foulard et Rue Quadrille des Lanciers,"4,8813646562"," -52,3446563333",1,3,1,2003.0,5,0,-1,-1,A01,3,0,2,1,1,5,4,,0.0,,2,2,0,2,1,1,0,1,50,adult
202100017976,31,5,2021,0 days 17:15:00,1,38,38563,2,3,1,3,Avenue du 8 Mai 1945,"45,3754200000","5,5807800000",1,1,1,1970.0,2,1,0,-1,B01,3,0,2,1,19,6,3,HUIT-MAI 1945 (AVENUE DU),0.0,,-1,2,0,2,1,1,0,1,50,child
202100017976,31,5,2021,0 days 17:15:00,1,38,38563,2,3,1,3,Avenue du 8 Mai 1945,"45,3754200000","5,5807800000",1,4,1,2008.0,5,8,0,-1,B01,3,0,2,1,19,6,3,HUIT-MAI 1945 (AVENUE DU),0.0,,-1,2,0,2,1,1,0,1,50,adult
202100017999,19,9,2021,0 days 19:45:00,1,60,60057,2,1,1,6,Rue Gambetta,"49,4330432787","2,0847279131",3,4,1,1952.0,3,0,-1,-1,A01,1,0,1,1,1,5,4,GAMBETTA (RUE),0.0,,-1,0,0,1,1,1,6,4,30,child
202100017999,19,9,2021,0 days 19:45:00,1,60,60057,2,1,1,6,Rue Gambetta,"49,4330432787","2,0847279131",1,1,1,1998.0,5,8,0,-1,A01,1,0,1,1,1,5,4,GAMBETTA (RUE),0.0,,-1,0,0,1,1,1,6,4,30,adult
202100018028,19,9,2021,0 days 12:35:00,1,75,75111,2,2,1,6,BOULEVARD VOLTAIRE,"48,8652000000","2,3676810000",3,4,2,1944.0,5,0,-1,-1,A01,1,0,1,1,1,5,4,BOULEVARD VOLTAIRE,0.0,,2,4,1,1,1,1,0,5,30,child
202100018028,19,9,2021,0 days 12:35:00,1,75,75111,2,2,1,6,BOULEVARD VOLTAIRE,"48,8652000000","2,3676810000",1,4,1,1974.0,9,2,0,-1,A01,1,0,1,1,1,5,4,BOULEVARD VOLTAIRE,0.0,,2,4,1,1,1,1,0,5,30,adult
202100018075,11,9,2021,0 days 11:30:00,1,13,13081,1,9,1,3,N Rd 113 Les levades,"43,4948060000","5,2167890000",1,3,1,1962.0,5,2,-1,-1,B01,3,0,2,2,12,5,7,113,-1.0,,2,4,0,1,1,1,3,1,90,child
202100018075,11,9,2021,0 days 11:30:00,1,13,13081,1,9,1,3,N Rd 113 Les levades,"43,4948060000","5,2167890000",1,1,2,2001.0,0,1,-1,-1,B01,3,0,2,2,12,5,7,113,-1.0,,2,4,0,1,1,1,3,1,90,adult
202100018118,14,9,2021,0 days 17:00:00,1,69,69286,2,1,1,6,LATTRE DE TASSIGNY (DE) (BD),"45,8136400000","4,9046300000",1,1,1,1971.0,5,1,-1,-1,B01,3,0,2,7,19,5,4,DE LATTRE DE TASSIGNY      (BD),0.0,,1,1,0,1,1,1,0,1,50,child
202100018118,14,9,2021,0 days 17:00:00,1,69,69286,2,1,1,6,LATTRE DE TASSIGNY (DE) (BD),"45,8136400000","4,9046300000",1,4,1,2010.0,5,8,-1,-1,B01,3,0,2,7,19,5,4,DE LATTRE DE TASSIGNY      (BD),0.0,,1,1,0,1,1,1,0,1,50,adult
202100018170,18,9,2021,0 days 16:25:00,1,75,75120,2,1,1,6,COURS DE VINCENNES,"48,8482520000","2,4008000000",3,4,2,1940.0,5,0,-1,-1,A01,2,1,1,1,1,5,4,COURS DE VINCENNES,0.0,,1,1,0,1,1,1,0,1,30,child
202100018170,18,9,2021,0 days 16:25:00,1,75,75120,2,1,1,6,COURS DE VINCENNES,"48,8482520000","2,4008000000",1,1,1,1963.0,9,2,0,-1,A01,2,1,1,1,1,5,4,COURS DE VINCENNES,0.0,,1,1,0,1,1,1,0,1,30,adult
202100018259,19,9,2021,0 days 14:40:00,1,06,06018,2,9,1,3,14 Chemin Neuf,"43,6266750000","7,0955030000",1,3,1,1971.0,5,2,-1,-1,B01,2,0,2,1,1,5,3,4,-1.0,D,2,2,0,2,2,1,0,1,30,child
202100018259,19,9,2021,0 days 14:40:00,1,06,06018,2,9,1,3,14 Chemin Neuf,"43,6266750000","7,0955030000",1,1,1,1993.0,5,1,-1,-1,B01,2,0,2,1,1,5,3,4,-1.0,D,2,2,0,2,2,1,0,1,30,adult
202100018297,17,9,2021,0 days 18:05:00,1,69,69386,2,2,1,3,JULES FAVRE (BD),"45,7662200000","4,8591700000",1,1,1,1957.0,9,1,-1,-1,B01,2,0,2,8,1,0,4,JULES FAVRE                         (BD),0.0,,2,4,3,1,1,1,0,5,50,child
202100018297,17,9,2021,0 days 18:05:00,1,69,69386,2,2,1,3,JULES FAVRE (BD),"45,7662200000","4,8591700000",1,4,1,1990.0,5,8,-1,-1,B01,2,0,2,8,1,0,4,JULES FAVRE                         (BD),0.0,,2,4,3,1,1,1,0,5,50,adult
202100018298,17,9,2021,0 days 11:15:00,1,69,69383,2,2,1,3,GUILLOTIERE (DE LA) (PT),"45,7562808854","4,8402830539",1,1,1,1953.0,5,8,-1,-1,A01,3,0,9,4,21,5,4,GUILLOTIERE (DE LA)                 (PT),0.0,,3,5,2,1,1,1,2,1,50,child
202100018298,17,9,2021,0 days 11:15:00,1,69,69383,2,2,1,3,GUILLOTIERE (DE LA) (PT),"45,7562808854","4,8402830539",1,4,2,1995.0,1,8,-1,-1,A01,3,0,9,4,21,5,4,GUILLOTIERE (DE LA)                 (PT),0.0,,3,5,2,1,1,1,2,1,50,adult
202100018340,15,9,2021,0 days 17:10:00,1,56,56121,2,1,1,3,THOREZ (RUE  MAURICE ),"47,7399800000"," -3,3935400000",1,1,1,1992.0,5,8,8,-1,A01,1,0,2,1,25,5,4,THOREZ (RUE  MAURICE ),0.0,,-1,0,0,1,1,1,0,4,30,child
202100018340,15,9,2021,0 days 17:10:00,1,56,56121,2,1,1,3,THOREZ (RUE  MAURICE ),"47,7399800000"," -3,3935400000",1,4,1,2014.0,5,2,8,-1,A01,1,0,2,1,25,5,4,THOREZ (RUE  MAURICE ),0.0,,-1,0,0,1,1,1,0,4,30,adult
202100018341,15,9,2021,0 days 16:40:00,1,56,56121,2,6,1,3,PAYS DE GALLES (ROND-POINT DU),"47,7413200000"," -3,3731900000",1,1,2,1944.0,5,1,8,-1,B01,2,0,2,2,5,5,4,PAYS DE GALLES (ROND-POINT DU),0.0,,1,1,0,1,2,1,5,1,30,child
202100018341,15,9,2021,0 days 16:40:00,1,56,56121,2,6,1,3,PAYS DE GALLES (ROND-POINT DU),"47,7413200000"," -3,3731900000",1,4,1,1987.0,5,2,0,-1,B01,2,0,2,2,5,5,4,PAYS DE GALLES (ROND-POINT DU),0.0,,1,1,0,1,2,1,5,1,30,adult
202100018369,4,9,2021,0 days 13:20:00,1,28,28085,2,3,1,2,BRIAND (RUE ARISTIDE),"48,4466000000","1,5210300000",1,4,1,1949.0,5,8,0,-1,B01,1,0,2,1,1,5,4,BRIAND (RUE ARISTIDE),0.0,,2,2,0,1,1,1,0,1,30,child
202100018369,4,9,2021,0 days 13:20:00,1,28,28085,2,3,1,2,BRIAND (RUE ARISTIDE),"48,4466000000","1,5210300000",1,1,2,1989.0,3,1,0,-1,B01,1,0,2,1,1,5,4,BRIAND (RUE ARISTIDE),0.0,,2,2,0,1,1,1,0,1,30,adult
202100018372,17,9,2021,0 days 17:35:00,1,25,25462,2,3,1,3,Rue de la Libération,"46,9179000000","6,3435600000",1,4,1,1934.0,5,8,0,-1,B01,1,0,2,0,2,5,4,,0.0,,1,2,0,1,1,1,0,1,50,child
202100018372,17,9,2021,0 days 17:35:00,1,25,25462,2,3,1,3,Rue de la Libération,"46,9179000000","6,3435600000",1,1,2,2001.0,5,1,0,-1,B01,1,0,2,0,2,5,4,,0.0,,1,2,0,1,1,1,0,1,50,adult
202100018397,17,9,2021,0 days 20:45:00,5,75,75119,2,4,1,1,RUE D HAUTPOUL,"48,8831040000","2,3880620000",1,1,1,1959.0,9,2,6,-1,B01,1,0,2,1,5,5,4,RUE D HAUTPOUL,0.0,,1,1,0,2,1,1,0,1,30,child
202100018397,17,9,2021,0 days 20:45:00,5,75,75119,2,4,1,1,RUE D HAUTPOUL,"48,8831040000","2,3880620000",1,4,1,1989.0,9,8,0,-1,B01,1,0,2,1,5,5,4,RUE D HAUTPOUL,0.0,,1,1,0,2,1,1,0,1,30,adult
202100018399,17,9,2021,0 days 20:30:00,5,75,75117,2,3,1,3,AVENUE DE CLICHY,"48,8845370000","2,3269830000",1,1,1,1960.0,5,1,0,-1,B01,1,0,0,5,1,5,4,AVENUE DE CLICHY,0.0,,2,2,1,1,1,1,0,5,30,child
202100018399,17,9,2021,0 days 20:30:00,5,75,75117,2,3,1,3,AVENUE DE CLICHY,"48,8845370000","2,3269830000",1,4,1,1995.0,5,8,0,-1,B01,1,0,0,5,1,5,4,AVENUE DE CLICHY,0.0,,2,2,1,1,1,1,0,5,30,adult
202100018442,14,9,2021,0 days 09:00:00,1,92,92025,2,1,2,1,COLBERT  55 A 113   42 A 102 (RUE),"48,9130550000","2,2354290000",1,1,1,1969.0,1,1,0,-1,B01,1,0,2,7,1,5,4,,0.0,,1,3,1,1,1,2,0,5,50,child
202100018442,14,9,2021,0 days 09:00:00,1,92,92025,2,1,2,1,COLBERT  55 A 113   42 A 102 (RUE),"48,9130550000","2,2354290000",1,4,2,1991.0,0,8,0,-1,B01,1,0,2,7,1,5,4,,0.0,,1,3,1,1,1,2,0,5,50,adult
202100018454,16,9,2021,0 days 11:30:00,1,56,56091,2,1,1,3,ZI de la Rochette,"47,9553290000"," -2,5664450000",1,3,1,1946.0,5,2,-1,-1,B01,2,0,2,8,2,5,3,764,-1.0,,2,2,0,1,1,1,0,1,-1,child
202100018454,16,9,2021,0 days 11:30:00,1,56,56091,2,1,1,3,ZI de la Rochette,"47,9553290000"," -2,5664450000",1,1,1,1983.0,4,1,-1,-1,B01,2,0,2,8,2,5,3,764,-1.0,,2,2,0,1,1,1,0,1,-1,adult
202100018523,16,9,2021,0 days 18:15:00,1,69,69387,2,2,2,3,SEBASTIEN GRYPHE (R),"45,7480000000","4,8390100000",1,1,2,1943.0,0,8,-1,-1,B01,3,0,2,8,19,6,4,SEBASTIEN GRYPHE                    (R ),0.0,,1,1,2,1,1,2,0,1,30,child
202100018523,16,9,2021,0 days 18:15:00,1,69,69387,2,2,2,3,SEBASTIEN GRYPHE (R),"45,7480000000","4,8390100000",1,4,1,1989.0,1,2,-1,-1,B01,3,0,2,8,19,6,4,SEBASTIEN GRYPHE                    (R ),0.0,,1,1,2,1,1,2,0,1,30,adult
202100018536,15,9,2021,0 days 15:40:00,1,78,78358,2,2,1,3,JEAN JACQUES ROUSSEAU (AVENUE),"48,9534700000","2,1506830000",1,3,1,1962.0,0,2,0,-1,B01,1,0,2,7,1,5,4,JEAN JACQUES ROUSSEAU (AVENUE),0.0,,1,1,0,1,1,1,0,1,50,child
202100018536,15,9,2021,0 days 15:40:00,1,78,78358,2,2,1,3,JEAN JACQUES ROUSSEAU (AVENUE),"48,9534700000","2,1506830000",2,1,1,2000.0,5,1,0,-1,B01,1,0,2,7,1,5,4,JEAN JACQUES ROUSSEAU (AVENUE),0.0,,1,1,0,1,1,1,0,1,50,adult
202100018548,31,8,2021,0 days 15:20:00,1,69,69096,2,2,1,3,19 MARS 1962 (DU) (AV),"45,6044580228","4,7826039791",1,4,1,1951.0,5,2,-1,-1,B01,2,0,2,6,1,5,7,MARS 1962 (AVENUE DU 19),0.0,,3,4,0,1,1,1,0,1,50,child
202100018548,31,8,2021,0 days 15:20:00,1,69,69096,2,2,1,3,19 MARS 1962 (DU) (AV),"45,6044580228","4,7826039791",1,1,1,1982.0,4,8,-1,-1,B01,2,0,2,6,1,5,7,MARS 1962 (AVENUE DU 19),0.0,,3,4,0,1,1,1,0,1,50,adult
202100018576,15,9,2021,0 days 08:50:00,1,37,37261,2,1,1,6,PAILHOU (PLACE GASTON),"47,3926382075","0,6805434536",1,4,2,1937.0,5,2,0,-1,B01,2,0,2,8,2,5,4,PAILHOU (PLACE GASTON),0.0,,1,1,0,1,3,1,0,1,50,child
202100018576,15,9,2021,0 days 08:50:00,1,37,37261,2,1,1,6,PAILHOU (PLACE GASTON),"47,3926382075","0,6805434536",1,1,1,1984.0,2,1,0,-1,B01,2,0,2,8,2,5,4,PAILHOU (PLACE GASTON),0.0,,1,1,0,1,3,1,0,1,50,adult
202100018619,16,9,2021,0 days 16:30:00,1,94,94054,2,2,1,3,VICTOIRE (AV DE LA),"48,7447800000","2,3931600000",1,4,1,1961.0,5,8,0,-1,B01,3,14,2,1,1,5,3,VICTOIRE (AV DE LA),0.0,,-1,2,0,2,1,1,0,1,50,child
202100018619,16,9,2021,0 days 16:30:00,1,94,94054,2,2,1,3,VICTOIRE (AV DE LA),"48,7447800000","2,3931600000",1,1,2,1983.0,1,1,0,-1,B01,3,14,2,1,1,5,3,VICTOIRE (AV DE LA),0.0,,-1,2,0,2,1,1,0,1,50,adult
202100018632,15,8,2021,0 days 17:20:00,1,974,97415,1,1,1,1,Chemin Piton Leon," -21,0703890000","55,2866350000",1,1,1,1961.0,5,2,-1,-1,A01,3,0,2,2,13,5,4,1,0.0,,2,1,0,2,1,1,0,1,70,child
202100018632,15,8,2021,0 days 17:20:00,1,974,97415,1,1,1,1,Chemin Piton Leon," -21,0703890000","55,2866350000",1,3,1,1991.0,5,0,-1,-1,A01,3,0,2,2,13,5,4,1,0.0,,2,1,0,2,1,1,0,1,70,adult
202100018685,14,9,2021,0 days 06:50:00,5,33,33056,2,9,1,3,Avenue du Général de Gaulle,"44,9271010000"," -0,6349620000",1,3,1,1971.0,0,2,-1,-1,B01,1,0,2,8,19,5,4,,0.0,,2,2,1,1,1,1,0,1,50,child
202100018685,14,9,2021,0 days 06:50:00,5,33,33056,2,9,1,3,Avenue du Général de Gaulle,"44,9271010000"," -0,6349620000",1,1,2,1997.0,1,1,-1,-1,B01,1,0,2,8,19,5,4,,0.0,,2,2,1,1,1,1,0,1,50,adult
202100018718,24,8,2021,0 days 15:00:00,1,34,34003,2,1,1,3,Route de Rochelongue,"43,2787100000","3,4811900000",1,3,1,1947.0,5,0,-1,-1,B01,3,0,2,8,19,5,4,ROCHELONGUE (H7 A L6,0.0,,2,1,1,1,1,1,0,1,50,child
202100018718,24,8,2021,0 days 15:00:00,1,34,34003,2,1,1,3,Route de Rochelongue,"43,2787100000","3,4811900000",1,1,1,1981.0,1,1,8,-1,B01,3,0,2,8,19,5,4,ROCHELONGUE (H7 A L6,0.0,,2,1,1,1,1,1,0,1,50,adult
202100018729,15,9,2021,0 days 12:50:00,1,974,97411,2,2,1,3,GUYON (FELIX)," -20,8806800000","55,4523000000",2,1,2,1955.0,1,8,0,-1,A01,0,0,2,3,26,5,4,GUYON (FELIX),0.0,,2,0,0,1,1,1,0,1,30,child
202100018729,15,9,2021,0 days 12:50:00,1,974,97411,2,2,1,3,GUYON (FELIX)," -20,8806800000","55,4523000000",1,1,1,1965.0,4,1,0,-1,A01,0,0,2,3,26,5,4,GUYON (FELIX),0.0,,2,0,0,1,1,1,0,1,30,adult
202100018729,15,9,2021,0 days 12:50:00,1,974,97411,2,2,1,3,GUYON (FELIX)," -20,8806800000","55,4523000000",2,1,2,1967.0,1,8,0,-1,A01,0,0,2,3,26,5,4,GUYON (FELIX),0.0,,2,0,0,1,1,1,0,1,30,adult
202100018729,15,9,2021,0 days 12:50:00,1,974,97411,2,2,1,3,GUYON (FELIX)," -20,8806800000","55,4523000000",1,4,1,1969.0,1,8,0,-1,A01,0,0,2,3,26,5,4,GUYON (FELIX),0.0,,2,0,0,1,1,1,0,1,30,adult
202100018729,15,9,2021,0 days 12:50:00,1,974,97411,2,2,1,3,GUYON (FELIX)," -20,8806800000","55,4523000000",2,1,2,2012.0,1,8,0,-1,A01,0,0,2,3,26,5,4,GUYON (FELIX),0.0,,2,0,0,1,1,1,0,1,30,adult
202100018736,14,9,2021,0 days 19:30:00,2,89,89387,2,3,2,2,PONT NEUF (BOULEVARD DU),"48,2033000000","3,2682000000",1,3,1,1963.0,5,2,8,-1,B01,1,0,2,8,1,0,3,,0.0,,2,3,0,1,1,2,5,1,50,child