Num_Acc,jour,mois,an,hrmn,lum,dep,com,agg,int,atm,col,adr,lat,long,catu,grav,sexe,an_nais,trajet,secu1,secu2,secu3,num_veh_y,senc,obs,obsm,choc,manv,motor,catr,voie,v1,v2,circ,nbv,vosp,prof,plan,surf,infra,situ,vma,age
202100018736,14,9,2021,0 days 19:30:00,2,89,89387,2,3,2,2,PONT NEUF (BOULEVARD DU),"48,2033000000","3,2682000000",1,1,2,1996.0,1,1,8,-1,B01,1,0,2,8,1,0,3,,0.0,,2,3,0,1,1,2,5,1,50,adult
202100018751,11,9,2021,0 days 13:20:00,1,69,69091,2,1,1,1,SUEL (DU) (R),"45,5821530627","4,7718746717",1,1,1,1973.0,5,1,-1,-1,A01,3,0,2,1,26,0,4,SUEL (DU) ( R ),0.0,,2,2,0,2,1,1,0,1,50,child
202100018751,11,9,2021,0 days 13:20:00,1,69,69091,2,1,1,1,SUEL (DU) (R),"45,5821530627","4,7718746717",1,4,1,2013.0,5,8,-1,-1,A01,3,0,2,1,26,0,4,SUEL (DU) ( R ),0.0,,2,2,0,2,1,1,0,1,50,adult
202100018761,15,9,2021,0 days 07:05:00,2,45,45234,2,2,1,3,Boulevard Guy - Marie Riobe,"47,9128800000","1,9124200000",1,1,1,1961.0,1,1,0,-1,B01,3,0,2,8,1,0,4,RIOBE (BOULEVARD GUY MARIE),0.0,,2,2,0,1,1,2,5,1,50,child
202100018761,15,9,2021,0 days 07:05:00,2,45,45234,2,2,1,3,Boulevard Guy - Marie Riobe,"47,9128800000","1,9124200000",1,4,1,1987.0,1,0,0,-1,B01,3,0,2,8,1,0,4,RIOBE (BOULEVARD GUY MARIE),0.0,,2,2,0,1,1,2,5,1,50,adult
202100018767,14,9,2021,0 days 17:25:00,1,37,37208,2,1,2,6,PIERRES PLATES (RUE DES),"47,3568008070","0,7348491758",3,4,2,1937.0,5,0,-1,-1,A01,2,0,1,1,14,5,4,PIERRES PLATES (RUE DES),0.0,,2,2,1,1,1,2,0,5,50,child
202100018767,14,9,2021,0 days 17:25:00,1,37,37208,2,1,2,6,PIERRES PLATES (RUE DES),"47,3568008070","0,7348491758",1,1,1,1997.0,5,8,0,-1,A01,2,0,1,1,14,5,4,PIERRES PLATES (RUE DES),0.0,,2,2,1,1,1,2,0,5,50,adult
202100018776,15,9,2021,0 days 13:10:00,1,33,33529,1,9,1,3,RD 1250 (Camicas - Sortie Dune),"44,6466200000"," -1,1583300000",1,1,1,1951.0,0,1,-1,-1,B01,1,0,2,2,26,0,3,RD 1250 (Camicas - Sortie Dune),0.0,,2,1,0,1,1,1,0,1,50,child
202100018776,15,9,2021,0 days 13:10:00,1,33,33529,1,9,1,3,RD 1250 (Camicas - Sortie Dune),"44,6466200000"," -1,1583300000",1,4,2,2005.0,0,2,-1,-1,B01,1,0,2,2,26,0,3,RD 1250 (Camicas - Sortie Dune),0.0,,2,1,0,1,1,1,0,1,50,adult
202100018810,15,9,2021,0 days 19:40:00,1,94,94018,2,1,1,2,Rue de Paris,"48,8293200000","2,4015200000",1,4,1,1963.0,1,0,0,-1,A01,2,0,2,1,1,5,3,PARIS (R DE),0.0,,2,4,0,1,1,1,2,1,50,child
202100018810,15,9,2021,0 days 19:40:00,1,94,94018,2,1,1,2,Rue de Paris,"48,8293200000","2,4015200000",1,1,1,1989.0,5,1,0,-1,A01,2,0,2,1,1,5,3,PARIS (R DE),0.0,,2,4,0,1,1,1,2,1,50,adult
202100018843,2,8,2021,0 days 11:25:00,1,49,49218,2,1,1,3,Rue de la Mairie (le Fuilet),"47,2810790000"," -1,1189520000",1,4,1,1952.0,5,2,-1,-1,B01,0,0,2,1,1,5,3,17,0.0,D,2,2,0,2,1,1,0,1,50,child
202100018843,2,8,2021,0 days 11:25:00,1,49,49218,2,1,1,3,Rue de la Mairie (le Fuilet),"47,2810790000"," -1,1189520000",1,1,1,1973.0,3,1,-1,-1,B01,0,0,2,1,1,5,3,17,0.0,D,2,2,0,2,1,1,0,1,50,adult
202100018844,16,9,2021,0 days 18:20:00,1,68,68290,2,1,1,1,Rue des Primevères,"47,9441010000","7,4560960000",1,1,1,1967.0,4,8,-1,-1,B01,0,0,2,1,15,5,4,,-1.0,,2,1,0,1,1,1,0,1,-1,child
202100018844,16,9,2021,0 days 18:20:00,1,68,68290,2,1,1,1,Rue des Primevères,"47,9441010000","7,4560960000",1,3,1,2014.0,5,2,-1,-1,B01,0,0,2,1,15,5,4,,-1.0,,2,1,0,1,1,1,0,1,-1,adult
202100018862,11,9,2021,0 days 15:15:00,1,35,35353,2,1,1,3,32 Rue de Montfort,"48,1188222508"," -1,7597611848",1,3,1,1966.0,5,2,9,-1,B01,1,0,2,7,17,5,4,125,0.0,,2,2,0,1,1,1,0,1,50,child
202100018862,11,9,2021,0 days 15:15:00,1,35,35353,2,1,1,3,32 Rue de Montfort,"48,1188222508"," -1,7597611848",1,1,2,1999.0,3,1,-1,-1,B01,1,0,2,7,17,5,4,125,0.0,,2,2,0,1,1,1,0,1,50,adult
202100018871,12,9,2021,0 days 18:40:00,1,83,83101,1,1,1,7,D93,"43,2204310000","6,6483910000",1,3,1,1954.0,3,0,-1,-1,B01,1,13,0,0,2,5,3,93,0.0,,2,2,1,2,1,1,0,5,80,child
202100018871,12,9,2021,0 days 18:40:00,1,83,83101,1,1,1,7,D93,"43,2204310000","6,6483910000",1,1,1,1977.0,5,1,-1,-1,B01,1,13,0,0,2,5,3,93,0.0,,2,2,1,2,1,1,0,5,80,adult
202100018880,12,9,2021,0 days 10:45:00,1,59,59558,2,3,1,1,D955,"50,2407854627","3,4422455431",1,1,1,1964.0,0,1,-1,-1,B01,2,0,2,1,1,5,3,D955,0.0,,2,2,0,1,2,1,0,1,50,child
202100018880,12,9,2021,0 days 10:45:00,1,59,59558,2,3,1,1,D955,"50,2407854627","3,4422455431",1,3,1,1985.0,5,2,-1,-1,B01,2,0,2,1,1,5,3,D955,0.0,,2,2,0,1,2,1,0,1,50,adult
202100018927,8,9,2021,0 days 18:45:00,1,68,68066,2,2,1,3,BRUAT (RUE),"48,0749400000","7,3508400000",1,1,1,1936.0,5,1,0,-1,B01,1,0,2,7,19,5,3,,-1.0,,2,-1,-1,1,1,1,0,1,-1,child
202100018927,8,9,2021,0 days 18:45:00,1,68,68066,2,2,1,3,BRUAT (RUE),"48,0749400000","7,3508400000",1,4,1,2006.0,2,2,0,-1,B01,1,0,2,7,19,5,3,,-1.0,,2,-1,-1,1,1,1,0,1,-1,adult
202100018928,13,9,2021,0 days 17:45:00,1,67,67482,2,1,1,1,WALLONIE (RUE DE),"48,5825120389","7,7744190395",1,1,1,1965.0,5,1,8,-1,B01,2,0,2,2,1,5,4,WALLONIE (RUE DE),0.0,,1,1,0,1,2,1,0,1,50,child
202100018928,13,9,2021,0 days 17:45:00,1,67,67482,2,1,1,1,WALLONIE (RUE DE),"48,5825120389","7,7744190395",1,4,1,2017.0,5,2,8,-1,B01,2,0,2,2,1,5,4,WALLONIE (RUE DE),0.0,,1,1,0,1,2,1,0,1,50,adult
202100018930,13,9,2021,0 days 15:10:00,1,67,67482,2,1,1,3,MONTAGNE VERTE (RUE DE LA),"48,5697040000","7,7335400000",1,4,1,1968.0,0,8,0,-1,B01,2,0,2,0,19,5,4,,0.0,,2,3,1,1,1,1,0,1,50,child
202100018930,13,9,2021,0 days 15:10:00,1,67,67482,2,1,1,3,MONTAGNE VERTE (RUE DE LA),"48,5697040000","7,7335400000",1,3,2,2000.0,5,8,0,-1,B01,2,0,2,0,19,5,4,,0.0,,2,3,1,1,1,1,0,1,50,adult
202100018937,14,9,2021,0 days 07:00:00,5,63,63113,2,4,1,3,MOINIER / St-Hérem,"45,7803900000","3,0836700000",1,1,1,1949.0,0,1,0,-1,B01,2,0,2,4,2,5,4,MOINIER (RUE ANDRE),0.0,,2,2,1,1,1,1,0,1,50,child
202100018937,14,9,2021,0 days 07:00:00,5,63,63113,2,4,1,3,MOINIER / St-Hérem,"45,7803900000","3,0836700000",1,4,2,1998.0,0,2,0,-1,B01,2,0,2,4,2,5,4,MOINIER (RUE ANDRE),0.0,,2,2,1,1,1,1,0,1,50,adult
202100018939,10,9,2021,0 days 17:16:00,1,63,63113,2,2,1,3,DE GAULLE/ Mitterrand,"45,7716295903","3,0832176589",1,1,1,1940.0,0,1,0,-1,B01,1,0,2,8,19,5,4,DE GAULLE (BD CHARLES),0.0,,3,2,0,1,1,1,0,1,50,child
202100018939,10,9,2021,0 days 17:16:00,1,63,63113,2,2,1,3,DE GAULLE/ Mitterrand,"45,7716295903","3,0832176589",1,4,2,1999.0,0,2,0,-1,B01,1,0,2,8,19,5,4,DE GAULLE (BD CHARLES),0.0,,3,2,0,1,1,1,0,1,50,adult
202100018956,14,9,2021,0 days 16:35:00,1,35,35238,2,2,1,4,FOUGERES (RUE DE),"48,1218300000"," -1,6627300000",1,1,2,1937.0,0,1,8,-1,B01,3,0,2,4,2,5,4,FOUGERES (RUE DE),0.0,,2,2,0,1,1,1,0,1,50,child
202100018956,14,9,2021,0 days 16:35:00,1,35,35238,2,2,1,4,FOUGERES (RUE DE),"48,1218300000"," -1,6627300000",1,1,1,1989.0,0,1,0,-1,B01,3,0,2,4,2,5,4,FOUGERES (RUE DE),0.0,,2,2,0,1,1,1,0,1,50,adult
202100018956,14,9,2021,0 days 16:35:00,1,35,35238,2,2,1,4,FOUGERES (RUE DE),"48,1218300000"," -1,6627300000",1,4,1,2002.0,0,2,0,-1,B01,3,0,2,4,2,5,4,FOUGERES (RUE DE),0.0,,2,2,0,1,1,1,0,1,50,adult
202100018979,14,9,2021,0 days 17:20:00,1,09,09122,2,9,1,3,RD 117,"42,9600510000","1,6158540000",1,1,2,1943.0,0,1,0,-1,B01,1,0,2,0,0,5,3,RD 117,0.0,,1,3,1,1,2,1,0,5,50,child
202100018979,14,9,2021,0 days 17:20:00,1,09,09122,2,9,1,3,RD 117,"42,9600510000","1,6158540000",1,4,2,1990.0,0,8,0,-1,B01,1,0,2,0,0,5,3,RD 117,0.0,,1,3,1,1,2,1,0,5,50,adult
202100018983,14,9,2021,0 days 14:20:00,1,75,75106,2,3,1,6,BOULEVARD DU MONTPARNASSE,"48,8441340000","2,3230370000",3,4,2,1948.0,5,0,-1,-1,A01,2,0,1,8,1,5,4,BOULEVARD DU MONTPARNASSE,0.0,,2,4,0,1,1,1,0,1,30,child
202100018983,14,9,2021,0 days 14:20:00,1,75,75106,2,3,1,6,BOULEVARD DU MONTPARNASSE,"48,8441340000","2,3230370000",1,1,1,1996.0,4,2,0,-1,A01,2,0,1,8,1,5,4,BOULEVARD DU MONTPARNASSE,0.0,,2,4,0,1,1,1,0,1,30,adult
202100019012,14,9,2021,0 days 12:20:00,1,75,75103,2,3,1,3,RUE DE TURBIGO,"48,8668750000","2,3620030000",1,4,2,1963.0,5,2,0,-1,B01,1,0,2,1,1,5,4,RUE DE TURBIGO,0.0,,1,2,1,1,1,1,0,5,30,child
202100019012,14,9,2021,0 days 12:20:00,1,75,75103,2,3,1,3,RUE DE TURBIGO,"48,8668750000","2,3620030000",1,1,1,1987.0,9,2,0,-1,B01,1,0,2,1,1,5,4,RUE DE TURBIGO,0.0,,1,2,1,1,1,1,0,5,30,adult
202100019023,14,9,2021,0 days 13:10:00,1,94,94022,2,1,1,3,Rue Henri Corvol,"48,7618800000","2,4222700000",1,1,1,1985.0,2,1,0,-1,B01,3,0,2,2,25,5,4,HENRI CORVOL (R),0.0,,2,2,0,1,1,2,0,4,50,child
202100019023,14,9,2021,0 days 13:10:00,1,94,94022,2,1,1,3,Rue Henri Corvol,"48,7618800000","2,4222700000",1,4,1,2018.0,2,2,0,-1,B01,3,0,2,2,25,5,4,HENRI CORVOL (R),0.0,,2,2,0,1,1,2,0,4,50,adult
202100019040,14,9,2021,0 days 15:45:00,1,42,42213,1,1,1,6,Route de Valorges,"45,9001780000","4,3137110000",1,2,1,1934.0,5,2,-1,-1,B01,1,0,2,4,14,5,3,49,-1.0,,2,2,0,2,1,1,0,1,80,child
202100019040,14,9,2021,0 days 15:45:00,1,42,42213,1,1,1,6,Route de Valorges,"45,9001780000","4,3137110000",1,1,1,1995.0,4,1,-1,-1,B01,1,0,2,4,14,5,3,49,-1.0,,2,2,0,2,1,1,0,1,80,adult
202100019059,15,9,2021,0 days 16:15:00,1,50,50236,1,2,1,3,Hameau au Quenault Montgar (Montgardon),"49,2650670000"," -1,5684380000",1,4,1,1949.0,5,2,-1,-1,A01,3,0,2,2,1,5,3,528,-1.0,,2,2,0,1,1,1,0,1,80,child
202100019059,15,9,2021,0 days 16:15:00,1,50,50236,1,2,1,3,Hameau au Quenault Montgar (Montgardon),"49,2650670000"," -1,5684380000",1,1,1,1981.0,9,1,-1,-1,A01,3,0,2,2,1,5,3,528,-1.0,,2,2,0,1,1,1,0,1,80,adult
202100019059,15,9,2021,0 days 16:15:00,1,50,50236,1,2,1,3,Hameau au Quenault Montgar (Montgardon),"49,2650670000"," -1,5684380000",2,1,1,2011.0,9,1,-1,-1,A01,3,0,2,2,1,5,3,528,-1.0,,2,2,0,1,1,1,0,1,80,adult
202100019071,14,9,2021,0 days 11:25:00,1,38,38486,2,1,1,2,10 Rue du Docteur Schweitzer,"45,1588650000","5,6963290000",1,4,1,1965.0,5,0,-1,-1,B01,3,0,2,1,1,5,7,,-1.0,,2,2,1,1,1,1,0,5,50,child
202100019071,14,9,2021,0 days 11:25:00,1,38,38486,2,1,1,2,10 Rue du Docteur Schweitzer,"45,1588650000","5,6963290000",1,1,1,1993.0,4,8,-1,-1,B01,3,0,2,1,1,5,7,,-1.0,,2,2,1,1,1,1,0,5,50,adult
202100019093,15,9,2021,0 days 10:55:00,1,29,29295,1,1,1,5,D74 - Lieu-Dit Menhir,"48,5150390000"," -4,2426320000",1,4,1,1943.0,5,2,4,6,C01,1,0,2,8,2,5,3,74,0.0,D,2,2,0,1,2,1,5,1,70,child
202100019093,15,9,2021,0 days 10:55:00,1,29,29295,1,1,1,5,D74 - Lieu-Dit Menhir,"48,5150390000"," -4,2426320000",1,1,2,1982.0,4,1,-1,-1,C01,1,0,2,8,2,5,3,74,0.0,D,2,2,0,1,2,1,5,1,70,adult
202100019093,15,9,2021,0 days 10:55:00,1,29,29295,1,1,1,5,D74 - Lieu-Dit Menhir,"48,5150390000"," -4,2426320000",1,1,2,1996.0,5,1,-1,-1,C01,1,0,2,8,2,5,3,74,0.0,D,2,2,0,1,2,1,5,1,70,adult
202100019129,13,9,2021,0 days 07:30:00,1,69,69266,2,2,1,6,PAUL VERLAINE (R),"45,7647700000","4,8804500000",3,4,1,1952.0,5,0,-1,-1,A01,0,0,1,1,1,5,4,PAUL VERLAINE       (Rue),0.0,,2,2,2,1,1,1,0,1,50,child
202100019129,13,9,2021,0 days 07:30:00,1,69,69266,2,2,1,6,PAUL VERLAINE (R),"45,7647700000","4,8804500000",1,1,1,2004.0,2,8,-1,-1,A01,0,0,1,1,1,5,4,PAUL VERLAINE       (Rue),0.0,,2,2,2,1,1,1,0,1,50,adult
202100019181,12,9,2021,0 days 01:48:00,5,33,33063,2,7,1,1,Place des Capucins,"44,8306000000"," -0,5670000000",1,3,1,1969.0,0,8,-1,-1,B01,1,0,2,1,16,5,4,PCE DES CAPUCINS,0.0,,-1,1,0,1,2,1,6,4,30,child
202100019181,12,9,2021,0 days 01:48:00,5,33,33063,2,7,1,1,Place des Capucins,"44,8306000000"," -0,5670000000",1,4,1,1996.0,5,8,-1,-1,B01,1,0,2,1,16,5,4,PCE DES CAPUCINS,0.0,,-1,1,0,1,2,1,6,4,30,adult
202100019200,13,9,2021,0 days 10:10:00,1,75,75119,2,2,1,3,BOULEVARD DE LA VILLETTE,"48,8843430000","2,3668810000",1,1,1,1959.0,4,1,0,-1,B01,1,0,2,1,1,5,4,BOULEVARD DE LA VILLETTE,0.0,,3,2,1,1,1,1,0,5,30,child
202100019200,13,9,2021,0 days 10:10:00,1,75,75119,2,2,1,3,BOULEVARD DE LA VILLETTE,"48,8843430000","2,3668810000",1,4,1,1990.0,1,2,0,-1,B01,1,0,2,1,1,5,4,BOULEVARD DE LA VILLETTE,0.0,,3,2,1,1,1,1,0,5,30,adult
202100019207,13,9,2021,0 days 09:00:00,1,75,75115,2,2,1,6,RUE DE VAUGIRARD,"48,8444410000","2,3177070000",3,4,2,1981.0,9,0,-1,-1,A01,2,0,1,8,1,5,4,RUE DE VAUGIRARD,0.0,,2,3,1,1,1,1,0,5,30,child
202100019207,13,9,2021,0 days 09:00:00,1,75,75115,2,2,1,6,RUE DE VAUGIRARD,"48,8444410000","2,3177070000",1,1,1,2002.0,2,2,0,-1,A01,2,0,1,8,1,5,4,RUE DE VAUGIRARD,0.0,,2,3,1,1,1,1,0,5,30,adult
202100019274,4,9,2021,0 days 19:00:00,2,87,87154,2,1,1,1,ZI du Pavillon,"45,9041500000","0,9315040000",1,3,1,1937.0,0,2,-1,-1,A01,2,0,2,0,0,6,3,941,0.0,D,2,2,0,1,1,1,0,1,80,child
202100019274,4,9,2021,0 days 19:00:00,2,87,87154,2,1,1,1,ZI du Pavillon,"45,9041500000","0,9315040000",1,1,1,1960.0,0,1,-1,-1,A01,2,0,2,0,0,6,3,941,0.0,D,2,2,0,1,1,1,0,1,80,adult
202100019324,12,9,2021,0 days 16:50:00,1,91,91161,2,2,1,6,AV PIERRE BROSSOLETTE,"48,6995800000","2,3160600000",1,1,1,1981.0,5,1,0,-1,B01,1,0,1,2,0,0,3,118,0.0,,2,2,0,1,1,1,0,8,50,child
202100019324,12,9,2021,0 days 16:50:00,1,91,91161,2,2,1,6,AV PIERRE BROSSOLETTE,"48,6995800000","2,3160600000",1,1,1,1992.0,5,1,0,-1,B01,1,0,1,2,0,0,3,118,0.0,,2,2,0,1,1,1,0,8,50,adult
202100019324,12,9,2021,0 days 16:50:00,1,91,91161,2,2,1,6,AV PIERRE BROSSOLETTE,"48,6995800000","2,3160600000",1,4,1,2007.0,5,8,8,-1,B01,1,0,1,2,0,0,3,118,0.0,,2,2,0,1,1,1,0,8,50,adult
202100019362,12,9,2021,0 days 10:20:00,1,06,06069,2,6,1,3,HALTE (ROND-POINT),"43,6414630000","6,9112820000",1,1,2,1938.0,5,1,0,-1,B01,3,0,2,7,26,0,3,HALTE (ROND-POINT),0.0,,1,1,0,2,1,1,0,1,50,child
202100019362,12,9,2021,0 days 10:20:00,1,06,06069,2,6,1,3,HALTE (ROND-POINT),"43,6414630000","6,9112820000",1,4,2,1977.0,5,2,0,-1,B01,3,0,2,7,26,0,3,HALTE (ROND-POINT),0.0,,1,1,0,2,1,1,0,1,50,adult
202100019363,12,9,2021,0 days 12:05:00,1,06,06069,2,6,1,3,SAINT DONAT (PLACE),"43,6316920000","6,9575850000",1,1,2,1947.0,5,1,0,-1,B01,0,0,2,1,1,5,3,PAOUTE (ROUTE ET TRAVERSE DE LA),0.0,,2,2,0,1,1,1,0,1,50,child
202100019363,12,9,2021,0 days 12:05:00,1,06,06069,2,6,1,3,SAINT DONAT (PLACE),"43,6316920000","6,9575850000",1,4,1,1978.0,5,2,0,-1,B01,0,0,2,1,1,5,3,PAOUTE (ROUTE ET TRAVERSE DE LA),0.0,,2,2,0,1,1,1,0,1,50,adult
202100019367,11,9,2021,0 days 12:50:00,1,75,75116,2,1,1,6,RUE RAFFET,"48,8519410000","2,2645450000",3,4,2,1960.0,5,0,-1,-1,A01,2,0,1,1,1,5,4,RUE RAFFET,0.0,,1,1,0,4,1,1,0,1,30,child
202100019367,11,9,2021,0 days 12:50:00,1,75,75116,2,1,1,6,RUE RAFFET,"48,8519410000","2,2645450000",1,1,1,1982.0,5,2,0,-1,A01,2,0,1,1,1,5,4,RUE RAFFET,0.0,,1,1,0,4,1,1,0,1,30,adult
202100019377,11,9,2021,0 days 21:52:00,5,94,94081,2,9,1,6,Avenue Anatole France,"48,8021700000","2,4031400000",2,1,1,1960.0,5,8,0,-1,B01,2,1,2,7,1,5,3,ANATOLE FRANCE (AV),0.0,,2,2,0,1,1,1,0,1,30,child
202100019377,11,9,2021,0 days 21:52:00,5,94,94081,2,9,1,6,Avenue Anatole France,"48,8021700000","2,4031400000",1,4,1,1989.0,9,0,0,-1,B01,2,1,2,7,1,5,3,ANATOLE FRANCE (AV),0.0,,2,2,0,1,1,1,0,1,30,adult
202100019377,11,9,2021,0 days 21:52:00,5,94,94081,2,9,1,6,Avenue Anatole France,"48,8021700000","2,4031400000",1,1,2,1992.0,5,1,0,-1,B01,2,1,2,7,1,5,3,ANATOLE FRANCE (AV),0.0,,2,2,0,1,1,1,0,1,30,adult
202100019436,13,9,2021,0 days 17:30:00,1,69,69249,1,9,1,3,RONTALON (DE) (RTE),"45,6728933360","4,6453928947",1,1,1,1942.0,3,8,-1,-1,B01,2,0,2,1,1,5,3,75,0.0,D,2,2,0,1,1,1,0,1,80,child
202100019436,13,9,2021,0 days 17:30:00,1,69,69249,1,9,1,3,RONTALON (DE) (RTE),"45,6728933360","4,6453928947",1,3,1,1978.0,5,2,-1,-1,B01,2,0,2,1,1,5,3,75,0.0,D,2,2,0,1,1,1,0,1,80,adult
202100019452,31,5,2021,0 days 17:45:00,1,38,38185,2,2,1,3,Boulevard Jean Pain,"45,1865000000","5,7348000000",1,4,1,1936.0,9,2,8,-1,A01,1,0,2,1,19,5,7,JEAN PAIN (BOULEVARD),0.0,,3,5,3,1,1,1,0,1,50,child
202100019452,31,5,2021,0 days 17:45:00,1,38,38185,2,2,1,3,Boulevard Jean Pain,"45,1865000000","5,7348000000",1,4,1,1995.0,9,2,8,-1,A01,1,0,2,1,19,5,7,JEAN PAIN (BOULEVARD),0.0,,3,5,3,1,1,1,0,1,50,adult
202100019468,11,9,2021,0 days 22:05:00,5,78,78401,2,7,1,1,ALBERT 1ER (QUAI),"49,0030900000","1,9078200000",1,1,2,1971.0,5,8,0,-1,A01,3,0,2,1,5,5,4,ALBERT 1ER (QUAI),0.0,,1,0,0,1,2,1,0,1,50,child
202100019468,11,9,2021,0 days 22:05:00,5,78,78401,2,7,1,1,ALBERT 1ER (QUAI),"49,0030900000","1,9078200000",1,4,1,2001.0,5,8,0,-1,A01,3,0,2,1,5,5,4,ALBERT 1ER (QUAI),0.0,,1,0,0,1,2,1,0,1,50,adult
202100019515,11,9,2021,0 days 09:25:00,1,75,75112,2,1,1,6,AVENUE DAUMESNIL,"48,8377150000","2,4256380000",3,4,2,1966.0,9,0,-1,-1,A01,3,0,1,1,1,5,4,AVENUE DAUMESNIL,0.0,,2,2,0,1,1,1,0,1,50,child
202100019515,11,9,2021,0 days 09:25:00,1,75,75112,2,1,1,6,AVENUE DAUMESNIL,"48,8377150000","2,4256380000",1,4,1,1992.0,5,2,0,-1,A01,3,0,1,1,1,5,4,AVENUE DAUMESNIL,0.0,,2,2,0,1,1,1,0,1,50,adult
202100019555,12,9,2021,0 days 16:05:00,1,39,39434,1,1,1,2,,"46,8532430000","5,6854680000",1,4,1,1944.0,5,2,-1,-1,B01,3,0,2,4,1,5,5,,-1.0,,2,2,0,1,1,1,0,1,40,child
202100019555,12,9,2021,0 days 16:05:00,1,39,39434,1,1,1,2,,"46,8532430000","5,6854680000",1,4,1,2007.0,5,2,6,-1,B01,3,0,2,4,1,5,5,,-1.0,,2,2,0,1,1,1,0,1,40,adult
202100019569,12,9,2021,0 days 10:50:00,1,90,90097,2,1,1,3,RD437,"47,5670720000","6,8605650000",1,1,1,1967.0,1,2,6,-1,B01,3,0,0,5,19,5,3,437,-1.0,,2,2,1,1,1,1,6,1,50,child
202100019569,12,9,2021,0 days 10:50:00,1,90,90097,2,1,1,3,RD437,"47,5670720000","6,8605650000",1,4,2,1989.0,5,2,-1,-1,B01,3,0,0,5,19,5,3,437,-1.0,,2,2,1,1,1,1,6,1,50,adult
202100019672,10,9,2021,0 days 08:00:00,2,45,45234,2,2,1,3,Avenue de la Mouillere,"47,8831874299","1,9095611572",1,1,1,1981.0,1,1,0,-1,A01,2,14,2,2,19,5,4,MOUILLERE (RUE DE LA),0.0,,3,2,3,1,1,1,0,1,50,child
202100019672,10,9,2021,0 days 08:00:00,2,45,45234,2,2,1,3,Avenue de la Mouillere,"47,8831874299","1,9095611572",1,4,2,2010.0,2,8,0,-1,A01,2,14,2,2,19,5,4,MOUILLERE (RUE DE LA),0.0,,3,2,3,1,1,1,0,1,50,adult
202100019725,10,9,2021,0 days 17:45:00,1,75,75113,2,3,2,3,RUE DARMESTETER,"48,8233870000","2,3750280000",2,1,1,1962.0,1,1,0,-1,B01,2,0,2,1,1,5,4,RUE DARMESTETER,0.0,,2,2,1,1,1,2,0,5,30,child
202100019725,10,9,2021,0 days 17:45:00,1,75,75113,2,3,2,3,RUE DARMESTETER,"48,8233870000","2,3750280000",1,1,1,1997.0,1,1,0,-1,B01,2,0,2,1,1,5,4,RUE DARMESTETER,0.0,,2,2,1,1,1,2,0,5,30,adult
202100019725,10,9,2021,0 days 17:45:00,1,75,75113,2,3,2,3,RUE DARMESTETER,"48,8233870000","2,3750280000",1,4,1,2008.0,2,2,0,-1,B01,2,0,2,1,1,5,4,RUE DARMESTETER,0.0,,2,2,1,1,1,2,0,5,30,adult
202100019739,8,9,2021,0 days 09:35:00,1,94,94033,2,9,1,3,Rue Pierre Grange,"48,8510500000","2,4933200000",1,1,1,1942.0,1,1,0,-1,B01,2,0,2,8,1,5,3,LOUISON BOBET (AV),0.0,,1,3,2,1,1,1,0,5,50,child
202100019739,8,9,2021,0 days 09:35:00,1,94,94033,2,9,1,3,Rue Pierre Grange,"48,8510500000","2,4933200000",1,4,1,1986.0,1,0,0,-1,B01,2,0,2,8,1,5,3,LOUISON BOBET (AV),0.0,,1,3,2,1,1,1,0,5,50,adult
202100019753,8,9,2021,0 days 14:05:00,1,92,92040,2,1,1,6,ARISTIDE BRIAND,"48,8232426977","2,2703397274",1,1,2,1942.0,9,8,0,-1,B01,3,1,0,0,0,0,3,989,0.0,,1,2,0,1,1,1,0,1,50,child
202100019753,8,9,2021,0 days 14:05:00,1,92,92040,2,1,1,6,ARISTIDE BRIAND,"48,8232426977","2,2703397274",1,4,1,2001.0,0,1,0,-1,B01,3,1,0,0,0,0,3,989,0.0,,1,2,0,1,1,1,0,1,50,adult
202100019768,11,8,2021,0 days 12:30:00,1,65,65017,1,1,1,2,D929,"42,8218737417","0,1755069437",1,1,1,1952.0,4,1,-1,-1,B01,1,0,2,4,2,5,3,929,-1.0,,2,2,0,2,1,1,0,1,90,child
202100019768,11,8,2021,0 days 12:30:00,1,65,65017,1,1,1,2,D929,"42,8218737417","0,1755069437",1,4,2,1992.0,5,2,-1,-1,B01,1,0,2,4,2,5,3,929,-1.0,,2,2,0,2,1,1,0,1,90,adult
202100019787,9,9,2021,0 days 19:30:00,5,973,97307,2,1,1,1,Chemin Morthium,"4,8360960000"," -52,3266470000",1,1,1,1977.0,1,1,-1,-1,B01,0,0,2,1,1,5,4,,-1.0,,2,2,0,1,1,1,0,1,50,child
202100019787,9,9,2021,0 days 19:30:00,5,973,97307,2,1,1,1,Chemin Morthium,"4,8360960000"," -52,3266470000",1,3,1,1999.0,0,0,-1,-1,B01,0,0,2,1,1,5,4,,-1.0,,2,2,0,1,1,1,0,1,50,adult
202100019801,9,9,2021,0 days 11:00:00,1,33,33042,1,1,1,6,départementale 1010,"44,5516090000"," -0,7863040000",1,1,1,1959.0,9,2,-1,-1,A01,1,0,0,0,1,5,3,1010,-1.0,,2,2,0,1,1,1,0,1,80,child