Num_Acc,jour,mois,an,hrmn,lum,dep,com,agg,int,atm,col,adr,lat,long,catu,grav,sexe,an_nais,trajet,secu1,secu2,secu3,num_veh_y,senc,obs,obsm,choc,manv,motor,catr,voie,v1,v2,circ,nbv,vosp,prof,plan,surf,infra,situ,vma,age
202100019801,9,9,2021,0 days 11:00:00,1,33,33042,1,1,1,6,départementale 1010,"44,5516090000"," -0,7863040000",1,3,1,1987.0,9,2,-1,-1,A01,1,0,0,0,1,5,3,1010,-1.0,,2,2,0,1,1,1,0,1,80,adult
202100019828,9,6,2021,0 days 20:20:00,1,94,94068,2,1,1,2,Boulevard de Champigny,"48,7993200000","2,5041300000",1,1,2,1952.0,3,1,0,-1,A01,2,0,2,1,0,5,3,CHAMPIGNY (BD DE),0.0,,2,2,0,1,1,1,0,1,30,child
202100019828,9,6,2021,0 days 20:20:00,1,94,94068,2,1,1,2,Boulevard de Champigny,"48,7993200000","2,5041300000",1,4,1,2007.0,5,0,0,-1,A01,2,0,2,1,0,5,3,CHAMPIGNY (BD DE),0.0,,2,2,0,1,1,1,0,1,30,adult
202100019831,8,9,2021,0 days 09:00:00,1,974,97407,2,1,1,3,JACQUES DUCLOS (RUE) - RIVIERE DES GAL  ," -20,9574100000","55,3141000000",1,1,1,1966.0,5,1,8,-1,A01,1,1,2,7,26,5,4,JACQUES DUCLOS (RUE) - RIVIERE DES GAL  ,0.0,,2,2,0,1,1,1,9,6,50,child
202100019831,8,9,2021,0 days 09:00:00,1,974,97407,2,1,1,3,JACQUES DUCLOS (RUE) - RIVIERE DES GAL  ," -20,9574100000","55,3141000000",1,4,1,2011.0,2,8,0,-1,A01,1,1,2,7,26,5,4,JACQUES DUCLOS (RUE) - RIVIERE DES GAL  ,0.0,,2,2,0,1,1,1,9,6,50,adult
202100019855,8,9,2021,0 days 12:00:00,1,77,77186,2,3,1,3,GEORGES CLEMENCEAU (PLACE),"48,4106882968","2,7013741381",1,1,1,1957.0,1,1,8,-1,B01,1,0,2,1,13,6,4,GEORGES CLEMENCEAU (PLACE),0.0,,2,0,0,1,3,1,0,1,50,child
202100019855,8,9,2021,0 days 12:00:00,1,77,77186,2,3,1,3,GEORGES CLEMENCEAU (PLACE),"48,4106882968","2,7013741381",1,4,2,1987.0,2,2,4,-1,B01,1,0,2,1,13,6,4,GEORGES CLEMENCEAU (PLACE),0.0,,2,0,0,1,3,1,0,1,50,adult
202100019867,8,9,2021,0 days 17:45:00,1,45,45234,2,4,1,3,Rue du Pressoir Blanc,"47,8846100000","1,8875000000",1,1,2,1976.0,9,1,0,-1,B01,0,0,2,7,1,5,4,CORNE DE CERF (RUE DE LA ),0.0,,2,2,0,1,1,1,0,1,50,child
202100019867,8,9,2021,0 days 17:45:00,1,45,45234,2,4,1,3,Rue du Pressoir Blanc,"47,8846100000","1,8875000000",1,4,1,1990.0,1,2,0,-1,B01,0,0,2,7,1,5,4,CORNE DE CERF (RUE DE LA ),0.0,,2,2,0,1,1,1,0,1,50,adult
202100019867,8,9,2021,0 days 17:45:00,1,45,45234,2,4,1,3,Rue du Pressoir Blanc,"47,8846100000","1,8875000000",2,1,1,2004.0,0,1,0,-1,B01,0,0,2,7,1,5,4,CORNE DE CERF (RUE DE LA ),0.0,,2,2,0,1,1,1,0,1,50,adult
202100019884,8,9,2021,0 days 17:40:00,1,15,15014,2,1,1,1,Avenue des Pupilles de la Nation,"44,9190000000","2,4387800000",1,1,1,1978.0,0,1,8,-1,B01,3,0,2,0,13,0,4,PUPILLES DE LA NATION (AVENUE DES),0.0,,2,4,0,1,1,1,0,1,50,child
202100019884,8,9,2021,0 days 17:40:00,1,15,15014,2,1,1,1,Avenue des Pupilles de la Nation,"44,9190000000","2,4387800000",1,4,1,2004.0,9,2,4,-1,B01,3,0,2,0,13,0,4,PUPILLES DE LA NATION (AVENUE DES),0.0,,2,4,0,1,1,1,0,1,50,adult
202100019950,5,9,2021,0 days 08:40:00,1,74,74208,2,1,1,3,91 Av de Marlioz,"45,9187330000","6,7042250000",1,3,2,1933.0,3,0,-1,-1,B01,3,0,2,1,0,5,6,,-1.0,,-1,-1,0,1,3,1,0,1,20,child
202100019950,5,9,2021,0 days 08:40:00,1,74,74208,2,1,1,3,91 Av de Marlioz,"45,9187330000","6,7042250000",1,1,1,1977.0,0,1,-1,-1,B01,3,0,2,1,0,5,6,,-1.0,,-1,-1,0,1,3,1,0,1,20,adult
202100020042,8,9,2021,0 days 16:20:00,1,69,69388,2,1,1,3,FRERES LUMIERE (DES) (AV),"45,7452049118","4,8658860122",1,4,2,1969.0,4,8,-1,-1,A01,2,0,2,8,15,5,4,FRERES LUMIERE (DES)                (AV),0.0,,1,2,2,1,1,1,0,5,50,child
202100020042,8,9,2021,0 days 16:20:00,1,69,69388,2,1,1,3,FRERES LUMIERE (DES) (AV),"45,7452049118","4,8658860122",1,1,1,1995.0,4,8,-1,-1,A01,2,0,2,8,15,5,4,FRERES LUMIERE (DES)                (AV),0.0,,1,2,2,1,1,1,0,5,50,adult
202100020083,8,9,2021,0 days 19:35:00,2,17,17291,2,1,1,3,QUATORZE JUILLET   RUE DU,"46,1742100000"," -1,1158100000",1,1,1,1947.0,5,1,8,-1,B01,3,0,2,1,19,5,4,QUATORZE JUILLET   RUE DU,0.0,,2,2,0,1,1,1,0,1,30,child
202100020083,8,9,2021,0 days 19:35:00,2,17,17291,2,1,1,3,QUATORZE JUILLET   RUE DU,"46,1742100000"," -1,1158100000",1,4,2,1997.0,0,8,0,-1,B01,3,0,2,1,19,5,4,QUATORZE JUILLET   RUE DU,0.0,,2,2,0,1,1,1,0,1,30,adult
202100020104,8,9,2021,0 days 14:15:00,1,75,75116,2,4,1,6,AVENUE PAUL DOUMER,"48,8617890000","2,2857280000",3,4,2,1947.0,5,0,-1,-1,A01,0,0,1,2,5,5,4,AVENUE PAUL DOUMER,0.0,,2,2,0,1,1,1,0,1,30,child
202100020104,8,9,2021,0 days 14:15:00,1,75,75116,2,4,1,6,AVENUE PAUL DOUMER,"48,8617890000","2,2857280000",1,1,1,2002.0,9,8,0,-1,A01,0,0,1,2,5,5,4,AVENUE PAUL DOUMER,0.0,,2,2,0,1,1,1,0,1,30,adult
202100020132,8,9,2021,0 days 14:00:00,1,92,92064,2,3,1,3,PORTE JAUNE,"48,8417600000","2,1992300000",1,1,1,1969.0,5,1,0,-1,B01,3,0,2,8,19,5,3,180,0.0,,2,2,0,1,1,1,0,1,50,child
202100020132,8,9,2021,0 days 14:00:00,1,92,92064,2,3,1,3,PORTE JAUNE,"48,8417600000","2,1992300000",1,4,1,2010.0,2,2,0,-1,B01,3,0,2,8,19,5,3,180,0.0,,2,2,0,1,1,1,0,1,50,adult
202100020134,8,9,2021,0 days 18:45:00,1,92,92050,2,3,1,3,PONS NOEL RUE,"48,9083323397","2,2291121259",1,4,1,1968.0,5,2,0,-1,A01,1,0,2,7,19,5,4,,0.0,,2,0,0,1,1,1,0,1,50,child
202100020134,8,9,2021,0 days 18:45:00,1,92,92050,2,3,1,3,PONS NOEL RUE,"48,9083323397","2,2291121259",2,1,1,2003.0,0,2,0,-1,A01,1,0,2,7,19,5,4,,0.0,,2,0,0,1,1,1,0,1,50,adult
202100020134,8,9,2021,0 days 18:45:00,1,92,92050,2,3,1,3,PONS NOEL RUE,"48,9083323397","2,2291121259",1,1,1,2007.0,0,2,0,-1,A01,1,0,2,7,19,5,4,,0.0,,2,0,0,1,1,1,0,1,50,adult
202100020182,7,9,2021,0 days 09:30:00,1,67,67205,2,1,1,2,72 Rue de la Wantzenau,"48,6948880000","7,7863790000",1,3,2,1935.0,5,0,-1,-1,B01,1,0,2,8,25,0,3,223,0.0,D,3,2,0,1,3,1,0,4,50,child
202100020182,7,9,2021,0 days 09:30:00,1,67,67205,2,1,1,2,72 Rue de la Wantzenau,"48,6948880000","7,7863790000",1,1,1,1973.0,0,1,-1,-1,B01,1,0,2,8,25,0,3,223,0.0,D,3,2,0,1,3,1,0,4,50,adult
202100020191,8,9,2021,0 days 16:40:00,1,62,62318,1,1,1,2,ROUTE DÉPARTEMENTALE 939,"50,5065900000","1,6686020000",1,1,1,1949.0,5,1,-1,-1,B01,2,0,2,1,1,5,3,939,-1.0,,2,2,0,1,1,1,0,1,80,child
202100020191,8,9,2021,0 days 16:40:00,1,62,62318,1,1,1,2,ROUTE DÉPARTEMENTALE 939,"50,5065900000","1,6686020000",1,3,1,2004.0,5,2,-1,-1,B01,2,0,2,1,1,5,3,939,-1.0,,2,2,0,1,1,1,0,1,80,adult
202100020229,7,9,2021,0 days 19:00:00,1,91,91347,2,1,1,3,RUE DU DOC DARIER,"48,6443700000","2,2976100000",1,4,1,1967.0,5,8,0,-1,B01,2,0,2,0,19,5,3,RUE DU DOC DARIER,0.0,,2,2,1,1,1,1,0,1,30,child
202100020229,7,9,2021,0 days 19:00:00,1,91,91347,2,1,1,3,RUE DU DOC DARIER,"48,6443700000","2,2976100000",1,1,1,1991.0,5,1,0,-1,B01,2,0,2,0,19,5,3,RUE DU DOC DARIER,0.0,,2,2,1,1,1,1,0,1,30,adult
202100020229,7,9,2021,0 days 19:00:00,1,91,91347,2,1,1,3,RUE DU DOC DARIER,"48,6443700000","2,2976100000",2,1,2,2001.0,5,1,0,-1,B01,2,0,2,0,19,5,3,RUE DU DOC DARIER,0.0,,2,2,1,1,1,1,0,1,30,adult
202100020244,3,9,2021,0 days 13:50:00,1,80,80489,2,1,1,6,HENRI BARBUSSE (RUE),"49,8694700000","2,3598600000",3,4,2,1953.0,9,0,-1,-1,A01,0,0,1,1,1,5,4,HENRI BARBUSSE (RUE),0.0,,-1,0,1,1,1,1,0,5,30,child
202100020244,3,9,2021,0 days 13:50:00,1,80,80489,2,1,1,6,HENRI BARBUSSE (RUE),"49,8694700000","2,3598600000",1,1,1,1998.0,9,8,-1,-1,A01,0,0,1,1,1,5,4,HENRI BARBUSSE (RUE),0.0,,-1,0,1,1,1,1,0,5,30,adult
202100020248,7,9,2021,0 days 21:18:00,3,77,77462,1,1,1,2,D83,"49,0063300000","2,6634600000",1,2,1,1953.0,1,8,0,-1,B01,3,0,2,4,0,0,3,TROIS VILLES (RUE DES),0.0,,2,2,0,1,1,1,0,1,80,child
202100020248,7,9,2021,0 days 21:18:00,3,77,77462,1,1,1,2,D83,"49,0063300000","2,6634600000",1,1,1,1994.0,1,1,0,-1,B01,3,0,2,4,0,0,3,TROIS VILLES (RUE DES),0.0,,2,2,0,1,1,1,0,1,80,adult
202100020272,1,9,2021,0 days 10:37:00,1,63,63113,2,1,1,6,LAMARTINE (RUE),"45,7777100000","3,0808900000",1,4,1,1949.0,0,2,0,-1,B01,1,1,0,1,2,5,4,LAMARTINE (RUE),0.0,,1,2,0,1,1,1,0,1,50,child
202100020272,1,9,2021,0 days 10:37:00,1,63,63113,2,1,1,6,LAMARTINE (RUE),"45,7777100000","3,0808900000",1,1,1,1972.0,0,1,0,-1,B01,1,1,0,1,2,5,4,LAMARTINE (RUE),0.0,,1,2,0,1,1,1,0,1,50,adult
202100020285,7,9,2021,0 days 07:30:00,1,45,45285,2,1,1,1,CHAINGY (CHEMIN DE),"47,9018900000","1,8675900000",1,4,1,1971.0,1,8,0,-1,B01,3,0,2,8,1,5,4,CHAINGY (CHEMIN DE),0.0,,1,2,0,1,1,1,0,4,50,child
202100020285,7,9,2021,0 days 07:30:00,1,45,45285,2,1,1,1,CHAINGY (CHEMIN DE),"47,9018900000","1,8675900000",1,1,1,1995.0,1,1,0,-1,B01,3,0,2,8,1,5,4,CHAINGY (CHEMIN DE),0.0,,1,2,0,1,1,1,0,4,50,adult
202100020291,7,9,2021,0 days 09:55:00,1,33,33522,2,2,1,3,Cours de la Libération,"44,7927100000"," -0,6051200000",1,3,1,1959.0,0,0,-1,-1,B01,2,0,2,0,1,5,4,CRS DE LA LIBERATION,0.0,,2,7,1,2,1,1,0,5,50,child
202100020291,7,9,2021,0 days 09:55:00,1,33,33522,2,2,1,3,Cours de la Libération,"44,7927100000"," -0,6051200000",1,1,1,1995.0,0,1,-1,-1,B01,2,0,2,0,1,5,4,CRS DE LA LIBERATION,0.0,,2,7,1,2,1,1,0,5,50,adult
202100020308,7,9,2021,0 days 18:20:00,1,13,13211,2,2,1,1,LOUIS REGIS (RUE),"43,2885600000","5,4990800000",1,1,2,1953.0,0,8,0,-1,B01,3,0,2,1,2,5,7,LOUIS REGIS (RUE),0.0,,2,4,0,1,1,1,0,1,50,child
202100020308,7,9,2021,0 days 18:20:00,1,13,13211,2,2,1,1,LOUIS REGIS (RUE),"43,2885600000","5,4990800000",1,4,1,1977.0,1,8,0,-1,B01,3,0,2,1,2,5,7,LOUIS REGIS (RUE),0.0,,2,4,0,1,1,1,0,1,50,adult
202100020328,6,9,2021,0 days 11:50:00,1,75,75107,2,2,1,3,AVENUE DE VILLARS,"48,8517710000","2,3138620000",1,1,2,1948.0,5,1,0,-1,A01,1,0,2,7,1,5,4,AVENUE DE VILLARS,0.0,,2,4,0,1,1,1,0,1,30,child
202100020328,6,9,2021,0 days 11:50:00,1,75,75107,2,2,1,3,AVENUE DE VILLARS,"48,8517710000","2,3138620000",1,4,1,2005.0,5,2,0,-1,A01,1,0,2,7,1,5,4,AVENUE DE VILLARS,0.0,,2,4,0,1,1,1,0,1,30,adult
202100020331,7,9,2021,0 days 11:15:00,1,75,75112,2,4,1,3,AVENUE DE SAINT MAURICE,"48,8288201013","2,4196848823",1,4,2,1967.0,9,8,0,-1,A01,1,0,2,2,19,5,4,AVENUE DE SAINT MAURICE,0.0,,1,2,0,1,1,1,0,5,30,child
202100020331,7,9,2021,0 days 11:15:00,1,75,75112,2,4,1,3,AVENUE DE SAINT MAURICE,"48,8288201013","2,4196848823",2,1,2,2000.0,9,1,0,-1,A01,1,0,2,2,19,5,4,AVENUE DE SAINT MAURICE,0.0,,1,2,0,1,1,1,0,5,30,adult
202100020347,7,9,2021,0 days 10:40:00,1,93,93072,2,1,1,3,PONTOISE (RUE DE) COTE DES N°1 AU 57,"48,9717600000","2,3791600000",1,3,1,1953.0,0,8,0,-1,B01,2,1,0,1,26,0,4,PONTOISE (RUE DE) COTE DES N°1 AU 57,0.0,,3,2,0,1,1,1,0,1,50,child
202100020347,7,9,2021,0 days 10:40:00,1,93,93072,2,1,1,3,PONTOISE (RUE DE) COTE DES N°1 AU 57,"48,9717600000","2,3791600000",1,1,1,1987.0,0,8,0,-1,B01,2,1,0,1,26,0,4,PONTOISE (RUE DE) COTE DES N°1 AU 57,0.0,,3,2,0,1,1,1,0,1,50,adult
202100020389,8,9,2021,0 days 13:40:00,1,29,29269,2,1,1,2,12bis Rue de Scaer,"47,9604560000"," -3,6271050000",1,3,1,1944.0,5,2,6,-1,B01,1,0,2,1,1,5,3,06,-1.0,D,2,2,0,1,1,1,0,1,30,child
202100020389,8,9,2021,0 days 13:40:00,1,29,29269,2,1,1,2,12bis Rue de Scaer,"47,9604560000"," -3,6271050000",1,1,2,1996.0,5,8,-1,-1,B01,1,0,2,1,1,5,3,06,-1.0,D,2,2,0,1,1,1,0,1,30,adult
202100020524,6,9,2021,0 days 08:21:00,1,49,49007,2,1,1,7,CHAPEAU DE GENDARME,"47,4522400000"," -0,5535900000",1,1,1,1986.0,2,8,0,-1,A01,1,0,0,0,1,5,4,CHAPEAU DE GENDARME,0.0,,2,2,0,1,1,1,0,1,50,child
202100020524,6,9,2021,0 days 08:21:00,1,49,49007,2,1,1,7,CHAPEAU DE GENDARME,"47,4522400000"," -0,5535900000",2,4,1,2010.0,2,8,0,-1,A01,1,0,0,0,1,5,4,CHAPEAU DE GENDARME,0.0,,2,2,0,1,1,1,0,1,50,adult
202100020529,6,9,2021,0 days 07:15:00,1,38,38179,2,1,1,3,chemin du Marais,"45,1877483367","5,8073335370",1,1,1,1972.0,4,1,0,-1,A01,1,0,4,3,26,5,4,RUE DES PALETTES,0.0,,-1,2,0,1,1,1,4,6,180,child
202100020529,6,9,2021,0 days 07:15:00,1,38,38179,2,1,1,3,chemin du Marais,"45,1877483367","5,8073335370",1,2,1,1994.0,0,-1,0,-1,A01,1,0,4,3,26,5,4,RUE DES PALETTES,0.0,,-1,2,0,1,1,1,4,6,180,adult
202100020535,6,9,2021,0 days 12:15:00,1,35,35238,2,1,1,2,SAINT-HELIER,"48,1062600000"," -1,6674400000",1,1,1,1976.0,1,1,-1,-1,B01,0,0,2,1,21,0,4,SAINT-HELIER,0.0,,2,2,2,1,1,1,0,5,30,child
202100020535,6,9,2021,0 days 12:15:00,1,35,35238,2,1,1,2,SAINT-HELIER,"48,1062600000"," -1,6674400000",1,4,1,1998.0,1,8,-1,-1,B01,0,0,2,1,21,0,4,SAINT-HELIER,0.0,,2,2,2,1,1,1,0,5,30,adult
202100020538,6,9,2021,0 days 20:20:00,5,31,31557,2,6,1,3,TARBES (ROUTE DE),"43,5778660000","1,3271370000",1,3,2,1975.0,5,8,0,-1,B01,3,0,2,1,9,0,7,TARBES (ROUTE DE),0.0,,3,2,0,1,1,1,9,1,50,child
202100020538,6,9,2021,0 days 20:20:00,5,31,31557,2,6,1,3,TARBES (ROUTE DE),"43,5778660000","1,3271370000",1,1,1,1998.0,5,1,0,-1,B01,3,0,2,1,9,0,7,TARBES (ROUTE DE),0.0,,3,2,0,1,1,1,9,1,50,adult
202100020550,6,9,2021,0 days 11:00:00,1,13,13004,2,9,1,6,RTE N113 MARSEILLE A BORBEAUX,"43,6612600000","4,6525800000",1,1,1,1934.0,0,1,0,-1,B01,0,0,2,4,0,6,3,RTE N113 MARSEILLE A BORBEAUX,0.0,,1,1,0,1,2,1,9,1,50,child
202100020550,6,9,2021,0 days 11:00:00,1,13,13004,2,9,1,6,RTE N113 MARSEILLE A BORBEAUX,"43,6612600000","4,6525800000",1,3,1,1958.0,0,2,0,-1,B01,0,0,2,4,0,6,3,RTE N113 MARSEILLE A BORBEAUX,0.0,,1,1,0,1,2,1,9,1,50,adult
202100020563,5,9,2021,0 days 11:25:00,1,75,75115,2,2,1,3,QUAI BRANLY,"48,8546170000","2,2888520000",1,1,2,1975.0,4,1,0,-1,B01,3,0,2,7,19,5,4,QUAI BRANLY,0.0,,2,4,0,1,1,1,0,1,30,child
202100020563,5,9,2021,0 days 11:25:00,1,75,75115,2,2,1,3,QUAI BRANLY,"48,8546170000","2,2888520000",1,4,2,2012.0,5,2,0,-1,B01,3,0,2,7,19,5,4,QUAI BRANLY,0.0,,2,4,0,1,1,1,0,1,30,adult
202100020606,7,9,2021,0 days 08:15:00,1,71,71443,2,1,7,6,23 Rue du Bout d Amont,"46,9389490000","4,9048160000",1,1,2,1964.0,5,1,-1,-1,B01,2,0,2,4,1,5,4,,0.0,,2,2,0,1,2,1,0,1,50,child
202100020606,7,9,2021,0 days 08:15:00,1,71,71443,2,1,7,6,23 Rue du Bout d Amont,"46,9389490000","4,9048160000",1,1,2,1982.0,2,0,-1,-1,B01,2,0,2,4,1,5,4,,0.0,,2,2,0,1,2,1,0,1,50,adult
202100020606,7,9,2021,0 days 08:15:00,1,71,71443,2,1,7,6,23 Rue du Bout d Amont,"46,9389490000","4,9048160000",1,4,2,2014.0,2,0,-1,-1,B01,2,0,2,4,1,5,4,,0.0,,2,2,0,1,2,1,0,1,50,adult
202100020621,7,9,2021,0 days 15:00:00,1,61,61484,1,1,7,2,RD923 - PK 13+860 - MALE,"48,2543130000","0,6998850000",1,1,1,1937.0,3,1,-1,-1,A01,2,0,2,4,1,5,3,923,0.0,D,2,3,0,2,1,1,0,1,90,child
202100020621,7,9,2021,0 days 15:00:00,1,61,61484,1,1,7,2,RD923 - PK 13+860 - MALE,"48,2543130000","0,6998850000",1,3,1,1968.0,5,2,-1,-1,A01,2,0,2,4,1,5,3,923,0.0,D,2,3,0,2,1,1,0,1,90,adult
202100020658,7,9,2021,0 days 08:45:00,1,35,35191,1,1,1,1,Lieu Dit Launay (Montours),"48,4538830000"," -1,3122980000",1,2,1,1962.0,5,2,-1,-1,B01,1,0,2,0,13,0,3,103,-1.0,,2,2,0,1,1,1,0,1,80,child
202100020658,7,9,2021,0 days 08:45:00,1,35,35191,1,1,1,1,Lieu Dit Launay (Montours),"48,4538830000"," -1,3122980000",1,1,2,1990.0,5,1,-1,-1,B01,1,0,2,0,13,0,3,103,-1.0,,2,2,0,1,1,1,0,1,80,adult
202100020680,5,9,2021,0 days 12:45:00,1,91,91215,2,1,1,6,RUE DE LA FORET,"48,6919700000","2,5145400000",1,4,1,1970.0,5,2,8,-1,B01,1,1,2,1,1,5,4,RUE DE LA FORET,0.0,,2,2,0,2,1,1,0,1,30,child
202100020680,5,9,2021,0 days 12:45:00,1,91,91215,2,1,1,6,RUE DE LA FORET,"48,6919700000","2,5145400000",1,1,1,1987.0,5,8,0,-1,B01,1,1,2,1,1,5,4,RUE DE LA FORET,0.0,,2,2,0,2,1,1,0,1,30,adult
202100020680,5,9,2021,0 days 12:45:00,1,91,91215,2,1,1,6,RUE DE LA FORET,"48,6919700000","2,5145400000",2,1,2,1996.0,5,8,0,-1,B01,1,1,2,1,1,5,4,RUE DE LA FORET,0.0,,2,2,0,2,1,1,0,1,30,adult
202100020709,5,9,2021,0 days 11:44:00,1,10,10362,2,2,1,6,PAUL DOUMER (RUE),"48,2895100000","4,0466600000",1,1,1,1941.0,5,1,0,-1,B01,2,0,2,1,15,5,3,PAUL DOUMER (RUE),0.0,,2,2,0,1,1,1,0,1,50,child
202100020709,5,9,2021,0 days 11:44:00,1,10,10362,2,2,1,6,PAUL DOUMER (RUE),"48,2895100000","4,0466600000",1,4,2,2003.0,5,2,0,-1,B01,2,0,2,1,15,5,3,PAUL DOUMER (RUE),0.0,,2,2,0,1,1,1,0,1,50,adult
202100020722,4,9,2021,0 days 23:00:00,5,75,75110,2,4,1,4,RUE LA FAYETTE,"48,8824420000","2,3691840000",1,1,1,1970.0,4,1,0,-1,C01,1,0,2,1,7,5,4,RUE LA FAYETTE,0.0,,2,3,3,1,1,1,0,6,30,child
202100020722,4,9,2021,0 days 23:00:00,5,75,75110,2,4,1,4,RUE LA FAYETTE,"48,8824420000","2,3691840000",1,1,1,1992.0,5,2,0,-1,C01,1,0,2,1,7,5,4,RUE LA FAYETTE,0.0,,2,3,3,1,1,1,0,6,30,adult
202100020722,4,9,2021,0 days 23:00:00,5,75,75110,2,4,1,4,RUE LA FAYETTE,"48,8824420000","2,3691840000",1,4,1,1994.0,5,2,0,-1,C01,1,0,2,1,7,5,4,RUE LA FAYETTE,0.0,,2,3,3,1,1,1,0,6,30,adult
202100020726,5,9,2021,0 days 18:35:00,1,94,94054,2,3,1,3,Rue Parmentier,"48,7423900000","2,3873700000",1,1,2,1984.0,3,1,0,-1,B01,3,0,2,8,0,5,4,PARMENTIER (R),0.0,,1,1,0,1,3,1,0,1,30,child
202100020726,5,9,2021,0 days 18:35:00,1,94,94054,2,3,1,3,Rue Parmentier,"48,7423900000","2,3873700000",1,4,1,2006.0,3,0,0,-1,B01,3,0,2,8,0,5,4,PARMENTIER (R),0.0,,1,1,0,1,3,1,0,1,30,adult
202100020745,5,9,2021,0 days 14:45:00,1,26,26002,1,6,1,3,1845 Route de Marcoz,"45,2414450000","4,8201980000",1,3,2,1952.0,5,0,-1,-1,B01,2,0,2,3,2,6,2,7,-1.0,,2,2,0,1,3,1,5,1,80,child
202100020745,5,9,2021,0 days 14:45:00,1,26,26002,1,6,1,3,1845 Route de Marcoz,"45,2414450000","4,8201980000",1,1,2,1990.0,5,1,-1,-1,B01,2,0,2,3,2,6,2,7,-1.0,,2,2,0,1,3,1,5,1,80,adult
202100020767,3,9,2021,0 days 13:15:00,1,39,39354,2,1,7,1,175 Rue de la Rochette,"46,8988020000","5,6473540000",1,1,2,1954.0,3,1,-1,-1,A01,2,0,2,1,13,5,4,,-1.0,,2,2,0,2,2,1,0,1,50,child
202100020767,3,9,2021,0 days 13:15:00,1,39,39354,2,1,7,1,175 Rue de la Rochette,"46,8988020000","5,6473540000",1,3,1,2011.0,2,2,-1,-1,A01,2,0,2,1,13,5,4,,-1.0,,2,2,0,2,2,1,0,1,50,adult
202100020786,29,8,2021,0 days 11:25:00,1,29,29233,2,1,1,1,41 Rue de Quimper,"47,8751680000"," -3,5471040000",1,4,1,1962.0,5,2,-1,-1,B01,2,0,2,1,1,5,4,765,0.0,D,2,2,0,2,1,1,0,1,50,child
202100020786,29,8,2021,0 days 11:25:00,1,29,29233,2,1,1,1,41 Rue de Quimper,"47,8751680000"," -3,5471040000",1,1,2,1983.0,0,1,-1,-1,B01,2,0,2,1,1,5,4,765,0.0,D,2,2,0,2,1,1,0,1,50,adult
202100020792,4,9,2021,0 days 11:15:00,1,13,13015,2,3,1,3,AVENUE THIERS,"43,4475840000","5,4329060000",1,1,1,1939.0,5,1,-1,-1,C01,2,0,9,1,1,5,7,60,-1.0,A,2,2,0,1,1,1,5,1,50,child
202100020792,4,9,2021,0 days 11:15:00,1,13,13015,2,3,1,3,AVENUE THIERS,"43,4475840000","5,4329060000",1,3,1,1966.0,5,2,-1,-1,C01,2,0,9,1,1,5,7,60,-1.0,A,2,2,0,1,1,1,5,1,50,adult
202100020792,4,9,2021,0 days 11:15:00,1,13,13015,2,3,1,3,AVENUE THIERS,"43,4475840000","5,4329060000",1,4,1,1970.0,5,2,-1,-1,C01,2,0,9,1,1,5,7,60,-1.0,A,2,2,0,1,1,1,5,1,50,adult
202100020828,4,9,2021,0 days 22:10:00,5,69,69034,2,9,1,1,BOUCLE (DE LA) (MO),"45,7827600000","4,8363900000",1,1,1,1969.0,9,8,-1,-1,B01,1,0,2,1,15,5,4,BOUCLE (DE LA)                      (MO),0.0,,1,2,2,2,1,1,0,5,50,child
202100020828,4,9,2021,0 days 22:10:00,5,69,69034,2,9,1,1,BOUCLE (DE LA) (MO),"45,7827600000","4,8363900000",1,4,1,1997.0,1,8,-1,-1,B01,1,0,2,1,15,5,4,BOUCLE (DE LA)                      (MO),0.0,,1,2,2,2,1,1,0,5,50,adult
202100020871,3,9,2021,0 days 12:40:00,1,19,19272,2,1,1,3,Dr Ramon (Rue),"45,2543662774","1,7595202102",1,1,2,1972.0,0,1,8,-1,B01,2,0,2,5,1,5,4,Dr Ramon (Rue),0.0,,2,1,0,2,1,1,0,1,50,child
202100020871,3,9,2021,0 days 12:40:00,1,19,19272,2,1,1,3,Dr Ramon (Rue),"45,2543662774","1,7595202102",1,4,1,2002.0,3,2,8,-1,B01,2,0,2,5,1,5,4,Dr Ramon (Rue),0.0,,2,1,0,2,1,1,0,1,50,adult
202100020873,4,9,2021,0 days 10:55:00,1,17,17300,2,9,8,6,CHAUDRIER   RUE,"46,1628000000"," -1,1523400000",3,4,1,1931.0,3,8,8,-1,Z01,3,0,1,0,0,5,4,CHAUDRIER   RUE,0.0,,2,2,2,1,1,1,6,8,30,child
202100020873,4,9,2021,0 days 10:55:00,1,17,17300,2,9,8,6,CHAUDRIER   RUE,"46,1628000000"," -1,1523400000",1,1,1,2004.0,0,8,0,-1,Z01,3,0,1,0,0,5,4,CHAUDRIER   RUE,0.0,,2,2,2,1,1,1,6,8,30,adult
202100020877,4,9,2021,0 days 22:38:00,5,06,06088,2,1,1,3,ANGLAIS (DU N° 114 AU N° 263),"43,6852760000","7,2361740000",1,4,1,1978.0,0,2,0,-1,B01,3,0,0,0,0,0,7,ANGLAIS (DU N° 114 AU N° 263),0.0,,3,6,0,1,1,1,0,1,50,child