Num_Acc,jour,mois,an,hrmn,lum,dep,com,agg,int,atm,col,adr,lat,long,catu,grav,sexe,an_nais,trajet,secu1,secu2,secu3,num_veh_y,senc,obs,obsm,choc,manv,motor,catr,voie,v1,v2,circ,nbv,vosp,prof,plan,surf,infra,situ,vma,age
202100020877,4,9,2021,0 days 22:38:00,5,06,06088,2,1,1,3,ANGLAIS (DU N° 114 AU N° 263),"43,6852760000","7,2361740000",1,4,1,1982.0,0,8,0,-1,B01,3,0,0,0,0,0,7,ANGLAIS (DU N° 114 AU N° 263),0.0,,3,6,0,1,1,1,0,1,50,adult
202100020877,4,9,2021,0 days 22:38:00,5,06,06088,2,1,1,3,ANGLAIS (DU N° 114 AU N° 263),"43,6852760000","7,2361740000",2,4,1,2005.0,0,2,0,-1,B01,3,0,0,0,0,0,7,ANGLAIS (DU N° 114 AU N° 263),0.0,,3,6,0,1,1,1,0,1,50,adult
202100020999,24,6,2021,0 days 18:20:00,1,69,69387,2,1,1,1,TONY GARNIER (AV),"45,7315100000","4,8241500000",1,4,1,1972.0,0,2,0,-1,DA01,1,0,2,1,1,5,4,,0.0,,2,3,1,1,1,1,0,5,50,child
202100020999,24,6,2021,0 days 18:20:00,1,69,69387,2,1,1,1,TONY GARNIER (AV),"45,7315100000","4,8241500000",1,1,1,1995.0,0,8,-1,-1,DA01,1,0,2,1,1,5,4,,0.0,,2,3,1,1,1,1,0,5,50,adult
202100021005,3,9,2021,0 days 12:13:00,1,91,91114,2,1,1,2,RUE DES GLAISES,"48,6983470000","2,4889800000",1,1,1,1966.0,4,1,0,-1,B01,2,1,0,1,1,5,4,RUE DES GLAISES,0.0,,2,0,0,2,1,1,0,1,30,child
202100021005,3,9,2021,0 days 12:13:00,1,91,91114,2,1,1,2,RUE DES GLAISES,"48,6983470000","2,4889800000",1,4,1,2010.0,2,8,0,-1,B01,2,1,0,1,1,5,4,RUE DES GLAISES,0.0,,2,0,0,2,1,1,0,1,30,adult
202100021087,3,9,2021,0 days 01:00:00,5,75,75117,2,1,1,3,AVENUE DE VILLIERS,"48,8845780000","2,3002190000",1,1,1,1966.0,5,1,0,-1,B01,1,0,2,2,1,5,4,AVENUE DE VILLIERS,0.0,,2,2,0,1,1,1,0,1,30,child
202100021087,3,9,2021,0 days 01:00:00,5,75,75117,2,1,1,3,AVENUE DE VILLIERS,"48,8845780000","2,3002190000",1,4,2,1997.0,5,2,0,-1,B01,1,0,2,2,1,5,4,AVENUE DE VILLIERS,0.0,,2,2,0,1,1,1,0,1,30,adult
202100021096,3,9,2021,0 days 18:15:00,1,75,75110,2,4,1,6,BOULEVARD DE MAGENTA,"48,8690190000","2,3625290000",3,4,2,1950.0,5,0,-1,-1,A01,1,0,1,1,7,5,4,BOULEVARD DE MAGENTA,0.0,,2,4,3,1,1,1,0,6,30,child
202100021096,3,9,2021,0 days 18:15:00,1,75,75110,2,4,1,6,BOULEVARD DE MAGENTA,"48,8690190000","2,3625290000",1,1,1,1994.0,1,2,0,-1,A01,1,0,1,1,7,5,4,BOULEVARD DE MAGENTA,0.0,,2,4,3,1,1,1,0,6,30,adult
202100021100,3,9,2021,0 days 18:45:00,1,75,75102,2,2,1,3,BOULEVARD DE SEBASTOPOL,"48,8678930000","2,3534570000",1,4,1,1964.0,1,2,0,-1,B01,1,0,2,0,1,5,4,BOULEVARD DE SEBASTOPOL,0.0,,1,5,1,1,1,1,0,5,30,child
202100021100,3,9,2021,0 days 18:45:00,1,75,75102,2,2,1,3,BOULEVARD DE SEBASTOPOL,"48,8678930000","2,3534570000",1,1,2,1997.0,5,1,0,-1,B01,1,0,2,0,1,5,4,BOULEVARD DE SEBASTOPOL,0.0,,1,5,1,1,1,1,0,5,30,adult
202100021242,2,9,2021,0 days 15:10:00,1,59,59350,2,3,1,3,HUGO VICTOR RUE,"50,6211600000","3,0951600000",1,1,1,1965.0,0,1,0,-1,B01,2,0,2,1,1,5,7,HUGO VICTOR RUE,0.0,,2,2,1,1,1,1,0,5,50,child
202100021242,2,9,2021,0 days 15:10:00,1,59,59350,2,3,1,3,HUGO VICTOR RUE,"50,6211600000","3,0951600000",1,4,1,1999.0,1,8,0,-1,B01,2,0,2,1,1,5,7,HUGO VICTOR RUE,0.0,,2,2,1,1,1,1,0,5,50,adult
202100021249,1,9,2021,0 days 08:06:00,1,54,54328,2,6,7,3,PASTEUR (RUE LOUIS),"48,6184600000","6,1772500000",1,1,1,1968.0,0,1,0,-1,B01,3,0,2,1,1,5,4,PASTEUR (RUE LOUIS),0.0,,2,2,1,1,1,1,0,1,30,child
202100021249,1,9,2021,0 days 08:06:00,1,54,54328,2,6,7,3,PASTEUR (RUE LOUIS),"48,6184600000","6,1772500000",1,4,1,1989.0,1,2,0,-1,B01,3,0,2,1,1,5,4,PASTEUR (RUE LOUIS),0.0,,2,2,1,1,1,1,0,1,30,adult
202100021320,2,9,2021,0 days 13:15:00,1,92,92007,2,1,1,3,BRIAND (AVENUE ARISTIDE) N° 162 A 300,"48,7919800000","2,3201000000",1,4,1,1979.0,5,2,8,-1,B01,1,0,2,8,1,0,3,BRIAND (AVENUE ARISTIDE) N° 162 A 300,0.0,,1,4,1,1,1,1,0,5,50,child
202100021320,2,9,2021,0 days 13:15:00,1,92,92007,2,1,1,3,BRIAND (AVENUE ARISTIDE) N° 162 A 300,"48,7919800000","2,3201000000",1,1,1,2000.0,0,8,0,-1,B01,1,0,2,8,1,0,3,BRIAND (AVENUE ARISTIDE) N° 162 A 300,0.0,,1,4,1,1,1,1,0,5,50,adult
202100021340,1,9,2021,0 days 18:45:00,1,71,71305,1,3,1,2,D55,"46,4597080000","4,8806120000",1,1,2,1983.0,2,1,-1,-1,A01,2,0,2,8,2,5,3,55,0.0,,2,1,0,1,1,1,0,1,80,child
202100021340,1,9,2021,0 days 18:45:00,1,71,71305,1,3,1,2,D55,"46,4597080000","4,8806120000",1,4,1,2004.0,5,0,-1,-1,A01,2,0,2,8,2,5,3,55,0.0,,2,1,0,1,1,1,0,1,80,adult
202100021350,2,9,2021,0 days 14:40:00,1,38,38345,1,1,1,2,D1532,"45,2005120000","5,4546130000",1,3,1,1937.0,5,2,-1,-1,A01,2,0,0,4,1,5,3,1532,0.0,,3,2,0,1,1,1,0,1,80,child
202100021350,2,9,2021,0 days 14:40:00,1,38,38345,1,1,1,2,D1532,"45,2005120000","5,4546130000",1,1,1,1987.0,4,1,-1,-1,A01,2,0,0,4,1,5,3,1532,0.0,,3,2,0,1,1,1,0,1,80,adult
202100021364,3,9,2021,0 days 10:14:00,1,40,40046,2,6,1,3,Avenue Henri Guillaumet,"44,3904410000"," -1,1662140000",1,3,1,1926.0,3,0,-1,-1,B01,3,0,2,0,1,5,4,,-1.0,,-1,2,1,1,2,1,0,1,50,child
202100021364,3,9,2021,0 days 10:14:00,1,40,40046,2,6,1,3,Avenue Henri Guillaumet,"44,3904410000"," -1,1662140000",1,1,2,1954.0,3,1,-1,-1,B01,3,0,2,0,1,5,4,,-1.0,,-1,2,1,1,2,1,0,1,50,adult
202100021378,3,9,2021,0 days 05:50:00,3,78,78263,1,1,8,5,RD 179,"48,7982600000","1,7169080000",1,1,1,1950.0,5,1,-1,-1,B01,1,0,2,4,2,5,3,179,-1.0,,2,2,0,1,1,2,0,1,80,child
202100021378,3,9,2021,0 days 05:50:00,3,78,78263,1,1,8,5,RD 179,"48,7982600000","1,7169080000",1,2,1,2004.0,5,0,-1,-1,B01,1,0,2,4,2,5,3,179,-1.0,,2,2,0,1,1,2,0,1,80,adult
202100021413,1,9,2021,0 days 16:19:00,1,973,97302,2,2,1,3,DIGUE RONJON,"4,9340308514"," -52,3292479813",1,1,1,1962.0,0,1,8,-1,B01,1,0,2,1,9,0,4,DIGUE RONJON,0.0,,2,1,0,1,1,1,0,1,50,child
202100021413,1,9,2021,0 days 16:19:00,1,973,97302,2,2,1,3,DIGUE RONJON,"4,9340308514"," -52,3292479813",1,4,1,2000.0,0,8,0,-1,B01,1,0,2,1,9,0,4,DIGUE RONJON,0.0,,2,1,0,1,1,1,0,1,50,adult
202100021444,1,9,2021,0 days 15:15:00,1,59,59009,2,9,1,3,8 MAI 1945 RUE DU A PARTIR DU N° 60,"50,6405400000","3,1553000000",1,4,2,1961.0,0,8,0,-1,B01,3,0,2,8,0,5,7,8 MAI 1945 RUE DU A PARTIR DU N° 60,0.0,,3,1,1,1,1,1,9,5,50,child
202100021444,1,9,2021,0 days 15:15:00,1,59,59009,2,9,1,3,8 MAI 1945 RUE DU A PARTIR DU N° 60,"50,6405400000","3,1553000000",1,1,2,1998.0,0,1,0,-1,B01,3,0,2,8,0,5,7,8 MAI 1945 RUE DU A PARTIR DU N° 60,0.0,,3,1,1,1,1,1,9,5,50,adult
202100021454,1,9,2021,0 days 14:50:00,1,44,44109,2,1,1,3,RUE GASTON MICHEL,"47,2096670000"," -1,5608430000",1,1,2,1952.0,0,1,0,-1,B01,0,0,0,0,0,5,4,RUE GASTON MICHEL,0.0,,2,2,1,1,1,1,0,5,30,child
202100021454,1,9,2021,0 days 14:50:00,1,44,44109,2,1,1,3,RUE GASTON MICHEL,"47,2096670000"," -1,5608430000",1,3,1,1983.0,0,8,0,-1,B01,0,0,0,0,0,5,4,RUE GASTON MICHEL,0.0,,2,2,1,1,1,1,0,5,30,adult
202100021459,1,9,2021,0 days 11:30:00,1,33,33318,2,9,1,3,Avenue Roger Chaumet,"44,8017300000"," -0,6350600000",1,1,1,1948.0,0,1,-1,-1,B01,0,0,2,8,1,6,4,AVE ROGER CHAUMET,0.0,,2,2,1,1,1,1,0,5,50,child
202100021459,1,9,2021,0 days 11:30:00,1,33,33318,2,9,1,3,Avenue Roger Chaumet,"44,8017300000"," -0,6350600000",1,4,1,2016.0,0,2,-1,-1,B01,0,0,2,8,1,6,4,AVE ROGER CHAUMET,0.0,,2,2,1,1,1,1,0,5,50,adult
202100021473,31,8,2021,0 days 09:38:00,1,10,10387,2,2,8,3,GENERAL CHARLES DELESTRAIN (RUE),"48,2903955450","4,0717852861",1,1,2,1933.0,9,1,0,-1,B01,1,0,2,8,1,5,4,GENERAL CHARLES DELESTRAIN (RUE),0.0,,2,2,0,2,1,1,0,1,50,child
202100021473,31,8,2021,0 days 09:38:00,1,10,10387,2,2,8,3,GENERAL CHARLES DELESTRAIN (RUE),"48,2903955450","4,0717852861",1,4,1,1996.0,1,8,0,-1,B01,1,0,2,8,1,5,4,GENERAL CHARLES DELESTRAIN (RUE),0.0,,2,2,0,2,1,1,0,1,50,adult
202100021502,1,9,2021,0 days 18:18:00,1,92,92040,2,2,1,6,VICTOR CRESSON (AVENUE) DU 02 AU 40,"48,8225851958","2,2680464387",1,4,1,1970.0,0,8,0,-1,A01,0,0,1,1,9,5,3,989,0.0,,2,2,0,1,1,1,0,1,50,child
202100021502,1,9,2021,0 days 18:18:00,1,92,92040,2,2,1,6,VICTOR CRESSON (AVENUE) DU 02 AU 40,"48,8225851958","2,2680464387",3,4,1,2006.0,0,0,-1,-1,A01,0,0,1,1,9,5,3,989,0.0,,2,2,0,1,1,1,0,1,50,adult
202100021522,1,9,2021,0 days 14:30:00,1,25,25320,1,2,1,3,Avenue de la Gare,"46,7879320000","6,2777420000",1,4,1,1945.0,5,2,-1,-1,B01,2,0,2,1,1,5,3,D9,-1.0,,2,2,0,1,1,1,5,1,70,child
202100021522,1,9,2021,0 days 14:30:00,1,25,25320,1,2,1,3,Avenue de la Gare,"46,7879320000","6,2777420000",1,1,1,1981.0,0,1,-1,-1,B01,2,0,2,1,1,5,3,D9,-1.0,,2,2,0,1,1,1,5,1,70,adult
202100021524,30,8,2021,0 days 16:00:00,1,29,29260,2,3,1,3,Rue de Pontavenec,"48,4264490000"," -4,6033470000",1,1,1,1939.0,3,1,-1,-1,A01,0,0,2,2,19,5,4,67,-1.0,,2,2,1,1,1,1,0,1,50,child
202100021524,30,8,2021,0 days 16:00:00,1,29,29260,2,3,1,3,Rue de Pontavenec,"48,4264490000"," -4,6033470000",1,4,1,2005.0,5,2,-1,-1,A01,0,0,2,2,19,5,4,67,-1.0,,2,2,1,1,1,1,0,1,50,adult
202100021572,27,5,2021,0 days 11:15:00,1,73,73002,1,1,1,1,D73,"45,5320900000","6,3067320000",1,1,2,1947.0,3,1,-1,-1,A01,2,4,2,1,1,5,3,73,-1.0,,2,2,0,2,4,1,8,1,-1,child
202100021572,27,5,2021,0 days 11:15:00,1,73,73002,1,1,1,1,D73,"45,5320900000","6,3067320000",1,3,1,1976.0,5,2,-1,-1,A01,2,4,2,1,1,5,3,73,-1.0,,2,2,0,2,4,1,8,1,-1,adult
202100021573,23,5,2021,0 days 11:40:00,1,73,73053,1,6,7,3,RD 925,"45,5515280000","6,2086160000",1,4,1,1951.0,5,2,-1,-1,B01,1,0,2,1,15,5,3,,-1.0,,-1,2,0,1,2,1,5,1,80,child
202100021573,23,5,2021,0 days 11:40:00,1,73,73053,1,6,7,3,RD 925,"45,5515280000","6,2086160000",1,1,2,1973.0,3,1,-1,-1,B01,1,0,2,1,15,5,3,,-1.0,,-1,2,0,1,2,1,5,1,80,adult
202100021590,31,8,2021,0 days 21:35:00,5,83,83137,2,3,1,3,CUNEO (BD DOCTEUR),"43,1075413829","5,9331222337",1,1,1,1981.0,0,8,0,-1,B01,2,0,2,1,1,5,4,CUNEO (BD DOCTEUR),0.0,,2,2,0,1,1,1,0,1,50,child
202100021590,31,8,2021,0 days 21:35:00,5,83,83137,2,3,1,3,CUNEO (BD DOCTEUR),"43,1075413829","5,9331222337",1,4,1,2005.0,0,8,0,-1,B01,2,0,2,1,1,5,4,CUNEO (BD DOCTEUR),0.0,,2,2,0,1,1,1,0,1,50,adult
202100021595,31,8,2021,0 days 15:37:00,1,76,76540,2,1,2,2,CORNEILLE. PONT PIERRE,"49,4358360584","1,0954999924",1,1,1,1958.0,5,1,-1,-1,A01,1,0,2,1,2,5,7,CORNEILLE. PONT PIERRE,0.0,,1,2,3,1,1,2,-1,1,50,child
202100021595,31,8,2021,0 days 15:37:00,1,76,76540,2,1,2,2,CORNEILLE. PONT PIERRE,"49,4358360584","1,0954999924",1,4,1,2004.0,5,2,-1,-1,A01,1,0,2,1,2,5,7,CORNEILLE. PONT PIERRE,0.0,,1,2,3,1,1,2,-1,1,50,adult
202100021596,30,8,2021,0 days 18:30:00,1,69,69266,2,2,1,3,NORD (DU) (R),"45,7638100000","4,8831700000",1,4,1,1971.0,0,8,-1,-1,B01,3,0,2,1,1,0,4,NORD      (Rue du),0.0,,1,1,2,1,1,1,0,1,50,child
202100021596,30,8,2021,0 days 18:30:00,1,69,69266,2,2,1,3,NORD (DU) (R),"45,7638100000","4,8831700000",1,1,2,1998.0,1,1,-1,-1,B01,3,0,2,1,1,0,4,NORD      (Rue du),0.0,,1,1,2,1,1,1,0,1,50,adult
202100021610,27,8,2021,0 days 11:30:00,1,56,56162,2,6,7,2,Giratoire de Kerlir D152,"47,7082400000"," -3,4211100000",1,3,1,1966.0,5,2,8,-1,B01,2,0,2,4,1,5,3,ROUTE DEPARTEMENTALE 152,0.0,,1,2,0,1,2,1,5,1,50,child
202100021610,27,8,2021,0 days 11:30:00,1,56,56162,2,6,7,2,Giratoire de Kerlir D152,"47,7082400000"," -3,4211100000",1,1,2,2000.0,4,1,8,-1,B01,2,0,2,4,1,5,3,ROUTE DEPARTEMENTALE 152,0.0,,1,2,0,1,2,1,5,1,50,adult
202100021612,30,8,2021,0 days 15:50:00,1,49,49099,2,4,1,3,NANCY (RUE DE),"47,0573800000"," -0,8479600000",1,3,1,1957.0,5,2,8,-1,B01,1,0,2,7,1,5,4,NANCY (RUE DE),0.0,,2,2,0,1,2,1,0,1,50,child
202100021612,30,8,2021,0 days 15:50:00,1,49,49099,2,4,1,3,NANCY (RUE DE),"47,0573800000"," -0,8479600000",1,1,2,1999.0,4,1,8,-1,B01,1,0,2,7,1,5,4,NANCY (RUE DE),0.0,,2,2,0,1,2,1,0,1,50,adult
202100021801,30,8,2021,0 days 13:15:00,1,75,75106,2,2,1,3,RUE DE VAUGIRARD,"48,8482380000","2,3310400000",1,4,2,1949.0,5,8,0,-1,B01,2,0,2,1,1,5,4,RUE DE VAUGIRARD,0.0,,2,2,0,1,1,1,0,1,30,child
202100021801,30,8,2021,0 days 13:15:00,1,75,75106,2,2,1,3,RUE DE VAUGIRARD,"48,8482380000","2,3310400000",1,1,1,1994.0,5,8,0,-1,B01,2,0,2,1,1,5,4,RUE DE VAUGIRARD,0.0,,2,2,0,1,1,1,0,1,30,adult
202100021866,30,8,2021,0 days 19:15:00,1,18,18226,1,1,1,3,D33,"47,1286950000","2,4638130000",1,1,1,1944.0,5,8,-1,-1,A01,1,0,2,1,15,5,3,33,0.0,,2,2,0,1,1,1,0,1,80,child
202100021866,30,8,2021,0 days 19:15:00,1,18,18226,1,1,1,3,D33,"47,1286950000","2,4638130000",1,3,1,2004.0,5,2,-1,-1,A01,1,0,2,1,15,5,3,33,0.0,,2,2,0,1,1,1,0,1,80,adult
202100021876,29,8,2021,0 days 18:00:00,1,971,97103,2,1,1,3,Rue Bernard Vaitilingon,"16,2362770000"," -61,6048590000",1,3,1,1975.0,0,2,6,-1,B01,1,0,0,3,2,5,4,,0.0,,2,2,0,1,1,1,0,1,50,child
202100021876,29,8,2021,0 days 18:00:00,1,971,97103,2,1,1,3,Rue Bernard Vaitilingon,"16,2362770000"," -61,6048590000",1,4,1,2005.0,5,0,-1,-1,B01,1,0,0,3,2,5,4,,0.0,,2,2,0,1,1,1,0,1,50,adult
202100021923,27,8,2021,0 days 15:10:00,1,65,65226,1,1,1,1,D64,"43,2409654402","0,0185206532",1,1,1,1961.0,5,1,-1,-1,B01,1,0,2,1,15,5,3,DEPARTEMENTALE 64 (ROUTE),0.0,,2,2,0,1,1,1,0,1,50,child
202100021923,27,8,2021,0 days 15:10:00,1,65,65226,1,1,1,1,D64,"43,2409654402","0,0185206532",1,4,2,2000.0,3,8,-1,-1,B01,1,0,2,1,15,5,3,DEPARTEMENTALE 64 (ROUTE),0.0,,2,2,0,1,1,1,0,1,50,adult
202100021925,29,8,2021,0 days 09:15:00,1,59,59328,2,1,2,3,HIPPODROME AV DE L N°237 AU389,"50,6448800000","3,0284100000",1,1,1,1938.0,5,1,0,-1,B01,3,0,2,1,0,5,7,HIPPODROME AV DE L N°237 AU389,0.0,,2,1,1,1,1,2,0,1,50,child
202100021925,29,8,2021,0 days 09:15:00,1,59,59328,2,1,2,3,HIPPODROME AV DE L N°237 AU389,"50,6448800000","3,0284100000",1,3,1,1994.0,5,2,0,-1,B01,3,0,2,1,0,5,7,HIPPODROME AV DE L N°237 AU389,0.0,,2,1,1,1,1,2,0,1,50,adult
202100021926,29,8,2021,0 days 12:50:00,1,59,59183,2,1,1,1,FORT MARDYCK - ROUTE,"51,0262400000","2,3151800000",1,4,1,1978.0,1,2,8,-1,B01,1,0,2,1,14,5,3,FORT MARDYCK - ROUTE,0.0,,2,2,0,1,1,1,0,1,50,child
202100021926,29,8,2021,0 days 12:50:00,1,59,59183,2,1,1,1,FORT MARDYCK - ROUTE,"51,0262400000","2,3151800000",1,4,1,2005.0,0,8,0,-1,B01,1,0,2,1,14,5,3,FORT MARDYCK - ROUTE,0.0,,2,2,0,1,1,1,0,1,50,adult
202100021935,29,8,2021,0 days 16:40:00,1,24,24037,2,9,1,3,PIMONT (BOULEVAR LOUIS),"44,8435500000","0,4845000000",1,4,1,1948.0,0,2,0,-1,B01,1,0,2,1,1,5,3,PIMONT (BOULEVAR LOUIS),0.0,,1,1,0,1,1,1,0,1,50,child
202100021935,29,8,2021,0 days 16:40:00,1,24,24037,2,9,1,3,PIMONT (BOULEVAR LOUIS),"44,8435500000","0,4845000000",1,1,1,1970.0,5,1,0,-1,B01,1,0,2,1,1,5,3,PIMONT (BOULEVAR LOUIS),0.0,,1,1,0,1,1,1,0,1,50,adult
202100022015,29,8,2021,0 days 22:16:00,3,77,77327,1,1,1,1,D619,"48,5715670000","2,9995890000",1,3,1,1977.0,5,0,-1,-1,B01,1,0,2,1,14,5,3,619,-1.0,,2,2,0,1,1,1,0,1,80,child
202100022015,29,8,2021,0 days 22:16:00,3,77,77327,1,1,1,1,D619,"48,5715670000","2,9995890000",1,1,2,2000.0,3,1,-1,-1,B01,1,0,2,1,14,5,3,619,-1.0,,2,2,0,1,1,1,0,1,80,adult
202100022025,26,8,2021,0 days 12:05:00,1,44,44026,2,6,7,2,Rue du Clouet,"47,3082920000"," -1,4805190000",1,1,1,1941.0,5,1,-1,-1,B01,1,0,2,4,1,5,7,09,-1.0,D,2,2,2,1,3,1,0,1,50,child
202100022025,26,8,2021,0 days 12:05:00,1,44,44026,2,6,7,2,Rue du Clouet,"47,3082920000"," -1,4805190000",1,4,1,1962.0,5,2,-1,-1,B01,1,0,2,4,1,5,7,09,-1.0,D,2,2,2,1,3,1,0,1,50,adult
202100022077,28,8,2021,0 days 15:20:00,1,45,45302,2,6,1,3,Rue Passe Debout,"47,9369299793","1,8869871497",2,1,1,1952.0,5,1,0,-1,B01,1,0,2,7,1,0,4,PASSE DEBOUT (RUE),0.0,,1,2,0,1,2,1,0,1,50,child
202100022077,28,8,2021,0 days 15:20:00,1,45,45302,2,6,1,3,Rue Passe Debout,"47,9369299793","1,8869871497",1,1,2,1975.0,5,1,0,-1,B01,1,0,2,7,1,0,4,PASSE DEBOUT (RUE),0.0,,1,2,0,1,2,1,0,1,50,adult
202100022077,28,8,2021,0 days 15:20:00,1,45,45302,2,6,1,3,Rue Passe Debout,"47,9369299793","1,8869871497",1,4,2,1988.0,0,2,-1,-1,B01,1,0,2,7,1,0,4,PASSE DEBOUT (RUE),0.0,,1,2,0,1,2,1,0,1,50,adult
202100022093,28,8,2021,0 days 22:15:00,5,17,17300,2,3,1,3,NORMANDIN   RUE EMILE,"46,1495000000"," -1,1446500000",1,1,2,1969.0,1,1,0,-1,B01,0,0,0,0,0,0,4,NORMANDIN   RUE EMILE,0.0,,2,2,0,2,1,1,0,5,30,child
202100022093,28,8,2021,0 days 22:15:00,5,17,17300,2,3,1,3,NORMANDIN   RUE EMILE,"46,1495000000"," -1,1446500000",1,4,1,2015.0,9,8,0,-1,B01,0,0,0,0,0,0,4,NORMANDIN   RUE EMILE,0.0,,2,2,0,2,1,1,0,5,30,adult
202100022106,27,8,2021,0 days 01:35:00,5,75,75105,2,2,1,1,RUE SOUFFLOT,"48,8468000000","2,3433470000",1,3,1,1967.0,9,2,0,-1,B01,0,0,2,0,1,5,4,RUE SOUFFLOT,0.0,,2,2,1,1,1,1,0,5,50,child
202100022106,27,8,2021,0 days 01:35:00,5,75,75105,2,2,1,1,RUE SOUFFLOT,"48,8468000000","2,3433470000",1,1,1,2001.0,5,1,0,-1,B01,0,0,2,0,1,5,4,RUE SOUFFLOT,0.0,,2,2,1,1,1,1,0,5,50,adult
202100022128,28,8,2021,0 days 10:55:00,1,92,92046,2,1,1,7,ETIENNE DOLET (RUE),"48,8164805186","2,2973200679",1,1,1,1976.0,5,8,0,-1,A01,2,0,0,6,1,6,4,ETIENNE DOLET (RUE),0.0,,2,1,0,1,1,1,0,1,30,child
202100022128,28,8,2021,0 days 10:55:00,1,92,92046,2,1,1,7,ETIENNE DOLET (RUE),"48,8164805186","2,2973200679",2,4,1,2015.0,5,2,8,-1,A01,2,0,0,6,1,6,4,ETIENNE DOLET (RUE),0.0,,2,1,0,1,1,1,0,1,30,adult
202100022165,28,8,2021,0 days 19:30:00,1,60,60471,2,3,1,3,Rue du Monchel,"49,5751835058","3,0053971083",1,1,1,1978.0,0,1,-1,-1,B01,3,0,2,1,15,5,4,0,0.0,R,2,2,0,1,1,1,0,1,50,child
202100022165,28,8,2021,0 days 19:30:00,1,60,60471,2,3,1,3,Rue du Monchel,"49,5751835058","3,0053971083",1,3,1,2008.0,0,0,-1,-1,B01,3,0,2,1,15,5,4,0,0.0,R,2,2,0,1,1,1,0,1,50,adult
202100022217,27,8,2021,0 days 08:40:00,1,69,69387,2,3,1,3,GUILLOTIERE (DE LA) (GR),"45,7473600000","4,8582600000",1,1,1,1969.0,0,8,-1,-1,B01,2,0,2,7,15,5,4,GUILLOTIERE (DE LA)                 (GR),0.0,,1,1,2,1,1,1,0,1,50,child
202100022217,27,8,2021,0 days 08:40:00,1,69,69387,2,3,1,3,GUILLOTIERE (DE LA) (GR),"45,7473600000","4,8582600000",1,4,2,1990.0,1,8,-1,-1,B01,2,0,2,7,15,5,4,GUILLOTIERE (DE LA)                 (GR),0.0,,1,1,2,1,1,1,0,1,50,adult
202100022233,26,8,2021,0 days 19:00:00,1,67,67482,2,4,7,3,BOECKLIN (RUE),"48,6010800000","7,7818000000",1,4,2,1955.0,0,8,0,-1,B01,2,0,2,0,1,5,4,,0.0,,1,1,1,1,1,1,5,1,50,child
202100022233,26,8,2021,0 days 19:00:00,1,67,67482,2,4,7,3,BOECKLIN (RUE),"48,6010800000","7,7818000000",1,1,1,1980.0,0,1,8,-1,B01,2,0,2,0,1,5,4,,0.0,,1,1,1,1,1,1,5,1,50,adult
202100022251,27,8,2021,0 days 07:25:00,1,54,54395,2,4,1,3,VILLERS (RUE DE),"48,6852490599","6,1665079157",1,1,1,1956.0,0,1,0,-1,B01,1,0,2,8,1,5,4,VILLERS (RUE DE),0.0,,1,1,2,4,1,1,-1,1,30,child
202100022251,27,8,2021,0 days 07:25:00,1,54,54395,2,4,1,3,VILLERS (RUE DE),"48,6852490599","6,1665079157",1,3,1,1994.0,0,2,0,-1,B01,1,0,2,8,1,5,4,VILLERS (RUE DE),0.0,,1,1,2,4,1,1,-1,1,30,adult
202100022255,26,8,2021,0 days 18:45:00,1,49,49099,2,6,1,3,PLACE DE LA MUNICIPALITE REGIONALE  DU C,"47,0708300000"," -0,8418100000",1,1,2,1973.0,1,1,8,-1,B01,3,0,2,1,1,5,3,PLACE DE LA MUNICIPALITE REGIONALE  DU C,0.0,,1,2,0,1,3,1,0,1,50,child
202100022255,26,8,2021,0 days 18:45:00,1,49,49099,2,6,1,3,PLACE DE LA MUNICIPALITE REGIONALE  DU C,"47,0708300000"," -0,8418100000",1,4,2,1997.0,3,8,0,-1,B01,3,0,2,1,1,5,3,PLACE DE LA MUNICIPALITE REGIONALE  DU C,0.0,,1,2,0,1,3,1,0,1,50,adult
202100022263,27,8,2021,0 days 18:40:00,1,37,37261,2,2,1,6,CHANZY (RUE DU GENERAL),"47,3890866333","0,6730881986",1,1,1,1973.0,0,1,0,-1,A01,2,0,2,2,1,0,4,CHANZY (RUE DU GENERAL),0.0,,1,1,0,1,1,1,0,1,50,child
202100022263,27,8,2021,0 days 18:40:00,1,37,37261,2,2,1,6,CHANZY (RUE DU GENERAL),"47,3890866333","0,6730881986",1,4,1,1998.0,4,8,0,-1,A01,2,0,2,2,1,0,4,CHANZY (RUE DU GENERAL),0.0,,1,1,0,1,1,1,0,1,50,adult
202100022270,27,8,2021,0 days 17:35:00,1,33,33009,2,9,1,1,CELERIER (RUE),"44,6579900000"," -1,1483500000",1,1,2,1938.0,0,1,-1,-1,B01,0,0,2,8,1,5,4,CELERIER (RUE),0.0,,2,-1,0,1,1,1,0,1,50,child
202100022270,27,8,2021,0 days 17:35:00,1,33,33009,2,9,1,1,CELERIER (RUE),"44,6579900000"," -1,1483500000",1,4,1,1994.0,5,2,-1,-1,B01,0,0,2,8,1,5,4,CELERIER (RUE),0.0,,2,-1,0,1,1,1,0,1,50,adult
202100022321,28,8,2021,0 days 14:25:00,1,54,54067,1,1,1,3,D643 PK 41-500,"49,4354270000","5,6595039368",1,3,1,1949.0,5,2,-1,-1,B01,1,0,2,8,13,5,3,643,0.0,,2,2,0,2,1,1,0,1,80,child
202100022321,28,8,2021,0 days 14:25:00,1,54,54067,1,1,1,3,D643 PK 41-500,"49,4354270000","5,6595039368",1,1,2,1996.0,1,1,-1,-1,B01,1,0,2,8,13,5,3,643,0.0,,2,2,0,2,1,1,0,1,80,adult