Num_Acc,jour,mois,an,hrmn,lum,dep,com,agg,int,atm,col,adr,lat,long,catu,grav,sexe,an_nais,trajet,secu1,secu2,secu3,num_veh_y,senc,obs,obsm,choc,manv,motor,catr,voie,v1,v2,circ,nbv,vosp,prof,plan,surf,infra,situ,vma,age
202100022330,26,8,2021,0 days 07:45:00,2,65,65057,1,1,7,3,D936 ,"43,1953570000"," -0,0006440000",1,1,2,1959.0,1,1,-1,-1,B01,2,0,2,8,1,5,3,936,-1.0,,2,2,0,1,1,1,0,1,80,child
202100022330,26,8,2021,0 days 07:45:00,2,65,65057,1,1,7,3,D936 ,"43,1953570000"," -0,0006440000",1,3,1,1994.0,1,0,-1,-1,B01,2,0,2,8,1,5,3,936,-1.0,,2,2,0,1,1,1,0,1,80,adult
202100022371,27,8,2021,0 days 19:20:00,3,973,97305,1,1,1,5,CD5,"4,9823070000"," -52,4691050000",1,4,1,1967.0,1,0,-1,-1,C01,2,0,0,4,2,5,3,CD5,-1.0,,2,2,0,1,1,1,0,1,80,child
202100022371,27,8,2021,0 days 19:20:00,3,973,97305,1,1,1,5,CD5,"4,9823070000"," -52,4691050000",1,3,1,1975.0,1,0,-1,-1,C01,2,0,0,4,2,5,3,CD5,-1.0,,2,2,0,1,1,1,0,1,80,adult
202100022371,27,8,2021,0 days 19:20:00,3,973,97305,1,1,1,5,CD5,"4,9823070000"," -52,4691050000",1,1,1,1989.0,1,1,-1,-1,C01,2,0,0,4,2,5,3,CD5,-1.0,,2,2,0,1,1,1,0,1,80,adult
202100022441,26,8,2021,0 days 14:15:00,1,35,35238,2,1,1,3,CHALAIS (SQUARE DES HAUTES),"48,0910596326"," -1,6786048150",1,1,2,1972.0,9,1,-1,-1,B01,1,1,0,1,1,5,4,CHALAIS (SQUARE DES HAUTES),0.0,,2,2,1,1,1,1,0,5,50,child
202100022441,26,8,2021,0 days 14:15:00,1,35,35238,2,1,1,3,CHALAIS (SQUARE DES HAUTES),"48,0910596326"," -1,6786048150",1,4,1,2007.0,5,2,-1,-1,B01,1,1,0,1,1,5,4,CHALAIS (SQUARE DES HAUTES),0.0,,2,2,1,1,1,1,0,5,50,adult
202100022459,26,8,2021,0 days 09:40:00,1,13,13005,1,1,1,3,NATIONALE 8 DE PARIS A TOULON (ROUTE),"43,2813240000","5,6052580000",1,4,1,1946.0,5,2,8,-1,B01,2,0,0,0,0,5,7,NATIONALE 8 DE PARIS A TOULON (ROUTE),0.0,,1,2,0,2,2,1,0,1,50,child
202100022459,26,8,2021,0 days 09:40:00,1,13,13005,1,1,1,3,NATIONALE 8 DE PARIS A TOULON (ROUTE),"43,2813240000","5,6052580000",1,1,1,1976.0,1,1,8,-1,B01,2,0,0,0,0,5,7,NATIONALE 8 DE PARIS A TOULON (ROUTE),0.0,,1,2,0,2,2,1,0,1,50,adult
202100022476,26,8,2021,0 days 02:05:00,5,94,94041,2,2,1,3,Rue Paul Andrieux,"48,8129800000","2,3702100000",1,1,1,1966.0,4,1,0,-1,B01,1,0,2,1,1,5,3,VERDUN (AV DE),0.0,,1,8,1,1,1,1,5,5,50,child
202100022476,26,8,2021,0 days 02:05:00,5,94,94041,2,2,1,3,Rue Paul Andrieux,"48,8129800000","2,3702100000",1,4,1,2002.0,9,0,0,-1,B01,1,0,2,1,1,5,3,VERDUN (AV DE),0.0,,1,8,1,1,1,1,5,5,50,adult
202100022497,27,8,2021,0 days 08:50:00,1,62,62571,2,1,1,5,Rue Camille Delacroix,"50,4583610000","1,6014450000",1,1,1,1947.0,5,1,-1,-1,B01,1,0,2,3,1,5,3,144,3.0,E,2,2,0,1,1,2,0,1,50,child
202100022497,27,8,2021,0 days 08:50:00,1,62,62571,2,1,1,5,Rue Camille Delacroix,"50,4583610000","1,6014450000",1,1,2,1991.0,5,1,-1,-1,B01,1,0,2,3,1,5,3,144,3.0,E,2,2,0,1,1,2,0,1,50,adult
202100022497,27,8,2021,0 days 08:50:00,1,62,62571,2,1,1,5,Rue Camille Delacroix,"50,4583610000","1,6014450000",1,3,1,2006.0,5,2,-1,-1,B01,1,0,2,3,1,5,3,144,3.0,E,2,2,0,1,1,2,0,1,50,adult
202100022524,26,8,2021,0 days 11:40:00,1,03,03029,1,1,1,3,Lieu Dit Fontcroze,"46,2404440000","3,4401910000",1,3,1,1937.0,5,2,-1,-1,B01,2,0,2,3,1,5,3,130,0.0,,2,2,0,1,1,1,0,1,90,child
202100022524,26,8,2021,0 days 11:40:00,1,03,03029,1,1,1,3,Lieu Dit Fontcroze,"46,2404440000","3,4401910000",1,1,1,1964.0,4,8,-1,-1,B01,2,0,2,3,1,5,3,130,0.0,,2,2,0,1,1,1,0,1,90,adult
202100022535,27,8,2021,0 days 08:20:00,1,40,40255,1,2,5,3,Route de Pujo,"43,8791460000"," -0,3450180000",1,3,1,1948.0,5,2,-1,-1,A01,3,0,2,1,19,5,3,396,-1.0,,2,2,0,1,1,1,0,1,80,child
202100022535,27,8,2021,0 days 08:20:00,1,40,40255,1,2,5,3,Route de Pujo,"43,8791460000"," -0,3450180000",2,1,1,1979.0,3,1,-1,-1,A01,3,0,2,1,19,5,3,396,-1.0,,2,2,0,1,1,1,0,1,80,adult
202100022535,27,8,2021,0 days 08:20:00,1,40,40255,1,2,5,3,Route de Pujo,"43,8791460000"," -0,3450180000",1,1,1,2002.0,3,1,-1,-1,A01,3,0,2,1,19,5,3,396,-1.0,,2,2,0,1,1,1,0,1,80,adult
202100022547,26,8,2021,0 days 10:38:00,1,05,05079,1,1,1,5,D1091,"45,0427450762","6,4164431651",1,1,1,1950.0,5,1,-1,-1,C01,1,0,2,1,5,5,3,1091,0.0,D,2,2,0,2,4,1,0,1,90,child
202100022547,26,8,2021,0 days 10:38:00,1,05,05079,1,1,1,5,D1091,"45,0427450762","6,4164431651",1,3,1,1972.0,5,2,-1,-1,C01,1,0,2,1,5,5,3,1091,0.0,D,2,2,0,2,4,1,0,1,90,adult
202100022547,26,8,2021,0 days 10:38:00,1,05,05079,1,1,1,5,D1091,"45,0427450762","6,4164431651",1,3,1,1982.0,5,2,-1,-1,C01,1,0,2,1,5,5,3,1091,0.0,D,2,2,0,2,4,1,0,1,90,adult
202100022547,26,8,2021,0 days 10:38:00,1,05,05079,1,1,1,5,D1091,"45,0427450762","6,4164431651",1,3,1,1985.0,5,2,-1,-1,C01,1,0,2,1,5,5,3,1091,0.0,D,2,2,0,2,4,1,0,1,90,adult
202100022689,24,8,2021,0 days 17:45:00,1,69,69383,2,3,1,3,DAUPHINE (DU) (R),"45,7499100000","4,8605600000",1,4,2,1962.0,1,0,-1,-1,B01,1,0,2,8,0,5,4,DAUPHINE (DU)                       (R ),0.0,,2,2,2,1,1,1,0,1,50,child
202100022689,24,8,2021,0 days 17:45:00,1,69,69383,2,3,1,3,DAUPHINE (DU) (R),"45,7499100000","4,8605600000",1,1,1,1994.0,1,8,-1,-1,B01,1,0,2,8,0,5,4,DAUPHINE (DU)                       (R ),0.0,,2,2,2,1,1,1,0,1,50,adult
202100022701,23,8,2021,0 days 16:00:00,1,76,76351,2,2,1,3,RICHELIEU,"49,4893700000","0,1029600000",1,4,1,1957.0,4,2,-1,-1,B01,0,0,2,8,1,5,4,RICHELIEU,0.0,,2,2,0,1,1,1,0,1,50,child
202100022701,23,8,2021,0 days 16:00:00,1,76,76351,2,2,1,3,RICHELIEU,"49,4893700000","0,1029600000",1,1,1,1999.0,0,1,-1,-1,B01,0,0,2,8,1,5,4,RICHELIEU,0.0,,2,2,0,1,1,1,0,1,50,adult
202100022706,23,8,2021,0 days 17:05:00,1,64,64445,2,1,1,3,BUROS DE,"43,3233100000"," -0,3465000000",1,1,1,1981.0,9,1,8,-1,A01,3,0,2,1,19,5,4,BUROS DE,0.0,,2,2,0,1,1,1,0,1,30,child
202100022706,23,8,2021,0 days 17:05:00,1,64,64445,2,1,1,3,BUROS DE,"43,3233100000"," -0,3465000000",1,4,1,2012.0,5,8,0,-1,A01,3,0,2,1,19,5,4,BUROS DE,0.0,,2,2,0,1,1,1,0,1,30,adult
202100022722,24,8,2021,0 days 06:50:00,2,31,31557,2,1,1,1,MARQUISAT (AV DU),"43,5780300000","1,3519400000",1,3,1,1969.0,1,8,0,-1,B01,1,0,2,1,1,5,7,MARQUISAT (AV DU),0.0,,2,2,1,2,2,1,0,5,20,child
202100022722,24,8,2021,0 days 06:50:00,2,31,31557,2,1,1,1,MARQUISAT (AV DU),"43,5780300000","1,3519400000",1,4,1,1996.0,5,2,0,-1,B01,1,0,2,1,1,5,7,MARQUISAT (AV DU),0.0,,2,2,1,2,2,1,0,5,20,adult
202100022760,24,8,2021,0 days 18:40:00,1,92,92049,2,1,1,2,CHATEAUBRIAND RUE DE,"48,8117100000","2,3092300000",1,1,1,1959.0,4,1,0,-1,B01,2,0,2,1,2,5,4,CHATEAUBRIAND RUE DE,0.0,,1,1,0,1,1,1,0,1,30,child
202100022760,24,8,2021,0 days 18:40:00,1,92,92049,2,1,1,2,CHATEAUBRIAND RUE DE,"48,8117100000","2,3092300000",1,4,1,1990.0,1,2,0,-1,B01,2,0,2,1,2,5,4,CHATEAUBRIAND RUE DE,0.0,,1,1,0,1,1,1,0,1,30,adult
202100022793,20,8,2021,0 days 18:15:00,1,80,80021,1,1,1,3,ANDRE DUROUCHEZ (RUE),"49,9310495701","2,2780133666",1,1,1,1970.0,1,1,-1,-1,A01,0,0,2,1,1,5,6,ANDRE DUROUCHEZ (RUE),0.0,,-1,-1,1,1,1,1,0,5,50,child
202100022793,20,8,2021,0 days 18:15:00,1,80,80021,1,1,1,3,ANDRE DUROUCHEZ (RUE),"49,9310495701","2,2780133666",1,4,1,1995.0,0,2,-1,-1,A01,0,0,2,1,1,5,6,ANDRE DUROUCHEZ (RUE),0.0,,-1,-1,1,1,1,1,0,5,50,adult
202100022851,23,8,2021,0 days 12:30:00,1,64,64256,2,1,1,2,2 Route de Cambo,"43,3821200000"," -1,3133440000",1,3,1,1956.0,5,2,-1,-1,B01,2,0,0,4,1,5,3,22,-1.0,,2,2,0,1,1,1,0,1,70,child
202100022851,23,8,2021,0 days 12:30:00,1,64,64256,2,1,1,2,2 Route de Cambo,"43,3821200000"," -1,3133440000",1,1,2,1995.0,1,1,-1,-1,B01,2,0,0,4,1,5,3,22,-1.0,,2,2,0,1,1,1,0,1,70,adult
202100022866,19,8,2021,0 days 17:25:00,1,45,45210,2,3,1,3,D93,"47,8570760000","2,8246280000",1,4,1,1952.0,5,2,-1,-1,A01,1,0,2,6,1,5,3,93,-1.0,,2,2,0,2,3,1,0,1,50,child
202100022866,19,8,2021,0 days 17:25:00,1,45,45210,2,3,1,3,D93,"47,8570760000","2,8246280000",1,1,2,1990.0,3,8,-1,-1,A01,1,0,2,6,1,5,3,93,-1.0,,2,2,0,2,3,1,0,1,50,adult
202100022874,24,8,2021,0 days 06:25:00,3,33,33517,1,1,1,1,D2,"45,0492440000"," -0,6923320000",1,1,1,1961.0,4,1,-1,-1,A01,2,0,2,1,0,5,3,d2,0.0,,2,2,0,1,1,1,0,1,80,child
202100022874,24,8,2021,0 days 06:25:00,3,33,33517,1,1,1,1,D2,"45,0492440000"," -0,6923320000",1,3,1,1988.0,1,0,-1,-1,A01,2,0,2,1,0,5,3,d2,0.0,,2,2,0,1,1,1,0,1,80,adult
202100022879,24,8,2021,0 days 14:45:00,1,60,60170,1,1,1,3,Route du Moulin de la Vallée,"49,1972854420","2,5452930292",1,1,2,1978.0,5,1,-1,-1,A01,3,0,2,3,5,5,4,,-1.0,,2,2,0,1,4,1,0,1,30,child
202100022879,24,8,2021,0 days 14:45:00,1,60,60170,1,1,1,3,Route du Moulin de la Vallée,"49,1972854420","2,5452930292",1,4,1,2003.0,5,2,-1,-1,A01,3,0,2,3,5,5,4,,-1.0,,2,2,0,1,4,1,0,1,30,adult
202100022892,7,4,2021,0 days 15:15:00,1,26,26362,2,1,1,3,105 Avenue de Romans,"44,9339050000","4,9043470000",1,4,1,1961.0,0,2,0,-1,B01,3,0,2,8,1,5,4,ROMANS AVENUE DE (103),0.0,,2,2,1,1,1,1,0,5,50,child
202100022892,7,4,2021,0 days 15:15:00,1,26,26362,2,1,1,3,105 Avenue de Romans,"44,9339050000","4,9043470000",1,1,2,1999.0,4,1,0,-1,B01,3,0,2,8,1,5,4,ROMANS AVENUE DE (103),0.0,,2,2,1,1,1,1,0,5,50,adult
202100022915,22,8,2021,0 days 15:40:00,1,33,33529,1,1,1,3,BISCAROSSE (AVE) DUNE VERS BISCA,"44,5695200000"," -1,2268100000",1,3,1,1957.0,5,2,-1,-1,A01,1,0,2,0,2,2,3,BISCAROSSE (AVE) DUNE VERS BISCA,0.0,,2,2,1,1,1,1,0,5,30,child
202100022915,22,8,2021,0 days 15:40:00,1,33,33529,1,1,1,3,BISCAROSSE (AVE) DUNE VERS BISCA,"44,5695200000"," -1,2268100000",1,4,1,1980.0,0,2,-1,-1,A01,1,0,2,0,2,2,3,BISCAROSSE (AVE) DUNE VERS BISCA,0.0,,2,2,1,1,1,1,0,5,30,adult
202100022936,23,8,2021,0 days 14:55:00,1,86,86276,1,1,1,2,D741 PK40.500,"46,2538970000","0,5235310000",1,4,1,1969.0,4,1,-1,-1,B01,2,0,0,4,0,5,3,741,-1.0,,2,2,0,3,1,1,0,1,90,child
202100022936,23,8,2021,0 days 14:55:00,1,86,86276,1,1,1,2,D741 PK40.500,"46,2538970000","0,5235310000",1,2,1,1996.0,3,0,-1,-1,B01,2,0,0,4,0,5,3,741,-1.0,,2,2,0,3,1,1,0,1,90,adult
202100023033,25,7,2021,0 days 11:35:00,1,83,83069,2,1,1,1,TOULON RD 554 (AVENUE DE),"43,1258200000","6,1105200000",1,1,2,1967.0,0,1,8,-1,B01,2,0,2,1,13,5,7,TOULON RD 554 (AVENUE DE),0.0,,2,2,0,1,1,1,0,1,50,child
202100023033,25,7,2021,0 days 11:35:00,1,83,83069,2,1,1,1,TOULON RD 554 (AVENUE DE),"43,1258200000","6,1105200000",1,3,1,1996.0,5,2,8,-1,B01,2,0,2,1,13,5,7,TOULON RD 554 (AVENUE DE),0.0,,2,2,0,1,1,1,0,1,50,adult
202100023049,2,8,2021,0 days 15:00:00,1,64,64260,2,1,1,2,CORNICHE (ROUTE DE LA),"43,3751000000"," -1,7609300000",1,1,1,1962.0,0,1,0,-1,A01,1,0,2,1,1,5,3,CORNICHE (ROUTE DE LA),0.0,,2,2,1,2,1,1,9,5,50,child
202100023049,2,8,2021,0 days 15:00:00,1,64,64260,2,1,1,2,CORNICHE (ROUTE DE LA),"43,3751000000"," -1,7609300000",1,4,1,2006.0,0,2,0,-1,A01,1,0,2,1,1,5,3,CORNICHE (ROUTE DE LA),0.0,,2,2,1,2,1,1,9,5,50,adult
202100023058,24,7,2021,0 days 17:50:00,1,56,56162,1,1,1,3,MEZ (RORH),"47,7064800000"," -3,4144300000",1,4,2,1941.0,5,8,8,-1,A01,1,0,2,1,13,5,4,MEZ (RORH),0.0,,2,2,0,1,2,2,0,1,50,child
202100023058,24,7,2021,0 days 17:50:00,1,56,56162,1,1,1,3,MEZ (RORH),"47,7064800000"," -3,4144300000",1,1,1,1986.0,9,1,8,-1,A01,1,0,2,1,13,5,4,MEZ (RORH),0.0,,2,2,0,1,2,2,0,1,50,adult
202100023145,21,8,2021,0 days 19:45:00,1,93,93010,2,1,1,3,GUESDES (RUE JULES),"48,9038580000","2,4752720000",3,4,2,1952.0,0,0,-1,-1,A01,1,0,1,1,1,5,4,GUESDES (RUE JULES),0.0,,2,2,0,1,1,1,0,1,30,child
202100023145,21,8,2021,0 days 19:45:00,1,93,93010,2,1,1,3,GUESDES (RUE JULES),"48,9038580000","2,4752720000",1,1,1,1986.0,0,8,0,-1,A01,1,0,1,1,1,5,4,GUESDES (RUE JULES),0.0,,2,2,0,1,1,1,0,1,30,adult
202100023176,21,8,2021,0 days 15:35:00,1,70,70421,2,3,1,3,17 Rue Gilberte Lavaire,"47,6891610000","6,0424430000",1,3,2,1959.0,5,2,-1,-1,B01,2,0,2,3,15,5,3,19,0.0,,2,1,0,2,1,1,0,1,50,child
202100023176,21,8,2021,0 days 15:35:00,1,70,70421,2,3,1,3,17 Rue Gilberte Lavaire,"47,6891610000","6,0424430000",1,1,2,1995.0,0,1,-1,-1,B01,2,0,2,3,15,5,3,19,0.0,,2,1,0,2,1,1,0,1,50,adult
202100023242,4,4,2021,0 days 14:00:00,1,69,69091,2,3,1,3,ANATOLE FRANCE (AV),"45,5754100000","4,7903900000",1,4,1,1958.0,5,8,0,-1,A01,1,0,2,7,1,5,7,ANATOLE FRANCE (AV),0.0,,2,2,1,1,1,1,9,1,50,child
202100023242,4,4,2021,0 days 14:00:00,1,69,69091,2,3,1,3,ANATOLE FRANCE (AV),"45,5754100000","4,7903900000",1,1,1,2001.0,5,1,-1,-1,A01,1,0,2,7,1,5,7,ANATOLE FRANCE (AV),0.0,,2,2,1,1,1,1,9,1,50,adult
202100023276,20,8,2021,0 days 12:17:00,1,51,51055,1,1,1,2,D966,"49,2976633694","4,0288951993",1,1,1,1962.0,1,1,-1,-1,B01,1,0,2,4,15,0,3,MONSEIGNEUR BEJOT (RUE),0.0,,2,2,0,1,1,1,0,1,80,child
202100023276,20,8,2021,0 days 12:17:00,1,51,51055,1,1,1,2,D966,"49,2976633694","4,0288951993",1,4,1,2000.0,0,2,-1,-1,B01,1,0,2,4,15,0,3,MONSEIGNEUR BEJOT (RUE),0.0,,2,2,0,1,1,1,0,1,80,adult
202100023279,20,8,2021,0 days 14:50:00,1,45,45147,2,3,1,1,Rue Frédéric et Hélène Joliot Curie,"47,9445836330","1,9175037088",1,1,1,1962.0,3,1,0,-1,B01,3,0,2,1,15,5,4,JOIOT CURIE (RUE FREDERIC JOLIOT CURIE),0.0,,2,4,0,1,1,1,0,1,50,child
202100023279,20,8,2021,0 days 14:50:00,1,45,45147,2,3,1,1,Rue Frédéric et Hélène Joliot Curie,"47,9445836330","1,9175037088",1,4,1,1984.0,1,8,0,-1,B01,3,0,2,1,15,5,4,JOIOT CURIE (RUE FREDERIC JOLIOT CURIE),0.0,,2,4,0,1,1,1,0,1,50,adult
202100023298,20,8,2021,0 days 14:50:00,1,17,17300,2,2,1,3,GUITON   AVENUE JEAN (1-7 et 2),"46,1583600000"," -1,1576500000",1,4,2,1951.0,5,2,8,-1,A01,3,0,2,4,15,5,4,GUITON   AVENUE JEAN (1-7 et 2),0.0,,2,4,2,1,1,1,0,1,30,child
202100023298,20,8,2021,0 days 14:50:00,1,17,17300,2,2,1,3,GUITON   AVENUE JEAN (1-7 et 2),"46,1583600000"," -1,1576500000",1,1,1,1977.0,5,2,6,-1,A01,3,0,2,4,15,5,4,GUITON   AVENUE JEAN (1-7 et 2),0.0,,2,4,2,1,1,1,0,1,30,adult
202100023309,20,8,2021,0 days 15:25:00,1,05,05023,2,9,1,3,MAISONS BLANCHES (RUE DES),"44,8831200000","6,6285800000",1,1,1,1960.0,4,8,0,-1,A01,3,0,2,1,16,5,4,MAISONS BLANCHES (RUE DES),0.0,,2,2,0,1,1,1,0,1,50,child
202100023309,20,8,2021,0 days 15:25:00,1,05,05023,2,9,1,3,MAISONS BLANCHES (RUE DES),"44,8831200000","6,6285800000",1,4,1,2011.0,5,8,0,-1,A01,3,0,2,1,16,5,4,MAISONS BLANCHES (RUE DES),0.0,,2,2,0,1,1,1,0,1,50,adult
202100023349,20,8,2021,0 days 15:45:00,1,29,29037,2,1,1,5,13bis Rue de l Odet,"47,8760186832"," -4,1318826377",1,3,1,1939.0,5,2,-1,-1,C01,1,0,2,1,1,5,4,18,0.0,,2,2,1,1,1,1,0,1,30,child
202100023349,20,8,2021,0 days 15:45:00,1,29,29037,2,1,1,5,13bis Rue de l Odet,"47,8760186832"," -4,1318826377",1,1,2,1944.0,5,1,-1,-1,C01,1,0,2,1,1,5,4,18,0.0,,2,2,1,1,1,1,0,1,30,adult
202100023349,20,8,2021,0 days 15:45:00,1,29,29037,2,1,1,5,13bis Rue de l Odet,"47,8760186832"," -4,1318826377",2,4,1,2006.0,5,2,6,-1,C01,1,0,2,1,1,5,4,18,0.0,,2,2,1,1,1,1,0,1,30,adult
202100023364,16,8,2021,0 days 15:00:00,1,30,30059,2,2,1,6,Boulevard Gambetta,"43,6731020000","4,2368010000",1,1,1,1932.0,5,1,-1,-1,B01,2,0,2,8,5,5,3,104,-1.0,D,2,2,0,1,1,1,5,1,50,child
202100023364,16,8,2021,0 days 15:00:00,1,30,30059,2,2,1,6,Boulevard Gambetta,"43,6731020000","4,2368010000",1,4,1,2011.0,5,0,-1,-1,B01,2,0,2,8,5,5,3,104,-1.0,D,2,2,0,1,1,1,5,1,50,adult
202100023379,21,8,2021,0 days 10:00:00,1,38,38565,1,1,1,4,Chemin des Digues,"45,2966450000","5,6166150000",1,3,1,1947.0,5,2,-1,-1,D01,3,0,2,1,2,5,9,,0.0,,2,2,0,1,1,1,0,5,50,child
202100023379,21,8,2021,0 days 10:00:00,1,38,38565,1,1,1,4,Chemin des Digues,"45,2966450000","5,6166150000",1,4,1,1960.0,5,2,-1,-1,D01,3,0,2,1,2,5,9,,0.0,,2,2,0,1,1,1,0,5,50,adult
202100023379,21,8,2021,0 days 10:00:00,1,38,38565,1,1,1,4,Chemin des Digues,"45,2966450000","5,6166150000",1,4,1,1968.0,5,2,-1,-1,D01,3,0,2,1,2,5,9,,0.0,,2,2,0,1,1,1,0,5,50,adult
202100023379,21,8,2021,0 days 10:00:00,1,38,38565,1,1,1,4,Chemin des Digues,"45,2966450000","5,6166150000",1,4,1,1973.0,5,2,-1,-1,D01,3,0,2,1,2,5,9,,0.0,,2,2,0,1,1,1,0,5,50,adult
202100023386,20,8,2021,0 days 18:30:00,1,59,59659,2,9,1,1,Rue de Verdun,"50,0181290000","4,0239040000",1,1,2,1967.0,0,1,-1,-1,A01,2,0,2,1,5,5,3,964,0.0,D,2,2,0,4,3,1,0,1,50,child
202100023386,20,8,2021,0 days 18:30:00,1,59,59659,2,9,1,1,Rue de Verdun,"50,0181290000","4,0239040000",1,3,1,2004.0,5,2,-1,-1,A01,2,0,2,1,5,5,3,964,0.0,D,2,2,0,4,3,1,0,1,50,adult
202100023434,19,8,2021,0 days 21:25:00,2,33,33529,2,6,1,3,Avenue de l’Ermitage,"44,6322600000"," -1,2030400000",1,4,1,1951.0,0,0,-1,-1,B01,3,0,2,7,1,5,3,ERMITAGE (AVE DE L'),0.0,,2,2,0,1,1,1,0,1,50,child
202100023434,19,8,2021,0 days 21:25:00,2,33,33529,2,6,1,3,Avenue de l’Ermitage,"44,6322600000"," -1,2030400000",1,1,1,1973.0,0,1,-1,-1,B01,3,0,2,7,1,5,3,ERMITAGE (AVE DE L'),0.0,,2,2,0,1,1,1,0,1,50,adult
202100023439,17,8,2021,0 days 13:10:00,1,22,22278,2,6,1,2,GALLOIS (CARREFOUR DES),"48,4973168164"," -2,7471711501",1,4,1,1939.0,9,2,8,-1,B01,2,0,2,7,15,5,3,GALLOIS (CARREFOUR DES),0.0,,1,1,0,1,2,1,0,1,50,child
202100023439,17,8,2021,0 days 13:10:00,1,22,22278,2,6,1,2,GALLOIS (CARREFOUR DES),"48,4973168164"," -2,7471711501",1,1,1,1967.0,0,1,0,-1,B01,2,0,2,7,15,5,3,GALLOIS (CARREFOUR DES),0.0,,1,1,0,1,2,1,0,1,50,adult
202100023452,18,8,2021,0 days 13:20:00,1,75,75105,2,2,1,3,RUE CLAUDE BERNARD,"48,8402750000","2,3460330000",1,4,2,1952.0,5,2,0,-1,A01,1,0,2,0,15,5,4,RUE CLAUDE BERNARD,0.0,,2,2,0,2,1,1,0,1,30,child
202100023452,18,8,2021,0 days 13:20:00,1,75,75105,2,2,1,3,RUE CLAUDE BERNARD,"48,8402750000","2,3460330000",1,1,1,2001.0,4,2,0,-1,A01,1,0,2,0,15,5,4,RUE CLAUDE BERNARD,0.0,,2,2,0,2,1,1,0,1,30,adult
202100023493,19,8,2021,0 days 18:00:00,1,49,49218,1,2,1,1,D201,"47,2705810000"," -0,9856150000",1,1,2,1959.0,3,1,-1,-1,A01,3,0,2,8,15,5,3,201,0.0,,2,2,0,2,1,1,0,1,80,child
202100023493,19,8,2021,0 days 18:00:00,1,49,49218,1,2,1,1,D201,"47,2705810000"," -0,9856150000",1,3,1,2003.0,5,2,-1,-1,A01,3,0,2,8,15,5,3,201,0.0,,2,2,0,2,1,1,0,1,80,adult
202100023500,20,8,2021,0 days 11:20:00,1,26,26183,1,3,1,1,Route de la Plaine,"44,7084840000","5,0934590000",1,2,2,1938.0,5,0,-1,-1,B01,1,0,2,7,15,5,3,93,0.0,,2,2,0,1,1,1,0,1,80,child
202100023500,20,8,2021,0 days 11:20:00,1,26,26183,1,3,1,1,Route de la Plaine,"44,7084840000","5,0934590000",1,1,1,1961.0,3,1,-1,-1,B01,1,0,2,7,15,5,3,93,0.0,,2,2,0,1,1,1,0,1,80,adult
202100023500,20,8,2021,0 days 11:20:00,1,26,26183,1,3,1,1,Route de la Plaine,"44,7084840000","5,0934590000",2,1,1,1966.0,3,1,-1,-1,B01,1,0,2,7,15,5,3,93,0.0,,2,2,0,1,1,1,0,1,80,adult
202100023519,19,8,2021,0 days 09:47:00,1,88,88426,2,3,1,3,Rue du 1er Morvan,"47,8582130000","6,8286250000",1,3,1,1950.0,5,0,-1,-1,B01,3,0,2,2,19,5,3,,-1.0,,2,2,0,1,1,1,0,1,50,child
202100023519,19,8,2021,0 days 09:47:00,1,88,88426,2,3,1,3,Rue du 1er Morvan,"47,8582130000","6,8286250000",1,1,1,1985.0,9,1,-1,-1,B01,3,0,2,2,19,5,3,,-1.0,,2,2,0,1,1,1,0,1,50,adult
202100023586,18,8,2021,0 days 14:20:00,1,45,45234,2,1,8,3,Quai du Roi,"47,8988800000","1,9204900000",1,1,2,1954.0,3,1,0,-1,A01,3,0,2,1,19,5,4,ROI (QUAI DU),0.0,,2,2,0,1,1,2,0,1,50,child
202100023586,18,8,2021,0 days 14:20:00,1,45,45234,2,1,8,3,Quai du Roi,"47,8988800000","1,9204900000",1,4,1,1977.0,1,8,0,-1,A01,3,0,2,1,19,5,4,ROI (QUAI DU),0.0,,2,2,0,1,1,2,0,1,50,adult
202100023591,18,8,2021,0 days 07:20:00,2,35,35238,2,9,1,3,Rue PAPU,"48,1111200000"," -1,6969500000",1,4,1,1955.0,0,2,8,-1,B01,2,0,2,1,1,0,4,PAPU,0.0,,1,1,0,2,1,1,0,1,30,child
202100023591,18,8,2021,0 days 07:20:00,2,35,35238,2,9,1,3,Rue PAPU,"48,1111200000"," -1,6969500000",1,1,1,1998.0,1,1,-1,-1,B01,2,0,2,1,1,0,4,PAPU,0.0,,1,1,0,2,1,1,0,1,30,adult
202100023615,17,8,2021,0 days 16:50:00,1,75,75112,2,1,1,3,AVENUE DU DOCTEUR ARNOLD NETTER,"48,8450190000","2,4058140000",1,1,1,1951.0,5,1,0,-1,B01,1,0,2,1,1,5,4,AVENUE DU DOCTEUR ARNOLD NETTER,0.0,,2,3,0,2,1,1,0,1,50,child
202100023615,17,8,2021,0 days 16:50:00,1,75,75112,2,1,1,3,AVENUE DU DOCTEUR ARNOLD NETTER,"48,8450190000","2,4058140000",2,1,2,1957.0,5,1,0,-1,B01,1,0,2,1,1,5,4,AVENUE DU DOCTEUR ARNOLD NETTER,0.0,,2,3,0,2,1,1,0,1,50,adult