Num_Acc,jour,mois,an,hrmn,lum,dep,com,agg,int,atm,col,adr,lat,long,catu,grav,sexe,an_nais,trajet,secu1,secu2,secu3,num_veh_y,senc,obs,obsm,choc,manv,motor,catr,voie,v1,v2,circ,nbv,vosp,prof,plan,surf,infra,situ,vma,age
202100023615,17,8,2021,0 days 16:50:00,1,75,75112,2,1,1,3,AVENUE DU DOCTEUR ARNOLD NETTER,"48,8450190000","2,4058140000",1,4,1,2003.0,9,2,0,-1,B01,1,0,2,1,1,5,4,AVENUE DU DOCTEUR ARNOLD NETTER,0.0,,2,3,0,2,1,1,0,1,50,adult
202100023620,18,8,2021,0 days 21:50:00,5,94,94017,2,1,1,3,Boulevard de Stalingrad,"48,8277900000","2,4938800000",1,1,2,1980.0,0,1,0,-1,B01,2,0,2,3,26,5,3,BD DE STALINGRAD - PONT DE NOGENT ,0.0,,-1,2,0,1,1,1,0,1,50,child
202100023620,18,8,2021,0 days 21:50:00,5,94,94017,2,1,1,3,Boulevard de Stalingrad,"48,8277900000","2,4938800000",1,4,1,2010.0,5,2,0,-1,B01,2,0,2,3,26,5,3,BD DE STALINGRAD - PONT DE NOGENT ,0.0,,-1,2,0,1,1,1,0,1,50,adult
202100023638,18,8,2021,0 days 16:24:00,1,38,38427,1,1,1,1,chemin des aretes - chemin de quincieu,"45,2849800000","5,3678300000",1,3,1,1960.0,5,2,-1,-1,A01,3,0,2,1,1,0,4,0,0.0,I,-1,2,0,2,3,1,0,1,80,child
202100023638,18,8,2021,0 days 16:24:00,1,38,38427,1,1,1,1,chemin des aretes - chemin de quincieu,"45,2849800000","5,3678300000",1,1,1,1984.0,4,0,-1,-1,A01,3,0,2,1,1,0,4,0,0.0,I,-1,2,0,2,3,1,0,1,80,adult
202100023700,15,8,2021,0 days 11:30:00,1,59,59431,1,8,1,1,MENEGATTE (RUE DE LA),"50,7013000000","2,8165300000",1,3,1,1953.0,5,2,8,-1,B01,3,0,2,3,9,5,4,MENEGATTE (RUE DE LA),0.0,,2,1,0,1,2,1,4,1,70,child
202100023700,15,8,2021,0 days 11:30:00,1,59,59431,1,8,1,1,MENEGATTE (RUE DE LA),"50,7013000000","2,8165300000",1,1,1,2002.0,1,8,0,-1,B01,3,0,2,3,9,5,4,MENEGATTE (RUE DE LA),0.0,,2,1,0,1,2,1,4,1,70,adult
202100023701,13,8,2021,0 days 16:10:00,1,57,57672,2,7,1,1,CLEMENCEAU (AVENUE) 1 A 31 ET 2 A 72,"49,3593000000","6,1700300000",1,3,1,1974.0,5,8,0,-1,B01,3,0,2,0,0,5,4,CLEMENCEAU (AVENUE) 1 A 31 ET 2 A 72,0.0,,1,0,0,1,1,1,0,1,50,child
202100023701,13,8,2021,0 days 16:10:00,1,57,57672,2,7,1,1,CLEMENCEAU (AVENUE) 1 A 31 ET 2 A 72,"49,3593000000","6,1700300000",1,1,2,1995.0,3,1,0,-1,B01,3,0,2,0,0,5,4,CLEMENCEAU (AVENUE) 1 A 31 ET 2 A 72,0.0,,1,0,0,1,1,1,0,1,50,adult
202100023704,17,8,2021,0 days 19:24:00,2,54,54197,1,9,1,3,LUPCOURT (ROUTE DE),"48,6261800000","6,2182800000",2,1,1,1951.0,0,1,0,-1,A01,3,0,2,1,1,5,7,LUPCOURT (ROUTE DE),0.0,,4,1,0,2,1,1,2,1,70,child
202100023704,17,8,2021,0 days 19:24:00,2,54,54197,1,9,1,3,LUPCOURT (ROUTE DE),"48,6261800000","6,2182800000",2,1,2,1955.0,0,1,0,-1,A01,3,0,2,1,1,5,7,LUPCOURT (ROUTE DE),0.0,,4,1,0,2,1,1,2,1,70,adult
202100023704,17,8,2021,0 days 19:24:00,2,54,54197,1,9,1,3,LUPCOURT (ROUTE DE),"48,6261800000","6,2182800000",1,1,1,1956.0,0,1,0,-1,A01,3,0,2,1,1,5,7,LUPCOURT (ROUTE DE),0.0,,4,1,0,2,1,1,2,1,70,adult
202100023704,17,8,2021,0 days 19:24:00,2,54,54197,1,9,1,3,LUPCOURT (ROUTE DE),"48,6261800000","6,2182800000",2,1,2,1981.0,0,1,0,-1,A01,3,0,2,1,1,5,7,LUPCOURT (ROUTE DE),0.0,,4,1,0,2,1,1,2,1,70,adult
202100023704,17,8,2021,0 days 19:24:00,2,54,54197,1,9,1,3,LUPCOURT (ROUTE DE),"48,6261800000","6,2182800000",1,4,1,1984.0,0,2,0,-1,A01,3,0,2,1,1,5,7,LUPCOURT (ROUTE DE),0.0,,4,1,0,2,1,1,2,1,70,adult
202100023704,17,8,2021,0 days 19:24:00,2,54,54197,1,9,1,3,LUPCOURT (ROUTE DE),"48,6261800000","6,2182800000",2,1,1,2005.0,0,1,0,-1,A01,3,0,2,1,1,5,7,LUPCOURT (ROUTE DE),0.0,,4,1,0,2,1,1,2,1,70,adult
202100023705,17,8,2021,0 days 13:45:00,1,54,54578,2,1,1,2,MULLER (AVENUE PAUL),"48,6682023228","6,1474279805",1,1,2,1973.0,0,1,0,-1,A01,1,0,2,1,2,5,4,MULLER (AVENUE PAUL),0.0,,2,2,0,2,1,1,0,1,50,child
202100023705,17,8,2021,0 days 13:45:00,1,54,54578,2,1,1,2,MULLER (AVENUE PAUL),"48,6682023228","6,1474279805",1,4,2,2002.0,1,2,0,-1,A01,1,0,2,1,2,5,4,MULLER (AVENUE PAUL),0.0,,2,2,0,2,1,1,0,1,50,adult
202100023714,17,8,2021,0 days 09:00:00,1,33,33063,2,1,1,3,Cours Victor Hugo,"44,8349600000"," -0,5704700000",1,1,1,1971.0,9,8,-1,-1,B01,2,0,2,1,7,5,4,CRS VICTOR HUGO,0.0,,2,2,3,1,1,1,-1,5,50,child
202100023714,17,8,2021,0 days 09:00:00,1,33,33063,2,1,1,3,Cours Victor Hugo,"44,8349600000"," -0,5704700000",1,4,2,1994.0,9,8,0,-1,B01,2,0,2,1,7,5,4,CRS VICTOR HUGO,0.0,,2,2,3,1,1,1,-1,5,50,adult
202100023718,17,8,2021,0 days 17:00:00,1,26,26362,2,1,1,3,43 Rue des Frères Montgolfier,"44,9193200000","4,9012600000",1,4,2,1976.0,1,2,-1,-1,B01,3,1,0,1,1,5,4,MONTGOLFIER RUE DES FRERE (402),0.0,,2,2,0,1,1,1,0,1,50,child
202100023718,17,8,2021,0 days 17:00:00,1,26,26362,2,1,1,3,43 Rue des Frères Montgolfier,"44,9193200000","4,9012600000",1,1,1,1999.0,0,1,-1,-1,B01,3,1,0,1,1,5,4,MONTGOLFIER RUE DES FRERE (402),0.0,,2,2,0,1,1,1,0,1,50,adult
202100023721,17,8,2021,0 days 09:45:00,1,17,17306,2,1,1,3,HEDDE (AVENUE DANIEL),"45,6292600000"," -1,0322800000",1,1,2,1951.0,3,1,0,-1,B01,2,0,2,1,1,5,4,HEDDE (AVENUE DANIEL),0.0,,3,2,2,2,1,1,0,5,50,child
202100023721,17,8,2021,0 days 09:45:00,1,17,17306,2,1,1,3,HEDDE (AVENUE DANIEL),"45,6292600000"," -1,0322800000",1,4,2,2002.0,5,8,0,-1,B01,2,0,2,1,1,5,4,HEDDE (AVENUE DANIEL),0.0,,3,2,2,2,1,1,0,5,50,adult
202100023764,18,8,2021,0 days 08:10:00,1,74,74213,2,1,1,1,D14,"45,9148630000","6,0538330000",1,1,1,1958.0,5,2,-1,-1,A01,1,0,9,1,5,5,3,,-1.0,,2,2,1,1,3,1,0,5,-1,child
202100023764,18,8,2021,0 days 08:10:00,1,74,74213,2,1,1,1,D14,"45,9148630000","6,0538330000",1,3,1,2000.0,5,0,-1,-1,A01,1,0,9,1,5,5,3,,-1.0,,2,2,1,1,3,1,0,5,-1,adult
202100023777,16,8,2021,0 days 19:00:00,1,44,44005,1,3,1,2,Mal Hara (Chéméré),"47,1320990000"," -1,8816380000",1,1,2,1980.0,5,1,-1,-1,A01,0,0,0,9,9,5,3,751,-1.0,,2,2,0,1,1,1,0,1,80,child
202100023777,16,8,2021,0 days 19:00:00,1,44,44005,1,3,1,2,Mal Hara (Chéméré),"47,1320990000"," -1,8816380000",1,3,1,2003.0,1,0,-1,-1,A01,0,0,0,9,9,5,3,751,-1.0,,2,2,0,1,1,1,0,1,80,adult
202100023792,12,8,2021,0 days 12:57:00,1,64,64065,2,9,1,2,Route Departementale 918,"43,3598610000"," -1,6343340000",1,3,2,1946.0,5,0,-1,-1,B01,1,0,0,0,17,5,3,918,-1.0,,2,2,0,1,1,1,0,1,50,child
202100023792,12,8,2021,0 days 12:57:00,1,64,64065,2,9,1,2,Route Departementale 918,"43,3598610000"," -1,6343340000",1,1,1,1969.0,4,1,-1,-1,B01,1,0,0,0,17,5,3,918,-1.0,,2,2,0,1,1,1,0,1,50,adult
202100023797,17,8,2021,0 days 10:00:00,1,30,30133,2,6,1,6,RD62B - rond point dit du Casino,"43,5259310000","4,1494420000",1,3,2,1952.0,5,0,-1,-1,C01,2,0,2,8,19,0,3,62,0.0,B,2,4,1,1,1,1,9,1,50,child
202100023797,17,8,2021,0 days 10:00:00,1,30,30133,2,6,1,6,RD62B - rond point dit du Casino,"43,5259310000","4,1494420000",1,1,1,1963.0,5,1,-1,-1,C01,2,0,2,8,19,0,3,62,0.0,B,2,4,1,1,1,1,9,1,50,adult
202100023797,17,8,2021,0 days 10:00:00,1,30,30133,2,6,1,6,RD62B - rond point dit du Casino,"43,5259310000","4,1494420000",1,1,2,1984.0,5,1,-1,-1,C01,2,0,2,8,19,0,3,62,0.0,B,2,4,1,1,1,1,9,1,50,adult
202100023810,18,8,2021,0 days 13:00:00,1,83,83016,1,1,1,1,809 Chemin de Sainte Brigitte,"43,1925890000","5,8195810000",1,1,1,1960.0,0,1,-1,-1,B01,3,0,2,1,0,5,4,,-1.0,,2,1,0,1,3,1,0,1,50,child
202100023810,18,8,2021,0 days 13:00:00,1,83,83016,1,1,1,1,809 Chemin de Sainte Brigitte,"43,1925890000","5,8195810000",1,4,2,2005.0,0,0,-1,-1,B01,3,0,2,1,0,5,4,,-1.0,,2,1,0,1,3,1,0,1,50,adult
202100023821,17,8,2021,0 days 18:15:00,1,62,62793,2,1,2,3,38 Rue de la Mairie,"50,4061560000","2,6416120000",1,2,2,1950.0,5,0,-1,-1,B01,3,0,2,8,26,5,4,VC,-1.0,,2,2,0,1,1,2,0,1,50,child
202100023821,17,8,2021,0 days 18:15:00,1,62,62793,2,1,2,3,38 Rue de la Mairie,"50,4061560000","2,6416120000",1,1,1,2001.0,4,1,-1,-1,B01,3,0,2,8,26,5,4,VC,-1.0,,2,2,0,1,1,2,0,1,50,adult
202100023877,16,8,2021,0 days 12:10:00,1,64,64024,2,1,1,3,ADOUR (AVENUE DE L'),"43,5132200000"," -1,5002000000",1,4,1,1937.0,5,2,0,-1,B01,2,0,2,7,1,5,4,ADOUR (AVENUE DE L'),0.0,,2,2,0,1,1,1,0,1,50,child
202100023877,16,8,2021,0 days 12:10:00,1,64,64024,2,1,1,3,ADOUR (AVENUE DE L'),"43,5132200000"," -1,5002000000",1,1,1,1964.0,4,1,0,-1,B01,2,0,2,7,1,5,4,ADOUR (AVENUE DE L'),0.0,,2,2,0,1,1,1,0,1,50,adult
202100023887,11,8,2021,0 days 19:20:00,1,43,43157,2,1,1,2,6 Avenue de la Dentelle,"45,0418800000","3,8886000000",1,3,1,1976.0,0,2,8,-1,A01,1,0,2,1,2,5,4,DENTELLE (AV. DE LA),0.0,,1,2,0,1,1,1,0,1,50,child
202100023887,11,8,2021,0 days 19:20:00,1,43,43157,2,1,1,2,6 Avenue de la Dentelle,"45,0418800000","3,8886000000",1,1,1,1998.0,5,1,0,-1,A01,1,0,2,1,2,5,4,DENTELLE (AV. DE LA),0.0,,1,2,0,1,1,1,0,1,50,adult
202100023947,10,8,2021,0 days 15:10:00,1,29,29165,2,1,1,3,Rue Pasteur,"47,7986740000"," -4,2144160000",1,4,2,1947.0,5,2,-1,-1,B01,3,0,2,7,17,5,4,,-1.0,,2,2,0,1,1,1,0,1,50,child
202100023947,10,8,2021,0 days 15:10:00,1,29,29165,2,1,1,3,Rue Pasteur,"47,7986740000"," -4,2144160000",1,1,2,1977.0,5,0,-1,-1,B01,3,0,2,7,17,5,4,,-1.0,,2,2,0,1,1,1,0,1,50,adult
202100023950,17,8,2021,0 days 18:30:00,1,01,01036,2,1,1,1,CHAMPDOSSIN - BELMONT LUTHEZIEU,"45,8757060000","5,6648040000",1,1,1,1959.0,1,1,-1,-1,A01,1,6,2,1,0,5,3,8,0.0,,2,2,0,2,1,1,0,1,30,child
202100023950,17,8,2021,0 days 18:30:00,1,01,01036,2,1,1,1,CHAMPDOSSIN - BELMONT LUTHEZIEU,"45,8757060000","5,6648040000",1,2,2,1984.0,5,2,-1,-1,A01,1,6,2,1,0,5,3,8,0.0,,2,2,0,2,1,1,0,1,30,adult
202100024000,15,8,2021,0 days 09:10:00,1,82,82121,2,3,1,3,CARMET (RUE JEAN),"44,0091600000","1,3762900000",1,3,1,1962.0,3,8,0,-1,B01,2,0,2,1,16,5,4,CARMET (RUE JEAN),0.0,,2,2,0,1,4,1,0,1,50,child
202100024000,15,8,2021,0 days 09:10:00,1,82,82121,2,3,1,3,CARMET (RUE JEAN),"44,0091600000","1,3762900000",1,1,1,1983.0,3,1,0,-1,B01,2,0,2,1,16,5,4,CARMET (RUE JEAN),0.0,,2,2,0,1,4,1,0,1,50,adult
202100024044,16,8,2021,0 days 04:30:00,3,62,62205,1,1,1,2,D942,"50,7243260000","2,3312690000",1,3,1,1971.0,1,9,-1,-1,B01,2,0,2,4,1,5,3,942,-1.0,,2,2,0,1,1,1,2,1,80,child
202100024044,16,8,2021,0 days 04:30:00,3,62,62205,1,1,1,2,D942,"50,7243260000","2,3312690000",1,1,1,2000.0,1,1,-1,-1,B01,2,0,2,4,1,5,3,942,-1.0,,2,2,0,1,1,1,2,1,80,adult
202100024088,16,8,2021,0 days 14:15:00,1,38,38449,1,1,1,3,Boulevard de la Noirée,"45,6406920000","5,1101230000",1,4,2,1974.0,0,8,-1,-1,B01,3,0,2,0,26,5,3,311,-1.0,,1,4,0,1,1,1,0,6,70,child
202100024088,16,8,2021,0 days 14:15:00,1,38,38449,1,1,1,3,Boulevard de la Noirée,"45,6406920000","5,1101230000",1,1,2,1997.0,1,1,-1,-1,B01,3,0,2,0,26,5,3,311,-1.0,,1,4,0,1,1,1,0,6,70,adult
202100024090,15,8,2021,0 days 10:30:00,1,65,65123,1,1,1,2,hameau de gripp,"42,9454560000","0,2206060000",1,3,1,1966.0,5,2,-1,-1,A01,1,0,2,1,2,5,3,918,-1.0,,2,2,0,2,1,1,0,1,80,child
202100024090,15,8,2021,0 days 10:30:00,1,65,65123,1,1,1,2,hameau de gripp,"42,9454560000","0,2206060000",1,1,1,1990.0,5,1,-1,-1,A01,1,0,2,1,2,5,3,918,-1.0,,2,2,0,2,1,1,0,1,80,adult
202100024217,13,8,2021,0 days 22:35:00,3,56,56114,1,1,1,3,Kerdalidec D25,"47,2949490000"," -3,1063630000",1,3,1,1946.0,3,0,-1,-1,A01,2,0,2,1,1,5,3,25,-1.0,,2,2,0,1,1,1,0,1,80,child
202100024217,13,8,2021,0 days 22:35:00,3,56,56114,1,1,1,3,Kerdalidec D25,"47,2949490000"," -3,1063630000",1,1,1,2001.0,5,1,-1,-1,A01,2,0,2,1,1,5,3,25,-1.0,,2,2,0,1,1,1,0,1,80,adult
202100024265,13,8,2021,0 days 16:55:00,1,59,59352,2,1,1,3,GRANGE (CHEMIN),"50,7320515141","3,0375641584",1,2,1,1968.0,5,2,0,-1,B01,3,0,2,1,18,5,4,GRANGE (CHEMIN),0.0,,2,2,0,1,1,1,0,1,50,child
202100024265,13,8,2021,0 days 16:55:00,1,59,59352,2,1,1,3,GRANGE (CHEMIN),"50,7320515141","3,0375641584",1,1,1,1996.0,4,1,0,-1,B01,3,0,2,1,18,5,4,GRANGE (CHEMIN),0.0,,2,2,0,1,1,1,0,1,50,adult
202100024288,12,8,2021,0 days 18:15:00,1,17,17291,2,3,1,1,GUYENNE   RUE DE,"46,1863700000"," -1,1214800000",1,1,1,1952.0,5,1,0,-1,Z01,3,0,2,8,19,5,4,GUYENNE   RUE DE,0.0,,2,2,0,1,1,1,0,1,50,child
202100024288,12,8,2021,0 days 18:15:00,1,17,17291,2,3,1,1,GUYENNE   RUE DE,"46,1863700000"," -1,1214800000",1,3,1,2010.0,5,8,0,-1,Z01,3,0,2,8,19,5,4,GUYENNE   RUE DE,0.0,,2,2,0,1,1,1,0,1,50,adult
202100024318,13,8,2021,0 days 19:18:00,1,75,75101,2,2,1,6,BOULEVARD DE SEBASTOPOL,"48,8600520000","2,3490610000",3,4,1,1945.0,5,8,8,-1,A01,1,0,1,1,1,5,4,BOULEVARD DE SEBASTOPOL,0.0,,2,5,1,1,1,1,0,5,50,child
202100024318,13,8,2021,0 days 19:18:00,1,75,75101,2,2,1,6,BOULEVARD DE SEBASTOPOL,"48,8600520000","2,3490610000",1,1,1,1990.0,5,8,0,-1,A01,1,0,1,1,1,5,4,BOULEVARD DE SEBASTOPOL,0.0,,2,5,1,1,1,1,0,5,50,adult
202100024359,14,8,2021,0 days 12:00:00,1,33,33046,2,3,1,3,54 Grande Route,"44,3718610000"," -0,2436680000",1,1,1,1938.0,3,1,-1,-1,B01,2,0,0,2,15,5,2,RN524,-1.0,,2,2,0,1,1,1,0,1,50,child
202100024359,14,8,2021,0 days 12:00:00,1,33,33046,2,3,1,3,54 Grande Route,"44,3718610000"," -0,2436680000",1,3,1,1976.0,5,0,-1,-1,B01,2,0,0,2,15,5,2,RN524,-1.0,,2,2,0,1,1,1,0,1,50,adult
202100024359,14,8,2021,0 days 12:00:00,1,33,33046,2,3,1,3,54 Grande Route,"44,3718610000"," -0,2436680000",2,4,2,2007.0,5,2,-1,-1,B01,2,0,0,2,15,5,2,RN524,-1.0,,2,2,0,1,1,1,0,1,50,adult
202100024365,14,8,2021,0 days 09:00:00,1,63,63037,1,1,1,3,lieu-dit la mayoux,"45,6356020000","3,6800870000",1,3,1,1950.0,5,2,6,-1,A01,3,0,2,8,1,5,4,VC,0.0,,2,2,0,1,2,1,0,1,80,child
202100024365,14,8,2021,0 days 09:00:00,1,63,63037,1,1,1,3,lieu-dit la mayoux,"45,6356020000","3,6800870000",1,1,1,1995.0,5,1,-1,-1,A01,3,0,2,8,1,5,4,VC,0.0,,2,2,0,1,2,1,0,1,80,adult
202100024398,12,8,2021,0 days 17:30:00,1,72,72349,1,9,1,3,Lieu Dit le Petit Touchesnay,"48,2040760000","0,2013050000",1,1,1,1937.0,5,1,-1,-1,B01,3,0,2,1,1,5,4,,-1.0,,2,2,0,1,1,1,0,1,80,child
202100024398,12,8,2021,0 days 17:30:00,1,72,72349,1,9,1,3,Lieu Dit le Petit Touchesnay,"48,2040760000","0,2013050000",1,4,1,1981.0,5,2,-1,-1,B01,3,0,2,1,1,5,4,,-1.0,,2,2,0,1,1,1,0,1,80,adult
202100024455,14,8,2021,0 days 10:50:00,1,68,68145,2,2,1,3,43 grand rue,"48,0809740000","7,3941240000",1,3,1,1938.0,3,0,-1,-1,A01,1,0,2,2,1,5,3,418,-1.0,,2,2,1,1,1,1,5,5,50,child
202100024455,14,8,2021,0 days 10:50:00,1,68,68145,2,2,1,3,43 grand rue,"48,0809740000","7,3941240000",1,1,1,1996.0,0,1,-1,-1,A01,1,0,2,2,1,5,3,418,-1.0,,2,2,1,1,1,1,5,5,50,adult
202100024456,11,8,2021,0 days 17:55:00,1,67,67263,1,1,1,6,D3,"49,0315160000","7,7593300000",1,3,1,1951.0,5,2,6,-1,A01,2,0,2,2,1,5,3,3,-1.0,,2,2,0,1,1,1,0,1,80,child
202100024456,11,8,2021,0 days 17:55:00,1,67,67263,1,1,1,6,D3,"49,0315160000","7,7593300000",1,1,1,1983.0,5,2,6,-1,A01,2,0,2,2,1,5,3,3,-1.0,,2,2,0,1,1,1,0,1,80,adult
202100024552,12,8,2021,0 days 19:00:00,1,75,75112,2,1,1,2,ROUTE DAUPHINE,"48,8228110000","2,4421250000",1,4,1,1972.0,5,2,0,-1,B01,3,0,2,1,2,5,4,ROUTE DAUPHINE,0.0,,2,2,1,1,1,1,0,5,50,child
202100024552,12,8,2021,0 days 19:00:00,1,75,75112,2,1,1,2,ROUTE DAUPHINE,"48,8228110000","2,4421250000",1,4,1,2001.0,5,2,0,-1,B01,3,0,2,1,2,5,4,ROUTE DAUPHINE,0.0,,2,2,1,1,1,1,0,5,50,adult
202100024553,11,8,2021,0 days 19:20:00,1,75,75112,2,3,1,1,RUE TRAVERSIERE,"48,8446750000","2,3691440000",1,4,1,1958.0,1,8,0,-1,B01,1,0,2,1,1,5,4,RUE TRAVERSIERE,0.0,,2,2,1,1,1,1,0,5,30,child
202100024553,11,8,2021,0 days 19:20:00,1,75,75112,2,3,1,1,RUE TRAVERSIERE,"48,8446750000","2,3691440000",1,1,1,1998.0,9,8,0,-1,B01,1,0,2,1,1,5,4,RUE TRAVERSIERE,0.0,,2,2,1,1,1,1,0,5,30,adult
202100024561,12,8,2021,0 days 20:10:00,1,93,93066,2,3,1,3,SAINT LEGER (CHEMIN),"48,9453000000","2,3764000000",1,1,1,1977.0,0,1,0,-1,B01,0,0,2,1,19,0,4,SAINT LEGER (CHEMIN),0.0,,4,4,0,1,1,1,0,1,50,child
202100024561,12,8,2021,0 days 20:10:00,1,93,93066,2,3,1,3,SAINT LEGER (CHEMIN),"48,9453000000","2,3764000000",1,4,2,2011.0,0,8,0,-1,B01,0,0,2,1,19,0,4,SAINT LEGER (CHEMIN),0.0,,4,4,0,1,1,1,0,1,50,adult
202100024571,12,8,2021,0 days 15:00:00,1,92,92048,2,6,1,3,VERDUN (AVENUE DE) DU 152 AU 226,"48,8179000000","2,2488400000",1,4,1,1964.0,1,2,0,-1,B01,1,0,2,8,15,5,3,VERDUN (AVENUE DE) DU 152 AU 226,0.0,,2,2,0,1,1,1,5,1,30,child
202100024571,12,8,2021,0 days 15:00:00,1,92,92048,2,6,1,3,VERDUN (AVENUE DE) DU 152 AU 226,"48,8179000000","2,2488400000",1,1,1,1985.0,4,1,0,-1,B01,1,0,2,8,15,5,3,VERDUN (AVENUE DE) DU 152 AU 226,0.0,,2,2,0,1,1,1,5,1,30,adult
202100024599,11,8,2021,0 days 09:00:00,1,69,69029,2,1,1,6,BLEUETS (DES) (R),"45,7494321182","4,9031598866",3,4,2,1933.0,5,0,-1,-1,A01,1,0,1,1,17,5,4,BLEUETS (DES)                       (R ),0.0,,2,1,0,2,1,1,0,1,50,child
202100024599,11,8,2021,0 days 09:00:00,1,69,69029,2,1,1,6,BLEUETS (DES) (R),"45,7494321182","4,9031598866",1,1,1,1969.0,1,8,-1,-1,A01,1,0,1,1,17,5,4,BLEUETS (DES)                       (R ),0.0,,2,1,0,2,1,1,0,1,50,adult
202100024602,11,8,2021,0 days 21:50:00,3,57,57487,1,1,1,3,RD157B,"49,0982400000","6,1178900000",1,3,1,1968.0,0,2,6,-1,B01,1,0,2,7,1,5,7,RD157B,0.0,,1,4,0,1,1,1,0,1,70,child
202100024602,11,8,2021,0 days 21:50:00,3,57,57487,1,1,1,3,RD157B,"49,0982400000","6,1178900000",2,1,2,1991.0,5,1,0,-1,B01,1,0,2,7,1,5,7,RD157B,0.0,,1,4,0,1,1,1,0,1,70,adult
202100024602,11,8,2021,0 days 21:50:00,3,57,57487,1,1,1,3,RD157B,"49,0982400000","6,1178900000",2,1,1,1993.0,5,1,0,-1,B01,1,0,2,7,1,5,7,RD157B,0.0,,1,4,0,1,1,1,0,1,70,adult
202100024602,11,8,2021,0 days 21:50:00,3,57,57487,1,1,1,3,RD157B,"49,0982400000","6,1178900000",2,1,2,1995.0,5,1,0,-1,B01,1,0,2,7,1,5,7,RD157B,0.0,,1,4,0,1,1,1,0,1,70,adult
202100024602,11,8,2021,0 days 21:50:00,3,57,57487,1,1,1,3,RD157B,"49,0982400000","6,1178900000",1,1,1,1996.0,5,1,0,-1,B01,1,0,2,7,1,5,7,RD157B,0.0,,1,4,0,1,1,1,0,1,70,adult
202100024630,10,8,2021,0 days 23:15:00,5,75,75109,2,3,1,3,RUE DE CLICHY,"48,8781360000","2,3301160000",1,1,1,1980.0,4,1,0,-1,B01,1,0,2,8,13,5,4,RUE DE CLICHY,0.0,,1,2,3,2,1,1,0,6,50,child
202100024630,10,8,2021,0 days 23:15:00,5,75,75109,2,3,1,3,RUE DE CLICHY,"48,8781360000","2,3301160000",1,4,2,2002.0,5,2,0,-1,B01,1,0,2,8,13,5,4,RUE DE CLICHY,0.0,,1,2,3,2,1,1,0,6,50,adult
202100024666,9,8,2021,0 days 13:05:00,1,45,45234,2,3,1,1,Route de Concyr,"47,8196713444","1,9467618513",1,1,2,1954.0,0,8,-1,-1,B01,2,0,2,1,0,5,7,326,0.0,,2,2,0,2,1,1,8,1,50,child
202100024666,9,8,2021,0 days 13:05:00,1,45,45234,2,3,1,1,Route de Concyr,"47,8196713444","1,9467618513",1,4,1,2003.0,0,0,-1,-1,B01,2,0,2,1,0,5,7,326,0.0,,2,2,0,2,1,1,8,1,50,adult
202100024685,11,8,2021,0 days 11:00:00,1,13,13096,1,1,1,2,D38c,"43,5461060000","4,3505000000",1,1,1,1930.0,9,1,-1,-1,A01,1,12,0,4,2,5,3,RD38C,-1.0,,2,2,0,2,1,1,2,1,50,child
202100024685,11,8,2021,0 days 11:00:00,1,13,13096,1,1,1,2,D38c,"43,5461060000","4,3505000000",1,4,1,1975.0,5,0,-1,-1,A01,1,12,0,4,2,5,3,RD38C,-1.0,,2,2,0,2,1,1,2,1,50,adult
202100024685,11,8,2021,0 days 11:00:00,1,13,13096,1,1,1,2,D38c,"43,5461060000","4,3505000000",1,4,1,1977.0,5,0,-1,-1,A01,1,12,0,4,2,5,3,RD38C,-1.0,,2,2,0,2,1,1,2,1,50,adult
202100024711,10,8,2021,0 days 15:00:00,1,974,97411,2,1,1,3,LECLERC (DU MARECHAL)," -20,8796700000","55,4558200000",1,1,1,1967.0,0,8,0,-1,B01,0,0,2,1,15,5,4,LECLERC (DU MARECHAL),0.0,,2,2,0,2,1,1,0,1,50,child
202100024711,10,8,2021,0 days 15:00:00,1,974,97411,2,1,1,3,LECLERC (DU MARECHAL)," -20,8796700000","55,4558200000",1,4,1,2004.0,0,8,0,-1,B01,0,0,2,1,15,5,4,LECLERC (DU MARECHAL),0.0,,2,2,0,2,1,1,0,1,50,adult
202100024846,2,8,2021,0 days 13:15:00,1,59,59350,2,1,1,6,ARRAS RUE D,"50,6199800000","3,0650000000",3,4,1,1963.0,0,8,8,-1,A01,1,0,1,1,1,5,4,ARRAS RUE D,0.0,,3,0,0,1,1,1,0,1,50,child
202100024846,2,8,2021,0 days 13:15:00,1,59,59350,2,1,1,6,ARRAS RUE D,"50,6199800000","3,0650000000",1,1,1,1986.0,0,8,0,-1,A01,1,0,1,1,1,5,4,ARRAS RUE D,0.0,,3,0,0,1,1,1,0,1,50,adult
202100024849,7,8,2021,0 days 17:20:00,1,974,97407,2,1,1,3,RENAUDIERE DE VAUX(RUE)," -20,9358300000","55,2909700000",1,1,1,1969.0,0,1,0,-1,B01,3,0,2,8,0,0,4,RENAUDIERE DE VAUX(RUE),0.0,,1,1,0,1,1,1,0,1,30,child
202100024849,7,8,2021,0 days 17:20:00,1,974,97407,2,1,1,3,RENAUDIERE DE VAUX(RUE)," -20,9358300000","55,2909700000",1,4,1,2005.0,0,8,0,-1,B01,3,0,2,8,0,0,4,RENAUDIERE DE VAUX(RUE),0.0,,1,1,0,1,1,1,0,1,30,adult