Num_Acc,jour,mois,an,hrmn,lum,dep,com,agg,int,atm,col,adr,lat,long,catu,grav,sexe,an_nais,trajet,secu1,secu2,secu3,num_veh_y,senc,obs,obsm,choc,manv,motor,catr,voie,v1,v2,circ,nbv,vosp,prof,plan,surf,infra,situ,vma,age
202100024901,9,8,2021,0 days 16:20:00,1,75,75107,2,1,1,3,QUAI BRANLY,"48,8615660000","2,2977130000",1,4,2,1969.0,9,8,0,-1,A01,1,0,2,1,1,5,4,QUAI BRANLY,0.0,,2,5,1,1,1,1,0,5,50,child
202100024901,9,8,2021,0 days 16:20:00,1,75,75107,2,1,1,3,QUAI BRANLY,"48,8615660000","2,2977130000",1,1,1,2002.0,9,8,0,-1,A01,1,0,2,1,1,5,4,QUAI BRANLY,0.0,,2,5,1,1,1,1,0,5,50,adult
202100024924,8,8,2021,0 days 12:30:00,1,63,63219,1,1,8,7,lieu dit les gardes,"45,7943250000","2,9004340000",1,4,1,1970.0,5,2,-1,-1,A01,2,0,0,0,1,5,3,559,0.0,D,2,2,0,2,3,9,0,1,80,child
202100024924,8,8,2021,0 days 12:30:00,1,63,63219,1,1,8,7,lieu dit les gardes,"45,7943250000","2,9004340000",1,4,1,1992.0,5,2,-1,-1,A01,2,0,0,0,1,5,3,559,0.0,D,2,2,0,2,3,9,0,1,80,adult
202100024931,9,8,2021,0 days 18:20:00,1,82,82187,1,3,1,3,Pech Grimal,"44,1474060000","1,8556330000",1,1,1,1961.0,5,1,-1,-1,B01,3,0,2,1,15,5,3,958,-1.0,,2,2,0,2,1,1,0,1,80,child
202100024931,9,8,2021,0 days 18:20:00,1,82,82187,1,3,1,3,Pech Grimal,"44,1474060000","1,8556330000",2,1,2,1962.0,5,1,-1,-1,B01,3,0,2,1,15,5,3,958,-1.0,,2,2,0,2,1,1,0,1,80,adult
202100024931,9,8,2021,0 days 18:20:00,1,82,82187,1,3,1,3,Pech Grimal,"44,1474060000","1,8556330000",1,3,1,2013.0,5,0,-1,-1,B01,3,0,2,1,15,5,3,958,-1.0,,2,2,0,2,1,1,0,1,80,adult
202100024963,3,8,2021,0 days 10:15:00,1,84,84129,1,1,1,7,RD 907 Avenue d'Avignon,"43,9930920000","4,8646470000",1,4,1,1948.0,5,0,-1,-1,B01,1,0,2,0,25,5,3,907,-1.0,,3,2,0,1,1,1,0,1,70,child
202100024963,3,8,2021,0 days 10:15:00,1,84,84129,1,1,1,7,RD 907 Avenue d'Avignon,"43,9930920000","4,8646470000",1,1,1,1983.0,4,1,-1,-1,B01,1,0,2,0,25,5,3,907,-1.0,,3,2,0,1,1,1,0,1,70,adult
202100025015,8,8,2021,0 days 11:52:00,1,75,75105,2,2,1,3,BOULEVARD SAINT GERMAIN,"48,8508160000","2,3455290000",1,1,1,1955.0,5,8,0,-1,B01,1,0,2,1,7,5,4,BOULEVARD SAINT GERMAIN,0.0,,1,2,3,1,1,1,0,6,50,child
202100025015,8,8,2021,0 days 11:52:00,1,75,75105,2,2,1,3,BOULEVARD SAINT GERMAIN,"48,8508160000","2,3455290000",1,4,1,1992.0,9,2,0,-1,B01,1,0,2,1,7,5,4,BOULEVARD SAINT GERMAIN,0.0,,1,2,3,1,1,1,0,6,50,adult
202100025017,8,8,2021,0 days 18:45:00,1,75,75119,2,1,1,3,AVENUE JEAN JAURES,"48,8890610000","2,3939420000",1,4,1,1983.0,5,2,0,-1,B01,2,0,2,0,1,5,4,AVENUE JEAN JAURES,0.0,,2,5,1,1,1,1,0,5,50,child
202100025017,8,8,2021,0 days 18:45:00,1,75,75119,2,1,1,3,AVENUE JEAN JAURES,"48,8890610000","2,3939420000",1,1,1,2007.0,5,2,0,-1,B01,2,0,2,0,1,5,4,AVENUE JEAN JAURES,0.0,,2,5,1,1,1,1,0,5,50,adult
202100025026,9,8,2021,0 days 18:35:00,1,71,71145,1,2,1,3,,"46,5292250000","4,6859600000",1,3,1,1930.0,5,2,-1,-1,A01,3,0,2,1,19,5,3,981,-1.0,,3,2,0,1,1,1,0,1,80,child
202100025026,9,8,2021,0 days 18:35:00,1,71,71145,1,2,1,3,,"46,5292250000","4,6859600000",1,1,1,1982.0,4,1,-1,-1,A01,3,0,2,1,19,5,3,981,-1.0,,3,2,0,1,1,1,0,1,80,adult
202100025037,9,8,2021,0 days 10:40:00,1,81,81192,1,1,1,1,d162,"43,7000671000","2,9222729000",1,1,1,1955.0,5,1,-1,-1,B01,1,0,2,1,1,5,3,162,-1.0,,2,2,0,2,2,1,9,1,80,child
202100025037,9,8,2021,0 days 10:40:00,1,81,81192,1,1,1,1,d162,"43,7000671000","2,9222729000",1,3,1,1980.0,5,2,-1,-1,B01,1,0,2,1,1,5,3,162,-1.0,,2,2,0,2,2,1,9,1,80,adult
202100025046,9,8,2021,0 days 12:43:00,1,03,03044,1,2,2,3,D1093,"46,0698330000","3,3805970000",1,3,1,1958.0,5,0,-1,-1,B01,2,0,2,1,1,5,3,1093,-1.0,D,2,2,0,1,1,2,5,1,90,child
202100025046,9,8,2021,0 days 12:43:00,1,03,03044,1,2,2,3,D1093,"46,0698330000","3,3805970000",1,1,2,1999.0,4,1,-1,-1,B01,2,0,2,1,1,5,3,1093,-1.0,D,2,2,0,1,1,2,5,1,90,adult
202100025055,2,8,2021,0 days 15:55:00,1,43,43016,1,1,1,5,D16,"45,3909015000","3,3530340000",1,1,1,1956.0,5,2,-1,-1,C01,1,0,2,0,1,0,3,16,-1.0,,2,2,0,1,3,1,0,1,80,child
202100025055,2,8,2021,0 days 15:55:00,1,43,43016,1,1,1,5,D16,"45,3909015000","3,3530340000",1,3,2,1958.0,5,2,-1,-1,C01,1,0,2,0,1,0,3,16,-1.0,,2,2,0,1,3,1,0,1,80,adult
202100025055,2,8,2021,0 days 15:55:00,1,43,43016,1,1,1,5,D16,"45,3909015000","3,3530340000",1,1,1,1993.0,4,8,-1,-1,C01,1,0,2,0,1,0,3,16,-1.0,,2,2,0,1,3,1,0,1,80,adult
202100025083,8,8,2021,0 days 15:30:00,1,49,49023,2,3,1,3,Rue des Mauges (beaupréau),"47,1984100000"," -0,9945520000",1,1,2,1964.0,5,8,-1,-1,A01,3,0,2,5,1,5,4,,0.0,O,2,2,0,4,1,1,0,1,30,child
202100025083,8,8,2021,0 days 15:30:00,1,49,49023,2,3,1,3,Rue des Mauges (beaupréau),"47,1984100000"," -0,9945520000",1,3,1,2010.0,5,0,-1,-1,A01,3,0,2,5,1,5,4,,0.0,O,2,2,0,4,1,1,0,1,30,adult
202100025188,6,8,2021,0 days 14:40:00,1,29,29273,1,1,1,5,Traon Meur,"48,7068180000"," -4,0153260000",1,1,1,1968.0,9,1,-1,-1,C01,3,0,0,0,1,5,4,,-1.0,,2,1,0,2,4,1,0,1,50,child
202100025188,6,8,2021,0 days 14:40:00,1,29,29273,1,1,1,5,Traon Meur,"48,7068180000"," -4,0153260000",2,1,1,2008.0,9,1,-1,-1,C01,3,0,0,0,1,5,4,,-1.0,,2,1,0,2,4,1,0,1,50,adult
202100025196,6,8,2021,0 days 18:30:00,1,50,50267,2,6,1,3,Rue de la Sainte Croix,"49,2176500000"," -1,5315250000",1,4,1,1972.0,0,0,-1,-1,B01,2,0,2,1,1,5,3,900,-1.0,,4,2,0,1,1,1,0,1,50,child
202100025196,6,8,2021,0 days 18:30:00,1,50,50267,2,6,1,3,Rue de la Sainte Croix,"49,2176500000"," -1,5315250000",1,1,2,1993.0,4,1,-1,-1,B01,2,0,2,1,1,5,3,900,-1.0,,4,2,0,1,1,1,0,1,50,adult
202100025197,8,8,2021,0 days 13:00:00,1,50,50260,1,1,1,2,Voie Saint Louis,"48,6764820000"," -0,9852500000",1,1,2,1932.0,5,1,-1,-1,B01,0,0,2,4,1,5,3,5,-1.0,,2,2,0,1,1,1,0,1,80,child
202100025197,8,8,2021,0 days 13:00:00,1,50,50260,1,1,1,2,Voie Saint Louis,"48,6764820000"," -0,9852500000",1,4,1,1956.0,5,2,9,-1,B01,0,0,2,4,1,5,3,5,-1.0,,2,2,0,1,1,1,0,1,80,adult
202100025204,5,8,2021,0 days 23:45:00,3,40,40266,1,1,1,2,Route du Nel,"44,0474100000"," -1,2352320000",1,2,1,1945.0,5,0,-1,-1,A01,2,0,2,4,2,5,3,652,0.0,,2,2,0,1,1,1,0,1,80,child
202100025204,5,8,2021,0 days 23:45:00,3,40,40266,1,1,1,2,Route du Nel,"44,0474100000"," -1,2352320000",1,1,1,1983.0,5,1,-1,-1,A01,2,0,2,4,2,5,3,652,0.0,,2,2,0,1,1,1,0,1,80,adult
202100025204,5,8,2021,0 days 23:45:00,3,40,40266,1,1,1,2,Route du Nel,"44,0474100000"," -1,2352320000",2,1,2,1985.0,5,1,-1,-1,A01,2,0,2,4,2,5,3,652,0.0,,2,2,0,1,1,1,0,1,80,adult
202100025204,5,8,2021,0 days 23:45:00,3,40,40266,1,1,1,2,Route du Nel,"44,0474100000"," -1,2352320000",1,1,1,2002.0,1,1,-1,-1,A01,2,0,2,4,2,5,3,652,0.0,,2,2,0,1,1,1,0,1,80,adult
202100025250,18,6,2021,0 days 17:45:00,1,971,97101,2,6,1,3,VIEUX BOURG,"16,2501100000"," -61,5292700000",1,1,1,1961.0,0,1,0,-1,A01,2,0,2,1,19,5,2,VIEUX BOURG,0.0,,1,1,0,2,1,1,0,1,50,child
202100025250,18,6,2021,0 days 17:45:00,1,971,97101,2,6,1,3,VIEUX BOURG,"16,2501100000"," -61,5292700000",1,4,1,1991.0,9,8,0,-1,A01,2,0,2,1,19,5,2,VIEUX BOURG,0.0,,1,1,0,2,1,1,0,1,50,adult
202100025269,6,8,2021,0 days 19:25:00,1,69,69266,2,1,1,3,4 AOUT 1789 (DU) (R),"45,7645900000","4,8912900000",1,3,2,1973.0,5,8,-1,-1,B01,3,0,2,0,1,5,4,4 AOUT 1789    (Rue du),0.0,,1,0,2,2,1,1,0,1,50,child
202100025269,6,8,2021,0 days 19:25:00,1,69,69266,2,1,1,3,4 AOUT 1789 (DU) (R),"45,7645900000","4,8912900000",1,1,1,1999.0,1,1,-1,-1,B01,3,0,2,0,1,5,4,4 AOUT 1789    (Rue du),0.0,,1,0,2,2,1,1,0,1,50,adult
202100025299,6,8,2021,0 days 15:40:00,1,33,33529,2,1,1,6,Rue du Port,"44,6369300000"," -1,1445900000",1,1,1,1954.0,0,1,-1,-1,B01,1,0,2,8,1,5,4,,0.0,,2,2,0,1,1,1,0,1,50,child
202100025299,6,8,2021,0 days 15:40:00,1,33,33529,2,1,1,6,Rue du Port,"44,6369300000"," -1,1445900000",1,4,2,1975.0,0,2,-1,-1,B01,1,0,2,8,1,5,4,,0.0,,2,2,0,1,1,1,0,1,50,adult
202100025299,6,8,2021,0 days 15:40:00,1,33,33529,2,1,1,6,Rue du Port,"44,6369300000"," -1,1445900000",1,4,2,2004.0,0,2,-1,-1,B01,1,0,2,8,1,5,4,,0.0,,2,2,0,1,1,1,0,1,50,adult
202100025307,6,8,2021,0 days 10:25:00,1,17,17380,2,3,1,2,BRICK (DU),"45,6474700000"," -1,1102300000",1,4,1,1945.0,5,2,0,-1,A01,1,0,2,1,19,5,4,GRANDE COTE (AVENUE DE LA),0.0,,2,2,1,2,2,1,0,5,30,child
202100025307,6,8,2021,0 days 10:25:00,1,17,17380,2,3,1,2,BRICK (DU),"45,6474700000"," -1,1102300000",1,1,1,1988.0,5,1,5,-1,A01,1,0,2,1,19,5,4,GRANDE COTE (AVENUE DE LA),0.0,,2,2,1,2,2,1,0,5,30,adult
202100025321,5,8,2021,0 days 12:20:00,1,06,06027,2,6,1,3,CLAVERIE RUE DU BRIGADIER,"43,6627000000","7,1529980000",1,1,1,1935.0,5,1,0,-1,Y01,3,0,2,1,19,5,4,,0.0,,2,2,1,1,4,1,5,1,30,child
202100025321,5,8,2021,0 days 12:20:00,1,06,06027,2,6,1,3,CLAVERIE RUE DU BRIGADIER,"43,6627000000","7,1529980000",1,4,1,1969.0,9,8,0,-1,Y01,3,0,2,1,19,5,4,,0.0,,2,2,1,1,4,1,5,1,30,adult
202100025338,6,8,2021,0 days 19:51:00,1,75,75101,2,2,1,6,RUE DE RIVOLI,"48,8609180000","2,3408050000",3,4,1,1962.0,9,0,-1,-1,A01,2,0,1,1,21,5,4,RUE DE RIVOLI,0.0,,2,3,1,1,1,1,0,1,50,child
202100025338,6,8,2021,0 days 19:51:00,1,75,75101,2,2,1,6,RUE DE RIVOLI,"48,8609180000","2,3408050000",1,4,2,1995.0,9,8,0,-1,A01,2,0,1,1,21,5,4,RUE DE RIVOLI,0.0,,2,3,1,1,1,1,0,1,50,adult
202100025391,7,8,2021,0 days 12:00:00,1,26,26235,2,6,8,3,Rond-Point Louis Pasteur (Parking),"44,3754930000","4,6986540000",1,1,2,1952.0,3,8,-1,-1,B01,3,0,2,0,1,5,4,,0.0,,1,2,0,1,2,1,9,1,30,child
202100025391,7,8,2021,0 days 12:00:00,1,26,26235,2,6,8,3,Rond-Point Louis Pasteur (Parking),"44,3754930000","4,6986540000",1,3,2,2003.0,0,0,-1,-1,B01,3,0,2,0,1,5,4,,0.0,,1,2,0,1,2,1,9,1,30,adult
202100025436,5,8,2021,0 days 12:35:00,1,65,65440,2,1,1,6,VERDUN (PLACE DE),"43,2335074730","0,0731760263",1,4,2,1961.0,0,8,-1,-1,B01,2,0,1,0,26,5,9,VERDUN (PLACE DE),0.0,,1,2,0,1,1,1,0,1,50,child
202100025436,5,8,2021,0 days 12:35:00,1,65,65440,2,1,1,6,VERDUN (PLACE DE),"43,2335074730","0,0731760263",3,4,1,2001.0,1,0,-1,-1,B01,2,0,1,0,26,5,9,VERDUN (PLACE DE),0.0,,1,2,0,1,1,1,0,1,50,adult
202100025472,5,8,2021,0 days 08:00:00,1,11,11069,2,1,1,6,CANAL PROMENADE,"43,2176300000","2,3493300000",1,1,1,1969.0,5,1,0,-1,B01,3,0,2,8,5,5,4,CANAL PROMENADE,0.0,,1,1,0,2,2,9,0,1,50,child
202100025472,5,8,2021,0 days 08:00:00,1,11,11069,2,1,1,6,CANAL PROMENADE,"43,2176300000","2,3493300000",1,3,1,2014.0,5,8,0,-1,B01,3,0,2,8,5,5,4,CANAL PROMENADE,0.0,,1,1,0,2,2,9,0,1,50,adult
202100025475,5,8,2021,0 days 14:06:00,1,06,06088,2,1,7,2,POMPIDOU (BD GEORGES),"43,6686870000","7,2039120000",1,3,1,1970.0,0,2,0,-1,B01,3,0,2,4,1,0,7,,0.0,,1,3,0,1,1,1,0,1,50,child
202100025475,5,8,2021,0 days 14:06:00,1,06,06088,2,1,7,2,POMPIDOU (BD GEORGES),"43,6686870000","7,2039120000",1,1,1,1994.0,0,1,0,-1,B01,3,0,2,4,1,0,7,,0.0,,1,3,0,1,1,1,0,1,50,adult
202100025484,5,8,2021,0 days 20:20:00,1,75,75111,2,3,1,6,RUE SAINT MAUR,"48,8635539958","2,3788929702",1,1,1,1948.0,5,1,0,-1,B01,1,0,2,8,1,5,4,RUE SAINT MAUR,0.0,,1,1,0,1,1,1,0,1,30,child
202100025484,5,8,2021,0 days 20:20:00,1,75,75111,2,3,1,6,RUE SAINT MAUR,"48,8635539958","2,3788929702",1,4,2,1995.0,9,8,0,-1,B01,1,0,2,8,1,5,4,RUE SAINT MAUR,0.0,,1,1,0,1,1,1,0,1,30,adult
202100025539,5,8,2021,0 days 18:10:00,1,17,17208,2,2,1,2,Rue de Curzay,"46,2242950000"," -0,9941120000",1,1,2,1970.0,0,1,-1,-1,B01,0,8,0,4,19,5,3,,-1.0,,2,2,0,1,1,2,0,1,50,child
202100025539,5,8,2021,0 days 18:10:00,1,17,17208,2,2,1,2,Rue de Curzay,"46,2242950000"," -0,9941120000",1,3,1,2007.0,5,0,-1,-1,B01,0,8,0,4,19,5,3,,-1.0,,2,2,0,1,1,2,0,1,50,adult
202100025606,2,8,2021,0 days 19:30:00,1,44,44184,2,2,1,3,GÂTÉ (RUE DU CDT) DU 35 AU 121 - DU 64 A,"47,2770000000"," -2,2275400000",1,4,1,1968.0,5,8,0,-1,B01,3,0,2,8,19,0,4,GÂTÉ (RUE DU CDT) DU 35 AU 121 - DU 64 A,0.0,,3,2,0,1,1,1,0,1,50,child
202100025606,2,8,2021,0 days 19:30:00,1,44,44184,2,2,1,3,GÂTÉ (RUE DU CDT) DU 35 AU 121 - DU 64 A,"47,2770000000"," -2,2275400000",2,1,2,1979.0,0,1,0,-1,B01,3,0,2,8,19,0,4,GÂTÉ (RUE DU CDT) DU 35 AU 121 - DU 64 A,0.0,,3,2,0,1,1,1,0,1,50,adult
202100025606,2,8,2021,0 days 19:30:00,1,44,44184,2,2,1,3,GÂTÉ (RUE DU CDT) DU 35 AU 121 - DU 64 A,"47,2770000000"," -2,2275400000",1,1,2,2003.0,9,1,0,-1,B01,3,0,2,8,19,0,4,GÂTÉ (RUE DU CDT) DU 35 AU 121 - DU 64 A,0.0,,3,2,0,1,1,1,0,1,50,adult
202100025659,4,8,2021,0 days 19:00:00,1,56,56166,1,3,2,2,Kerprat Vihan,"47,9100430000"," -3,2900620000",1,1,2,1970.0,1,1,-1,-1,A01,1,0,2,0,1,5,3,102,0.0,A,2,2,0,2,1,2,0,1,80,child
202100025659,4,8,2021,0 days 19:00:00,1,56,56166,1,3,2,2,Kerprat Vihan,"47,9100430000"," -3,2900620000",1,3,1,2001.0,5,0,-1,-1,A01,1,0,2,0,1,5,3,102,0.0,A,2,2,0,2,1,2,0,1,80,adult
202100025765,2,8,2021,0 days 18:30:00,1,75,75116,2,4,1,2,AVENUE DE L HIPPODROME,"48,8640090000","2,2360620000",1,4,2,1975.0,5,2,0,-1,A01,2,0,2,1,2,5,4,AVENUE DE L HIPPODROME,0.0,,1,2,0,1,1,1,0,1,50,child
202100025765,2,8,2021,0 days 18:30:00,1,75,75116,2,4,1,2,AVENUE DE L HIPPODROME,"48,8640090000","2,2360620000",1,1,2,1977.0,1,1,0,-1,A01,2,0,2,1,2,5,4,AVENUE DE L HIPPODROME,0.0,,1,2,0,1,1,1,0,1,50,adult
202100025765,2,8,2021,0 days 18:30:00,1,75,75116,2,4,1,2,AVENUE DE L HIPPODROME,"48,8640090000","2,2360620000",2,1,1,2000.0,1,1,0,-1,A01,2,0,2,1,2,5,4,AVENUE DE L HIPPODROME,0.0,,1,2,0,1,1,1,0,1,50,adult
202100025866,9,3,2021,0 days 15:15:00,1,38,38158,2,1,1,3,Rue Montesquieu,"45,1453900000","5,7427920000",1,3,2,1946.0,5,0,-1,-1,A01,3,0,2,1,19,5,4,,-1.0,,-1,2,0,2,1,1,9,1,50,child
202100025866,9,3,2021,0 days 15:15:00,1,38,38158,2,1,1,3,Rue Montesquieu,"45,1453900000","5,7427920000",1,1,1,1999.0,5,1,-1,-1,A01,3,0,2,1,19,5,4,,-1.0,,-1,2,0,2,1,1,9,1,50,adult
202100025875,1,8,2021,0 days 16:45:00,1,75,75101,2,3,1,3,RUE DE RIVOLI,"48,8627320000","2,3352450000",1,1,1,1959.0,1,1,0,-1,B01,2,0,2,1,1,5,4,RUE DE RIVOLI,0.0,,2,3,1,1,1,1,0,1,30,child
202100025875,1,8,2021,0 days 16:45:00,1,75,75101,2,3,1,3,RUE DE RIVOLI,"48,8627320000","2,3352450000",1,4,2,1991.0,1,8,0,-1,B01,2,0,2,1,1,5,4,RUE DE RIVOLI,0.0,,2,3,1,1,1,1,0,1,30,adult
202100025942,2,8,2021,0 days 18:15:00,1,38,38156,1,2,1,3,Route Departementale 1085,"45,5369330000","5,2935460000",1,3,1,1952.0,0,0,-1,-1,B01,2,0,2,8,9,5,3,1085,0.0,,2,2,0,2,1,1,5,1,70,child
202100025942,2,8,2021,0 days 18:15:00,1,38,38156,1,2,1,3,Route Departementale 1085,"45,5369330000","5,2935460000",1,1,1,1989.0,1,1,-1,-1,B01,2,0,2,8,9,5,3,1085,0.0,,2,2,0,2,1,1,5,1,70,adult
202100025959,1,8,2021,0 days 16:06:00,1,76,76282,2,1,1,6,BEAU SITE. RUE DU,"49,3032358371","1,0497978330",1,1,1,1964.0,5,2,0,-1,B01,3,0,2,0,0,5,4,BEAU SITE. RUE DU,0.0,,2,1,3,2,1,1,0,1,80,child
202100025959,1,8,2021,0 days 16:06:00,1,76,76282,2,1,1,6,BEAU SITE. RUE DU,"49,3032358371","1,0497978330",1,3,1,2005.0,5,2,0,-1,B01,3,0,2,0,0,5,4,BEAU SITE. RUE DU,0.0,,2,1,3,2,1,1,0,1,80,adult
202100025977,1,8,2021,0 days 15:00:00,1,59,59350,2,1,1,3,FAUBOURG D'ARRAS RUE,"50,6076659879","3,0593745521",1,1,1,1939.0,0,1,0,-1,B01,3,0,2,0,0,5,7,FAUBOURG D'ARRAS RUE,0.0,,2,1,0,1,1,1,0,1,30,child
202100025977,1,8,2021,0 days 15:00:00,1,59,59350,2,1,1,3,FAUBOURG D'ARRAS RUE,"50,6076659879","3,0593745521",1,3,2,1961.0,9,8,0,-1,B01,3,0,2,0,0,5,7,FAUBOURG D'ARRAS RUE,0.0,,2,1,0,1,1,1,0,1,30,adult
202100025982,1,8,2021,0 days 10:15:00,1,35,35238,2,1,1,1,PAPIER TIMBRE (DU),"48,1044100000"," -1,6830600000",1,1,1,1941.0,9,1,-1,-1,B01,2,0,2,1,1,0,4,PAPIER TIMBRE (DU),0.0,,2,2,0,1,1,1,0,1,30,child
202100025982,1,8,2021,0 days 10:15:00,1,35,35238,2,1,1,1,PAPIER TIMBRE (DU),"48,1044100000"," -1,6830600000",1,3,1,1979.0,5,0,-1,-1,B01,2,0,2,1,1,0,4,PAPIER TIMBRE (DU),0.0,,2,2,0,1,1,1,0,1,30,adult
202100026003,1,8,2021,0 days 12:15:00,1,06,06004,1,1,1,3,BORD DE MER RN.98 LA SIESTA,"43,6119100000","7,1271800000",1,1,1,1956.0,0,1,0,-1,B01,1,0,2,1,1,5,3,BORD DE MER RN.98 LA SIESTA,0.0,,2,4,1,1,1,1,0,5,50,child
202100026003,1,8,2021,0 days 12:15:00,1,06,06004,1,1,1,3,BORD DE MER RN.98 LA SIESTA,"43,6119100000","7,1271800000",1,4,1,1996.0,0,8,0,-1,B01,1,0,2,1,1,5,3,BORD DE MER RN.98 LA SIESTA,0.0,,2,4,1,1,1,1,0,5,50,adult
202100026066,31,7,2021,0 days 11:00:00,1,30,30291,1,1,1,3,D160,"44,1503120000","4,0033150000",1,3,1,1951.0,5,2,6,-1,B01,2,0,2,1,1,6,3,160,-1.0,,2,2,0,3,2,1,0,1,50,child
202100026066,31,7,2021,0 days 11:00:00,1,30,30291,1,1,1,3,D160,"44,1503120000","4,0033150000",1,1,1,2002.0,5,1,-1,-1,B01,2,0,2,1,1,6,3,160,-1.0,,2,2,0,3,2,1,0,1,50,adult
202100026088,1,8,2021,0 days 10:05:00,1,14,14488,2,2,1,3,D514,"49,2886310000"," -0,2645030000",1,1,2,1949.0,5,1,-1,-1,A01,3,0,2,1,19,5,3,514,0.0,,2,2,0,2,1,1,0,1,50,child
202100026088,1,8,2021,0 days 10:05:00,1,14,14488,2,2,1,3,D514,"49,2886310000"," -0,2645030000",1,3,1,1970.0,5,0,-1,-1,A01,3,0,2,1,19,5,3,514,0.0,,2,2,0,2,1,1,0,1,50,adult
202100026133,31,7,2021,0 days 12:45:00,1,49,49007,2,1,1,3,TALOT,"47,4673700000"," -0,5558500000",1,1,1,1964.0,9,2,0,-1,A01,1,0,2,8,26,5,4,TALOT,0.0,,1,1,0,1,1,1,0,1,30,child
202100026133,31,7,2021,0 days 12:45:00,1,49,49007,2,1,1,3,TALOT,"47,4673700000"," -0,5558500000",1,4,1,1988.0,1,8,0,-1,A01,1,0,2,8,26,5,4,TALOT,0.0,,1,1,0,1,1,1,0,1,30,adult
202100026157,31,7,2021,0 days 16:35:00,1,75,75111,2,1,1,3,AVENUE DE LA REPUBLIQUE,"48,8644560000","2,3788320000",1,1,2,1969.0,9,1,0,-1,B01,2,1,0,3,1,5,4,AVENUE DE LA REPUBLIQUE,0.0,,2,0,1,1,1,1,0,5,30,child
202100026157,31,7,2021,0 days 16:35:00,1,75,75111,2,1,1,3,AVENUE DE LA REPUBLIQUE,"48,8644560000","2,3788320000",1,4,1,2002.0,9,8,0,-1,B01,2,1,0,3,1,5,4,AVENUE DE LA REPUBLIQUE,0.0,,2,0,1,1,1,1,0,5,30,adult
202100026157,31,7,2021,0 days 16:35:00,1,75,75111,2,1,1,3,AVENUE DE LA REPUBLIQUE,"48,8644560000","2,3788320000",2,1,2,2006.0,9,8,0,-1,B01,2,1,0,3,1,5,4,AVENUE DE LA REPUBLIQUE,0.0,,2,0,1,1,1,1,0,5,30,adult
202100026196,31,7,2021,0 days 20:05:00,2,38,38195,1,1,2,1,Route des Deveys,"45,1522000000","5,3697860000",1,1,1,1978.0,9,1,-1,-1,B01,3,0,2,2,19,5,4,32,-1.0,A,2,2,0,1,1,2,0,1,80,child
202100026196,31,7,2021,0 days 20:05:00,2,38,38195,1,1,2,1,Route des Deveys,"45,1522000000","5,3697860000",1,3,1,2012.0,5,0,-1,-1,B01,3,0,2,2,19,5,4,32,-1.0,A,2,2,0,1,1,2,0,1,80,adult
202100026208,31,7,2021,0 days 10:30:00,1,85,85234,2,6,1,2,Route de Challans,"46,7957700000"," -2,0483280000",1,3,1,1932.0,3,0,-1,-1,B01,2,0,2,0,2,0,3,,-1.0,,2,2,0,1,3,1,0,1,50,child
202100026208,31,7,2021,0 days 10:30:00,1,85,85234,2,6,1,2,Route de Challans,"46,7957700000"," -2,0483280000",1,1,1,1965.0,3,1,-1,-1,B01,2,0,2,0,2,0,3,,-1.0,,2,2,0,1,3,1,0,1,50,adult
202100026229,1,8,2021,0 days 15:14:00,1,71,71123,1,1,1,3,Le Moulin Bailly,"46,2300920000","3,9503090000",2,1,2,1985.0,5,1,-1,-1,A01,0,0,2,3,13,5,4,4,-1.0,,2,2,0,1,3,1,0,1,80,child
202100026229,1,8,2021,0 days 15:14:00,1,71,71123,1,1,1,3,Le Moulin Bailly,"46,2300920000","3,9503090000",1,1,1,1988.0,5,1,-1,-1,A01,0,0,2,3,13,5,4,4,-1.0,,2,2,0,1,3,1,0,1,80,adult
202100026229,1,8,2021,0 days 15:14:00,1,71,71123,1,1,1,3,Le Moulin Bailly,"46,2300920000","3,9503090000",1,3,2,2011.0,5,0,-1,-1,A01,0,0,2,3,13,5,4,4,-1.0,,2,2,0,1,3,1,0,1,80,adult
202100026308,30,7,2021,0 days 22:50:00,5,35,35238,2,1,1,3,Rue SAINT-MARTIN,"48,1198500000"," -1,6803500000",1,1,1,1963.0,5,1,-1,-1,B01,1,0,2,3,1,5,4,SAINT-MARTIN,0.0,,1,2,2,2,1,1,0,5,50,child
202100026308,30,7,2021,0 days 22:50:00,5,35,35238,2,1,1,3,Rue SAINT-MARTIN,"48,1198500000"," -1,6803500000",1,4,1,2003.0,4,8,-1,-1,B01,1,0,2,3,1,5,4,SAINT-MARTIN,0.0,,1,2,2,2,1,1,0,5,50,adult
202100026355,6,8,2021,0 days 22:20:00,5,92,92012,2,1,1,3,CHATEAU (RUE DU) 127/FIN - 133/FIN,"48,8419480000","2,2384900000",1,1,2,1957.0,9,8,0,-1,B01,2,1,0,0,0,5,4,102,0.0,,-1,2,0,1,1,1,0,1,50,child
202100026355,6,8,2021,0 days 22:20:00,5,92,92012,2,1,1,3,CHATEAU (RUE DU) 127/FIN - 133/FIN,"48,8419480000","2,2384900000",1,4,1,1983.0,0,1,0,-1,B01,2,1,0,0,0,5,4,102,0.0,,-1,2,0,1,1,1,0,1,50,adult
202100026374,30,7,2021,0 days 21:30:00,3,39,39299,1,1,1,2,,"46,9463400000","5,3556850000",1,1,1,1958.0,1,1,-1,-1,B01,1,0,2,5,1,5,3,13,0.0,D,2,2,0,1,1,1,0,1,80,child