Num_Acc,jour,mois,an,hrmn,lum,dep,com,agg,int,atm,col,adr,lat,long,catu,grav,sexe,an_nais,trajet,secu1,secu2,secu3,num_veh_y,senc,obs,obsm,choc,manv,motor,catr,voie,v1,v2,circ,nbv,vosp,prof,plan,surf,infra,situ,vma,age
202100026374,30,7,2021,0 days 21:30:00,3,39,39299,1,1,1,2,,"46,9463400000","5,3556850000",1,3,2,2004.0,5,0,-1,-1,B01,1,0,2,5,1,5,3,13,0.0,D,2,2,0,1,1,1,0,1,80,adult
202100026414,29,7,2021,0 days 15:00:00,1,76,76681,2,2,1,1,BLUM. RUE LEON,"49,4215300000","1,0891800000",1,1,1,1967.0,4,1,0,-1,B01,0,0,4,1,26,5,4,BLUM. RUE LEON,0.0,,2,2,3,1,1,1,4,8,30,child
202100026414,29,7,2021,0 days 15:00:00,1,76,76681,2,2,1,1,BLUM. RUE LEON,"49,4215300000","1,0891800000",1,4,1,2006.0,5,8,0,-1,B01,0,0,4,1,26,5,4,BLUM. RUE LEON,0.0,,2,2,3,1,1,1,4,8,30,adult
202100026437,27,7,2021,0 days 14:00:00,1,80,80021,2,1,1,1,TROIS CAILLOUX (RUE DES),"49,8924200000","2,2997500000",1,4,1,1967.0,5,2,-1,-1,A01,0,0,2,1,1,5,4,TROIS CAILLOUX (RUE DES),0.0,,2,1,3,1,1,1,0,1,30,child
202100026437,27,7,2021,0 days 14:00:00,1,80,80021,2,1,1,1,TROIS CAILLOUX (RUE DES),"49,8924200000","2,2997500000",1,1,1,2001.0,5,2,-1,-1,A01,0,0,2,1,1,5,4,TROIS CAILLOUX (RUE DES),0.0,,2,1,3,1,1,1,0,1,30,adult
202100026441,25,7,2021,0 days 09:40:00,1,73,73008,2,6,1,3,D50 / Bd Lepic,"45,6854100000","5,9061700000",1,3,1,1940.0,5,8,0,-1,B01,2,0,2,7,1,5,3,Avenue de Tresserve,0.0,,1,1,0,1,2,1,0,1,50,child
202100026441,25,7,2021,0 days 09:40:00,1,73,73008,2,6,1,3,D50 / Bd Lepic,"45,6854100000","5,9061700000",1,1,1,1973.0,0,8,0,-1,B01,2,0,2,7,1,5,3,Avenue de Tresserve,0.0,,1,1,0,1,2,1,0,1,50,adult
202100026444,29,7,2021,0 days 11:38:00,1,66,66136,2,1,1,3,NUNGESSER-ET-COLI (BOULEVARD),"42,6873700000","2,8871700000",1,1,1,1963.0,4,1,0,-1,B01,1,0,2,1,1,5,4,NUNGESSER-ET-COLI (BOULEVARD),0.0,,2,2,0,1,1,1,0,4,50,child
202100026444,29,7,2021,0 days 11:38:00,1,66,66136,2,1,1,3,NUNGESSER-ET-COLI (BOULEVARD),"42,6873700000","2,8871700000",1,4,1,1998.0,5,8,0,-1,B01,1,0,2,1,1,5,4,NUNGESSER-ET-COLI (BOULEVARD),0.0,,2,2,0,1,1,1,0,4,50,adult
202100026478,28,7,2021,0 days 20:28:00,1,15,15014,2,6,1,6,Giratoire du Vialenc,"44,9223700000","2,4280200000",1,1,1,1945.0,5,8,0,-1,B01,1,0,2,1,26,0,3,VIALENC (CARREFOUR DU),0.0,,1,1,0,1,2,1,5,1,50,child
202100026478,28,7,2021,0 days 20:28:00,1,15,15014,2,6,1,6,Giratoire du Vialenc,"44,9223700000","2,4280200000",1,4,1,2004.0,5,8,0,-1,B01,1,0,2,1,26,0,3,VIALENC (CARREFOUR DU),0.0,,1,1,0,1,2,1,5,1,50,adult
202100026503,28,7,2021,0 days 18:15:00,1,75,75102,2,3,1,3,BOULEVARD DE BONNE NOUVELLE,"48,8701510000","2,3504810000",1,1,1,1972.0,5,1,0,-1,B01,2,0,2,1,1,5,4,BOULEVARD DE BONNE NOUVELLE,0.0,,2,5,0,1,1,1,0,1,50,child
202100026503,28,7,2021,0 days 18:15:00,1,75,75102,2,3,1,3,BOULEVARD DE BONNE NOUVELLE,"48,8701510000","2,3504810000",1,4,2,1995.0,1,8,0,-1,B01,2,0,2,1,1,5,4,BOULEVARD DE BONNE NOUVELLE,0.0,,2,5,0,1,1,1,0,1,50,adult
202100026519,28,7,2021,0 days 09:30:00,1,92,92012,2,2,1,3,ANATOLE FRANCE (BOULEVARD) 1/4BIS,"48,8503404179","2,2377760100",1,1,1,1953.0,9,1,8,-1,B01,1,0,2,1,17,5,4,,0.0,,2,2,0,1,1,1,0,1,50,child
202100026519,28,7,2021,0 days 09:30:00,1,92,92012,2,2,1,3,ANATOLE FRANCE (BOULEVARD) 1/4BIS,"48,8503404179","2,2377760100",1,4,1,1994.0,9,2,8,-1,B01,1,0,2,1,17,5,4,,0.0,,2,2,0,1,1,1,0,1,50,adult
202100026522,29,7,2021,0 days 17:00:00,1,41,41104,2,3,1,1,Route de Chambord,"47,5923180000","1,4531350000",1,3,1,1961.0,5,2,-1,-1,B01,2,0,2,2,15,5,3,33,-1.0,,2,1,0,2,1,1,0,1,50,child
202100026522,29,7,2021,0 days 17:00:00,1,41,41104,2,3,1,1,Route de Chambord,"47,5923180000","1,4531350000",1,1,1,1999.0,1,1,-1,-1,B01,2,0,2,2,15,5,3,33,-1.0,,2,1,0,2,1,1,0,1,50,adult
202100026588,29,7,2021,0 days 17:55:00,1,22,22384,2,3,1,1,Rue des Rochers,"48,2819720000"," -2,8330940000",1,3,1,1973.0,1,0,-1,-1,A01,3,0,2,1,5,5,4,X,0.0,X,2,2,0,2,2,1,0,1,50,child
202100026588,29,7,2021,0 days 17:55:00,1,22,22384,2,3,1,1,Rue des Rochers,"48,2819720000"," -2,8330940000",1,4,1,2005.0,5,0,-1,-1,A01,3,0,2,1,5,5,4,X,0.0,X,2,2,0,2,2,1,0,1,50,adult
202100026631,28,7,2021,0 days 06:20:00,2,72,72181,2,6,1,6,TIRONNEAU ADRIEN (PL),"47,9829000000","0,2104000000",1,3,1,1964.0,0,2,0,-1,B01,3,0,2,0,19,5,4,GENESLAY FELIX (AV) N° PAIRS 2 A 144,0.0,,1,1,1,1,1,2,9,6,50,child
202100026631,28,7,2021,0 days 06:20:00,2,72,72181,2,6,1,6,TIRONNEAU ADRIEN (PL),"47,9829000000","0,2104000000",1,1,1,1999.0,9,2,6,-1,B01,3,0,2,0,19,5,4,GENESLAY FELIX (AV) N° PAIRS 2 A 144,0.0,,1,1,1,1,1,2,9,6,50,adult
202100026649,27,7,2021,0 days 05:50:00,2,50,50129,2,2,2,3,CONQUERANT (BOULEVARD GUILLAUME LE),"49,6421600000"," -1,6370300000",1,4,1,1975.0,1,2,-1,-1,A01,3,0,2,4,19,5,3,CONQUERANT (BOULEVARD GUILLAUME LE),0.0,,3,4,0,1,1,2,0,1,50,child
202100026649,27,7,2021,0 days 05:50:00,2,50,50129,2,2,2,3,CONQUERANT (BOULEVARD GUILLAUME LE),"49,6421600000"," -1,6370300000",1,1,1,1999.0,5,1,-1,-1,A01,3,0,2,4,19,5,3,CONQUERANT (BOULEVARD GUILLAUME LE),0.0,,3,4,0,1,1,2,0,1,50,adult
202100026656,17,6,2021,0 days 06:00:00,5,42,42330,2,1,1,1,Montee de la Feuilletiere,"45,4690300000","4,3634400000",1,4,1,1965.0,0,8,0,-1,B01,0,0,2,1,1,5,4,FEUILLETIERE (MONTEE),0.0,,2,2,0,2,1,1,0,1,50,child
202100026656,17,6,2021,0 days 06:00:00,5,42,42330,2,1,1,1,Montee de la Feuilletiere,"45,4690300000","4,3634400000",1,1,2,1992.0,0,1,0,-1,B01,0,0,2,1,1,5,4,FEUILLETIERE (MONTEE),0.0,,2,2,0,2,1,1,0,1,50,adult
202100026684,28,7,2021,0 days 11:10:00,1,75,75112,2,3,1,3,BOULEVARD PONIATOWSKI,"48,8292660000","2,3903710000",1,4,1,1962.0,5,2,0,-1,B01,1,0,2,1,1,5,4,BOULEVARD PONIATOWSKI,0.0,,2,6,0,1,1,2,0,1,50,child
202100026684,28,7,2021,0 days 11:10:00,1,75,75112,2,3,1,3,BOULEVARD PONIATOWSKI,"48,8292660000","2,3903710000",1,1,2,1998.0,4,1,0,-1,B01,1,0,2,1,1,5,4,BOULEVARD PONIATOWSKI,0.0,,2,6,0,1,1,2,0,1,50,adult
202100026686,28,7,2021,0 days 18:15:00,1,75,75110,2,7,1,6,BOULEVARD DE MAGENTA,"48,8806670000","2,3520780000",3,4,2,1962.0,9,0,-1,-1,A01,2,0,1,1,1,5,4,BOULEVARD DE MAGENTA,0.0,,1,1,1,2,1,1,0,5,50,child
202100026686,28,7,2021,0 days 18:15:00,1,75,75110,2,7,1,6,BOULEVARD DE MAGENTA,"48,8806670000","2,3520780000",1,1,1,1992.0,5,8,0,-1,A01,2,0,1,1,1,5,4,BOULEVARD DE MAGENTA,0.0,,1,1,1,2,1,1,0,5,50,adult
202100026699,28,7,2021,0 days 12:40:00,1,92,92026,2,1,1,6,GEORGES CLEMENCEAU,"48,9029953811","2,2708573937",1,1,1,1965.0,4,1,0,-1,B01,1,1,0,8,1,0,3,9B,0.0,,2,4,1,1,1,1,0,1,50,child
202100026699,28,7,2021,0 days 12:40:00,1,92,92026,2,1,1,6,GEORGES CLEMENCEAU,"48,9029953811","2,2708573937",1,4,1,2000.0,0,8,0,-1,B01,1,1,0,8,1,0,3,9B,0.0,,2,4,1,1,1,1,0,1,50,adult
202100026723,29,7,2021,0 days 16:20:00,1,58,58202,1,2,1,6,D985,"47,0746120000","3,7089800000",2,1,1,1992.0,5,8,-1,-1,B01,2,0,2,8,19,5,3,985,0.0,D,2,2,0,1,1,1,0,1,80,child
202100026723,29,7,2021,0 days 16:20:00,1,58,58202,1,2,1,6,D985,"47,0746120000","3,7089800000",1,4,2,1999.0,5,8,-1,-1,B01,2,0,2,8,19,5,3,985,0.0,D,2,2,0,1,1,1,0,1,80,adult
202100026723,29,7,2021,0 days 16:20:00,1,58,58202,1,2,1,6,D985,"47,0746120000","3,7089800000",1,3,1,2006.0,5,2,9,-1,B01,2,0,2,8,19,5,3,985,0.0,D,2,2,0,1,1,1,0,1,80,adult
202100026723,29,7,2021,0 days 16:20:00,1,58,58202,1,2,1,6,D985,"47,0746120000","3,7089800000",2,1,1,2018.0,5,3,-1,-1,B01,2,0,2,8,19,5,3,985,0.0,D,2,2,0,1,1,1,0,1,80,adult
202100026723,29,7,2021,0 days 16:20:00,1,58,58202,1,2,1,6,D985,"47,0746120000","3,7089800000",2,1,1,2020.0,5,3,-1,-1,B01,2,0,2,8,19,5,3,985,0.0,D,2,2,0,1,1,1,0,1,80,adult
202100026788,24,7,2021,0 days 13:10:00,1,78,78524,1,9,1,3,ROUTE DE VERSAILLES,"48,8317000000","2,1129200000",1,4,1,1956.0,5,2,-1,-1,Y01,2,0,2,5,26,5,3,ROUTE DE VERSAILLES,0.0,,3,3,0,1,1,1,0,1,70,child
202100026788,24,7,2021,0 days 13:10:00,1,78,78524,1,9,1,3,ROUTE DE VERSAILLES,"48,8317000000","2,1129200000",1,1,2,1983.0,1,1,0,-1,Y01,2,0,2,5,26,5,3,ROUTE DE VERSAILLES,0.0,,3,3,0,1,1,1,0,1,70,adult
202100026799,25,7,2021,0 days 14:50:00,1,67,67482,2,1,1,6,GOEB (CHEMIN),"48,5928600000","7,7831000000",3,4,1,1959.0,5,0,-1,-1,A01,1,0,1,2,1,5,4,GOEB (CHEMIN),0.0,,2,4,1,1,1,1,0,5,50,child
202100026799,25,7,2021,0 days 14:50:00,1,67,67482,2,1,1,6,GOEB (CHEMIN),"48,5928600000","7,7831000000",1,4,1,2000.0,5,8,0,-1,A01,1,0,1,2,1,5,4,GOEB (CHEMIN),0.0,,2,4,1,1,1,1,0,5,50,adult
202100026820,27,7,2021,0 days 15:45:00,1,35,35238,2,1,2,2,PATTON (AVENUE DU GENERAL SIR GEORGES),"48,1333400000"," -1,6606900000",1,4,1,1939.0,5,8,-1,-1,B01,1,0,2,1,2,5,4,PATTON (AVENUE DU GENERAL SIR GEORGES),0.0,,2,2,1,1,3,2,0,1,50,child
202100026820,27,7,2021,0 days 15:45:00,1,35,35238,2,1,2,2,PATTON (AVENUE DU GENERAL SIR GEORGES),"48,1333400000"," -1,6606900000",1,1,1,1975.0,4,1,-1,-1,B01,1,0,2,1,2,5,4,PATTON (AVENUE DU GENERAL SIR GEORGES),0.0,,2,2,1,1,3,2,0,1,50,adult
202100026835,26,7,2021,0 days 09:30:00,1,13,13207,2,1,1,2,CATALANS (RUE DES),"43,2924334329","5,3556697461",1,4,1,1972.0,0,2,0,-1,A01,1,0,2,8,18,5,4,CATALANS (RUE DES),0.0,,1,3,2,1,1,1,0,1,50,child
202100026835,26,7,2021,0 days 09:30:00,1,13,13207,2,1,1,2,CATALANS (RUE DES),"43,2924334329","5,3556697461",1,1,2,2001.0,0,8,0,-1,A01,1,0,2,8,18,5,4,CATALANS (RUE DES),0.0,,1,3,2,1,1,1,0,1,50,adult
202100026917,27,7,2021,0 days 18:45:00,1,67,67137,2,1,1,2,18 rue Paul Gauguin,"48,4870240000","7,6971140000",1,1,1,1978.0,5,8,-1,-1,B01,3,0,2,0,0,5,6,,-1.0,,-1,-1,0,1,1,1,9,8,5,child
202100026917,27,7,2021,0 days 18:45:00,1,67,67137,2,1,1,2,18 rue Paul Gauguin,"48,4870240000","7,6971140000",1,4,1,2017.0,5,0,-1,-1,B01,3,0,2,0,0,5,6,,-1.0,,-1,-1,0,1,1,1,9,8,5,adult
202100026941,6,3,2021,0 days 11:10:00,1,73,73085,1,1,1,2,D991 B,"45,7918260000","5,8628370000",1,1,1,1967.0,9,1,-1,-1,A01,2,0,2,1,1,5,3,991,0.0,B,2,2,0,2,4,1,0,1,80,child
202100026941,6,3,2021,0 days 11:10:00,1,73,73085,1,1,1,2,D991 B,"45,7918260000","5,8628370000",1,3,1,1991.0,5,2,-1,-1,A01,2,0,2,1,1,5,3,991,0.0,B,2,2,0,2,4,1,0,1,80,adult
202100027068,25,7,2021,0 days 09:00:00,1,33,33529,2,6,1,3,Rue Jean de Grailly,"44,6265900000"," -1,1414100000",1,1,2,1973.0,0,1,-1,-1,B01,0,0,2,4,1,5,4,GRAILLY (RUE JEAN DE) DU 01 AU 29,0.0,,1,1,2,1,3,1,0,1,50,child
202100027068,25,7,2021,0 days 09:00:00,1,33,33529,2,6,1,3,Rue Jean de Grailly,"44,6265900000"," -1,1414100000",1,4,2,2003.0,0,8,-1,-1,B01,0,0,2,4,1,5,4,GRAILLY (RUE JEAN DE) DU 01 AU 29,0.0,,1,1,2,1,3,1,0,1,50,adult
202100027137,24,7,2021,0 days 09:15:00,1,73,73298,2,1,1,3,D990 Route Porte de Tarentaise,"45,6610760000","6,4332350000",1,3,1,1950.0,5,2,-1,-1,B01,0,0,2,4,2,5,3,990,-1.0,,2,2,0,1,1,1,0,1,50,child
202100027137,24,7,2021,0 days 09:15:00,1,73,73298,2,1,1,3,D990 Route Porte de Tarentaise,"45,6610760000","6,4332350000",1,1,1,1982.0,5,8,-1,-1,B01,0,0,2,4,2,5,3,990,-1.0,,2,2,0,1,1,1,0,1,50,adult
202100027212,23,7,2021,0 days 08:30:00,1,31,31555,2,1,1,3,RUE DE GAILLAC,"43,6239220000","1,4748070000",1,1,2,1963.0,4,8,0,-1,B01,3,0,9,1,1,5,4,RUE DE GAILLAC,0.0,,2,2,3,1,1,1,0,1,50,child
202100027212,23,7,2021,0 days 08:30:00,1,31,31555,2,1,1,3,RUE DE GAILLAC,"43,6239220000","1,4748070000",1,3,1,1999.0,9,8,0,-1,B01,3,0,9,1,1,5,4,RUE DE GAILLAC,0.0,,2,2,3,1,1,1,0,1,50,adult
202100027215,24,7,2021,0 days 08:30:00,1,15,15014,2,1,8,3,Avenue de Tronquières,"44,9070960000","2,4288900000",2,1,2,1974.0,1,1,0,-1,B01,2,0,2,1,1,5,4,,0.0,,2,2,0,1,1,1,0,1,50,child
202100027215,24,7,2021,0 days 08:30:00,1,15,15014,2,1,8,3,Avenue de Tronquières,"44,9070960000","2,4288900000",1,1,1,1998.0,1,1,0,-1,B01,2,0,2,1,1,5,4,,0.0,,2,2,0,1,1,1,0,1,50,adult
202100027215,24,7,2021,0 days 08:30:00,1,15,15014,2,1,8,3,Avenue de Tronquières,"44,9070960000","2,4288900000",1,4,1,2004.0,5,2,0,-1,B01,2,0,2,1,1,5,4,,0.0,,2,2,0,1,1,1,0,1,50,adult
202100027244,14,7,2021,0 days 18:45:00,1,44,44144,2,3,1,3,154 Rue de l Ouche,"47,5170280000"," -1,2937460000",1,1,1,1947.0,0,1,-1,-1,B01,2,0,2,3,6,5,3,33,-1.0,,2,2,0,1,1,1,5,1,50,child
202100027244,14,7,2021,0 days 18:45:00,1,44,44144,2,3,1,3,154 Rue de l Ouche,"47,5170280000"," -1,2937460000",1,4,1,1991.0,5,2,-1,-1,B01,2,0,2,3,6,5,3,33,-1.0,,2,2,0,1,1,1,5,1,50,adult
202100027366,23,7,2021,0 days 07:50:00,1,31,31555,2,9,1,2,CHE DU VERDON,"43,6256340000","1,4779190000",1,4,1,1946.0,9,8,0,-1,B01,1,0,2,4,15,5,4,CHE DU VERDON,0.0,,2,2,0,1,1,1,0,1,50,child
202100027366,23,7,2021,0 days 07:50:00,1,31,31555,2,9,1,2,CHE DU VERDON,"43,6256340000","1,4779190000",1,1,1,1985.0,0,1,0,-1,B01,1,0,2,4,15,5,4,CHE DU VERDON,0.0,,2,2,0,1,1,1,0,1,50,adult
202100027367,23,7,2021,0 days 22:00:00,5,30,30007,2,1,1,3,BOISSIER DE SAUVAGE (quai),"44,1267000000","4,0739500000",1,1,1,1966.0,9,1,8,-1,B01,3,0,2,4,26,6,4,BOISSIER DE SAUVAGE (quai),0.0,,3,4,0,1,1,1,0,1,50,child
202100027367,23,7,2021,0 days 22:00:00,5,30,30007,2,1,1,3,BOISSIER DE SAUVAGE (quai),"44,1267000000","4,0739500000",1,4,1,2011.0,0,8,0,-1,B01,3,0,2,4,26,6,4,BOISSIER DE SAUVAGE (quai),0.0,,3,4,0,1,1,1,0,1,50,adult
202100027382,23,7,2021,0 days 22:42:00,5,75,75118,2,2,1,3,RUE DES POISSONNIERS,"48,8911910000","2,3516320000",1,4,1,1955.0,1,2,6,-1,B01,1,0,2,3,1,5,4,RUE DES POISSONNIERS,0.0,,2,2,0,1,1,1,0,1,50,child
202100027382,23,7,2021,0 days 22:42:00,5,75,75118,2,2,1,3,RUE DES POISSONNIERS,"48,8911910000","2,3516320000",1,1,1,1997.0,5,1,0,-1,B01,1,0,2,3,1,5,4,RUE DES POISSONNIERS,0.0,,2,2,0,1,1,1,0,1,50,adult
202100027416,24,7,2021,0 days 12:50:00,1,56,56204,1,1,2,1,Keriolas,"47,8931560000"," -2,7528560000",1,1,2,1961.0,5,1,-1,-1,B01,2,0,2,1,1,5,3,150,0.0,,2,2,0,2,3,2,0,1,80,child
202100027416,24,7,2021,0 days 12:50:00,1,56,56204,1,1,2,1,Keriolas,"47,8931560000"," -2,7528560000",1,4,1,1988.0,0,0,-1,-1,B01,2,0,2,1,1,5,3,150,0.0,,2,2,0,2,3,2,0,1,80,adult
202100027503,21,7,2021,0 days 18:50:00,1,95,95197,2,3,1,1,Rue de la Gare,"48,9753660000","2,3327750000",1,1,2,1961.0,3,1,-1,-1,B01,2,0,2,1,21,5,3,GARE (RUE DE LA),0.0,,2,2,0,1,2,1,0,1,50,child
202100027503,21,7,2021,0 days 18:50:00,1,95,95197,2,3,1,1,Rue de la Gare,"48,9753660000","2,3327750000",1,4,1,1986.0,3,8,-1,-1,B01,2,0,2,1,21,5,3,GARE (RUE DE LA),0.0,,2,2,0,1,2,1,0,1,50,adult
202100027534,22,7,2021,0 days 20:25:00,1,47,47323,2,1,1,3,BORDENEUVE (AVENUE JACQUES),"44,4044000000","0,6911000000",1,1,1,1967.0,0,1,0,-1,Y01,1,0,2,7,21,5,3,911,0.0,,1,1,0,1,2,1,0,1,50,child
202100027534,22,7,2021,0 days 20:25:00,1,47,47323,2,1,1,3,BORDENEUVE (AVENUE JACQUES),"44,4044000000","0,6911000000",1,3,2,1998.0,1,8,0,-1,Y01,1,0,2,7,21,5,3,911,0.0,,1,1,0,1,2,1,0,1,50,adult
202100027546,22,7,2021,0 days 13:55:00,1,33,33009,2,1,1,3,Boulevard Maréchal Leclerc,"44,6592400000"," -1,1645300000",2,1,2,1939.0,3,1,-1,-1,B01,2,0,2,7,1,5,4,LECLERC (BD DU MAL) DU 01 ET +,0.0,,-1,1,1,1,1,1,0,5,30,child
202100027546,22,7,2021,0 days 13:55:00,1,33,33009,2,1,1,3,Boulevard Maréchal Leclerc,"44,6592400000"," -1,1645300000",1,1,1,1946.0,3,1,-1,-1,B01,2,0,2,7,1,5,4,LECLERC (BD DU MAL) DU 01 ET +,0.0,,-1,1,1,1,1,1,0,5,30,adult
202100027546,22,7,2021,0 days 13:55:00,1,33,33009,2,1,1,3,Boulevard Maréchal Leclerc,"44,6592400000"," -1,1645300000",1,4,2,2000.0,5,0,-1,-1,B01,2,0,2,7,1,5,4,LECLERC (BD DU MAL) DU 01 ET +,0.0,,-1,1,1,1,1,1,0,5,30,adult
202100027555,21,7,2021,0 days 08:50:00,1,11,11262,2,1,1,6,TORGAN (RUE DU),"43,1838030000","2,9758600000",1,3,1,1938.0,0,8,0,-1,B01,3,0,2,0,0,5,4,TORGAN (RUE DU),0.0,,2,2,0,1,1,1,9,1,50,child
202100027555,21,7,2021,0 days 08:50:00,1,11,11262,2,1,1,6,TORGAN (RUE DU),"43,1838030000","2,9758600000",1,1,2,1996.0,0,1,0,-1,B01,3,0,2,0,0,5,4,TORGAN (RUE DU),0.0,,2,2,0,1,1,1,9,1,50,adult
202100027571,21,7,2021,0 days 23:15:00,5,75,75111,2,2,1,3,BOULEVARD DE BELLEVILLE,"48,8688960000","2,3804310000",1,1,1,1954.0,5,1,0,-1,B01,1,0,2,3,1,5,4,BOULEVARD DE BELLEVILLE,0.0,,2,2,1,1,1,1,0,1,50,child
202100027571,21,7,2021,0 days 23:15:00,5,75,75111,2,2,1,3,BOULEVARD DE BELLEVILLE,"48,8688960000","2,3804310000",1,4,1,1991.0,5,8,0,-1,B01,1,0,2,3,1,5,4,BOULEVARD DE BELLEVILLE,0.0,,2,2,1,1,1,1,0,1,50,adult
202100027573,22,7,2021,0 days 14:05:00,1,75,75108,2,1,1,3,AVENUE DE WAGRAM,"48,8747600000","2,2957700000",1,1,1,1966.0,5,1,8,-1,B01,2,0,2,7,19,5,4,AVENUE DE WAGRAM,0.0,,2,2,3,1,1,1,0,1,50,child
202100027573,22,7,2021,0 days 14:05:00,1,75,75108,2,1,1,3,AVENUE DE WAGRAM,"48,8747600000","2,2957700000",1,4,2,1991.0,5,8,0,-1,B01,2,0,2,7,19,5,4,AVENUE DE WAGRAM,0.0,,2,2,3,1,1,1,0,1,50,adult
202100027574,22,7,2021,0 days 13:55:00,1,75,75102,2,4,1,3,BOULEVARD DES CAPUCINES,"48,8700900000","2,3290510000",1,4,2,1974.0,9,8,0,-1,B01,2,0,2,1,1,5,4,BOULEVARD DES CAPUCINES,0.0,,2,4,3,1,1,1,0,6,50,child
202100027574,22,7,2021,0 days 13:55:00,1,75,75102,2,4,1,3,BOULEVARD DES CAPUCINES,"48,8700900000","2,3290510000",1,1,1,2000.0,4,8,0,-1,B01,2,0,2,1,1,5,4,BOULEVARD DES CAPUCINES,0.0,,2,4,3,1,1,1,0,6,50,adult
202100027587,22,7,2021,0 days 16:45:00,1,93,93048,2,9,1,3,Bd Paul Vaillant Couturier,"48,8662040000","2,4445290000",1,3,1,1966.0,0,8,0,-1,A01,0,0,2,1,1,0,3,PAUL VAILLANT COUTURIER (BOULEVARD),0.0,,-1,1,0,1,2,1,0,1,50,child
202100027587,22,7,2021,0 days 16:45:00,1,93,93048,2,9,1,3,Bd Paul Vaillant Couturier,"48,8662040000","2,4445290000",1,1,2,1993.0,2,1,0,-1,A01,0,0,2,1,1,0,3,PAUL VAILLANT COUTURIER (BOULEVARD),0.0,,-1,1,0,1,2,1,0,1,50,adult
202100027598,23,7,2021,0 days 11:30:00,1,52,52365,1,2,1,2,D65,"48,0639920000","4,9468520000",1,3,2,1949.0,3,2,-1,-1,B01,2,0,2,4,15,5,3,65,-1.0,,2,2,0,1,1,1,0,1,90,child
202100027598,23,7,2021,0 days 11:30:00,1,52,52365,1,2,1,2,D65,"48,0639920000","4,9468520000",1,1,1,1998.0,4,1,-1,-1,B01,2,0,2,4,15,5,3,65,-1.0,,2,2,0,1,1,1,0,1,90,adult
202100027651,22,7,2021,0 days 17:50:00,1,05,05079,1,1,1,2,Col du Galibier (Col de montagne),"45,0606240000","6,4114770000",1,3,1,1954.0,5,2,-1,-1,A01,1,0,2,1,17,5,3,902,-1.0,D,2,2,0,2,2,1,0,1,80,child
202100027651,22,7,2021,0 days 17:50:00,1,05,05079,1,1,1,2,Col du Galibier (Col de montagne),"45,0606240000","6,4114770000",1,1,1,1991.0,9,1,-1,-1,A01,1,0,2,1,17,5,3,902,-1.0,D,2,2,0,2,2,1,0,1,80,adult
202100027655,23,7,2021,0 days 07:20:00,2,26,26235,2,6,1,2,Route nationale 7,"44,3685170000","4,6941660000",1,1,1,1960.0,1,1,-1,-1,B01,2,0,0,5,26,5,2,7,-1.0,,2,3,0,1,1,1,5,1,50,child
202100027655,23,7,2021,0 days 07:20:00,2,26,26235,2,6,1,2,Route nationale 7,"44,3685170000","4,6941660000",1,3,1,1992.0,1,2,-1,-1,B01,2,0,0,5,26,5,2,7,-1.0,,2,3,0,1,1,1,5,1,50,adult
202100027658,25,6,2021,0 days 18:50:00,1,59,59069,1,1,1,3,Départementale 114,"50,2545590000","3,5443780000",1,1,1,1937.0,0,1,-1,-1,A01,2,0,2,8,1,5,3,114,-1.0,,2,2,0,1,1,1,0,1,80,child
202100027658,25,6,2021,0 days 18:50:00,1,59,59069,1,1,1,3,Départementale 114,"50,2545590000","3,5443780000",1,4,1,1988.0,5,2,-1,-1,A01,2,0,2,8,1,5,3,114,-1.0,,2,2,0,1,1,1,0,1,80,adult
202100027737,20,7,2021,0 days 19:45:00,1,37,37233,2,6,1,6,PAUL (RUE MARCEL),"47,3949811924","0,7263194025",1,1,2,1944.0,1,1,8,-1,B01,3,0,2,1,1,5,4,PAUL (RUE MARCEL),0.0,,2,2,0,1,1,1,0,1,50,child
202100027737,20,7,2021,0 days 19:45:00,1,37,37233,2,6,1,6,PAUL (RUE MARCEL),"47,3949811924","0,7263194025",1,3,2,1968.0,1,8,0,-1,B01,3,0,2,1,1,5,4,PAUL (RUE MARCEL),0.0,,2,2,0,1,1,1,0,1,50,adult
202100027743,21,7,2021,0 days 11:34:00,1,31,31555,2,1,1,3,GRANDE RUE SAINT MICHEL,"43,5870100000","1,4468800000",1,3,2,1935.0,9,8,0,-1,B01,2,0,2,3,1,5,4,GRANDE RUE SAINT MICHEL,0.0,,2,1,0,1,1,1,0,1,50,child
202100027743,21,7,2021,0 days 11:34:00,1,31,31555,2,1,1,3,GRANDE RUE SAINT MICHEL,"43,5870100000","1,4468800000",1,1,2,1994.0,1,1,0,-1,B01,2,0,2,3,1,5,4,GRANDE RUE SAINT MICHEL,0.0,,2,1,0,1,1,1,0,1,50,adult
202100027765,21,7,2021,0 days 14:45:00,1,75,75111,2,4,1,3,RUE DU FAUBOURG SAINT ANTOINE,"48,8506360000","2,3788240000",1,4,2,1973.0,9,8,0,-1,B01,2,0,2,0,7,5,4,RUE DU FAUBOURG SAINT ANTOINE,0.0,,2,2,3,1,1,1,0,6,50,child
202100027765,21,7,2021,0 days 14:45:00,1,75,75111,2,4,1,3,RUE DU FAUBOURG SAINT ANTOINE,"48,8506360000","2,3788240000",1,1,2,1994.0,9,1,0,-1,B01,2,0,2,0,7,5,4,RUE DU FAUBOURG SAINT ANTOINE,0.0,,2,2,3,1,1,1,0,6,50,adult