Num_Acc,jour,mois,an,hrmn,lum,dep,com,agg,int,atm,col,adr,lat,long,catu,grav,sexe,an_nais,trajet,secu1,secu2,secu3,num_veh_y,senc,obs,obsm,choc,manv,motor,catr,voie,v1,v2,circ,nbv,vosp,prof,plan,surf,infra,situ,vma,age
202100027786,19,7,2021,0 days 21:15:00,2,92,92063,2,7,1,3,BUZENVAL (PLACE DE),"48,8572400000","2,1902100000",1,4,1,1979.0,5,2,8,-1,B01,2,0,2,3,1,0,3,180,0.0,,2,1,0,1,2,1,0,1,50,child
202100027786,19,7,2021,0 days 21:15:00,2,92,92063,2,7,1,3,BUZENVAL (PLACE DE),"48,8572400000","2,1902100000",1,1,1,2003.0,3,2,8,-1,B01,2,0,2,3,1,0,3,180,0.0,,2,1,0,1,2,1,0,1,50,adult
202100027812,20,7,2021,0 days 18:00:00,1,89,89255,1,2,1,1,D976,"48,3132340000","3,2205180000",1,1,1,1935.0,5,1,-1,-1,B01,1,0,2,9,1,0,3,976,0.0,,2,2,0,1,1,1,5,1,80,child
202100027812,20,7,2021,0 days 18:00:00,1,89,89255,1,2,1,1,D976,"48,3132340000","3,2205180000",1,4,1,1956.0,5,0,-1,-1,B01,1,0,2,9,1,0,3,976,0.0,,2,2,0,1,1,1,5,1,80,adult
202100027905,20,7,2021,0 days 17:55:00,1,64,64483,2,6,1,3,RD810,"43,4123200000"," -1,6179300000",1,3,1,1951.0,0,2,6,-1,B01,2,0,2,8,1,0,3,RD810,0.0,,2,2,0,1,3,1,5,8,50,child
202100027905,20,7,2021,0 days 17:55:00,1,64,64483,2,6,1,3,RD810,"43,4123200000"," -1,6179300000",1,1,1,1998.0,0,2,0,-1,B01,2,0,2,8,1,0,3,RD810,0.0,,2,2,0,1,3,1,5,8,50,adult
202100027915,19,7,2021,0 days 17:50:00,1,50,50147,1,1,7,3,ECAUDERIE,"49,0703120000"," -1,4303520000",1,4,2,1949.0,5,2,8,-1,A01,3,0,9,3,9,5,4,ECAUDERIE,0.0,,2,2,0,2,3,1,9,1,50,child
202100027915,19,7,2021,0 days 17:50:00,1,50,50147,1,1,7,3,ECAUDERIE,"49,0703120000"," -1,4303520000",1,1,1,2008.0,5,2,8,-1,A01,3,0,9,3,9,5,4,ECAUDERIE,0.0,,2,2,0,2,3,1,9,1,50,adult
202100027916,19,7,2021,0 days 18:11:00,1,49,49007,2,1,1,3,PRE PIGEON,"47,4779400000"," -0,5434300000",1,1,2,1970.0,5,1,0,-1,B01,1,0,2,3,19,5,4,PRE PIGEON,0.0,,2,2,0,1,1,1,0,1,30,child
202100027916,19,7,2021,0 days 18:11:00,1,49,49007,2,1,1,3,PRE PIGEON,"47,4779400000"," -0,5434300000",1,4,2,2002.0,5,8,0,-1,B01,1,0,2,3,19,5,4,PRE PIGEON,0.0,,2,2,0,1,1,1,0,1,30,adult
202100027919,20,7,2021,0 days 12:00:00,1,44,44109,2,6,1,3,PLACE VICTOR MANGIN,"47,2010200000"," -1,5443760000",1,4,1,1929.0,0,2,0,-1,A01,0,0,2,1,17,5,4,PLACE VICTOR MANGIN,0.0,,1,2,1,1,1,1,0,5,30,child
202100027919,20,7,2021,0 days 12:00:00,1,44,44109,2,6,1,3,PLACE VICTOR MANGIN,"47,2010200000"," -1,5443760000",1,1,1,2002.0,0,2,0,-1,A01,0,0,2,1,17,5,4,PLACE VICTOR MANGIN,0.0,,1,2,1,1,1,1,0,5,30,adult
202100027926,20,7,2021,0 days 09:00:00,1,33,33281,2,2,1,3,Avenue de l’Yser,"44,8420500000"," -0,6606900000",1,1,2,1936.0,0,1,-1,-1,B01,1,0,2,1,1,5,4,,0.0,,2,3,2,1,1,1,0,1,50,child
202100027926,20,7,2021,0 days 09:00:00,1,33,33281,2,2,1,3,Avenue de l’Yser,"44,8420500000"," -0,6606900000",1,4,1,1997.0,0,0,-1,-1,B01,1,0,2,1,1,5,4,,0.0,,2,3,2,1,1,1,0,1,50,adult
202100027933,20,7,2021,0 days 10:18:00,1,26,26362,2,6,1,3,31 rue de la Cécile,"44,9222830000","4,8907130000",1,2,1,1946.0,3,8,0,-1,B01,2,0,2,7,1,5,4,CECILE RUE DE LA (302),0.0,,2,2,-1,1,1,1,2,1,50,child
202100027933,20,7,2021,0 days 10:18:00,1,26,26362,2,6,1,3,31 rue de la Cécile,"44,9222830000","4,8907130000",1,1,1,1988.0,3,1,0,-1,B01,2,0,2,7,1,5,4,CECILE RUE DE LA (302),0.0,,2,2,-1,1,1,1,2,1,50,adult
202100027952,20,7,2021,0 days 11:45:00,1,75,75106,2,3,1,2,QUAI DES GRANDS AUGUSTINS,"48,8542900000","2,3431740000",1,4,2,1962.0,9,2,0,-1,A01,1,0,2,1,2,5,4,QUAI DES GRANDS AUGUSTINS,0.0,,2,4,1,1,1,1,0,5,30,child
202100027952,20,7,2021,0 days 11:45:00,1,75,75106,2,3,1,2,QUAI DES GRANDS AUGUSTINS,"48,8542900000","2,3431740000",1,4,1,2006.0,5,2,0,-1,A01,1,0,2,1,2,5,4,QUAI DES GRANDS AUGUSTINS,0.0,,2,4,1,1,1,1,0,5,30,adult
202100028001,4,7,2021,0 days 10:15:00,1,56,56214,1,1,1,5,Botpenal,"47,5226820000"," -2,8302620000",1,3,1,1948.0,5,2,-1,-1,B01,3,0,2,1,1,5,4,,-1.0,,2,2,0,1,3,1,0,1,50,child
202100028001,4,7,2021,0 days 10:15:00,1,56,56214,1,1,1,5,Botpenal,"47,5226820000"," -2,8302620000",1,1,1,1955.0,5,2,-1,-1,B01,3,0,2,1,1,5,4,,-1.0,,2,2,0,1,3,1,0,1,50,adult
202100028001,4,7,2021,0 days 10:15:00,1,56,56214,1,1,1,5,Botpenal,"47,5226820000"," -2,8302620000",1,4,1,1960.0,5,2,-1,-1,B01,3,0,2,1,1,5,4,,-1.0,,2,2,0,1,3,1,0,1,50,adult
202100028001,4,7,2021,0 days 10:15:00,1,56,56214,1,1,1,5,Botpenal,"47,5226820000"," -2,8302620000",1,1,1,1961.0,5,2,-1,-1,B01,3,0,2,1,1,5,4,,-1.0,,2,2,0,1,3,1,0,1,50,adult
202100028001,4,7,2021,0 days 10:15:00,1,56,56214,1,1,1,5,Botpenal,"47,5226820000"," -2,8302620000",1,1,1,1996.0,5,2,6,-1,B01,3,0,2,1,1,5,4,,-1.0,,2,2,0,1,3,1,0,1,50,adult
202100028003,20,7,2021,0 days 21:30:00,2,76,76189,2,1,1,1,Route des Calvaires,"49,8071530000","0,7224150000",1,1,1,1970.0,1,1,-1,-1,B01,3,0,2,1,1,0,4,,-1.0,,2,1,0,2,2,1,0,1,50,child
202100028003,20,7,2021,0 days 21:30:00,2,76,76189,2,1,1,1,Route des Calvaires,"49,8071530000","0,7224150000",1,3,1,2006.0,5,0,-1,-1,B01,3,0,2,1,1,0,4,,-1.0,,2,1,0,2,2,1,0,1,50,adult
202100028015,20,7,2021,0 days 07:30:00,2,34,34215,2,1,1,1,Rue des Rouvieres,"43,6142400000","3,5169500000",1,3,1,1949.0,5,2,-1,-1,B01,0,0,2,1,1,5,4,,-1.0,,2,1,0,2,2,1,0,1,50,child
202100028015,20,7,2021,0 days 07:30:00,2,34,34215,2,1,1,1,Rue des Rouvieres,"43,6142400000","3,5169500000",1,1,1,1999.0,1,1,9,-1,B01,0,0,2,1,1,5,4,,-1.0,,2,1,0,2,2,1,0,1,50,adult
202100028055,21,7,2021,0 days 08:00:00,1,73,73290,1,1,7,3,Col de la Madeleine D902,"45,2936070000","6,9224170000",1,1,1,1952.0,5,2,6,-1,B01,1,0,2,3,1,5,3,902,0.0,D,2,2,0,2,3,1,0,1,80,child
202100028055,21,7,2021,0 days 08:00:00,1,73,73290,1,1,7,3,Col de la Madeleine D902,"45,2936070000","6,9224170000",1,4,1,1975.0,5,0,-1,-1,B01,1,0,2,3,1,5,3,902,0.0,D,2,2,0,2,3,1,0,1,80,adult
202100028060,21,7,2021,0 days 16:45:00,1,40,40184,2,2,1,3,Rue des Lacs,"44,2082960000"," -1,2959790000",1,1,1,1957.0,5,1,-1,-1,A01,1,0,2,2,5,5,3,28,0.0,,2,2,0,1,1,1,0,1,50,child
202100028060,21,7,2021,0 days 16:45:00,1,40,40184,2,2,1,3,Rue des Lacs,"44,2082960000"," -1,2959790000",1,3,1,2005.0,5,0,-1,-1,A01,1,0,2,2,5,5,3,28,0.0,,2,2,0,1,1,1,0,1,50,adult
202100028092,19,7,2021,0 days 16:50:00,1,69,69383,2,2,7,3,FELIX FAURE (AV),"45,7529494602","4,8534518480",1,4,1,1965.0,5,8,-1,-1,B01,1,0,2,8,1,5,4,FELIX FAURE                         (AV),0.0,,2,3,2,1,1,1,0,1,50,child
202100028092,19,7,2021,0 days 16:50:00,1,69,69383,2,2,7,3,FELIX FAURE (AV),"45,7529494602","4,8534518480",1,1,1,2000.0,5,1,-1,-1,B01,1,0,2,8,1,5,4,FELIX FAURE                         (AV),0.0,,2,3,2,1,1,1,0,1,50,adult
202100028173,19,7,2021,0 days 17:05:00,1,94,94080,2,9,1,2,Avenue de la République,"48,8487400000","2,4327000000",1,1,1,1967.0,5,1,0,-1,Y01,2,0,2,1,17,0,3,REPUBLIQUE (AV DE LA),0.0,,2,2,0,1,1,1,0,1,50,child
202100028173,19,7,2021,0 days 17:05:00,1,94,94080,2,9,1,2,Avenue de la République,"48,8487400000","2,4327000000",1,4,1,1991.0,5,2,0,-1,Y01,2,0,2,1,17,0,3,REPUBLIQUE (AV DE LA),0.0,,2,2,0,1,1,1,0,1,50,adult
202100028215,19,7,2021,0 days 12:45:00,1,01,01334,1,2,1,3,intersection D2 et route de la petite moussière,"46,2208207689","4,9234011769",1,3,1,1950.0,5,2,-1,-1,B01,3,0,2,4,19,5,3,2,0.0,,2,2,0,2,1,1,0,1,80,child
202100028215,19,7,2021,0 days 12:45:00,1,01,01334,1,2,1,3,intersection D2 et route de la petite moussière,"46,2208207689","4,9234011769",1,1,1,1993.0,5,1,-1,-1,B01,3,0,2,4,19,5,3,2,0.0,,2,2,0,2,1,1,0,1,80,adult
202100028225,20,7,2021,0 days 10:15:00,1,24,24392,2,3,1,3,Peneyral,"44,9568420000","1,2732980000",1,3,2,1964.0,5,2,-1,-1,B01,3,0,2,1,1,6,3,56,-1.0,D,2,2,0,1,1,1,0,1,50,child
202100028225,20,7,2021,0 days 10:15:00,1,24,24392,2,3,1,3,Peneyral,"44,9568420000","1,2732980000",1,1,1,1994.0,9,1,-1,-1,B01,3,0,2,1,1,6,3,56,-1.0,D,2,2,0,1,1,1,0,1,50,adult
202100028225,20,7,2021,0 days 10:15:00,1,24,24392,2,3,1,3,Peneyral,"44,9568420000","1,2732980000",2,1,2,2007.0,5,1,-1,-1,B01,3,0,2,1,1,6,3,56,-1.0,D,2,2,0,1,1,1,0,1,50,adult
202100028225,20,7,2021,0 days 10:15:00,1,24,24392,2,3,1,3,Peneyral,"44,9568420000","1,2732980000",2,1,2,2008.0,5,1,-1,-1,B01,3,0,2,1,1,6,3,56,-1.0,D,2,2,0,1,1,1,0,1,50,adult
202100028225,20,7,2021,0 days 10:15:00,1,24,24392,2,3,1,3,Peneyral,"44,9568420000","1,2732980000",2,1,1,2010.0,5,1,-1,-1,B01,3,0,2,1,1,6,3,56,-1.0,D,2,2,0,1,1,1,0,1,50,adult
202100028279,17,7,2021,0 days 19:13:00,1,95,95323,2,1,7,3,ECANCOURT (BOULEVARD D'),"49,0108500000","2,0461800000",1,1,1,1979.0,5,1,-1,-1,B01,3,0,2,8,1,5,4,ECANCOURT (BOULEVARD D'),0.0,,2,2,0,2,1,1,0,1,50,child
202100028279,17,7,2021,0 days 19:13:00,1,95,95323,2,1,7,3,ECANCOURT (BOULEVARD D'),"49,0108500000","2,0461800000",1,3,1,2018.0,5,2,-1,-1,B01,3,0,2,8,1,5,4,ECANCOURT (BOULEVARD D'),0.0,,2,2,0,2,1,1,0,1,50,adult
202100028309,18,7,2021,0 days 08:45:00,1,13,13001,2,6,1,3,CHATEAU DOUBLE (BD),"43,5318600000","5,4237300000",1,4,1,1933.0,0,0,0,-1,B01,2,0,2,1,26,0,7,CHATEAU DOUBLE (BD),0.0,,4,1,0,1,2,1,0,1,50,child
202100028309,18,7,2021,0 days 08:45:00,1,13,13001,2,6,1,3,CHATEAU DOUBLE (BD),"43,5318600000","5,4237300000",1,1,1,1983.0,5,1,0,-1,B01,2,0,2,1,26,0,7,CHATEAU DOUBLE (BD),0.0,,4,1,0,1,2,1,0,1,50,adult
202100028325,18,7,2021,0 days 18:10:00,1,94,94052,2,9,1,7,Rue Hoche,"48,8336600000","2,4906800000",1,4,1,1965.0,5,0,0,-1,B01,3,0,0,0,0,5,4,HOCHE (R),0.0,,2,2,0,1,1,1,0,1,30,child
202100028325,18,7,2021,0 days 18:10:00,1,94,94052,2,9,1,7,Rue Hoche,"48,8336600000","2,4906800000",1,1,2,1987.0,5,1,0,-1,B01,3,0,0,0,0,5,4,HOCHE (R),0.0,,2,2,0,1,1,1,0,1,30,adult
202100028351,14,7,2021,0 days 11:00:00,1,06,06025,1,1,1,2,Route des Iscles,"43,8304250000","7,1774730000",1,3,1,1956.0,5,2,-1,-1,B01,1,0,2,4,13,5,7,2209,0.0,M,2,2,0,1,1,1,0,1,80,child
202100028351,14,7,2021,0 days 11:00:00,1,06,06025,1,1,1,2,Route des Iscles,"43,8304250000","7,1774730000",1,1,1,2001.0,1,1,-1,-1,B01,1,0,2,4,13,5,7,2209,0.0,M,2,2,0,1,1,1,0,1,80,adult
202100028421,18,7,2021,0 days 18:37:00,1,49,49301,2,3,1,3,Rue Saint-Sauveur (torfou),"47,0382560000"," -1,1195330000",1,1,1,1980.0,0,1,-1,-1,A01,0,0,2,0,0,0,3,,-1.0,,2,2,0,2,1,1,0,1,50,child
202100028421,18,7,2021,0 days 18:37:00,1,49,49301,2,3,1,3,Rue Saint-Sauveur (torfou),"47,0382560000"," -1,1195330000",1,3,1,2016.0,5,2,-1,-1,A01,0,0,2,0,0,0,3,,-1.0,,2,2,0,2,1,1,0,1,50,adult
202100028423,19,7,2021,0 days 08:45:00,1,22,22306,1,2,1,3,Le Cordon Blanc,"48,3637160000"," -1,9704370000",1,3,2,1957.0,0,0,-1,-1,A01,3,0,2,3,9,5,3,2,0.0,D,2,2,0,1,1,1,0,1,80,child
202100028423,19,7,2021,0 days 08:45:00,1,22,22306,1,2,1,3,Le Cordon Blanc,"48,3637160000"," -1,9704370000",1,1,1,1983.0,0,1,-1,-1,A01,3,0,2,3,9,5,3,2,0.0,D,2,2,0,1,1,1,0,1,80,adult
202100028459,17,7,2021,0 days 16:30:00,1,77,77479,2,2,1,3,RUE FRANCOIS COPPEE,"48,8710000000","2,6320000000",1,4,1,1950.0,5,2,8,-1,B01,2,0,2,8,1,5,4,RUE FRANCOIS COPPEE,0.0,,1,1,0,1,1,1,5,1,50,child
202100028459,17,7,2021,0 days 16:30:00,1,77,77479,2,2,1,3,RUE FRANCOIS COPPEE,"48,8710000000","2,6320000000",1,1,1,1973.0,4,1,0,-1,B01,2,0,2,8,1,5,4,RUE FRANCOIS COPPEE,0.0,,1,1,0,1,1,1,5,1,50,adult
202100028557,12,7,2021,0 days 18:20:00,1,67,67471,2,2,1,3,6 Rue des Vosges,"48,6323130000","7,7485160000",1,3,1,1952.0,5,0,-1,-1,B01,0,0,2,2,1,5,4,,0.0,,2,2,0,1,1,1,0,5,40,child
202100028557,12,7,2021,0 days 18:20:00,1,67,67471,2,2,1,3,6 Rue des Vosges,"48,6323130000","7,7485160000",2,1,1,1971.0,5,1,-1,-1,B01,0,0,2,2,1,5,4,,0.0,,2,2,0,1,1,1,0,5,40,adult
202100028557,12,7,2021,0 days 18:20:00,1,67,67471,2,2,1,3,6 Rue des Vosges,"48,6323130000","7,7485160000",1,1,1,2004.0,0,1,-1,-1,B01,0,0,2,2,1,5,4,,0.0,,2,2,0,1,1,1,0,5,40,adult
202100028571,18,7,2021,0 days 15:45:00,1,38,38548,1,1,1,1,Route de Bois Barbu,"45,0684710000","5,5350490000",2,1,1,1958.0,5,1,-1,-1,A01,2,0,2,1,1,5,3,215,0.0,C,2,2,0,2,3,1,0,1,80,child
202100028571,18,7,2021,0 days 15:45:00,1,38,38548,1,1,1,1,Route de Bois Barbu,"45,0684710000","5,5350490000",2,1,2,1986.0,5,1,-1,-1,A01,2,0,2,1,1,5,3,215,0.0,C,2,2,0,2,3,1,0,1,80,adult
202100028571,18,7,2021,0 days 15:45:00,1,38,38548,1,1,1,1,Route de Bois Barbu,"45,0684710000","5,5350490000",1,3,1,2012.0,5,2,-1,-1,A01,2,0,2,1,1,5,3,215,0.0,C,2,2,0,2,3,1,0,1,80,adult
202100028696,16,7,2021,0 days 16:05:00,1,94,94041,2,2,1,1,DENIS PAPIN (R),"48,8136500000","2,3953900000",1,1,1,1972.0,1,1,8,-1,Y01,1,0,2,1,5,5,4,DENIS PAPIN (R),0.0,,2,2,0,1,1,1,0,1,50,child
202100028696,16,7,2021,0 days 16:05:00,1,94,94041,2,2,1,1,DENIS PAPIN (R),"48,8136500000","2,3953900000",1,4,1,2005.0,5,8,0,-1,Y01,1,0,2,1,5,5,4,DENIS PAPIN (R),0.0,,2,2,0,1,1,1,0,1,50,adult
202100028740,17,7,2021,0 days 09:15:00,1,18,18025,1,9,1,3,RD 45,"47,1030020000","3,0091170000",1,1,1,1929.0,3,1,-1,-1,B01,1,0,2,6,2,5,3,45,0.0,,2,2,0,1,1,1,0,1,80,child
202100028740,17,7,2021,0 days 09:15:00,1,18,18025,1,9,1,3,RD 45,"47,1030020000","3,0091170000",1,3,1,1952.0,5,2,-1,-1,B01,1,0,2,6,2,5,3,45,0.0,,2,2,0,1,1,1,0,1,80,adult
202100028762,17,7,2021,0 days 12:20:00,1,91,91330,2,6,1,1,D449,"48,5270570000","2,2930460000",1,2,1,1939.0,5,0,-1,-1,B01,1,0,0,1,16,0,3,449,0.0,D,2,2,0,1,1,1,5,8,50,child
202100028762,17,7,2021,0 days 12:20:00,1,91,91330,2,6,1,1,D449,"48,5270570000","2,2930460000",1,1,1,1962.0,1,1,-1,-1,B01,1,0,0,1,16,0,3,449,0.0,D,2,2,0,1,1,1,5,8,50,adult
202100028773,16,7,2021,0 days 17:32:00,1,50,50616,1,1,1,2,Le Milieu de l M,"48,6637430000"," -1,3536890000",1,2,1,1954.0,5,0,-1,-1,B01,2,0,2,6,2,5,3,7,-1.0,,1,2,0,4,1,1,0,1,70,child
202100028773,16,7,2021,0 days 17:32:00,1,50,50616,1,1,1,2,Le Milieu de l M,"48,6637430000"," -1,3536890000",1,1,2,1982.0,3,1,-1,-1,B01,2,0,2,6,2,5,3,7,-1.0,,1,2,0,4,1,1,0,1,70,adult
202100028830,15,7,2021,0 days 15:50:00,1,35,35238,2,9,1,6,LIBERTE (BD DE LA),"48,1073900000"," -1,6803000000",3,4,2,1957.0,0,0,-1,-1,A01,1,0,1,1,1,5,4,LIBERTE (BD DE LA),0.0,,3,1,2,1,1,1,0,8,50,child
202100028830,15,7,2021,0 days 15:50:00,1,35,35238,2,9,1,6,LIBERTE (BD DE LA),"48,1073900000"," -1,6803000000",1,1,2,1989.0,5,8,-1,-1,A01,1,0,1,1,1,5,4,LIBERTE (BD DE LA),0.0,,3,1,2,1,1,1,0,8,50,adult
202100028867,15,7,2021,0 days 20:10:00,1,94,94041,2,1,1,3,HENRI POURCHASSE (QU),"48,8093400000","2,4079600000",1,4,2,1970.0,5,8,0,-1,B01,3,8,0,8,9,5,3,HENRI POURCHASSE (QU),0.0,,2,2,0,1,1,1,0,1,50,child
202100028867,15,7,2021,0 days 20:10:00,1,94,94041,2,1,1,3,HENRI POURCHASSE (QU),"48,8093400000","2,4079600000",1,4,1,1992.0,0,2,6,-1,B01,3,8,0,8,9,5,3,HENRI POURCHASSE (QU),0.0,,2,2,0,1,1,1,0,1,50,adult
202100028915,15,7,2021,0 days 10:52:00,1,38,38350,1,1,2,1,D290,"45,2420650000","5,9092070000",1,1,1,1976.0,4,1,-1,-1,B01,0,0,2,1,5,5,3,290,0.0,,2,2,0,2,1,2,0,1,50,child
202100028915,15,7,2021,0 days 10:52:00,1,38,38350,1,1,2,1,D290,"45,2420650000","5,9092070000",1,3,2,2006.0,5,2,-1,-1,B01,0,0,2,1,5,5,3,290,0.0,,2,2,0,2,1,2,0,1,50,adult
202100028974,14,7,2021,0 days 19:42:00,1,14,14118,2,2,1,3,Rue de la Masse,"49,1852900000"," -0,3450500000",1,1,1,1966.0,5,1,-1,-1,B01,2,0,0,0,0,5,4,MASSE (RUE DE LA),0.0,,2,2,2,4,1,1,0,1,50,child
202100028974,14,7,2021,0 days 19:42:00,1,14,14118,2,2,1,3,Rue de la Masse,"49,1852900000"," -0,3450500000",1,4,1,1989.0,5,0,-1,-1,B01,2,0,0,0,0,5,4,MASSE (RUE DE LA),0.0,,2,2,2,4,1,1,0,1,50,adult
202100028990,14,7,2021,0 days 18:10:00,1,75,75109,2,2,1,1,RUE LA FAYETTE,"48,8758170000","2,3437160000",1,4,1,1965.0,9,8,0,-1,B01,2,0,2,1,1,5,4,RUE LA FAYETTE,0.0,,2,1,1,1,1,1,0,5,50,child
202100028990,14,7,2021,0 days 18:10:00,1,75,75109,2,2,1,1,RUE LA FAYETTE,"48,8758170000","2,3437160000",1,1,1,2000.0,5,8,0,-1,B01,2,0,2,1,1,5,4,RUE LA FAYETTE,0.0,,2,1,1,1,1,1,0,5,50,adult
202100029023,14,7,2021,0 days 10:45:00,1,61,61179,1,1,1,2,rd909 (La Fresnaye-au-Sauvage),"48,7247180000"," -0,2610110000",1,2,1,1948.0,5,2,-1,-1,B01,2,0,2,9,2,5,3,909,-1.0,,2,2,0,1,1,1,0,1,90,child
202100029023,14,7,2021,0 days 10:45:00,1,61,61179,1,1,1,2,rd909 (La Fresnaye-au-Sauvage),"48,7247180000"," -0,2610110000",1,1,1,2002.0,5,1,-1,-1,B01,2,0,2,9,2,5,3,909,-1.0,,2,2,0,1,1,1,0,1,90,adult
202100029038,15,7,2021,0 days 19:30:00,1,17,17323,2,2,1,3,Rue de la Plage,"46,0348110000"," -1,3748360000",1,1,2,1970.0,0,8,-1,-1,A01,3,0,2,8,1,5,4,port,0.0,R,1,1,2,1,1,1,0,1,50,child
202100029038,15,7,2021,0 days 19:30:00,1,17,17323,2,2,1,3,Rue de la Plage,"46,0348110000"," -1,3748360000",1,4,1,1998.0,0,2,-1,-1,A01,3,0,2,8,1,5,4,port,0.0,R,1,1,2,1,1,1,0,1,50,adult
202100029038,15,7,2021,0 days 19:30:00,1,17,17323,2,2,1,3,Rue de la Plage,"46,0348110000"," -1,3748360000",2,1,1,2006.0,0,8,-1,-1,A01,3,0,2,8,1,5,4,port,0.0,R,1,1,2,1,1,1,0,1,50,adult
202100029038,15,7,2021,0 days 19:30:00,1,17,17323,2,2,1,3,Rue de la Plage,"46,0348110000"," -1,3748360000",2,1,1,2010.0,0,8,-1,-1,A01,3,0,2,8,1,5,4,port,0.0,R,1,1,2,1,1,1,0,1,50,adult
202100029102,13,7,2021,0 days 13:40:00,1,69,69264,2,3,1,3,FRANS (DE) (RTE),"45,9849600000","4,7316700000",1,4,1,1971.0,1,2,-1,-1,B01,1,0,2,0,0,5,3,FRANS ROUTE DE,0.0,,1,4,1,1,1,1,0,1,50,child
202100029102,13,7,2021,0 days 13:40:00,1,69,69264,2,3,1,3,FRANS (DE) (RTE),"45,9849600000","4,7316700000",1,1,2,1993.0,1,1,-1,-1,B01,1,0,2,0,0,5,3,FRANS ROUTE DE,0.0,,1,4,1,1,1,1,0,1,50,adult
202100029133,11,7,2021,0 days 19:50:00,1,34,34032,2,2,1,3,LECLERC MARECHAL (BD),"43,3453900000","3,2387300000",1,1,1,1969.0,9,8,0,-1,B01,1,0,2,8,19,5,4,LECLERC MARECHAL (BD),0.0,,1,2,0,1,1,1,5,1,50,child
202100029133,11,7,2021,0 days 19:50:00,1,34,34032,2,2,1,3,LECLERC MARECHAL (BD),"43,3453900000","3,2387300000",1,4,1,2005.0,9,8,0,-1,B01,1,0,2,8,19,5,4,LECLERC MARECHAL (BD),0.0,,1,2,0,1,1,1,5,1,50,adult
202100029440,11,7,2021,0 days 16:20:00,1,75,75114,2,4,1,6,AVENUE DU GENERAL LECLERC,"48,8288010000","2,3277070000",3,4,2,1940.0,5,0,-1,-1,A01,2,0,1,1,1,5,4,AVENUE DU GENERAL LECLERC,0.0,,2,5,2,1,1,1,0,5,50,child
202100029440,11,7,2021,0 days 16:20:00,1,75,75114,2,4,1,6,AVENUE DU GENERAL LECLERC,"48,8288010000","2,3277070000",3,1,1,1941.0,5,0,-1,-1,A01,2,0,1,1,1,5,4,AVENUE DU GENERAL LECLERC,0.0,,2,5,2,1,1,1,0,5,50,adult
202100029440,11,7,2021,0 days 16:20:00,1,75,75114,2,4,1,6,AVENUE DU GENERAL LECLERC,"48,8288010000","2,3277070000",1,1,1,1992.0,5,2,0,-1,A01,2,0,1,1,1,5,4,AVENUE DU GENERAL LECLERC,0.0,,2,5,2,1,1,1,0,5,50,adult
202100029481,9,7,2021,0 days 14:25:00,1,49,49050,1,2,8,3,pk 5 D90,"47,3258070000"," -0,3942200000",1,4,1,1976.0,5,2,6,-1,B01,0,0,2,4,19,5,3,90,-1.0,,2,2,0,1,1,1,0,1,80,child
202100029481,9,7,2021,0 days 14:25:00,1,49,49050,1,2,8,3,pk 5 D90,"47,3258070000"," -0,3942200000",1,4,1,2004.0,5,0,-1,-1,B01,0,0,2,4,19,5,3,90,-1.0,,2,2,0,1,1,1,0,1,80,adult
202100029507,12,7,2021,0 days 11:50:00,1,73,73312,1,2,1,1,D201c,"45,6633470000","6,3111260000",1,3,1,1957.0,5,2,-1,-1,A01,2,0,2,2,15,5,3,201,0.0,C,2,2,0,2,3,1,0,1,80,child
202100029507,12,7,2021,0 days 11:50:00,1,73,73312,1,2,1,1,D201c,"45,6633470000","6,3111260000",1,1,1,1994.0,5,2,6,-1,A01,2,0,2,2,15,5,3,201,0.0,C,2,2,0,2,3,1,0,1,80,adult
202100029635,10,7,2021,0 days 15:55:00,1,93,93072,2,1,1,3,PAUL VERLAINE (RUE),"48,9532000000","2,3772500000",1,1,1,1938.0,0,8,0,-1,B01,0,0,2,8,0,0,4,PAUL VERLAINE (RUE),0.0,,2,2,0,1,1,1,0,1,50,child
202100029635,10,7,2021,0 days 15:55:00,1,93,93072,2,1,1,3,PAUL VERLAINE (RUE),"48,9532000000","2,3772500000",1,4,1,2007.0,0,8,0,-1,B01,0,0,2,8,0,0,4,PAUL VERLAINE (RUE),0.0,,2,2,0,1,1,1,0,1,50,adult
202100029672,10,7,2021,0 days 18:11:00,1,29,29199,2,1,1,6,Avenue du Maréchal Leclerc,"48,5696570000"," -3,7050800000",3,3,1,1938.0,5,0,-1,-1,A01,2,0,1,1,1,5,4,712,0.0,D,2,2,0,1,1,1,0,4,50,child
202100029672,10,7,2021,0 days 18:11:00,1,29,29199,2,1,1,6,Avenue du Maréchal Leclerc,"48,5696570000"," -3,7050800000",1,1,1,1999.0,5,2,-1,-1,A01,2,0,1,1,1,5,4,712,0.0,D,2,2,0,1,1,1,0,4,50,adult
202100029681,11,7,2021,0 days 11:35:00,1,14,14335,1,1,1,7,D80,"49,1886810000"," -0,0781860000",1,1,1,1967.0,5,1,-1,-1,A01,1,0,0,7,21,5,3,80,-1.0,,-1,2,0,1,2,1,0,1,80,child