Num_Acc,jour,mois,an,hrmn,lum,dep,com,agg,int,atm,col,adr,lat,long,catu,grav,sexe,an_nais,trajet,secu1,secu2,secu3,num_veh_y,senc,obs,obsm,choc,manv,motor,catr,voie,v1,v2,circ,nbv,vosp,prof,plan,surf,infra,situ,vma,age
202100029681,11,7,2021,0 days 11:35:00,1,14,14335,1,1,1,7,D80,"49,1886810000"," -0,0781860000",1,4,1,1991.0,5,2,-1,-1,A01,1,0,0,7,21,5,3,80,-1.0,,-1,2,0,1,2,1,0,1,80,adult
202100029691,11,7,2021,0 days 08:30:00,1,76,76660,1,1,1,3,pont de normandie,"49,4526208982","0,2713590860",1,4,1,1953.0,5,2,4,-1,B01,1,0,2,3,2,5,2,1029,0.0,A,3,4,2,2,1,1,2,5,70,child
202100029691,11,7,2021,0 days 08:30:00,1,76,76660,1,1,1,3,pont de normandie,"49,4526208982","0,2713590860",1,1,1,1990.0,4,1,-1,-1,B01,1,0,2,3,2,5,2,1029,0.0,A,3,4,2,2,1,1,2,5,70,adult
202100029738,8,7,2021,0 days 19:35:00,1,69,69387,2,2,1,3,JULES GUESDE (PL),"45,7466800000","4,8374500000",1,4,1,1966.0,0,2,4,-1,A01,3,0,2,7,19,0,4,JULES GUESDE                        (PL),0.0,,1,1,2,1,1,2,4,6,50,child
202100029738,8,7,2021,0 days 19:35:00,1,69,69387,2,2,1,3,JULES GUESDE (PL),"45,7466800000","4,8374500000",1,1,2,1991.0,1,1,-1,-1,A01,3,0,2,7,19,0,4,JULES GUESDE                        (PL),0.0,,1,1,2,1,1,2,4,6,50,adult
202100029751,14,5,2021,0 days 04:45:00,5,85,85194,2,6,1,3,AV POMPIDOU,"46,4979300000"," -1,7820500000",1,4,2,1969.0,1,8,0,-1,B01,0,0,2,7,1,0,4,AV POMPIDOU,0.0,,2,2,0,1,1,1,5,1,50,child
202100029751,14,5,2021,0 days 04:45:00,5,85,85194,2,6,1,3,AV POMPIDOU,"46,4979300000"," -1,7820500000",1,4,1,2003.0,1,2,6,-1,B01,0,0,2,7,1,0,4,AV POMPIDOU,0.0,,2,2,0,1,1,1,5,1,50,adult
202100029752,9,7,2021,0 days 17:30:00,1,83,83069,2,1,1,2,SEMARD ( RUE PIERRE ),"43,1096919873","6,1224827170",1,1,1,1944.0,5,1,0,-1,B01,3,0,2,1,1,5,4,SEMARD ( RUE PIERRE ),0.0,,1,1,0,1,1,1,0,1,50,child
202100029752,9,7,2021,0 days 17:30:00,1,83,83069,2,1,1,2,SEMARD ( RUE PIERRE ),"43,1096919873","6,1224827170",1,3,1,1966.0,5,2,0,-1,B01,3,0,2,1,1,5,4,SEMARD ( RUE PIERRE ),0.0,,1,1,0,1,1,1,0,1,50,adult
202100029775,5,7,2021,0 days 13:35:00,1,56,56121,2,2,1,3,INDES ( QUAI DES ),"47,7451900000"," -3,3585400000",1,1,1,1969.0,4,1,8,-1,B01,3,0,2,0,1,5,4,INDES ( QUAI DES ),0.0,,2,2,0,1,1,1,0,1,30,child
202100029775,5,7,2021,0 days 13:35:00,1,56,56121,2,2,1,3,INDES ( QUAI DES ),"47,7451900000"," -3,3585400000",1,4,2,2001.0,5,8,8,-1,B01,3,0,2,0,1,5,4,INDES ( QUAI DES ),0.0,,2,2,0,1,1,1,0,1,30,adult
202100029787,30,6,2021,0 days 14:00:00,1,40,40088,2,3,1,3,DOUMER (AVENUE PAUL),"43,7023600000"," -1,0565200000",1,3,2,1953.0,5,8,0,-1,B01,1,0,2,7,5,5,4,DOUMER (AVENUE PAUL),0.0,,1,1,1,1,1,1,0,1,30,child
202100029787,30,6,2021,0 days 14:00:00,1,40,40088,2,3,1,3,DOUMER (AVENUE PAUL),"43,7023600000"," -1,0565200000",1,1,1,1992.0,4,1,0,-1,B01,1,0,2,7,5,5,4,DOUMER (AVENUE PAUL),0.0,,1,1,1,1,1,1,0,1,30,adult
202100029787,30,6,2021,0 days 14:00:00,1,40,40088,2,3,1,3,DOUMER (AVENUE PAUL),"43,7023600000"," -1,0565200000",2,1,1,1993.0,4,1,0,-1,B01,1,0,2,7,5,5,4,DOUMER (AVENUE PAUL),0.0,,1,1,1,1,1,1,0,1,30,adult
202100029823,8,7,2021,0 days 08:50:00,1,75,75115,2,2,1,3,RUE MARMONTEL,"48,8367460000","2,2995550000",1,1,1,1969.0,4,1,0,-1,A01,1,0,2,1,1,5,4,RUE MARMONTEL,0.0,,1,1,0,1,1,1,0,1,30,child
202100029823,8,7,2021,0 days 08:50:00,1,75,75115,2,2,1,3,RUE MARMONTEL,"48,8367460000","2,2995550000",1,4,2,1992.0,1,2,0,-1,A01,1,0,2,1,1,5,4,RUE MARMONTEL,0.0,,1,1,0,1,1,1,0,1,30,adult
202100029833,9,7,2021,0 days 17:55:00,1,75,75107,2,2,1,6,AVENUE DE LOWENDAL,"48,8527020000","2,3095650000",3,1,1,1972.0,9,0,-1,-1,A01,2,0,1,1,1,5,4,AVENUE DE LOWENDAL,0.0,,2,2,0,1,1,1,0,1,50,child
202100029833,9,7,2021,0 days 17:55:00,1,75,75107,2,2,1,6,AVENUE DE LOWENDAL,"48,8527020000","2,3095650000",1,4,2,1996.0,9,2,0,-1,A01,2,0,1,1,1,5,4,AVENUE DE LOWENDAL,0.0,,2,2,0,1,1,1,0,1,50,adult
202100029834,9,7,2021,0 days 14:05:00,1,75,75107,2,1,1,3,RUE SAINT DOMINIQUE,"48,8593590000","2,3057730000",1,1,1,1965.0,9,1,0,-1,B01,2,0,2,1,1,5,4,RUE SAINT DOMINIQUE,0.0,,1,1,0,1,1,1,0,1,50,child
202100029834,9,7,2021,0 days 14:05:00,1,75,75107,2,1,1,3,RUE SAINT DOMINIQUE,"48,8593590000","2,3057730000",1,4,2,1994.0,9,2,0,-1,B01,2,0,2,1,1,5,4,RUE SAINT DOMINIQUE,0.0,,1,1,0,1,1,1,0,1,50,adult
202100029966,8,7,2021,0 days 10:00:00,1,67,67482,2,1,2,6,GEORGES WODLI (RUE),"48,5876600000","7,7388300000",3,4,1,1970.0,0,0,-1,-1,A01,1,0,1,1,0,5,4,GEORGES WODLI (RUE),0.0,,1,3,3,1,1,2,0,1,50,child
202100029966,8,7,2021,0 days 10:00:00,1,67,67482,2,1,2,6,GEORGES WODLI (RUE),"48,5876600000","7,7388300000",1,1,1,2000.0,0,8,0,-1,A01,1,0,1,1,0,5,4,GEORGES WODLI (RUE),0.0,,1,3,3,1,1,2,0,1,50,adult
202100030008,8,7,2021,0 days 11:40:00,1,75,75120,2,2,1,1,BOULEVARD DAVOUT,"48,8558730000","2,4103070000",1,1,1,1962.0,5,8,0,-1,A01,2,0,2,1,13,5,4,BOULEVARD DAVOUT,0.0,,2,2,1,2,1,1,0,5,25,child
202100030008,8,7,2021,0 days 11:40:00,1,75,75120,2,2,1,1,BOULEVARD DAVOUT,"48,8558730000","2,4103070000",1,4,1,1998.0,5,2,0,-1,A01,2,0,2,1,13,5,4,BOULEVARD DAVOUT,0.0,,2,2,1,2,1,1,0,5,25,adult
202100030015,7,7,2021,0 days 12:05:00,1,75,75114,2,3,1,3,BOULEVARD BRUNE,"48,8233140000","2,3243840000",1,4,1,1956.0,5,2,0,-1,B01,1,0,2,3,1,5,4,BOULEVARD BRUNE,0.0,,3,3,0,1,1,1,0,1,50,child
202100030015,7,7,2021,0 days 12:05:00,1,75,75114,2,3,1,3,BOULEVARD BRUNE,"48,8233140000","2,3243840000",1,1,1,1981.0,9,1,0,-1,B01,1,0,2,3,1,5,4,BOULEVARD BRUNE,0.0,,3,3,0,1,1,1,0,1,50,adult
202100030017,8,7,2021,0 days 15:40:00,1,75,75112,2,3,1,3,RUE DU FAUBOURG SAINT ANTOINE,"48,8515960000","2,3748410000",1,1,1,1947.0,5,1,0,-1,B01,1,0,2,1,1,5,4,RUE DU FAUBOURG SAINT ANTOINE,0.0,,2,2,1,1,1,1,0,5,50,child
202100030017,8,7,2021,0 days 15:40:00,1,75,75112,2,3,1,3,RUE DU FAUBOURG SAINT ANTOINE,"48,8515960000","2,3748410000",1,4,2,1991.0,1,2,0,-1,B01,1,0,2,1,1,5,4,RUE DU FAUBOURG SAINT ANTOINE,0.0,,2,2,1,1,1,1,0,5,50,adult
202100030056,8,7,2021,0 days 10:20:00,1,83,83072,1,1,1,5,Route des Arcs,"43,4757190000","6,3750690000",1,2,1,1955.0,5,2,-1,-1,C01,1,0,2,8,1,5,3,10,0.0,,2,2,0,1,1,1,0,1,80,child
202100030056,8,7,2021,0 days 10:20:00,1,83,83072,1,1,1,5,Route des Arcs,"43,4757190000","6,3750690000",1,2,1,1957.0,5,2,-1,-1,C01,1,0,2,8,1,5,3,10,0.0,,2,2,0,1,1,1,0,1,80,adult
202100030056,8,7,2021,0 days 10:20:00,1,83,83072,1,1,1,5,Route des Arcs,"43,4757190000","6,3750690000",1,1,1,1991.0,1,8,-1,-1,C01,1,0,2,8,1,5,3,10,0.0,,2,2,0,1,1,1,0,1,80,adult
202100030065,8,7,2021,0 days 15:30:00,1,35,35024,1,1,1,3,RD 97,"48,1598940000"," -1,6250860000",1,3,1,1955.0,5,2,-1,-1,B01,3,0,2,8,1,5,3,97,-1.0,,2,2,0,1,1,1,0,1,70,child
202100030065,8,7,2021,0 days 15:30:00,1,35,35024,1,1,1,3,RD 97,"48,1598940000"," -1,6250860000",1,1,1,1999.0,4,1,-1,-1,B01,3,0,2,8,1,5,3,97,-1.0,,2,2,0,1,1,1,0,1,70,adult
202100030079,8,7,2021,0 days 09:25:00,1,84,84017,1,1,1,6,D19,"44,1354150000","5,1666310000",1,1,2,1969.0,5,1,-1,-1,B01,2,0,2,3,1,5,3,19,0.0,D,2,2,0,2,2,1,0,1,80,child
202100030079,8,7,2021,0 days 09:25:00,1,84,84017,1,1,1,6,D19,"44,1354150000","5,1666310000",1,4,1,1970.0,5,0,-1,-1,B01,2,0,2,3,1,5,3,19,0.0,D,2,2,0,2,2,1,0,1,80,adult
202100030079,8,7,2021,0 days 09:25:00,1,84,84017,1,1,1,6,D19,"44,1354150000","5,1666310000",1,4,1,1995.0,5,0,-1,-1,B01,2,0,2,3,1,5,3,19,0.0,D,2,2,0,2,2,1,0,1,80,adult
202100030146,7,7,2021,0 days 10:45:00,1,974,97407,2,9,1,3,POLITZER(AVENUE)," -20,9454000000","55,2929000000",1,1,1,1959.0,5,1,0,-1,A01,3,0,2,1,19,5,4,POLITZER(AVENUE),0.0,,-1,1,0,1,1,1,0,1,50,child
202100030146,7,7,2021,0 days 10:45:00,1,974,97407,2,9,1,3,POLITZER(AVENUE)," -20,9454000000","55,2929000000",1,4,1,2013.0,5,8,0,-1,A01,3,0,2,1,19,5,4,POLITZER(AVENUE),0.0,,-1,1,0,1,1,1,0,1,50,adult
202100030164,7,7,2021,0 days 16:40:00,1,69,69275,2,2,1,3,EMILE ZOLA (R),"45,7639674833","4,9559803865",1,1,1,1962.0,1,1,-1,-1,B01,1,0,2,0,19,0,4,EMILE ZOLA                          (R ),0.0,,2,2,1,1,1,1,0,1,50,child
202100030164,7,7,2021,0 days 16:40:00,1,69,69275,2,2,1,3,EMILE ZOLA (R),"45,7639674833","4,9559803865",1,4,1,2007.0,5,8,-1,-1,B01,1,0,2,0,19,0,4,EMILE ZOLA                          (R ),0.0,,2,2,1,1,1,1,0,1,50,adult
202100030185,6,7,2021,0 days 16:00:00,1,37,37261,2,3,1,6,SAINT SAUVEUR (PONT),"47,3717169964","0,6777070463",1,4,1,1953.0,5,8,8,-1,B01,1,0,2,3,1,5,4,SAINT SAUVEUR (PONT),0.0,,3,4,2,1,1,1,0,1,50,child
202100030185,6,7,2021,0 days 16:00:00,1,37,37261,2,3,1,6,SAINT SAUVEUR (PONT),"47,3717169964","0,6777070463",1,1,1,1979.0,4,1,8,-1,B01,1,0,2,3,1,5,4,SAINT SAUVEUR (PONT),0.0,,3,4,2,1,1,1,0,1,50,adult
202100030202,7,7,2021,0 days 11:25:00,1,13,13039,2,1,1,3,PINS (Allée des),"43,4505000000","4,9390900000",1,1,1,1945.0,5,1,0,-1,B01,3,0,2,7,1,5,4,PINS (Allée des),0.0,,2,2,0,1,2,1,0,1,50,child
202100030202,7,7,2021,0 days 11:25:00,1,13,13039,2,1,1,3,PINS (Allée des),"43,4505000000","4,9390900000",1,4,1,1982.0,5,8,0,-1,B01,3,0,2,7,1,5,4,PINS (Allée des),0.0,,2,2,0,1,2,1,0,1,50,adult
202100030230,6,7,2021,0 days 16:44:00,1,75,75113,2,3,1,6,AVENUE DES GOBELINS,"48,8343640000","2,3535560000",3,4,1,1963.0,3,8,8,-1,A01,2,0,1,1,5,5,4,AVENUE DES GOBELINS,0.0,,1,4,0,2,1,1,0,1,50,child
202100030230,6,7,2021,0 days 16:44:00,1,75,75113,2,3,1,6,AVENUE DES GOBELINS,"48,8343640000","2,3535560000",1,4,1,1996.0,5,8,0,-1,A01,2,0,1,1,5,5,4,AVENUE DES GOBELINS,0.0,,1,4,0,2,1,1,0,1,50,adult
202100030234,7,7,2021,0 days 10:00:00,1,75,75111,2,1,1,3,RUE RICHARD LENOIR,"48,8567900000","2,3810230000",1,4,2,1952.0,5,2,0,-1,B01,1,0,2,1,13,5,4,RUE RICHARD LENOIR,0.0,,2,2,1,1,1,1,0,5,30,child
202100030234,7,7,2021,0 days 10:00:00,1,75,75111,2,1,1,3,RUE RICHARD LENOIR,"48,8567900000","2,3810230000",1,1,1,1989.0,4,1,0,-1,B01,1,0,2,1,13,5,4,RUE RICHARD LENOIR,0.0,,2,2,1,1,1,1,0,5,30,adult
202100030300,7,7,2021,0 days 17:15:00,1,55,55517,2,1,7,3,route de verdun,"48,9778790000","5,0592360000",1,1,1,1978.0,0,1,-1,-1,B01,1,0,2,1,19,5,3,2,-1.0,,2,2,0,1,1,1,0,1,50,child
202100030300,7,7,2021,0 days 17:15:00,1,55,55517,2,1,7,3,route de verdun,"48,9778790000","5,0592360000",1,3,1,2013.0,0,0,-1,-1,B01,1,0,2,1,19,5,3,2,-1.0,,2,2,0,1,1,1,0,1,50,adult
202100030304,29,6,2021,0 days 20:10:00,1,31,31291,2,1,1,2,3 Route de Bayonne,"43,5993050000","1,2304690000",1,1,1,1944.0,5,1,-1,-1,B01,2,0,2,4,1,5,3,824,-1.0,,2,2,0,1,1,1,0,1,50,child
202100030304,29,6,2021,0 days 20:10:00,1,31,31291,2,1,1,2,3 Route de Bayonne,"43,5993050000","1,2304690000",1,4,1,1983.0,5,2,9,-1,B01,2,0,2,4,1,5,3,824,-1.0,,2,2,0,1,1,1,0,1,50,adult
202100030386,21,6,2021,0 days 09:37:00,1,22,22278,2,6,1,3,SEVIGNE (BD),"48,5120083122"," -2,7574465809",1,1,1,1965.0,4,1,0,-1,B01,3,0,2,7,1,5,4,SEVIGNE (BD),0.0,,2,2,2,1,1,1,0,5,50,child
202100030386,21,6,2021,0 days 09:37:00,1,22,22278,2,6,1,3,SEVIGNE (BD),"48,5120083122"," -2,7574465809",1,4,1,1989.0,2,2,0,-1,B01,3,0,2,7,1,5,4,SEVIGNE (BD),0.0,,2,2,2,1,1,1,0,5,50,adult
202100030386,21,6,2021,0 days 09:37:00,1,22,22278,2,6,1,3,SEVIGNE (BD),"48,5120083122"," -2,7574465809",2,4,2,2019.0,2,2,0,-1,B01,3,0,2,7,1,5,4,SEVIGNE (BD),0.0,,2,2,2,1,1,1,0,5,50,adult
202100030413,6,7,2021,0 days 17:50:00,1,75,75113,2,2,1,3,BOULEVARD ARAGO,"48,8349600000","2,3449920000",1,1,1,1964.0,1,1,0,-1,B01,2,0,2,5,1,5,4,BOULEVARD ARAGO,0.0,,3,2,1,1,1,1,0,5,50,child
202100030413,6,7,2021,0 days 17:50:00,1,75,75113,2,2,1,3,BOULEVARD ARAGO,"48,8349600000","2,3449920000",1,4,1,1989.0,9,8,0,-1,B01,2,0,2,5,1,5,4,BOULEVARD ARAGO,0.0,,3,2,1,1,1,1,0,5,50,adult
202100030415,6,7,2021,0 days 08:50:00,1,75,75113,2,4,1,7,BOULEVARD DE L HOPITAL,"48,8387580000","2,3609230000",1,1,1,1957.0,4,1,0,-1,A01,2,0,2,0,1,5,4,BOULEVARD DE L HOPITAL,0.0,,3,5,0,2,1,1,0,1,50,child
202100030415,6,7,2021,0 days 08:50:00,1,75,75113,2,4,1,7,BOULEVARD DE L HOPITAL,"48,8387580000","2,3609230000",1,4,1,2000.0,9,8,0,-1,A01,2,0,2,0,1,5,4,BOULEVARD DE L HOPITAL,0.0,,3,5,0,2,1,1,0,1,50,adult
202100030468,27,6,2021,0 days 23:25:00,3,72,72143,1,1,1,2,Route Departementale 304,"47,8700900000","0,4511500000",1,1,2,1961.0,5,1,-1,-1,B01,1,0,0,4,2,0,3,304,-1.0,,2,1,0,1,1,1,0,1,90,child
202100030468,27,6,2021,0 days 23:25:00,3,72,72143,1,1,1,2,Route Departementale 304,"47,8700900000","0,4511500000",1,3,1,1985.0,5,0,-1,-1,B01,1,0,0,4,2,0,3,304,-1.0,,2,1,0,1,1,1,0,1,90,adult
202100030491,6,7,2021,0 days 16:50:00,1,44,44209,2,6,8,6,D537,"47,3317550000"," -1,6178330000",1,1,2,1933.0,0,0,-1,-1,B01,1,0,0,0,1,0,3,537,0.0,D,2,2,0,1,3,3,5,1,50,child
202100030491,6,7,2021,0 days 16:50:00,1,44,44209,2,6,8,6,D537,"47,3317550000"," -1,6178330000",1,3,1,2007.0,5,0,-1,-1,B01,1,0,0,0,1,0,3,537,0.0,D,2,2,0,1,3,3,5,1,50,adult
202100030493,7,7,2021,0 days 12:00:00,1,69,69047,1,2,1,3,CARRIERES (DES) (RTE),"45,9057140000","4,6608260000",1,1,1,1955.0,0,1,-1,-1,A01,2,0,2,1,1,5,4,,-1.0,,2,2,0,2,1,1,0,1,50,child
202100030493,7,7,2021,0 days 12:00:00,1,69,69047,1,2,1,3,CARRIERES (DES) (RTE),"45,9057140000","4,6608260000",1,3,1,2008.0,0,2,-1,-1,A01,2,0,2,1,1,5,4,,-1.0,,2,2,0,2,1,1,0,1,50,adult
202100030553,2,7,2021,0 days 15:40:00,1,59,59153,2,6,1,3,RUE DU CHAMP DE MARS,"50,4530531490","3,5889263538",1,2,1,1951.0,3,8,0,-1,B01,2,0,2,1,19,5,3,,0.0,,1,2,0,1,1,1,9,1,50,child
202100030553,2,7,2021,0 days 15:40:00,1,59,59153,2,6,1,3,RUE DU CHAMP DE MARS,"50,4530531490","3,5889263538",1,1,1,1972.0,4,1,0,-1,B01,2,0,2,1,19,5,3,,0.0,,1,2,0,1,1,1,9,1,50,adult
202100030562,2,7,2021,0 days 08:20:00,1,49,49328,2,6,1,3,RESISTANCE (PLACE DE LA) N 147,"47,2670950000"," -0,0696980000",1,1,2,1960.0,5,1,8,-1,B01,1,0,2,5,1,5,3,ANGERS (ROUTE D') D 952,0.0,,2,2,2,1,1,1,0,1,50,child
202100030562,2,7,2021,0 days 08:20:00,1,49,49328,2,6,1,3,RESISTANCE (PLACE DE LA) N 147,"47,2670950000"," -0,0696980000",1,4,2,2002.0,2,8,0,-1,B01,1,0,2,5,1,5,3,ANGERS (ROUTE D') D 952,0.0,,2,2,2,1,1,1,0,1,50,adult
202100030577,25,6,2021,0 days 22:20:00,3,19,19031,2,2,1,3,THIERS (AVENUE),"45,1575500000","1,5403600000",1,4,1,1955.0,5,2,8,-1,B01,2,0,2,1,1,5,4,THIERS (AVENUE),0.0,,2,2,0,1,1,1,5,1,50,child
202100030577,25,6,2021,0 days 22:20:00,3,19,19031,2,2,1,3,THIERS (AVENUE),"45,1575500000","1,5403600000",1,1,2,1998.0,5,1,0,-1,B01,2,0,2,1,1,5,4,THIERS (AVENUE),0.0,,2,2,0,1,1,1,5,1,50,adult
202100030619,5,7,2021,0 days 09:50:00,1,01,01446,1,2,1,5,Chemin de Chanteins,"46,0303720000","4,8863200000",1,3,1,1942.0,5,2,-1,-1,B01,3,0,2,1,0,5,4,,-1.0,,2,1,0,1,1,1,0,1,50,child
202100030619,5,7,2021,0 days 09:50:00,1,01,01446,1,2,1,5,Chemin de Chanteins,"46,0303720000","4,8863200000",1,3,2,1957.0,5,2,-1,-1,B01,3,0,2,1,0,5,4,,-1.0,,2,1,0,1,1,1,0,1,50,adult
202100030619,5,7,2021,0 days 09:50:00,1,01,01446,1,2,1,5,Chemin de Chanteins,"46,0303720000","4,8863200000",1,1,1,2002.0,9,1,-1,-1,B01,3,0,2,1,0,5,4,,-1.0,,2,1,0,1,1,1,0,1,50,adult
202100030663,6,7,2021,0 days 11:00:00,1,71,71283,1,1,2,3,D6,"46,7108430000","4,9315500000",1,2,1,1965.0,3,0,-1,-1,A01,1,0,2,8,2,5,3,6,-1.0,,2,2,0,2,1,2,2,1,80,child
202100030663,6,7,2021,0 days 11:00:00,1,71,71283,1,1,2,3,D6,"46,7108430000","4,9315500000",1,1,1,1987.0,4,1,-1,-1,A01,1,0,2,8,2,5,3,6,-1.0,,2,2,0,2,1,2,2,1,80,adult
202100030700,27,3,2021,0 days 14:10:00,1,81,81306,1,1,1,1,Moulin de Boussac,"44,0429870000","2,2460550000",1,1,1,1971.0,1,1,-1,-1,A01,1,0,2,1,13,5,3,71,0.0,D,2,2,0,2,3,1,0,1,80,child
202100030700,27,3,2021,0 days 14:10:00,1,81,81306,1,1,1,1,Moulin de Boussac,"44,0429870000","2,2460550000",1,3,1,2000.0,5,0,-1,-1,A01,1,0,2,1,13,5,3,71,0.0,D,2,2,0,2,3,1,0,1,80,adult
202100030719,1,7,2021,0 days 16:10:00,1,974,97411,2,1,1,3,GARE ROUTIERE (DE LA)," -20,8756500000","55,4555500000",1,4,1,1961.0,5,2,8,-1,A01,3,0,1,1,26,5,9,GARE ROUTIERE (DE LA),0.0,,-1,1,0,1,1,1,9,8,30,child
202100030719,1,7,2021,0 days 16:10:00,1,974,97411,2,1,1,3,GARE ROUTIERE (DE LA)," -20,8756500000","55,4555500000",3,4,2,2008.0,5,0,-1,-1,A01,3,0,1,1,26,5,9,GARE ROUTIERE (DE LA),0.0,,-1,1,0,1,1,1,9,8,30,adult
202100030735,4,7,2021,0 days 11:55:00,1,69,69386,2,3,3,3,LOUIS BLANC (R),"45,7645700000","4,8468700000",1,1,1,1958.0,0,1,-1,-1,B01,2,0,2,1,1,5,4,LOUIS BLANC                         (R ),0.0,,1,1,2,1,1,2,0,1,50,child
202100030735,4,7,2021,0 days 11:55:00,1,69,69386,2,3,3,3,LOUIS BLANC (R),"45,7645700000","4,8468700000",1,4,2,1989.0,0,8,-1,-1,B01,2,0,2,1,1,5,4,LOUIS BLANC                         (R ),0.0,,1,1,2,1,1,2,0,1,50,adult
202100030854,4,7,2021,0 days 15:55:00,1,75,75116,2,1,1,3,ALLEE DE LONGCHAMP,"48,8734930000","2,2671180000",1,3,1,1963.0,5,2,0,-1,B01,3,0,2,2,19,5,4,ALLEE DE LONGCHAMP,0.0,,2,4,0,1,1,1,0,1,50,child
202100030854,4,7,2021,0 days 15:55:00,1,75,75116,2,1,1,3,ALLEE DE LONGCHAMP,"48,8734930000","2,2671180000",1,1,1,2001.0,5,1,0,-1,B01,3,0,2,2,19,5,4,ALLEE DE LONGCHAMP,0.0,,2,4,0,1,1,1,0,1,50,adult
202100030856,4,7,2021,0 days 14:30:00,1,75,75116,2,1,2,3,ALLEE DE LA REINE MARGUERITE,"48,8631820000","2,2479330000",1,4,1,1947.0,5,2,0,-1,A01,1,0,2,6,10,5,4,ALLEE DE LA REINE MARGUERITE,0.0,,2,2,0,1,1,2,0,1,50,child
202100030856,4,7,2021,0 days 14:30:00,1,75,75116,2,1,2,3,ALLEE DE LA REINE MARGUERITE,"48,8631820000","2,2479330000",1,1,1,1991.0,1,2,0,-1,A01,1,0,2,6,10,5,4,ALLEE DE LA REINE MARGUERITE,0.0,,2,2,0,1,1,2,0,1,50,adult
202100030868,4,7,2021,0 days 11:43:00,1,93,93048,2,3,1,1,Rue de la Demi-Lune / Rue Georges Melies,"48,8760000000","2,4574900000",1,1,1,1985.0,0,1,8,-1,B01,0,0,0,0,0,0,4,DEMI LUNE (RUE DE LA),0.0,,1,1,0,1,1,1,0,1,50,child
202100030868,4,7,2021,0 days 11:43:00,1,93,93048,2,3,1,1,Rue de la Demi-Lune / Rue Georges Melies,"48,8760000000","2,4574900000",1,3,1,2013.0,9,8,0,-1,B01,0,0,0,0,0,0,4,DEMI LUNE (RUE DE LA),0.0,,1,1,0,1,1,1,0,1,50,adult
202100030874,19,6,2021,0 days 19:20:00,1,40,40304,2,2,1,3,Avenue Bremontier,"43,6562530000"," -1,4332280000",1,1,2,1957.0,1,8,-1,-1,B01,1,0,2,5,1,5,4,,-1.0,,1,2,1,1,1,1,0,5,50,child
202100030874,19,6,2021,0 days 19:20:00,1,40,40304,2,2,1,3,Avenue Bremontier,"43,6562530000"," -1,4332280000",1,4,1,1999.0,5,0,-1,-1,B01,1,0,2,5,1,5,4,,-1.0,,1,2,1,1,1,1,0,5,50,adult
202100030898,5,7,2021,0 days 12:00:00,1,44,44069,1,1,1,6,D192,"47,2901390000"," -2,4050940000",1,4,1,1956.0,5,2,-1,-1,A01,1,0,1,3,1,5,3,192,0.0,,2,2,1,1,2,1,0,5,80,child
202100030898,5,7,2021,0 days 12:00:00,1,44,44069,1,1,1,6,D192,"47,2901390000"," -2,4050940000",3,1,1,2003.0,5,0,-1,-1,A01,1,0,1,3,1,5,3,192,0.0,,2,2,1,1,2,1,0,5,80,adult
202100030904,30,6,2021,0 days 18:30:00,1,31,31066,1,3,1,3,D15E,"43,7879030000","1,5738670000",1,1,1,1972.0,1,1,-1,-1,B01,3,0,2,3,19,6,3,15,-1.0,E,2,2,0,2,2,1,0,1,80,child
202100030904,30,6,2021,0 days 18:30:00,1,31,31066,1,3,1,3,D15E,"43,7879030000","1,5738670000",1,3,1,2008.0,5,0,-1,-1,B01,3,0,2,3,19,6,3,15,-1.0,E,2,2,0,2,2,1,0,1,80,adult
202100030908,28,6,2021,0 days 12:30:00,1,02,02712,1,1,1,2,Ferme de Camp,"49,2017614438","3,5834821902",1,1,1,1947.0,3,1,-1,-1,B01,2,0,0,4,0,5,3,2,-1.0,,2,2,0,1,1,1,0,1,80,child
202100030908,28,6,2021,0 days 12:30:00,1,02,02712,1,1,1,2,Ferme de Camp,"49,2017614438","3,5834821902",1,2,1,2007.0,5,0,-1,-1,B01,2,0,0,4,0,5,3,2,-1.0,,2,2,0,1,1,1,0,1,80,adult
202100030939,5,7,2021,0 days 13:15:00,1,38,38407,1,1,1,3,D520 A,"45,3278470000","5,6569080000",1,1,1,1947.0,5,2,6,-1,D01,1,0,2,0,1,5,3,520,0.0,A,2,2,0,2,2,1,0,1,70,child
202100030939,5,7,2021,0 days 13:15:00,1,38,38407,1,1,1,3,D520 A,"45,3278470000","5,6569080000",1,4,2,1963.0,5,2,6,-1,D01,1,0,2,0,1,5,3,520,0.0,A,2,2,0,2,2,1,0,1,70,adult
202100030939,5,7,2021,0 days 13:15:00,1,38,38407,1,1,1,3,D520 A,"45,3278470000","5,6569080000",1,4,2,1979.0,5,2,6,-1,D01,1,0,2,0,1,5,3,520,0.0,A,2,2,0,2,2,1,0,1,70,adult
202100030939,5,7,2021,0 days 13:15:00,1,38,38407,1,1,1,3,D520 A,"45,3278470000","5,6569080000",1,4,2,1995.0,5,2,6,-1,D01,1,0,2,0,1,5,3,520,0.0,A,2,2,0,2,2,1,0,1,70,adult