Num_Acc,jour,mois,an,hrmn,lum,dep,com,agg,int,atm,col,adr,lat,long,catu,grav,sexe,an_nais,trajet,secu1,secu2,secu3,num_veh_y,senc,obs,obsm,choc,manv,motor,catr,voie,v1,v2,circ,nbv,vosp,prof,plan,surf,infra,situ,vma,age
202100030940,5,7,2021,0 days 11:25:00,1,26,26313,2,6,1,3,Avenue de Provence,"44,9612000000","4,9402960000",1,3,1,1942.0,5,2,-1,-1,B01,1,0,2,8,2,5,3,432,-1.0,,2,2,0,1,1,1,9,1,30,child
202100030940,5,7,2021,0 days 11:25:00,1,26,26313,2,6,1,3,Avenue de Provence,"44,9612000000","4,9402960000",1,1,1,1963.0,5,1,-1,-1,B01,1,0,2,8,2,5,3,432,-1.0,,2,2,0,1,1,1,9,1,30,adult
202100030992,30,6,2021,0 days 13:50:00,1,74,74010,2,1,1,3,MARQUISATS (AVENUE DES),"45,8969000000","6,1317000000",1,1,1,1961.0,5,1,0,-1,B01,2,0,0,0,0,5,3,MARQUISATS (AVENUE DES),0.0,,4,2,0,1,3,1,5,1,30,child
202100030992,30,6,2021,0 days 13:50:00,1,74,74010,2,1,1,3,MARQUISATS (AVENUE DES),"45,8969000000","6,1317000000",2,1,2,1962.0,5,1,0,-1,B01,2,0,0,0,0,5,3,MARQUISATS (AVENUE DES),0.0,,4,2,0,1,3,1,5,1,30,adult
202100030992,30,6,2021,0 days 13:50:00,1,74,74010,2,1,1,3,MARQUISATS (AVENUE DES),"45,8969000000","6,1317000000",1,4,2,1984.0,5,2,0,-1,B01,2,0,0,0,0,5,3,MARQUISATS (AVENUE DES),0.0,,4,2,0,1,3,1,5,1,30,adult
202100031006,25,6,2021,0 days 14:05:00,1,71,71118,1,1,1,3,,"46,7982525382","4,8007827081",1,4,1,1982.0,0,2,0,-1,B01,0,0,2,0,19,5,3,D68,0.0,,2,2,1,1,1,1,-1,1,50,child
202100031006,25,6,2021,0 days 14:05:00,1,71,71118,1,1,1,3,,"46,7982525382","4,8007827081",1,3,1,2005.0,0,8,0,-1,B01,0,0,2,0,19,5,3,D68,0.0,,2,2,1,1,1,1,-1,1,50,adult
202100031007,21,6,2021,0 days 10:25:00,1,70,70550,1,6,1,3,ROCADE OUEST - RD 457,"47,6413452135","6,1478349566",1,3,1,1967.0,5,8,-1,-1,B01,1,0,2,7,1,5,2,R.N. 19,0.0,,1,1,0,1,2,1,5,1,50,child
202100031007,21,6,2021,0 days 10:25:00,1,70,70550,1,6,1,3,ROCADE OUEST - RD 457,"47,6413452135","6,1478349566",1,1,1,1994.0,3,1,0,-1,B01,1,0,2,7,1,5,2,R.N. 19,0.0,,1,1,0,1,2,1,5,1,50,adult
202100031011,1,6,2021,0 days 12:30:00,1,69,69256,2,4,1,2,PAUL MARCELLIN                      (AV),"45,7740500000","4,9323200000",1,1,2,1970.0,0,1,8,-1,B01,1,12,2,4,19,5,4,PAUL MARCELLIN                      (AV),0.0,,2,4,0,1,3,1,0,1,30,child
202100031011,1,6,2021,0 days 12:30:00,1,69,69256,2,4,1,2,PAUL MARCELLIN                      (AV),"45,7740500000","4,9323200000",1,4,1,2009.0,2,0,-1,-1,B01,1,12,2,4,19,5,4,PAUL MARCELLIN                      (AV),0.0,,2,4,0,1,3,1,0,1,30,adult
202100031028,30,6,2021,0 days 12:25:00,1,64,64445,2,1,1,6,EMILE GARET,"43,3000442411"," -0,3624163455",1,4,2,1956.0,5,8,0,-1,B01,1,1,0,1,1,5,4,EMILE GARET,0.0,,2,2,0,1,1,1,0,1,30,child
202100031028,30,6,2021,0 days 12:25:00,1,64,64445,2,1,1,6,EMILE GARET,"43,3000442411"," -0,3624163455",1,1,1,1994.0,0,1,0,-1,B01,1,1,0,1,1,5,4,EMILE GARET,0.0,,2,2,0,1,1,1,0,1,30,adult
202100031068,3,7,2021,0 days 18:55:00,1,51,51454,2,2,1,3,Rue Paul Vaillant Couturier,"49,2774600000","4,0107400000",1,1,1,1964.0,5,1,-1,-1,B01,0,0,2,7,1,5,4,VAILLANT COUTURIER (RUE PAUL) N°1 A 103,0.0,,2,2,1,1,1,1,0,1,50,child
202100031068,3,7,2021,0 days 18:55:00,1,51,51454,2,2,1,3,Rue Paul Vaillant Couturier,"49,2774600000","4,0107400000",1,4,2,1999.0,0,8,-1,-1,B01,0,0,2,7,1,5,4,VAILLANT COUTURIER (RUE PAUL) N°1 A 103,0.0,,2,2,1,1,1,1,0,1,50,adult
202100031072,2,7,2021,0 days 10:25:00,1,50,50502,2,1,1,2,COMMUNE (boulevard de La),"49,1037600000"," -1,0719800000",1,2,1,1941.0,5,2,6,-1,B01,1,0,2,0,0,0,3,COMMUNE (boulevard de La),0.0,,1,2,0,1,1,1,0,1,70,child
202100031072,2,7,2021,0 days 10:25:00,1,50,50502,2,1,1,2,COMMUNE (boulevard de La),"49,1037600000"," -1,0719800000",1,1,2,1992.0,1,1,-1,-1,B01,1,0,2,0,0,0,3,COMMUNE (boulevard de La),0.0,,1,2,0,1,1,1,0,1,70,adult
202100031078,3,7,2021,0 days 21:20:00,1,49,49007,2,1,1,1,VOLNEY,"47,4600000000"," -0,5373000000",1,3,1,1959.0,5,8,0,-1,B01,1,0,2,0,2,5,4,Dainville,0.0,,2,1,0,1,1,1,0,1,30,child
202100031078,3,7,2021,0 days 21:20:00,1,49,49007,2,1,1,1,VOLNEY,"47,4600000000"," -0,5373000000",1,1,1,1999.0,5,1,0,-1,B01,1,0,2,0,2,5,4,Dainville,0.0,,2,1,0,1,1,1,0,1,30,adult
202100031086,28,6,2021,0 days 09:14:00,1,49,49007,2,1,1,4,MONPLAISIR BOULEVARD,"47,4908500000"," -0,5271800000",1,1,1,1940.0,5,1,0,-1,B01,1,0,2,0,0,5,4,MONPLAISIR BOULEVARD,0.0,,3,2,0,1,1,1,0,1,50,child
202100031086,28,6,2021,0 days 09:14:00,1,49,49007,2,1,1,4,MONPLAISIR BOULEVARD,"47,4908500000"," -0,5271800000",1,1,1,1961.0,9,1,0,-1,B01,1,0,2,0,0,5,4,MONPLAISIR BOULEVARD,0.0,,3,2,0,1,1,1,0,1,50,adult
202100031086,28,6,2021,0 days 09:14:00,1,49,49007,2,1,1,4,MONPLAISIR BOULEVARD,"47,4908500000"," -0,5271800000",1,4,2,1976.0,1,2,0,-1,B01,1,0,2,0,0,5,4,MONPLAISIR BOULEVARD,0.0,,3,2,0,1,1,1,0,1,50,adult
202100031124,30,6,2021,0 days 05:50:00,2,33,33281,2,6,1,3,Avenue Marcel Dassault,"44,8481000000"," -0,6796400000",1,1,1,1964.0,0,1,-1,-1,B01,1,0,2,2,1,5,4,AVE MARCEL DASSAULT,0.0,,3,2,2,1,1,1,0,1,50,child
202100031124,30,6,2021,0 days 05:50:00,2,33,33281,2,6,1,3,Avenue Marcel Dassault,"44,8481000000"," -0,6796400000",1,4,1,1986.0,0,2,-1,-1,B01,1,0,2,2,1,5,4,AVE MARCEL DASSAULT,0.0,,3,2,2,1,1,1,0,1,50,adult
202100031143,3,7,2021,0 days 11:30:00,1,25,25056,2,3,1,3,BELFORT RUE DE (inf144),"47,2510700000","6,0344900000",1,1,2,1952.0,5,1,0,-1,B01,2,0,2,0,0,5,3,BELFORT RUE DE (inf144),0.0,,2,2,0,2,1,1,-1,1,50,child
202100031143,3,7,2021,0 days 11:30:00,1,25,25056,2,3,1,3,BELFORT RUE DE (inf144),"47,2510700000","6,0344900000",1,4,1,1976.0,0,2,0,-1,B01,2,0,2,0,0,5,3,BELFORT RUE DE (inf144),0.0,,2,2,0,2,1,1,-1,1,50,adult
202100031185,3,7,2021,0 days 20:40:00,1,06,06155,2,6,1,3,CANNES AV.DE,"43,5740550000","7,0491060000",1,1,1,1942.0,5,1,0,-1,B01,3,0,2,3,9,0,3,CANNES AV.DE,0.0,,2,2,0,1,2,1,5,1,50,child
202100031185,3,7,2021,0 days 20:40:00,1,06,06155,2,6,1,3,CANNES AV.DE,"43,5740550000","7,0491060000",1,4,1,1993.0,0,8,0,-1,B01,3,0,2,3,9,0,3,CANNES AV.DE,0.0,,2,2,0,1,2,1,5,1,50,adult
202100031192,3,7,2021,0 days 12:00:00,1,75,75118,2,1,8,6,RUE DAMREMONT,"48,8912140000","2,3347170000",3,4,2,1938.0,5,0,-1,-1,A01,2,0,1,7,1,5,4,RUE DAMREMONT,0.0,,1,1,1,2,1,1,0,5,50,child
202100031192,3,7,2021,0 days 12:00:00,1,75,75118,2,1,8,6,RUE DAMREMONT,"48,8912140000","2,3347170000",1,1,1,2001.0,5,2,0,-1,A01,2,0,1,7,1,5,4,RUE DAMREMONT,0.0,,1,1,1,2,1,1,0,5,50,adult
202100031240,29,6,2021,0 days 19:30:00,2,38,38389,1,1,9,1,Route de Lafayette,"45,5623360000","5,0722070000",1,3,2,1982.0,1,2,-1,-1,B01,1,0,2,1,1,5,3,53,-1.0,,2,2,0,2,1,2,0,3,80,child
202100031240,29,6,2021,0 days 19:30:00,2,38,38389,1,1,9,1,Route de Lafayette,"45,5623360000","5,0722070000",1,1,1,2003.0,5,1,-1,-1,B01,1,0,2,1,1,5,3,53,-1.0,,2,2,0,2,1,2,0,3,80,adult
202100031292,2,7,2021,0 days 17:15:00,1,75,75120,2,3,1,3,BOULEVARD DAVOUT,"48,8527240000","2,4107930000",1,4,1,1974.0,9,2,0,-1,A01,1,0,2,7,1,5,4,BOULEVARD DAVOUT,0.0,,3,4,1,2,1,1,0,5,50,child
202100031292,2,7,2021,0 days 17:15:00,1,75,75120,2,3,1,3,BOULEVARD DAVOUT,"48,8527240000","2,4107930000",1,4,1,2002.0,5,2,0,-1,A01,1,0,2,7,1,5,4,BOULEVARD DAVOUT,0.0,,3,4,1,2,1,1,0,5,50,adult
202100031299,29,6,2021,0 days 23:00:00,5,75,75115,2,4,1,3,RUE DE VAUGIRARD,"48,8398490000","2,3021270000",1,4,1,1962.0,1,2,0,-1,B01,2,0,2,1,1,5,4,RUE DE VAUGIRARD,0.0,,1,3,1,1,1,1,0,5,50,child
202100031299,29,6,2021,0 days 23:00:00,5,75,75115,2,4,1,3,RUE DE VAUGIRARD,"48,8398490000","2,3021270000",1,1,1,1984.0,4,1,0,-1,B01,2,0,2,1,1,5,4,RUE DE VAUGIRARD,0.0,,1,3,1,1,1,1,0,5,50,adult
202100031303,2,7,2021,0 days 16:00:00,1,75,75111,2,5,1,6,RUE DU FAUBOURG SAINT ANTOINE,"48,8533380000","2,3703370000",3,4,2,1935.0,5,8,8,-1,A01,1,0,1,1,1,5,4,RUE DU FAUBOURG SAINT ANTOINE,0.0,,2,3,1,1,1,1,0,5,50,child
202100031303,2,7,2021,0 days 16:00:00,1,75,75111,2,5,1,6,RUE DU FAUBOURG SAINT ANTOINE,"48,8533380000","2,3703370000",1,1,1,1960.0,9,2,0,-1,A01,1,0,1,1,1,5,4,RUE DU FAUBOURG SAINT ANTOINE,0.0,,2,3,1,1,1,1,0,5,50,adult
202100031330,2,7,2021,0 days 09:45:00,1,92,92026,2,3,1,3,VERDUN (DE 01 A 61),"48,8968940236","2,2641652822",1,3,2,1962.0,1,2,0,-1,B01,2,0,2,1,1,0,3,908,0.0,,2,7,1,1,1,1,0,1,50,child
202100031330,2,7,2021,0 days 09:45:00,1,92,92026,2,3,1,3,VERDUN (DE 01 A 61),"48,8968940236","2,2641652822",1,1,1,1999.0,4,1,0,-1,B01,2,0,2,1,1,0,3,908,0.0,,2,7,1,1,1,1,0,1,50,adult
202100031388,30,6,2021,0 days 07:50:00,1,13,13041,2,1,1,2,D8c,"43,4494920000","5,4498250000",1,1,1,1947.0,3,1,-1,-1,B01,1,0,2,4,2,5,7,8,-1.0,C,2,2,0,1,1,1,0,1,50,child
202100031388,30,6,2021,0 days 07:50:00,1,13,13041,2,1,1,2,D8c,"43,4494920000","5,4498250000",1,4,1,1969.0,1,0,-1,-1,B01,1,0,2,4,2,5,7,8,-1.0,C,2,2,0,1,1,1,0,1,50,adult
202100031391,2,7,2021,0 days 18:25:00,1,38,38382,2,1,1,3,Rue Lieutenant Fiancey,"45,2224770000","5,6825680000",1,4,1,1964.0,5,0,-1,-1,B01,3,0,2,1,1,5,4,,0.0,,2,2,0,1,1,1,0,1,50,child
202100031391,2,7,2021,0 days 18:25:00,1,38,38382,2,1,1,3,Rue Lieutenant Fiancey,"45,2224770000","5,6825680000",1,1,1,1972.0,9,1,-1,-1,B01,3,0,2,1,1,5,4,,0.0,,2,2,0,1,1,1,0,1,50,adult
202100031391,2,7,2021,0 days 18:25:00,1,38,38382,2,1,1,3,Rue Lieutenant Fiancey,"45,2224770000","5,6825680000",2,1,2,2007.0,5,1,-1,-1,B01,3,0,2,1,1,5,4,,0.0,,2,2,0,1,1,1,0,1,50,adult
202100031420,1,7,2021,0 days 20:40:00,1,75,75120,2,1,1,3,RUE DES PYRENEES,"48,8726660000","2,3909960000",1,4,1,1947.0,5,8,0,-1,B01,2,0,2,8,13,5,4,RUE DES PYRENEES,0.0,,2,3,3,4,1,1,0,6,30,child
202100031420,1,7,2021,0 days 20:40:00,1,75,75120,2,1,1,3,RUE DES PYRENEES,"48,8726660000","2,3909960000",1,1,2,1986.0,4,1,0,-1,B01,2,0,2,8,13,5,4,RUE DES PYRENEES,0.0,,2,3,3,4,1,1,0,6,30,adult
202100031422,1,7,2021,0 days 22:05:00,5,75,75117,2,2,1,3,BOULEVARD MALESHERBES,"48,8898740000","2,3033610000",1,4,1,1953.0,1,1,0,-1,A01,2,0,2,0,19,5,4,BOULEVARD MALESHERBES,0.0,,2,4,0,1,1,1,0,1,30,child
202100031422,1,7,2021,0 days 22:05:00,5,75,75117,2,2,1,3,BOULEVARD MALESHERBES,"48,8898740000","2,3033610000",1,4,2,1991.0,5,2,0,-1,A01,2,0,2,0,19,5,4,BOULEVARD MALESHERBES,0.0,,2,4,0,1,1,1,0,1,30,adult
202100031439,1,7,2021,0 days 16:30:00,1,92,92020,2,1,1,7,PARIS AVENUE DE N°2 A82,"48,8056800000","2,2915500000",1,1,1,1957.0,3,1,0,-1,B01,1,1,0,0,0,5,4,PARIS AVENUE DE N°2 A82,0.0,,1,0,0,2,1,1,0,1,50,child
202100031439,1,7,2021,0 days 16:30:00,1,92,92020,2,1,1,7,PARIS AVENUE DE N°2 A82,"48,8056800000","2,2915500000",1,4,2,1983.0,1,2,0,-1,B01,1,1,0,0,0,5,4,PARIS AVENUE DE N°2 A82,0.0,,1,0,0,2,1,1,0,1,50,adult
202100031443,30,6,2021,0 days 13:36:00,1,92,92024,2,5,1,3,CLICHY (QUAI DE) DE (104 A 202),"48,9083795130","2,2998278593",2,1,1,1976.0,4,1,8,-1,B01,2,0,2,8,11,5,3,1,0.0,,1,2,0,1,1,1,0,1,50,child
202100031443,30,6,2021,0 days 13:36:00,1,92,92024,2,5,1,3,CLICHY (QUAI DE) DE (104 A 202),"48,9083795130","2,2998278593",1,1,1,1997.0,0,1,0,-1,B01,2,0,2,8,11,5,3,1,0.0,,1,2,0,1,1,1,0,1,50,adult
202100031452,2,7,2021,0 days 18:40:00,1,67,67320,1,1,1,1,D897 PR000.500,"48,3351217830","7,3184287548",1,3,1,1977.0,5,2,-1,-1,B01,1,0,2,1,1,0,3,897,0.0,,2,2,0,2,2,1,0,1,80,child
202100031452,2,7,2021,0 days 18:40:00,1,67,67320,1,1,1,1,D897 PR000.500,"48,3351217830","7,3184287548",1,4,1,2003.0,1,2,6,-1,B01,1,0,2,1,1,0,3,897,0.0,,2,2,0,2,2,1,0,1,80,adult
202100031458,2,7,2021,0 days 10:30:00,1,62,62878,2,3,1,3,2 Rue de la Bassure,"50,2784800000","2,6668780000",1,4,1,1969.0,5,2,-1,-1,B01,3,0,2,1,9,5,3,919,0.0,D,2,2,0,1,1,1,0,1,50,child
202100031458,2,7,2021,0 days 10:30:00,1,62,62878,2,3,1,3,2 Rue de la Bassure,"50,2784800000","2,6668780000",1,1,1,1994.0,5,1,-1,-1,B01,3,0,2,1,9,5,3,919,0.0,D,2,2,0,1,1,1,0,1,50,adult
202100031464,2,7,2021,0 days 17:05:00,1,71,71171,2,1,1,3,Route de Chagny,"46,8681760000","4,6509560000",1,1,1,1978.0,5,1,-1,-1,A01,2,0,2,8,1,5,3,974,0.0,,2,2,0,1,1,1,0,1,50,child
202100031464,2,7,2021,0 days 17:05:00,1,71,71171,2,1,1,3,Route de Chagny,"46,8681760000","4,6509560000",1,3,1,2001.0,5,0,-1,-1,A01,2,0,2,8,1,5,3,974,0.0,,2,2,0,1,1,1,0,1,50,adult
202100031465,2,7,2021,0 days 13:30:00,1,89,89068,1,3,1,1,D91,"47,8032160000","3,7981930000",1,1,2,1934.0,5,1,-1,-1,B01,1,0,2,1,1,5,3,91,-1.0,,2,2,0,1,1,1,0,1,80,child
202100031465,2,7,2021,0 days 13:30:00,1,89,89068,1,3,1,1,D91,"47,8032160000","3,7981930000",1,3,2,1969.0,5,2,-1,-1,B01,1,0,2,1,1,5,3,91,-1.0,,2,2,0,1,1,1,0,1,80,adult
202100031467,2,7,2021,0 days 16:55:00,1,12,12056,2,3,1,3,217 Avenue du Centre,"44,2771010000","2,4332360000",1,1,1,1942.0,5,1,-1,-1,B01,2,0,2,1,1,5,2,88,-1.0,,2,2,0,1,1,1,0,1,50,child
202100031467,2,7,2021,0 days 16:55:00,1,12,12056,2,3,1,3,217 Avenue du Centre,"44,2771010000","2,4332360000",1,4,1,1976.0,5,2,-1,-1,B01,2,0,2,1,1,5,2,88,-1.0,,2,2,0,1,1,1,0,1,50,adult
202100031471,1,7,2021,0 days 17:49:00,1,31,31033,2,1,1,3,47 Route d Espagne,"43,3489590000","1,4717010000",1,1,1,1963.0,4,1,-1,-1,B01,2,0,2,1,25,5,3,820,0.0,D,2,1,0,2,1,1,0,1,50,child
202100031471,1,7,2021,0 days 17:49:00,1,31,31033,2,1,1,3,47 Route d Espagne,"43,3489590000","1,4717010000",1,3,1,2007.0,5,0,-1,-1,B01,2,0,2,1,25,5,3,820,0.0,D,2,1,0,2,1,1,0,1,50,adult
202100031484,1,7,2021,0 days 19:30:00,2,04,04209,2,4,7,3,RD 951 / ch de la Haute Chaumiane,"44,2179160000","5,9395000000",1,1,1,1942.0,1,0,-1,-1,B01,2,5,2,1,1,5,3,951,-1.0,,2,2,0,2,1,1,0,1,50,child
202100031484,1,7,2021,0 days 19:30:00,2,04,04209,2,4,7,3,RD 951 / ch de la Haute Chaumiane,"44,2179160000","5,9395000000",1,3,1,1993.0,5,2,-1,-1,B01,2,5,2,1,1,5,3,951,-1.0,,2,2,0,2,1,1,0,1,50,adult
202100031523,25,6,2021,0 days 18:00:00,1,33,33238,2,1,1,1,Rue de Grandjean,"44,7419000000"," -0,5984620000",1,4,1,1982.0,3,0,-1,-1,B01,2,0,2,1,13,5,4,,0.0,,2,2,0,1,1,1,0,1,50,child
202100031523,25,6,2021,0 days 18:00:00,1,33,33238,2,1,1,1,Rue de Grandjean,"44,7419000000"," -0,5984620000",1,1,2,2003.0,3,1,-1,-1,B01,2,0,2,1,13,5,4,,0.0,,2,2,0,1,1,1,0,1,50,adult
202100031558,28,6,2021,0 days 15:00:00,1,38,38185,2,1,1,3,RUE GÉNÉRAL MANGIN,"45,1737800000","5,7167500000",1,1,1,1985.0,0,1,0,-1,B01,3,0,2,1,1,5,4,RUE GÉNÉRAL MANGIN,0.0,,3,5,1,1,1,1,0,1,50,child
202100031558,28,6,2021,0 days 15:00:00,1,38,38185,2,1,1,3,RUE GÉNÉRAL MANGIN,"45,1737800000","5,7167500000",1,4,1,2011.0,5,3,0,-1,B01,3,0,2,1,1,5,4,RUE GÉNÉRAL MANGIN,0.0,,3,5,1,1,1,1,0,1,50,adult
202100031560,30,6,2021,0 days 08:45:00,1,37,37233,2,1,1,6,LANGEVIN (BOULEVARD PAUL),"47,3907150425","0,7284316421",1,1,1,1964.0,5,1,0,-1,A01,3,0,2,1,15,5,4,LANGEVIN (BOULEVARD PAUL),0.0,,2,2,0,1,1,1,0,1,50,child
202100031560,30,6,2021,0 days 08:45:00,1,37,37233,2,1,1,6,LANGEVIN (BOULEVARD PAUL),"47,3907150425","0,7284316421",1,4,1,2004.0,1,2,8,-1,A01,3,0,2,1,15,5,4,LANGEVIN (BOULEVARD PAUL),0.0,,2,2,0,1,1,1,0,1,50,adult
202100031639,29,6,2021,0 days 20:50:00,1,84,84062,1,1,1,3,Route Departementale 901,"43,8897420000","5,0956820000",1,2,2,1969.0,5,0,-1,-1,A01,1,0,2,1,19,5,3,901,0.0,,2,2,0,1,1,1,0,1,80,child
202100031639,29,6,2021,0 days 20:50:00,1,84,84062,1,1,1,3,Route Departementale 901,"43,8897420000","5,0956820000",1,1,1,1992.0,5,1,-1,-1,A01,1,0,2,1,19,5,3,901,0.0,,2,2,0,1,1,1,0,1,80,adult
202100031643,30,6,2021,0 days 05:40:00,2,79,79174,1,2,1,3,,"46,2368970000"," -0,1568450000",1,1,2,1981.0,1,1,-1,-1,B01,1,0,2,6,15,5,3,737,0.0,D,2,2,0,1,1,1,5,1,80,child
202100031643,30,6,2021,0 days 05:40:00,2,79,79174,1,2,1,3,,"46,2368970000"," -0,1568450000",1,3,1,2005.0,5,0,-1,-1,B01,1,0,2,6,15,5,3,737,0.0,D,2,2,0,1,1,1,5,1,80,adult
202100031661,24,6,2021,0 days 17:50:00,1,27,27017,1,1,1,1,D6154,"48,9924680000","1,1560750000",1,1,1,1958.0,5,1,-1,-1,B01,1,0,2,7,19,5,3,6154,0.0,D,2,2,0,2,1,1,0,1,70,child
202100031661,24,6,2021,0 days 17:50:00,1,27,27017,1,1,1,1,D6154,"48,9924680000","1,1560750000",1,4,1,2008.0,5,0,-1,-1,B01,1,0,2,7,19,5,3,6154,0.0,D,2,2,0,2,1,1,0,1,70,adult
202100031665,30,6,2021,0 days 09:09:00,1,52,52093,2,2,2,3,Rue des Adieux,"47,8057220000","5,4308940000",1,1,2,1979.0,4,1,-1,-1,A01,2,0,2,1,1,5,4,,0.0,,2,2,0,2,1,2,0,1,50,child
202100031665,30,6,2021,0 days 09:09:00,1,52,52093,2,2,2,3,Rue des Adieux,"47,8057220000","5,4308940000",1,4,1,2007.0,2,2,-1,-1,A01,2,0,2,1,1,5,4,,0.0,,2,2,0,2,1,2,0,1,50,adult
202100031684,28,6,2021,0 days 18:00:00,1,42,42022,2,2,1,1,Avenue de Sury,"45,5250640000","4,2110390000",1,1,2,1958.0,1,8,-1,-1,B01,3,0,2,1,19,5,3,9008,-1.0,,2,2,1,1,1,1,0,1,50,child
202100031684,28,6,2021,0 days 18:00:00,1,42,42022,2,2,1,1,Avenue de Sury,"45,5250640000","4,2110390000",1,4,1,2010.0,5,0,-1,-1,B01,3,0,2,1,19,5,3,9008,-1.0,,2,2,1,1,1,1,0,1,50,adult
202100031701,29,6,2021,0 days 17:00:00,1,31,31555,2,1,1,3,BD DE L EMBOUCHURE,"43,6117910000","1,4220910000",1,3,1,1971.0,9,8,0,-1,A01,1,0,2,7,19,6,4,BD DE L EMBOUCHURE,0.0,,1,4,3,1,1,1,0,1,50,child
202100031701,29,6,2021,0 days 17:00:00,1,31,31555,2,1,1,3,BD DE L EMBOUCHURE,"43,6117910000","1,4220910000",1,1,1,1998.0,1,2,6,-1,A01,1,0,2,7,19,6,4,BD DE L EMBOUCHURE,0.0,,1,4,3,1,1,1,0,1,50,adult
202100031702,29,6,2021,0 days 13:15:00,1,31,31149,2,1,1,3,QUERCY (ALLEE DU),"43,6116600000","1,3332600000",1,1,2,1960.0,1,1,0,-1,A01,0,0,2,1,19,5,4,QUERCY (ALLEE DU),0.0,,-1,1,0,1,1,1,0,1,50,child
202100031702,29,6,2021,0 days 13:15:00,1,31,31149,2,1,1,3,QUERCY (ALLEE DU),"43,6116600000","1,3332600000",1,3,1,2007.0,9,2,8,-1,A01,0,0,2,1,19,5,4,QUERCY (ALLEE DU),0.0,,-1,1,0,1,1,1,0,1,50,adult
202100031737,29,6,2021,0 days 08:40:00,1,75,75107,2,3,2,3,BOULEVARD DES INVALIDES,"48,8482810000","2,3157760000",1,4,1,1968.0,1,2,0,-1,A01,2,0,2,3,10,5,4,BOULEVARD DES INVALIDES,0.0,,2,6,1,1,1,2,0,5,50,child
202100031737,29,6,2021,0 days 08:40:00,1,75,75107,2,3,2,3,BOULEVARD DES INVALIDES,"48,8482810000","2,3157760000",1,1,2,1990.0,9,2,0,-1,A01,2,0,2,3,10,5,4,BOULEVARD DES INVALIDES,0.0,,2,6,1,1,1,2,0,5,50,adult
202100031738,29,6,2021,0 days 07:45:00,1,75,75107,2,2,2,3,PONT ALEXANDRE III,"48,8628600000","2,3134470000",1,1,1,1968.0,1,1,0,-1,A01,1,0,2,7,19,5,4,PONT ALEXANDRE III,0.0,,2,8,0,1,1,2,2,1,50,child
202100031738,29,6,2021,0 days 07:45:00,1,75,75107,2,2,2,3,PONT ALEXANDRE III,"48,8628600000","2,3134470000",1,4,1,1998.0,1,2,0,-1,A01,1,0,2,7,19,5,4,PONT ALEXANDRE III,0.0,,2,8,0,1,1,2,2,1,50,adult
202100031755,29,6,2021,0 days 19:25:00,2,93,93048,2,1,2,3,PROGRES (RUE DU),"48,8519700000","2,4229300000",1,1,1,1977.0,1,1,0,-1,B01,1,0,2,1,1,0,3,PROGRES (RUE DU),0.0,,1,1,2,1,1,2,9,5,30,child
202100031755,29,6,2021,0 days 19:25:00,2,93,93048,2,1,2,3,PROGRES (RUE DU),"48,8519700000","2,4229300000",1,4,2,1986.0,0,8,0,-1,B01,1,0,2,1,1,0,3,PROGRES (RUE DU),0.0,,1,1,2,1,1,2,9,5,30,adult
202100031755,29,6,2021,0 days 19:25:00,2,93,93048,2,1,2,3,PROGRES (RUE DU),"48,8519700000","2,4229300000",2,4,2,2019.0,0,2,0,-1,B01,1,0,2,1,1,0,3,PROGRES (RUE DU),0.0,,1,1,2,1,1,2,9,5,30,adult
202100031766,29,6,2021,0 days 12:53:00,1,92,92012,2,2,1,6,GALLIENI (RUE) 55/157 - 50/140,"48,8375820000","2,2479480000",1,1,2,1964.0,0,1,0,-1,A01,3,0,2,8,1,5,4,,0.0,,2,3,1,1,1,1,0,5,50,child
202100031766,29,6,2021,0 days 12:53:00,1,92,92012,2,2,1,6,GALLIENI (RUE) 55/157 - 50/140,"48,8375820000","2,2479480000",1,4,1,2005.0,-1,2,0,0,A01,3,0,2,8,1,5,4,,0.0,,2,3,1,1,1,1,0,5,50,adult
202100031766,29,6,2021,0 days 12:53:00,1,92,92012,2,2,1,6,GALLIENI (RUE) 55/157 - 50/140,"48,8375820000","2,2479480000",3,4,1,2006.0,0,8,8,-1,A01,3,0,2,8,1,5,4,,0.0,,2,3,1,1,1,1,0,5,50,adult
202100031774,30,6,2021,0 days 18:50:00,1,77,77242,2,3,1,3,rue d'en bas,"48,4986030000","3,2342080000",1,1,1,1970.0,5,1,-1,-1,B01,3,0,2,3,1,5,4,,-1.0,,2,2,0,1,1,1,0,1,50,child
202100031774,30,6,2021,0 days 18:50:00,1,77,77242,2,3,1,3,rue d'en bas,"48,4986030000","3,2342080000",1,4,1,2011.0,5,0,-1,-1,B01,3,0,2,3,1,5,4,,-1.0,,2,2,0,1,1,1,0,1,50,adult
202100031849,28,6,2021,0 days 08:30:00,1,69,69266,2,3,2,3,TOLSTOI (CR),"45,7625326961","4,8785197735",1,1,1,1955.0,0,8,-1,-1,B01,1,0,2,5,0,5,4,TOLSTOI    (Cours),0.0,,1,1,1,1,1,2,0,5,50,child