Num_Acc,jour,mois,an,hrmn,lum,dep,com,agg,int,atm,col,adr,lat,long,catu,grav,sexe,an_nais,trajet,secu1,secu2,secu3,num_veh_y,senc,obs,obsm,choc,manv,motor,catr,voie,v1,v2,circ,nbv,vosp,prof,plan,surf,infra,situ,vma,age
202100031849,28,6,2021,0 days 08:30:00,1,69,69266,2,3,2,3,TOLSTOI (CR),"45,7625326961","4,8785197735",1,4,2,1994.0,1,2,-1,-1,B01,1,0,2,5,0,5,4,TOLSTOI    (Cours),0.0,,1,1,1,1,1,2,0,5,50,adult
202100031873,8,6,2021,0 days 09:55:00,1,35,35288,2,1,1,6,SILLON (DU) CHAUSSEE,"48,6543400000"," -2,0092600000",3,3,2,1946.0,0,0,-1,-1,A01,2,1,1,1,21,5,3,SILLON (DU) CHAUSSEE,0.0,,2,2,2,1,1,1,0,1,50,child
202100031873,8,6,2021,0 days 09:55:00,1,35,35288,2,1,1,6,SILLON (DU) CHAUSSEE,"48,6543400000"," -2,0092600000",1,4,2,1999.0,5,8,-1,-1,A01,2,1,1,1,21,5,3,SILLON (DU) CHAUSSEE,0.0,,2,2,2,1,1,1,0,1,50,adult
202100031880,21,6,2021,0 days 19:10:00,1,17,17299,2,6,1,3,BEGON ROND POINT ET RUE,"45,9433700000"," -0,9602200000",1,1,1,1949.0,0,1,8,-1,B01,2,0,2,2,0,0,3,BEGON ROND POINT ET RUE,0.0,,1,2,0,1,1,1,0,1,50,child
202100031880,21,6,2021,0 days 19:10:00,1,17,17299,2,6,1,3,BEGON ROND POINT ET RUE,"45,9433700000"," -0,9602200000",1,3,2,1989.0,0,8,8,-1,B01,2,0,2,2,0,0,3,BEGON ROND POINT ET RUE,0.0,,1,2,0,1,1,1,0,1,50,adult
202100031907,28,6,2021,0 days 14:47:00,1,75,75108,2,7,1,3,PLACE DE LA CONCORDE,"48,8666150000","2,3219610000",1,1,1,1965.0,4,1,0,-1,A01,3,0,2,8,1,5,4,PLACE DE LA CONCORDE,0.0,,2,4,0,1,1,1,0,1,50,child
202100031907,28,6,2021,0 days 14:47:00,1,75,75108,2,7,1,3,PLACE DE LA CONCORDE,"48,8666150000","2,3219610000",1,4,2,1989.0,9,2,0,-1,A01,3,0,2,8,1,5,4,PLACE DE LA CONCORDE,0.0,,2,4,0,1,1,1,0,1,50,adult
202100031923,28,6,2021,0 days 16:30:00,1,92,92051,2,1,1,2,PARMENTIER (RUE),"48,8823256710","2,2804757953",1,1,1,1978.0,4,1,0,-1,B01,1,0,2,1,2,0,4,,0.0,,1,1,0,1,1,1,0,1,50,child
202100031923,28,6,2021,0 days 16:30:00,1,92,92051,2,1,1,2,PARMENTIER (RUE),"48,8823256710","2,2804757953",1,4,1,2002.0,5,8,0,-1,B01,1,0,2,1,2,0,4,,0.0,,1,1,0,1,1,1,0,1,50,adult
202100031952,27,6,2021,0 days 21:10:00,1,75,75111,2,3,1,2,RUE DES TROIS BORNES,"48,8661880000","2,3712290000",1,4,1,1961.0,9,2,0,-1,A01,2,0,2,5,2,5,4,RUE DES TROIS BORNES,0.0,,1,1,2,2,1,1,0,1,50,child
202100031952,27,6,2021,0 days 21:10:00,1,75,75111,2,3,1,2,RUE DES TROIS BORNES,"48,8661880000","2,3712290000",1,1,1,1989.0,9,2,6,-1,A01,2,0,2,5,2,5,4,RUE DES TROIS BORNES,0.0,,1,1,2,2,1,1,0,1,50,adult
202100031977,27,6,2021,0 days 19:45:00,1,33,33063,2,3,8,3,Cours de l'Yser,"44,8287980000"," -0,5687670000",1,1,1,1960.0,0,1,-1,-1,B01,1,0,2,1,1,5,4,CRS DE L'YSER,0.0,,2,2,2,1,1,2,0,1,50,child
202100031977,27,6,2021,0 days 19:45:00,1,33,33063,2,3,8,3,Cours de l'Yser,"44,8287980000"," -0,5687670000",1,4,1,1990.0,4,8,-1,-1,B01,1,0,2,1,1,5,4,CRS DE L'YSER,0.0,,2,2,2,1,1,2,0,1,50,adult
202100031982,27,6,2021,0 days 15:25:00,1,14,14118,2,1,1,6,Place de la Gare,"49,1758300000"," -0,3493200000",3,4,1,1960.0,0,0,-1,-1,A01,3,0,1,1,1,5,4,GARE (PLACE DE LA),0.0,,-1,0,0,1,1,1,0,4,6,child
202100031982,27,6,2021,0 days 15:25:00,1,14,14118,2,1,1,6,Place de la Gare,"49,1758300000"," -0,3493200000",1,1,1,2002.0,5,0,-1,-1,A01,3,0,1,1,1,5,4,GARE (PLACE DE LA),0.0,,-1,0,0,1,1,1,0,4,6,adult
202100032136,25,6,2021,0 days 16:20:00,1,75,75115,2,7,1,6,RUE DU COMMERCE,"48,8445070000","2,2937260000",3,1,2,1977.0,9,8,8,-1,Z01,2,0,1,8,1,5,4,RUE DU COMMERCE,0.0,,2,2,1,1,1,1,0,5,30,child
202100032136,25,6,2021,0 days 16:20:00,1,75,75115,2,7,1,6,RUE DU COMMERCE,"48,8445070000","2,2937260000",3,4,2,2014.0,9,0,-1,-1,Z01,2,0,1,8,1,5,4,RUE DU COMMERCE,0.0,,2,2,1,1,1,1,0,5,30,adult
202100032136,25,6,2021,0 days 16:20:00,1,75,75115,2,7,1,6,RUE DU COMMERCE,"48,8445070000","2,2937260000",1,1,-1,,-1,-1,-1,-1,Z01,2,0,1,8,1,5,4,RUE DU COMMERCE,0.0,,2,2,1,1,1,1,0,5,30,child
202100032140,25,6,2021,0 days 18:35:00,1,75,75111,2,3,1,5,BOULEVARD BEAUMARCHAIS,"48,8594910000","2,3676130000",1,1,1,1954.0,5,1,0,-1,C01,2,0,2,3,23,5,4,BOULEVARD BEAUMARCHAIS,0.0,,2,4,0,1,1,1,0,1,50,child
202100032140,25,6,2021,0 days 18:35:00,1,75,75111,2,3,1,5,BOULEVARD BEAUMARCHAIS,"48,8594910000","2,3676130000",1,1,2,1965.0,9,2,0,-1,C01,2,0,2,3,23,5,4,BOULEVARD BEAUMARCHAIS,0.0,,2,4,0,1,1,1,0,1,50,adult
202100032140,25,6,2021,0 days 18:35:00,1,75,75111,2,3,1,5,BOULEVARD BEAUMARCHAIS,"48,8594910000","2,3676130000",1,4,1,2000.0,9,2,6,-1,C01,2,0,2,3,23,5,4,BOULEVARD BEAUMARCHAIS,0.0,,2,4,0,1,1,1,0,1,50,adult
202100032205,27,6,2021,0 days 07:00:00,1,971,97106,1,1,1,3,Route de Bellon,"16,1828440000"," -61,7821370000",1,2,1,1962.0,5,2,-1,-1,B01,2,0,0,8,2,5,2,2,-1.0,,2,2,0,3,4,1,0,1,70,child
202100032205,27,6,2021,0 days 07:00:00,1,971,97106,1,1,1,3,Route de Bellon,"16,1828440000"," -61,7821370000",1,1,1,1991.0,5,8,-1,-1,B01,2,0,0,8,2,5,2,2,-1.0,,2,2,0,3,4,1,0,1,70,adult
202100032215,26,6,2021,0 days 16:30:00,1,26,26206,1,1,1,2,D538,"44,8536020000","5,0072660000",1,1,2,1956.0,9,1,-1,-1,B01,2,0,2,4,2,5,3,538,0.0,,2,2,0,1,1,1,0,1,80,child
202100032215,26,6,2021,0 days 16:30:00,1,26,26206,1,1,1,2,D538,"44,8536020000","5,0072660000",1,3,2,1992.0,5,2,-1,-1,B01,2,0,2,4,2,5,3,538,0.0,,2,2,0,1,1,1,0,1,80,adult
202100032265,18,6,2021,0 days 17:00:00,1,59,59328,2,1,1,5,LILLE RUE DE,"50,6521000000","3,0405800000",1,1,1,1947.0,0,8,0,-1,C01,2,0,0,0,1,5,4,LILLE RUE DE,0.0,,2,2,0,1,2,1,0,1,50,child
202100032265,18,6,2021,0 days 17:00:00,1,59,59328,2,1,1,5,LILLE RUE DE,"50,6521000000","3,0405800000",1,4,1,2001.0,0,0,0,-1,C01,2,0,0,0,1,5,4,LILLE RUE DE,0.0,,2,2,0,1,2,1,0,1,50,adult
202100032265,18,6,2021,0 days 17:00:00,1,59,59328,2,1,1,5,LILLE RUE DE,"50,6521000000","3,0405800000",1,1,1,2006.0,0,0,0,-1,C01,2,0,0,0,1,5,4,LILLE RUE DE,0.0,,2,2,0,1,2,1,0,1,50,adult
202100032269,24,6,2021,0 days 14:10:00,1,56,56121,2,3,1,2,Avenue Étienne-François de Choiseul,"47,7511800000"," -3,3580200000",1,4,2,1949.0,5,2,8,-1,B01,2,0,2,4,1,5,4,,0.0,,2,2,0,1,1,1,0,1,30,child
202100032269,24,6,2021,0 days 14:10:00,1,56,56121,2,3,1,2,Avenue Étienne-François de Choiseul,"47,7511800000"," -3,3580200000",1,1,1,1990.0,1,1,8,-1,B01,2,0,2,4,1,5,4,,0.0,,2,2,0,1,1,1,0,1,30,adult
202100032291,24,6,2021,0 days 13:14:00,1,27,27229,1,1,1,3,VAL ITON (RUE DU),"49,0342700000","1,1480200000",1,4,1,1941.0,5,2,6,-1,B01,3,0,0,0,0,0,4,VAL ITON (RUE DU),0.0,,-1,2,0,2,3,1,0,1,50,child
202100032291,24,6,2021,0 days 13:14:00,1,27,27229,1,1,1,3,VAL ITON (RUE DU),"49,0342700000","1,1480200000",1,1,2,1988.0,5,1,7,-1,B01,3,0,0,0,0,0,4,VAL ITON (RUE DU),0.0,,-1,2,0,2,3,1,0,1,50,adult
202100032385,26,6,2021,0 days 09:50:00,1,42,42192,1,1,1,2,M104,"45,3840140000","4,1287140000",1,3,1,1950.0,5,2,-1,-1,B01,1,0,0,4,1,5,7,104,-1.0,,2,2,0,1,1,1,0,1,80,child
202100032385,26,6,2021,0 days 09:50:00,1,42,42192,1,1,1,2,M104,"45,3840140000","4,1287140000",1,1,2,1973.0,5,1,-1,-1,B01,1,0,0,4,1,5,7,104,-1.0,,2,2,0,1,1,1,0,1,80,adult
202100032385,26,6,2021,0 days 09:50:00,1,42,42192,1,1,1,2,M104,"45,3840140000","4,1287140000",2,1,1,1980.0,5,1,-1,-1,B01,1,0,0,4,1,5,7,104,-1.0,,2,2,0,1,1,1,0,1,80,adult
202100032399,26,6,2021,0 days 11:00:00,1,37,37130,1,2,1,3,Lieu Dit Chantepie,"47,0164326224","0,8417402208",2,1,2,1972.0,5,1,-1,-1,B01,2,0,2,4,15,5,3,60,-1.0,,2,1,0,1,1,1,0,1,80,child
202100032399,26,6,2021,0 days 11:00:00,1,37,37130,1,2,1,3,Lieu Dit Chantepie,"47,0164326224","0,8417402208",1,1,2,2000.0,5,1,-1,-1,B01,2,0,2,4,15,5,3,60,-1.0,,2,1,0,1,1,1,0,1,80,adult
202100032399,26,6,2021,0 days 11:00:00,1,37,37130,1,2,1,3,Lieu Dit Chantepie,"47,0164326224","0,8417402208",2,1,2,2001.0,5,1,-1,-1,B01,2,0,2,4,15,5,3,60,-1.0,,2,1,0,1,1,1,0,1,80,adult
202100032399,26,6,2021,0 days 11:00:00,1,37,37130,1,2,1,3,Lieu Dit Chantepie,"47,0164326224","0,8417402208",1,4,1,2011.0,5,2,4,-1,B01,2,0,2,4,15,5,3,60,-1.0,,2,1,0,1,1,1,0,1,80,adult
202100032407,25,6,2021,0 days 18:30:00,1,973,97311,2,1,1,3,Rue Jean-Claude Isaac,"5,4701752597"," -54,0339730807",1,1,1,1989.0,0,1,-1,-1,B01,0,0,2,1,16,5,4,,-1.0,,2,2,0,1,1,1,0,1,50,child
202100032407,25,6,2021,0 days 18:30:00,1,973,97311,2,1,1,3,Rue Jean-Claude Isaac,"5,4701752597"," -54,0339730807",1,4,1,2010.0,5,0,-1,-1,B01,0,0,2,1,16,5,4,,-1.0,,2,2,0,1,1,1,0,1,50,adult
202100032416,26,6,2021,0 days 17:15:00,1,38,38382,2,1,1,2,71 Avenue du General de Gaulle,"45,2357680000","5,6755010000",1,4,1,1960.0,5,2,-1,-1,C01,1,0,2,2,1,5,7,1075,-1.0,,1,1,1,1,1,1,0,1,50,child
202100032416,26,6,2021,0 days 17:15:00,1,38,38382,2,1,1,2,71 Avenue du General de Gaulle,"45,2357680000","5,6755010000",1,4,2,1969.0,5,1,-1,-1,C01,1,0,2,2,1,5,7,1075,-1.0,,1,1,1,1,1,1,0,1,50,adult
202100032416,26,6,2021,0 days 17:15:00,1,38,38382,2,1,1,2,71 Avenue du General de Gaulle,"45,2357680000","5,6755010000",1,4,1,1984.0,1,1,-1,-1,C01,1,0,2,2,1,5,7,1075,-1.0,,1,1,1,1,1,1,0,1,50,adult
202100032441,23,6,2021,0 days 08:00:00,1,974,97407,2,9,1,3,MONDON (AVENUE)," -20,9345000000","55,3008000000",2,4,2,1983.0,0,1,0,-1,A01,3,0,2,1,1,5,4,MONDON (AVENUE),0.0,,-1,2,3,1,1,1,9,5,50,child
202100032441,23,6,2021,0 days 08:00:00,1,974,97407,2,9,1,3,MONDON (AVENUE)," -20,9345000000","55,3008000000",1,4,1,2008.0,2,8,0,-1,A01,3,0,2,1,1,5,4,MONDON (AVENUE),0.0,,-1,2,3,1,1,1,9,5,50,adult
202100032456,24,6,2021,0 days 19:30:00,1,91,91471,2,1,1,3,GUY MOQUET (RUE),"48,7004200000","2,1917100000",1,1,1,1974.0,0,1,0,-1,B01,1,0,2,8,1,5,2,118,0.0,,2,2,1,1,3,1,3,1,50,child
202100032456,24,6,2021,0 days 19:30:00,1,91,91471,2,1,1,3,GUY MOQUET (RUE),"48,7004200000","2,1917100000",1,4,1,2002.0,5,8,0,-1,B01,1,0,2,8,1,5,2,118,0.0,,2,2,1,1,3,1,3,1,50,adult
202100032459,23,6,2021,0 days 18:05:00,1,91,91223,1,1,1,6,RUE DU LT COLONEL ARNAUD BELTRAME,"48,4470000000","2,1379500000",1,3,1,1943.0,5,2,0,-1,A01,0,0,1,1,2,5,4,RUE DU LT COLONEL ARNAUD BELTRAME,0.0,,2,2,1,2,2,1,0,3,70,child
202100032459,23,6,2021,0 days 18:05:00,1,91,91223,1,1,1,6,RUE DU LT COLONEL ARNAUD BELTRAME,"48,4470000000","2,1379500000",3,1,1,1991.0,0,0,-1,-1,A01,0,0,1,1,2,5,4,RUE DU LT COLONEL ARNAUD BELTRAME,0.0,,2,2,1,2,2,1,0,3,70,adult
202100032471,23,6,2021,0 days 17:15:00,1,67,67482,2,8,8,3,GENERAL DE GAULLE (AVENUE DU),"48,5773650000","7,7692260000",1,1,1,1975.0,4,1,8,-1,A01,1,2,4,1,19,5,4,GENERAL DE GAULLE (AVENUE DU),0.0,,2,6,1,1,1,1,4,6,50,child
202100032471,23,6,2021,0 days 17:15:00,1,67,67482,2,8,8,3,GENERAL DE GAULLE (AVENUE DU),"48,5773650000","7,7692260000",1,4,2,1997.0,0,8,0,-1,A01,1,2,4,1,19,5,4,GENERAL DE GAULLE (AVENUE DU),0.0,,2,6,1,1,1,1,4,6,50,adult
202100032481,23,6,2021,0 days 09:57:00,1,47,47001,2,2,1,3,COLMAR (AV. DE),"44,1940200000","0,6409000000",1,4,1,1947.0,0,8,0,-1,B01,1,0,2,8,9,6,4,COLMAR (AV. DE),0.0,,1,1,0,1,1,1,0,1,50,child
202100032481,23,6,2021,0 days 09:57:00,1,47,47001,2,2,1,3,COLMAR (AV. DE),"44,1940200000","0,6409000000",1,1,2,1970.0,1,1,0,-1,B01,1,0,2,8,9,6,4,COLMAR (AV. DE),0.0,,1,1,0,1,1,1,0,1,50,adult
202100032497,4,6,2021,0 days 16:55:00,1,22,22278,2,1,1,2,Robert Schuman (boulevard),"48,5114587550"," -2,7856349945",1,1,1,1967.0,1,1,0,-1,B01,2,0,2,6,19,5,3,712,0.0,,2,2,0,1,1,1,0,1,50,child
202100032497,4,6,2021,0 days 16:55:00,1,22,22278,2,1,1,2,Robert Schuman (boulevard),"48,5114587550"," -2,7856349945",1,4,1,1990.0,5,2,0,-1,B01,2,0,2,6,19,5,3,712,0.0,,2,2,0,1,1,1,0,1,50,adult
202100032499,24,6,2021,0 days 08:45:00,1,17,17333,2,6,1,3,JUIN (AVENUE MARECHAL),"45,6128510000"," -0,9911810000",1,1,1,1949.0,5,8,0,-1,B01,3,0,2,7,2,5,4,JUIN (AVENUE MARECHAL),0.0,,3,2,0,1,2,1,0,1,30,child
202100032499,24,6,2021,0 days 08:45:00,1,17,17333,2,6,1,3,JUIN (AVENUE MARECHAL),"45,6128510000"," -0,9911810000",1,4,1,2004.0,1,8,0,-1,B01,3,0,2,7,2,5,4,JUIN (AVENUE MARECHAL),0.0,,3,2,0,1,2,1,0,1,30,adult
202100032517,23,6,2021,0 days 08:15:00,1,75,75113,2,2,2,3,BOULEVARD KELLERMANN,"48,8191470000","2,3594910000",1,1,1,1960.0,5,2,0,-1,A01,1,0,2,2,17,5,4,BOULEVARD KELLERMANN,0.0,,3,2,1,2,3,2,0,5,30,child
202100032517,23,6,2021,0 days 08:15:00,1,75,75113,2,2,2,3,BOULEVARD KELLERMANN,"48,8191470000","2,3594910000",1,4,2,1994.0,1,2,0,-1,A01,1,0,2,2,17,5,4,BOULEVARD KELLERMANN,0.0,,3,2,1,2,3,2,0,5,30,adult
202100032519,23,6,2021,0 days 23:30:00,5,75,75111,2,2,1,3,AVENUE DE LA REPUBLIQUE,"48,8629650000","2,3871930000",1,4,2,1965.0,9,2,0,-1,B01,1,0,2,1,1,5,4,AVENUE DE LA REPUBLIQUE,0.0,,2,4,1,2,1,1,0,5,30,child
202100032519,23,6,2021,0 days 23:30:00,5,75,75111,2,2,1,3,AVENUE DE LA REPUBLIQUE,"48,8629650000","2,3871930000",1,1,1,2003.0,9,2,0,-1,B01,1,0,2,1,1,5,4,AVENUE DE LA REPUBLIQUE,0.0,,2,4,1,2,1,1,0,5,30,adult
202100032546,24,6,2021,0 days 13:50:00,1,26,26301,1,3,2,3,Route de Romans,"45,1196520000","4,9972720000",1,2,1,1959.0,5,2,6,-1,B01,1,3,0,0,1,5,3,53,0.0,,2,2,0,4,1,2,0,1,70,child
202100032546,24,6,2021,0 days 13:50:00,1,26,26301,1,3,2,3,Route de Romans,"45,1196520000","4,9972720000",1,1,1,1993.0,4,1,-1,-1,B01,1,3,0,0,1,5,3,53,0.0,,2,2,0,4,1,2,0,1,70,adult
202100032567,23,6,2021,0 days 10:15:00,1,01,01457,2,2,1,3,Rue des Erables,"46,2293200000","4,9928410000",1,1,2,1959.0,5,1,-1,-1,B01,3,0,2,2,9,5,4,,-1.0,,-1,2,0,1,1,1,0,1,-1,child
202100032567,23,6,2021,0 days 10:15:00,1,01,01457,2,2,1,3,Rue des Erables,"46,2293200000","4,9928410000",1,4,1,2008.0,2,0,-1,-1,B01,3,0,2,2,9,5,4,,-1.0,,-1,2,0,1,1,1,0,1,-1,adult
202100032637,23,6,2021,0 days 10:50:00,1,69,69387,2,2,1,2,JEAN JAURES                         (AV),"45,7473141509","4,8431666493",1,1,2,1945.0,0,8,-1,-1,A01,2,0,2,4,2,0,4,JEAN JAURES                         (AV),0.0,,2,4,3,1,1,1,0,1,50,child
202100032637,23,6,2021,0 days 10:50:00,1,69,69387,2,2,1,2,JEAN JAURES                         (AV),"45,7473141509","4,8431666493",1,4,1,1996.0,4,8,-1,-1,A01,2,0,2,4,2,0,4,JEAN JAURES                         (AV),0.0,,2,4,3,1,1,1,0,1,50,adult
202100032655,22,6,2021,0 days 15:15:00,1,72,72181,2,1,1,6,MAILLETS (RUE DES) IMP 37 A 159,"48,0162800000","0,2150300000",1,1,1,1973.0,0,1,0,-1,B01,1,0,2,8,2,5,4,MAILLETS (RUE DES) IMP 37 A 159,0.0,,3,2,2,2,1,1,0,1,50,child
202100032655,22,6,2021,0 days 15:15:00,1,72,72181,2,1,1,6,MAILLETS (RUE DES) IMP 37 A 159,"48,0162800000","0,2150300000",1,4,2,2005.0,0,8,0,-1,B01,1,0,2,8,2,5,4,MAILLETS (RUE DES) IMP 37 A 159,0.0,,3,2,2,2,1,1,0,1,50,adult
202100032703,22,6,2021,0 days 10:50:00,1,75,75113,2,1,1,2,RUE BRILLAT SAVARIN,"48,8221810000","2,3486920000",1,1,1,1957.0,5,1,0,-1,A01,2,0,2,1,1,5,4,RUE BRILLAT SAVARIN,0.0,,2,2,0,1,1,1,0,1,50,child
202100032703,22,6,2021,0 days 10:50:00,1,75,75113,2,1,1,2,RUE BRILLAT SAVARIN,"48,8221810000","2,3486920000",1,4,1,1997.0,1,8,0,-1,A01,2,0,2,1,1,5,4,RUE BRILLAT SAVARIN,0.0,,2,2,0,1,1,1,0,1,50,adult
202100032749,23,6,2021,0 days 11:00:00,1,63,63229,1,2,1,3,Vassel (route de),"45,7771620000","3,3504220000",1,3,1,1966.0,5,2,-1,-1,B01,2,0,2,1,0,5,3,10,0.0,D,2,2,0,1,1,1,0,1,80,child
202100032749,23,6,2021,0 days 11:00:00,1,63,63229,1,2,1,3,Vassel (route de),"45,7771620000","3,3504220000",1,1,1,1997.0,0,1,-1,-1,B01,2,0,2,1,0,5,3,10,0.0,D,2,2,0,1,1,1,0,1,80,adult
202100032756,23,6,2021,0 days 10:00:00,1,25,25015,1,1,1,2,plaine d'AMANCEY,"47,0356630000","6,0750100000",1,3,1,1953.0,5,2,-1,-1,B01,1,0,2,4,1,5,3,32,0.0,D,2,2,0,1,1,1,0,1,80,child
202100032756,23,6,2021,0 days 10:00:00,1,25,25015,1,1,1,2,plaine d'AMANCEY,"47,0356630000","6,0750100000",1,1,1,1994.0,4,1,-1,-1,B01,1,0,2,4,1,5,3,32,0.0,D,2,2,0,1,1,1,0,1,80,adult
202100032844,16,6,2021,0 days 17:59:00,1,68,68066,2,3,1,3,ST PIERRE (BOULEVARD),"48,0726500000","7,3571800000",1,1,1,1976.0,0,1,0,-1,B01,1,0,2,1,1,5,4,ST PIERRE (BOULEVARD),0.0,,1,2,1,1,1,1,0,5,30,child
202100032844,16,6,2021,0 days 17:59:00,1,68,68066,2,3,1,3,ST PIERRE (BOULEVARD),"48,0726500000","7,3571800000",1,4,2,2006.0,0,8,0,-1,B01,1,0,2,1,1,5,4,ST PIERRE (BOULEVARD),0.0,,1,2,1,1,1,1,0,5,30,adult
202100032844,16,6,2021,0 days 17:59:00,1,68,68066,2,3,1,3,ST PIERRE (BOULEVARD),"48,0726500000","7,3571800000",2,1,2,2009.0,0,8,0,-1,B01,1,0,2,1,1,5,4,ST PIERRE (BOULEVARD),0.0,,1,2,1,1,1,1,0,5,30,adult
202100032845,16,6,2021,0 days 10:15:00,1,68,68066,2,1,1,3,4IEME BATAILLON DU CHASSEURS A PIED,"48,0819500000","7,3550600000",1,4,1,1939.0,0,8,0,-1,B01,1,0,2,2,1,5,3,4IEME BATAILLON DU CHASSEURS A PIED,0.0,,2,2,0,1,1,1,0,1,30,child
202100032845,16,6,2021,0 days 10:15:00,1,68,68066,2,1,1,3,4IEME BATAILLON DU CHASSEURS A PIED,"48,0819500000","7,3550600000",1,1,2,1968.0,0,1,0,-1,B01,1,0,2,2,1,5,3,4IEME BATAILLON DU CHASSEURS A PIED,0.0,,2,2,0,1,1,1,0,1,30,adult
202100032855,22,6,2021,0 days 08:20:00,1,64,64445,2,1,1,3,TRESPOEY DE,"43,2990100000"," -0,3552100000",1,1,1,1964.0,5,1,8,-1,B01,1,0,2,8,1,0,4,TRESPOEY DE,0.0,,2,2,0,1,1,1,0,5,50,child
202100032855,22,6,2021,0 days 08:20:00,1,64,64445,2,1,1,3,TRESPOEY DE,"43,2990100000"," -0,3552100000",1,4,1,1988.0,5,8,8,-1,B01,1,0,2,8,1,0,4,TRESPOEY DE,0.0,,2,2,0,1,1,1,0,5,50,adult
202100032868,21,6,2021,0 days 14:22:00,1,54,54526,2,2,1,3,MILLENAIRE (BOULEVARD DU),"48,6815000000","6,2160000000",1,1,1,1959.0,0,1,0,-1,A01,1,0,2,8,1,5,7,MILLENAIRE (BOULEVARD DU),0.0,,2,5,0,1,1,1,0,1,70,child
202100032868,21,6,2021,0 days 14:22:00,1,54,54526,2,2,1,3,MILLENAIRE (BOULEVARD DU),"48,6815000000","6,2160000000",2,1,2,1989.0,0,1,0,-1,A01,1,0,2,8,1,5,7,MILLENAIRE (BOULEVARD DU),0.0,,2,5,0,1,1,1,0,1,70,adult
202100032868,21,6,2021,0 days 14:22:00,1,54,54526,2,2,1,3,MILLENAIRE (BOULEVARD DU),"48,6815000000","6,2160000000",1,3,2,1998.0,0,2,0,-1,A01,1,0,2,8,1,5,7,MILLENAIRE (BOULEVARD DU),0.0,,2,5,0,1,1,1,0,1,70,adult
202100032870,21,6,2021,0 days 08:45:00,1,54,54395,2,1,1,3,STRASBOURG (AVENUE DE),"48,6789398145","6,1971477047",1,1,1,1957.0,1,1,0,-1,B01,1,0,2,2,1,5,7,STRASBOURG (AVENUE DE),0.0,,2,5,2,1,1,1,-1,1,50,child
202100032870,21,6,2021,0 days 08:45:00,1,54,54395,2,1,1,3,STRASBOURG (AVENUE DE),"48,6789398145","6,1971477047",1,4,1,1988.0,1,2,0,-1,B01,1,0,2,2,1,5,7,STRASBOURG (AVENUE DE),0.0,,2,5,2,1,1,1,-1,1,50,adult
202100032889,22,6,2021,0 days 06:50:00,1,25,25056,2,6,2,3,LAFAYETTE RUE,"47,2172000000","5,9677200000",1,1,2,1960.0,1,1,0,-1,B01,1,0,2,5,1,5,4,LAFAYETTE RUE,0.0,,2,2,0,1,2,2,0,1,50,child
202100032889,22,6,2021,0 days 06:50:00,1,25,25056,2,6,2,3,LAFAYETTE RUE,"47,2172000000","5,9677200000",1,4,1,1981.0,1,2,0,-1,B01,1,0,2,5,1,5,4,LAFAYETTE RUE,0.0,,2,2,0,1,2,2,0,1,50,adult
202100032912,16,6,2021,0 days 12:10:00,1,75,75104,2,3,1,3,BOULEVARD HENRI IV,"48,8511640000","2,3625070000",1,4,1,1980.0,1,2,6,-1,A01,2,0,2,2,1,5,4,BOULEVARD HENRI IV,0.0,,2,3,1,1,1,1,0,5,50,child
202100032912,16,6,2021,0 days 12:10:00,1,75,75104,2,3,1,3,BOULEVARD HENRI IV,"48,8511640000","2,3625070000",1,4,1,2002.0,9,2,0,-1,A01,2,0,2,2,1,5,4,BOULEVARD HENRI IV,0.0,,2,3,1,1,1,1,0,5,50,adult
202100033007,21,6,2021,0 days 11:50:00,1,974,97411,1,3,1,3,DOMENJOD (ROUTE DE)," -20,9121600000","55,5023500000",1,1,1,1969.0,1,1,0,-1,B01,3,0,2,0,0,0,4,DOMENJOD (ROUTE DE),0.0,,2,1,0,2,1,1,5,1,50,child
202100033007,21,6,2021,0 days 11:50:00,1,974,97411,1,3,1,3,DOMENJOD (ROUTE DE)," -20,9121600000","55,5023500000",1,4,1,2004.0,5,2,8,-1,B01,3,0,2,0,0,0,4,DOMENJOD (ROUTE DE),0.0,,2,1,0,2,1,1,5,1,50,adult
202100033024,12,6,2021,0 days 11:50:00,1,83,83123,2,1,1,3,Quai Charles de Gaulle,"43,1177200000","5,8008800000",1,4,1,1960.0,0,2,8,-1,B01,2,0,2,8,1,5,3,TOULON (ANCIEN CHEMIN DE),0.0,,2,2,0,1,1,1,0,1,50,child
202100033024,12,6,2021,0 days 11:50:00,1,83,83123,2,1,1,3,Quai Charles de Gaulle,"43,1177200000","5,8008800000",1,1,1,1988.0,4,1,8,-1,B01,2,0,2,8,1,5,3,TOULON (ANCIEN CHEMIN DE),0.0,,2,2,0,1,1,1,0,1,50,adult
202100033079,20,6,2021,0 days 21:15:00,1,75,75119,2,3,1,1,QUAI DE LA GIRONDE,"48,8924890000","2,3855530000",1,1,1,1967.0,4,1,0,-1,A01,2,0,2,1,5,5,4,QUAI DE LA GIRONDE,0.0,,1,1,1,1,2,2,0,1,30,child