Num_Acc,jour,mois,an,hrmn,lum,dep,com,agg,int,atm,col,adr,lat,long,catu,grav,sexe,an_nais,trajet,secu1,secu2,secu3,num_veh_y,senc,obs,obsm,choc,manv,motor,catr,voie,v1,v2,circ,nbv,vosp,prof,plan,surf,infra,situ,vma,age
202100033079,20,6,2021,0 days 21:15:00,1,75,75119,2,3,1,1,QUAI DE LA GIRONDE,"48,8924890000","2,3855530000",1,4,2,1993.0,5,2,0,-1,A01,2,0,2,1,5,5,4,QUAI DE LA GIRONDE,0.0,,1,1,1,1,2,2,0,1,30,adult
202100033193,20,6,2021,0 days 17:05:00,1,35,35238,2,1,1,3,VILLEBOIS MAREUIL (BD),"48,1044000000"," -1,6501600000",1,1,2,1940.0,5,1,-1,-1,B01,0,0,2,0,0,5,4,VILLEBOIS MAREUIL (BD),0.0,,2,2,2,1,1,1,0,5,50,child
202100033193,20,6,2021,0 days 17:05:00,1,35,35238,2,1,1,3,VILLEBOIS MAREUIL (BD),"48,1044000000"," -1,6501600000",1,4,1,1996.0,5,2,-1,-1,B01,0,0,2,0,0,5,4,VILLEBOIS MAREUIL (BD),0.0,,2,2,2,1,1,1,0,5,50,adult
202100033212,19,6,2021,0 days 12:35:00,1,75,75116,2,5,1,6,RUE JEAN DE LA FONTAINE,"48,8489920000","2,2662610000",3,4,2,1968.0,5,0,-1,-1,A01,1,0,1,1,5,5,4,RUE JEAN DE LA FONTAINE,0.0,,2,2,0,1,1,2,8,1,50,child
202100033212,19,6,2021,0 days 12:35:00,1,75,75116,2,5,1,6,RUE JEAN DE LA FONTAINE,"48,8489920000","2,2662610000",1,4,1,1999.0,4,2,0,-1,A01,1,0,1,1,5,5,4,RUE JEAN DE LA FONTAINE,0.0,,2,2,0,1,1,2,8,1,50,adult
202100033277,16,6,2021,0 days 10:23:00,1,38,38540,2,1,1,3,D1532,"45,2682180000","5,6203570000",1,4,1,1952.0,5,2,-1,-1,B01,3,0,2,3,19,5,7,1532,0.0,D,4,3,0,1,1,1,5,1,50,child
202100033277,16,6,2021,0 days 10:23:00,1,38,38540,2,1,1,3,D1532,"45,2682180000","5,6203570000",1,1,1,1994.0,4,1,-1,-1,B01,3,0,2,3,19,5,7,1532,0.0,D,4,3,0,1,1,1,5,1,50,adult
202100033335,14,6,2021,0 days 18:15:00,1,59,59299,2,2,1,3,GUESDE (RUE JULES),"50,6576600000","3,1925070000",1,1,1,1979.0,0,1,0,-1,A01,0,0,2,8,1,5,7,GUESDE (RUE JULES),0.0,,2,2,1,1,1,1,0,1,50,child
202100033335,14,6,2021,0 days 18:15:00,1,59,59299,2,2,1,3,GUESDE (RUE JULES),"50,6576600000","3,1925070000",1,3,1,2009.0,0,8,0,-1,A01,0,0,2,8,1,5,7,GUESDE (RUE JULES),0.0,,2,2,1,1,1,1,0,1,50,adult
202100033342,14,6,2021,0 days 12:35:00,1,44,44109,2,1,1,3,BOULEVARD JEAN PHILIPPOT,"47,2119400000"," -1,5553200000",1,1,1,1965.0,0,2,8,-1,B01,3,0,2,8,15,5,4,BOULEVARD JEAN PHILIPPOT,0.0,,2,2,2,1,1,1,0,1,30,child
202100033342,14,6,2021,0 days 12:35:00,1,44,44109,2,1,1,3,BOULEVARD JEAN PHILIPPOT,"47,2119400000"," -1,5553200000",1,4,1,1990.0,0,8,0,-1,B01,3,0,2,8,15,5,4,BOULEVARD JEAN PHILIPPOT,0.0,,2,2,2,1,1,1,0,1,30,adult
202100033376,18,6,2021,0 days 12:40:00,1,69,69383,2,2,1,3,VERLET HANUS (R),"45,7579100000","4,8494300000",1,1,1,1970.0,0,8,-1,-1,A01,3,0,2,2,19,5,4,VERLET HANUS                        (R ),0.0,,1,1,0,1,1,1,0,1,50,child
202100033376,18,6,2021,0 days 12:40:00,1,69,69383,2,2,1,3,VERLET HANUS (R),"45,7579100000","4,8494300000",1,4,1,1992.0,0,8,0,-1,A01,3,0,2,2,19,5,4,VERLET HANUS                        (R ),0.0,,1,1,0,1,1,1,0,1,50,adult
202100033383,16,6,2021,0 days 19:00:00,1,69,69384,2,2,1,1,AIME BOUSSANGE (R),"45,7754700000","4,8347500000",1,1,2,1949.0,5,1,-1,-1,B01,2,0,2,8,1,5,4,AIME BOUSSANGE                      (R ),0.0,,2,2,1,2,1,1,0,1,30,child
202100033383,16,6,2021,0 days 19:00:00,1,69,69384,2,2,1,1,AIME BOUSSANGE (R),"45,7754700000","4,8347500000",1,1,2,1992.0,5,8,-1,-1,B01,2,0,2,8,1,5,4,AIME BOUSSANGE                      (R ),0.0,,2,2,1,2,1,1,0,1,30,adult
202100033383,16,6,2021,0 days 19:00:00,1,69,69384,2,2,1,1,AIME BOUSSANGE (R),"45,7754700000","4,8347500000",2,4,1,2017.0,5,2,-1,-1,B01,2,0,2,8,1,5,4,AIME BOUSSANGE                      (R ),0.0,,2,2,1,2,1,1,0,1,30,adult
202100033423,18,6,2021,0 days 12:40:00,1,75,75118,2,4,1,3,RUE DE LA CHAPELLE,"48,8908490000","2,3599210000",1,1,1,1981.0,9,2,0,-1,A01,1,0,2,8,8,5,4,RUE DE LA CHAPELLE,0.0,,2,4,3,1,1,1,0,6,50,child
202100033423,18,6,2021,0 days 12:40:00,1,75,75118,2,4,1,3,RUE DE LA CHAPELLE,"48,8908490000","2,3599210000",1,4,2,2005.0,9,2,0,-1,A01,1,0,2,8,8,5,4,RUE DE LA CHAPELLE,0.0,,2,4,3,1,1,1,0,6,50,adult
202100033436,19,6,2021,0 days 17:00:00,1,94,94071,2,4,1,3,Rue Albert Dru,"48,7626260000","2,5198400000",1,1,1,1966.0,1,1,0,-1,B01,1,0,2,1,1,5,4,ALBERT DRU (R),0.0,,2,2,0,2,1,1,0,1,50,child
202100033436,19,6,2021,0 days 17:00:00,1,94,94071,2,4,1,3,Rue Albert Dru,"48,7626260000","2,5198400000",1,4,1,1997.0,5,2,0,-1,B01,1,0,2,1,1,5,4,ALBERT DRU (R),0.0,,2,2,0,2,1,1,0,1,50,adult
202100033503,18,6,2021,0 days 17:25:00,1,31,31291,2,1,1,6,Avenue Carreli,"43,6063130000","1,2311550000",1,1,1,1958.0,5,8,-1,-1,A01,3,0,1,1,1,5,4,,0.0,,2,1,0,1,1,1,0,1,50,child
202100033503,18,6,2021,0 days 17:25:00,1,31,31291,2,1,1,6,Avenue Carreli,"43,6063130000","1,2311550000",3,4,2,2009.0,2,0,-1,-1,A01,3,0,1,1,1,5,4,,0.0,,2,1,0,1,1,1,0,1,50,adult
202100033561,18,6,2021,0 days 15:35:00,1,64,64545,2,3,1,1,RUE MUNHOA,"43,3459800000"," -1,6932500000",1,1,1,1966.0,0,1,0,-1,A01,0,0,2,3,15,5,4,RUE MUNHOA,0.0,,2,2,0,1,1,1,0,1,30,child
202100033561,18,6,2021,0 days 15:35:00,1,64,64545,2,3,1,1,RUE MUNHOA,"43,3459800000"," -1,6932500000",1,4,1,2006.0,0,8,0,-1,A01,0,0,2,3,15,5,4,RUE MUNHOA,0.0,,2,2,0,1,1,1,0,1,30,adult
202100033599,14,6,2021,0 days 14:45:00,1,34,34032,2,6,1,3,NOGUERES HENRI (RD POINT),"43,3533917661","3,2250532508",1,1,1,1934.0,3,1,0,-1,B01,3,0,2,2,1,5,4,NOGUERES HENRI (RD POINT),0.0,,1,2,0,1,2,1,0,1,50,child
202100033599,14,6,2021,0 days 14:45:00,1,34,34032,2,6,1,3,NOGUERES HENRI (RD POINT),"43,3533917661","3,2250532508",1,3,1,1999.0,3,8,0,-1,B01,3,0,2,2,1,5,4,NOGUERES HENRI (RD POINT),0.0,,1,2,0,1,2,1,0,1,50,adult
202100033613,18,6,2021,0 days 16:30:00,1,21,21231,2,4,1,3,3 Rue d’York,"47,3309957674","5,0590911054",1,3,1,1972.0,2,2,6,-1,A01,2,0,2,8,15,5,4,ARAGO (RUE),0.0,,2,2,0,2,1,1,0,1,50,child
202100033613,18,6,2021,0 days 16:30:00,1,21,21231,2,4,1,3,3 Rue d’York,"47,3309957674","5,0590911054",1,3,1,1980.0,0,2,0,-1,A01,2,0,2,8,15,5,4,ARAGO (RUE),0.0,,2,2,0,2,1,1,0,1,50,adult
202100033613,18,6,2021,0 days 16:30:00,1,21,21231,2,4,1,3,3 Rue d’York,"47,3309957674","5,0590911054",2,3,1,2017.0,0,2,3,-1,A01,2,0,2,8,15,5,4,ARAGO (RUE),0.0,,2,2,0,2,1,1,0,1,50,adult
202100033654,14,6,2021,0 days 13:35:00,1,94,94041,2,1,1,2,MICHELET (R),"48,8077900000","2,3773300000",1,4,1,1948.0,0,8,0,-1,B01,2,0,2,1,15,5,4,MICHELET (R),0.0,,2,-1,0,1,1,1,0,1,50,child
202100033654,14,6,2021,0 days 13:35:00,1,94,94041,2,1,1,2,MICHELET (R),"48,8077900000","2,3773300000",1,1,2,1990.0,1,1,0,-1,B01,2,0,2,1,15,5,4,MICHELET (R),0.0,,2,-1,0,1,1,1,0,1,50,adult
202100033741,19,6,2021,0 days 10:25:00,1,83,83146,2,9,1,6,quartier sous ville,"43,6363450000","5,9363480000",3,2,2,1936.0,3,0,-1,-1,A01,1,0,1,2,1,5,3,554,-1.0,,2,2,0,1,1,1,0,1,30,child
202100033741,19,6,2021,0 days 10:25:00,1,83,83146,2,9,1,6,quartier sous ville,"43,6363450000","5,9363480000",1,1,1,1985.0,5,2,-1,-1,A01,1,0,1,2,1,5,3,554,-1.0,,2,2,0,1,1,1,0,1,30,adult
202100033805,17,6,2021,0 days 09:45:00,1,69,69290,2,2,7,3,GARIBALDI (R),"45,6851000000","4,9456500000",1,1,1,1937.0,0,1,-1,-1,B01,1,0,2,8,1,5,4,ROSES (DES)                         (BD),0.0,,2,2,0,1,1,1,0,1,50,child
202100033805,17,6,2021,0 days 09:45:00,1,69,69290,2,2,7,3,GARIBALDI (R),"45,6851000000","4,9456500000",1,4,1,1993.0,4,2,4,-1,B01,1,0,2,8,1,5,4,ROSES (DES)                         (BD),0.0,,2,2,0,1,1,1,0,1,50,adult
202100033828,16,6,2021,0 days 16:05:00,1,45,45302,2,6,1,1,Giratoire Gérondeau,"47,9572822014","1,8906118870",1,4,1,1963.0,3,8,0,-1,B01,1,0,2,3,19,5,7,LANGEVIN (RUE PAUL),0.0,,1,2,1,1,3,1,0,1,50,child
202100033828,16,6,2021,0 days 16:05:00,1,45,45302,2,6,1,1,Giratoire Gérondeau,"47,9572822014","1,8906118870",1,1,2,1993.0,5,1,0,-1,B01,1,0,2,3,19,5,7,LANGEVIN (RUE PAUL),0.0,,1,2,1,1,3,1,0,1,50,adult
202100033875,17,6,2021,0 days 18:15:00,1,75,75119,2,1,1,3,RUE D HAUTPOUL,"48,8822200000","2,3882390000",1,1,1,1958.0,5,1,0,-1,B01,1,0,2,1,5,5,4,RUE D HAUTPOUL,0.0,,1,1,0,2,1,1,0,1,50,child
202100033875,17,6,2021,0 days 18:15:00,1,75,75119,2,1,1,3,RUE D HAUTPOUL,"48,8822200000","2,3882390000",1,4,1,1985.0,5,2,0,-1,B01,1,0,2,1,5,5,4,RUE D HAUTPOUL,0.0,,1,1,0,2,1,1,0,1,50,adult
202100033961,14,6,2021,0 days 17:25:00,1,67,67194,2,3,7,3,rue haute vienne,"48,7343400000","7,9107030000",1,3,2,1947.0,5,0,-1,-1,B01,0,0,2,1,1,5,3,468,0.0,D,2,2,2,1,4,1,0,5,50,child
202100033961,14,6,2021,0 days 17:25:00,1,67,67194,2,3,7,3,rue haute vienne,"48,7343400000","7,9107030000",1,1,2,1981.0,0,1,4,-1,B01,0,0,2,1,1,5,3,468,0.0,D,2,2,2,1,4,1,0,5,50,adult
202100033962,16,6,2021,0 days 07:03:00,1,67,67378,2,3,1,3,Rue de la Retraite,"48,4715520000","7,7231100000",1,3,1,1939.0,5,0,-1,-1,A01,0,0,2,1,15,5,4,,-1.0,,2,2,0,1,1,1,0,1,-1,child
202100033962,16,6,2021,0 days 07:03:00,1,67,67378,2,3,1,3,Rue de la Retraite,"48,4715520000","7,7231100000",1,1,2,1993.0,1,1,-1,-1,A01,0,0,2,1,15,5,4,,-1.0,,2,2,0,1,1,1,0,1,-1,adult
202100033997,14,6,2021,0 days 12:30:00,1,75,75116,2,1,1,2,ROUTE DES TRIBUNES,"48,8604940000","2,2297510000",1,2,1,1963.0,5,2,0,-1,B01,3,0,2,1,1,5,4,ROUTE DES TRIBUNES,0.0,,2,3,2,1,3,1,0,1,30,child
202100033997,14,6,2021,0 days 12:30:00,1,75,75116,2,1,1,2,ROUTE DES TRIBUNES,"48,8604940000","2,2297510000",1,1,1,1984.0,4,1,0,-1,B01,3,0,2,1,1,5,4,ROUTE DES TRIBUNES,0.0,,2,3,2,1,3,1,0,1,30,adult
202100034014,16,6,2021,0 days 11:30:00,1,69,69386,2,2,1,2,MONTGOLFIER (R),"45,7719900000","4,8499300000",1,1,1,1943.0,5,1,-1,-1,B01,2,0,2,4,1,5,4,MONTGOLFIER                         (R ),0.0,,1,1,2,1,1,1,0,1,50,child
202100034014,16,6,2021,0 days 11:30:00,1,69,69386,2,2,1,2,MONTGOLFIER (R),"45,7719900000","4,8499300000",1,4,2,1975.0,5,8,-1,-1,B01,2,0,2,4,1,5,4,MONTGOLFIER                         (R ),0.0,,1,1,2,1,1,1,0,1,50,adult
202100034029,12,6,2021,0 days 12:10:00,1,78,78640,2,1,1,3,LOUIS BREGUET (AVENUE),"48,7803500000","2,1898300000",1,4,1,1972.0,0,2,0,-1,B01,3,0,0,0,0,5,4,LOUIS BREGUET (AVENUE),0.0,,1,2,0,1,1,1,0,1,50,child
202100034029,12,6,2021,0 days 12:10:00,1,78,78640,2,1,1,3,LOUIS BREGUET (AVENUE),"48,7803500000","2,1898300000",1,1,2,1997.0,1,1,0,-1,B01,3,0,0,0,0,5,4,LOUIS BREGUET (AVENUE),0.0,,1,2,0,1,1,1,0,1,50,adult
202100034035,15,6,2021,0 days 18:45:00,1,72,72181,2,1,1,3,GAMBETTA (RUE) N° IMP 63 A 147,"48,0072400000","0,1892200000",1,1,2,1946.0,0,1,0,-1,A01,1,0,2,8,2,5,4,GAMBETTA (RUE) N° IMP 63 A 147,0.0,,1,0,0,1,3,1,0,1,50,child
202100034035,15,6,2021,0 days 18:45:00,1,72,72181,2,1,1,3,GAMBETTA (RUE) N° IMP 63 A 147,"48,0072400000","0,1892200000",1,4,1,1994.0,0,8,0,-1,A01,1,0,2,8,2,5,4,GAMBETTA (RUE) N° IMP 63 A 147,0.0,,1,0,0,1,3,1,0,1,50,adult
202100034050,16,6,2021,0 days 14:55:00,1,59,59350,2,6,1,3,FEBVRIER JACQUES PLACE,"50,6178500000","3,0611100000",1,1,1,1963.0,4,1,0,-1,B01,1,0,0,6,2,5,4,FEBVRIER JACQUES PLACE,0.0,,2,2,0,1,3,1,0,1,30,child
202100034050,16,6,2021,0 days 14:55:00,1,59,59350,2,6,1,3,FEBVRIER JACQUES PLACE,"50,6178500000","3,0611100000",2,1,1,1981.0,0,1,0,-1,B01,1,0,0,6,2,5,4,FEBVRIER JACQUES PLACE,0.0,,2,2,0,1,3,1,0,1,30,adult
202100034050,16,6,2021,0 days 14:55:00,1,59,59350,2,6,1,3,FEBVRIER JACQUES PLACE,"50,6178500000","3,0611100000",1,4,1,1986.0,0,0,0,-1,B01,1,0,0,6,2,5,4,FEBVRIER JACQUES PLACE,0.0,,2,2,0,1,3,1,0,1,30,adult
202100034051,10,6,2021,0 days 13:50:00,1,53,53201,1,1,1,2,Avenue Pierre de Coubertin,"48,0790970000"," -0,8202820000",1,3,1,1949.0,5,2,8,-1,B01,1,0,2,4,19,5,4,RD 900 VERS RENNES,0.0,,2,2,0,1,3,1,0,1,50,child
202100034051,10,6,2021,0 days 13:50:00,1,53,53201,1,1,1,2,Avenue Pierre de Coubertin,"48,0790970000"," -0,8202820000",1,1,1,1999.0,1,1,8,-1,B01,1,0,2,4,19,5,4,RD 900 VERS RENNES,0.0,,2,2,0,1,3,1,0,1,50,adult
202100034076,15,6,2021,0 days 09:13:00,1,17,17300,2,2,7,3,DELMAS   AVENUE MAURICE,"46,1587900000"," -1,1594900000",1,1,2,1966.0,1,1,0,-1,B01,1,0,2,1,19,0,4,DELMAS   AVENUE MAURICE,0.0,,2,2,1,1,1,1,5,1,30,child
202100034076,15,6,2021,0 days 09:13:00,1,17,17300,2,2,7,3,DELMAS   AVENUE MAURICE,"46,1587900000"," -1,1594900000",1,4,2,1997.0,1,2,8,-1,B01,1,0,2,1,19,0,4,DELMAS   AVENUE MAURICE,0.0,,2,2,1,1,1,1,5,1,30,adult
202100034077,16,6,2021,0 days 15:15:00,1,14,14437,2,6,1,3,D675,"49,1709500000"," -0,3090140000",1,1,1,1934.0,5,1,-1,-1,A01,1,0,2,1,1,5,3,EMILE ZOLA (RUE),0.0,,-1,2,0,1,2,1,5,1,50,child
202100034077,16,6,2021,0 days 15:15:00,1,14,14437,2,6,1,3,D675,"49,1709500000"," -0,3090140000",1,4,2,1997.0,5,0,-1,-1,A01,1,0,2,1,1,5,3,EMILE ZOLA (RUE),0.0,,-1,2,0,1,2,1,5,1,50,adult
202100034087,8,6,2021,0 days 14:51:00,1,02,02722,2,6,1,2,GAMBETTA ( BOULEVARD ),"49,3764500000","3,3297000000",1,2,1,1959.0,5,2,8,-1,B01,3,0,2,4,16,5,4,GAMBETTA ( BOULEVARD ),0.0,,2,2,1,1,1,1,0,1,50,child
202100034087,8,6,2021,0 days 14:51:00,1,02,02722,2,6,1,2,GAMBETTA ( BOULEVARD ),"49,3764500000","3,3297000000",1,1,1,1981.0,1,1,8,-1,B01,3,0,2,4,16,5,4,GAMBETTA ( BOULEVARD ),0.0,,2,2,1,1,1,1,0,1,50,adult
202100034093,16,6,2021,0 days 12:20:00,1,75,75116,2,1,1,3,RUE DE LONGCHAMP,"48,8680240000","2,2758580000",1,4,1,1957.0,5,2,0,-1,A01,1,0,2,8,1,5,4,RUE DE LONGCHAMP,0.0,,2,2,0,1,1,1,0,1,50,child
202100034093,16,6,2021,0 days 12:20:00,1,75,75116,2,1,1,3,RUE DE LONGCHAMP,"48,8680240000","2,2758580000",1,1,1,1979.0,9,1,0,-1,A01,1,0,2,8,1,5,4,RUE DE LONGCHAMP,0.0,,2,2,0,1,1,1,0,1,50,adult
202100034103,16,6,2021,0 days 09:46:00,1,75,75110,2,1,1,3,QUAI DE VALMY,"48,8758860000","2,3638480000",1,4,1,1955.0,9,2,0,-1,B01,2,0,2,8,1,5,4,QUAI DE VALMY,0.0,,1,1,0,2,1,1,0,1,50,child
202100034103,16,6,2021,0 days 09:46:00,1,75,75110,2,1,1,3,QUAI DE VALMY,"48,8758860000","2,3638480000",1,4,1,1979.0,9,2,0,-1,B01,2,0,2,8,1,5,4,QUAI DE VALMY,0.0,,1,1,0,2,1,1,0,1,50,adult
202100034108,16,6,2021,0 days 12:00:00,1,75,75107,2,1,1,3,RUE DUVIVIER,"48,8575580000","2,3066730000",1,1,2,1969.0,5,2,6,-1,B01,1,0,2,7,1,5,4,RUE DUVIVIER,0.0,,2,2,0,1,1,1,0,1,30,child
202100034108,16,6,2021,0 days 12:00:00,1,75,75107,2,1,1,3,RUE DUVIVIER,"48,8575580000","2,3066730000",1,4,1,1999.0,9,2,0,-1,B01,1,0,2,7,1,5,4,RUE DUVIVIER,0.0,,2,2,0,1,1,1,0,1,30,adult
202100034115,6,6,2021,0 days 17:00:00,1,94,94033,2,2,1,2,Avenue Louison Bobet,"48,8525740000","2,4907850000",2,1,1,1959.0,0,1,0,-1,B01,2,0,2,4,0,5,3,LOUISON BOBET (AV),0.0,,-1,2,0,1,1,1,0,1,30,child
202100034115,6,6,2021,0 days 17:00:00,1,94,94033,2,2,1,2,Avenue Louison Bobet,"48,8525740000","2,4907850000",1,4,1,1966.0,4,8,4,-1,B01,2,0,2,4,0,5,3,LOUISON BOBET (AV),0.0,,-1,2,0,1,1,1,0,1,30,adult
202100034115,6,6,2021,0 days 17:00:00,1,94,94033,2,2,1,2,Avenue Louison Bobet,"48,8525740000","2,4907850000",1,1,1,2000.0,0,1,0,-1,B01,2,0,2,4,0,5,3,LOUISON BOBET (AV),0.0,,-1,2,0,1,1,1,0,1,30,adult
202100034130,13,6,2021,0 days 13:15:00,1,92,92040,2,2,1,3,PONCEAU (DU),"48,8206293711","2,2469602525",2,1,1,1955.0,0,1,0,-1,A01,2,0,2,1,1,5,3,7,0.0,,1,1,0,1,1,1,0,1,50,child
202100034130,13,6,2021,0 days 13:15:00,1,92,92040,2,2,1,3,PONCEAU (DU),"48,8206293711","2,2469602525",1,1,2,1990.0,0,1,0,-1,A01,2,0,2,1,1,5,3,7,0.0,,1,1,0,1,1,1,0,1,50,adult
202100034130,13,6,2021,0 days 13:15:00,1,92,92040,2,2,1,3,PONCEAU (DU),"48,8206293711","2,2469602525",1,4,1,1995.0,0,2,8,-1,A01,2,0,2,1,1,5,3,7,0.0,,1,1,0,1,1,1,0,1,50,adult
202100034186,16,6,2021,0 days 16:15:00,1,44,44205,1,1,1,1,D23,"47,4362810000"," -1,4597260000",1,3,1,1943.0,3,0,-1,-1,B01,2,0,2,1,0,5,3,23,0.0,D,2,2,0,1,1,1,0,1,50,child
202100034186,16,6,2021,0 days 16:15:00,1,44,44205,1,1,1,1,D23,"47,4362810000"," -1,4597260000",1,1,1,1993.0,0,1,-1,-1,B01,2,0,2,1,0,5,3,23,0.0,D,2,2,0,1,1,1,0,1,50,adult
202100034221,15,6,2021,0 days 08:45:00,1,971,97101,2,6,1,3,ROUTE DES ABYMES,"16,2392606524"," -61,5238022804",1,4,1,1952.0,0,8,0,-1,B01,1,0,2,7,1,5,2,ROUTE DES ABYMES,0.0,,-1,2,0,1,1,1,9,1,50,child
202100034221,15,6,2021,0 days 08:45:00,1,971,97101,2,6,1,3,ROUTE DES ABYMES,"16,2392606524"," -61,5238022804",1,1,1,1988.0,0,1,8,-1,B01,1,0,2,7,1,5,2,ROUTE DES ABYMES,0.0,,-1,2,0,1,1,1,9,1,50,adult
202100034254,15,6,2021,0 days 09:20:00,1,61,61397,2,1,1,2,GENERAL LECLERC (RUE DU),"48,4230300000","0,0641100000",1,1,1,1982.0,0,1,-1,-1,B01,2,0,2,1,2,6,3,GENERAL LECLERC (RUE DU),0.0,,2,2,0,1,1,1,0,1,30,child
202100034254,15,6,2021,0 days 09:20:00,1,61,61397,2,1,1,2,GENERAL LECLERC (RUE DU),"48,4230300000","0,0641100000",1,4,1,2004.0,0,0,0,-1,B01,2,0,2,1,2,6,3,GENERAL LECLERC (RUE DU),0.0,,2,2,0,1,1,1,0,1,30,adult
202100034268,10,6,2021,0 days 17:25:00,1,41,41018,2,1,2,3,CAVALIER (RUE DU),"47,6022100000","1,3351800000",1,4,1,1969.0,0,2,0,-1,B01,3,0,2,8,1,5,4,CAVALIER (RUE DU),0.0,,2,2,0,1,2,2,0,1,50,child
202100034268,10,6,2021,0 days 17:25:00,1,41,41018,2,1,2,3,CAVALIER (RUE DU),"47,6022100000","1,3351800000",1,1,1,1996.0,1,1,8,-1,B01,3,0,2,8,1,5,4,CAVALIER (RUE DU),0.0,,2,2,0,1,2,2,0,1,50,adult
202100034272,15,6,2021,0 days 18:25:00,1,35,35238,2,3,1,3,STRASBOURG (BOULEVARD DE),"48,1116700000"," -1,6561200000",1,4,1,1968.0,0,0,-1,-1,B01,2,0,2,1,1,5,4,STRASBOURG (BOULEVARD DE),0.0,,2,2,2,2,1,1,0,1,50,child
202100034272,15,6,2021,0 days 18:25:00,1,35,35238,2,3,1,3,STRASBOURG (BOULEVARD DE),"48,1116700000"," -1,6561200000",1,1,1,1993.0,1,1,-1,-1,B01,2,0,2,1,1,5,4,STRASBOURG (BOULEVARD DE),0.0,,2,2,2,2,1,1,0,1,50,adult
202100034315,14,6,2021,0 days 14:15:00,1,94,94068,2,1,1,3,MOULIN (R DU),"48,7907400000","2,5065400000",1,1,1,1961.0,5,2,8,-1,B01,1,0,2,4,1,0,4,MOULIN (R DU),0.0,,1,1,0,1,1,1,0,1,30,child
202100034315,14,6,2021,0 days 14:15:00,1,94,94068,2,1,1,3,MOULIN (R DU),"48,7907400000","2,5065400000",1,4,2,1982.0,5,8,0,-1,B01,1,0,2,4,1,0,4,MOULIN (R DU),0.0,,1,1,0,1,1,1,0,1,30,adult
202100034334,14,6,2021,0 days 20:10:00,1,92,92023,2,1,1,1,CHAMPAGNE (RUE),"48,7860096890","2,2484676540",1,4,1,1959.0,0,1,0,-1,B01,2,0,2,1,1,5,4,CHAMPAGNE (RUE),0.0,,2,2,1,1,1,1,0,5,30,child
202100034334,14,6,2021,0 days 20:10:00,1,92,92023,2,1,1,1,CHAMPAGNE (RUE),"48,7860096890","2,2484676540",1,4,2,1998.0,9,2,0,-1,B01,2,0,2,1,1,5,4,CHAMPAGNE (RUE),0.0,,2,2,1,1,1,1,0,5,30,adult
202100034339,16,6,2021,0 days 15:45:00,1,52,52331,1,1,1,2,chemin de maurupt,"48,4964280000","4,7726370000",1,3,1,1945.0,5,2,-1,-1,B01,3,0,2,1,2,5,4,,-1.0,,2,1,0,1,2,1,0,1,50,child
202100034339,16,6,2021,0 days 15:45:00,1,52,52331,1,1,1,2,chemin de maurupt,"48,4964280000","4,7726370000",1,4,2,2007.0,5,2,-1,-1,B01,3,0,2,1,2,5,4,,-1.0,,2,1,0,1,2,1,0,1,50,adult
202100034381,15,6,2021,0 days 16:30:00,1,44,44213,1,9,1,3,pont de varades D 752 PR 002.000,"47,3699100000"," -1,0158760000",1,3,1,1958.0,5,0,-1,-1,B01,1,0,2,8,2,6,3,D 752,-1.0,,2,2,2,1,1,1,2,1,70,child
202100034381,15,6,2021,0 days 16:30:00,1,44,44213,1,9,1,3,pont de varades D 752 PR 002.000,"47,3699100000"," -1,0158760000",1,1,1,1999.0,4,1,-1,-1,B01,1,0,2,8,2,6,3,D 752,-1.0,,2,2,2,1,1,1,2,1,70,adult
202100034427,14,6,2021,0 days 12:00:00,1,75,75120,2,3,1,3,RUE DE MENILMONTANT,"48,8692010000","2,3919170000",1,1,1,1964.0,5,1,0,-1,A01,2,0,2,1,1,5,4,RUE DE MENILMONTANT,0.0,,2,2,3,2,1,1,0,1,50,child
202100034427,14,6,2021,0 days 12:00:00,1,75,75120,2,3,1,3,RUE DE MENILMONTANT,"48,8692010000","2,3919170000",1,4,2,1990.0,5,8,0,-1,A01,2,0,2,1,1,5,4,RUE DE MENILMONTANT,0.0,,2,2,3,2,1,1,0,1,50,adult
202100034458,15,6,2021,0 days 08:00:00,1,37,37193,1,1,7,3,112 Route de Bourgueil,"47,2809403228","0,2008770884",1,1,1,1946.0,9,8,-1,-1,B01,2,0,0,8,1,5,3,635,0.0,,2,2,0,1,1,1,0,1,70,child
202100034458,15,6,2021,0 days 08:00:00,1,37,37193,1,1,7,3,112 Route de Bourgueil,"47,2809403228","0,2008770884",1,4,1,1968.0,1,0,-1,-1,B01,2,0,0,8,1,5,3,635,0.0,,2,2,0,1,1,1,0,1,70,adult
202100034472,15,6,2021,0 days 08:00:00,1,89,89373,2,3,7,1,86 Grande Rue,"48,2131520000","3,3485070000",1,3,1,1947.0,5,2,-1,-1,B01,2,0,2,1,1,5,3,46,0.0,,2,2,0,1,1,1,9,1,30,child
202100034472,15,6,2021,0 days 08:00:00,1,89,89373,2,3,7,1,86 Grande Rue,"48,2131520000","3,3485070000",1,1,2,1990.0,9,1,-1,-1,B01,2,0,2,1,1,5,3,46,0.0,,2,2,0,1,1,1,9,1,30,adult