Num_Acc,jour,mois,an,hrmn,lum,dep,com,agg,int,atm,col,adr,lat,long,catu,grav,sexe,an_nais,trajet,secu1,secu2,secu3,num_veh_y,senc,obs,obsm,choc,manv,motor,catr,voie,v1,v2,circ,nbv,vosp,prof,plan,surf,infra,situ,vma,age
202100034473,13,6,2021,0 days 08:45:00,1,56,56078,1,3,7,7,Route de Keranna,"47,7954850000"," -3,4652850000",1,1,1,1945.0,5,1,-1,-1,B01,1,0,0,0,21,5,3,765,0.0,,2,2,0,4,1,1,5,1,70,child
202100034473,13,6,2021,0 days 08:45:00,1,56,56078,1,3,7,7,Route de Keranna,"47,7954850000"," -3,4652850000",1,4,1,1973.0,5,2,-1,-1,B01,1,0,0,0,21,5,3,765,0.0,,2,2,0,4,1,1,5,1,70,adult
202100034477,15,6,2021,0 days 10:45:00,1,71,71414,1,1,1,2,Route Saint-Ferréol,"47,0096588416","4,2952944362",1,4,1,1938.0,5,2,-1,-1,B01,2,0,2,6,1,5,3,980,-1.0,,2,2,0,1,1,1,0,1,80,child
202100034477,15,6,2021,0 days 10:45:00,1,71,71414,1,1,1,2,Route Saint-Ferréol,"47,0096588416","4,2952944362",1,1,2,1995.0,3,1,-1,-1,B01,2,0,2,6,1,5,3,980,-1.0,,2,2,0,1,1,1,0,1,80,adult
202100034524,14,6,2021,0 days 20:15:00,1,69,69211,2,9,1,3,D337,"46,1207808147","4,7376072407",1,3,1,1955.0,5,0,-1,-1,B01,0,0,2,8,19,5,3,337,-1.0,,-1,2,1,1,1,1,5,5,50,child
202100034524,14,6,2021,0 days 20:15:00,1,69,69211,2,9,1,3,D337,"46,1207808147","4,7376072407",1,1,2,1978.0,1,1,-1,-1,B01,0,0,2,8,19,5,3,337,-1.0,,-1,2,1,1,1,1,5,5,50,adult
202100034525,11,6,2021,0 days 15:50:00,1,69,69227,1,1,1,2,D2,"45,6279940000","4,5308090000",1,4,1,1959.0,5,2,-1,-1,B01,0,0,2,4,2,5,3,2,-1.0,,2,2,0,1,2,1,0,1,80,child
202100034525,11,6,2021,0 days 15:50:00,1,69,69227,1,1,1,2,D2,"45,6279940000","4,5308090000",1,1,1,1998.0,5,1,-1,-1,B01,0,0,2,4,2,5,3,2,-1.0,,2,2,0,1,2,1,0,1,80,adult
202100034564,13,6,2021,0 days 11:45:00,1,72,72181,2,3,1,3,VOLTAIRE (RUE) N° PAIRS 2 A 102,"48,0126100000","0,1897200000",1,4,1,1951.0,0,2,0,-1,B01,1,0,2,8,1,5,4,VOLTAIRE (RUE) N° PAIRS 2 A 102,0.0,,1,2,1,1,1,1,0,5,50,child
202100034564,13,6,2021,0 days 11:45:00,1,72,72181,2,3,1,3,VOLTAIRE (RUE) N° PAIRS 2 A 102,"48,0126100000","0,1897200000",1,1,1,2001.0,0,1,0,-1,B01,1,0,2,8,1,5,4,VOLTAIRE (RUE) N° PAIRS 2 A 102,0.0,,1,2,1,1,1,1,0,5,50,adult
202100034567,13,6,2021,0 days 17:35:00,1,69,69029,2,3,1,2,FERDINAND BUISSON (AV),"45,7386600000","4,9171600000",1,4,1,1970.0,5,0,-1,-1,B01,2,0,2,4,1,5,4,FERDINAND BUISSON                   (AV),0.0,,1,1,0,1,3,1,9,1,50,child
202100034567,13,6,2021,0 days 17:35:00,1,69,69029,2,3,1,2,FERDINAND BUISSON (AV),"45,7386600000","4,9171600000",1,1,1,2000.0,9,2,-1,-1,B01,2,0,2,4,1,5,4,FERDINAND BUISSON                   (AV),0.0,,1,1,0,1,3,1,9,1,50,adult
202100034567,13,6,2021,0 days 17:35:00,1,69,69029,2,3,1,2,FERDINAND BUISSON (AV),"45,7386600000","4,9171600000",2,4,2,2020.0,5,3,-1,-1,B01,2,0,2,4,1,5,4,FERDINAND BUISSON                   (AV),0.0,,1,1,0,1,3,1,9,1,50,adult
202100034597,12,6,2021,0 days 11:15:00,1,13,13207,2,1,1,3,CATALANS (RUE DES),"43,2907500000","5,3560200000",3,4,2,1933.0,5,0,-1,-1,A01,1,0,1,8,1,5,4,CATALANS (RUE DES),0.0,,1,2,0,1,1,1,0,1,50,child
202100034597,12,6,2021,0 days 11:15:00,1,13,13207,2,1,1,3,CATALANS (RUE DES),"43,2907500000","5,3560200000",1,1,2,1987.0,5,2,0,-1,A01,1,0,1,8,1,5,4,CATALANS (RUE DES),0.0,,1,2,0,1,1,1,0,1,50,adult
202100034599,13,6,2021,0 days 09:40:00,1,09,09122,2,9,1,3,FAURE (COURS GABRIEL),"42,9643560000","1,6104110000",1,4,1,1949.0,0,8,0,-1,B01,1,0,2,1,1,0,3,FAURE (COURS GABRIEL),0.0,,1,3,1,1,2,1,2,1,50,child
202100034599,13,6,2021,0 days 09:40:00,1,09,09122,2,9,1,3,FAURE (COURS GABRIEL),"42,9643560000","1,6104110000",1,1,1,2001.0,5,1,8,-1,B01,1,0,2,1,1,0,3,FAURE (COURS GABRIEL),0.0,,1,3,1,1,2,1,2,1,50,adult
202100034609,13,6,2021,0 days 14:15:00,1,75,75119,2,2,1,6,RUE RIQUET,"48,8892510000","2,3712750000",3,4,2,1967.0,3,0,-1,-1,A01,0,0,2,1,1,5,4,RUE RIQUET,0.0,,1,2,1,1,1,1,0,5,50,child
202100034609,13,6,2021,0 days 14:15:00,1,75,75119,2,2,1,6,RUE RIQUET,"48,8892510000","2,3712750000",1,1,1,2001.0,4,2,0,-1,A01,0,0,2,1,1,5,4,RUE RIQUET,0.0,,1,2,1,1,1,1,0,5,50,adult
202100034626,13,6,2021,0 days 21:00:00,2,93,93048,2,2,1,3,Boulevard Jeanne d’Arc / Rue de la Solidarité,"48,8528300000","2,4446800000",1,1,1,1979.0,0,1,0,-1,B01,3,0,2,1,1,0,3,SOLIDARITE (RUE DE LA),0.0,,2,2,1,2,1,1,0,1,50,child
202100034626,13,6,2021,0 days 21:00:00,2,93,93048,2,2,1,3,Boulevard Jeanne d’Arc / Rue de la Solidarité,"48,8528300000","2,4446800000",1,4,1,2001.0,0,8,0,-1,B01,3,0,2,1,1,0,3,SOLIDARITE (RUE DE LA),0.0,,2,2,1,2,1,1,0,1,50,adult
202100034638,13,6,2021,0 days 10:35:00,1,73,73091,2,9,1,3,D914 - route du bord du lac,"45,7951620000","5,8181620000",1,3,1,1968.0,5,2,-1,-1,B01,2,0,2,1,1,5,3,914,0.0,,2,2,0,2,2,1,9,1,50,child
202100034638,13,6,2021,0 days 10:35:00,1,73,73091,2,9,1,3,D914 - route du bord du lac,"45,7951620000","5,8181620000",1,1,1,1991.0,5,1,-1,-1,B01,2,0,2,1,1,5,3,914,0.0,,2,2,0,2,2,1,9,1,50,adult
202100034639,10,6,2021,0 days 16:30:00,1,71,71047,1,1,1,2,D192,"46,5956040000","3,7930110000",1,1,1,1939.0,5,1,-1,-1,B01,2,0,2,4,2,5,3,192,-1.0,,2,2,0,1,1,1,0,1,80,child
202100034639,10,6,2021,0 days 16:30:00,1,71,71047,1,1,1,2,D192,"46,5956040000","3,7930110000",1,4,2,1966.0,5,2,4,-1,B01,2,0,2,4,2,5,3,192,-1.0,,2,2,0,1,1,1,0,1,80,adult
202100034663,9,6,2021,0 days 16:36:00,1,44,44036,2,1,1,1,Rue du Faubourg Saint-Michel,"47,7182590000"," -1,3698400000",1,1,2,1948.0,0,1,-1,-1,A01,3,0,2,1,13,5,4,D34,0.0,D,2,2,0,2,1,1,0,1,30,child
202100034663,9,6,2021,0 days 16:36:00,1,44,44036,2,1,1,1,Rue du Faubourg Saint-Michel,"47,7182590000"," -1,3698400000",1,3,1,2008.0,5,0,-1,-1,A01,3,0,2,1,13,5,4,D34,0.0,D,2,2,0,2,1,1,0,1,30,adult
202100034667,14,6,2021,0 days 10:30:00,1,31,31085,1,1,1,1,d44,"42,9176210000","0,7575850000",1,3,1,1964.0,5,2,-1,-1,B01,2,0,2,1,1,5,3,44,-1.0,,2,2,0,2,3,1,0,1,80,child
202100034667,14,6,2021,0 days 10:30:00,1,31,31085,1,1,1,1,d44,"42,9176210000","0,7575850000",1,1,1,1990.0,9,1,-1,-1,B01,2,0,2,1,1,5,3,44,-1.0,,2,2,0,2,3,1,0,1,80,adult
202100034677,14,6,2021,0 days 14:40:00,1,50,50591,1,1,1,3,976,"48,5255901218"," -0,9197777511",1,3,1,1948.0,5,2,-1,-1,A01,1,0,2,8,0,5,3,976,0.0,,2,2,0,1,1,1,0,1,80,child
202100034677,14,6,2021,0 days 14:40:00,1,50,50591,1,1,1,3,976,"48,5255901218"," -0,9197777511",1,1,1,1975.0,4,1,-1,-1,A01,1,0,2,8,0,5,3,976,0.0,,2,2,0,1,1,1,0,1,80,adult
202100034703,13,6,2021,0 days 09:30:00,1,81,81039,1,1,1,3,D631,"43,7547560000","1,9309760000",1,4,1,1949.0,5,2,-1,-1,B01,2,0,2,8,1,5,3,631,-1.0,,2,2,0,1,1,1,0,1,80,child
202100034703,13,6,2021,0 days 09:30:00,1,81,81039,1,1,1,3,D631,"43,7547560000","1,9309760000",1,1,1,2002.0,5,0,-1,-1,B01,2,0,2,8,1,5,3,631,-1.0,,2,2,0,1,1,1,0,1,80,adult
202100034734,12,6,2021,0 days 23:30:00,5,69,69383,2,2,1,3,FELIX FAURE (AV),"45,7546587568","4,8675549030",1,1,1,1965.0,-1,8,-1,-1,A01,2,0,2,0,0,5,4,FELIX FAURE                         (AV),0.0,,2,4,2,1,1,1,0,1,50,child
202100034734,12,6,2021,0 days 23:30:00,5,69,69383,2,2,1,3,FELIX FAURE (AV),"45,7546587568","4,8675549030",1,4,1,1994.0,9,8,-1,-1,A01,2,0,2,0,0,5,4,FELIX FAURE                         (AV),0.0,,2,4,2,1,1,1,0,1,50,adult
202100034766,12,6,2021,0 days 17:33:00,1,17,17300,2,6,1,3,BEAUREGARD   RUE DE,"46,1675700000"," -1,1398300000",1,4,1,1974.0,0,8,0,-1,A01,0,0,2,5,1,5,4,BEAUREGARD   RUE DE,0.0,,2,2,1,1,1,1,0,1,30,child
202100034766,12,6,2021,0 days 17:33:00,1,17,17300,2,6,1,3,BEAUREGARD   RUE DE,"46,1675700000"," -1,1398300000",1,1,1,1997.0,5,1,8,-1,A01,0,0,2,5,1,5,4,BEAUREGARD   RUE DE,0.0,,2,2,1,1,1,1,0,1,30,adult
202100034766,12,6,2021,0 days 17:33:00,1,17,17300,2,6,1,3,BEAUREGARD   RUE DE,"46,1675700000"," -1,1398300000",2,1,2,2000.0,5,1,8,-1,A01,0,0,2,5,1,5,4,BEAUREGARD   RUE DE,0.0,,2,2,1,1,1,1,0,1,30,adult
202100034783,12,6,2021,0 days 12:00:00,1,75,75113,2,2,1,3,BOULEVARD MASSENA,"48,8189940000","2,3595320000",1,4,1,1975.0,5,2,0,-1,A01,1,0,2,7,15,5,4,BOULEVARD MASSENA,0.0,,3,2,0,1,1,1,5,1,50,child
202100034783,12,6,2021,0 days 12:00:00,1,75,75113,2,2,1,3,BOULEVARD MASSENA,"48,8189940000","2,3595320000",1,1,1,1999.0,4,1,0,-1,A01,1,0,2,7,15,5,4,BOULEVARD MASSENA,0.0,,3,2,0,1,1,1,5,1,50,adult
202100034786,12,6,2021,0 days 15:00:00,1,75,75111,2,2,1,3,RUE DES BOULETS,"48,8504690000","2,3905940000",1,1,1,1968.0,5,2,6,-1,A01,2,0,2,1,1,5,4,RUE DES BOULETS,0.0,,2,2,1,2,1,1,0,5,30,child
202100034786,12,6,2021,0 days 15:00:00,1,75,75111,2,2,1,3,RUE DES BOULETS,"48,8504690000","2,3905940000",1,4,2,1992.0,9,2,0,-1,A01,2,0,2,1,1,5,4,RUE DES BOULETS,0.0,,2,2,1,2,1,1,0,5,30,adult
202100034791,12,6,2021,0 days 08:29:00,1,75,75107,2,2,1,3,RUE DE L UNIVERSITE,"48,8609650000","2,3149640000",1,1,1,1953.0,9,1,0,-1,A01,0,0,2,1,1,5,4,RUE DE L UNIVERSITE,0.0,,2,4,1,1,1,1,0,5,50,child
202100034791,12,6,2021,0 days 08:29:00,1,75,75107,2,2,1,3,RUE DE L UNIVERSITE,"48,8609650000","2,3149640000",1,4,1,1994.0,9,2,0,-1,A01,0,0,2,1,1,5,4,RUE DE L UNIVERSITE,0.0,,2,4,1,1,1,1,0,5,50,adult
202100034807,12,6,2021,0 days 15:30:00,1,92,92022,2,1,1,2,SALENGRO (AVENUE ROGER),"48,8141067404","2,1926978230",1,1,2,1965.0,5,8,8,-1,B01,1,0,2,1,1,5,3,SALENGRO (AVENUE ROGER),0.0,,2,2,1,2,1,1,0,1,50,child
202100034807,12,6,2021,0 days 15:30:00,1,92,92022,2,1,1,2,SALENGRO (AVENUE ROGER),"48,8141067404","2,1926978230",1,4,1,1996.0,5,2,8,-1,B01,1,0,2,1,1,5,3,SALENGRO (AVENUE ROGER),0.0,,2,2,1,2,1,1,0,1,50,adult
202100034856,12,6,2021,0 days 17:10:00,1,53,53096,2,2,7,5,Boulevard du Collège,"48,2987050000"," -0,9334090000",1,1,1,1981.0,5,1,-1,-1,B01,3,0,2,1,17,5,4,,-1.0,,2,2,0,1,1,1,0,1,50,child
202100034856,12,6,2021,0 days 17:10:00,1,53,53096,2,2,7,5,Boulevard du Collège,"48,2987050000"," -0,9334090000",1,3,1,2003.0,9,2,-1,-1,B01,3,0,2,1,17,5,4,,-1.0,,2,2,0,1,1,1,0,1,50,adult
202100034943,9,6,2021,0 days 15:01:00,1,87,87085,2,2,1,3,GAMBETTA (BOULEVARD),"45,8285800000","1,2561600000",1,1,2,1939.0,5,1,0,-1,B01,2,0,2,1,1,5,4,GAMBETTA (BOULEVARD),0.0,,2,3,0,2,1,1,5,1,50,child
202100034943,9,6,2021,0 days 15:01:00,1,87,87085,2,2,1,3,GAMBETTA (BOULEVARD),"45,8285800000","1,2561600000",1,4,1,1982.0,5,8,0,-1,B01,2,0,2,1,1,5,4,GAMBETTA (BOULEVARD),0.0,,2,3,0,2,1,1,5,1,50,adult
202100034964,8,6,2021,0 days 12:10:00,1,69,69266,2,4,1,3,4 AOUT 1789  (R),"45,7662081957","4,9016216397",1,4,2,1976.0,0,8,-1,-1,B01,3,0,2,1,19,5,4,4 AOUT 1789    (Rue du),0.0,,1,2,1,1,1,1,0,1,50,child
202100034964,8,6,2021,0 days 12:10:00,1,69,69266,2,4,1,3,4 AOUT 1789  (R),"45,7662081957","4,9016216397",1,1,1,1998.0,0,1,-1,-1,B01,3,0,2,1,19,5,4,4 AOUT 1789    (Rue du),0.0,,1,2,1,1,1,1,0,1,50,adult
202100034992,10,6,2021,0 days 10:55:00,1,56,56121,2,1,1,3,DE GAULLE ( AVE DU GENERAL ),"47,7399500000"," -3,3772100000",1,4,1,1954.0,5,8,8,-1,B01,2,0,2,1,17,1,4,DE GAULLE ( AVE DU GENERAL ),0.0,,2,2,0,1,1,1,0,1,30,child
202100034992,10,6,2021,0 days 10:55:00,1,56,56121,2,1,1,3,DE GAULLE ( AVE DU GENERAL ),"47,7399500000"," -3,3772100000",1,1,1,1983.0,4,8,0,-1,B01,2,0,2,1,17,1,4,DE GAULLE ( AVE DU GENERAL ),0.0,,2,2,0,1,1,1,0,1,30,adult
202100035003,10,6,2021,0 days 19:41:00,1,49,49007,2,1,1,3,GAULLE BOULEVARD CHARLES DE,"47,4696500000"," -0,5615200000",1,1,1,1962.0,9,1,0,-1,B01,1,0,2,3,26,5,4,GAULLE BOULEVARD CHARLES DE,0.0,,2,2,1,1,1,1,0,1,50,child
202100035003,10,6,2021,0 days 19:41:00,1,49,49007,2,1,1,3,GAULLE BOULEVARD CHARLES DE,"47,4696500000"," -0,5615200000",1,4,1,1987.0,9,8,0,-1,B01,1,0,2,3,26,5,4,GAULLE BOULEVARD CHARLES DE,0.0,,2,2,1,1,1,1,0,1,50,adult
202100035022,9,6,2021,0 days 14:00:00,1,29,29019,2,6,1,3,Rue du Huit Mai 1945,"48,4125000000"," -4,4756000000",1,1,2,1969.0,5,1,-1,-1,B01,2,0,2,0,1,5,4,HUIT MAI 1945 (DE 46 A FIN SANS N° IMPAI,0.0,,1,1,0,1,3,1,5,1,50,child
202100035022,9,6,2021,0 days 14:00:00,1,29,29019,2,6,1,3,Rue du Huit Mai 1945,"48,4125000000"," -4,4756000000",1,4,2,1992.0,5,2,4,-1,B01,2,0,2,0,1,5,4,HUIT MAI 1945 (DE 46 A FIN SANS N° IMPAI,0.0,,1,1,0,1,3,1,5,1,50,adult
202100035022,9,6,2021,0 days 14:00:00,1,29,29019,2,6,1,3,Rue du Huit Mai 1945,"48,4125000000"," -4,4756000000",2,1,1,2006.0,0,1,-1,-1,B01,2,0,2,0,1,5,4,HUIT MAI 1945 (DE 46 A FIN SANS N° IMPAI,0.0,,1,1,0,1,3,1,5,1,50,adult
202100035025,9,6,2021,0 days 17:13:00,1,17,17306,2,6,1,2,ROCHEFORT (DE)  (AVENUE),"45,6389100000"," -1,0250900000",1,3,1,1950.0,5,8,0,-1,B01,3,0,0,4,16,5,4,ROCHEFORT (DE)  (AVENUE),0.0,,1,1,0,1,1,1,0,1,30,child
202100035025,9,6,2021,0 days 17:13:00,1,17,17306,2,6,1,2,ROCHEFORT (DE)  (AVENUE),"45,6389100000"," -1,0250900000",1,1,1,1982.0,5,1,0,-1,B01,3,0,0,4,16,5,4,ROCHEFORT (DE)  (AVENUE),0.0,,1,1,0,1,1,1,0,1,30,adult
202100035054,11,6,2021,0 days 09:37:00,1,75,75105,2,2,1,3,BOULEVARD SAINT MICHEL,"48,8416580000","2,3377920000",1,1,1,1955.0,1,2,6,-1,B01,2,0,2,8,7,5,4,BOULEVARD SAINT MICHEL,0.0,,1,0,3,2,1,1,0,6,50,child
202100035054,11,6,2021,0 days 09:37:00,1,75,75105,2,2,1,3,BOULEVARD SAINT MICHEL,"48,8416580000","2,3377920000",1,4,1,1984.0,1,2,0,-1,B01,2,0,2,8,7,5,4,BOULEVARD SAINT MICHEL,0.0,,1,0,3,2,1,1,0,6,50,adult
202100035063,11,6,2021,0 days 08:30:00,1,75,75115,2,3,1,6,RUE DES MORILLONS,"48,8337920000","2,2978440000",3,1,2,1985.0,9,0,-1,-1,A01,1,0,1,1,1,5,4,RUE DES MORILLONS,0.0,,1,2,1,2,1,1,0,1,50,child
202100035063,11,6,2021,0 days 08:30:00,1,75,75115,2,3,1,6,RUE DES MORILLONS,"48,8337920000","2,2978440000",1,1,1,2002.0,5,8,0,-1,A01,1,0,1,1,1,5,4,RUE DES MORILLONS,0.0,,1,2,1,2,1,1,0,1,50,adult
202100035063,11,6,2021,0 days 08:30:00,1,75,75115,2,3,1,6,RUE DES MORILLONS,"48,8337920000","2,2978440000",3,4,1,2015.0,9,0,-1,-1,A01,1,0,1,1,1,5,4,RUE DES MORILLONS,0.0,,1,2,1,2,1,1,0,1,50,adult
202100035101,9,6,2021,0 days 20:00:00,2,14,14207,2,1,1,1,Rue du Belvédère,"48,9971350000"," -0,4476820000",1,1,2,1981.0,5,1,-1,-1,B01,1,0,2,1,13,5,4,,0.0,,2,2,0,1,1,1,0,1,50,child
202100035101,9,6,2021,0 days 20:00:00,2,14,14207,2,1,1,1,Rue du Belvédère,"48,9971350000"," -0,4476820000",1,4,1,2009.0,5,0,-1,-1,B01,1,0,2,1,13,5,4,,0.0,,2,2,0,1,1,1,0,1,50,adult
202100035238,9,6,2021,0 days 18:00:00,1,79,79191,2,6,1,3,Rue de Ribray,"46,3230600000"," -0,4674100000",1,4,1,1973.0,1,0,-1,-1,B01,1,0,2,1,2,5,3,RIBRAY (RUE DE),0.0,,2,2,0,1,1,1,0,1,30,child
202100035238,9,6,2021,0 days 18:00:00,1,79,79191,2,6,1,3,Rue de Ribray,"46,3230600000"," -0,4674100000",1,1,2,2002.0,1,1,-1,-1,B01,1,0,2,1,2,5,3,RIBRAY (RUE DE),0.0,,2,2,0,1,1,1,0,1,30,adult
202100035260,9,6,2021,0 days 13:30:00,1,44,44109,2,1,1,3,BOULEVARD MARTIN LUTHER KING,"47,2595400000"," -1,5573600000",1,3,2,1971.0,0,8,4,-1,B01,1,0,2,8,1,5,4,BOULEVARD MARTIN LUTHER KING,0.0,,3,2,3,1,1,1,0,1,50,child
202100035260,9,6,2021,0 days 13:30:00,1,44,44109,2,1,1,3,BOULEVARD MARTIN LUTHER KING,"47,2595400000"," -1,5573600000",1,1,2,2000.0,0,1,0,-1,B01,1,0,2,8,1,5,4,BOULEVARD MARTIN LUTHER KING,0.0,,3,2,3,1,1,1,0,1,50,adult
202100035268,9,6,2021,0 days 21:00:00,2,33,33249,2,6,1,3,Avenue de Paris,"44,8796400000"," -0,5115400000",1,3,1,1949.0,0,8,-1,-1,A01,1,0,2,8,9,5,4,AVE DE PARIS,0.0,,3,2,1,1,1,1,0,1,50,child
202100035268,9,6,2021,0 days 21:00:00,2,33,33249,2,6,1,3,Avenue de Paris,"44,8796400000"," -0,5115400000",1,1,1,1984.0,5,1,-1,-1,A01,1,0,2,8,9,5,4,AVE DE PARIS,0.0,,3,2,1,1,1,1,0,1,50,adult
202100035275,8,6,2021,0 days 07:08:00,1,29,29019,2,1,1,3,Rue Alain Colas,"48,3908700000"," -4,4446600000",1,4,1,1963.0,0,8,-1,-1,B01,0,0,2,1,1,5,4,COLAS ALAIN (PARTIE ZI),0.0,,2,2,0,1,1,1,0,5,50,child
202100035275,8,6,2021,0 days 07:08:00,1,29,29019,2,1,1,3,Rue Alain Colas,"48,3908700000"," -4,4446600000",1,1,1,1997.0,0,1,-1,-1,B01,0,0,2,1,1,5,4,COLAS ALAIN (PARTIE ZI),0.0,,2,2,0,1,1,1,0,5,50,adult
202100035281,9,6,2021,0 days 12:20:00,1,17,17461,2,2,1,1,DE GAULLE (BOULEVARD DU GAL),"45,6478820000"," -1,0612690000",1,4,1,1940.0,3,8,0,-1,B01,3,0,2,1,16,5,4,DE GAULLE (BOULEVARD DU GAL),0.0,,2,2,0,1,1,1,0,1,50,child
202100035281,9,6,2021,0 days 12:20:00,1,17,17461,2,2,1,1,DE GAULLE (BOULEVARD DU GAL),"45,6478820000"," -1,0612690000",1,1,2,1962.0,3,1,8,-1,B01,3,0,2,1,16,5,4,DE GAULLE (BOULEVARD DU GAL),0.0,,2,2,0,1,1,1,0,1,50,adult
202100035289,10,6,2021,0 days 11:00:00,1,13,13208,2,6,1,3,PIERRE GUERRE (ROND-POINT),"43,2505040214","5,3891343981",1,4,1,1943.0,0,2,0,-1,B01,0,0,2,5,0,6,4,PIERRE GUERRE (ROND-POINT),0.0,,2,-1,0,1,2,2,0,1,50,child
202100035289,10,6,2021,0 days 11:00:00,1,13,13208,2,6,1,3,PIERRE GUERRE (ROND-POINT),"43,2505040214","5,3891343981",1,1,2,1982.0,0,1,0,-1,B01,0,0,2,5,0,6,4,PIERRE GUERRE (ROND-POINT),0.0,,2,-1,0,1,2,2,0,1,50,adult
202100035320,10,6,2021,0 days 20:28:00,2,75,75110,2,2,1,3,RUE DE CHABROL,"48,8773590000","2,3496320000",1,1,1,1961.0,1,1,0,-1,B01,0,0,2,7,1,5,4,RUE DE CHABROL,0.0,,2,2,0,2,1,1,0,1,30,child
202100035320,10,6,2021,0 days 20:28:00,2,75,75110,2,2,1,3,RUE DE CHABROL,"48,8773590000","2,3496320000",1,4,1,1992.0,9,2,0,-1,B01,0,0,2,7,1,5,4,RUE DE CHABROL,0.0,,2,2,0,2,1,1,0,1,30,adult
202100035328,9,6,2021,0 days 23:33:00,5,75,75108,2,2,1,3,BOULEVARD DES BATIGNOLLES,"48,8822200000","2,3203890000",1,3,1,1971.0,9,2,0,-1,B01,2,0,2,0,19,5,4,BOULEVARD DES BATIGNOLLES,0.0,,3,3,0,1,1,1,5,1,50,child
202100035328,9,6,2021,0 days 23:33:00,5,75,75108,2,2,1,3,BOULEVARD DES BATIGNOLLES,"48,8822200000","2,3203890000",1,3,2,1999.0,9,2,0,-1,B01,2,0,2,0,19,5,4,BOULEVARD DES BATIGNOLLES,0.0,,3,3,0,1,1,1,5,1,50,adult
202100035334,9,6,2021,0 days 18:12:00,1,94,94068,2,9,1,1,Rue du Pont de Créteil,"48,8072500000","2,4712900000",2,4,1,1955.0,1,0,0,-1,B01,2,0,2,7,19,5,3,PONT DE CRETEIL (R DU),0.0,,2,4,0,1,1,1,0,1,50,child
202100035334,9,6,2021,0 days 18:12:00,1,94,94068,2,9,1,1,Rue du Pont de Créteil,"48,8072500000","2,4712900000",1,1,1,1975.0,4,1,0,-1,B01,2,0,2,7,19,5,3,PONT DE CRETEIL (R DU),0.0,,2,4,0,1,1,1,0,1,50,adult
202100035334,9,6,2021,0 days 18:12:00,1,94,94068,2,9,1,1,Rue du Pont de Créteil,"48,8072500000","2,4712900000",2,4,2,1984.0,1,8,0,-1,B01,2,0,2,7,19,5,3,PONT DE CRETEIL (R DU),0.0,,2,4,0,1,1,1,0,1,50,adult
202100035334,9,6,2021,0 days 18:12:00,1,94,94068,2,9,1,1,Rue du Pont de Créteil,"48,8072500000","2,4712900000",1,4,1,2003.0,9,0,0,-1,B01,2,0,2,7,19,5,3,PONT DE CRETEIL (R DU),0.0,,2,4,0,1,1,1,0,1,50,adult
202100035368,10,6,2021,0 days 16:15:00,1,46,46021,1,1,1,5,D19,"44,5813280000","1,9577340000",1,2,1,1941.0,5,2,-1,-1,H01,2,0,0,0,26,5,3,19,-1.0,,2,2,0,2,1,1,0,1,80,child
202100035368,10,6,2021,0 days 16:15:00,1,46,46021,1,1,1,5,D19,"44,5813280000","1,9577340000",1,1,1,1945.0,5,2,-1,-1,H01,2,0,0,0,26,5,3,19,-1.0,,2,2,0,2,1,1,0,1,80,adult
202100035368,10,6,2021,0 days 16:15:00,1,46,46021,1,1,1,5,D19,"44,5813280000","1,9577340000",1,1,1,1950.0,5,2,-1,-1,H01,2,0,0,0,26,5,3,19,-1.0,,2,2,0,2,1,1,0,1,80,adult
202100035368,10,6,2021,0 days 16:15:00,1,46,46021,1,1,1,5,D19,"44,5813280000","1,9577340000",1,1,1,1951.0,5,2,-1,-1,H01,2,0,0,0,26,5,3,19,-1.0,,2,2,0,2,1,1,0,1,80,adult
202100035368,10,6,2021,0 days 16:15:00,1,46,46021,1,1,1,5,D19,"44,5813280000","1,9577340000",1,1,2,1953.0,5,2,-1,-1,H01,2,0,0,0,26,5,3,19,-1.0,,2,2,0,2,1,1,0,1,80,adult
202100035368,10,6,2021,0 days 16:15:00,1,46,46021,1,1,1,5,D19,"44,5813280000","1,9577340000",1,1,1,1957.0,5,2,-1,-1,H01,2,0,0,0,26,5,3,19,-1.0,,2,2,0,2,1,1,0,1,80,adult
202100035368,10,6,2021,0 days 16:15:00,1,46,46021,1,1,1,5,D19,"44,5813280000","1,9577340000",1,1,1,1986.0,1,8,-1,-1,H01,2,0,0,0,26,5,3,19,-1.0,,2,2,0,2,1,1,0,1,80,adult
202100035368,10,6,2021,0 days 16:15:00,1,46,46021,1,1,1,5,D19,"44,5813280000","1,9577340000",1,1,1,2001.0,5,8,-1,-1,H01,2,0,0,0,26,5,3,19,-1.0,,2,2,0,2,1,1,0,1,80,adult
202100035375,11,6,2021,0 days 14:30:00,1,29,29228,1,1,1,3,Route de la Pointe du Raz,"48,0297680000"," -4,5978860000",1,3,1,1953.0,5,2,-1,-1,B01,2,0,2,8,2,5,3,784,0.0,D,2,2,0,1,1,1,0,1,80,child
202100035375,11,6,2021,0 days 14:30:00,1,29,29228,1,1,1,3,Route de la Pointe du Raz,"48,0297680000"," -4,5978860000",1,1,1,1980.0,9,8,-1,-1,B01,2,0,2,8,2,5,3,784,0.0,D,2,2,0,1,1,1,0,1,80,adult