Num_Acc,jour,mois,an,hrmn,lum,dep,com,agg,int,atm,col,adr,lat,long,catu,grav,sexe,an_nais,trajet,secu1,secu2,secu3,num_veh_y,senc,obs,obsm,choc,manv,motor,catr,voie,v1,v2,circ,nbv,vosp,prof,plan,surf,infra,situ,vma,age
202100035382,31,5,2021,0 days 09:30:00,1,45,45175,1,1,1,2,D7-PR 0+850,"47,7555480000","1,8266940000",1,3,1,1948.0,5,2,-1,-1,B01,1,0,2,4,15,5,3,7,0.0,,2,2,0,1,1,1,0,1,80,child
202100035382,31,5,2021,0 days 09:30:00,1,45,45175,1,1,1,2,D7-PR 0+850,"47,7555480000","1,8266940000",1,1,1,2003.0,5,8,-1,-1,B01,1,0,2,4,15,5,3,7,0.0,,2,2,0,1,1,1,0,1,80,adult
202100035407,11,6,2021,0 days 20:00:00,1,84,84119,1,1,1,2,Route de Pernes,"43,9598350000","4,9411650000",1,2,1,1966.0,5,2,-1,-1,B01,3,0,2,4,1,5,3,28,-1.0,,2,2,0,1,1,1,0,3,80,child
202100035407,11,6,2021,0 days 20:00:00,1,84,84119,1,1,1,2,Route de Pernes,"43,9598350000","4,9411650000",1,4,1,1994.0,0,1,-1,-1,B01,3,0,2,4,1,5,3,28,-1.0,,2,2,0,1,1,1,0,3,80,adult
202100035453,9,6,2021,0 days 15:45:00,1,69,69383,2,2,1,3,GAMBETTA (CR),"45,7562644102","4,8403546214",1,1,1,1969.0,4,2,6,-1,A01,2,0,2,1,1,5,4,GAMBETTA                            (CO),0.0,,1,4,1,1,1,1,2,1,50,child
202100035453,9,6,2021,0 days 15:45:00,1,69,69383,2,2,1,3,GAMBETTA (CR),"45,7562644102","4,8403546214",1,4,2,1995.0,0,0,-1,-1,A01,2,0,2,1,1,5,4,GAMBETTA                            (CO),0.0,,1,4,1,1,1,1,2,1,50,adult
202100035472,8,6,2021,0 days 16:30:00,1,67,67482,2,1,1,3,ROMAINS (ROUTE DES),"48,5794600000","7,7106800000",1,1,1,1976.0,0,1,8,-1,B01,1,0,2,1,1,5,4,ROMAINS (ROUTE DES),0.0,,2,4,1,1,1,1,0,1,50,child
202100035472,8,6,2021,0 days 16:30:00,1,67,67482,2,1,1,3,ROMAINS (ROUTE DES),"48,5794600000","7,7106800000",1,4,1,1998.0,5,8,0,-1,B01,1,0,2,1,1,5,4,ROMAINS (ROUTE DES),0.0,,2,4,1,1,1,1,0,1,50,adult
202100035478,8,6,2021,0 days 20:30:00,1,66,66136,2,1,1,3,ESCARGUEL (COURS LAZARE),"42,6986600000","2,8873200000",1,1,1,1976.0,0,1,8,-1,A01,1,0,2,7,15,5,4,ESCARGUEL (COURS LAZARE),0.0,,3,5,0,1,1,1,0,1,50,child
202100035478,8,6,2021,0 days 20:30:00,1,66,66136,2,1,1,3,ESCARGUEL (COURS LAZARE),"42,6986600000","2,8873200000",1,4,1,1998.0,0,8,0,-1,A01,1,0,2,7,15,5,4,ESCARGUEL (COURS LAZARE),0.0,,3,5,0,1,1,1,0,1,50,adult
202100035491,9,6,2021,0 days 17:12:00,1,51,51058,1,2,1,1,Route des Mesneux,"49,2219700000","3,9840700000",1,4,1,1957.0,0,2,8,-1,A01,1,0,2,1,1,5,3,TETES DE FER (CHEMIN DES),0.0,,2,2,0,1,2,1,0,1,50,child
202100035491,9,6,2021,0 days 17:12:00,1,51,51058,1,2,1,1,Route des Mesneux,"49,2219700000","3,9840700000",1,1,1,1984.0,9,1,-1,-1,A01,1,0,2,1,1,5,3,TETES DE FER (CHEMIN DES),0.0,,2,2,0,1,2,1,0,1,50,adult
202100035492,9,6,2021,0 days 15:05:00,1,51,51454,2,2,1,1,Boulevard General Leclerc,"49,2572200000","4,0256300000",1,1,2,1977.0,0,1,-1,-1,A01,3,0,2,1,9,5,4,LECLERC (BOULEVARD DU GENERAL),0.0,,2,2,0,1,1,1,0,1,10,child
202100035492,9,6,2021,0 days 15:05:00,1,51,51454,2,2,1,1,Boulevard General Leclerc,"49,2572200000","4,0256300000",1,4,1,1999.0,1,2,-1,-1,A01,3,0,2,1,9,5,4,LECLERC (BOULEVARD DU GENERAL),0.0,,2,2,0,1,1,1,0,1,10,adult
202100035496,7,6,2021,0 days 17:12:00,1,49,49007,2,2,1,3,ARBRISSEL,"47,4442500000"," -0,5517500000",1,1,1,1970.0,5,8,0,-1,B01,1,0,2,4,26,5,4,ARBRISSEL,0.0,,3,2,0,1,1,1,0,1,50,child
202100035496,7,6,2021,0 days 17:12:00,1,49,49007,2,2,1,3,ARBRISSEL,"47,4442500000"," -0,5517500000",1,4,1,2002.0,9,8,0,-1,B01,1,0,2,4,26,5,4,ARBRISSEL,0.0,,3,2,0,1,1,1,0,1,50,adult
202100035518,9,6,2021,0 days 18:00:00,1,13,13208,2,1,1,3,JULES CANTINI (AVENUE),"43,2828908524","5,3892633319",1,1,1,1980.0,0,8,0,-1,B01,1,0,2,7,26,0,4,JULES CANTINI (AVENUE),0.0,,1,2,0,1,1,1,0,1,50,child
202100035518,9,6,2021,0 days 18:00:00,1,13,13208,2,1,1,3,JULES CANTINI (AVENUE),"43,2828908524","5,3892633319",1,1,2,1989.0,0,0,0,-1,B01,1,0,2,7,26,0,4,JULES CANTINI (AVENUE),0.0,,1,2,0,1,1,1,0,1,50,adult
202100035518,9,6,2021,0 days 18:00:00,1,13,13208,2,1,1,3,JULES CANTINI (AVENUE),"43,2828908524","5,3892633319",2,4,2,2016.0,0,2,0,-1,B01,1,0,2,7,26,0,4,JULES CANTINI (AVENUE),0.0,,1,2,0,1,1,1,0,1,50,adult
202100035538,8,6,2021,0 days 21:45:00,5,75,75117,2,3,1,2,RUE JOUFFROY D ABBANS,"48,8820500000","2,3010600000",1,4,2,1967.0,4,2,8,-1,B01,1,0,2,4,23,5,4,RUE JOUFFROY D ABBANS,0.0,,1,1,0,1,1,1,0,1,50,child
202100035538,8,6,2021,0 days 21:45:00,5,75,75117,2,3,1,2,RUE JOUFFROY D ABBANS,"48,8820500000","2,3010600000",1,1,1,2002.0,5,1,8,-1,B01,1,0,2,4,23,5,4,RUE JOUFFROY D ABBANS,0.0,,1,1,0,1,1,1,0,1,50,adult
202100035555,8,6,2021,0 days 18:10:00,1,94,94068,2,1,1,1,PETIT PARC (QU DU),"48,8122100000","2,4853200000",1,4,1,1956.0,5,2,0,-1,B01,3,0,9,1,1,0,4,PETIT PARC (QU DU),0.0,,1,1,1,1,1,1,0,1,30,child
202100035555,8,6,2021,0 days 18:10:00,1,94,94068,2,1,1,1,PETIT PARC (QU DU),"48,8122100000","2,4853200000",1,4,1,2007.0,5,2,0,-1,B01,3,0,9,1,1,0,4,PETIT PARC (QU DU),0.0,,1,1,1,1,1,1,0,1,30,adult
202100035579,9,6,2021,0 days 13:10:00,1,92,92044,2,2,1,6,ALSACE (RUE) N°1 A 17 ET 2 A 18,"48,8909592371","2,2947800159",3,4,2,1946.0,5,0,-1,-1,A01,1,0,1,1,15,5,4,ALSACE (RUE) N°1 A 17 ET 2 A 18,0.0,,2,2,0,1,1,1,6,1,50,child
202100035579,9,6,2021,0 days 13:10:00,1,92,92044,2,2,1,6,ALSACE (RUE) N°1 A 17 ET 2 A 18,"48,8909592371","2,2947800159",1,1,1,1993.0,5,8,0,-1,A01,1,0,1,1,15,5,4,ALSACE (RUE) N°1 A 17 ET 2 A 18,0.0,,2,2,0,1,1,1,6,1,50,adult
202100035597,9,6,2021,0 days 10:45:00,1,51,51582,2,1,1,7,Grande Rue Saint Nicolas,"49,2978240716","3,8950003128",1,3,1,1953.0,5,2,-1,-1,A01,1,0,5,0,1,5,3,75,0.0,D,2,2,0,2,3,1,0,1,50,child
202100035597,9,6,2021,0 days 10:45:00,1,51,51582,2,1,1,7,Grande Rue Saint Nicolas,"49,2978240716","3,8950003128",3,1,1,1991.0,5,0,-1,-1,A01,1,0,5,0,1,5,3,75,0.0,D,2,2,0,2,3,1,0,1,50,adult
202100035615,8,6,2021,0 days 14:25:00,1,45,45008,1,1,1,3,"relais des muids, route nationale 20","48,0578570000","1,8760980000",1,1,1,1972.0,0,8,-1,-1,B01,1,0,2,8,1,5,3,2020,-1.0,,2,2,0,1,1,1,0,1,90,child
202100035615,8,6,2021,0 days 14:25:00,1,45,45008,1,1,1,3,"relais des muids, route nationale 20","48,0578570000","1,8760980000",1,3,1,2003.0,5,0,-1,-1,B01,1,0,2,8,1,5,3,2020,-1.0,,2,2,0,1,1,1,0,1,90,adult
202100035619,10,6,2021,0 days 16:48:00,1,53,53062,2,3,1,3,Chemin du Moulinet,"47,8282180000"," -0,7233270000",1,1,2,1973.0,2,1,-1,-1,A01,0,0,2,1,15,5,4,,-1.0,,2,1,0,2,1,1,0,1,50,child
202100035619,10,6,2021,0 days 16:48:00,1,53,53062,2,3,1,3,Chemin du Moulinet,"47,8282180000"," -0,7233270000",1,3,1,2006.0,5,0,-1,-1,A01,0,0,2,1,15,5,4,,-1.0,,2,1,0,2,1,1,0,1,50,adult
202100035638,10,6,2021,0 days 00:05:00,3,85,85083,2,1,1,6,D38,"46,9842800000"," -2,2724100000",3,3,1,1947.0,5,0,-1,-1,A01,3,0,1,2,0,6,9,38,0.0,D,2,2,1,1,1,1,0,5,50,child
202100035638,10,6,2021,0 days 00:05:00,3,85,85083,2,1,1,6,D38,"46,9842800000"," -2,2724100000",1,1,1,1993.0,1,0,-1,-1,A01,3,0,1,2,0,6,9,38,0.0,D,2,2,1,1,1,1,0,5,50,adult
202100035719,8,6,2021,0 days 10:00:00,1,33,33063,2,1,1,3,Rue Turenne,"44,8487300000"," -0,5926500000",1,1,2,1941.0,0,8,-1,-1,B01,1,1,0,1,2,6,4,TURENNE (RUE ),0.0,,1,1,2,1,1,1,0,5,30,child
202100035719,8,6,2021,0 days 10:00:00,1,33,33063,2,1,1,3,Rue Turenne,"44,8487300000"," -0,5926500000",1,4,2,1979.0,1,2,-1,-1,B01,1,1,0,1,2,6,4,TURENNE (RUE ),0.0,,1,1,2,1,1,1,0,5,30,adult
202100035737,7,6,2021,0 days 16:55:00,1,13,13028,2,1,1,3,ROVARCH (AVENUE PIERRE),"43,1714600000","5,6058500000",1,1,1,1940.0,0,1,0,-1,B01,3,0,2,1,19,5,4,ROVARCH (AVENUE PIERRE),0.0,,2,4,0,1,1,1,6,6,50,child
202100035737,7,6,2021,0 days 16:55:00,1,13,13028,2,1,1,3,ROVARCH (AVENUE PIERRE),"43,1714600000","5,6058500000",1,3,1,2000.0,0,8,0,-1,B01,3,0,2,1,19,5,4,ROVARCH (AVENUE PIERRE),0.0,,2,4,0,1,1,1,6,6,50,adult
202100035758,8,6,2021,0 days 10:00:00,1,75,75112,2,2,1,3,BOULEVARD DIDEROT,"48,8454980000","2,3712610000",1,1,1,1963.0,1,1,0,-1,B01,1,0,2,1,1,5,4,BOULEVARD DIDEROT,0.0,,1,2,1,1,1,1,0,5,50,child
202100035758,8,6,2021,0 days 10:00:00,1,75,75112,2,2,1,3,BOULEVARD DIDEROT,"48,8454980000","2,3712610000",1,4,1,1997.0,1,8,0,-1,B01,1,0,2,1,1,5,4,BOULEVARD DIDEROT,0.0,,1,2,1,1,1,1,0,5,50,adult
202100035759,8,6,2021,0 days 17:40:00,1,75,75111,2,1,1,3,RUE DURANTI,"48,8607563284","2,3842786252",1,1,1,1973.0,5,1,8,-1,B01,1,0,2,3,18,5,4,RUE DURANTI,0.0,,1,1,1,1,1,1,0,5,30,child
202100035759,8,6,2021,0 days 17:40:00,1,75,75111,2,1,1,3,RUE DURANTI,"48,8607563284","2,3842786252",1,4,1,1988.0,1,2,0,-1,B01,1,0,2,3,18,5,4,RUE DURANTI,0.0,,1,1,1,1,1,1,0,5,30,adult
202100035759,8,6,2021,0 days 17:40:00,1,75,75111,2,1,1,3,RUE DURANTI,"48,8607563284","2,3842786252",2,1,1,2006.0,5,8,0,-1,B01,1,0,2,3,18,5,4,RUE DURANTI,0.0,,1,1,1,1,1,1,0,5,30,adult
202100035760,8,6,2021,0 days 12:34:00,1,75,75110,2,3,1,3,RUE DU FAUBOURG SAINT DENIS,"48,8715730000","2,3536250000",1,4,2,1974.0,9,8,0,-1,B01,2,0,2,1,1,5,4,RUE DU FAUBOURG SAINT DENIS,0.0,,1,1,2,1,1,1,0,1,30,child
202100035760,8,6,2021,0 days 12:34:00,1,75,75110,2,3,1,3,RUE DU FAUBOURG SAINT DENIS,"48,8715730000","2,3536250000",1,1,1,1998.0,4,1,0,-1,B01,2,0,2,1,1,5,4,RUE DU FAUBOURG SAINT DENIS,0.0,,1,1,2,1,1,1,0,1,30,adult
202100035763,7,6,2021,0 days 18:50:00,1,75,75103,2,1,1,1,BOULEVARD SAINT MARTIN,"48,8680850000","2,3614530000",1,4,2,1962.0,1,2,0,-1,B01,1,0,2,1,1,5,4,BOULEVARD SAINT MARTIN,0.0,,2,5,0,2,1,1,0,1,50,child
202100035763,7,6,2021,0 days 18:50:00,1,75,75103,2,1,1,1,BOULEVARD SAINT MARTIN,"48,8680850000","2,3614530000",1,1,1,1989.0,5,2,6,-1,B01,1,0,2,1,1,5,4,BOULEVARD SAINT MARTIN,0.0,,2,5,0,2,1,1,0,1,50,adult
202100035811,9,6,2021,0 days 08:00:00,1,42,42313,2,4,1,2,Route du Gros Pin,"45,7266305789","4,0198681486",1,4,1,1951.0,5,0,-1,-1,A01,3,0,0,4,9,5,4,,-1.0,,2,1,0,1,2,1,0,1,50,child
202100035811,9,6,2021,0 days 08:00:00,1,42,42313,2,4,1,2,Route du Gros Pin,"45,7266305789","4,0198681486",1,1,1,1989.0,1,1,-1,-1,A01,3,0,0,4,9,5,4,,-1.0,,2,1,0,1,2,1,0,1,50,adult
202100035835,9,6,2021,0 days 08:15:00,1,83,83068,1,1,1,2,RD 14,"43,2696870000","6,5415000000",1,3,1,1937.0,5,2,-1,-1,A01,1,0,0,4,9,5,3,14,-1.0,,2,2,0,2,3,1,0,1,-1,child
202100035835,9,6,2021,0 days 08:15:00,1,83,83068,1,1,1,2,RD 14,"43,2696870000","6,5415000000",1,1,1,2001.0,1,1,-1,-1,A01,1,0,0,4,9,5,3,14,-1.0,,2,2,0,2,3,1,0,1,-1,adult
202100035837,8,6,2021,0 days 16:20:00,1,67,67131,2,3,1,3,Rue du Tramway,"48,4815880000","7,7245260000",1,4,2,1934.0,0,0,-1,-1,A01,3,0,2,1,19,5,4,,-1.0,,2,2,1,1,1,1,0,1,50,child
202100035837,8,6,2021,0 days 16:20:00,1,67,67131,2,3,1,3,Rue du Tramway,"48,4815880000","7,7245260000",1,1,2,1980.0,2,8,-1,-1,A01,3,0,2,1,19,5,4,,-1.0,,2,2,1,1,1,1,0,1,50,adult
202100035840,8,6,2021,0 days 17:45:00,1,81,81140,2,6,1,3,Route de Belcastel,"43,6916920000","1,8003420000",1,3,1,1961.0,5,0,-1,-1,B01,2,0,0,1,9,6,3,39,-1.0,,2,1,0,1,1,1,5,1,50,child
202100035840,8,6,2021,0 days 17:45:00,1,81,81140,2,6,1,3,Route de Belcastel,"43,6916920000","1,8003420000",1,1,1,1984.0,1,8,-1,-1,B01,2,0,0,1,9,6,3,39,-1.0,,2,1,0,1,1,1,5,1,50,adult
202100035863,7,6,2021,0 days 19:00:00,1,79,79191,2,1,1,7,59 Rue Victor Hugo,"46,3244300000"," -0,4616900000",3,4,2,1948.0,0,0,-1,-1,A01,1,0,1,1,19,5,4,VICTOR HUGO,0.0,,1,1,0,1,1,1,6,1,30,child
202100035863,7,6,2021,0 days 19:00:00,1,79,79191,2,1,1,7,59 Rue Victor Hugo,"46,3244300000"," -0,4616900000",1,1,1,2003.0,5,8,-1,-1,A01,1,0,1,1,19,5,4,VICTOR HUGO,0.0,,1,1,0,1,1,1,6,1,30,adult
202100035870,6,6,2021,0 days 08:30:00,1,972,97213,1,1,1,5,ROUTE NATIONALE 1,"14,6497800000"," -60,9749000000",1,2,1,1979.0,5,2,8,-1,D01,1,0,2,0,2,5,2,ROUTE NATIONALE 1,0.0,,-1,2,0,3,1,1,0,1,70,child
202100035870,6,6,2021,0 days 08:30:00,1,972,97213,1,1,1,5,ROUTE NATIONALE 1,"14,6497800000"," -60,9749000000",1,3,1,1980.0,5,2,8,-1,D01,1,0,2,0,2,5,2,ROUTE NATIONALE 1,0.0,,-1,2,0,3,1,1,0,1,70,adult
202100035870,6,6,2021,0 days 08:30:00,1,972,97213,1,1,1,5,ROUTE NATIONALE 1,"14,6497800000"," -60,9749000000",1,1,1,1996.0,5,1,0,-1,D01,1,0,2,0,2,5,2,ROUTE NATIONALE 1,0.0,,-1,2,0,3,1,1,0,1,70,adult
202100035870,6,6,2021,0 days 08:30:00,1,972,97213,1,1,1,5,ROUTE NATIONALE 1,"14,6497800000"," -60,9749000000",1,3,2,2005.0,5,2,8,-1,D01,1,0,2,0,2,5,2,ROUTE NATIONALE 1,0.0,,-1,2,0,3,1,1,0,1,70,adult
202100035915,7,6,2021,0 days 18:17:00,1,35,35238,2,1,1,3,BOURGEOIS (BOULEVARD LEON),"48,0994600000"," -1,6518300000",1,1,1,1959.0,0,1,-1,-1,B01,2,0,2,1,1,5,4,BOURGEOIS (BOULEVARD LEON),0.0,,2,2,1,1,1,1,0,1,50,child
202100035915,7,6,2021,0 days 18:17:00,1,35,35238,2,1,1,3,BOURGEOIS (BOULEVARD LEON),"48,0994600000"," -1,6518300000",1,4,1,1986.0,0,8,-1,-1,B01,2,0,2,1,1,5,4,BOURGEOIS (BOULEVARD LEON),0.0,,2,2,1,1,1,1,0,1,50,adult
202100035932,7,6,2021,0 days 09:40:00,1,10,10343,2,6,7,3,CANAL (RUE DU),"48,2721220000","4,0908570000",1,1,2,1952.0,1,1,0,-1,B01,3,0,2,0,0,5,4,CANAL (RUE DU),0.0,,2,2,1,1,3,1,0,1,50,child
202100035932,7,6,2021,0 days 09:40:00,1,10,10343,2,6,7,3,CANAL (RUE DU),"48,2721220000","4,0908570000",1,4,2,2000.0,2,8,0,-1,B01,3,0,2,0,0,5,4,CANAL (RUE DU),0.0,,2,2,1,1,3,1,0,1,50,adult
202100035941,7,6,2021,0 days 18:40:00,1,75,75120,2,2,1,6,RUE D AVRON,"48,8518510000","2,4013820000",3,4,2,1942.0,5,0,-1,-1,A01,1,0,1,2,1,5,4,RUE D AVRON,0.0,,2,2,0,1,1,1,0,1,30,child
202100035941,7,6,2021,0 days 18:40:00,1,75,75120,2,2,1,6,RUE D AVRON,"48,8518510000","2,4013820000",1,1,1,1987.0,4,2,0,-1,A01,1,0,1,2,1,5,4,RUE D AVRON,0.0,,2,2,0,1,1,1,0,1,30,adult
202100035947,7,6,2021,0 days 13:20:00,1,75,75111,2,1,1,3,BOULEVARD BEAUMARCHAIS,"48,8583180000","2,3678980000",1,1,1,1969.0,1,1,0,-1,B01,1,0,2,8,17,5,4,BOULEVARD BEAUMARCHAIS,0.0,,2,2,3,1,1,1,0,6,50,child
202100035947,7,6,2021,0 days 13:20:00,1,75,75111,2,1,1,3,BOULEVARD BEAUMARCHAIS,"48,8583180000","2,3678980000",1,4,1,1996.0,9,2,0,-1,B01,1,0,2,8,17,5,4,BOULEVARD BEAUMARCHAIS,0.0,,2,2,3,1,1,1,0,6,50,adult
202100035949,7,6,2021,0 days 18:55:00,1,75,75114,2,1,1,3,RUE D ALESIA,"48,8279950000","2,3262710000",1,1,1,1963.0,4,1,0,-1,B01,2,0,2,1,17,5,4,RUE D ALESIA,0.0,,2,3,0,1,1,1,0,1,50,child
202100035949,7,6,2021,0 days 18:55:00,1,75,75114,2,1,1,3,RUE D ALESIA,"48,8279950000","2,3262710000",1,4,2,1994.0,9,2,0,-1,B01,2,0,2,1,17,5,4,RUE D ALESIA,0.0,,2,3,0,1,1,1,0,1,50,adult
202100035963,7,6,2021,0 days 18:10:00,1,93,93007,2,1,1,3,JACQUES DECOUR (SQUARE),"48,9212300000","2,4753900000",1,1,1,1974.0,5,1,0,-1,B01,0,0,2,3,19,5,4,JACQUES DECOUR (SQUARE),0.0,,1,2,0,1,1,1,0,1,50,child
202100035963,7,6,2021,0 days 18:10:00,1,93,93007,2,1,1,3,JACQUES DECOUR (SQUARE),"48,9212300000","2,4753900000",1,4,2,2010.0,5,8,0,-1,B01,0,0,2,3,19,5,4,JACQUES DECOUR (SQUARE),0.0,,1,2,0,1,1,1,0,1,50,adult
202100035969,7,6,2021,0 days 08:15:00,1,92,92044,2,2,1,6,VIC. HUGO(RUE)091A113 ET 112A146,"48,8959113116","2,2964617610",3,4,1,1955.0,0,0,-1,-1,A01,2,0,1,1,7,5,3,909,0.0,,2,3,3,1,1,1,0,1,50,child
202100035969,7,6,2021,0 days 08:15:00,1,92,92044,2,2,1,6,VIC. HUGO(RUE)091A113 ET 112A146,"48,8959113116","2,2964617610",1,1,1,1976.0,0,2,6,-1,A01,2,0,1,1,7,5,3,909,0.0,,2,3,3,1,1,1,0,1,50,adult
202100035978,31,5,2021,0 days 18:30:00,4,974,97414,2,2,1,3,Rue Saint-Louis," -21,2878500000","55,4128400000",1,1,1,1965.0,5,1,-1,-1,A01,1,0,2,8,9,5,4,,-1.0,,1,1,0,1,1,1,0,1,50,child
202100035978,31,5,2021,0 days 18:30:00,4,974,97414,2,2,1,3,Rue Saint-Louis," -21,2878500000","55,4128400000",1,3,1,2005.0,3,0,-1,-1,A01,1,0,2,8,9,5,4,,-1.0,,1,1,0,1,1,1,0,1,50,adult
202100036009,6,6,2021,0 days 11:20:00,1,53,53007,2,1,1,2,RD 32,"48,0876440000"," -0,6363430000",1,1,1,1953.0,5,2,-1,-1,A01,1,0,2,1,2,5,3,32,-1.0,,2,2,0,4,1,1,0,1,50,child
202100036009,6,6,2021,0 days 11:20:00,1,53,53007,2,1,1,2,RD 32,"48,0876440000"," -0,6363430000",1,3,1,1983.0,5,2,-1,-1,A01,1,0,2,1,2,5,3,32,-1.0,,2,2,0,4,1,1,0,1,50,adult
202100036103,6,6,2021,0 days 19:10:00,1,75,75102,2,2,1,3,BOULEVARD DE SEBASTOPOL,"48,8686680000","2,3538930000",1,1,1,1967.0,4,8,0,-1,B01,1,0,2,2,1,5,4,BOULEVARD DE SEBASTOPOL,0.0,,1,4,1,1,1,1,0,1,50,child
202100036103,6,6,2021,0 days 19:10:00,1,75,75102,2,2,1,3,BOULEVARD DE SEBASTOPOL,"48,8686680000","2,3538930000",1,4,1,1996.0,5,8,0,-1,B01,1,0,2,2,1,5,4,BOULEVARD DE SEBASTOPOL,0.0,,1,4,1,1,1,1,0,1,50,adult
202100036119,7,6,2021,0 days 10:20:00,1,26,26031,1,6,1,3,Route de Montélimar,"44,5551960000","4,8515260000",1,1,1,1941.0,3,1,-1,-1,B01,2,0,2,2,1,5,3,540,-1.0,,-1,1,0,1,2,1,5,1,80,child
202100036119,7,6,2021,0 days 10:20:00,1,26,26031,1,6,1,3,Route de Montélimar,"44,5551960000","4,8515260000",1,3,1,1975.0,5,2,-1,-1,B01,2,0,2,2,1,5,3,540,-1.0,,-1,1,0,1,2,1,5,1,80,adult
202100036134,6,6,2021,0 days 11:50:00,1,82,82031,2,2,1,3,3 chemin de Ronde,"44,0286097031","1,0405482352",1,1,1,1963.0,0,1,-1,-1,B01,3,0,2,2,19,5,4,,-1.0,,2,2,0,1,1,1,0,1,50,child
202100036134,6,6,2021,0 days 11:50:00,1,82,82031,2,2,1,3,3 chemin de Ronde,"44,0286097031","1,0405482352",1,4,1,2011.0,5,0,-1,-1,B01,3,0,2,2,19,5,4,,-1.0,,2,2,0,1,1,1,0,1,50,adult
202100036139,6,6,2021,0 days 10:50:00,1,44,44129,2,3,1,3,Place de l Eglise,"47,4378010000"," -2,0881370000",1,1,2,1931.0,5,1,-1,-1,B01,1,0,2,1,18,5,3,33,0.0,D,2,2,0,1,1,1,0,1,50,child
202100036139,6,6,2021,0 days 10:50:00,1,44,44129,2,3,1,3,Place de l Eglise,"47,4378010000"," -2,0881370000",1,3,1,1967.0,5,2,-1,-1,B01,1,0,2,1,18,5,3,33,0.0,D,2,2,0,1,1,1,0,1,50,adult
202100036142,6,6,2021,0 days 10:00:00,1,29,29218,1,1,1,4,Lieu Dit Lesverrien,"48,0460740000"," -4,5229880000",1,3,1,1951.0,5,2,-1,-1,C01,3,0,2,0,2,5,4,1,0.0,C,2,2,0,2,2,1,0,1,80,child
202100036142,6,6,2021,0 days 10:00:00,1,29,29218,1,1,1,4,Lieu Dit Lesverrien,"48,0460740000"," -4,5229880000",1,4,1,1970.0,5,2,-1,-1,C01,3,0,2,0,2,5,4,1,0.0,C,2,2,0,2,2,1,0,1,80,adult
202100036142,6,6,2021,0 days 10:00:00,1,29,29218,1,1,1,4,Lieu Dit Lesverrien,"48,0460740000"," -4,5229880000",1,4,1,2000.0,5,2,-1,-1,C01,3,0,2,0,2,5,4,1,0.0,C,2,2,0,2,2,1,0,1,80,adult
202100036177,5,6,2021,0 days 21:30:00,2,68,68342,2,9,1,3,Rue du Bourg,"47,8194800000","7,1772370000",1,3,1,1971.0,5,0,-1,-1,B01,3,0,2,1,0,5,4,,0.0,,2,1,0,2,3,1,0,1,50,child
202100036177,5,6,2021,0 days 21:30:00,2,68,68342,2,9,1,3,Rue du Bourg,"47,8194800000","7,1772370000",1,1,1,2003.0,0,1,-1,-1,B01,3,0,2,1,0,5,4,,0.0,,2,1,0,2,3,1,0,1,50,adult
202100036240,5,6,2021,0 days 08:10:00,1,51,51454,2,6,1,3,Avenue Paul Marchandeau,"49,2421900000","4,0245600000",1,4,1,1961.0,5,8,-1,-1,B01,1,0,2,1,1,5,4,MARCHANDEAU (AVENUE PAUL),0.0,,1,1,0,1,3,2,0,1,50,child
202100036240,5,6,2021,0 days 08:10:00,1,51,51454,2,6,1,3,Avenue Paul Marchandeau,"49,2421900000","4,0245600000",1,1,2,1991.0,3,1,-1,-1,B01,1,0,2,1,1,5,4,MARCHANDEAU (AVENUE PAUL),0.0,,1,1,0,1,3,2,0,1,50,adult
202100036268,5,6,2021,0 days 17:50:00,1,75,75111,2,1,1,3,AVENUE PHILIPPE AUGUSTE,"48,8528280000","2,3931640000",1,1,1,1972.0,9,1,0,-1,A01,2,0,2,1,1,5,4,AVENUE PHILIPPE AUGUSTE,0.0,,2,2,0,1,1,1,0,1,50,child
202100036268,5,6,2021,0 days 17:50:00,1,75,75111,2,1,1,3,AVENUE PHILIPPE AUGUSTE,"48,8528280000","2,3931640000",1,4,2,1995.0,9,2,0,-1,A01,2,0,2,1,1,5,4,AVENUE PHILIPPE AUGUSTE,0.0,,2,2,0,1,1,1,0,1,50,adult
202100036368,4,6,2021,0 days 22:00:00,5,69,69388,2,8,2,3,CHALLEMEL LACOUR (R),"45,7293800000","4,8505700000",1,3,1,1957.0,5,0,-1,-1,B01,1,0,4,4,19,5,4,CHALLEMEL LACOUR                    (R ),0.0,,2,2,3,1,1,2,4,6,50,child
202100036368,4,6,2021,0 days 22:00:00,5,69,69388,2,8,2,3,CHALLEMEL LACOUR (R),"45,7293800000","4,8505700000",1,1,2,1980.0,4,0,-1,-1,B01,1,0,4,4,19,5,4,CHALLEMEL LACOUR                    (R ),0.0,,2,2,3,1,1,2,4,6,50,adult
202100036370,4,6,2021,0 days 19:35:00,1,69,69383,2,1,1,3,FREDERIC MISTRAL (R),"45,7572600000","4,8763800000",1,1,1,1960.0,0,1,-1,-1,B01,2,0,2,1,2,0,4,FREDERIC MISTRAL                    (R ),0.0,,2,2,2,1,1,1,0,4,50,child