Num_Acc,jour,mois,an,hrmn,lum,dep,com,agg,int,atm,col,adr,lat,long,catu,grav,sexe,an_nais,trajet,secu1,secu2,secu3,num_veh_y,senc,obs,obsm,choc,manv,motor,catr,voie,v1,v2,circ,nbv,vosp,prof,plan,surf,infra,situ,vma,age
202100036370,4,6,2021,0 days 19:35:00,1,69,69383,2,1,1,3,FREDERIC MISTRAL (R),"45,7572600000","4,8763800000",1,4,1,1990.0,4,2,0,-1,B01,2,0,2,1,2,0,4,FREDERIC MISTRAL                    (R ),0.0,,2,2,2,1,1,1,0,4,50,adult
202100036424,3,6,2021,0 days 17:05:00,1,49,49007,2,1,1,6,ALLONNEAU(AUGUSTE) BOULEVARD,"47,4840000000"," -0,5269000000",1,1,1,1985.0,9,8,0,-1,A01,3,0,1,1,19,5,4,ALLONNEAU(AUGUSTE) BOULEVARD,0.0,,2,2,0,1,1,1,0,1,50,child
202100036424,3,6,2021,0 days 17:05:00,1,49,49007,2,1,1,6,ALLONNEAU(AUGUSTE) BOULEVARD,"47,4840000000"," -0,5269000000",3,4,1,2015.0,2,0,-1,-1,A01,3,0,1,1,19,5,4,ALLONNEAU(AUGUSTE) BOULEVARD,0.0,,2,2,0,1,1,1,0,1,50,adult
202100036429,4,6,2021,0 days 15:09:00,1,37,37261,1,1,2,6,MAGINOT (AV. ANDRE),"47,4137300000","0,6867100000",1,3,1,1957.0,0,8,0,-1,A01,2,0,2,1,1,5,4,MAGINOT (AV. ANDRE),0.0,,2,2,0,1,1,2,0,1,50,child
202100036429,4,6,2021,0 days 15:09:00,1,37,37261,1,1,2,6,MAGINOT (AV. ANDRE),"47,4137300000","0,6867100000",1,1,1,1993.0,4,1,0,-1,A01,2,0,2,1,1,5,4,MAGINOT (AV. ANDRE),0.0,,2,2,0,1,1,2,0,1,50,adult
202100036429,4,6,2021,0 days 15:09:00,1,37,37261,1,1,2,6,MAGINOT (AV. ANDRE),"47,4137300000","0,6867100000",2,1,2,1994.0,4,1,0,-1,A01,2,0,2,1,1,5,4,MAGINOT (AV. ANDRE),0.0,,2,2,0,1,1,2,0,1,50,adult
202100036431,4,6,2021,0 days 19:00:00,1,35,35238,2,6,7,3,CHATILLON (DE),"48,0998900000"," -1,6722000000",1,4,1,1969.0,1,2,0,-1,B01,1,0,2,4,1,5,4,CHATILLON (DE),0.0,,-1,1,0,1,3,1,5,1,30,child
202100036431,4,6,2021,0 days 19:00:00,1,35,35238,2,6,7,3,CHATILLON (DE),"48,0998900000"," -1,6722000000",1,1,2,1998.0,1,1,0,-1,B01,1,0,2,4,1,5,4,CHATILLON (DE),0.0,,-1,1,0,1,3,1,5,1,30,adult
202100036497,5,6,2021,0 days 09:30:00,1,95,95313,2,1,1,3,Avenue de Paris,"49,1114577856","2,2217327356",1,3,1,1960.0,1,0,-1,-1,B01,2,1,2,6,19,5,3,64,-1.0,,2,2,0,1,1,1,0,1,50,child
202100036497,5,6,2021,0 days 09:30:00,1,95,95313,2,1,1,3,Avenue de Paris,"49,1114577856","2,2217327356",1,1,1,1999.0,5,8,-1,-1,B01,2,1,2,6,19,5,3,64,-1.0,,2,2,0,1,1,1,0,1,50,adult
202100036505,4,6,2021,0 days 13:20:00,1,06,06033,1,1,1,1,1104 Route de Gattières,"43,7841780000","7,1772290000",1,1,1,1964.0,2,1,-1,-1,B01,2,0,2,1,1,5,7,2209,-1.0,,2,2,0,2,4,1,0,1,80,child
202100036505,4,6,2021,0 days 13:20:00,1,06,06033,1,1,1,1,1104 Route de Gattières,"43,7841780000","7,1772290000",1,2,1,1994.0,5,2,-1,-1,B01,2,0,2,1,1,5,7,2209,-1.0,,2,2,0,2,4,1,0,1,80,adult
202100036506,1,6,2021,0 days 14:45:00,1,74,74180,2,1,1,6,56 R du Veret,"46,3520450000","6,2985780000",1,1,1,1972.0,0,1,-1,-1,B01,1,0,2,0,13,0,3,25,-1.0,D,2,2,0,1,1,1,0,1,50,child
202100036506,1,6,2021,0 days 14:45:00,1,74,74180,2,1,1,6,56 R du Veret,"46,3520450000","6,2985780000",1,3,1,2007.0,5,0,-1,-1,B01,1,0,2,0,13,0,3,25,-1.0,D,2,2,0,1,1,1,0,1,50,adult
202100036539,4,6,2021,0 days 08:15:00,1,2B,2B042,2,1,1,3,Avenue de Borgo,"42,5577000000","9,4414720000",1,3,1,1953.0,5,0,-1,-1,B01,1,0,0,8,1,5,2,205,0.0,,2,2,1,2,1,1,9,5,50,child
202100036539,4,6,2021,0 days 08:15:00,1,2B,2B042,2,1,1,3,Avenue de Borgo,"42,5577000000","9,4414720000",1,1,1,1986.0,1,1,-1,-1,B01,1,0,0,8,1,5,2,205,0.0,,2,2,1,2,1,1,9,5,50,adult
202100036594,1,6,2021,0 days 18:25:00,1,74,74010,2,9,1,6,FRANCE (AVENUE)(SECTEUR 310),"45,9172000000","6,1328000000",1,1,1,1993.0,5,8,0,-1,B01,1,0,9,1,25,5,4,FRANCE (AVENUE)(SECTEUR 310),0.0,,-1,0,0,1,1,1,0,4,25,child
202100036594,1,6,2021,0 days 18:25:00,1,74,74010,2,9,1,6,FRANCE (AVENUE)(SECTEUR 310),"45,9172000000","6,1328000000",1,4,2,2017.0,5,2,0,-1,B01,1,0,9,1,25,5,4,FRANCE (AVENUE)(SECTEUR 310),0.0,,-1,0,0,1,1,1,0,4,25,adult
202100036636,2,6,2021,0 days 15:21:00,1,10,10387,2,1,1,1,QUATORZE JUILLET (RUE DU),"48,2948600000","4,0801100000",1,4,2,1956.0,5,8,0,-1,B01,1,0,2,3,1,5,4,QUATORZE JUILLET (RUE DU),0.0,,1,3,1,1,1,1,0,5,50,child
202100036636,2,6,2021,0 days 15:21:00,1,10,10387,2,1,1,1,QUATORZE JUILLET (RUE DU),"48,2948600000","4,0801100000",2,1,1,1964.0,0,1,0,-1,B01,1,0,2,3,1,5,4,QUATORZE JUILLET (RUE DU),0.0,,1,3,1,1,1,1,0,5,50,adult
202100036636,2,6,2021,0 days 15:21:00,1,10,10387,2,1,1,1,QUATORZE JUILLET (RUE DU),"48,2948600000","4,0801100000",1,1,1,2005.0,0,1,0,-1,B01,1,0,2,3,1,5,4,QUATORZE JUILLET (RUE DU),0.0,,1,3,1,1,1,1,0,5,50,adult
202100036653,3,6,2021,0 days 21:40:00,2,94,94017,2,6,1,1,MAURICE THOREZ (AV),"48,8115200000","2,5366100000",1,4,1,1967.0,0,2,0,-1,B01,1,0,2,0,9,5,3,MAURICE THOREZ (AV),0.0,,2,2,0,1,1,1,0,1,50,child
202100036653,3,6,2021,0 days 21:40:00,2,94,94017,2,6,1,1,MAURICE THOREZ (AV),"48,8115200000","2,5366100000",1,1,1,1990.0,1,1,0,-1,B01,1,0,2,0,9,5,3,MAURICE THOREZ (AV),0.0,,2,2,0,1,1,1,0,1,50,adult
202100036662,3,6,2021,0 days 13:15:00,1,93,93048,2,1,1,3,Rue du Docteur Calmette,"48,8673930000","2,4401410000",1,1,1,1966.0,0,1,0,-1,B01,1,0,2,1,5,5,4,DOCTEUR CALMETTE (RUE DU),0.0,,1,1,0,1,1,1,0,1,30,child
202100036662,3,6,2021,0 days 13:15:00,1,93,93048,2,1,1,3,Rue du Docteur Calmette,"48,8673930000","2,4401410000",1,4,1,2002.0,0,8,0,-1,B01,1,0,2,1,5,5,4,DOCTEUR CALMETTE (RUE DU),0.0,,1,1,0,1,1,1,0,1,30,adult
202100036718,2,6,2021,0 days 18:00:00,1,67,67028,2,1,1,3,26 Rue Eugène Dischert,"48,3662650000","7,5905120000",1,1,2,1967.0,0,1,-1,-1,B01,0,0,0,8,19,5,4,,0.0,,2,2,0,1,1,1,9,1,50,child
202100036718,2,6,2021,0 days 18:00:00,1,67,67028,2,1,1,3,26 Rue Eugène Dischert,"48,3662650000","7,5905120000",1,3,1,2009.0,5,2,-1,-1,B01,0,0,0,8,19,5,4,,0.0,,2,2,0,1,1,1,9,1,50,adult
202100036768,2,6,2021,0 days 17:15:00,1,90,90010,2,1,3,3,ANCIEN THEATRE (RUE DE L'),"47,6374600000","6,8627600000",1,4,1,1942.0,5,2,0,-1,B01,3,0,2,0,0,0,4,ANCIEN THEATRE (RUE DE L'),0.0,,2,2,0,1,1,2,0,1,50,child
202100036768,2,6,2021,0 days 17:15:00,1,90,90010,2,1,3,3,ANCIEN THEATRE (RUE DE L'),"47,6374600000","6,8627600000",1,1,1,1977.0,0,1,0,-1,B01,3,0,2,0,0,0,4,ANCIEN THEATRE (RUE DE L'),0.0,,2,2,0,1,1,2,0,1,50,adult
202100036793,2,6,2021,0 days 09:50:00,1,54,54395,2,1,1,3,PHALSBOURG (RUE DE),"48,6839200714","6,1808502674",1,4,1,1939.0,5,2,0,-1,B01,1,0,2,7,1,5,4,PHALSBOURG (RUE DE),0.0,,1,1,2,1,1,1,-1,1,30,child
202100036793,2,6,2021,0 days 09:50:00,1,54,54395,2,1,1,3,PHALSBOURG (RUE DE),"48,6839200714","6,1808502674",1,1,1,1969.0,0,1,0,-1,B01,1,0,2,7,1,5,4,PHALSBOURG (RUE DE),0.0,,1,1,2,1,1,1,-1,1,30,adult
202100036807,2,6,2021,0 days 16:00:00,1,29,29232,2,6,1,1,Rond Point du 18 Juin 1940,"48,0059117241"," -4,0975025296",1,1,2,1970.0,0,1,-1,-1,B01,1,0,2,1,1,5,4,SEMINAIRE  ROND POINT DU,0.0,,1,1,0,1,1,1,0,1,50,child
202100036807,2,6,2021,0 days 16:00:00,1,29,29232,2,6,1,1,Rond Point du 18 Juin 1940,"48,0059117241"," -4,0975025296",1,4,1,2005.0,0,8,-1,-1,B01,1,0,2,1,1,5,4,SEMINAIRE  ROND POINT DU,0.0,,1,1,0,1,1,1,0,1,50,adult
202100036813,2,6,2021,0 days 08:48:00,1,17,17200,2,6,1,3,VENDOME   RUE DU MOULIN  DE,"46,1782000000"," -1,1530100000",1,4,1,1952.0,5,8,0,-1,B01,2,0,2,1,19,5,4,VENDOME   RUE DU MOULIN  DE,0.0,,-1,2,1,1,3,1,0,1,30,child
202100036813,2,6,2021,0 days 08:48:00,1,17,17200,2,6,1,3,VENDOME   RUE DU MOULIN  DE,"46,1782000000"," -1,1530100000",1,1,2,1995.0,1,1,0,-1,B01,2,0,2,1,19,5,4,VENDOME   RUE DU MOULIN  DE,0.0,,-1,2,1,1,3,1,0,1,30,adult
202100036831,2,6,2021,0 days 14:15:00,1,75,75106,2,1,1,2,BOULEVARD SAINT MICHEL,"48,8431110000","2,3384690000",1,1,1,1983.0,4,1,0,-1,B01,1,0,2,1,1,5,4,BOULEVARD SAINT MICHEL,0.0,,2,4,1,1,1,1,0,5,50,child
202100036831,2,6,2021,0 days 14:15:00,1,75,75106,2,1,1,2,BOULEVARD SAINT MICHEL,"48,8431110000","2,3384690000",1,4,1,2004.0,5,8,0,-1,B01,1,0,2,1,1,5,4,BOULEVARD SAINT MICHEL,0.0,,2,4,1,1,1,1,0,5,50,adult
202100036835,2,6,2021,0 days 19:00:00,1,75,75117,2,3,1,3,RUE CARDINET,"48,8902390000","2,3172200000",1,1,1,1964.0,1,1,0,-1,B01,2,0,2,3,1,5,4,RUE CARDINET,0.0,,-1,2,0,1,1,1,0,1,50,child
202100036835,2,6,2021,0 days 19:00:00,1,75,75117,2,3,1,3,RUE CARDINET,"48,8902390000","2,3172200000",1,4,2,2002.0,4,2,0,-1,B01,2,0,2,3,1,5,4,RUE CARDINET,0.0,,-1,2,0,1,1,1,0,1,50,adult
202100036836,31,5,2021,0 days 18:08:00,1,75,75116,2,3,1,3,ALLEE DE LONGCHAMP,"48,8772650000","2,2785770000",1,4,2,1952.0,5,8,0,-1,B01,3,0,2,3,1,5,4,ALLEE DE LONGCHAMP,0.0,,2,4,0,1,1,1,0,1,50,child
202100036836,31,5,2021,0 days 18:08:00,1,75,75116,2,3,1,3,ALLEE DE LONGCHAMP,"48,8772650000","2,2785770000",1,1,1,1988.0,4,1,0,-1,B01,3,0,2,3,1,5,4,ALLEE DE LONGCHAMP,0.0,,2,4,0,1,1,1,0,1,50,adult
202100036867,2,6,2021,0 days 12:10:00,1,93,93001,2,1,1,6,PILIER (RUE DU),"48,9087730000","2,3699350000",1,1,1,1962.0,0,8,0,-1,A01,2,0,1,1,1,5,4,PILIER (RUE DU),0.0,,1,1,0,1,1,1,0,1,50,child
202100036867,2,6,2021,0 days 12:10:00,1,93,93001,2,1,1,6,PILIER (RUE DU),"48,9087730000","2,3699350000",3,4,1,1992.0,0,0,-1,-1,A01,2,0,1,1,1,5,4,PILIER (RUE DU),0.0,,1,1,0,1,1,1,0,1,50,adult
202100036868,2,6,2021,0 days 10:50:00,1,92,92046,2,1,1,6,Charles de gaulle,"48,8216368732","2,2976419330",3,4,2,1959.0,9,0,-1,-1,A01,3,0,1,1,26,5,3,83,0.0,,2,0,1,2,1,1,9,5,25,child
202100036868,2,6,2021,0 days 10:50:00,1,92,92046,2,1,1,6,Charles de gaulle,"48,8216368732","2,2976419330",1,4,2,1983.0,9,8,0,-1,A01,3,0,1,1,26,5,3,83,0.0,,2,0,1,2,1,1,9,5,25,adult
202100036880,3,6,2021,0 days 12:00:00,1,31,31382,1,2,1,3,Chemin de Beaufort,"43,4508240000","1,0742250000",1,3,1,1944.0,5,2,-1,-1,B01,3,0,2,8,1,0,4,,-1.0,,-1,2,0,1,1,1,0,1,80,child
202100036880,3,6,2021,0 days 12:00:00,1,31,31382,1,2,1,3,Chemin de Beaufort,"43,4508240000","1,0742250000",1,1,1,1982.0,4,8,-1,-1,B01,3,0,2,8,1,0,4,,-1.0,,-1,2,0,1,1,1,0,1,80,adult
202100036924,2,6,2021,0 days 18:40:00,1,57,57260,2,1,1,6,Rue du cimetière,"49,1619510000","7,0315930000",3,3,2,1954.0,5,0,-1,-1,A01,3,0,1,1,17,0,4,,-1.0,,-1,2,0,1,1,1,0,8,20,child
202100036924,2,6,2021,0 days 18:40:00,1,57,57260,2,1,1,6,Rue du cimetière,"49,1619510000","7,0315930000",1,1,1,1991.0,5,2,-1,-1,A01,3,0,1,1,17,0,4,,-1.0,,-1,2,0,1,1,1,0,8,20,adult
202100036980,29,5,2021,0 days 11:00:00,1,67,67482,2,3,1,3,BAN DE LA ROCHE (RUE DU),"48,5749720000","7,7301850000",1,1,1,1970.0,0,1,8,-1,B01,2,0,2,0,19,5,7,MOLSHEIM (RUE DE),0.0,,1,2,0,1,1,1,0,1,50,child
202100036980,29,5,2021,0 days 11:00:00,1,67,67482,2,3,1,3,BAN DE LA ROCHE (RUE DU),"48,5749720000","7,7301850000",1,4,2,2016.0,5,2,0,-1,B01,2,0,2,0,19,5,7,MOLSHEIM (RUE DE),0.0,,1,2,0,1,1,1,0,1,50,adult
202100036981,29,5,2021,0 days 10:20:00,1,67,67482,2,1,1,3,MOLIERE (AVENUE),"48,5949380000","7,7074320000",1,1,1,1966.0,0,1,8,-1,B01,1,0,2,1,13,5,4,MOLIERE (AVENUE),0.0,,2,4,2,1,1,1,0,1,50,child
202100036981,29,5,2021,0 days 10:20:00,1,67,67482,2,1,1,3,MOLIERE (AVENUE),"48,5949380000","7,7074320000",1,4,1,1991.0,5,8,0,-1,B01,1,0,2,1,13,5,4,MOLIERE (AVENUE),0.0,,2,4,2,1,1,1,0,1,50,adult
202100037019,1,6,2021,0 days 09:30:00,1,25,25056,2,3,1,2,MONTJOUX  AVENUE DE,"47,2521600000","6,0147800000",1,4,1,1973.0,5,2,6,-1,A01,2,0,2,6,15,5,4,MONTJOUX  AVENUE DE,0.0,,2,2,0,1,1,1,0,1,50,child
202100037019,1,6,2021,0 days 09:30:00,1,25,25056,2,3,1,2,MONTJOUX  AVENUE DE,"47,2521600000","6,0147800000",1,4,1,1998.0,4,2,0,-1,A01,2,0,2,6,15,5,4,MONTJOUX  AVENUE DE,0.0,,2,2,0,1,1,1,0,1,50,adult
202100037025,30,5,2021,0 days 17:40:00,1,14,14341,2,1,1,2,Boulevard Molière,"49,1524500000"," -0,3510200000",1,3,1,1977.0,5,8,-1,-1,B01,1,0,2,6,1,5,4,MOLIERE (BOULEVARD),0.0,,2,2,0,1,1,1,0,1,50,child
202100037025,30,5,2021,0 days 17:40:00,1,14,14341,2,1,1,2,Boulevard Molière,"49,1524500000"," -0,3510200000",1,1,1,2006.0,5,2,0,-1,B01,1,0,2,6,1,5,4,MOLIERE (BOULEVARD),0.0,,2,2,0,1,1,1,0,1,50,adult
202100037058,31,5,2021,0 days 18:00:00,1,94,94068,2,1,1,3,Rue du Pont de Créteil,"48,8094500000","2,4709900000",1,1,2,1947.0,1,1,0,-1,B01,1,0,2,8,2,5,3,R DU PONT DE CRETEIL ,0.0,,1,2,0,1,1,1,0,1,30,child
202100037058,31,5,2021,0 days 18:00:00,1,94,94068,2,1,1,3,Rue du Pont de Créteil,"48,8094500000","2,4709900000",1,4,2,1972.0,1,2,0,-1,B01,1,0,2,8,2,5,3,R DU PONT DE CRETEIL ,0.0,,1,2,0,1,1,1,0,1,30,adult
202100037128,2,6,2021,0 days 07:55:00,1,62,62861,2,4,1,3,D917,"50,3682950000","2,7998940000",1,1,2,1959.0,5,1,-1,-1,B01,1,0,2,1,1,5,3,917,-1.0,,2,2,0,2,1,1,0,1,50,child
202100037128,2,6,2021,0 days 07:55:00,1,62,62861,2,4,1,3,D917,"50,3682950000","2,7998940000",1,4,1,1983.0,1,2,-1,-1,B01,1,0,2,1,1,5,3,917,-1.0,,2,2,0,2,1,1,0,1,50,adult
202100037188,30,4,2021,0 days 17:55:00,1,87,87075,1,1,1,3,ECUREUILS (CHEMIN DES),"45,8073600000","1,2027300000",1,1,1,1941.0,5,1,0,-1,A01,1,0,2,1,9,5,4,ECUREUILS (CHEMIN DES),0.0,,1,1,0,1,1,1,0,1,30,child
202100037188,30,4,2021,0 days 17:55:00,1,87,87075,1,1,1,3,ECUREUILS (CHEMIN DES),"45,8073600000","1,2027300000",1,4,1,2012.0,5,8,0,-1,A01,1,0,2,1,9,5,4,ECUREUILS (CHEMIN DES),0.0,,1,1,0,1,1,1,0,1,30,adult
202100037196,31,5,2021,0 days 19:15:00,1,77,77394,1,1,1,3,D.306,"48,5522670000","2,6678970000",1,4,1,1966.0,0,8,0,-1,B01,1,0,2,7,1,0,3,D.306,0.0,,1,1,1,1,3,1,0,1,50,child
202100037196,31,5,2021,0 days 19:15:00,1,77,77394,1,1,1,3,D.306,"48,5522670000","2,6678970000",1,1,2,2001.0,0,1,0,-1,B01,1,0,2,7,1,0,3,D.306,0.0,,1,1,1,1,3,1,0,1,50,adult
202100037226,31,5,2021,0 days 11:00:00,1,59,59648,2,1,1,3,14 JUILLET AVENUE DU,"50,5855733182","3,0460635410",1,1,1,1954.0,0,1,8,-1,B01,1,1,0,1,1,0,4,14 JUILLET AVENUE DU,0.0,,2,2,0,1,1,1,0,1,50,child
202100037226,31,5,2021,0 days 11:00:00,1,59,59648,2,1,1,3,14 JUILLET AVENUE DU,"50,5855733182","3,0460635410",1,4,1,1992.0,0,8,0,-1,B01,1,1,0,1,1,0,4,14 JUILLET AVENUE DU,0.0,,2,2,0,1,1,1,0,1,50,adult
202100037229,28,5,2021,0 days 18:20:00,1,56,56121,2,6,1,3,FAOUEDIC ( AVE DU ),"47,7478300000"," -3,3648900000",1,4,1,1977.0,5,2,0,-1,B01,1,0,2,1,1,5,4,FAOUEDIC ( AVE DU ),0.0,,-1,2,3,1,1,1,5,1,30,child
202100037229,28,5,2021,0 days 18:20:00,1,56,56121,2,6,1,3,FAOUEDIC ( AVE DU ),"47,7478300000"," -3,3648900000",1,1,1,2000.0,5,1,8,-1,B01,1,0,2,1,1,5,4,FAOUEDIC ( AVE DU ),0.0,,-1,2,3,1,1,1,5,1,30,adult
202100037230,28,5,2021,0 days 12:05:00,1,56,56121,2,1,1,3,MULLER ( DU COLONEL JEAN ),"47,7633400000"," -3,3943900000",1,1,2,1946.0,5,1,8,-1,B01,1,0,2,8,1,5,4,MULLER ( DU COLONEL JEAN ),0.0,,2,2,2,1,1,1,0,5,30,child
202100037230,28,5,2021,0 days 12:05:00,1,56,56121,2,1,1,3,MULLER ( DU COLONEL JEAN ),"47,7633400000"," -3,3943900000",1,4,1,1967.0,5,2,8,-1,B01,1,0,2,8,1,5,4,MULLER ( DU COLONEL JEAN ),0.0,,2,2,2,1,1,1,0,5,30,adult
202100037248,31,5,2021,0 days 18:15:00,1,35,35238,2,6,1,2,Loriettes (Rue des),"48,0838700000"," -1,6773400000",1,3,2,1941.0,5,8,-1,-1,B01,3,0,2,1,2,6,4,Loriettes (Rue des),0.0,,1,2,1,1,2,1,0,1,30,child
202100037248,31,5,2021,0 days 18:15:00,1,35,35238,2,6,1,2,Loriettes (Rue des),"48,0838700000"," -1,6773400000",1,1,2,2001.0,9,1,-1,-1,B01,3,0,2,1,2,6,4,Loriettes (Rue des),0.0,,1,2,1,1,2,1,0,1,30,adult
202100037250,31,5,2021,0 days 08:30:00,1,33,33281,2,1,1,3,Avenue de Verdun,"44,8406800000"," -0,6413700000",1,1,2,1967.0,1,1,-1,-1,B01,1,0,2,6,1,5,4,VERDUN (AVE DE),0.0,,2,3,2,2,1,1,0,5,50,child
202100037250,31,5,2021,0 days 08:30:00,1,33,33281,2,1,1,3,Avenue de Verdun,"44,8406800000"," -0,6413700000",1,4,1,1988.0,0,8,-1,-1,B01,1,0,2,6,1,5,4,VERDUN (AVE DE),0.0,,2,3,2,2,1,1,0,5,50,adult
202100037261,4,5,2021,0 days 13:55:00,1,27,27554,2,2,1,3,MONT VERNON (ROND POINT),"49,0937997661","1,3860303868",1,1,1,1984.0,0,1,0,-1,B01,3,0,2,2,13,5,4,MONT VERNON (ROND POINT),0.0,,2,2,0,1,3,1,0,1,50,child
202100037261,4,5,2021,0 days 13:55:00,1,27,27554,2,2,1,3,MONT VERNON (ROND POINT),"49,0937997661","1,3860303868",1,4,1,2011.0,2,8,0,-1,B01,3,0,2,2,13,5,4,MONT VERNON (ROND POINT),0.0,,2,2,0,1,3,1,0,1,50,adult
202100037274,29,5,2021,0 days 12:15:00,1,08,08105,2,3,1,3,AURIOL PRESIDENT (AVENUE),"49,7545330000","4,7223760000",1,3,1,1955.0,5,2,6,-1,B01,0,0,2,1,1,0,4,AURIOL PRESIDENT (AVENUE),0.0,,2,2,0,1,1,1,0,1,50,child
202100037274,29,5,2021,0 days 12:15:00,1,08,08105,2,3,1,3,AURIOL PRESIDENT (AVENUE),"49,7545330000","4,7223760000",1,1,1,1989.0,5,1,8,-1,B01,0,0,2,1,1,0,4,AURIOL PRESIDENT (AVENUE),0.0,,2,2,0,1,1,1,0,1,50,adult
202100037285,30,5,2021,0 days 18:50:00,1,75,75115,2,2,1,3,RUE DE LA CONVENTION,"48,8372240000","2,2963300000",1,1,2,1962.0,5,1,0,-1,B01,1,0,2,1,1,5,4,RUE DE LA CONVENTION,0.0,,2,2,1,1,1,1,0,1,50,child
202100037285,30,5,2021,0 days 18:50:00,1,75,75115,2,2,1,3,RUE DE LA CONVENTION,"48,8372240000","2,2963300000",1,4,1,1994.0,5,2,0,-1,B01,1,0,2,1,1,5,4,RUE DE LA CONVENTION,0.0,,2,2,1,1,1,1,0,1,50,adult
202100037290,31,5,2021,0 days 18:40:00,1,75,75112,2,1,1,2,RUE FABRE D EGLANTINE,"48,8471780000","2,3956960000",1,1,1,1970.0,9,1,0,-1,A01,1,0,2,1,2,5,4,RUE FABRE D EGLANTINE,0.0,,2,2,0,1,1,1,0,1,50,child
202100037290,31,5,2021,0 days 18:40:00,1,75,75112,2,1,1,2,RUE FABRE D EGLANTINE,"48,8471780000","2,3956960000",1,4,1,1993.0,5,8,0,-1,A01,1,0,2,1,2,5,4,RUE FABRE D EGLANTINE,0.0,,2,2,0,1,1,1,0,1,50,adult
202100037292,31,5,2021,0 days 12:00:00,1,75,75112,2,3,1,5,ROUTE DE CEINTURE DU LAC DAUMESNIL,"48,8274630000","2,4193850000",1,1,1,1944.0,5,1,0,-1,A01,3,0,2,7,19,5,4,ROUTE DE CEINTURE DU LAC DAUMESNIL,0.0,,2,4,0,1,1,1,0,1,50,child
202100037292,31,5,2021,0 days 12:00:00,1,75,75112,2,3,1,5,ROUTE DE CEINTURE DU LAC DAUMESNIL,"48,8274630000","2,4193850000",1,1,1,1968.0,4,1,0,-1,A01,3,0,2,7,19,5,4,ROUTE DE CEINTURE DU LAC DAUMESNIL,0.0,,2,4,0,1,1,1,0,1,50,adult
202100037292,31,5,2021,0 days 12:00:00,1,75,75112,2,3,1,5,ROUTE DE CEINTURE DU LAC DAUMESNIL,"48,8274630000","2,4193850000",1,4,2,1982.0,5,8,0,-1,A01,3,0,2,7,19,5,4,ROUTE DE CEINTURE DU LAC DAUMESNIL,0.0,,2,4,0,1,1,1,0,1,50,adult
202100037321,31,5,2021,0 days 19:13:00,1,92,92040,2,2,1,1,PAIX (AVENUE DE LA),"48,8173615735","2,2737246596",1,1,2,1954.0,0,1,0,-1,B01,0,0,0,0,0,0,3,72,0.0,,4,2,0,2,1,1,0,1,30,child
202100037321,31,5,2021,0 days 19:13:00,1,92,92040,2,2,1,1,PAIX (AVENUE DE LA),"48,8173615735","2,2737246596",1,4,1,1994.0,0,1,0,-1,B01,0,0,0,0,0,0,3,72,0.0,,4,2,0,2,1,1,0,1,30,adult
202100037322,31,5,2021,0 days 12:10:00,1,92,92009,2,1,7,3,AGENT SARRE (AV DE L'),"48,9261469679","2,2712546368",1,4,1,1968.0,0,1,0,-1,B01,2,0,2,0,0,5,3,986,0.0,,-1,2,0,1,1,1,0,1,50,child
202100037322,31,5,2021,0 days 12:10:00,1,92,92009,2,1,7,3,AGENT SARRE (AV DE L'),"48,9261469679","2,2712546368",1,1,2,2000.0,9,1,0,-1,B01,2,0,2,0,0,5,3,986,0.0,,-1,2,0,1,1,1,0,1,50,adult
202100037427,30,5,2021,0 days 18:25:00,1,42,42207,2,3,1,3,Place Louis Comte,"45,4573755716","4,5047198832",1,1,2,1960.0,5,1,8,-1,A01,3,0,2,8,25,0,7,COMTE LOUIS PLACE,0.0,,2,2,0,1,1,1,0,1,30,child
202100037427,30,5,2021,0 days 18:25:00,1,42,42207,2,3,1,3,Place Louis Comte,"45,4573755716","4,5047198832",1,4,1,2009.0,5,2,0,-1,A01,3,0,2,8,25,0,7,COMTE LOUIS PLACE,0.0,,2,2,0,1,1,1,0,1,30,adult
202100037443,30,5,2021,0 days 14:00:00,1,01,01451,2,1,1,6,CHAMBIERE ( RUE DE LA ),"46,2116000000","5,2136000000",1,4,1,1969.0,5,0,-1,-1,B01,1,0,2,1,13,5,4,,0.0,,2,2,0,1,1,1,0,1,50,child
202100037443,30,5,2021,0 days 14:00:00,1,01,01451,2,1,1,6,CHAMBIERE ( RUE DE LA ),"46,2116000000","5,2136000000",1,1,2,1981.0,5,1,8,-1,B01,1,0,2,1,13,5,4,,0.0,,2,2,0,1,1,1,0,1,50,adult
202100037443,30,5,2021,0 days 14:00:00,1,01,01451,2,1,1,6,CHAMBIERE ( RUE DE LA ),"46,2116000000","5,2136000000",2,1,2,2003.0,5,1,8,-1,B01,1,0,2,1,13,5,4,,0.0,,2,2,0,1,1,1,0,1,50,adult
202100037443,30,5,2021,0 days 14:00:00,1,01,01451,2,1,1,6,CHAMBIERE ( RUE DE LA ),"46,2116000000","5,2136000000",2,1,2,2004.0,0,1,8,-1,B01,1,0,2,1,13,5,4,,0.0,,2,2,0,1,1,1,0,1,50,adult
202100037443,30,5,2021,0 days 14:00:00,1,01,01451,2,1,1,6,CHAMBIERE ( RUE DE LA ),"46,2116000000","5,2136000000",2,1,1,2007.0,5,1,8,-1,B01,1,0,2,1,13,5,4,,0.0,,2,2,0,1,1,1,0,1,50,adult