Num_Acc,jour,mois,an,hrmn,lum,dep,com,agg,int,atm,col,adr,lat,long,catu,grav,sexe,an_nais,trajet,secu1,secu2,secu3,num_veh_y,senc,obs,obsm,choc,manv,motor,catr,voie,v1,v2,circ,nbv,vosp,prof,plan,surf,infra,situ,vma,age
202100037461,30,5,2021,0 days 15:20:00,1,92,92047,2,1,1,3,RAYMOND POINCARE,"48,8381000000","2,1754000000",1,4,2,1931.0,5,8,0,-1,B01,2,0,2,1,2,5,3,907,0.0,,2,-1,0,1,1,1,0,1,50,child
202100037461,30,5,2021,0 days 15:20:00,1,92,92047,2,1,1,3,RAYMOND POINCARE,"48,8381000000","2,1754000000",1,1,2,1982.0,5,8,0,-1,B01,2,0,2,1,2,5,3,907,0.0,,2,-1,0,1,1,1,0,1,50,adult
202100037478,31,5,2021,0 days 07:55:00,1,74,74234,1,2,1,1,chemin de la chapelle de cons,"45,7569690000","6,3175250000",1,1,2,1973.0,1,1,-1,-1,B01,2,0,2,8,1,5,4,0,0.0,X,2,2,0,1,1,1,0,5,50,child
202100037478,31,5,2021,0 days 07:55:00,1,74,74234,1,2,1,1,chemin de la chapelle de cons,"45,7569690000","6,3175250000",1,3,1,2004.0,1,2,-1,-1,B01,2,0,2,8,1,5,4,0,0.0,X,2,2,0,1,1,1,0,5,50,adult
202100037493,31,5,2021,0 days 15:47:00,1,58,58151,2,1,1,3,50 Avenue de la Republique,"46,8906600000","3,4669160000",1,1,2,1953.0,5,1,-1,-1,A01,3,0,2,8,19,5,3,34,0.0,D,2,2,0,2,1,1,0,1,50,child
202100037493,31,5,2021,0 days 15:47:00,1,58,58151,2,1,1,3,50 Avenue de la Republique,"46,8906600000","3,4669160000",1,4,1,2009.0,2,0,-1,-1,A01,3,0,2,8,19,5,3,34,0.0,D,2,2,0,2,1,1,0,1,50,adult
202100037579,28,5,2021,0 days 19:45:00,1,69,69256,2,1,1,3,CONDORCET (R),"45,7784200000","4,9187600000",1,1,1,1986.0,4,1,-1,-1,A01,2,0,2,1,25,5,4,CONDORCET                           (R ),0.0,,2,2,0,1,1,1,0,4,50,child
202100037579,28,5,2021,0 days 19:45:00,1,69,69256,2,1,1,3,CONDORCET (R),"45,7784200000","4,9187600000",1,4,1,2009.0,5,2,0,-1,A01,2,0,2,1,25,5,4,CONDORCET                           (R ),0.0,,2,2,0,1,1,1,0,4,50,adult
202100037596,29,5,2021,0 days 13:40:00,1,25,25056,2,9,1,3,SIFFERT  AVENUE CHARLES,"47,2399600000","6,0150600000",1,1,1,1972.0,0,1,8,-1,A01,2,0,2,2,9,5,3,,0.0,,2,3,0,2,1,1,0,1,50,child
202100037596,29,5,2021,0 days 13:40:00,1,25,25056,2,9,1,3,SIFFERT  AVENUE CHARLES,"47,2399600000","6,0150600000",1,4,1,2004.0,0,2,0,-1,A01,2,0,2,2,9,5,3,,0.0,,2,3,0,2,1,1,0,1,50,adult
202100037619,28,5,2021,0 days 19:35:00,1,75,75108,2,2,1,3,RUE JEAN MERMOZ,"48,8702130000","2,3110500000",1,1,1,1973.0,4,1,0,-1,A01,1,0,2,1,1,5,4,RUE JEAN MERMOZ,0.0,,1,1,0,1,1,1,0,1,50,child
202100037619,28,5,2021,0 days 19:35:00,1,75,75108,2,2,1,3,RUE JEAN MERMOZ,"48,8702130000","2,3110500000",1,4,1,2001.0,9,8,0,-1,A01,1,0,2,1,1,5,4,RUE JEAN MERMOZ,0.0,,1,1,0,1,1,1,0,1,50,adult
202100037624,29,5,2021,0 days 11:00:00,1,94,94041,2,2,1,3,JEAN COMPAGNON (QU),"48,8195800000","2,3980500000",1,1,1,1968.0,5,1,0,-1,B01,2,0,2,1,19,5,3,PT NELSON MANDELA,0.0,,4,2,1,2,1,1,2,1,50,child
202100037624,29,5,2021,0 days 11:00:00,1,94,94041,2,2,1,3,JEAN COMPAGNON (QU),"48,8195800000","2,3980500000",1,4,1,1992.0,5,0,0,-1,B01,2,0,2,1,19,5,3,PT NELSON MANDELA,0.0,,4,2,1,2,1,1,2,1,50,adult
202100037646,28,5,2021,0 days 17:55:00,1,59,59462,2,6,1,2,Place Jean-Baptiste Coget,"50,5169950000","3,0178980000",1,1,1,1936.0,5,1,-1,-1,A01,2,0,0,4,2,5,3,,-1.0,,1,1,0,1,2,1,0,1,50,child
202100037646,28,5,2021,0 days 17:55:00,1,59,59462,2,6,1,2,Place Jean-Baptiste Coget,"50,5169950000","3,0178980000",1,3,1,1968.0,5,0,-1,-1,A01,2,0,0,4,2,5,3,,-1.0,,1,1,0,1,2,1,0,1,50,adult
202100037693,30,5,2021,0 days 15:30:00,1,77,77005,1,1,1,1,D45,"48,9223550000","2,7242020000",1,4,1,1977.0,5,2,-1,-1,B01,1,0,2,1,1,5,3,45,0.0,,2,2,0,1,1,1,0,1,70,child
202100037693,30,5,2021,0 days 15:30:00,1,77,77005,1,1,1,1,D45,"48,9223550000","2,7242020000",2,1,2,2002.0,0,1,-1,-1,B01,1,0,2,1,1,5,3,45,0.0,,2,2,0,1,1,1,0,1,70,adult
202100037693,30,5,2021,0 days 15:30:00,1,77,77005,1,1,1,1,D45,"48,9223550000","2,7242020000",1,1,1,2005.0,0,1,-1,-1,B01,1,0,2,1,1,5,3,45,0.0,,2,2,0,1,1,1,0,1,70,adult
202100037693,30,5,2021,0 days 15:30:00,1,77,77005,1,1,1,1,D45,"48,9223550000","2,7242020000",2,1,1,2006.0,0,1,-1,-1,B01,1,0,2,1,1,5,3,45,0.0,,2,2,0,1,1,1,0,1,70,adult
202100037733,28,5,2021,0 days 14:15:00,1,974,97407,2,2,1,3,JEAN MOULIN (RUE) - RIV. DES GALETS," -20,9588800000","55,3174300000",1,4,1,1970.0,0,8,8,-1,B01,3,0,2,8,1,5,4,JEAN MOULIN (RUE) - RIV. DES GALETS,0.0,,2,2,0,1,1,1,5,1,50,child
202100037733,28,5,2021,0 days 14:15:00,1,974,97407,2,2,1,3,JEAN MOULIN (RUE) - RIV. DES GALETS," -20,9588800000","55,3174300000",1,1,1,1998.0,0,1,0,-1,B01,3,0,2,8,1,5,4,JEAN MOULIN (RUE) - RIV. DES GALETS,0.0,,2,2,0,1,1,1,5,1,50,adult
202100037766,27,5,2021,0 days 08:10:00,1,67,67482,2,1,1,6,LAZARET (RUE DU),"48,5640406399","7,7552675289",1,1,1,1972.0,4,8,0,-1,B01,1,1,0,1,1,5,4,LAZARET (RUE DU),0.0,,2,3,0,1,3,1,0,1,50,child
202100037766,27,5,2021,0 days 08:10:00,1,67,67482,2,1,1,6,LAZARET (RUE DU),"48,5640406399","7,7552675289",1,4,1,1996.0,1,8,0,-1,B01,1,1,0,1,1,5,4,LAZARET (RUE DU),0.0,,2,3,0,1,3,1,0,1,50,adult
202100037778,28,5,2021,0 days 19:30:00,1,51,51454,2,1,1,1,Rue Coquebert,"49,2616630518","4,0390285067",1,4,1,1964.0,1,2,-1,-1,B01,0,1,0,1,1,5,4,COQUEBERT (RUE) DU 1 A 62 ET 2 A 42,0.0,,2,2,0,1,1,1,0,1,50,child
202100037778,28,5,2021,0 days 19:30:00,1,51,51454,2,1,1,1,Rue Coquebert,"49,2616630518","4,0390285067",1,1,2,1997.0,1,8,-1,-1,B01,0,1,0,1,1,5,4,COQUEBERT (RUE) DU 1 A 62 ET 2 A 42,0.0,,2,2,0,1,1,1,0,1,50,adult
202100037807,26,5,2021,0 days 16:15:00,1,14,14118,2,3,1,3,D7,"49,2060100000"," -0,3616280000",1,3,1,1948.0,5,8,-1,-1,B01,1,0,2,1,1,5,3,COTE DE NACRE(AVENUE),0.0,,2,4,0,1,1,1,0,1,50,child
202100037807,26,5,2021,0 days 16:15:00,1,14,14118,2,3,1,3,D7,"49,2060100000"," -0,3616280000",1,1,2,1988.0,1,1,1,-1,B01,1,0,2,1,1,5,3,COTE DE NACRE(AVENUE),0.0,,2,4,0,1,1,1,0,1,50,adult
202100037830,28,5,2021,0 days 08:50:00,1,75,75118,2,3,1,3,BOULEVARD NEY,"48,8978120000","2,3334890000",1,4,1,1967.0,1,8,0,-1,B01,1,0,2,1,2,5,4,BOULEVARD NEY,0.0,,1,2,1,1,1,1,0,5,50,child
202100037830,28,5,2021,0 days 08:50:00,1,75,75118,2,3,1,3,BOULEVARD NEY,"48,8978120000","2,3334890000",1,1,1,2005.0,2,8,0,-1,B01,1,0,2,1,2,5,4,BOULEVARD NEY,0.0,,1,2,1,1,1,1,0,5,50,adult
202100037938,22,4,2021,0 days 11:40:00,1,22,22093,1,3,1,3,D28,"48,4849620000"," -2,4605030000",1,3,1,1948.0,5,2,6,-1,B01,1,0,2,2,1,5,3,28,0.0,,2,2,0,1,2,1,0,1,80,child
202100037938,22,4,2021,0 days 11:40:00,1,22,22093,1,3,1,3,D28,"48,4849620000"," -2,4605030000",1,1,1,1994.0,4,1,-1,-1,B01,1,0,2,2,1,5,3,28,0.0,,2,2,0,1,2,1,0,1,80,adult
202100037962,23,5,2021,0 days 13:15:00,1,69,69259,2,1,1,6,TURFISTES (DES)                     (BD),"45,7162866664","4,9013417289",1,1,1,1994.0,5,8,0,-1,A01,3,1,1,1,21,5,4,TURFISTES (DES)                     (BD),0.0,,2,2,0,1,1,1,0,8,30,child
202100037962,23,5,2021,0 days 13:15:00,1,69,69259,2,1,1,6,TURFISTES (DES)                     (BD),"45,7162866664","4,9013417289",3,4,1,2018.0,5,0,-1,-1,A01,3,1,1,1,21,5,4,TURFISTES (DES)                     (BD),0.0,,2,2,0,1,1,1,0,8,30,adult
202100037980,27,5,2021,0 days 07:30:00,1,73,73065,2,1,1,3,COMTE VERT (AVENUE DU),"45,5703546899","5,9152953847",1,1,1,1947.0,5,8,0,-1,B01,1,1,0,2,1,5,4,COMTE VERT (AVENUE DU),0.0,,2,2,0,1,1,1,0,1,50,child
202100037980,27,5,2021,0 days 07:30:00,1,73,73065,2,1,1,3,COMTE VERT (AVENUE DU),"45,5703546899","5,9152953847",1,4,2,1970.0,0,0,-1,-1,B01,1,1,0,2,1,5,4,COMTE VERT (AVENUE DU),0.0,,2,2,0,1,1,1,0,1,50,adult
202100038040,27,5,2021,0 days 15:21:00,1,75,75111,2,1,1,3,BOULEVARD BEAUMARCHAIS,"48,8579150000","2,3679920000",1,1,1,1949.0,5,1,8,-1,B01,1,0,2,8,1,5,4,BOULEVARD BEAUMARCHAIS,0.0,,2,2,1,1,1,1,0,1,30,child
202100038040,27,5,2021,0 days 15:21:00,1,75,75111,2,1,1,3,BOULEVARD BEAUMARCHAIS,"48,8579150000","2,3679920000",1,4,1,1996.0,1,8,0,-1,B01,1,0,2,8,1,5,4,BOULEVARD BEAUMARCHAIS,0.0,,2,2,1,1,1,1,0,1,30,adult
202100038046,27,5,2021,0 days 08:00:00,1,75,75103,2,2,1,3,RUE DE TURBIGO,"48,8654610000","2,3561130000",1,1,1,1963.0,1,1,0,-1,B01,3,0,2,7,19,5,4,RUE DE TURBIGO,0.0,,1,2,1,1,1,1,0,1,50,child
202100038046,27,5,2021,0 days 08:00:00,1,75,75103,2,2,1,3,RUE DE TURBIGO,"48,8654610000","2,3561130000",1,4,1,2007.0,9,8,0,-1,B01,3,0,2,7,19,5,4,RUE DE TURBIGO,0.0,,1,2,1,1,1,1,0,1,50,adult
202100038047,26,5,2021,0 days 15:20:00,1,94,94068,2,1,2,3,Avenue Foch,"48,8018800000","2,4933600000",1,1,2,1958.0,4,1,8,-1,A01,1,0,2,5,19,5,3,FOCH (AV),0.0,,2,1,0,1,1,2,0,1,30,child
202100038047,26,5,2021,0 days 15:20:00,1,94,94068,2,1,2,3,Avenue Foch,"48,8018800000","2,4933600000",1,4,1,2009.0,5,0,0,-1,A01,1,0,2,5,19,5,3,FOCH (AV),0.0,,2,1,0,1,1,2,0,1,30,adult
202100038062,26,5,2021,0 days 12:40:00,1,92,92063,2,2,1,3,HABY SOMMER (RUE),"48,8762818126","2,1857978404",1,4,2,1968.0,5,2,8,-1,B01,1,0,2,8,15,5,3,HOPITAL STELL (BOULEVARD DE L'),0.0,,3,4,0,2,2,1,5,4,50,child
202100038062,26,5,2021,0 days 12:40:00,1,92,92063,2,2,1,3,HABY SOMMER (RUE),"48,8762818126","2,1857978404",1,4,2,2009.0,1,8,0,-1,B01,1,0,2,8,15,5,3,HOPITAL STELL (BOULEVARD DE L'),0.0,,3,4,0,2,2,1,5,4,50,adult
202100038073,27,5,2021,0 days 16:53:00,1,86,86132,1,1,1,2,D675,"46,5163420000","1,0222290000",1,2,1,1943.0,5,4,2,-1,B01,2,0,2,4,2,5,3,675,0.0,,2,2,0,1,1,1,0,1,80,child
202100038073,27,5,2021,0 days 16:53:00,1,86,86132,1,1,1,2,D675,"46,5163420000","1,0222290000",1,1,1,1999.0,4,8,-1,-1,B01,2,0,2,4,2,5,3,675,0.0,,2,2,0,1,1,1,0,1,80,adult
202100038090,27,5,2021,0 days 17:20:00,1,38,38058,1,3,1,1,Rue de la Vie de Lariot,"45,3520400000","5,3157700000",1,1,1,1981.0,1,1,-1,-1,B01,3,0,2,1,15,5,4,,0.0,,2,2,0,1,1,1,5,1,80,child
202100038090,27,5,2021,0 days 17:20:00,1,38,38058,1,3,1,1,Rue de la Vie de Lariot,"45,3520400000","5,3157700000",1,4,1,2004.0,1,0,-1,-1,B01,3,0,2,1,15,5,4,,0.0,,2,2,0,1,1,1,5,1,80,adult
202100038163,26,5,2021,0 days 18:30:00,1,69,69290,2,3,1,3,CORDIERE (DE LA) (R),"45,6925900000","4,9556700000",1,1,2,1962.0,1,1,-1,-1,B01,2,0,2,2,15,5,4,CORDIERE (DE LA)                    (R ),0.0,,2,2,0,1,1,1,0,1,50,child
202100038163,26,5,2021,0 days 18:30:00,1,69,69290,2,3,1,3,CORDIERE (DE LA) (R),"45,6925900000","4,9556700000",1,4,1,1994.0,1,0,-1,-1,B01,2,0,2,2,15,5,4,CORDIERE (DE LA)                    (R ),0.0,,2,2,0,1,1,1,0,1,50,adult
202100038168,22,5,2021,0 days 14:15:00,1,67,67482,2,1,8,3,INDRE (RUE DE L ),"48,5518110000","7,7661780000",1,1,1,1944.0,5,1,8,-1,B01,2,0,2,3,19,5,4,INDRE (RUE DE L ),0.0,,2,3,0,1,3,1,0,1,50,child
202100038168,22,5,2021,0 days 14:15:00,1,67,67482,2,1,8,3,INDRE (RUE DE L ),"48,5518110000","7,7661780000",1,4,1,1965.0,5,8,0,-1,B01,2,0,2,3,19,5,4,INDRE (RUE DE L ),0.0,,2,3,0,1,3,1,0,1,50,adult
202100038169,22,5,2021,0 days 12:00:00,1,67,67447,2,1,8,3,GENERAL DE GAULLE (ROUTE DU),"48,6086154096","7,7348227573",1,4,1,1972.0,0,2,6,-1,A01,1,0,2,0,19,5,7,GENERAL DE GAULLE (ROUTE DU),0.0,,3,2,1,1,1,1,0,1,50,child
202100038169,22,5,2021,0 days 12:00:00,1,67,67447,2,1,8,3,GENERAL DE GAULLE (ROUTE DU),"48,6086154096","7,7348227573",1,1,1,2013.0,5,8,0,-1,A01,1,0,2,0,19,5,7,GENERAL DE GAULLE (ROUTE DU),0.0,,3,2,1,1,1,1,0,1,50,adult
202100038241,26,5,2021,0 days 11:00:00,1,92,92026,2,6,1,6,JEAN MERMOZ (SQUARE ET PLACE),"48,9024800000","2,2749000000",3,4,2,1950.0,0,0,-1,-1,A01,3,0,1,1,26,5,3,9,0.0,,2,0,0,1,1,2,0,1,50,child
202100038241,26,5,2021,0 days 11:00:00,1,92,92026,2,6,1,6,JEAN MERMOZ (SQUARE ET PLACE),"48,9024800000","2,2749000000",1,1,1,1992.0,0,8,0,-1,A01,3,0,1,1,26,5,3,9,0.0,,2,0,0,1,1,2,0,1,50,adult
202100038260,26,5,2021,0 days 10:45:00,1,65,65447,2,3,1,3,Rue Lestrade,"43,1843510000","0,2427770000",1,4,2,1951.0,5,2,-1,-1,B01,3,0,2,3,1,5,3,,-1.0,,2,2,-1,1,1,1,0,1,50,child
202100038260,26,5,2021,0 days 10:45:00,1,65,65447,2,3,1,3,Rue Lestrade,"43,1843510000","0,2427770000",1,1,2,1973.0,1,1,-1,-1,B01,3,0,2,3,1,5,3,,-1.0,,2,2,-1,1,1,1,0,1,50,adult
202100038291,27,5,2021,0 days 10:25:00,1,55,55122,2,2,1,1,Rue de la Trace,"48,7570858650","5,5879479647",1,1,1,1940.0,5,1,-1,-1,A01,2,0,2,1,1,5,3,,-1.0,,2,2,0,2,1,1,0,1,50,child
202100038291,27,5,2021,0 days 10:25:00,1,55,55122,2,2,1,1,Rue de la Trace,"48,7570858650","5,5879479647",1,4,1,1981.0,5,0,-1,-1,A01,2,0,2,1,1,5,3,,-1.0,,2,2,0,2,1,1,0,1,50,adult
202100038299,27,5,2021,0 days 09:00:00,1,59,59449,2,1,1,3,Rue Claude Jean,"50,4706750000","3,2481930000",1,1,1,1968.0,4,1,-1,-1,B01,3,0,2,1,15,5,4,,-1.0,,2,2,0,1,1,1,0,1,50,child
202100038299,27,5,2021,0 days 09:00:00,1,59,59449,2,1,1,3,Rue Claude Jean,"50,4706750000","3,2481930000",1,4,1,1995.0,1,0,-1,-1,B01,3,0,2,1,15,5,4,,-1.0,,2,2,0,1,1,1,0,1,50,adult
202100038333,21,5,2021,0 days 06:04:00,1,74,74012,2,6,1,1,LECLERC (AVENUE DU MARECHAL),"46,1896300000","6,2492900000",1,1,1,1966.0,0,8,8,-1,B01,2,0,2,4,2,0,3,LECLERC (AVENUE DU MARECHAL),0.0,,1,1,0,1,1,1,0,1,50,child
202100038333,21,5,2021,0 days 06:04:00,1,74,74012,2,6,1,1,LECLERC (AVENUE DU MARECHAL),"46,1896300000","6,2492900000",1,4,1,1988.0,0,8,8,-1,B01,2,0,2,4,2,0,3,LECLERC (AVENUE DU MARECHAL),0.0,,1,1,0,1,1,1,0,1,50,adult
202100038345,21,5,2021,0 days 13:05:00,1,63,63113,2,1,1,3,LIONDARDS (RUE DES),"45,7642030717","3,0920617278",1,1,1,1961.0,0,1,0,-1,B01,1,0,2,1,1,5,4,LIONDARDS (RUE DES),0.0,,2,2,1,1,1,1,-1,1,50,child
202100038345,21,5,2021,0 days 13:05:00,1,63,63113,2,1,1,3,LIONDARDS (RUE DES),"45,7642030717","3,0920617278",1,4,2,1999.0,0,2,0,-1,B01,1,0,2,1,1,5,4,LIONDARDS (RUE DES),0.0,,2,2,1,1,1,1,-1,1,50,adult
202100038421,21,5,2021,0 days 09:00:00,1,92,92026,2,3,1,3,STRASBOURG,"48,8908900000","2,2476700000",1,1,1,1965.0,4,1,0,-1,B01,3,0,2,1,1,5,3,993,0.0,,1,3,1,1,1,1,0,1,50,child
202100038421,21,5,2021,0 days 09:00:00,1,92,92026,2,3,1,3,STRASBOURG,"48,8908900000","2,2476700000",1,4,1,1992.0,1,2,0,-1,B01,3,0,2,1,1,5,3,993,0.0,,1,3,1,1,1,1,0,1,50,adult
202100038442,26,5,2021,0 days 13:45:00,1,38,38384,1,2,1,3,D518,"45,3427430000","5,3334060000",1,1,1,1961.0,4,1,-1,-1,B01,0,0,2,1,1,5,3,518,-1.0,,2,2,0,1,1,1,5,1,80,child
202100038442,26,5,2021,0 days 13:45:00,1,38,38384,1,2,1,3,D518,"45,3427430000","5,3334060000",1,3,1,2006.0,5,0,-1,-1,B01,0,0,2,1,1,5,3,518,-1.0,,2,2,0,1,1,1,5,1,80,adult
202100038451,25,5,2021,0 days 18:30:00,1,07,07007,1,1,1,1,Route de Saint Peray,"44,9230510000","4,7263100000",1,1,1,1971.0,0,1,-1,-1,B01,2,0,0,1,13,5,3,14,0.0,D,2,2,0,1,2,1,0,1,80,child
202100038451,25,5,2021,0 days 18:30:00,1,07,07007,1,1,1,1,Route de Saint Peray,"44,9230510000","4,7263100000",1,4,1,1999.0,0,2,6,-1,B01,2,0,0,1,13,5,3,14,0.0,D,2,2,0,1,2,1,0,1,80,adult
202100038470,23,5,2021,0 days 18:20:00,1,69,69013,1,1,1,2,D306,"46,0312774389","4,7175848889",1,4,1,1934.0,5,1,-1,-1,B01,1,0,2,6,0,5,3,306,0.0,D,2,2,0,1,1,1,0,3,-1,child
202100038470,23,5,2021,0 days 18:20:00,1,69,69013,1,1,1,2,D306,"46,0312774389","4,7175848889",2,1,2,1937.0,5,1,-1,-1,B01,1,0,2,6,0,5,3,306,0.0,D,2,2,0,1,1,1,0,3,-1,adult
202100038470,23,5,2021,0 days 18:20:00,1,69,69013,1,1,1,2,D306,"46,0312774389","4,7175848889",1,3,1,1965.0,5,2,-1,-1,B01,1,0,2,6,0,5,3,306,0.0,D,2,2,0,1,1,1,0,3,-1,adult
202100038530,24,5,2021,0 days 17:00:00,1,75,75111,2,5,8,3,AVENUE DE LA REPUBLIQUE,"48,8651550000","2,3749220000",1,1,2,1953.0,5,1,0,-1,B01,2,0,2,1,1,5,4,AVENUE DE LA REPUBLIQUE,0.0,,1,1,1,2,1,2,0,5,50,child
202100038530,24,5,2021,0 days 17:00:00,1,75,75111,2,5,8,3,AVENUE DE LA REPUBLIQUE,"48,8651550000","2,3749220000",1,4,2,1997.0,5,8,0,-1,B01,2,0,2,1,1,5,4,AVENUE DE LA REPUBLIQUE,0.0,,1,1,1,2,1,2,0,5,50,adult
202100038544,24,5,2021,0 days 16:15:00,1,92,92050,2,9,2,3,PROVINCES FRANCAISES BD DES,"48,9011323539","2,2166593373",1,1,1,1991.0,1,8,0,-1,A01,2,0,2,1,9,5,4,PROVINCES FRANCAISES BD DES,0.0,,2,0,3,1,1,2,6,4,30,child
202100038544,24,5,2021,0 days 16:15:00,1,92,92050,2,9,2,3,PROVINCES FRANCAISES BD DES,"48,9011323539","2,2166593373",1,4,1,2016.0,5,3,0,-1,A01,2,0,2,1,9,5,4,PROVINCES FRANCAISES BD DES,0.0,,2,0,3,1,1,2,6,4,30,adult
202100038564,24,5,2021,0 days 12:20:00,1,61,61153,2,1,2,6,Rue des 3 Freres Terrier,"48,7179510000"," -0,1243530000",3,3,2,1949.0,5,0,-1,-1,A01,2,0,1,1,0,5,4,,-1.0,,2,2,0,1,1,2,0,1,20,child
202100038564,24,5,2021,0 days 12:20:00,1,61,61153,2,1,2,6,Rue des 3 Freres Terrier,"48,7179510000"," -0,1243530000",1,1,1,1976.0,0,0,-1,-1,A01,2,0,1,1,0,5,4,,-1.0,,2,2,0,1,1,2,0,1,20,adult
202100038600,23,5,2021,0 days 10:50:00,1,974,97407,1,6,1,3,SACRE COEUR (RD POINT) -RIV. DES GALETS ," -20,9557000000","55,3121000000",1,1,1,1953.0,9,1,8,-1,B01,1,0,2,1,1,5,2,SACRE COEUR (RD POINT) -RIV. DES GALETS ,0.0,,2,2,1,1,1,1,3,1,50,child
202100038600,23,5,2021,0 days 10:50:00,1,974,97407,1,6,1,3,SACRE COEUR (RD POINT) -RIV. DES GALETS ," -20,9557000000","55,3121000000",1,4,1,2005.0,0,8,0,-1,B01,1,0,2,1,1,5,2,SACRE COEUR (RD POINT) -RIV. DES GALETS ,0.0,,2,2,1,1,1,1,3,1,50,adult
202100038618,22,5,2021,0 days 16:20:00,1,83,83034,2,6,1,3,CHEMIN DU CANNEBAS,"43,0955226226","6,0692384968",1,1,2,1978.0,5,1,8,-1,B01,2,0,2,1,1,5,7,1ERE DFL (AVENUE),0.0,,2,2,1,1,1,1,0,1,50,child
202100038618,22,5,2021,0 days 16:20:00,1,83,83034,2,6,1,3,CHEMIN DU CANNEBAS,"43,0955226226","6,0692384968",1,3,1,1987.0,5,8,0,-1,B01,2,0,2,1,1,5,7,1ERE DFL (AVENUE),0.0,,2,2,1,1,1,1,0,1,50,adult
202100038618,22,5,2021,0 days 16:20:00,1,83,83034,2,6,1,3,CHEMIN DU CANNEBAS,"43,0955226226","6,0692384968",2,1,1,2011.0,5,1,0,-1,B01,2,0,2,1,1,5,7,1ERE DFL (AVENUE),0.0,,2,2,1,1,1,1,0,1,50,adult
202100038700,22,5,2021,0 days 18:10:00,1,33,33090,2,1,1,6,Chemin de Barbicadge,"44,7660960000"," -0,6534500000",3,3,2,1942.0,9,0,-1,-1,A01,2,0,1,1,1,5,4,,-1.0,,2,2,0,1,1,1,0,1,30,child
202100038700,22,5,2021,0 days 18:10:00,1,33,33090,2,1,1,6,Chemin de Barbicadge,"44,7660960000"," -0,6534500000",1,1,1,2006.0,3,0,-1,-1,A01,2,0,1,1,1,5,4,,-1.0,,2,2,0,1,1,1,0,1,30,adult
202100038711,23,5,2021,0 days 10:30:00,1,69,69163,1,2,1,2,GRAND VEISSIEUX (DU) (RTE),"45,9209610000","4,7557180000",1,4,1,1969.0,5,2,-1,-1,B01,0,0,0,4,2,0,7,51,0.0,,2,2,0,1,1,1,0,1,80,child
202100038711,23,5,2021,0 days 10:30:00,1,69,69163,1,2,1,2,GRAND VEISSIEUX (DU) (RTE),"45,9209610000","4,7557180000",1,1,1,1997.0,0,8,-1,-1,B01,0,0,0,4,2,0,7,51,0.0,,2,2,0,1,1,1,0,1,80,adult
202100038713,23,5,2021,0 days 18:35:00,1,79,79049,2,6,1,3,Boulevard de Thouars,"46,8532360000"," -0,4561260000",1,1,1,1970.0,5,1,-1,-1,B01,3,0,2,5,1,5,3,938,3.0,,2,2,1,1,1,1,5,1,50,child
202100038713,23,5,2021,0 days 18:35:00,1,79,79049,2,6,1,3,Boulevard de Thouars,"46,8532360000"," -0,4561260000",1,4,1,2004.0,5,0,-1,-1,B01,3,0,2,5,1,5,3,938,3.0,,2,2,1,1,1,1,5,1,50,adult
202100038715,23,5,2021,0 days 14:50:00,1,85,85002,1,1,1,3,La Guitelière,"46,6565500000"," -1,8508300000",1,3,1,1981.0,5,2,6,-1,A01,3,0,2,1,16,5,5,,-1.0,,2,2,0,1,3,1,0,1,-1,child
202100038715,23,5,2021,0 days 14:50:00,1,85,85002,1,1,1,3,La Guitelière,"46,6565500000"," -1,8508300000",1,1,1,1990.0,5,1,-1,-1,A01,3,0,2,1,16,5,5,,-1.0,,2,2,0,1,3,1,0,1,-1,adult
202100038715,23,5,2021,0 days 14:50:00,1,85,85002,1,1,1,3,La Guitelière,"46,6565500000"," -1,8508300000",2,1,2,1992.0,5,1,-1,-1,A01,3,0,2,1,16,5,5,,-1.0,,2,2,0,1,3,1,0,1,-1,adult
202100038715,23,5,2021,0 days 14:50:00,1,85,85002,1,1,1,3,La Guitelière,"46,6565500000"," -1,8508300000",2,1,1,2015.0,5,3,-1,-1,A01,3,0,2,1,16,5,5,,-1.0,,2,2,0,1,3,1,0,1,-1,adult
202100038715,23,5,2021,0 days 14:50:00,1,85,85002,1,1,1,3,La Guitelière,"46,6565500000"," -1,8508300000",2,1,2,2019.0,5,3,-1,-1,A01,3,0,2,1,16,5,5,,-1.0,,2,2,0,1,3,1,0,1,-1,adult
202100038764,14,5,2021,0 days 15:12:00,1,13,13208,2,1,1,3,CLOT BEY (AVENUE),"43,2588480000","5,3846860000",1,4,2,1951.0,5,2,8,-1,B01,2,0,2,3,1,5,4,CLOT BEY (AVENUE),0.0,,2,2,0,1,1,1,0,1,50,child
202100038764,14,5,2021,0 days 15:12:00,1,13,13208,2,1,1,3,CLOT BEY (AVENUE),"43,2588480000","5,3846860000",1,1,1,1993.0,4,1,0,-1,B01,2,0,2,3,1,5,4,CLOT BEY (AVENUE),0.0,,2,2,0,1,1,1,0,1,50,adult