Num_Acc,jour,mois,an,hrmn,lum,dep,com,agg,int,atm,col,adr,lat,long,catu,grav,sexe,an_nais,trajet,secu1,secu2,secu3,num_veh_y,senc,obs,obsm,choc,manv,motor,catr,voie,v1,v2,circ,nbv,vosp,prof,plan,surf,infra,situ,vma,age
202100038876,20,5,2021,0 days 08:50:00,1,974,97407,2,1,1,3,ROND POINT BUTTE CITRONNELLE," -20,9316900000","55,2968400000",1,1,1,1963.0,4,1,0,-1,B01,3,0,2,7,1,5,4,ROND POINT BUTTE CITRONNELLE,0.0,,1,2,1,1,3,1,0,1,50,child
202100038876,20,5,2021,0 days 08:50:00,1,974,97407,2,1,1,3,ROND POINT BUTTE CITRONNELLE," -20,9316900000","55,2968400000",1,4,1,2002.0,1,8,0,-1,B01,3,0,2,7,1,5,4,ROND POINT BUTTE CITRONNELLE,0.0,,1,2,1,1,3,1,0,1,50,adult
202100038880,21,5,2021,0 days 15:36:00,1,972,97213,1,1,1,3,ROUTE DEPARTEMENTALE 3,"14,5980600000"," -60,9972400000",1,1,2,1970.0,1,1,5,-1,Y01,2,0,2,7,1,5,4,ROUTE DEPARTEMENTALE 3,0.0,,1,2,0,1,1,1,0,1,50,child
202100038880,21,5,2021,0 days 15:36:00,1,972,97213,1,1,1,3,ROUTE DEPARTEMENTALE 3,"14,5980600000"," -60,9972400000",1,4,1,1996.0,0,2,8,-1,Y01,2,0,2,7,1,5,4,ROUTE DEPARTEMENTALE 3,0.0,,1,2,0,1,1,1,0,1,50,adult
202100038909,20,5,2021,0 days 15:25:00,1,63,63113,2,2,1,3,REPUBLIQUE (AVENUE DE LA),"45,7875600000","3,1057500000",1,1,1,1944.0,0,1,0,-1,B01,2,0,2,1,1,1,4,REPUBLIQUE (AVENUE DE LA),0.0,,3,2,2,1,1,1,-1,1,50,child
202100038909,20,5,2021,0 days 15:25:00,1,63,63113,2,2,1,3,REPUBLIQUE (AVENUE DE LA),"45,7875600000","3,1057500000",1,4,1,2002.0,0,2,0,-1,B01,2,0,2,1,1,1,4,REPUBLIQUE (AVENUE DE LA),0.0,,3,2,2,1,1,1,-1,1,50,adult
202100038909,20,5,2021,0 days 15:25:00,1,63,63113,2,2,1,3,REPUBLIQUE (AVENUE DE LA),"45,7875600000","3,1057500000",2,4,2,2003.0,0,2,0,-1,B01,2,0,2,1,1,1,4,REPUBLIQUE (AVENUE DE LA),0.0,,3,2,2,1,1,1,-1,1,50,adult
202100038937,21,5,2021,0 days 20:40:00,2,13,13002,2,1,8,7,HENRI TASSO (BOULEVARD),"43,3385000000","5,4767400000",1,1,1,1978.0,5,2,6,-1,B01,2,0,0,0,0,0,7,HENRI TASSO (BOULEVARD),0.0,,1,1,0,1,1,1,0,4,30,child
202100038937,21,5,2021,0 days 20:40:00,2,13,13002,2,1,8,7,HENRI TASSO (BOULEVARD),"43,3385000000","5,4767400000",2,2,1,2010.0,5,2,6,-1,B01,2,0,0,0,0,0,7,HENRI TASSO (BOULEVARD),0.0,,1,1,0,1,1,1,0,4,30,adult
202100038937,21,5,2021,0 days 20:40:00,2,13,13002,2,1,8,7,HENRI TASSO (BOULEVARD),"43,3385000000","5,4767400000",1,1,-1,,-1,8,-1,-1,B01,2,0,0,0,0,0,7,HENRI TASSO (BOULEVARD),0.0,,1,1,0,1,1,1,0,4,30,child
202100038958,20,5,2021,0 days 13:05:00,1,75,75119,2,3,8,3,BOULEVARD MACDONALD,"48,8988460000","2,3781150000",1,4,1,1971.0,5,2,0,-1,B01,2,0,2,5,1,5,4,BOULEVARD MACDONALD,0.0,,2,4,1,1,1,2,0,5,50,child
202100038958,20,5,2021,0 days 13:05:00,1,75,75119,2,3,8,3,BOULEVARD MACDONALD,"48,8988460000","2,3781150000",1,1,1,1994.0,4,1,0,-1,B01,2,0,2,5,1,5,4,BOULEVARD MACDONALD,0.0,,2,4,1,1,1,2,0,5,50,adult
202100038994,21,5,2021,0 days 21:00:00,5,92,92046,2,3,1,7,Paul vaillant couturier,"48,8170500000","2,2919100000",1,4,2,1971.0,9,8,0,-1,B01,3,0,0,0,0,0,4,,0.0,,1,1,1,1,1,1,0,5,50,child
202100038994,21,5,2021,0 days 21:00:00,5,92,92046,2,3,1,7,Paul vaillant couturier,"48,8170500000","2,2919100000",1,1,1,2001.0,4,0,-1,-1,B01,3,0,0,0,0,0,4,,0.0,,1,1,1,1,1,1,0,5,50,adult
202100039002,21,5,2021,0 days 08:20:00,1,92,92012,2,3,1,3,PARIS (RUE DE) 1/97 - 2/114,"48,8411539340","2,2401796281",1,4,2,1961.0,0,2,8,-1,A01,1,0,2,3,19,5,4,PARIS (RUE DE) 1/97 - 2/114,0.0,,1,1,2,1,1,1,0,1,50,child
202100039002,21,5,2021,0 days 08:20:00,1,92,92012,2,3,1,3,PARIS (RUE DE) 1/97 - 2/114,"48,8411539340","2,2401796281",1,1,1,1986.0,0,8,0,-1,A01,1,0,2,3,19,5,4,PARIS (RUE DE) 1/97 - 2/114,0.0,,1,1,2,1,1,1,0,1,50,adult
202100039028,21,5,2021,0 days 19:30:00,5,987,98734,2,1,1,3,PK 37+300," -17,7233790000"," -149,5057300000",1,2,1,1971.0,0,0,-1,-1,A01,2,0,2,7,12,0,2,1,-1.0,,2,2,0,1,1,1,0,1,60,child
202100039028,21,5,2021,0 days 19:30:00,5,987,98734,2,1,1,3,PK 37+300," -17,7233790000"," -149,5057300000",1,1,1,1999.0,5,1,-1,-1,A01,2,0,2,7,12,0,2,1,-1.0,,2,2,0,1,1,1,0,1,60,adult
202100039062,20,5,2021,0 days 14:45:00,1,69,69383,2,2,1,3,FELIX FAURE                         (AV),"45,7540900000","4,8636100000",1,1,2,1977.0,4,1,8,-1,B01,2,0,4,1,19,5,4,FELIX FAURE                         (AV),0.0,,2,3,3,1,1,1,9,1,50,child
202100039062,20,5,2021,0 days 14:45:00,1,69,69383,2,2,1,3,FELIX FAURE                         (AV),"45,7540900000","4,8636100000",1,4,2,1999.0,0,2,8,-1,B01,2,0,4,1,19,5,4,FELIX FAURE                         (AV),0.0,,2,3,3,1,1,1,9,1,50,adult
202100039110,20,5,2021,0 days 10:10:00,1,35,35051,2,6,1,3,TAILLIS (ROND-POINT DU),"48,1145000000"," -1,6200000000",1,1,1,1950.0,5,1,-1,-1,B01,3,0,2,3,1,5,4,TAILLIS (ROND-POINT DU),0.0,,1,1,2,1,3,1,5,5,50,child
202100039110,20,5,2021,0 days 10:10:00,1,35,35051,2,6,1,3,TAILLIS (ROND-POINT DU),"48,1145000000"," -1,6200000000",1,4,1,1999.0,0,8,-1,-1,B01,3,0,2,3,1,5,4,TAILLIS (ROND-POINT DU),0.0,,1,1,2,1,3,1,5,5,50,adult
202100039118,20,5,2021,0 days 05:50:00,2,24,24037,2,9,1,3,PASTEUR (AVENUE),"44,8569200000","0,4919200000",1,1,1,1955.0,9,8,0,-1,B01,1,0,2,1,0,5,3,PASTEUR (AVENUE),0.0,,2,2,0,1,1,1,0,1,50,child
202100039118,20,5,2021,0 days 05:50:00,2,24,24037,2,9,1,3,PASTEUR (AVENUE),"44,8569200000","0,4919200000",1,3,1,1986.0,5,8,0,-1,B01,1,0,2,1,0,5,3,PASTEUR (AVENUE),0.0,,2,2,0,1,1,1,0,1,50,adult
202100039119,24,4,2021,0 days 15:45:00,1,22,22187,2,2,1,3,RUE DU G.DE GAULLE,"48,5402790000"," -2,7711200000",1,1,2,1943.0,5,1,0,-1,A01,3,0,2,1,15,5,4,RD786,0.0,,2,2,0,1,1,1,0,1,50,child
202100039119,24,4,2021,0 days 15:45:00,1,22,22187,2,2,1,3,RUE DU G.DE GAULLE,"48,5402790000"," -2,7711200000",1,4,1,2000.0,1,8,0,-1,A01,3,0,2,1,15,5,4,RD786,0.0,,2,2,0,1,1,1,0,1,50,adult
202100039145,20,5,2021,0 days 18:00:00,1,75,75111,2,3,1,2,RUE DE LA ROQUETTE,"48,8579910000","2,3815800000",1,1,1,1972.0,1,1,0,-1,A01,1,0,2,1,2,5,4,RUE DE LA ROQUETTE,0.0,,2,2,0,2,1,1,0,1,30,child
202100039145,20,5,2021,0 days 18:00:00,1,75,75111,2,3,1,2,RUE DE LA ROQUETTE,"48,8579910000","2,3815800000",1,4,1,1996.0,9,8,0,-1,A01,1,0,2,1,2,5,4,RUE DE LA ROQUETTE,0.0,,2,2,0,2,1,1,0,1,30,adult
202100039148,18,5,2021,0 days 15:40:00,1,75,75104,2,2,2,6,RUE DE RIVOLI,"48,8585040000","2,3482150000",3,4,2,1943.0,5,0,-1,-1,A01,2,0,1,8,1,5,4,RUE DE RIVOLI,0.0,,2,4,1,1,1,2,0,5,50,child
202100039148,18,5,2021,0 days 15:40:00,1,75,75104,2,2,2,6,RUE DE RIVOLI,"48,8585040000","2,3482150000",1,4,1,2001.0,2,2,0,-1,A01,2,0,1,8,1,5,4,RUE DE RIVOLI,0.0,,2,4,1,1,1,2,0,5,50,adult
202100039267,17,5,2021,0 days 14:50:00,1,80,80021,2,1,1,2,JULES FERRY (CHAUSSEE),"49,8810100000","2,3308000000",1,1,1,1951.0,0,1,-1,-1,A01,0,0,2,1,2,5,4,JULES FERRY (CHAUSSEE),0.0,,2,2,0,2,1,1,0,1,50,child
202100039267,17,5,2021,0 days 14:50:00,1,80,80021,2,1,1,2,JULES FERRY (CHAUSSEE),"49,8810100000","2,3308000000",1,4,1,2000.0,4,2,-1,-1,A01,0,0,2,1,2,5,4,JULES FERRY (CHAUSSEE),0.0,,2,2,0,2,1,1,0,1,50,adult
202100039274,19,5,2021,0 days 17:45:00,1,64,64129,2,3,1,3,BAYONNE DE,"43,3042500000"," -0,4003000000",1,1,1,1966.0,9,1,8,-1,B01,2,0,2,1,1,5,4,BAYONNE DE,0.0,,2,2,2,1,1,1,0,5,50,child
202100039274,19,5,2021,0 days 17:45:00,1,64,64129,2,3,1,3,BAYONNE DE,"43,3042500000"," -0,4003000000",1,4,1,2001.0,9,8,0,-1,B01,2,0,2,1,1,5,4,BAYONNE DE,0.0,,2,2,2,1,1,1,0,5,50,adult
202100039375,20,5,2021,0 days 08:00:00,1,91,91461,2,1,1,6,Rue de la Maison Rouge,"48,5955040000","2,2274350000",1,1,1,1969.0,1,1,-1,-1,B01,1,0,2,1,0,5,3,,-1.0,,2,1,1,1,3,1,0,5,30,child
202100039375,20,5,2021,0 days 08:00:00,1,91,91461,2,1,1,6,Rue de la Maison Rouge,"48,5955040000","2,2274350000",1,4,1,2008.0,2,0,-1,-1,B01,1,0,2,1,0,5,3,,-1.0,,2,1,1,1,3,1,0,5,30,adult
202100039448,18,5,2021,0 days 17:05:00,1,50,50218,2,1,1,3,MATIGNON (AV DES),"48,8379800000"," -1,5780700000",1,1,2,1966.0,5,8,0,-1,B01,2,0,2,3,19,5,3,MATIGNON (AV DES),0.0,,2,2,1,1,1,1,0,1,50,child
202100039448,18,5,2021,0 days 17:05:00,1,50,50218,2,1,1,3,MATIGNON (AV DES),"48,8379800000"," -1,5780700000",1,3,1,1995.0,5,8,0,-1,B01,2,0,2,3,19,5,3,MATIGNON (AV DES),0.0,,2,2,1,1,1,1,0,1,50,adult
202100039459,18,5,2021,0 days 15:00:00,1,33,33529,2,6,1,3,Avenue du Général Leclerc,"44,6483500000"," -1,1525000000",1,1,1,1944.0,0,1,-1,-1,A01,1,0,2,1,19,5,3,LECLERC (AVE DU GAL) DU 02 ET +,0.0,,2,2,0,1,1,1,0,1,50,child
202100039459,18,5,2021,0 days 15:00:00,1,33,33529,2,6,1,3,Avenue du Général Leclerc,"44,6483500000"," -1,1525000000",1,3,2,1969.0,5,8,-1,-1,A01,1,0,2,1,19,5,3,LECLERC (AVE DU GAL) DU 02 ET +,0.0,,2,2,0,1,1,1,0,1,50,adult
202100039462,18,5,2021,0 days 16:15:00,1,13,13207,2,1,1,3,Corniche John Fitzgérald Kennedy,"43,2765910000","5,3579750000",1,1,1,1948.0,5,2,8,-1,B01,2,0,2,8,0,5,4,Corniche John Fitzgérald Kennedy,0.0,,2,4,0,1,1,1,0,1,50,child
202100039462,18,5,2021,0 days 16:15:00,1,13,13207,2,1,1,3,Corniche John Fitzgérald Kennedy,"43,2765910000","5,3579750000",1,4,1,1990.0,5,8,0,-1,B01,2,0,2,8,0,5,4,Corniche John Fitzgérald Kennedy,0.0,,2,4,0,1,1,1,0,1,50,adult
202100039476,18,5,2021,0 days 06:40:00,1,75,75117,2,5,1,3,RUE DE COURCELLES,"48,8875250000","2,2947350000",1,4,2,1959.0,5,2,0,-1,B01,1,0,2,3,1,5,4,RUE DE COURCELLES,0.0,,2,6,1,1,1,1,0,5,50,child
202100039476,18,5,2021,0 days 06:40:00,1,75,75117,2,5,1,3,RUE DE COURCELLES,"48,8875250000","2,2947350000",1,1,1,1988.0,4,1,0,-1,B01,1,0,2,3,1,5,4,RUE DE COURCELLES,0.0,,2,6,1,1,1,1,0,5,50,adult
202100039499,14,5,2021,0 days 17:40:00,1,69,69088,2,1,1,1,JEAN-BAPTISTE SIMON (Q),"45,8330350000","4,8467140000",1,1,2,1977.0,1,8,-1,-1,B01,3,0,2,8,19,5,7,,-1.0,,2,2,0,1,1,1,0,1,30,child
202100039499,14,5,2021,0 days 17:40:00,1,69,69088,2,1,1,1,JEAN-BAPTISTE SIMON (Q),"45,8330350000","4,8467140000",1,4,2,2001.0,5,0,-1,-1,B01,3,0,2,8,19,5,7,,-1.0,,2,2,0,1,1,1,0,1,30,adult
202100039509,11,5,2021,0 days 16:50:00,1,03,03082,2,6,2,2,D998 - Rond-Point des Forges,"46,2881960000","2,7554230000",1,1,2,1966.0,5,8,-1,-1,B01,2,0,2,4,16,6,3,998,-1.0,,1,1,0,1,2,2,0,1,50,child
202100039509,11,5,2021,0 days 16:50:00,1,03,03082,2,6,2,2,D998 - Rond-Point des Forges,"46,2881960000","2,7554230000",1,3,1,2007.0,2,2,-1,-1,B01,2,0,2,4,16,6,3,998,-1.0,,1,1,0,1,2,2,0,1,50,adult
202100039528,19,5,2021,0 days 19:40:00,2,66,66065,2,9,1,1,Avenue Narcisse Planas,"42,6048850000","2,9687690000",1,1,1,1945.0,4,1,-1,-1,B01,2,0,2,7,19,5,3,,-1.0,,2,2,0,1,1,1,5,1,50,child
202100039528,19,5,2021,0 days 19:40:00,2,66,66065,2,9,1,1,Avenue Narcisse Planas,"42,6048850000","2,9687690000",1,3,1,2009.0,5,0,-1,-1,B01,2,0,2,7,19,5,3,,-1.0,,2,2,0,1,1,1,5,1,50,adult
202100039561,14,5,2021,0 days 13:13:00,1,87,87085,2,2,1,2,VALIN (AVENUE DU GENERAL MARTIAL),"45,8109200000","1,2743400000",1,1,1,1943.0,5,1,0,-1,B01,1,0,2,4,1,5,4,VALIN (AVENUE DU GENERAL MARTIAL),0.0,,1,2,0,1,3,1,0,1,50,child
202100039561,14,5,2021,0 days 13:13:00,1,87,87085,2,2,1,2,VALIN (AVENUE DU GENERAL MARTIAL),"45,8109200000","1,2743400000",1,4,1,1999.0,5,8,0,-1,B01,1,0,2,4,1,5,4,VALIN (AVENUE DU GENERAL MARTIAL),0.0,,1,2,0,1,3,1,0,1,50,adult
202100039563,17,5,2021,0 days 13:14:00,1,72,72181,2,1,2,2,EDISON THOMAS (RUE),"48,0248000000","0,1790900000",1,4,1,1965.0,0,8,0,-1,B01,1,0,2,1,1,0,4,EDISON THOMAS (RUE),0.0,,2,2,2,1,1,2,0,5,50,child
202100039563,17,5,2021,0 days 13:14:00,1,72,72181,2,1,2,2,EDISON THOMAS (RUE),"48,0248000000","0,1790900000",1,4,2,1997.0,0,1,0,-1,B01,1,0,2,1,1,0,4,EDISON THOMAS (RUE),0.0,,2,2,2,1,1,2,0,5,50,adult
202100039578,16,5,2021,0 days 09:25:00,1,37,37261,2,1,8,6,PAILHOU (PLACE GASTON),"47,3915548631","0,6807392836",1,4,1,1950.0,5,8,0,-1,A01,3,0,2,3,15,5,4,PAILHOU (PLACE GASTON),0.0,,1,1,1,1,1,1,0,1,50,child
202100039578,16,5,2021,0 days 09:25:00,1,37,37261,2,1,8,6,PAILHOU (PLACE GASTON),"47,3915548631","0,6807392836",1,1,1,1999.0,5,2,6,-1,A01,3,0,2,3,15,5,4,PAILHOU (PLACE GASTON),0.0,,1,1,1,1,1,1,0,1,50,adult
202100039607,17,5,2021,0 days 14:30:00,1,75,75115,2,2,8,3,RUE DE VAUGIRARD,"48,8429960000","2,3127970000",1,1,1,1953.0,5,1,0,-1,B01,2,0,2,7,1,5,4,RUE DE VAUGIRARD,0.0,,2,3,1,1,1,2,5,5,50,child
202100039607,17,5,2021,0 days 14:30:00,1,75,75115,2,2,8,3,RUE DE VAUGIRARD,"48,8429960000","2,3127970000",1,4,2,2000.0,5,8,0,-1,B01,2,0,2,7,1,5,4,RUE DE VAUGIRARD,0.0,,2,3,1,1,1,2,5,5,50,adult
202100039619,16,5,2021,0 days 11:20:00,1,92,92064,2,1,2,1,GRANDE RUE,"48,8265322782","2,2190830510",1,1,2,1956.0,3,8,0,-1,A01,2,0,2,1,13,5,3,GRANDE RUE,0.0,,3,4,0,1,1,2,0,5,30,child
202100039619,16,5,2021,0 days 11:20:00,1,92,92064,2,1,2,1,GRANDE RUE,"48,8265322782","2,2190830510",1,4,1,1996.0,5,2,8,-1,A01,2,0,2,1,13,5,3,GRANDE RUE,0.0,,3,4,0,1,1,2,0,5,30,adult
202100039691,16,5,2021,0 days 14:39:00,1,54,54395,2,2,1,6,BAZIN (RUE HENRI) + (SENTIER),"48,6970700000","6,1949000000",1,1,1,1960.0,0,1,0,-1,A01,1,0,2,1,25,5,4,,0.0,,1,2,1,1,1,1,0,1,30,child
202100039691,16,5,2021,0 days 14:39:00,1,54,54395,2,2,1,6,BAZIN (RUE HENRI) + (SENTIER),"48,6970700000","6,1949000000",1,3,2,1984.0,0,2,0,-1,A01,1,0,2,1,25,5,4,,0.0,,1,2,1,1,1,1,0,1,30,adult
202100039691,16,5,2021,0 days 14:39:00,1,54,54395,2,2,1,6,BAZIN (RUE HENRI) + (SENTIER),"48,6970700000","6,1949000000",1,1,1,1995.0,0,1,0,-1,A01,1,0,2,1,25,5,4,,0.0,,1,2,1,1,1,1,0,1,30,adult
202100039766,17,5,2021,0 days 17:40:00,1,78,78263,2,1,2,3,Rue de l''Eglise,"48,7742260000","1,6711290000",1,1,1,1961.0,4,1,-1,-1,B01,2,0,2,3,13,5,3,983,0.0,,2,2,0,1,1,2,0,1,50,child
202100039766,17,5,2021,0 days 17:40:00,1,78,78263,2,1,2,3,Rue de l''Eglise,"48,7742260000","1,6711290000",1,3,1,2007.0,0,0,-1,-1,B01,2,0,2,3,13,5,3,983,0.0,,2,2,0,1,1,2,0,1,50,adult
202100039774,8,4,2021,0 days 11:00:00,1,38,38111,2,1,1,7,Avenue de la Libération,"45,1202610000","5,6956820000",1,4,1,1947.0,0,0,-1,-1,B01,3,0,0,0,2,5,7,1075,0.0,D,3,1,2,4,1,1,2,5,50,child
202100039774,8,4,2021,0 days 11:00:00,1,38,38111,2,1,1,7,Avenue de la Libération,"45,1202610000","5,6956820000",1,1,1,1989.0,4,1,-1,-1,B01,3,0,0,0,2,5,7,1075,0.0,D,3,1,2,4,1,1,2,5,50,adult
202100039848,15,5,2021,0 days 11:40:00,1,94,94038,2,3,2,3,Rue Albert 1er,"48,7791760000","2,3311190000",1,4,1,1966.0,0,0,0,-1,A01,2,0,2,1,1,5,3,JULES GRAVEREAUX (AV),0.0,,2,2,0,2,2,2,0,1,30,child
202100039848,15,5,2021,0 days 11:40:00,1,94,94038,2,3,2,3,Rue Albert 1er,"48,7791760000","2,3311190000",1,1,1,1987.0,5,1,8,-1,A01,2,0,2,1,1,5,3,JULES GRAVEREAUX (AV),0.0,,2,2,0,2,2,2,0,1,30,adult
202100039855,15,5,2021,0 days 15:50:00,1,92,92012,2,1,4,2,ANATOLE FRANCE (BOULEVARD) 5/FIN,"48,8501400000","2,2385400000",1,1,1,1982.0,0,1,0,-1,B01,1,1,0,6,1,5,4,ANATOLE FRANCE (BOULEVARD) 5/FIN,0.0,,3,2,0,2,1,2,0,1,30,child
202100039855,15,5,2021,0 days 15:50:00,1,92,92012,2,1,4,2,ANATOLE FRANCE (BOULEVARD) 5/FIN,"48,8501400000","2,2385400000",1,4,1,2008.0,0,2,0,-1,B01,1,1,0,6,1,5,4,ANATOLE FRANCE (BOULEVARD) 5/FIN,0.0,,3,2,0,2,1,2,0,1,30,adult
202100039888,16,5,2021,0 days 11:10:00,1,71,71060,1,3,3,3,"le carge, PK 09+600","46,3059640000","4,1469180000",1,1,2,1969.0,4,1,-1,-1,A01,2,0,2,2,15,5,3,174,-1.0,,2,1,0,1,1,2,0,1,80,child
202100039888,16,5,2021,0 days 11:10:00,1,71,71060,1,3,3,3,"le carge, PK 09+600","46,3059640000","4,1469180000",1,4,1,2006.0,5,2,6,9,A01,2,0,2,2,15,5,3,174,-1.0,,2,1,0,1,1,2,0,1,80,adult
202100039931,12,5,2021,0 days 18:35:00,1,63,63113,2,1,1,6,JOUHAUX (BD LEON),"45,7916504591","3,1153103167",1,1,1,1971.0,4,1,0,-1,A01,2,0,4,0,2,5,4,JOUHAUX (BD LEON),0.0,,-1,2,3,1,1,1,4,6,50,child
202100039931,12,5,2021,0 days 18:35:00,1,63,63113,2,1,1,6,JOUHAUX (BD LEON),"45,7916504591","3,1153103167",1,4,2,2002.0,0,8,0,-1,A01,2,0,4,0,2,5,4,JOUHAUX (BD LEON),0.0,,-1,2,3,1,1,1,4,6,50,adult
202100039933,14,5,2021,0 days 12:00:00,1,60,60159,2,6,1,3,carrefour Juchat,"49,4196300000","2,8203400000",1,1,1,1946.0,5,1,0,-1,B01,1,0,2,7,1,5,3,C. JUCHAT (CARREFOUR),0.0,,1,2,0,1,1,1,5,1,30,child
202100039933,14,5,2021,0 days 12:00:00,1,60,60159,2,6,1,3,carrefour Juchat,"49,4196300000","2,8203400000",1,4,2,1986.0,3,2,6,-1,B01,1,0,2,7,1,5,3,C. JUCHAT (CARREFOUR),0.0,,1,2,0,1,1,1,5,1,30,adult
202100039940,14,5,2021,0 days 18:00:00,1,44,44135,2,1,1,2,CRIQUE ( RUE DE LA CRIQUE ),"47,2816410000"," -2,4291180000",1,1,1,1976.0,1,1,0,-1,A01,1,1,0,1,17,5,4,CRIQUE ( RUE DE LA CRIQUE ),0.0,,-1,2,0,1,1,1,0,1,50,child
202100039940,14,5,2021,0 days 18:00:00,1,44,44135,2,1,1,2,CRIQUE ( RUE DE LA CRIQUE ),"47,2816410000"," -2,4291180000",1,4,1,2005.0,5,8,0,-1,A01,1,1,0,1,17,5,4,CRIQUE ( RUE DE LA CRIQUE ),0.0,,-1,2,0,1,1,1,0,1,50,adult
202100039948,14,5,2021,0 days 17:35:00,1,29,29039,1,6,8,3,RD 783,"47,8857200000"," -3,9133300000",1,1,2,1973.0,5,1,-1,-1,B01,2,0,2,1,1,5,3,RD 783,0.0,,4,2,0,2,1,1,0,1,70,child
202100039948,14,5,2021,0 days 17:35:00,1,29,29039,1,6,8,3,RD 783,"47,8857200000"," -3,9133300000",1,4,1,2003.0,5,2,-1,-1,B01,2,0,2,1,1,5,3,RD 783,0.0,,4,2,0,2,1,1,0,1,70,adult
202100039992,15,5,2021,0 days 16:00:00,1,63,63385,1,4,3,1,D578,"45,8106970000","2,8425190000",1,1,1,1941.0,3,1,-1,-1,B01,2,0,2,1,1,6,3,578,0.0,D,2,2,0,1,1,2,0,1,80,child
202100039992,15,5,2021,0 days 16:00:00,1,63,63385,1,4,3,1,D578,"45,8106970000","2,8425190000",1,3,1,1970.0,5,2,6,-1,B01,2,0,2,1,1,6,3,578,0.0,D,2,2,0,1,1,2,0,1,80,adult
202100039996,15,5,2021,0 days 10:10:00,1,84,84017,1,1,2,2,RD 974,"44,1204350000","5,2287200000",1,1,1,1950.0,5,1,-1,-1,A01,1,0,2,1,2,5,3,D974,-1.0,,2,2,0,2,1,2,0,1,80,child
202100039996,15,5,2021,0 days 10:10:00,1,84,84017,1,1,2,2,RD 974,"44,1204350000","5,2287200000",1,4,1,1992.0,5,2,-1,-1,A01,1,0,2,1,2,5,3,D974,-1.0,,2,2,0,2,1,2,0,1,80,adult
202100040088,14,5,2021,0 days 18:05:00,1,65,65447,2,1,1,1,Rue de l'Arros,"43,1873740000","0,2448320000",1,1,1,1977.0,5,1,-1,-1,A01,3,0,2,1,1,6,4,,-1.0,,2,2,0,2,1,1,0,1,50,child
202100040088,14,5,2021,0 days 18:05:00,1,65,65447,2,1,1,1,Rue de l'Arros,"43,1873740000","0,2448320000",1,3,1,2007.0,5,0,-1,-1,A01,3,0,2,1,1,6,4,,-1.0,,2,2,0,2,1,1,0,1,50,adult
202100040104,12,5,2021,0 days 16:10:00,1,45,45014,2,3,1,3,rue de la vallée,"48,1959810000","2,3830570000",1,1,2,1955.0,0,8,-1,-1,B01,2,0,2,1,1,5,3,26,-1.0,,2,2,0,1,1,1,0,1,50,child
202100040104,12,5,2021,0 days 16:10:00,1,45,45014,2,3,1,3,rue de la vallée,"48,1959810000","2,3830570000",1,3,2,2008.0,5,0,-1,-1,B01,2,0,2,1,1,5,3,26,-1.0,,2,2,0,1,1,1,0,1,50,adult
202100040118,13,5,2021,0 days 10:30:00,1,29,29233,2,1,8,2,Rue de Kervail,"47,8718420000"," -3,5767040000",1,4,2,1978.0,5,2,6,-1,B01,3,0,2,4,1,5,4,,-1.0,,2,2,0,1,1,2,0,1,50,child
202100040118,13,5,2021,0 days 10:30:00,1,29,29233,2,1,8,2,Rue de Kervail,"47,8718420000"," -3,5767040000",1,1,1,2000.0,4,8,-1,-1,B01,3,0,2,4,1,5,4,,-1.0,,2,2,0,1,1,2,0,1,50,adult
202100040174,10,5,2021,0 days 10:57:00,1,56,56098,2,2,1,3,CROIZAT ( AVE AMBROISE ),"47,7744200000"," -3,3466900000",1,4,1,1945.0,5,2,8,-1,B01,1,0,2,1,1,5,3,CROIZAT ( AVE AMBROISE ),0.0,,2,2,0,1,1,1,0,1,50,child
202100040174,10,5,2021,0 days 10:57:00,1,56,56098,2,2,1,3,CROIZAT ( AVE AMBROISE ),"47,7744200000"," -3,3466900000",1,1,2,2005.0,9,1,-1,-1,B01,1,0,2,1,1,5,3,CROIZAT ( AVE AMBROISE ),0.0,,2,2,0,1,1,1,0,1,50,adult
202100040189,12,5,2021,0 days 06:10:00,5,35,35238,2,1,1,3,SAINT-HELIER,"48,1062300000"," -1,6675100000",1,1,1,1967.0,4,8,4,-1,B01,1,1,2,7,17,5,4,SAINT-HELIER,0.0,,2,2,1,1,1,1,0,1,30,child
202100040189,12,5,2021,0 days 06:10:00,5,35,35238,2,1,1,3,SAINT-HELIER,"48,1062300000"," -1,6675100000",1,4,1,1994.0,5,8,0,-1,B01,1,1,2,7,17,5,4,SAINT-HELIER,0.0,,2,2,1,1,1,1,0,1,30,adult
202100040193,12,5,2021,0 days 15:03:00,1,32,32013,2,3,8,3,YSER (AVENUE DE L'),"43,6531100000","0,5952400000",2,1,2,1962.0,5,1,0,-1,B01,2,0,2,7,25,5,2,YSER (AVENUE DE L'),0.0,,2,1,0,1,1,1,0,1,50,child
202100040193,12,5,2021,0 days 15:03:00,1,32,32013,2,3,8,3,YSER (AVENUE DE L'),"43,6531100000","0,5952400000",1,1,1,1982.0,4,1,0,-1,B01,2,0,2,7,25,5,2,YSER (AVENUE DE L'),0.0,,2,1,0,1,1,1,0,1,50,adult