Num_Acc,jour,mois,an,hrmn,lum,dep,com,agg,int,atm,col,adr,lat,long,catu,grav,sexe,an_nais,trajet,secu1,secu2,secu3,num_veh_y,senc,obs,obsm,choc,manv,motor,catr,voie,v1,v2,circ,nbv,vosp,prof,plan,surf,infra,situ,vma,age
202100040193,12,5,2021,0 days 15:03:00,1,32,32013,2,3,8,3,YSER (AVENUE DE L'),"43,6531100000","0,5952400000",2,1,2,1989.0,5,1,0,-1,B01,2,0,2,7,25,5,2,YSER (AVENUE DE L'),0.0,,2,1,0,1,1,1,0,1,50,adult
202100040193,12,5,2021,0 days 15:03:00,1,32,32013,2,3,8,3,YSER (AVENUE DE L'),"43,6531100000","0,5952400000",1,4,1,2006.0,5,2,0,-1,B01,2,0,2,7,25,5,2,YSER (AVENUE DE L'),0.0,,2,1,0,1,1,1,0,1,50,adult
202100040198,12,5,2021,0 days 16:05:00,1,27,27229,2,3,2,1,ARTOIS (RUE D'),"49,0330100000","1,1389000000",1,1,1,1966.0,4,1,5,-1,B01,0,0,2,3,1,5,4,ARTOIS (RUE D'),0.0,,2,2,0,2,1,2,0,1,50,child
202100040198,12,5,2021,0 days 16:05:00,1,27,27229,2,3,2,1,ARTOIS (RUE D'),"49,0330100000","1,1389000000",2,4,2,2004.0,2,1,0,-1,B01,0,0,2,3,1,5,4,ARTOIS (RUE D'),0.0,,2,2,0,2,1,2,0,1,50,adult
202100040198,12,5,2021,0 days 16:05:00,1,27,27229,2,3,2,1,ARTOIS (RUE D'),"49,0330100000","1,1389000000",1,4,1,2006.0,5,8,0,-1,B01,0,0,2,3,1,5,4,ARTOIS (RUE D'),0.0,,2,2,0,2,1,2,0,1,50,adult
202100040224,12,5,2021,0 days 15:20:00,1,75,75109,2,7,8,2,BOULEVARD HAUSSMANN,"48,8731390000","2,3315190000",1,1,1,1961.0,4,1,0,-1,B01,1,0,2,1,2,5,4,BOULEVARD HAUSSMANN,0.0,,1,1,0,1,1,1,0,1,50,child
202100040224,12,5,2021,0 days 15:20:00,1,75,75109,2,7,8,2,BOULEVARD HAUSSMANN,"48,8731390000","2,3315190000",1,4,1,1995.0,4,8,0,-1,B01,1,0,2,1,2,5,4,BOULEVARD HAUSSMANN,0.0,,1,1,0,1,1,1,0,1,50,adult
202100040237,12,5,2021,0 days 16:00:00,1,92,92024,2,1,1,3,JEAN JAURES (BD) DE 47 A 109)   (56 A 14,"48,9020485809","2,3045727611",1,1,1,1942.0,3,8,0,-1,B01,2,1,0,1,1,5,3,911,0.0,,1,3,3,1,1,1,0,6,50,child
202100040237,12,5,2021,0 days 16:00:00,1,92,92024,2,1,1,3,JEAN JAURES (BD) DE 47 A 109)   (56 A 14,"48,9020485809","2,3045727611",1,4,2,2013.0,0,8,0,-1,B01,2,1,0,1,1,5,3,911,0.0,,1,3,3,1,1,1,0,6,50,adult
202100040238,12,5,2021,0 days 15:15:00,1,92,92023,2,2,1,3,PORTE DE TRIVAUX (RUE DE) N°57 A 197 ET,"48,7848109699","2,2380142319",1,4,1,1950.0,5,8,0,-1,B01,2,0,2,3,0,0,3,80,0.0,,2,2,0,1,1,1,0,1,50,child
202100040238,12,5,2021,0 days 15:15:00,1,92,92023,2,2,1,3,PORTE DE TRIVAUX (RUE DE) N°57 A 197 ET,"48,7848109699","2,2380142319",1,1,1,1981.0,5,1,8,-1,B01,2,0,2,3,0,0,3,80,0.0,,2,2,0,1,1,1,0,1,50,adult
202100040240,6,5,2021,0 days 19:40:00,1,92,92012,2,2,1,3,CHARLES DE GAULLE (AVENUE) - COTE PAIR,"48,8503100000","2,2377500000",1,4,1,1964.0,0,1,0,-1,B01,2,0,2,0,1,5,4,CHARLES DE GAULLE (AVENUE) - COTE PAIR,0.0,,-1,2,0,1,1,1,0,1,50,child
202100040240,6,5,2021,0 days 19:40:00,1,92,92012,2,2,1,3,CHARLES DE GAULLE (AVENUE) - COTE PAIR,"48,8503100000","2,2377500000",1,1,1,1990.0,1,1,0,-1,B01,2,0,2,0,1,5,4,CHARLES DE GAULLE (AVENUE) - COTE PAIR,0.0,,-1,2,0,1,1,1,0,1,50,adult
202100040244,12,5,2021,0 days 18:37:00,1,68,68300,2,7,1,1,9 Allée des Alouettes,"47,7924690000","7,3800870000",1,1,1,1959.0,5,1,-1,-1,B01,3,0,2,1,15,5,4,,-1.0,,2,2,0,1,3,1,0,1,50,child
202100040244,12,5,2021,0 days 18:37:00,1,68,68300,2,7,1,1,9 Allée des Alouettes,"47,7924690000","7,3800870000",1,3,1,2006.0,5,0,-1,-1,B01,3,0,2,1,15,5,4,,-1.0,,2,2,0,1,3,1,0,1,50,adult
202100040253,12,5,2021,0 days 08:55:00,1,63,63180,1,3,1,2,D20 Route de Joze/ VC,"45,8604171087","3,3184200928",1,3,1,1951.0,5,0,-1,-1,A01,2,0,9,4,15,0,3,20,0.0,,2,2,0,1,1,1,0,1,80,child
202100040253,12,5,2021,0 days 08:55:00,1,63,63180,1,3,1,2,D20 Route de Joze/ VC,"45,8604171087","3,3184200928",1,1,1,1976.0,4,1,-1,-1,A01,2,0,9,4,15,0,3,20,0.0,,2,2,0,1,1,1,0,1,80,adult
202100040311,11,5,2021,0 days 08:20:00,1,69,69386,2,2,2,3,DUQUESNE (R),"45,7724600000","4,8431000000",1,4,2,1966.0,1,0,-1,-1,A01,1,0,2,7,1,5,4,DUQUESNE                            (R ),0.0,,2,4,3,1,1,2,0,1,50,child
202100040311,11,5,2021,0 days 08:20:00,1,69,69386,2,2,2,3,DUQUESNE (R),"45,7724600000","4,8431000000",1,1,1,1995.0,1,1,-1,-1,A01,1,0,2,7,1,5,4,DUQUESNE                            (R ),0.0,,2,4,3,1,1,2,0,1,50,adult
202100040331,8,5,2021,0 days 15:25:00,1,63,63113,2,1,1,6,AULTERIBE (RUE),"45,8123800000","3,1281100000",1,4,1,1942.0,0,8,0,-1,B01,0,0,2,7,1,5,4,AULTERIBE (RUE),0.0,,2,2,0,1,1,1,0,1,50,child
202100040331,8,5,2021,0 days 15:25:00,1,63,63113,2,1,1,6,AULTERIBE (RUE),"45,8123800000","3,1281100000",1,1,1,1971.0,0,1,0,-1,B01,0,0,2,7,1,5,4,AULTERIBE (RUE),0.0,,2,2,0,1,1,1,0,1,50,adult
202100040339,9,5,2021,0 days 11:13:00,1,49,49007,2,1,1,3,COMMERCE,"47,4750900000"," -0,5498100000",1,1,1,1965.0,5,8,0,-1,B01,1,0,2,0,26,6,4,COMMERCE,0.0,,-1,2,0,1,1,1,0,1,50,child
202100040339,9,5,2021,0 days 11:13:00,1,49,49007,2,1,1,3,COMMERCE,"47,4750900000"," -0,5498100000",1,4,1,1996.0,5,8,0,-1,B01,1,0,2,0,26,6,4,COMMERCE,0.0,,-1,2,0,1,1,1,0,1,50,adult
202100040342,11,5,2021,0 days 18:45:00,1,35,35238,2,3,1,3,SOLFERINO (BD),"48,1044800000"," -1,6686400000",1,4,1,1983.0,2,8,-1,-1,B01,1,0,2,0,17,5,4,SOLFERINO (BD),0.0,,2,2,0,1,1,1,0,1,50,child
202100040342,11,5,2021,0 days 18:45:00,1,35,35238,2,3,1,3,SOLFERINO (BD),"48,1044800000"," -1,6686400000",1,1,1,2001.0,4,2,6,-1,B01,1,0,2,0,17,5,4,SOLFERINO (BD),0.0,,2,2,0,1,1,1,0,1,50,adult
202100040342,11,5,2021,0 days 18:45:00,1,35,35238,2,3,1,3,SOLFERINO (BD),"48,1044800000"," -1,6686400000",2,1,1,2019.0,2,3,2,-1,B01,1,0,2,0,17,5,4,SOLFERINO (BD),0.0,,2,2,0,1,1,1,0,1,50,adult
202100040371,11,5,2021,0 days 17:40:00,1,75,75109,2,3,1,6,RUE D AMSTERDAM,"48,8812670000","2,3270840000",3,3,1,1951.0,5,8,8,-1,A01,2,0,1,1,1,5,4,RUE D AMSTERDAM,0.0,,2,2,1,2,1,1,0,5,50,child
202100040371,11,5,2021,0 days 17:40:00,1,75,75109,2,3,1,6,RUE D AMSTERDAM,"48,8812670000","2,3270840000",1,1,1,2004.0,5,2,0,-1,A01,2,0,1,1,1,5,4,RUE D AMSTERDAM,0.0,,2,2,1,2,1,1,0,5,50,adult
202100040373,11,5,2021,0 days 09:00:00,1,75,75108,2,2,1,3,AVENUE DES CHAMPS ELYSEES,"48,8677930000","2,3139130000",1,1,1,1960.0,9,2,6,-1,B01,2,0,2,1,1,5,4,AVENUE DES CHAMPS ELYSEES,0.0,,2,8,1,1,1,1,5,5,50,child
202100040373,11,5,2021,0 days 09:00:00,1,75,75108,2,2,1,3,AVENUE DES CHAMPS ELYSEES,"48,8677930000","2,3139130000",1,4,1,1987.0,4,2,0,-1,B01,2,0,2,1,1,5,4,AVENUE DES CHAMPS ELYSEES,0.0,,2,8,1,1,1,1,5,5,50,adult
202100040414,11,5,2021,0 days 14:45:00,1,30,30179,2,1,1,6,avenue du général de Gaulle,"43,8741100000","4,5924990000",1,3,1,1938.0,0,2,-1,-1,B01,3,0,2,4,1,5,9,,-1.0,,2,2,0,1,1,1,0,1,50,child
202100040414,11,5,2021,0 days 14:45:00,1,30,30179,2,1,1,6,avenue du général de Gaulle,"43,8741100000","4,5924990000",1,1,1,1988.0,0,1,-1,-1,B01,3,0,2,4,1,5,9,,-1.0,,2,2,0,1,1,1,0,1,50,adult
202100040441,10,5,2021,0 days 14:15:00,1,974,97411,2,1,1,3,MOUFIA (ROUTE DE)," -20,8972800000","55,4914000000",1,1,2,1956.0,9,1,0,-1,B01,0,0,2,1,2,5,4,MOUFIA (ROUTE DE),0.0,,2,2,0,2,1,1,0,1,50,child
202100040441,10,5,2021,0 days 14:15:00,1,974,97411,2,1,1,3,MOUFIA (ROUTE DE)," -20,8972800000","55,4914000000",1,4,1,2003.0,0,0,-1,-1,B01,0,0,2,1,2,5,4,MOUFIA (ROUTE DE),0.0,,2,2,0,2,1,1,0,1,50,adult
202100040455,9,5,2021,0 days 10:00:00,1,90,90001,2,9,1,3,MONTBELIARD (ROUTE DE),"47,6006280000","6,8624870000",1,1,1,1939.0,0,1,0,-1,C01,3,0,2,7,0,6,4,MONTBELIARD (ROUTE DE),0.0,,-1,1,0,1,2,1,5,1,50,child
202100040455,9,5,2021,0 days 10:00:00,1,90,90001,2,9,1,3,MONTBELIARD (ROUTE DE),"47,6006280000","6,8624870000",1,4,1,1974.0,0,8,0,-1,C01,3,0,2,7,0,6,4,MONTBELIARD (ROUTE DE),0.0,,-1,1,0,1,2,1,5,1,50,adult
202100040455,9,5,2021,0 days 10:00:00,1,90,90001,2,9,1,3,MONTBELIARD (ROUTE DE),"47,6006280000","6,8624870000",1,4,1,1985.0,0,8,0,-1,C01,3,0,2,7,0,6,4,MONTBELIARD (ROUTE DE),0.0,,-1,1,0,1,2,1,5,1,50,adult
202100040457,8,5,2021,0 days 18:53:00,1,87,87085,2,3,1,3,PUY REJEAUD (RUE DU),"45,8441100000","1,2237300000",1,1,1,1971.0,5,1,0,-1,A01,1,0,2,1,9,5,4,PUY REJEAUD (RUE DU),0.0,,2,2,0,1,2,1,0,1,50,child
202100040457,8,5,2021,0 days 18:53:00,1,87,87085,2,3,1,3,PUY REJEAUD (RUE DU),"45,8441100000","1,2237300000",1,4,1,2010.0,5,8,0,-1,A01,1,0,2,1,9,5,4,PUY REJEAUD (RUE DU),0.0,,2,2,0,1,2,1,0,1,50,adult
202100040477,9,5,2021,0 days 09:55:00,1,54,54395,2,2,1,3,Marcel BROT (Rue et Rond-Point ),"48,6867299549","6,2011174389",1,1,1,1963.0,0,1,0,-1,A01,1,0,2,1,1,5,4,Marcel BROT (Rue et Rond-Point ),0.0,,2,3,0,1,1,1,0,1,50,child
202100040477,9,5,2021,0 days 09:55:00,1,54,54395,2,2,1,3,Marcel BROT (Rue et Rond-Point ),"48,6867299549","6,2011174389",1,4,1,2002.0,0,2,0,-1,A01,1,0,2,1,1,5,4,Marcel BROT (Rue et Rond-Point ),0.0,,2,3,0,1,1,1,0,1,50,adult
202100040489,9,5,2021,0 days 08:39:00,1,29,29232,2,1,1,3,Route de Pont l’Abbe,"47,9811700000"," -4,1212000000",1,4,1,1947.0,5,2,-1,-1,B01,1,1,2,7,1,5,4,PONT L'ABBE ROUTE DE,0.0,,2,2,2,1,1,1,0,1,50,child
202100040489,9,5,2021,0 days 08:39:00,1,29,29232,2,1,1,3,Route de Pont l’Abbe,"47,9811700000"," -4,1212000000",1,1,1,1975.0,1,1,8,-1,B01,1,1,2,7,1,5,4,PONT L'ABBE ROUTE DE,0.0,,2,2,2,1,1,1,0,1,50,adult
202100040497,7,5,2021,0 days 17:00:00,1,05,05061,2,3,1,3,ABBE PASCAL  ( RUE ),"44,5559300000","6,0758100000",2,1,2,1954.0,9,1,0,-1,B01,2,0,2,1,1,5,2,,0.0,,2,3,0,1,1,1,0,5,50,child
202100040497,7,5,2021,0 days 17:00:00,1,05,05061,2,3,1,3,ABBE PASCAL  ( RUE ),"44,5559300000","6,0758100000",1,1,2,2001.0,0,1,0,-1,B01,2,0,2,1,1,5,2,,0.0,,2,3,0,1,1,1,0,5,50,adult
202100040536,30,4,2021,0 days 18:45:00,1,92,92004,2,3,1,6,JEAN DUSSOURD,"48,9070900000","2,2915000000",1,1,1,1990.0,9,1,0,-1,B01,3,0,2,1,19,0,3,7,0.0,,2,2,0,1,1,1,5,1,50,child
202100040536,30,4,2021,0 days 18:45:00,1,92,92004,2,3,1,6,JEAN DUSSOURD,"48,9070900000","2,2915000000",1,4,1,2017.0,5,2,0,-1,B01,3,0,2,1,19,0,3,7,0.0,,2,2,0,1,1,1,5,1,50,adult
202100040546,11,5,2021,0 days 17:19:00,1,38,38373,2,2,3,3,D12a,"45,3662450000","5,5530100000",1,3,1,1948.0,5,2,-1,-1,A01,3,0,2,7,15,5,3,12,0.0,A,2,2,0,1,2,2,0,1,50,child
202100040546,11,5,2021,0 days 17:19:00,1,38,38373,2,2,3,3,D12a,"45,3662450000","5,5530100000",1,1,1,1997.0,3,1,-1,-1,A01,3,0,2,7,15,5,3,12,0.0,A,2,2,0,1,2,2,0,1,50,adult
202100040546,11,5,2021,0 days 17:19:00,1,38,38373,2,2,3,3,D12a,"45,3662450000","5,5530100000",2,1,1,2004.0,3,1,-1,-1,A01,3,0,2,7,15,5,3,12,0.0,A,2,2,0,1,2,2,0,1,50,adult
202100040570,11,5,2021,0 days 18:15:00,1,88,88219,2,9,2,3,D19,"48,4500480000","5,6791380000",1,1,1,1970.0,1,1,-1,-1,B01,3,0,2,8,19,5,3,19,0.0,D,2,2,0,1,1,2,0,1,50,child
202100040570,11,5,2021,0 days 18:15:00,1,88,88219,2,9,2,3,D19,"48,4500480000","5,6791380000",1,3,1,2006.0,5,0,-1,-1,B01,3,0,2,8,19,5,3,19,0.0,D,2,2,0,1,1,2,0,1,50,adult
202100040599,9,5,2021,0 days 15:30:00,1,95,95019,2,1,1,3,JAURES JEAN (RUE),"48,9949300000","2,4193800000",1,1,2,1985.0,5,1,0,-1,A01,3,0,2,1,25,5,4,JAURES JEAN (RUE),0.0,,2,0,0,1,1,1,0,4,50,child
202100040599,9,5,2021,0 days 15:30:00,1,95,95019,2,1,1,3,JAURES JEAN (RUE),"48,9949300000","2,4193800000",1,4,2,2005.0,5,0,-1,-1,A01,3,0,2,1,25,5,4,JAURES JEAN (RUE),0.0,,2,0,0,1,1,1,0,4,50,adult
202100040599,9,5,2021,0 days 15:30:00,1,95,95019,2,1,1,3,JAURES JEAN (RUE),"48,9949300000","2,4193800000",2,1,1,2019.0,5,3,-1,-1,A01,3,0,2,1,25,5,4,JAURES JEAN (RUE),0.0,,2,0,0,1,1,1,0,4,50,adult
202100040626,9,5,2021,0 days 11:20:00,1,75,75119,2,2,1,3,RUE DE BELLEVILLE,"48,8754630000","2,3990100000",2,1,1,1969.0,9,1,0,-1,B01,3,0,2,1,1,5,4,RUE DE BELLEVILLE,0.0,,2,4,0,1,1,1,0,1,50,child
202100040626,9,5,2021,0 days 11:20:00,1,75,75119,2,2,1,3,RUE DE BELLEVILLE,"48,8754630000","2,3990100000",1,4,1,1983.0,9,8,0,-1,B01,3,0,2,1,1,5,4,RUE DE BELLEVILLE,0.0,,2,4,0,1,1,1,0,1,50,adult
202100040626,9,5,2021,0 days 11:20:00,1,75,75119,2,2,1,3,RUE DE BELLEVILLE,"48,8754630000","2,3990100000",1,1,1,2001.0,9,1,0,-1,B01,3,0,2,1,1,5,4,RUE DE BELLEVILLE,0.0,,2,4,0,1,1,1,0,1,50,adult
202100040673,9,5,2021,0 days 10:25:00,1,73,73010,1,1,1,6,D49 Rte de Saint Girod (Mognard),"45,7520030000","5,9420180000",1,3,2,1951.0,5,2,-1,-1,B01,2,0,2,9,1,5,3,49,-1.0,,2,2,0,2,1,1,0,1,80,child
202100040673,9,5,2021,0 days 10:25:00,1,73,73010,1,1,1,6,D49 Rte de Saint Girod (Mognard),"45,7520030000","5,9420180000",1,3,1,1997.0,5,2,-1,-1,B01,2,0,2,9,1,5,3,49,-1.0,,2,2,0,2,1,1,0,1,80,adult
202100040700,8,4,2021,0 days 15:00:00,1,31,31421,1,1,1,2,d820,"43,4837950000","1,3911310000",1,1,1,1948.0,5,1,-1,-1,B01,0,0,2,5,19,0,4,820,0.0,D,3,4,0,1,1,1,9,8,110,child
202100040700,8,4,2021,0 days 15:00:00,1,31,31421,1,1,1,2,d820,"43,4837950000","1,3911310000",1,3,1,2003.0,2,0,-1,-1,B01,0,0,2,5,19,0,4,820,0.0,D,3,4,0,1,1,1,9,8,110,adult
202100040746,8,5,2021,0 days 12:20:00,1,38,38151,2,1,1,3,Avenue Victor Hugo,"45,1531000000","5,7113000000",1,4,1,1969.0,0,2,8,-1,B01,3,0,2,1,1,5,4,,0.0,,2,4,1,2,1,1,0,1,50,child
202100040746,8,5,2021,0 days 12:20:00,1,38,38151,2,1,1,3,Avenue Victor Hugo,"45,1531000000","5,7113000000",1,1,1,2001.0,0,1,8,-1,B01,3,0,2,1,1,5,4,,0.0,,2,4,1,2,1,1,0,1,50,adult
202100040773,8,5,2021,0 days 18:15:00,1,75,75101,2,3,1,3,BOULEVARD DE SEBASTOPOL,"48,8629350000","2,3507150000",1,4,1,1973.0,9,8,0,-1,B01,1,0,2,1,1,5,4,BOULEVARD DE SEBASTOPOL,0.0,,1,4,1,1,1,1,0,5,50,child
202100040773,8,5,2021,0 days 18:15:00,1,75,75101,2,3,1,3,BOULEVARD DE SEBASTOPOL,"48,8629350000","2,3507150000",1,1,1,2002.0,9,1,8,-1,B01,1,0,2,1,1,5,4,BOULEVARD DE SEBASTOPOL,0.0,,1,4,1,1,1,1,0,5,50,adult
202100040773,8,5,2021,0 days 18:15:00,1,75,75101,2,3,1,3,BOULEVARD DE SEBASTOPOL,"48,8629350000","2,3507150000",2,1,2,2003.0,9,1,0,-1,B01,1,0,2,1,1,5,4,BOULEVARD DE SEBASTOPOL,0.0,,1,4,1,1,1,1,0,5,50,adult
202100040775,8,5,2021,0 days 17:05:00,1,94,94016,2,1,1,6,Avenue de la Division Leclerc,"48,7865500000","2,3296000000",3,1,2,1975.0,0,0,-1,-1,A01,2,0,1,2,1,5,3,AV DE LA DIVISION LECLERC ,0.0,,-1,3,1,1,1,1,0,5,50,child
202100040775,8,5,2021,0 days 17:05:00,1,94,94016,2,1,1,6,Avenue de la Division Leclerc,"48,7865500000","2,3296000000",1,4,1,1997.0,0,2,0,-1,A01,2,0,1,2,1,5,3,AV DE LA DIVISION LECLERC ,0.0,,-1,3,1,1,1,1,0,5,50,adult
202100040778,8,5,2021,0 days 12:20:00,1,92,92072,2,1,1,3,EUROPE (AVENUE DE L'),"48,8237100000","2,2112200000",1,1,2,1970.0,5,2,8,-1,B01,2,0,2,2,1,5,3,EUROPE (AVENUE DE L'),0.0,,1,3,1,1,1,1,0,5,50,child
202100040778,8,5,2021,0 days 12:20:00,1,92,92072,2,1,1,3,EUROPE (AVENUE DE L'),"48,8237100000","2,2112200000",1,4,1,1993.0,4,2,6,-1,B01,2,0,2,2,1,5,3,EUROPE (AVENUE DE L'),0.0,,1,3,1,1,1,1,0,5,50,adult
202100040780,7,5,2021,0 days 16:50:00,1,92,92025,2,1,1,3,HENRI BARBUSSE (AV),"48,9210188057","2,2526156902",1,4,2,1967.0,0,8,0,-1,B01,2,1,0,1,1,5,3,106,0.0,,2,2,2,1,1,1,0,1,12,child
202100040780,7,5,2021,0 days 16:50:00,1,92,92025,2,1,1,3,HENRI BARBUSSE (AV),"48,9210188057","2,2526156902",2,1,1,1979.0,4,8,0,-1,B01,2,1,0,1,1,5,3,106,0.0,,2,2,2,1,1,1,0,1,12,adult
202100040780,7,5,2021,0 days 16:50:00,1,92,92025,2,1,1,3,HENRI BARBUSSE (AV),"48,9210188057","2,2526156902",1,1,1,1991.0,4,8,0,-1,B01,2,1,0,1,1,5,3,106,0.0,,2,2,2,1,1,1,0,1,12,adult
202100040793,9,5,2021,0 days 16:45:00,1,74,74236,1,1,1,1,1180 Av du Mont Paccard,"45,9024390000","6,7116080000",1,1,1,1949.0,5,1,-1,-1,B01,2,0,2,1,5,5,3,D902,-1.0,,2,2,0,2,4,1,0,1,80,child
202100040793,9,5,2021,0 days 16:45:00,1,74,74236,1,1,1,1,1180 Av du Mont Paccard,"45,9024390000","6,7116080000",1,4,1,1974.0,5,2,-1,-1,B01,2,0,2,1,5,5,3,D902,-1.0,,2,2,0,2,4,1,0,1,80,adult
202100040847,8,5,2021,0 days 18:55:00,1,01,01249,2,2,1,3,Montée Neuve,"45,8253380000","4,9421200000",1,4,1,1972.0,5,2,-1,-1,B01,1,0,2,8,1,5,3,71,0.0,,2,2,0,2,3,1,0,1,50,child
202100040847,8,5,2021,0 days 18:55:00,1,01,01249,2,2,1,3,Montée Neuve,"45,8253380000","4,9421200000",1,1,1,2003.0,0,6,2,0,B01,1,0,2,8,1,5,3,71,0.0,,2,2,0,2,3,1,0,1,50,adult
202100040865,21,2,2021,0 days 10:45:00,1,75,75116,2,1,1,1,ROUTE DE LA SEINE A LA BUTTE MORTEMART,"48,8515540000","2,2379880000",1,4,1,1973.0,5,2,0,-1,B01,3,0,2,1,1,5,4,ROUTE DE LA SEINE A LA BUTTE MORTEMART,0.0,,2,1,1,1,1,1,-1,5,50,child
202100040865,21,2,2021,0 days 10:45:00,1,75,75116,2,1,1,1,ROUTE DE LA SEINE A LA BUTTE MORTEMART,"48,8515540000","2,2379880000",1,4,1,1996.0,5,2,0,-1,B01,3,0,2,1,1,5,4,ROUTE DE LA SEINE A LA BUTTE MORTEMART,0.0,,2,1,1,1,1,1,-1,5,50,adult
202100040865,21,2,2021,0 days 10:45:00,1,75,75116,2,1,1,1,ROUTE DE LA SEINE A LA BUTTE MORTEMART,"48,8515540000","2,2379880000",2,4,1,2017.0,5,3,2,-1,B01,3,0,2,1,1,5,4,ROUTE DE LA SEINE A LA BUTTE MORTEMART,0.0,,2,1,1,1,1,1,-1,5,50,adult
202100040878,7,5,2021,0 days 19:00:00,2,91,91692,2,9,1,3,CHAMPS LASNIERS (AVENUE),"48,6845510000","2,1697420000",1,1,1,1985.0,9,1,0,-1,B01,1,0,2,1,0,0,4,CHAMPS LASNIERS (AVENUE),0.0,,-1,2,0,1,1,1,0,8,30,child
202100040878,7,5,2021,0 days 19:00:00,2,91,91692,2,9,1,3,CHAMPS LASNIERS (AVENUE),"48,6845510000","2,1697420000",1,3,1,2015.0,0,8,0,-1,B01,1,0,2,1,0,0,4,CHAMPS LASNIERS (AVENUE),0.0,,-1,2,0,1,1,1,0,8,30,adult
202100040888,3,5,2021,0 days 18:15:00,1,77,77122,2,1,1,3,AV JEAN JAURES,"48,6559100000","2,5629800000",1,3,1,1960.0,3,0,-1,-1,B01,3,0,2,8,19,5,4,AV JEAN JAURES,0.0,,2,1,0,1,1,1,6,1,50,child
202100040888,3,5,2021,0 days 18:15:00,1,77,77122,2,1,1,3,AV JEAN JAURES,"48,6559100000","2,5629800000",1,1,1,1982.0,5,1,0,-1,B01,3,0,2,8,19,5,4,AV JEAN JAURES,0.0,,2,1,0,1,1,1,6,1,50,adult
202100040902,3,5,2021,0 days 14:20:00,1,54,54167,1,1,1,6,RD909,"48,6645580000","5,9557270000",1,3,1,1943.0,5,8,8,-1,B01,2,0,2,8,2,5,3,RD909,0.0,,2,2,0,1,1,1,0,1,80,child
202100040902,3,5,2021,0 days 14:20:00,1,54,54167,1,1,1,6,RD909,"48,6645580000","5,9557270000",1,1,2,2002.0,2,1,0,-1,B01,2,0,2,8,2,5,3,RD909,0.0,,2,2,0,1,1,1,0,1,80,adult
202100040912,7,5,2021,0 days 15:55:00,1,47,47031,2,6,1,3,RIOLS (ALLEE DE),"44,1800686559","0,6254972745",1,2,1,1950.0,5,8,0,-1,B01,3,0,2,9,18,5,3,LACAPELETTE,0.0,,2,2,0,1,1,1,0,1,50,child
202100040912,7,5,2021,0 days 15:55:00,1,47,47031,2,6,1,3,RIOLS (ALLEE DE),"44,1800686559","0,6254972745",1,1,1,1992.0,4,1,0,-1,B01,3,0,2,9,18,5,3,LACAPELETTE,0.0,,2,2,0,1,1,1,0,1,50,adult
202100040984,8,5,2021,0 days 17:00:00,1,14,14027,1,1,1,1,D106,"48,9852370000"," -0,6404790000",1,3,1,1974.0,5,2,-1,-1,B01,2,0,2,1,1,5,3,106,0.0,,2,2,0,1,2,1,0,3,80,child
202100040984,8,5,2021,0 days 17:00:00,1,14,14027,1,1,1,1,D106,"48,9852370000"," -0,6404790000",1,1,1,2003.0,5,1,-1,-1,B01,2,0,2,1,1,5,3,106,0.0,,2,2,0,1,2,1,0,3,80,adult
202100040988,7,5,2021,0 days 16:45:00,1,80,80186,2,1,7,2,Rue de Picardie,"49,8190360000","2,7933760000",1,3,2,1947.0,5,1,-1,-1,B01,0,15,2,4,2,5,3,337,0.0,D,2,2,0,1,1,1,0,1,50,child
202100040988,7,5,2021,0 days 16:45:00,1,80,80186,2,1,7,2,Rue de Picardie,"49,8190360000","2,7933760000",2,1,2,2004.0,5,1,-1,-1,B01,0,15,2,4,2,5,3,337,0.0,D,2,2,0,1,1,1,0,1,50,adult
202100040988,7,5,2021,0 days 16:45:00,1,80,80186,2,1,7,2,Rue de Picardie,"49,8190360000","2,7933760000",1,3,1,2005.0,2,0,-1,-1,B01,0,15,2,4,2,5,3,337,0.0,D,2,2,0,1,1,1,0,1,50,adult
202100040990,8,5,2021,0 days 15:10:00,1,89,89464,2,4,1,2,Rue de Dixmont,"48,0861599348","3,2982874877",1,1,2,1945.0,5,1,-1,-1,B01,2,0,2,4,1,5,3,15,0.0,,2,2,0,1,3,1,0,1,50,child
202100040990,8,5,2021,0 days 15:10:00,1,89,89464,2,4,1,2,Rue de Dixmont,"48,0861599348","3,2982874877",1,4,1,2008.0,5,0,-1,-1,B01,2,0,2,4,1,5,3,15,0.0,,2,2,0,1,3,1,0,1,50,adult
202100041025,26,4,2021,0 days 14:30:00,1,57,57550,1,1,1,3,Rue de Saint-avold,"49,1505981173","6,6671778701",1,4,1,1935.0,5,2,-1,-1,C01,1,0,2,8,0,0,3,72,-1.0,,2,2,0,4,3,1,0,1,80,child
202100041025,26,4,2021,0 days 14:30:00,1,57,57550,1,1,1,3,Rue de Saint-avold,"49,1505981173","6,6671778701",1,1,1,1967.0,0,8,-1,-1,C01,1,0,2,8,0,0,3,72,-1.0,,2,2,0,4,3,1,0,1,80,adult
202100041055,3,5,2021,0 days 16:00:00,1,69,69386,2,2,1,3,VENDOME (R),"45,7658200000","4,8455900000",1,1,1,1982.0,4,1,-1,-1,B01,2,0,2,7,19,5,4,VENDOME                             (R ),0.0,,2,3,1,1,1,1,9,1,50,child