Num_Acc,jour,mois,an,hrmn,lum,dep,com,agg,int,atm,col,adr,lat,long,catu,grav,sexe,an_nais,trajet,secu1,secu2,secu3,num_veh_y,senc,obs,obsm,choc,manv,motor,catr,voie,v1,v2,circ,nbv,vosp,prof,plan,surf,infra,situ,vma,age
202100041055,3,5,2021,0 days 16:00:00,1,69,69386,2,2,1,3,VENDOME (R),"45,7658200000","4,8455900000",1,4,2,2003.0,2,8,-1,-1,B01,2,0,2,7,19,5,4,VENDOME                             (R ),0.0,,2,3,1,1,1,1,9,1,50,adult
202100041060,5,5,2021,0 days 19:45:00,3,971,97113,1,3,1,3,Morne Salines,"16,2085700000"," -61,4420300000",1,1,2,1958.0,1,1,8,-1,B01,1,0,2,1,0,5,2,Morne Salines,0.0,,2,2,0,2,1,1,0,1,70,child
202100041060,5,5,2021,0 days 19:45:00,3,971,97113,1,3,1,3,Morne Salines,"16,2085700000"," -61,4420300000",1,3,1,1981.0,0,8,0,-1,B01,1,0,2,1,0,5,2,Morne Salines,0.0,,2,2,0,2,1,1,0,1,70,adult
202100041083,4,5,2021,0 days 18:22:00,1,66,66136,2,3,1,3,SCHWEITZER (AVENUE DU DOCTEUR ALBERT),"42,7210400000","2,8843000000",1,1,2,1973.0,0,1,0,-1,B01,1,0,2,1,1,5,4,SCHWEITZER (AVENUE DU DOCTEUR ALBERT),0.0,,2,2,0,2,2,1,0,1,50,child
202100041083,4,5,2021,0 days 18:22:00,1,66,66136,2,3,1,3,SCHWEITZER (AVENUE DU DOCTEUR ALBERT),"42,7210400000","2,8843000000",1,4,1,2004.0,0,2,0,-1,B01,1,0,2,1,1,5,4,SCHWEITZER (AVENUE DU DOCTEUR ALBERT),0.0,,2,2,0,2,2,1,0,1,50,adult
202100041106,20,4,2021,0 days 17:00:00,1,42,42044,2,1,1,1,Place Jean Jaurès,"45,3966800000","4,3244900000",1,4,1,1976.0,5,2,0,-1,B01,1,0,2,1,21,5,4,Place Jean Jaurès,0.0,,2,2,0,1,1,1,0,1,50,child
202100041106,20,4,2021,0 days 17:00:00,1,42,42044,2,1,1,1,Place Jean Jaurès,"45,3966800000","4,3244900000",1,1,1,2002.0,5,1,0,-1,B01,1,0,2,1,21,5,4,Place Jean Jaurès,0.0,,2,2,0,1,1,1,0,1,50,adult
202100041114,30,4,2021,0 days 19:05:00,1,29,29019,2,1,1,3,Quai Commandant Malbert,"48,3790897328"," -4,4859745176",1,1,1,1961.0,5,2,-1,-1,B01,1,0,2,1,1,5,4,COMMANDANT MALBERT,0.0,,1,1,0,1,1,1,0,1,50,child
202100041114,30,4,2021,0 days 19:05:00,1,29,29019,2,1,1,3,Quai Commandant Malbert,"48,3790897328"," -4,4859745176",1,4,1,1985.0,4,1,-1,-1,B01,1,0,2,1,1,5,4,COMMANDANT MALBERT,0.0,,1,1,0,1,1,1,0,1,50,adult
202100041145,6,5,2021,0 days 10:15:00,1,75,75112,2,1,2,3,RUE DE CHARENTON,"48,8513280000","2,3723060000",1,1,1,1977.0,4,1,0,-1,B01,1,0,2,1,18,5,4,RUE DE CHARENTON,0.0,,1,1,0,1,1,2,0,1,30,child
202100041145,6,5,2021,0 days 10:15:00,1,75,75112,2,1,2,3,RUE DE CHARENTON,"48,8513280000","2,3723060000",1,4,1,1989.0,4,8,0,-1,B01,1,0,2,1,18,5,4,RUE DE CHARENTON,0.0,,1,1,0,1,1,2,0,1,30,adult
202100041145,6,5,2021,0 days 10:15:00,1,75,75112,2,1,2,3,RUE DE CHARENTON,"48,8513280000","2,3723060000",2,1,1,2002.0,9,1,0,-1,B01,1,0,2,1,18,5,4,RUE DE CHARENTON,0.0,,1,1,0,1,1,2,0,1,30,adult
202100041161,6,5,2021,0 days 18:10:00,1,92,92046,2,1,8,1,Charles de gaulle,"48,8232970000","2,2998140000",1,4,2,1956.0,1,2,0,-1,B01,1,0,2,1,1,5,3,61,0.0,,2,2,1,1,1,2,0,1,50,child
202100041161,6,5,2021,0 days 18:10:00,1,92,92046,2,1,8,1,Charles de gaulle,"48,8232970000","2,2998140000",1,1,1,1993.0,1,8,0,-1,B01,1,0,2,1,1,5,3,61,0.0,,2,2,1,1,1,2,0,1,50,adult
202100041172,7,5,2021,0 days 16:20:00,1,95,95487,2,1,1,3,109 Avenue Jacques Vogt,"49,1534900000","2,2712170000",1,4,1,1941.0,5,2,-1,-1,B01,2,1,0,2,1,5,3,109,-1.0,,2,2,0,1,1,1,0,1,50,child
202100041172,7,5,2021,0 days 16:20:00,1,95,95487,2,1,1,3,109 Avenue Jacques Vogt,"49,1534900000","2,2712170000",1,1,1,1990.0,4,1,5,-1,B01,2,1,0,2,1,5,3,109,-1.0,,2,2,0,1,1,1,0,1,50,adult
202100041241,4,5,2021,0 days 21:30:00,5,60,60665,2,3,1,3,Rue André Mellenne,"49,4140000000","2,8000000000",1,1,1,1969.0,5,1,0,-1,B01,1,0,0,8,13,5,3,MELLENNE (A.),0.0,,2,2,0,1,1,1,0,1,50,child
202100041241,4,5,2021,0 days 21:30:00,5,60,60665,2,3,1,3,Rue André Mellenne,"49,4140000000","2,8000000000",1,3,1,1991.0,5,8,0,-1,B01,1,0,0,8,13,5,3,MELLENNE (A.),0.0,,2,2,0,1,1,1,0,1,50,adult
202100041249,5,5,2021,0 days 07:50:00,1,69,69387,2,2,2,3,BERTHELOT                           (AV),"45,7417200000","4,8528300000",1,1,2,1966.0,0,1,-1,-1,B01,1,0,2,1,1,5,4,BERTHELOT                           (AV),0.0,,2,4,3,1,1,2,0,6,50,child
202100041249,5,5,2021,0 days 07:50:00,1,69,69387,2,2,2,3,BERTHELOT                           (AV),"45,7417200000","4,8528300000",1,4,1,2003.0,2,8,0,-1,B01,1,0,2,1,1,5,4,BERTHELOT                           (AV),0.0,,2,4,3,1,1,2,0,6,50,adult
202100041286,3,5,2021,0 days 20:14:00,1,34,34172,2,2,1,3,JUVENAL (PONT),"43,6058900000","3,8940900000",1,1,1,1970.0,1,8,0,-1,B01,2,0,2,8,0,5,4,JUVENAL (PONT),0.0,,2,2,0,1,1,1,0,1,50,child
202100041286,3,5,2021,0 days 20:14:00,1,34,34172,2,2,1,3,JUVENAL (PONT),"43,6058900000","3,8940900000",1,3,1,1999.0,0,8,0,-1,B01,2,0,2,8,0,5,4,JUVENAL (PONT),0.0,,2,2,0,1,1,1,0,1,50,adult
202100041326,2,5,2021,0 days 10:10:00,1,94,94068,2,3,1,1,Quai de Champignol,"48,8094200000","2,5106000000",1,4,1,1961.0,9,2,0,-1,A01,2,0,2,1,5,5,4,QU DE CHAMPIGNOL,0.0,,1,1,0,2,1,1,0,1,20,child
202100041326,2,5,2021,0 days 10:10:00,1,94,94068,2,3,1,1,Quai de Champignol,"48,8094200000","2,5106000000",1,1,1,1992.0,3,1,0,-1,A01,2,0,2,1,5,5,4,QU DE CHAMPIGNOL,0.0,,1,1,0,2,1,1,0,1,20,adult
202100041326,2,5,2021,0 days 10:10:00,1,94,94068,2,3,1,1,Quai de Champignol,"48,8094200000","2,5106000000",2,1,2,2018.0,3,3,0,-1,A01,2,0,2,1,5,5,4,QU DE CHAMPIGNOL,0.0,,1,1,0,2,1,1,0,1,20,adult
202100041326,2,5,2021,0 days 10:10:00,1,94,94068,2,3,1,1,Quai de Champignol,"48,8094200000","2,5106000000",2,1,1,2020.0,3,3,0,-1,A01,2,0,2,1,5,5,4,QU DE CHAMPIGNOL,0.0,,1,1,0,2,1,1,0,1,20,adult
202100041331,5,5,2021,0 days 09:00:00,1,93,93055,2,1,1,6,ANATOLE FRANCE (AVENUE),"48,8923360000","2,4235700000",3,4,2,1954.0,0,0,-1,-1,A01,2,0,1,1,1,5,3,ANATOLE FRANCE (AVENUE),0.0,,2,2,0,2,1,1,0,1,50,child
202100041331,5,5,2021,0 days 09:00:00,1,93,93055,2,1,1,6,ANATOLE FRANCE (AVENUE),"48,8923360000","2,4235700000",1,4,1,1988.0,1,2,0,-1,A01,2,0,1,1,1,5,3,ANATOLE FRANCE (AVENUE),0.0,,2,2,0,2,1,1,0,1,50,adult
202100041337,5,5,2021,0 days 13:05:00,1,92,92035,2,1,1,6,Veuve Lacroix ( rue ),"48,9044819710","2,2360423207",3,4,2,1931.0,5,0,-1,-1,A01,2,0,1,1,1,5,4,,0.0,,2,2,2,1,1,1,0,1,50,child
202100041337,5,5,2021,0 days 13:05:00,1,92,92035,2,1,1,6,Veuve Lacroix ( rue ),"48,9044819710","2,2360423207",1,1,1,1980.0,4,2,0,-1,A01,2,0,1,1,1,5,4,,0.0,,2,2,2,1,1,1,0,1,50,adult
202100041456,2,4,2021,0 days 13:15:00,1,07,07201,1,1,1,3,D 111,"44,4289530000","4,3318960000",1,3,1,1958.0,5,0,-1,-1,B01,3,0,2,4,15,5,3,111,-1.0,D,2,2,0,1,1,1,0,1,-1,child
202100041456,2,4,2021,0 days 13:15:00,1,07,07201,1,1,1,3,D 111,"44,4289530000","4,3318960000",1,1,2,1997.0,5,1,-1,-1,B01,3,0,2,4,15,5,3,111,-1.0,D,2,2,0,1,1,1,0,1,-1,adult
202100041459,4,5,2021,0 days 12:35:00,1,52,52058,1,2,2,3,D44,"48,2042730000","5,1488170000",1,1,1,1964.0,9,1,-1,-1,B01,3,0,2,7,19,5,3,RD 44,-1.0,,2,2,0,1,1,2,0,1,70,child
202100041459,4,5,2021,0 days 12:35:00,1,52,52058,1,2,2,3,D44,"48,2042730000","5,1488170000",1,4,2,1990.0,5,2,-1,-1,B01,3,0,2,7,19,5,3,RD 44,-1.0,,2,2,0,1,1,2,0,1,70,adult
202100041516,3,5,2021,0 days 19:50:00,1,71,71153,2,1,1,3,MONTCENIS (ROUTE DE),"46,8008000000","4,4116000000",1,1,1,1961.0,5,8,0,-1,B01,2,0,2,1,1,5,3,MONTCENIS (ROUTE DE),0.0,,2,2,0,1,2,1,0,1,50,child
202100041516,3,5,2021,0 days 19:50:00,1,71,71153,2,1,1,3,MONTCENIS (ROUTE DE),"46,8008000000","4,4116000000",1,3,1,1994.0,5,2,6,-1,B01,2,0,2,1,1,5,3,MONTCENIS (ROUTE DE),0.0,,2,2,0,1,2,1,0,1,50,adult
202100041539,3,5,2021,0 days 07:10:00,2,28,28085,2,1,7,2,MERMOZ (RUE JEAN),"48,4502700000","1,5093800000",1,4,1,1970.0,0,8,0,-1,B01,3,0,0,4,2,5,4,MERMOZ (RUE JEAN),0.0,,2,3,0,2,1,1,0,1,70,child
202100041539,3,5,2021,0 days 07:10:00,2,28,28085,2,1,7,2,MERMOZ (RUE JEAN),"48,4502700000","1,5093800000",1,1,1,1996.0,1,8,0,-1,B01,3,0,0,4,2,5,4,MERMOZ (RUE JEAN),0.0,,2,3,0,2,1,1,0,1,70,adult
202100041589,3,5,2021,0 days 16:50:00,1,89,89096,2,2,1,3,Rue Charles de Gaulle,"47,8989880000","3,5618450000",1,4,2,1952.0,5,2,-1,-1,B01,2,0,2,1,1,5,3,80,-1.0,,2,2,0,1,1,1,0,1,50,child
202100041589,3,5,2021,0 days 16:50:00,1,89,89096,2,2,1,3,Rue Charles de Gaulle,"47,8989880000","3,5618450000",1,1,2,1994.0,4,8,-1,-1,B01,2,0,2,1,1,5,3,80,-1.0,,2,2,0,1,1,1,0,1,50,adult
202100041683,2,5,2021,0 days 11:15:00,1,75,75116,2,1,1,3,ROUTE DES TRIBUNES,"48,8604010000","2,2298640000",1,4,1,1958.0,9,2,0,-1,B01,1,0,2,7,1,5,4,ROUTE DES TRIBUNES,0.0,,2,2,1,1,1,1,0,5,30,child
202100041683,2,5,2021,0 days 11:15:00,1,75,75116,2,1,1,3,ROUTE DES TRIBUNES,"48,8604010000","2,2298640000",1,1,1,1985.0,9,1,0,-1,B01,1,0,2,7,1,5,4,ROUTE DES TRIBUNES,0.0,,2,2,1,1,1,1,0,5,30,adult
202100041695,2,5,2021,0 days 18:25:00,1,94,94018,2,1,1,6,GRAVELLE (AV DE),"48,8291700000","2,4034550000",3,4,2,1954.0,5,0,-1,-1,A01,2,1,0,1,1,5,4,GRAVELLE (AV DE),0.0,,2,2,0,1,1,2,0,1,30,child
202100041695,2,5,2021,0 days 18:25:00,1,94,94018,2,1,1,6,GRAVELLE (AV DE),"48,8291700000","2,4034550000",1,1,1,1986.0,5,2,6,-1,A01,2,1,0,1,1,5,4,GRAVELLE (AV DE),0.0,,2,2,0,1,1,2,0,1,30,adult
202100041714,30,4,2021,0 days 15:30:00,1,72,72051,2,1,1,3,Rue du Léard,"47,8237740000","0,0862810000",1,3,1,1979.0,5,2,6,-1,A01,0,0,0,8,19,5,9,,-1.0,,2,2,0,1,1,1,0,1,50,child
202100041714,30,4,2021,0 days 15:30:00,1,72,72051,2,1,1,3,Rue du Léard,"47,8237740000","0,0862810000",1,4,1,2008.0,5,0,-1,-1,A01,0,0,0,8,19,5,9,,-1.0,,2,2,0,1,1,1,0,1,50,adult
202100041716,3,5,2021,0 days 08:00:00,1,14,14020,2,6,7,3,Rue de la Gare,"49,1210890000"," -0,1741440000",1,1,1,1962.0,4,1,-1,-1,A01,1,0,2,3,25,5,3,80,0.0,,2,2,0,1,2,1,5,1,50,child
202100041716,3,5,2021,0 days 08:00:00,1,14,14020,2,6,7,3,Rue de la Gare,"49,1210890000"," -0,1741440000",1,4,1,2007.0,2,0,-1,-1,A01,1,0,2,3,25,5,3,80,0.0,,2,2,0,1,2,1,5,1,50,adult
202100041732,2,5,2021,0 days 10:45:00,1,95,95355,2,6,1,3,RD 983,"49,1469234618","1,7879419768",1,1,1,1949.0,5,1,-1,-1,B01,2,0,2,8,1,5,3,983,-1.0,,2,2,0,1,1,1,0,1,50,child
202100041732,2,5,2021,0 days 10:45:00,1,95,95355,2,6,1,3,RD 983,"49,1469234618","1,7879419768",1,4,1,1980.0,5,0,-1,-1,B01,2,0,2,8,1,5,3,983,-1.0,,2,2,0,1,1,1,0,1,50,adult
202100041767,15,4,2021,0 days 18:15:00,1,91,91345,2,1,1,3,RUE PDT FRANCOIS MITTERRAND,"48,6910000000","2,2895500000",1,1,1,1982.0,0,1,8,-1,B01,2,0,2,0,19,5,3,217,0.0,,2,0,0,2,1,1,6,6,50,child
202100041767,15,4,2021,0 days 18:15:00,1,91,91345,2,1,1,3,RUE PDT FRANCOIS MITTERRAND,"48,6910000000","2,2895500000",1,4,1,2011.0,0,8,0,-1,B01,2,0,2,0,19,5,3,217,0.0,,2,0,0,2,1,1,6,6,50,adult
202100041794,30,4,2021,0 days 17:10:00,1,59,59317,1,1,1,2,BRUNE  (RUE),"50,6887500000","2,9306600000",1,4,2,1945.0,3,1,0,-1,B01,2,0,2,4,13,5,4,BRUNE  (RUE),0.0,,2,2,0,1,4,1,0,1,50,child
202100041794,30,4,2021,0 days 17:10:00,1,59,59317,1,1,1,2,BRUNE  (RUE),"50,6887500000","2,9306600000",1,2,1,1973.0,5,2,0,-1,B01,2,0,2,4,13,5,4,BRUNE  (RUE),0.0,,2,2,0,1,4,1,0,1,50,adult
202100041811,1,5,2021,0 days 09:00:00,1,75,75118,2,2,8,3,RUE DU MONT CENIS,"48,8912130000","2,3436410000",1,1,1,1972.0,9,1,0,-1,B01,1,0,2,1,1,5,4,RUE DU MONT CENIS,0.0,,1,2,0,2,1,1,0,1,30,child
202100041811,1,5,2021,0 days 09:00:00,1,75,75118,2,2,8,3,RUE DU MONT CENIS,"48,8912130000","2,3436410000",1,4,1,2000.0,5,8,0,-1,B01,1,0,2,1,1,5,4,RUE DU MONT CENIS,0.0,,1,2,0,2,1,1,0,1,30,adult
202100041818,1,5,2021,0 days 17:05:00,1,75,75110,2,1,2,6,BOULEVARD DE STRASBOURG,"48,8728160000","2,3561890000",1,1,1,1986.0,5,2,0,-1,A01,2,0,0,0,1,5,4,BOULEVARD DE STRASBOURG,0.0,,1,3,1,1,1,2,0,5,50,child
202100041818,1,5,2021,0 days 17:05:00,1,75,75110,2,1,2,6,BOULEVARD DE STRASBOURG,"48,8728160000","2,3561890000",3,1,2,1994.0,5,0,-1,-1,A01,2,0,0,0,1,5,4,BOULEVARD DE STRASBOURG,0.0,,1,3,1,1,1,2,0,5,50,adult
202100041818,1,5,2021,0 days 17:05:00,1,75,75110,2,1,2,6,BOULEVARD DE STRASBOURG,"48,8728160000","2,3561890000",3,4,2,2020.0,5,0,-1,-1,A01,2,0,0,0,1,5,4,BOULEVARD DE STRASBOURG,0.0,,1,3,1,1,1,2,0,5,50,adult
202100041889,30,4,2021,0 days 18:35:00,1,59,59378,2,5,8,3,REPUBLIQUE AV DE LA (N°829-931),"50,6621500000","3,0962700000",1,4,1,1967.0,0,2,0,-1,B01,3,0,2,1,1,5,7,REPUBLIQUE AV DE LA (N°829-931),0.0,,2,-1,1,1,1,1,5,5,50,child
202100041889,30,4,2021,0 days 18:35:00,1,59,59378,2,5,8,3,REPUBLIQUE AV DE LA (N°829-931),"50,6621500000","3,0962700000",1,1,2,2001.0,0,1,0,-1,B01,3,0,2,1,1,5,7,REPUBLIQUE AV DE LA (N°829-931),0.0,,2,-1,1,1,1,1,5,5,50,adult
202100041895,29,4,2021,0 days 17:55:00,1,52,52121,2,1,1,3,VAL BARIZIEN (RUE DU),"48,1071700000","5,1328100000",1,4,1,1938.0,5,8,0,-1,B01,1,0,2,4,1,5,4,VAL BARIZIEN (RUE DU),0.0,,-1,2,0,1,1,1,0,1,50,child
202100041895,29,4,2021,0 days 17:55:00,1,52,52121,2,1,1,3,VAL BARIZIEN (RUE DU),"48,1071700000","5,1328100000",1,1,1,2001.0,0,1,0,-1,B01,1,0,2,4,1,5,4,VAL BARIZIEN (RUE DU),0.0,,-1,2,0,1,1,1,0,1,50,adult
202100041925,30,4,2021,0 days 09:05:00,1,75,75118,2,4,1,3,BOULEVARD DE LA CHAPELLE,"48,8845050000","2,3642120000",1,4,1,1953.0,5,2,0,-1,B01,1,0,2,4,1,5,4,BOULEVARD DE LA CHAPELLE,0.0,,1,3,1,1,3,1,0,5,50,child
202100041925,30,4,2021,0 days 09:05:00,1,75,75118,2,4,1,3,BOULEVARD DE LA CHAPELLE,"48,8845050000","2,3642120000",1,1,1,1985.0,1,1,0,-1,B01,1,0,2,4,1,5,4,BOULEVARD DE LA CHAPELLE,0.0,,1,3,1,1,3,1,0,5,50,adult
202100041928,30,4,2021,0 days 15:30:00,1,75,75114,2,3,1,6,AVENUE REILLE,"48,8244710000","2,3383490000",3,4,2,1944.0,5,0,-1,-1,A01,2,0,1,1,25,5,4,AVENUE REILLE,0.0,,2,2,0,2,1,1,0,4,50,child
202100041928,30,4,2021,0 days 15:30:00,1,75,75114,2,3,1,6,AVENUE REILLE,"48,8244710000","2,3383490000",1,4,1,1998.0,9,8,0,-1,A01,2,0,1,1,25,5,4,AVENUE REILLE,0.0,,2,2,0,2,1,1,0,4,50,adult
202100041948,30,4,2021,0 days 18:50:00,1,93,93048,2,2,1,3,PRESIDENT WILSON (AVENUE DU),"48,8556608490","2,4395569358",1,1,2,1965.0,0,1,0,-1,B01,1,0,2,1,1,0,4,PRESIDENT WILSON (AVENUE DU),0.0,,2,2,0,1,1,1,0,1,50,child
202100041948,30,4,2021,0 days 18:50:00,1,93,93048,2,2,1,3,PRESIDENT WILSON (AVENUE DU),"48,8556608490","2,4395569358",1,4,1,1999.0,0,8,0,-1,B01,1,0,2,1,1,0,4,PRESIDENT WILSON (AVENUE DU),0.0,,2,2,0,1,1,1,0,1,50,adult
202100041981,26,3,2021,0 days 18:15:00,2,81,81099,2,1,2,2,Avenue Marechal Juin,"43,9049450000","1,8942720000",1,1,1,1984.0,1,1,-1,-1,A01,1,0,2,1,1,5,3,,0.0,,2,2,0,1,1,2,0,1,50,child
202100041981,26,3,2021,0 days 18:15:00,2,81,81099,2,1,2,2,Avenue Marechal Juin,"43,9049450000","1,8942720000",1,4,1,2007.0,5,2,-1,-1,A01,1,0,2,1,1,5,3,,0.0,,2,2,0,1,1,2,0,1,50,adult
202100041982,1,5,2021,0 days 11:30:00,1,33,33077,2,1,8,2,,"44,6022560000"," -0,5555490000",1,1,1,1960.0,5,1,-1,-1,B01,1,0,2,6,13,5,3,219,0.0,D,2,2,0,1,1,1,0,1,50,child
202100041982,1,5,2021,0 days 11:30:00,1,33,33077,2,1,8,2,,"44,6022560000"," -0,5555490000",1,4,2,2013.0,5,0,-1,-1,B01,1,0,2,6,13,5,3,219,0.0,D,2,2,0,1,1,1,0,1,50,adult
202100042030,29,4,2021,0 days 08:34:00,1,44,44109,2,3,1,1,ROUTE DE RENNES,"47,2503400000"," -1,5768000000",1,1,2,1962.0,1,1,0,-1,B01,2,0,2,1,1,0,4,ROUTE DE RENNES,0.0,,2,5,2,2,1,1,0,1,50,child
202100042030,29,4,2021,0 days 08:34:00,1,44,44109,2,3,1,1,ROUTE DE RENNES,"47,2503400000"," -1,5768000000",1,4,1,1990.0,1,2,4,-1,B01,2,0,2,1,1,0,4,ROUTE DE RENNES,0.0,,2,5,2,2,1,1,0,1,50,adult
202100042032,28,4,2021,0 days 17:50:00,1,35,35238,2,1,1,3,SERBIE (PLACE DE),"48,0881200000"," -1,6590200000",2,1,1,1980.0,9,8,-1,-1,B01,3,0,2,1,19,0,4,SERBIE (PLACE DE),0.0,,2,2,0,1,1,1,0,1,20,child
202100042032,28,4,2021,0 days 17:50:00,1,35,35238,2,1,1,3,SERBIE (PLACE DE),"48,0881200000"," -1,6590200000",1,1,2,1996.0,0,1,-1,-1,B01,3,0,2,1,19,0,4,SERBIE (PLACE DE),0.0,,2,2,0,1,1,1,0,1,20,adult
202100042032,28,4,2021,0 days 17:50:00,1,35,35238,2,1,1,3,SERBIE (PLACE DE),"48,0881200000"," -1,6590200000",1,4,2,2010.0,2,8,0,-1,B01,3,0,2,1,19,0,4,SERBIE (PLACE DE),0.0,,2,2,0,1,1,1,0,1,20,adult
202100042043,29,4,2021,0 days 13:35:00,1,17,17300,2,1,1,3,CARNOT   AVENUE,"46,1645400000"," -1,1782500000",1,4,2,1943.0,5,8,0,-1,B01,1,1,0,2,1,5,4,CARNOT   AVENUE,0.0,,2,4,1,1,1,1,0,1,50,child
202100042043,29,4,2021,0 days 13:35:00,1,17,17300,2,1,1,3,CARNOT   AVENUE,"46,1645400000"," -1,1782500000",1,1,1,1974.0,4,8,8,-1,B01,1,1,0,2,1,5,4,CARNOT   AVENUE,0.0,,2,4,1,1,1,1,0,1,50,adult
202100042052,29,4,2021,0 days 13:15:00,1,75,75119,2,3,1,3,QUAI DE LA SEINE,"48,8853350000","2,3718210000",1,1,1,1983.0,5,8,0,-1,A01,2,0,2,1,19,5,4,QUAI DE LA SEINE,0.0,,1,2,1,1,1,1,0,5,30,child
202100042052,29,4,2021,0 days 13:15:00,1,75,75119,2,3,1,3,QUAI DE LA SEINE,"48,8853350000","2,3718210000",1,4,1,2007.0,5,8,0,-1,A01,2,0,2,1,19,5,4,QUAI DE LA SEINE,0.0,,1,2,1,1,1,1,0,5,30,adult
202100042060,29,4,2021,0 days 11:20:00,1,75,75107,2,1,1,3,RUE SAINT DOMINIQUE,"48,8585960000","2,3216660000",1,1,1,1963.0,1,1,0,-1,B01,2,0,2,3,1,5,4,RUE SAINT DOMINIQUE,0.0,,1,1,0,1,1,1,0,1,50,child
202100042060,29,4,2021,0 days 11:20:00,1,75,75107,2,1,1,3,RUE SAINT DOMINIQUE,"48,8585960000","2,3216660000",1,4,1,1994.0,4,8,0,-1,B01,2,0,2,3,1,5,4,RUE SAINT DOMINIQUE,0.0,,1,1,0,1,1,1,0,1,50,adult
202100042080,27,4,2021,0 days 09:40:00,1,92,92024,2,6,1,3,REPUBLIQUE (PLACE DE LA),"48,9031299945","2,3132818937",1,1,1,1961.0,0,1,8,-1,B01,2,0,2,2,16,5,4,REPUBLIQUE (PLACE DE LA),0.0,,1,1,0,1,2,1,0,1,50,child
202100042080,27,4,2021,0 days 09:40:00,1,92,92024,2,6,1,3,REPUBLIQUE (PLACE DE LA),"48,9031299945","2,3132818937",1,4,1,1989.0,0,2,0,-1,B01,2,0,2,2,16,5,4,REPUBLIQUE (PLACE DE LA),0.0,,1,1,0,1,2,1,0,1,50,adult
202100042099,28,4,2021,0 days 15:45:00,1,44,44213,2,2,1,2,Place Jeanne d'Arc,"47,3848500000"," -1,0291530000",1,3,1,1941.0,5,0,-1,-1,B01,1,0,2,1,1,5,3,752,-1.0,D,2,2,0,1,1,1,0,1,50,child
202100042099,28,4,2021,0 days 15:45:00,1,44,44213,2,2,1,2,Place Jeanne d'Arc,"47,3848500000"," -1,0291530000",1,1,1,2003.0,0,2,6,9,B01,1,0,2,1,1,5,3,752,-1.0,D,2,2,0,1,1,1,0,1,50,adult
202100042108,30,4,2021,0 days 12:30:00,1,27,27511,2,3,1,3,D66,"49,1449660000","0,9953030000",1,1,1,1972.0,4,1,-1,-1,B01,0,0,2,1,19,0,3,66,-1.0,,2,2,0,1,1,1,0,1,50,child
202100042108,30,4,2021,0 days 12:30:00,1,27,27511,2,3,1,3,D66,"49,1449660000","0,9953030000",1,3,1,2007.0,5,0,-1,-1,B01,0,0,2,1,19,0,3,66,-1.0,,2,2,0,1,1,1,0,1,50,adult
202100042133,29,4,2021,0 days 17:45:00,1,44,44047,2,1,1,2,Rue de la Minée,"47,2345590000"," -1,6724700000",1,3,2,1949.0,5,0,-1,-1,A01,3,0,0,4,9,5,4,,0.0,,2,2,1,1,1,1,0,1,50,child
202100042133,29,4,2021,0 days 17:45:00,1,44,44047,2,1,1,2,Rue de la Minée,"47,2345590000"," -1,6724700000",1,1,1,1994.0,1,8,-1,-1,A01,3,0,0,4,9,5,4,,0.0,,2,2,1,1,1,1,0,1,50,adult
202100042153,28,4,2021,0 days 18:40:00,1,69,69388,2,2,1,3,FRERES LUMIERE (DES) (AV),"45,7433500000","4,8742400000",1,1,1,1961.0,0,8,-1,-1,B01,2,0,2,0,1,5,4,FRERES LUMIERE (DES)                (AV),0.0,,1,-1,3,1,1,1,0,1,50,child
202100042153,28,4,2021,0 days 18:40:00,1,69,69388,2,2,1,3,FRERES LUMIERE (DES) (AV),"45,7433500000","4,8742400000",1,3,1,1986.0,0,2,-1,-1,B01,2,0,2,0,1,5,4,FRERES LUMIERE (DES)                (AV),0.0,,1,-1,3,1,1,1,0,1,50,adult
202100042172,28,4,2021,0 days 01:31:00,5,63,63113,2,2,1,3,CLOS NOTRE DAME (RUE DU),"45,7837000000","3,0766900000",1,1,1,1972.0,4,0,-1,-1,A01,0,0,2,0,19,-1,7,,-1.0,,1,2,-1,1,1,1,0,1,-1,child
202100042172,28,4,2021,0 days 01:31:00,5,63,63113,2,2,1,3,CLOS NOTRE DAME (RUE DU),"45,7837000000","3,0766900000",1,3,1,1994.0,0,0,-1,-1,A01,0,0,2,0,19,-1,7,,-1.0,,1,2,-1,1,1,1,0,1,-1,adult
202100042183,28,4,2021,0 days 17:20:00,1,37,37122,2,3,1,6,BRANLY (RUE EDOUARD),"47,3580024761","0,6810997725",1,4,1,1934.0,5,8,0,-1,B01,3,0,2,8,1,5,4,BRANLY (RUE EDOUARD),0.0,,2,0,0,1,1,1,0,1,50,child
202100042183,28,4,2021,0 days 17:20:00,1,37,37122,2,3,1,6,BRANLY (RUE EDOUARD),"47,3580024761","0,6810997725",1,1,2,1968.0,1,1,0,-1,B01,3,0,2,8,1,5,4,BRANLY (RUE EDOUARD),0.0,,2,0,0,1,1,1,0,1,50,adult
202100042186,28,4,2021,0 days 18:55:00,1,35,35238,2,3,1,6,CHATEAUGIRON (DE),"48,0974400000"," -1,6420300000",1,1,2,1956.0,5,1,-1,-1,B01,1,0,2,1,15,5,4,CHATEAUGIRON (DE),0.0,,2,2,3,1,1,1,5,1,50,child