Num_Acc,jour,mois,an,hrmn,lum,dep,com,agg,int,atm,col,adr,lat,long,catu,grav,sexe,an_nais,trajet,secu1,secu2,secu3,num_veh_y,senc,obs,obsm,choc,manv,motor,catr,voie,v1,v2,circ,nbv,vosp,prof,plan,surf,infra,situ,vma,age
202100042186,28,4,2021,0 days 18:55:00,1,35,35238,2,3,1,6,CHATEAUGIRON (DE),"48,0974400000"," -1,6420300000",1,4,1,1980.0,1,0,-1,-1,B01,1,0,2,1,15,5,4,CHATEAUGIRON (DE),0.0,,2,2,3,1,1,1,5,1,50,adult
202100042230,24,4,2021,0 days 13:30:00,1,92,92063,2,2,1,3,BUZENVAL (PLACE DE),"48,8572200000","2,1901500000",1,1,1,1968.0,0,1,8,-1,B01,2,0,2,3,1,5,3,180,0.0,,2,8,0,1,1,1,0,1,50,child
202100042230,24,4,2021,0 days 13:30:00,1,92,92063,2,2,1,3,BUZENVAL (PLACE DE),"48,8572200000","2,1901500000",1,1,1,1978.0,5,2,8,-1,B01,2,0,2,3,1,5,3,180,0.0,,2,8,0,1,1,1,0,1,50,adult
202100042230,24,4,2021,0 days 13:30:00,1,92,92063,2,2,1,3,BUZENVAL (PLACE DE),"48,8572200000","2,1901500000",2,4,2,2017.0,5,2,8,-1,B01,2,0,2,3,1,5,3,180,0.0,,2,8,0,1,1,1,0,1,50,adult
202100042233,28,4,2021,0 days 07:15:00,1,92,92026,2,1,1,3,CIRCULAIRE (BOULEVARD),"48,8908900000","2,2476700000",1,1,1,1976.0,1,1,0,-1,Y01,3,0,2,1,1,5,3,CIRCULAIRE (BOULEVARD),0.0,,1,2,1,1,1,1,0,5,50,child
202100042233,28,4,2021,0 days 07:15:00,1,92,92026,2,1,1,3,CIRCULAIRE (BOULEVARD),"48,8908900000","2,2476700000",1,3,1,1998.0,1,8,0,-1,Y01,3,0,2,1,1,5,3,CIRCULAIRE (BOULEVARD),0.0,,1,2,1,1,1,1,0,5,50,adult
202100042264,29,4,2021,0 days 08:45:00,1,81,81099,2,7,2,3,Intersection place de la libération - D 988,"43,8999180000","1,8985530000",1,1,2,1938.0,5,1,-1,-1,B01,2,0,2,2,26,5,3,968,0.0,R,2,2,0,1,1,2,9,8,30,child
202100042264,29,4,2021,0 days 08:45:00,1,81,81099,2,7,2,3,Intersection place de la libération - D 988,"43,8999180000","1,8985530000",1,4,1,2003.0,1,0,-1,-1,B01,2,0,2,2,26,5,3,968,0.0,R,2,2,0,1,1,2,9,8,30,adult
202100042347,27,4,2021,0 days 15:35:00,1,75,75117,2,5,1,3,RUE LEGENDRE,"48,8832680000","2,3127450000",1,1,1,1961.0,4,2,6,-1,B01,2,0,2,8,1,5,4,RUE LEGENDRE,0.0,,1,2,2,1,1,1,0,5,30,child
202100042347,27,4,2021,0 days 15:35:00,1,75,75117,2,5,1,3,RUE LEGENDRE,"48,8832680000","2,3127450000",1,4,1,1985.0,9,8,-1,-1,B01,2,0,2,8,1,5,4,RUE LEGENDRE,0.0,,1,2,2,1,1,1,0,5,30,adult
202100042433,26,4,2021,0 days 16:45:00,1,91,91691,2,1,1,2,CONCY(RUE),"48,7138500000","2,4890900000",1,1,1,1982.0,1,1,0,-1,A01,1,0,2,1,2,5,3,31,0.0,,2,2,0,2,1,1,5,1,30,child
202100042433,26,4,2021,0 days 16:45:00,1,91,91691,2,1,1,2,CONCY(RUE),"48,7138500000","2,4890900000",2,1,2,1989.0,1,1,0,-1,A01,1,0,2,1,2,5,3,31,0.0,,2,2,0,2,1,1,5,1,30,adult
202100042433,26,4,2021,0 days 16:45:00,1,91,91691,2,1,1,2,CONCY(RUE),"48,7138500000","2,4890900000",1,4,1,2004.0,5,2,0,-1,A01,1,0,2,1,2,5,3,31,0.0,,2,2,0,2,1,1,5,1,30,adult
202100042457,4,3,2021,0 days 13:20:00,1,65,65047,2,3,1,3,MAI (RUE DU 8),"43,2474453298","0,0869691802",1,1,2,1957.0,3,1,-1,-1,B01,2,0,2,0,1,5,3,MAI (RUE DU 8),0.0,,2,2,0,1,1,1,0,1,50,child
202100042457,4,3,2021,0 days 13:20:00,1,65,65047,2,3,1,3,MAI (RUE DU 8),"43,2474453298","0,0869691802",1,4,1,1999.0,1,8,-1,-1,B01,2,0,2,0,1,5,3,MAI (RUE DU 8),0.0,,2,2,0,1,1,1,0,1,50,adult
202100042461,26,4,2021,0 days 09:40:00,1,59,59328,2,1,1,6,DUNKERQUE AVENUE DE,"50,6391962646","3,0208110809",1,4,1,1957.0,5,8,0,-1,B01,2,1,0,1,1,5,7,DUNKERQUE AVENUE DE,0.0,,2,4,1,1,1,1,0,5,50,child
202100042461,26,4,2021,0 days 09:40:00,1,59,59328,2,1,1,6,DUNKERQUE AVENUE DE,"50,6391962646","3,0208110809",1,1,1,1981.0,5,8,0,-1,B01,2,1,0,1,1,5,7,DUNKERQUE AVENUE DE,0.0,,2,4,1,1,1,1,0,5,50,adult
202100042462,23,4,2021,0 days 19:05:00,1,59,59043,1,8,1,6,VINCENT (CHEMIN),"50,7191900000","2,7710100000",1,1,1,1969.0,4,8,8,-1,A01,3,0,4,7,21,5,4,VINCENT (CHEMIN),0.0,,2,2,0,1,1,1,4,8,70,child
202100042462,23,4,2021,0 days 19:05:00,1,59,59043,1,8,1,6,VINCENT (CHEMIN),"50,7191900000","2,7710100000",1,2,1,2003.0,5,8,0,-1,A01,3,0,4,7,21,5,4,VINCENT (CHEMIN),0.0,,2,2,0,1,1,1,4,8,70,adult
202100042494,26,4,2021,0 days 19:25:00,1,75,75119,2,1,1,2,RUE DE JOINVILLE,"48,8898630000","2,3800430000",1,1,1,1986.0,4,1,0,-1,B01,2,0,2,3,1,5,4,RUE DE JOINVILLE,0.0,,1,1,0,1,1,1,0,1,50,child
202100042494,26,4,2021,0 days 19:25:00,1,75,75119,2,1,1,2,RUE DE JOINVILLE,"48,8898630000","2,3800430000",1,4,2,1989.0,9,2,0,-1,B01,2,0,2,3,1,5,4,RUE DE JOINVILLE,0.0,,1,1,0,1,1,1,0,1,50,adult
202100042494,26,4,2021,0 days 19:25:00,1,75,75119,2,1,1,2,RUE DE JOINVILLE,"48,8898630000","2,3800430000",2,1,2,2018.0,9,3,2,-1,B01,2,0,2,3,1,5,4,RUE DE JOINVILLE,0.0,,1,1,0,1,1,1,0,1,50,adult
202100042544,26,4,2021,0 days 18:10:00,1,28,28057,2,1,1,3,8 Impasse du Presbytere,"48,2591840000","1,3754260000",1,1,1,1988.0,1,1,-1,-1,B01,1,0,2,1,0,5,9,,-1.0,,2,0,0,1,1,1,0,1,50,child
202100042544,26,4,2021,0 days 18:10:00,1,28,28057,2,1,1,3,8 Impasse du Presbytere,"48,2591840000","1,3754260000",1,4,2,2016.0,5,0,-1,-1,B01,1,0,2,1,0,5,9,,-1.0,,2,0,0,1,1,1,0,1,50,adult
202100042560,27,4,2021,0 days 17:00:00,1,22,22364,2,1,7,3,D776,"48,4372020000"," -2,1121220000",1,4,2,1949.0,5,2,4,9,B01,2,0,2,3,1,5,3,776,0.0,D,2,2,0,1,3,1,0,1,70,child
202100042560,27,4,2021,0 days 17:00:00,1,22,22364,2,1,7,3,D776,"48,4372020000"," -2,1121220000",1,1,2,1973.0,5,8,-1,-1,B01,2,0,2,3,1,5,3,776,0.0,D,2,2,0,1,3,1,0,1,70,adult
202100042597,25,4,2021,0 days 17:55:00,1,27,27229,2,1,1,2,CONCHES (ROUTE DE),"49,0193100000","1,1189500000",1,4,1,1977.0,2,2,0,-1,B01,0,0,0,4,15,0,3,CONCHES (ROUTE DE),0.0,,2,0,1,1,1,1,0,1,50,child
202100042597,25,4,2021,0 days 17:55:00,1,27,27229,2,1,1,2,CONCHES (ROUTE DE),"49,0193100000","1,1189500000",1,3,1,2006.0,0,2,0,-1,B01,0,0,0,4,15,0,3,CONCHES (ROUTE DE),0.0,,2,0,1,1,1,1,0,1,50,adult
202100042597,25,4,2021,0 days 17:55:00,1,27,27229,2,1,1,2,CONCHES (ROUTE DE),"49,0193100000","1,1189500000",2,4,1,2017.0,2,2,0,-1,B01,0,0,0,4,15,0,3,CONCHES (ROUTE DE),0.0,,2,0,1,1,1,1,0,1,50,adult
202100042599,24,4,2021,0 days 10:40:00,1,13,13028,2,1,1,6,BEAU RIVAGE (BOULEVARD),"43,1870050000","5,6230460000",3,3,2,1953.0,5,0,-1,-1,A01,1,0,1,4,25,5,7,BEAU RIVAGE (BOULEVARD),0.0,,-1,0,0,1,1,1,6,4,1,child
202100042599,24,4,2021,0 days 10:40:00,1,13,13028,2,1,1,6,BEAU RIVAGE (BOULEVARD),"43,1870050000","5,6230460000",1,1,1,1978.0,5,8,0,-1,A01,1,0,1,4,25,5,7,BEAU RIVAGE (BOULEVARD),0.0,,-1,0,0,1,1,1,6,4,1,adult
202100042601,25,4,2021,0 days 02:40:00,5,75,75120,2,2,1,3,RUE DE MENILMONTANT,"48,8683070000","2,3881800000",1,1,1,1975.0,4,1,0,-1,B01,2,0,2,1,1,5,4,RUE DE MENILMONTANT,0.0,,2,2,0,2,1,1,0,1,50,child
202100042601,25,4,2021,0 days 02:40:00,5,75,75120,2,2,1,3,RUE DE MENILMONTANT,"48,8683070000","2,3881800000",1,4,1,2002.0,5,8,0,-1,B01,2,0,2,1,1,5,4,RUE DE MENILMONTANT,0.0,,2,2,0,2,1,1,0,1,50,adult
202100042640,25,4,2021,0 days 10:06:00,1,64,64495,2,6,8,3,D918,"43,3512950000"," -1,5494800000",1,3,1,1952.0,5,2,-1,-1,B01,2,0,2,3,1,5,3,D918,-1.0,,-1,1,0,1,2,1,5,1,50,child
202100042640,25,4,2021,0 days 10:06:00,1,64,64495,2,6,8,3,D918,"43,3512950000"," -1,5494800000",1,1,1,2000.0,9,1,-1,-1,B01,2,0,2,3,1,5,3,D918,-1.0,,-1,1,0,1,2,1,5,1,50,adult
202100042684,24,4,2021,0 days 22:15:00,5,54,54395,2,4,1,3,FAUBOURG DES TROIS MAISONS (RUE DU),"48,7011791434","6,1768108606",1,4,1,1973.0,0,2,0,-1,A01,1,0,2,7,1,5,4,FAUBOURG DES TROIS MAISONS (RUE DU),0.0,,1,2,1,1,1,1,0,1,30,child
202100042684,24,4,2021,0 days 22:15:00,5,54,54395,2,4,1,3,FAUBOURG DES TROIS MAISONS (RUE DU),"48,7011791434","6,1768108606",2,1,2,1997.0,0,1,0,-1,A01,1,0,2,7,1,5,4,FAUBOURG DES TROIS MAISONS (RUE DU),0.0,,1,2,1,1,1,1,0,1,30,adult
202100042684,24,4,2021,0 days 22:15:00,5,54,54395,2,4,1,3,FAUBOURG DES TROIS MAISONS (RUE DU),"48,7011791434","6,1768108606",1,1,2,1999.0,0,1,0,-1,A01,1,0,2,7,1,5,4,FAUBOURG DES TROIS MAISONS (RUE DU),0.0,,1,2,1,1,1,1,0,1,30,adult
202100042734,23,4,2021,0 days 18:00:00,1,74,74256,2,1,1,1,107 rue pasteur,"45,9372580000","6,6283180000",1,1,1,1980.0,5,1,-1,-1,B01,0,0,2,1,0,5,4,,-1.0,,1,1,0,1,1,1,0,1,50,child
202100042734,23,4,2021,0 days 18:00:00,1,74,74256,2,1,1,1,107 rue pasteur,"45,9372580000","6,6283180000",1,3,1,2007.0,5,0,-1,-1,B01,0,0,2,1,0,5,4,,-1.0,,1,1,0,1,1,1,0,1,50,adult
202100042791,24,4,2021,0 days 14:50:00,1,62,62089,1,1,1,2,departementale d237,"50,8298710000","1,6555710000",1,1,1,1971.0,1,1,-1,-1,B01,2,0,0,4,1,5,3,237,0.0,D,2,2,0,1,1,1,0,1,80,child
202100042791,24,4,2021,0 days 14:50:00,1,62,62089,1,1,1,2,departementale d237,"50,8298710000","1,6555710000",1,3,1,1999.0,5,0,-1,-1,B01,2,0,0,4,1,5,3,237,0.0,D,2,2,0,1,1,1,0,1,80,adult
202100042855,23,4,2021,0 days 14:40:00,1,62,62193,2,1,1,1,ROYALE,"50,9573690000","1,8495010000",1,1,1,1968.0,5,1,8,-1,B01,2,0,2,1,5,5,4,ROYALE,0.0,,1,1,1,1,1,1,0,1,30,child
202100042855,23,4,2021,0 days 14:40:00,1,62,62193,2,1,1,1,ROYALE,"50,9573690000","1,8495010000",2,1,2,1972.0,5,1,0,-1,B01,2,0,2,1,5,5,4,ROYALE,0.0,,1,1,1,1,1,1,0,1,30,adult
202100042855,23,4,2021,0 days 14:40:00,1,62,62193,2,1,1,1,ROYALE,"50,9573690000","1,8495010000",1,4,1,1999.0,5,8,0,-1,B01,2,0,2,1,5,5,4,ROYALE,0.0,,1,1,1,1,1,1,0,1,30,adult
202100042895,23,4,2021,0 days 16:10:00,1,10,10081,2,3,1,3,JEAN MOULIN (RUE),"48,3083000000","4,0353400000",1,1,1,1976.0,5,1,0,-1,A01,3,0,2,8,1,5,4,JEAN MOULIN (RUE),0.0,,-1,2,0,1,1,1,0,1,30,child
202100042895,23,4,2021,0 days 16:10:00,1,10,10081,2,3,1,3,JEAN MOULIN (RUE),"48,3083000000","4,0353400000",1,4,2,2011.0,5,8,0,-1,A01,3,0,2,8,1,5,4,JEAN MOULIN (RUE),0.0,,-1,2,0,1,1,1,0,1,30,adult
202100042897,23,4,2021,0 days 10:37:00,1,10,10362,2,1,1,3,CHANTELOUP (CD),"48,2955800000","4,0436700000",1,4,2,1944.0,3,2,0,-1,A01,2,1,0,1,26,5,4,CHANTELOUP (CD),0.0,,2,2,0,1,1,1,0,1,50,child
202100042897,23,4,2021,0 days 10:37:00,1,10,10362,2,1,1,3,CHANTELOUP (CD),"48,2955800000","4,0436700000",1,1,2,1975.0,0,1,0,-1,A01,2,1,0,1,26,5,4,CHANTELOUP (CD),0.0,,2,2,0,1,1,1,0,1,50,adult
202100042907,23,4,2021,0 days 09:40:00,1,75,75105,2,1,1,2,RUE JUSSIEU,"48,8468580000","2,3540440000",1,1,1,1967.0,1,1,0,-1,A01,2,0,2,1,1,5,4,RUE JUSSIEU,0.0,,2,1,0,2,1,1,0,1,50,child
202100042907,23,4,2021,0 days 09:40:00,1,75,75105,2,1,1,2,RUE JUSSIEU,"48,8468580000","2,3540440000",1,4,1,1995.0,2,2,8,-1,A01,2,0,2,1,1,5,4,RUE JUSSIEU,0.0,,2,1,0,2,1,1,0,1,50,adult
202100042937,23,4,2021,0 days 15:00:00,1,92,92048,2,1,1,1,VAUGIRARD (ROUTE DE),"48,8206200000","2,2371100000",1,4,1,1956.0,0,2,8,-1,B01,1,0,2,3,1,5,3,VAUGIRARD (ROUTE DE),0.0,,2,1,1,1,1,1,0,5,25,child
202100042937,23,4,2021,0 days 15:00:00,1,92,92048,2,1,1,1,VAUGIRARD (ROUTE DE),"48,8206200000","2,2371100000",1,4,1,1978.0,5,8,0,-1,B01,1,0,2,3,1,5,3,VAUGIRARD (ROUTE DE),0.0,,2,1,1,1,1,1,0,5,25,adult
202100042942,23,4,2021,0 days 17:51:00,1,31,31418,2,1,1,1,72 route du fouet,"43,6221120000","1,5236230000",1,1,1,1948.0,5,1,-1,-1,A01,1,0,2,1,1,5,7,70,0.0,D,2,2,0,2,1,1,0,1,50,child
202100042942,23,4,2021,0 days 17:51:00,1,31,31418,2,1,1,1,72 route du fouet,"43,6221120000","1,5236230000",1,3,1,1976.0,5,2,-1,-1,A01,1,0,2,1,1,5,7,70,0.0,D,2,2,0,2,1,1,0,1,50,adult
202100042943,16,4,2021,0 days 18:30:00,1,68,68038,2,1,1,1,grand rue,"48,0963010000","7,4368720000",1,1,2,1969.0,3,1,-1,-1,B01,2,0,0,1,1,5,3,45,-1.0,,2,2,0,1,1,1,0,1,50,child
202100042943,16,4,2021,0 days 18:30:00,1,68,68038,2,1,1,1,grand rue,"48,0963010000","7,4368720000",1,4,1,2005.0,5,0,-1,-1,B01,2,0,0,1,1,5,3,45,-1.0,,2,2,0,1,1,1,0,1,50,adult
202100042952,24,4,2021,0 days 12:00:00,1,51,51149,2,2,1,3,Rue Hubert Boullez,"48,9002000000","4,4406120000",1,4,1,1956.0,5,2,-1,-1,B01,2,0,2,7,1,5,3,60,0.0,,2,2,0,1,1,1,5,1,50,child
202100042952,24,4,2021,0 days 12:00:00,1,51,51149,2,2,1,3,Rue Hubert Boullez,"48,9002000000","4,4406120000",1,1,1,1983.0,5,1,-1,-1,B01,2,0,2,7,1,5,3,60,0.0,,2,2,0,1,1,1,5,1,50,adult
202100042976,24,4,2021,0 days 07:45:00,1,13,13032,1,1,1,4,Route de Pelissanne,"43,5779040000","5,3365450000",1,2,1,1976.0,1,2,-1,-1,B01,1,0,2,1,1,5,7,17,-1.0,D,2,2,0,1,1,1,0,1,80,child
202100042976,24,4,2021,0 days 07:45:00,1,13,13032,1,1,1,4,Route de Pelissanne,"43,5779040000","5,3365450000",1,4,1,1997.0,1,2,-1,-1,B01,1,0,2,1,1,5,7,17,-1.0,D,2,2,0,1,1,1,0,1,80,adult
202100042976,24,4,2021,0 days 07:45:00,1,13,13032,1,1,1,4,Route de Pelissanne,"43,5779040000","5,3365450000",1,1,2,2000.0,1,1,-1,-1,B01,1,0,2,1,1,5,7,17,-1.0,D,2,2,0,1,1,1,0,1,80,adult
202100042987,23,4,2021,0 days 11:20:00,1,33,33554,1,3,1,3,,"44,8864350000"," -0,4693440000",1,1,2,1954.0,5,1,-1,-1,B01,1,0,2,1,1,5,3,115E6,-1.0,,2,2,0,4,3,1,0,1,70,child
202100042987,23,4,2021,0 days 11:20:00,1,33,33554,1,3,1,3,,"44,8864350000"," -0,4693440000",1,3,1,1975.0,5,2,-1,-1,B01,1,0,2,1,1,5,3,115E6,-1.0,,2,2,0,4,3,1,0,1,70,adult
202100043025,22,4,2021,0 days 16:57:00,1,51,51454,2,6,1,3,Avenue Paul Marchandeau,"49,2421371036","4,0244113972",1,1,2,1961.0,0,1,-1,-1,B01,3,0,2,8,19,5,4,MARCHANDEAU (AVENUE PAUL),0.0,,1,1,0,1,1,1,0,1,50,child
202100043025,22,4,2021,0 days 16:57:00,1,51,51454,2,6,1,3,Avenue Paul Marchandeau,"49,2421371036","4,0244113972",1,3,1,2009.0,5,8,-1,-1,B01,3,0,2,8,19,5,4,MARCHANDEAU (AVENUE PAUL),0.0,,1,1,0,1,1,1,0,1,50,adult
202100043055,22,4,2021,0 days 08:50:00,1,75,75120,2,2,1,6,RUE DES HAIES,"48,8529480000","2,4007790000",3,1,1,1971.0,5,0,-1,-1,A01,2,0,1,1,21,5,4,RUE DES HAIES,0.0,,1,1,0,1,1,1,0,1,50,child
202100043055,22,4,2021,0 days 08:50:00,1,75,75120,2,2,1,6,RUE DES HAIES,"48,8529480000","2,4007790000",1,4,1,1973.0,9,8,0,-1,A01,2,0,1,1,21,5,4,RUE DES HAIES,0.0,,1,1,0,1,1,1,0,1,50,adult
202100043055,22,4,2021,0 days 08:50:00,1,75,75120,2,2,1,6,RUE DES HAIES,"48,8529480000","2,4007790000",3,4,2,2017.0,5,0,-1,-1,A01,2,0,1,1,21,5,4,RUE DES HAIES,0.0,,1,1,0,1,1,1,0,1,50,adult
202100043062,21,4,2021,0 days 13:55:00,1,75,75110,2,1,1,6,BOULEVARD DE MAGENTA,"48,8696270000","2,3620340000",1,4,1,1991.0,5,8,0,-1,A01,1,0,1,8,1,5,4,BOULEVARD DE MAGENTA,0.0,,2,6,2,1,1,1,-1,5,50,child
202100043062,21,4,2021,0 days 13:55:00,1,75,75110,2,1,1,6,BOULEVARD DE MAGENTA,"48,8696270000","2,3620340000",3,4,2,1992.0,5,0,-1,-1,A01,1,0,1,8,1,5,4,BOULEVARD DE MAGENTA,0.0,,2,6,2,1,1,1,-1,5,50,adult
202100043062,21,4,2021,0 days 13:55:00,1,75,75110,2,1,1,6,BOULEVARD DE MAGENTA,"48,8696270000","2,3620340000",3,4,1,2020.0,5,0,-1,-1,A01,1,0,1,8,1,5,4,BOULEVARD DE MAGENTA,0.0,,2,6,2,1,1,1,-1,5,50,adult
202100043076,12,4,2021,0 days 10:55:00,1,92,92063,2,6,1,3,ROOSEVELT (BOULEVARD FRANKLIN),"48,8799409228","2,1681033075",1,4,1,1946.0,5,2,8,-1,B01,1,0,2,8,1,5,4,ROOSEVELT (BOULEVARD FRANKLIN),0.0,,2,2,0,1,1,1,5,1,50,child
202100043076,12,4,2021,0 days 10:55:00,1,92,92063,2,6,1,3,ROOSEVELT (BOULEVARD FRANKLIN),"48,8799409228","2,1681033075",1,1,1,1995.0,4,1,8,-1,B01,1,0,2,8,1,5,4,ROOSEVELT (BOULEVARD FRANKLIN),0.0,,2,2,0,1,1,1,5,1,50,adult
202100043091,22,4,2021,0 days 17:20:00,1,47,47195,2,1,1,2,Avenue De lattre de tassigny,"44,1347518763","0,3400436145",2,1,2,1963.0,5,1,-1,-1,A01,1,14,0,1,1,5,3,656,-1.0,,3,2,0,2,1,1,0,1,50,child
202100043091,22,4,2021,0 days 17:20:00,1,47,47195,2,1,1,2,Avenue De lattre de tassigny,"44,1347518763","0,3400436145",1,3,1,1982.0,5,2,-1,-1,A01,1,14,0,1,1,5,3,656,-1.0,,3,2,0,2,1,1,0,1,50,adult
202100043091,22,4,2021,0 days 17:20:00,1,47,47195,2,1,1,2,Avenue De lattre de tassigny,"44,1347518763","0,3400436145",1,1,1,2003.0,5,0,1,-1,A01,1,14,0,1,1,5,3,656,-1.0,,3,2,0,2,1,1,0,1,50,adult
202100043107,15,4,2021,0 days 16:10:00,1,66,66008,1,1,1,3,traverse San Père,"42,5506140000","2,9996430000",1,3,2,1947.0,5,0,-1,-1,B01,3,0,2,8,1,5,4,,-1.0,,2,2,0,1,1,1,0,1,70,child
202100043107,15,4,2021,0 days 16:10:00,1,66,66008,1,1,1,3,traverse San Père,"42,5506140000","2,9996430000",1,1,2,1970.0,1,1,-1,-1,B01,3,0,2,8,1,5,4,,-1.0,,2,2,0,1,1,1,0,1,70,adult
202100043110,22,4,2021,0 days 13:20:00,1,33,33519,1,1,1,1,Avenue de Soulac,"44,8959360000"," -0,6692220000",1,3,1,1947.0,5,2,-1,-1,B01,1,0,2,0,1,5,4,1,0.0,,2,2,1,1,1,1,2,5,50,child
202100043110,22,4,2021,0 days 13:20:00,1,33,33519,1,1,1,1,Avenue de Soulac,"44,8959360000"," -0,6692220000",1,1,1,2000.0,0,8,-1,-1,B01,1,0,2,0,1,5,4,1,0.0,,2,2,1,1,1,1,2,5,50,adult
202100043132,21,4,2021,0 days 14:44:00,1,69,69382,2,1,8,6,SMITH (R),"45,7456016201","4,8248311242",3,3,2,1937.0,5,0,-1,-1,A01,2,0,1,1,1,5,4,SMITH                               (R ),0.0,,1,1,1,1,1,1,0,5,50,child
202100043132,21,4,2021,0 days 14:44:00,1,69,69382,2,1,8,6,SMITH (R),"45,7456016201","4,8248311242",1,1,2,1997.0,1,8,-1,-1,A01,2,0,1,1,1,5,4,SMITH                               (R ),0.0,,1,1,1,1,1,1,0,5,50,adult
202100043150,21,4,2021,0 days 08:10:00,1,61,61397,2,2,1,3,GUE DE GESNE (RUE DU ),"48,4224900000","0,0830800000",1,1,2,1969.0,1,1,0,-1,B01,1,0,2,8,2,6,3,GUE DE GESNE (RUE DU ),0.0,,2,2,0,1,2,1,0,1,50,child
202100043150,21,4,2021,0 days 08:10:00,1,61,61397,2,2,1,3,GUE DE GESNE (RUE DU ),"48,4224900000","0,0830800000",1,3,1,1991.0,1,2,0,-1,B01,1,0,2,8,2,6,3,GUE DE GESNE (RUE DU ),0.0,,2,2,0,1,2,1,0,1,50,adult
202100043157,20,4,2021,0 days 18:00:00,1,56,56098,2,1,1,3,PERGAUD (IMP LOUIS),"47,7675700000"," -3,3429500000",1,1,2,1973.0,5,1,8,-1,B01,1,0,2,8,19,5,4,PERGAUD (IMP LOUIS),0.0,,2,2,0,1,1,1,0,1,30,child
202100043157,20,4,2021,0 days 18:00:00,1,56,56098,2,1,1,3,PERGAUD (IMP LOUIS),"47,7675700000"," -3,3429500000",1,4,1,2011.0,5,8,0,-1,B01,1,0,2,8,19,5,4,PERGAUD (IMP LOUIS),0.0,,2,2,0,1,1,1,0,1,30,adult
202100043203,21,4,2021,0 days 13:00:00,1,75,75109,2,1,1,3,RUE BALLU,"48,8818770000","2,3300910000",1,1,1,1968.0,1,1,0,-1,B01,2,0,2,1,1,5,4,RUE BALLU,0.0,,2,2,2,1,1,1,-1,5,30,child
202100043203,21,4,2021,0 days 13:00:00,1,75,75109,2,1,1,3,RUE BALLU,"48,8818770000","2,3300910000",1,4,2,1990.0,9,2,0,-1,B01,2,0,2,1,1,5,4,RUE BALLU,0.0,,2,2,2,1,1,1,-1,5,30,adult
202100043205,21,4,2021,0 days 12:30:00,1,75,75108,2,1,1,6,RUE D AMSTERDAM,"48,8824470000","2,3271310000",3,4,2,1961.0,5,0,-1,-1,A01,2,0,1,1,1,5,4,RUE D AMSTERDAM,0.0,,2,2,1,2,1,1,0,1,50,child
202100043205,21,4,2021,0 days 12:30:00,1,75,75108,2,1,1,6,RUE D AMSTERDAM,"48,8824470000","2,3271310000",1,1,2,2001.0,5,2,0,-1,A01,2,0,1,1,1,5,4,RUE D AMSTERDAM,0.0,,2,2,1,2,1,1,0,1,50,adult
202100043233,21,4,2021,0 days 13:00:00,1,41,41190,1,1,1,2,D92,"47,8094800000","1,1576310000",1,1,1,1938.0,5,8,-1,-1,B01,1,0,0,4,2,5,3,92,-1.0,,2,2,0,1,1,1,0,1,80,child
202100043233,21,4,2021,0 days 13:00:00,1,41,41190,1,1,1,2,D92,"47,8094800000","1,1576310000",1,3,1,1969.0,5,2,-1,-1,B01,1,0,0,4,2,5,3,92,-1.0,,2,2,0,1,1,1,0,1,80,adult
202100043247,20,4,2021,0 days 17:20:00,1,29,29108,2,2,1,3,Rue du Sacré Coeur,"48,0010540000"," -4,3356410000",1,1,1,1964.0,4,1,-1,-1,A01,0,0,2,1,9,5,4,Rue du Sacré Coeur,-1.0,,2,2,0,1,1,1,9,1,50,child
202100043247,20,4,2021,0 days 17:20:00,1,29,29108,2,2,1,3,Rue du Sacré Coeur,"48,0010540000"," -4,3356410000",1,4,1,2006.0,5,0,-1,-1,A01,0,0,2,1,9,5,4,Rue du Sacré Coeur,-1.0,,2,2,0,1,1,1,9,1,50,adult
202100043255,21,4,2021,0 days 14:00:00,1,45,45196,2,3,1,3,Rue du Gris Meunier,"47,8465979978","1,7914614036",1,1,2,1975.0,5,8,-1,-1,B01,3,0,2,8,15,5,4,,-1.0,,2,2,0,1,1,1,0,1,50,child
202100043255,21,4,2021,0 days 14:00:00,1,45,45196,2,3,1,3,Rue du Gris Meunier,"47,8465979978","1,7914614036",1,3,1,2010.0,5,0,-1,-1,B01,3,0,2,8,15,5,4,,-1.0,,2,2,0,1,1,1,0,1,50,adult
202100043259,19,4,2021,0 days 10:20:00,1,07,07319,2,6,1,3,N102,"44,5537990000","4,6883160000",1,3,1,1935.0,5,2,-1,-1,B01,2,0,2,7,1,5,2,102,-1.0,N,2,2,0,1,2,1,5,1,50,child
202100043259,19,4,2021,0 days 10:20:00,1,07,07319,2,6,1,3,N102,"44,5537990000","4,6883160000",1,1,1,1985.0,0,1,-1,-1,B01,2,0,2,7,1,5,2,102,-1.0,N,2,2,0,1,2,1,5,1,50,adult
202100043289,22,4,2021,0 days 19:30:00,1,59,59534,1,2,1,3,D962,"50,1227910000","3,8935240000",1,1,2,1966.0,1,1,-1,-1,B01,3,0,2,1,1,5,3,962,-1.0,,2,2,0,4,1,1,0,1,70,child