Num_Acc,jour,mois,an,hrmn,lum,dep,com,agg,int,atm,col,adr,lat,long,catu,grav,sexe,an_nais,trajet,secu1,secu2,secu3,num_veh_y,senc,obs,obsm,choc,manv,motor,catr,voie,v1,v2,circ,nbv,vosp,prof,plan,surf,infra,situ,vma,age
202100043289,22,4,2021,0 days 19:30:00,1,59,59534,1,2,1,3,D962,"50,1227910000","3,8935240000",1,3,1,2005.0,5,0,-1,-1,B01,3,0,2,1,1,5,3,962,-1.0,,2,2,0,4,1,1,0,1,70,adult
202100043324,20,4,2021,0 days 12:10:00,1,53,53130,2,2,1,3,TRAPPISTINES ( BOULEVARD DES ),"48,0598500000"," -0,7760600000",1,4,1,1955.0,5,8,0,-1,B01,2,14,0,0,0,0,3,TRAPPISTINES ( BOULEVARD DES ),0.0,,2,2,0,1,1,1,5,1,50,child
202100043324,20,4,2021,0 days 12:10:00,1,53,53130,2,2,1,3,TRAPPISTINES ( BOULEVARD DES ),"48,0598500000"," -0,7760600000",1,1,1,1979.0,1,1,0,-1,B01,2,14,0,0,0,0,3,TRAPPISTINES ( BOULEVARD DES ),0.0,,2,2,0,1,1,1,5,1,50,adult
202100043327,16,4,2021,0 days 17:40:00,1,49,49099,2,1,1,3,RICHELIEU (BOULEVARD DE),"47,0460700000"," -0,8771200000",1,4,2,1977.0,5,8,0,-1,B01,1,0,2,8,16,5,9,RICHELIEU (BOULEVARD DE),0.0,,2,2,1,2,3,1,0,1,50,child
202100043327,16,4,2021,0 days 17:40:00,1,49,49099,2,1,1,3,RICHELIEU (BOULEVARD DE),"47,0460700000"," -0,8771200000",1,1,1,2006.0,5,8,0,-1,B01,1,0,2,8,16,5,9,RICHELIEU (BOULEVARD DE),0.0,,2,2,1,2,3,1,0,1,50,adult
202100043331,20,4,2021,0 days 11:50:00,1,38,38185,2,3,1,6,Place Victor Hugo,"45,1896400000","5,7248300000",3,3,2,1958.0,5,0,-1,-1,A01,3,0,1,0,1,5,4,PLACE VICTOR HUGO,0.0,,2,2,0,1,1,1,0,1,30,child
202100043331,20,4,2021,0 days 11:50:00,1,38,38185,2,3,1,6,Place Victor Hugo,"45,1896400000","5,7248300000",1,1,1,1992.0,5,8,0,-1,A01,3,0,1,0,1,5,4,PLACE VICTOR HUGO,0.0,,2,2,0,1,1,1,0,1,30,adult
202100043334,19,4,2021,0 days 20:25:00,2,30,30189,1,1,1,2,ANDUZE (ROUTE OU ANCIENNE ROUTE),"43,8692000000","4,2856000000",1,1,1,1971.0,1,1,0,-1,B01,1,0,0,4,1,0,3,ANDUZE (ROUTE OU ANCIENNE ROUTE),0.0,,2,2,0,1,1,1,0,1,80,child
202100043334,19,4,2021,0 days 20:25:00,2,30,30189,1,1,1,2,ANDUZE (ROUTE OU ANCIENNE ROUTE),"43,8692000000","4,2856000000",1,3,1,1998.0,5,2,0,-1,B01,1,0,0,4,1,0,3,ANDUZE (ROUTE OU ANCIENNE ROUTE),0.0,,2,2,0,1,1,1,0,1,80,adult
202100043341,19,4,2021,0 days 08:30:00,1,10,10387,2,2,1,3,SALOMON RACHI (RUE),"48,2888089915","4,0804553032",1,4,2,1985.0,0,2,0,-1,B01,1,0,2,1,1,0,4,SALOMON RACHI (RUE),0.0,,2,2,0,1,1,1,0,5,50,child
202100043341,19,4,2021,0 days 08:30:00,1,10,10387,2,2,1,3,SALOMON RACHI (RUE),"48,2888089915","4,0804553032",1,1,1,2001.0,1,1,0,-1,B01,1,0,2,1,1,0,4,SALOMON RACHI (RUE),0.0,,2,2,0,1,1,1,0,5,50,adult
202100043341,19,4,2021,0 days 08:30:00,1,10,10387,2,2,1,3,SALOMON RACHI (RUE),"48,2888089915","4,0804553032",2,4,2,2016.0,0,3,0,-1,B01,1,0,2,1,1,0,4,SALOMON RACHI (RUE),0.0,,2,2,0,1,1,1,0,5,50,adult
202100043342,20,4,2021,0 days 16:34:00,1,08,08105,2,3,1,3,ARAGON LOUIS.(BOULEVARD),"49,7402000427","4,7234058380",1,3,1,1958.0,5,2,0,-1,B01,0,0,2,1,13,5,4,ARAGON LOUIS.(BOULEVARD),0.0,,2,2,0,4,1,1,0,1,50,child
202100043342,20,4,2021,0 days 16:34:00,1,08,08105,2,3,1,3,ARAGON LOUIS.(BOULEVARD),"49,7402000427","4,7234058380",1,1,2,1984.0,5,1,8,-1,B01,0,0,2,1,13,5,4,ARAGON LOUIS.(BOULEVARD),0.0,,2,2,0,4,1,1,0,1,50,adult
202100043369,20,4,2021,0 days 09:00:00,1,93,93005,2,1,1,3,MAXIMILIEN ROBESPIERRE (RUE),"48,9481700000","2,5020600000",1,4,1,1958.0,5,0,8,-1,B01,3,1,2,1,1,0,4,MAXIMILIEN ROBESPIERRE (RUE),0.0,,1,1,0,1,1,1,0,8,10,child
202100043369,20,4,2021,0 days 09:00:00,1,93,93005,2,1,1,3,MAXIMILIEN ROBESPIERRE (RUE),"48,9481700000","2,5020600000",1,1,2,1992.0,9,1,8,-1,B01,3,1,2,1,1,0,4,MAXIMILIEN ROBESPIERRE (RUE),0.0,,1,1,0,1,1,1,0,8,10,adult
202100043428,17,4,2021,0 days 12:15:00,1,76,76305,2,3,1,2,SAINT LAURENT (ROUTE DE),"49,5236700000","0,2252100000",1,3,1,1945.0,5,8,0,-1,A01,1,0,2,1,17,5,3,SAINT LAURENT (ROUTE DE),0.0,,2,2,0,1,1,1,0,1,50,child
202100043428,17,4,2021,0 days 12:15:00,1,76,76305,2,3,1,2,SAINT LAURENT (ROUTE DE),"49,5236700000","0,2252100000",1,1,1,1976.0,5,2,8,-1,A01,1,0,2,1,17,5,3,SAINT LAURENT (ROUTE DE),0.0,,2,2,0,1,1,1,0,1,50,adult
202100043447,19,4,2021,0 days 06:30:00,3,33,33529,2,6,1,3,,"44,6470500000"," -1,1575600000",1,1,1,1938.0,5,1,-1,-1,B01,1,0,2,0,19,5,3,MARIOLAN (CH. DE),0.0,,2,2,0,1,1,1,5,1,50,child
202100043447,19,4,2021,0 days 06:30:00,3,33,33529,2,6,1,3,,"44,6470500000"," -1,1575600000",1,3,1,1977.0,1,8,-1,-1,B01,1,0,2,0,19,5,3,MARIOLAN (CH. DE),0.0,,2,2,0,1,1,1,5,1,50,adult
202100043453,19,4,2021,0 days 06:21:00,2,21,21231,2,9,1,3,Rue des Perrières,"47,3232790660","5,0218033791",1,4,2,1965.0,1,1,0,-1,A01,1,0,2,8,9,5,4,PERRIERES (DES) (RUE),0.0,,2,2,0,1,3,1,0,1,50,child
202100043453,19,4,2021,0 days 06:21:00,2,21,21231,2,9,1,3,Rue des Perrières,"47,3232790660","5,0218033791",1,3,1,2002.0,1,0,0,-1,A01,1,0,2,8,9,5,4,PERRIERES (DES) (RUE),0.0,,2,2,0,1,3,1,0,1,50,adult
202100043536,17,4,2021,0 days 09:00:00,1,77,77186,1,1,1,2,D138. girat.valvins à croix de vitry,"48,4555200000","2,7039400000",1,2,1,1961.0,5,8,0,-1,B01,1,0,2,4,1,0,3,D138. girat.valvins à croix de vitry,0.0,,2,2,0,1,1,1,0,1,80,child
202100043536,17,4,2021,0 days 09:00:00,1,77,77186,1,1,1,2,D138. girat.valvins à croix de vitry,"48,4555200000","2,7039400000",1,1,2,1999.0,1,1,0,-1,B01,1,0,2,4,1,0,3,D138. girat.valvins à croix de vitry,0.0,,2,2,0,1,1,1,0,1,80,adult
202100043572,18,4,2021,0 days 15:55:00,1,88,88115,2,1,1,3,Rue James Wiese,"48,1687400000","6,8800590000",1,1,1,1977.0,5,1,-1,-1,B01,3,0,2,1,19,5,4,,-1.0,,2,2,0,2,2,1,0,1,50,child
202100043572,18,4,2021,0 days 15:55:00,1,88,88115,2,1,1,3,Rue James Wiese,"48,1687400000","6,8800590000",1,3,1,2006.0,5,2,-1,-1,B01,3,0,2,1,19,5,4,,-1.0,,2,2,0,2,2,1,0,1,50,adult
202100043584,19,4,2021,0 days 14:55:00,1,38,38082,2,1,1,3,960 Rue Principale,"45,4277130000","5,5152240000",1,1,1,1969.0,1,1,-1,-1,B01,2,0,2,1,13,5,3,,0.0,,2,2,0,1,1,1,0,1,30,child
202100043584,19,4,2021,0 days 14:55:00,1,38,38082,2,1,1,3,960 Rue Principale,"45,4277130000","5,5152240000",1,3,1,2009.0,5,2,-1,-1,B01,2,0,2,1,13,5,3,,0.0,,2,2,0,1,1,1,0,1,30,adult
202100043592,14,4,2021,0 days 15:00:00,1,27,27074,2,1,1,1,Rue du Presbytère,"49,1535770000","0,6523130000",1,1,1,1942.0,0,1,-1,-1,B01,3,0,2,8,19,0,4,,0.0,,2,2,0,1,1,1,0,1,50,child
202100043592,14,4,2021,0 days 15:00:00,1,27,27074,2,1,1,1,Rue du Presbytère,"49,1535770000","0,6523130000",1,3,1,2011.0,5,2,-1,-1,B01,3,0,2,8,19,0,4,,0.0,,2,2,0,1,1,1,0,1,50,adult
202100043596,14,3,2021,0 days 10:50:00,1,84,84122,1,1,6,1,Route de Peycard,"44,0970480000","4,9453820000",1,3,1,1968.0,5,0,-1,-1,B01,3,0,2,3,1,5,3,,-1.0,,2,2,0,1,2,1,0,1,80,child
202100043596,14,3,2021,0 days 10:50:00,1,84,84122,1,1,6,1,Route de Peycard,"44,0970480000","4,9453820000",1,1,1,1971.0,5,2,-1,-1,B01,3,0,2,3,1,5,3,,-1.0,,2,2,0,1,2,1,0,1,80,adult
202100043596,14,3,2021,0 days 10:50:00,1,84,84122,1,1,6,1,Route de Peycard,"44,0970480000","4,9453820000",1,4,1,2000.0,5,2,-1,-1,B01,3,0,2,3,1,5,3,,-1.0,,2,2,0,1,2,1,0,1,80,adult
202100043618,17,4,2021,0 days 13:14:00,1,74,74093,2,1,1,6,ALERY (GRANDE RUE D'),"45,8982900000","6,1117600000",3,4,2,1960.0,0,0,-1,-1,A01,2,0,1,1,1,5,4,ALERY (GRANDE RUE D'),0.0,,2,3,2,2,1,1,0,1,50,child
202100043618,17,4,2021,0 days 13:14:00,1,74,74093,2,1,1,6,ALERY (GRANDE RUE D'),"45,8982900000","6,1117600000",1,3,1,1993.0,5,2,8,-1,A01,2,0,1,1,1,5,4,ALERY (GRANDE RUE D'),0.0,,2,3,2,2,1,1,0,1,50,adult
202100043627,16,4,2021,0 days 18:35:00,1,56,56121,2,6,1,3,FRANCE ( AVE ANATOLE ),"47,7468900000"," -3,3660900000",1,1,2,1974.0,4,1,0,-1,B01,2,0,2,7,15,5,4,FRANCE ( AVE ANATOLE ),0.0,,2,4,3,1,1,1,5,6,30,child
202100043627,16,4,2021,0 days 18:35:00,1,56,56121,2,6,1,3,FRANCE ( AVE ANATOLE ),"47,7468900000"," -3,3660900000",1,1,1,1991.0,4,2,8,-1,B01,2,0,2,7,15,5,4,FRANCE ( AVE ANATOLE ),0.0,,2,4,3,1,1,1,5,6,30,adult
202100043627,16,4,2021,0 days 18:35:00,1,56,56121,2,6,1,3,FRANCE ( AVE ANATOLE ),"47,7468900000"," -3,3660900000",2,4,2,2016.0,5,1,0,-1,B01,2,0,2,7,15,5,4,FRANCE ( AVE ANATOLE ),0.0,,2,4,3,1,1,1,5,6,30,adult
202100043634,17,4,2021,0 days 14:30:00,1,33,33200,2,4,1,3,Avenue Pasteur,"44,8809700000"," -0,6859300000",1,1,1,1977.0,0,1,-1,-1,B01,1,0,2,1,1,5,4,AVE PASTEUR,0.0,,2,2,2,1,1,1,0,1,50,child
202100043634,17,4,2021,0 days 14:30:00,1,33,33200,2,4,1,3,Avenue Pasteur,"44,8809700000"," -0,6859300000",1,4,1,1999.0,0,8,-1,-1,B01,1,0,2,1,1,5,4,AVE PASTEUR,0.0,,2,2,2,1,1,1,0,1,50,adult
202100043678,18,4,2021,0 days 14:53:00,1,32,32458,1,2,1,3,RD 231,"43,7350080000"," -0,0135920000",1,3,1,1951.0,5,2,-1,-1,B01,1,0,2,3,1,5,3,231,0.0,,2,2,0,1,1,1,4,1,80,child
202100043678,18,4,2021,0 days 14:53:00,1,32,32458,1,2,1,3,RD 231,"43,7350080000"," -0,0135920000",1,1,1,1993.0,4,1,-1,-1,B01,1,0,2,3,1,5,3,231,0.0,,2,2,0,1,1,1,4,1,80,adult
202100043688,17,4,2021,0 days 15:20:00,1,50,50272,1,2,1,3,Rue Jouvin,"48,9414170000"," -1,5375070000",1,1,1,1932.0,5,1,-1,-1,B01,3,0,2,3,1,5,4,,-1.0,,2,2,0,1,1,1,9,1,50,child
202100043688,17,4,2021,0 days 15:20:00,1,50,50272,1,2,1,3,Rue Jouvin,"48,9414170000"," -1,5375070000",1,3,2,1961.0,5,2,6,-1,B01,3,0,2,3,1,5,4,,-1.0,,2,2,0,1,1,1,9,1,50,adult
202100043708,17,4,2021,0 days 14:50:00,1,21,21565,2,4,1,3,Rue de Gilly,"47,2061040000","5,0116490000",1,3,1,1962.0,5,2,-1,-1,A01,1,0,2,1,1,5,3,25,0.0,H,2,2,0,3,2,1,0,1,50,child
202100043708,17,4,2021,0 days 14:50:00,1,21,21565,2,4,1,3,Rue de Gilly,"47,2061040000","5,0116490000",1,1,2,1986.0,5,1,-1,-1,A01,1,0,2,1,1,5,3,25,0.0,H,2,2,0,3,2,1,0,1,50,adult
202100043714,17,4,2021,0 days 17:30:00,1,53,53094,2,1,1,3,RD 565,"48,0019330000"," -0,7122870000",1,1,1,1968.0,4,1,-1,-1,B01,1,0,2,7,19,5,3,565,-1.0,,2,2,0,2,1,1,6,1,30,child
202100043714,17,4,2021,0 days 17:30:00,1,53,53094,2,1,1,3,RD 565,"48,0019330000"," -0,7122870000",1,4,1,2008.0,5,0,-1,-1,B01,1,0,2,7,19,5,3,565,-1.0,,2,2,0,2,1,1,6,1,30,adult
202100043716,18,4,2021,0 days 17:30:00,1,76,76522,1,1,1,1,54 Rue des Chataîgniers,"49,5279500000","0,4085900000",1,1,1,1970.0,3,1,-1,-1,A01,1,0,2,6,9,5,3,81,-1.0,,2,2,0,1,1,1,0,1,70,child
202100043716,18,4,2021,0 days 17:30:00,1,76,76522,1,1,1,1,54 Rue des Chataîgniers,"49,5279500000","0,4085900000",1,3,1,2008.0,5,0,-1,-1,A01,1,0,2,6,9,5,3,81,-1.0,,2,2,0,1,1,1,0,1,70,adult
202100043743,16,4,2021,0 days 19:30:00,2,95,95585,2,1,1,1,MALESHERBE (RESIDENCE),"48,9851500000","2,3806000000",1,1,1,1984.0,1,1,8,-1,B01,3,0,2,1,5,5,6,MALESHERBE (RESIDENCE),0.0,,-1,-1,0,1,2,1,0,1,30,child
202100043743,16,4,2021,0 days 19:30:00,2,95,95585,2,1,1,1,MALESHERBE (RESIDENCE),"48,9851500000","2,3806000000",1,4,1,2014.0,5,0,-1,-1,B01,3,0,2,1,5,5,6,MALESHERBE (RESIDENCE),0.0,,-1,-1,0,1,2,1,0,1,30,adult
202100043862,15,4,2021,0 days 17:40:00,1,84,84087,2,3,1,1,CHENES VERTS (RUE DES),"44,1201800000","4,8270100000",1,1,1,1980.0,9,1,0,-1,B01,1,6,2,8,19,0,4,CHENES VERTS (RUE DES),0.0,,2,2,0,1,1,1,0,1,50,child
202100043862,15,4,2021,0 days 17:40:00,1,84,84087,2,3,1,1,CHENES VERTS (RUE DES),"44,1201800000","4,8270100000",1,4,2,2011.0,5,8,0,-1,B01,1,6,2,8,19,0,4,CHENES VERTS (RUE DES),0.0,,2,2,0,1,1,1,0,1,50,adult
202100043864,15,4,2021,0 days 14:20:00,1,78,78005,1,1,1,3,CENTRALE (ROUTE),"48,9832060000","2,0997840000",1,1,1,1962.0,4,8,0,-1,B01,1,0,0,0,2,5,4,CENTRALE (ROUTE),0.0,,2,2,0,1,1,1,0,1,50,child
202100043864,15,4,2021,0 days 14:20:00,1,78,78005,1,1,1,3,CENTRALE (ROUTE),"48,9832060000","2,0997840000",1,2,1,2008.0,5,2,8,-1,B01,1,0,0,0,2,5,4,CENTRALE (ROUTE),0.0,,2,2,0,1,1,1,0,1,50,adult
202100043869,14,4,2021,0 days 19:25:00,1,64,64024,2,3,1,3,MAIGNON (ROUTE DE),"43,4789640000"," -1,5049100000",1,1,2,1964.0,0,1,0,-1,B01,2,0,2,4,1,5,4,MAIGNON (ROUTE DE),0.0,,2,3,1,4,1,1,0,5,50,child
202100043869,14,4,2021,0 days 19:25:00,1,64,64024,2,3,1,3,MAIGNON (ROUTE DE),"43,4789640000"," -1,5049100000",1,4,1,2009.0,5,8,0,-1,B01,2,0,2,4,1,5,4,MAIGNON (ROUTE DE),0.0,,2,3,1,4,1,1,0,5,50,adult
202100043881,15,4,2021,0 days 11:10:00,1,45,45208,2,6,1,3,Avenue du Général de Gaulle,"48,0077400000","2,7404100000",1,4,2,1939.0,3,0,0,-1,A01,1,0,2,1,1,0,4,GENERAL DE GAULLE (AVENUE DU),0.0,,2,2,1,1,1,1,-1,1,30,child
202100043881,15,4,2021,0 days 11:10:00,1,45,45208,2,6,1,3,Avenue du Général de Gaulle,"48,0077400000","2,7404100000",1,1,2,1994.0,1,1,5,-1,A01,1,0,2,1,1,0,4,GENERAL DE GAULLE (AVENUE DU),0.0,,2,2,1,1,1,1,-1,1,30,adult
202100043884,13,4,2021,0 days 11:45:00,1,37,37122,2,1,1,6,MONTSOREAU (RUE DE),"47,3504896808","0,6790655851",1,1,2,1962.0,4,1,0,-1,A01,1,0,2,1,9,5,4,MONTSOREAU (RUE DE),0.0,,1,1,0,1,1,1,0,1,50,child
202100043884,13,4,2021,0 days 11:45:00,1,37,37122,2,1,1,6,MONTSOREAU (RUE DE),"47,3504896808","0,6790655851",1,4,1,2010.0,5,8,0,-1,A01,1,0,2,1,9,5,4,MONTSOREAU (RUE DE),0.0,,1,1,0,1,1,1,0,1,50,adult
202100043892,15,4,2021,0 days 16:10:00,1,27,27229,2,1,1,2,CONCHES (ROUTE DE),"49,0231500000","1,1244600000",1,4,1,1977.0,5,2,0,-1,B01,0,0,2,4,15,5,3,CONCHES (ROUTE DE),0.0,,2,2,0,1,1,1,0,1,50,child
202100043892,15,4,2021,0 days 16:10:00,1,27,27229,2,1,1,2,CONCHES (ROUTE DE),"49,0231500000","1,1244600000",1,3,1,2006.0,5,2,6,-1,B01,0,0,2,4,15,5,3,CONCHES (ROUTE DE),0.0,,2,2,0,1,1,1,0,1,50,adult
202100043892,15,4,2021,0 days 16:10:00,1,27,27229,2,1,1,2,CONCHES (ROUTE DE),"49,0231500000","1,1244600000",2,4,1,2020.0,5,3,0,-1,B01,0,0,2,4,15,5,3,CONCHES (ROUTE DE),0.0,,2,2,0,1,1,1,0,1,50,adult
202100043907,15,4,2021,0 days 09:30:00,1,75,75114,2,3,1,3,AVENUE DU GENERAL LECLERC,"48,8332530000","2,3315360000",1,1,1,1954.0,1,2,6,-1,B01,2,0,2,4,21,5,4,AVENUE DU GENERAL LECLERC,0.0,,2,4,0,1,1,1,0,1,50,child
202100043907,15,4,2021,0 days 09:30:00,1,75,75114,2,3,1,3,AVENUE DU GENERAL LECLERC,"48,8332530000","2,3315360000",1,4,1,1978.0,1,2,0,-1,B01,2,0,2,4,21,5,4,AVENUE DU GENERAL LECLERC,0.0,,2,4,0,1,1,1,0,1,50,adult
202100043907,15,4,2021,0 days 09:30:00,1,75,75114,2,3,1,3,AVENUE DU GENERAL LECLERC,"48,8332530000","2,3315360000",2,1,2,2001.0,1,2,6,-1,B01,2,0,2,4,21,5,4,AVENUE DU GENERAL LECLERC,0.0,,2,4,0,1,1,1,0,1,50,adult
202100043908,14,4,2021,0 days 09:30:00,1,75,75114,2,1,1,2,RUE D ALESIA,"48,8324990000","2,3121660000",1,1,1,1936.0,5,1,0,-1,B01,2,0,2,4,17,5,4,RUE D ALESIA,0.0,,2,2,0,1,1,1,0,1,50,child
202100043908,14,4,2021,0 days 09:30:00,1,75,75114,2,1,1,2,RUE D ALESIA,"48,8324990000","2,3121660000",1,4,2,1963.0,5,2,0,-1,B01,2,0,2,4,17,5,4,RUE D ALESIA,0.0,,2,2,0,1,1,1,0,1,50,adult
202100043930,15,4,2021,0 days 11:50:00,1,93,93051,2,1,1,1,NEUILLY (ROUTE),"48,8449400000","2,5412100000",1,1,2,1940.0,5,1,5,-1,B01,2,0,2,1,1,0,3,NEUILLY (ROUTE),0.0,,2,3,1,2,2,1,0,5,50,child
202100043930,15,4,2021,0 days 11:50:00,1,93,93051,2,1,1,1,NEUILLY (ROUTE),"48,8449400000","2,5412100000",1,4,1,1972.0,1,8,0,-1,B01,2,0,2,1,1,0,3,NEUILLY (ROUTE),0.0,,2,3,1,2,2,1,0,5,50,adult
202100043936,15,4,2021,0 days 16:00:00,1,92,92048,2,1,1,1,ETANG DE TRIVAUX (ROUTE DE L'),"48,7955112148","2,2324709594",1,1,1,1953.0,3,1,0,-1,B01,2,0,2,3,21,6,3,406,0.0,,2,2,0,2,1,1,0,1,30,child
202100043936,15,4,2021,0 days 16:00:00,1,92,92048,2,1,1,1,ETANG DE TRIVAUX (ROUTE DE L'),"48,7955112148","2,2324709594",1,4,1,1994.0,5,2,0,-1,B01,2,0,2,3,21,6,3,406,0.0,,2,2,0,2,1,1,0,1,30,adult
202100043938,15,4,2021,0 days 11:20:00,1,92,92040,2,1,1,3,VOLTAIRE (BOULEVARD),"48,8264833725","2,2797998786",1,1,1,1945.0,3,8,0,-1,B01,2,1,0,1,1,5,3,50,0.0,,2,4,2,1,1,1,0,5,30,child
202100043938,15,4,2021,0 days 11:20:00,1,92,92040,2,1,1,3,VOLTAIRE (BOULEVARD),"48,8264833725","2,2797998786",1,4,1,1992.0,0,8,0,-1,B01,2,1,0,1,1,5,3,50,0.0,,2,4,2,1,1,1,0,5,30,adult
202100043941,15,4,2021,0 days 16:15:00,1,92,92012,2,1,1,6,FERME (RUE DE LA) - COTE IMPAIR,"48,8306137404","2,2387084365",3,4,1,1950.0,0,0,-1,-1,A01,2,0,1,3,1,5,4,FERME (RUE DE LA) - COTE IMPAIR,0.0,,2,2,1,1,1,1,0,1,50,child
202100043941,15,4,2021,0 days 16:15:00,1,92,92012,2,1,1,6,FERME (RUE DE LA) - COTE IMPAIR,"48,8306137404","2,2387084365",1,1,1,2005.0,5,8,0,-1,A01,2,0,1,3,1,5,4,FERME (RUE DE LA) - COTE IMPAIR,0.0,,2,2,1,1,1,1,0,1,50,adult
202100043984,15,4,2021,0 days 11:15:00,1,17,17225,2,2,1,3,Avenue Pierre Sibard,"45,7139670000"," -1,1423690000",1,3,2,1958.0,5,0,-1,-1,B01,1,0,2,1,1,5,3,,-1.0,,2,2,1,1,1,1,5,1,50,child
202100043984,15,4,2021,0 days 11:15:00,1,17,17225,2,2,1,3,Avenue Pierre Sibard,"45,7139670000"," -1,1423690000",1,1,1,1980.0,1,1,-1,-1,B01,1,0,2,1,1,5,3,,-1.0,,2,2,1,1,1,1,5,1,50,adult
202100044001,14,4,2021,0 days 20:00:00,3,974,97409,2,1,2,2,PATELIN (chemin)," -20,9730800000","55,6854200000",1,1,1,1964.0,9,1,0,-1,B01,2,0,2,5,0,0,4,PATELIN (chemin),0.0,,2,2,0,2,1,2,0,1,50,child
202100044001,14,4,2021,0 days 20:00:00,3,974,97409,2,1,2,2,PATELIN (chemin)," -20,9730800000","55,6854200000",1,4,1,2000.0,0,8,0,-1,B01,2,0,2,5,0,0,4,PATELIN (chemin),0.0,,2,2,0,2,1,2,0,1,50,adult
202100044012,13,4,2021,0 days 18:00:00,1,72,72181,2,1,1,3,JAURES JEAN (AV) N° PAIRS 60 ET >,"47,9861000000","0,2089000000",1,4,2,1964.0,0,8,0,-1,B01,1,0,2,1,1,5,4,JAURES JEAN (AV) N° PAIRS 60 ET >,0.0,,3,4,2,1,1,1,0,1,50,child
202100044012,13,4,2021,0 days 18:00:00,1,72,72181,2,1,1,3,JAURES JEAN (AV) N° PAIRS 60 ET >,"47,9861000000","0,2089000000",1,1,2,1991.0,0,1,0,-1,B01,1,0,2,1,1,5,4,JAURES JEAN (AV) N° PAIRS 60 ET >,0.0,,3,4,2,1,1,1,0,1,50,adult
202100044072,15,4,2021,0 days 14:50:00,1,68,68005,2,3,1,3,1 Rue des Camélias,"48,1288690000","7,2980920000",1,3,1,1958.0,5,8,-1,-1,B01,1,0,0,8,15,5,4,,-1.0,,2,2,0,1,1,1,0,1,50,child
202100044072,15,4,2021,0 days 14:50:00,1,68,68005,2,3,1,3,1 Rue des Camélias,"48,1288690000","7,2980920000",1,1,1,1982.0,4,1,-1,-1,B01,1,0,0,8,15,5,4,,-1.0,,2,2,0,1,1,1,0,1,50,adult
202100044120,13,4,2021,0 days 13:05:00,1,971,97113,1,1,1,2,SECTION LABROUSSE,"16,2227600000"," -61,5129300000",1,1,1,1949.0,0,1,8,-1,B01,1,14,2,1,2,5,4,SECTION LABROUSSE,0.0,,2,2,0,4,2,1,0,1,50,child
202100044120,13,4,2021,0 days 13:05:00,1,971,97113,1,1,1,2,SECTION LABROUSSE,"16,2227600000"," -61,5129300000",1,4,1,1984.0,9,8,0,-1,B01,1,14,2,1,2,5,4,SECTION LABROUSSE,0.0,,2,2,0,4,2,1,0,1,50,adult
202100044143,12,4,2021,0 days 18:43:00,1,56,56121,2,1,1,6,BELGIQUE (RUE  DE ),"47,7592600000"," -3,3799200000",1,4,2,1968.0,5,2,0,-1,A01,2,0,1,2,1,5,4,BELGIQUE (RUE  DE ),0.0,,2,2,0,1,1,1,0,1,30,child
202100044143,12,4,2021,0 days 18:43:00,1,56,56121,2,1,1,6,BELGIQUE (RUE  DE ),"47,7592600000"," -3,3799200000",3,1,2,1993.0,5,0,-1,-1,A01,2,0,1,2,1,5,4,BELGIQUE (RUE  DE ),0.0,,2,2,0,1,1,1,0,1,30,adult
202100044160,13,4,2021,0 days 08:40:00,1,75,75120,2,1,1,6,RUE DE LA DUEE,"48,8711650000","2,3965430000",3,4,2,1932.0,3,0,-1,-1,A01,2,0,1,1,1,5,4,RUE DE LA DUEE,0.0,,2,2,1,2,1,1,-1,5,50,child
202100044160,13,4,2021,0 days 08:40:00,1,75,75120,2,1,1,6,RUE DE LA DUEE,"48,8711650000","2,3965430000",1,1,1,1990.0,1,8,0,-1,A01,2,0,1,1,1,5,4,RUE DE LA DUEE,0.0,,2,2,1,2,1,1,-1,5,50,adult
202100044169,13,4,2021,0 days 09:20:00,1,75,75110,2,2,1,3,AVENUE CLAUDE VELLEFAUX,"48,8752240000","2,3703180000",1,4,1,1976.0,1,2,6,-1,B01,0,0,2,8,9,5,4,AVENUE CLAUDE VELLEFAUX,0.0,,2,0,0,2,1,1,0,1,50,child
202100044169,13,4,2021,0 days 09:20:00,1,75,75110,2,2,1,3,AVENUE CLAUDE VELLEFAUX,"48,8752240000","2,3703180000",1,4,2,1997.0,3,8,0,-1,B01,0,0,2,8,9,5,4,AVENUE CLAUDE VELLEFAUX,0.0,,2,0,0,2,1,1,0,1,50,adult
202100044245,12,4,2021,0 days 15:20:00,1,91,91064,2,1,1,3,Léon MIGNOTTE (rue),"48,7564000000","2,2118900000",1,4,1,1966.0,5,2,0,-1,B01,2,0,2,1,1,5,3,Léon MIGNOTTE (rue),0.0,,2,2,0,2,1,1,0,1,50,child
202100044245,12,4,2021,0 days 15:20:00,1,91,91064,2,1,1,3,Léon MIGNOTTE (rue),"48,7564000000","2,2118900000",1,1,2,1995.0,4,1,0,-1,B01,2,0,2,1,1,5,3,Léon MIGNOTTE (rue),0.0,,2,2,0,2,1,1,0,1,50,adult
202100044247,12,4,2021,0 days 17:45:00,1,83,83069,2,9,1,1,GODILLOT  ( AVENUE ALEXIS ),"43,1137000000","6,1236000000",1,1,1,1959.0,0,1,8,-1,B01,1,0,2,7,26,5,7,GODILLOT  ( AVENUE ALEXIS ),0.0,,2,1,0,2,1,1,0,1,50,child