Num_Acc,jour,mois,an,hrmn,lum,dep,com,agg,int,atm,col,adr,lat,long,catu,grav,sexe,an_nais,trajet,secu1,secu2,secu3,num_veh_y,senc,obs,obsm,choc,manv,motor,catr,voie,v1,v2,circ,nbv,vosp,prof,plan,surf,infra,situ,vma,age
202100044247,12,4,2021,0 days 17:45:00,1,83,83069,2,9,1,1,GODILLOT  ( AVENUE ALEXIS ),"43,1137000000","6,1236000000",1,4,1,2008.0,5,8,0,-1,B01,1,0,2,7,26,5,7,GODILLOT  ( AVENUE ALEXIS ),0.0,,2,1,0,2,1,1,0,1,50,adult
202100044281,9,4,2021,0 days 16:15:00,1,16,16102,2,3,1,3,Bd Denfert Rochereau,"45,6980100000"," -0,3277300000",1,1,2,1947.0,3,1,8,-1,A01,2,0,2,1,19,5,4,,0.0,,2,2,0,2,2,1,0,1,50,child
202100044281,9,4,2021,0 days 16:15:00,1,16,16102,2,3,1,3,Bd Denfert Rochereau,"45,6980100000"," -0,3277300000",1,4,1,2003.0,5,8,0,-1,A01,2,0,2,1,19,5,4,,0.0,,2,2,0,2,2,1,0,1,50,adult
202100044296,12,4,2021,0 days 10:50:00,1,75,75117,2,1,1,3,BOULEVARD PEREIRE,"48,8869560000","2,3030360000",1,1,1,1949.0,5,1,0,-1,A01,2,0,2,1,1,5,4,BOULEVARD PEREIRE,0.0,,1,1,0,1,1,1,0,1,30,child
202100044296,12,4,2021,0 days 10:50:00,1,75,75117,2,1,1,3,BOULEVARD PEREIRE,"48,8869560000","2,3030360000",1,4,2,2001.0,9,8,0,-1,A01,2,0,2,1,1,5,4,BOULEVARD PEREIRE,0.0,,1,1,0,1,1,1,0,1,30,adult
202100044314,12,4,2021,0 days 11:45:00,1,93,93001,2,1,1,6,DANIELLE CASANOVA (RUE)  59 =>,"48,9173300000","2,3956800000",3,4,2,1956.0,5,0,-1,-1,A01,2,0,1,1,1,5,3,DANIELLE CASANOVA (RUE)  59 =>,0.0,,2,2,0,1,1,1,0,1,50,child
202100044314,12,4,2021,0 days 11:45:00,1,93,93001,2,1,1,6,DANIELLE CASANOVA (RUE)  59 =>,"48,9173300000","2,3956800000",1,1,1,1998.0,5,2,0,-1,A01,2,0,1,1,1,5,3,DANIELLE CASANOVA (RUE)  59 =>,0.0,,2,2,0,1,1,1,0,1,50,adult
202100044320,12,4,2021,0 days 18:10:00,1,37,37074,2,3,1,2,3 rue des reaux,"47,2476339248","0,1610974968",1,1,1,1948.0,0,1,-1,-1,B01,1,0,2,4,15,5,3,238,-1.0,,2,2,0,2,1,1,0,1,50,child
202100044320,12,4,2021,0 days 18:10:00,1,37,37074,2,3,1,2,3 rue des reaux,"47,2476339248","0,1610974968",1,3,1,2008.0,5,0,-1,-1,B01,1,0,2,4,15,5,3,238,-1.0,,2,2,0,2,1,1,0,1,50,adult
202100044365,10,4,2021,0 days 17:35:00,1,31,31555,2,1,1,3,LARDENNE (AV DE) DU 1AU 84,"43,5899900000","1,3755200000",1,1,1,1981.0,5,1,8,-1,A01,1,0,2,8,15,1,7,LARDENNE (AV DE) DU 1AU 84,0.0,,2,2,1,1,1,1,0,1,50,child
202100044365,10,4,2021,0 days 17:35:00,1,31,31555,2,1,1,3,LARDENNE (AV DE) DU 1AU 84,"43,5899900000","1,3755200000",1,4,2,2007.0,5,2,8,-1,A01,1,0,2,8,15,1,7,LARDENNE (AV DE) DU 1AU 84,0.0,,2,2,1,1,1,1,0,1,50,adult
202100044457,10,4,2021,0 days 11:35:00,1,54,54547,2,4,1,3,PASTEUR (RUE),"48,6552500000","6,1629000000",1,1,2,1948.0,5,1,0,-1,A01,1,0,2,1,16,5,4,,0.0,,2,2,0,3,1,1,0,1,30,child
202100044457,10,4,2021,0 days 11:35:00,1,54,54547,2,4,1,3,PASTEUR (RUE),"48,6552500000","6,1629000000",1,4,1,1977.0,0,2,0,-1,A01,1,0,2,1,16,5,4,,0.0,,2,2,0,3,1,1,0,1,30,adult
202100044464,8,4,2021,0 days 18:55:00,1,19,19031,2,2,1,3,FRANCE (BOULEVARD ANATOLE),"45,1609038744","1,5329682827",1,1,1,1963.0,4,1,0,-1,A01,2,0,2,1,25,5,3,PARIS (AVENUE DE),0.0,,1,2,0,1,1,1,5,1,50,child
202100044464,8,4,2021,0 days 18:55:00,1,19,19031,2,2,1,3,FRANCE (BOULEVARD ANATOLE),"45,1609038744","1,5329682827",1,3,1,2002.0,0,8,0,-1,A01,2,0,2,1,25,5,3,PARIS (AVENUE DE),0.0,,1,2,0,1,1,1,5,1,50,adult
202100044482,10,4,2021,0 days 21:35:00,5,75,75114,2,4,3,6,AVENUE DU MAINE,"48,8385553098","2,3226102324",1,1,1,1970.0,1,1,0,-1,B01,2,0,2,1,1,5,4,AVENUE DU MAINE,0.0,,2,4,0,1,1,2,0,1,50,child
202100044482,10,4,2021,0 days 21:35:00,5,75,75114,2,4,3,6,AVENUE DU MAINE,"48,8385553098","2,3226102324",1,4,1,2003.0,4,2,0,-1,B01,2,0,2,1,1,5,4,AVENUE DU MAINE,0.0,,2,4,0,1,1,2,0,1,50,adult
202100044559,8,4,2021,0 days 17:20:00,1,67,67482,2,1,1,3,GENERAL DE GAULLE (ROUTE DU),"48,5973840000","7,7410900000",1,1,2,1972.0,0,1,8,-1,A01,1,0,2,1,19,5,7,263,0.0,,3,2,1,1,1,1,0,1,50,child
202100044559,8,4,2021,0 days 17:20:00,1,67,67482,2,1,1,3,GENERAL DE GAULLE (ROUTE DU),"48,5973840000","7,7410900000",1,4,1,1999.0,0,8,0,-1,A01,1,0,2,1,19,5,7,263,0.0,,3,2,1,1,1,1,0,1,50,adult
202100044559,8,4,2021,0 days 17:20:00,1,67,67482,2,1,1,3,GENERAL DE GAULLE (ROUTE DU),"48,5973840000","7,7410900000",2,1,2,2001.0,0,1,8,-1,A01,1,0,2,1,19,5,7,263,0.0,,3,2,1,1,1,1,0,1,50,adult
202100044569,9,4,2021,0 days 11:50:00,1,35,35281,2,2,1,2,Rue de la Jaunais de Mivoie,"48,0691010000"," -1,7037250000",1,1,1,1960.0,5,1,-1,-1,A01,3,0,2,1,2,6,4,MIVOIE (ROUTE DE),0.0,,2,2,0,1,1,1,0,1,50,child
202100044569,9,4,2021,0 days 11:50:00,1,35,35281,2,2,1,2,Rue de la Jaunais de Mivoie,"48,0691010000"," -1,7037250000",1,3,1,2005.0,5,2,0,-1,A01,3,0,2,1,2,6,4,MIVOIE (ROUTE DE),0.0,,2,2,0,1,1,1,0,1,50,adult
202100044616,8,4,2021,0 days 13:10:00,1,92,92012,2,3,1,3,EDOUARD VAILLANT (AVENUE) DEBUT/56 - COT,"48,8355320216","2,2494426370",1,1,1,1964.0,1,2,6,-1,A01,1,0,2,2,12,5,3,EDOUARD VAILLANT (AVENUE) DEBUT/56 - COT,0.0,,3,3,0,1,1,1,0,1,50,child
202100044616,8,4,2021,0 days 13:10:00,1,92,92012,2,3,1,3,EDOUARD VAILLANT (AVENUE) DEBUT/56 - COT,"48,8355320216","2,2494426370",1,1,1,2005.0,5,8,0,-1,A01,1,0,2,2,12,5,3,EDOUARD VAILLANT (AVENUE) DEBUT/56 - COT,0.0,,3,3,0,1,1,1,0,1,50,adult
202100044616,8,4,2021,0 days 13:10:00,1,92,92012,2,3,1,3,EDOUARD VAILLANT (AVENUE) DEBUT/56 - COT,"48,8355320216","2,2494426370",2,4,2,2012.0,5,8,0,-1,A01,1,0,2,2,12,5,3,EDOUARD VAILLANT (AVENUE) DEBUT/56 - COT,0.0,,3,3,0,1,1,1,0,1,50,adult
202100044627,9,4,2021,0 days 17:30:00,1,84,84009,1,3,1,3,intersection D27/D42,"43,7865790000","5,6452240000",1,3,1,1963.0,5,2,-1,-1,A01,1,0,0,8,15,5,3,27,0.0,,2,2,0,1,1,1,0,1,80,child
202100044627,9,4,2021,0 days 17:30:00,1,84,84009,1,3,1,3,intersection D27/D42,"43,7865790000","5,6452240000",1,1,1,2005.0,5,2,6,-1,A01,1,0,0,8,15,5,3,27,0.0,,2,2,0,1,1,1,0,1,80,adult
202100044688,7,4,2021,0 days 15:30:00,1,49,49007,2,1,1,2,MONTAIGNE AVENUE,"47,4687000000"," -0,5317000000",1,4,1,1925.0,9,-1,0,-1,B01,3,0,2,4,1,5,4,MONTAIGNE AVENUE,0.0,,2,4,2,1,1,1,0,1,50,child
202100044688,7,4,2021,0 days 15:30:00,1,49,49007,2,1,1,2,MONTAIGNE AVENUE,"47,4687000000"," -0,5317000000",1,1,1,1979.0,9,1,0,-1,B01,3,0,2,4,1,5,4,MONTAIGNE AVENUE,0.0,,2,4,2,1,1,1,0,1,50,adult
202100044703,7,4,2021,0 days 17:35:00,1,10,10321,2,3,1,3,GENERAL LECLERC (RUE DU),"48,2911718501","4,0295737982",1,4,1,1981.0,1,8,0,-1,A01,2,0,2,1,1,5,3,GENERAL LECLERC (RUE DU),0.0,,2,2,1,1,1,1,0,1,50,child
202100044703,7,4,2021,0 days 17:35:00,1,10,10321,2,3,1,3,GENERAL LECLERC (RUE DU),"48,2911718501","4,0295737982",1,1,2,2002.0,5,1,0,-1,A01,2,0,2,1,1,5,3,GENERAL LECLERC (RUE DU),0.0,,2,2,1,1,1,1,0,1,50,adult
202100044714,8,4,2021,0 days 15:30:00,1,75,75114,2,1,1,6,BOULEVARD JOURDAN,"48,8197130000","2,3413560000",3,4,2,1956.0,5,0,-1,-1,A01,2,0,1,7,1,5,4,BOULEVARD JOURDAN,0.0,,2,6,1,2,1,1,-1,5,50,child
202100044714,8,4,2021,0 days 15:30:00,1,75,75114,2,1,1,6,BOULEVARD JOURDAN,"48,8197130000","2,3413560000",1,1,1,1995.0,9,8,0,-1,A01,2,0,1,7,1,5,4,BOULEVARD JOURDAN,0.0,,2,6,1,2,1,1,-1,5,50,adult
202100044722,8,4,2021,0 days 15:40:00,1,94,94042,2,1,1,3,Avenue du Général Galliéni,"48,8200850000","2,4768830000",1,1,2,1959.0,9,1,8,-1,B01,1,0,2,4,1,5,3,AV DU GENERAL GALLIENI ,0.0,,2,4,2,1,1,1,0,5,30,child
202100044722,8,4,2021,0 days 15:40:00,1,94,94042,2,1,1,3,Avenue du Général Galliéni,"48,8200850000","2,4768830000",1,4,1,1988.0,1,2,8,-1,B01,1,0,2,4,1,5,3,AV DU GENERAL GALLIENI ,0.0,,2,4,2,1,1,1,0,5,30,adult
202100044722,8,4,2021,0 days 15:40:00,1,94,94042,2,1,1,3,Avenue du Général Galliéni,"48,8200850000","2,4768830000",2,1,2,1990.0,9,1,8,-1,B01,1,0,2,4,1,5,3,AV DU GENERAL GALLIENI ,0.0,,2,4,2,1,1,1,0,5,30,adult
202100044753,8,4,2021,0 days 15:15:00,1,07,07289,2,3,1,3,Rue du Luol,"44,6288020000","4,4129690000",1,1,1,1974.0,5,1,-1,-1,A01,0,0,2,8,1,5,3,259,0.0,D,2,2,0,2,1,1,0,1,50,child
202100044753,8,4,2021,0 days 15:15:00,1,07,07289,2,3,1,3,Rue du Luol,"44,6288020000","4,4129690000",1,3,1,2013.0,5,0,-1,-1,A01,0,0,2,8,1,5,3,259,0.0,D,2,2,0,2,1,1,0,1,50,adult
202100044766,8,4,2021,0 days 16:20:00,1,06,06075,2,1,1,1,1174 Route de la Roquette,"43,8497050000","7,2235180000",1,1,1,1971.0,4,1,-1,-1,A01,1,0,2,1,19,0,7,20,-1.0,,2,2,0,1,1,1,0,1,50,child
202100044766,8,4,2021,0 days 16:20:00,1,06,06075,2,1,1,1,1174 Route de la Roquette,"43,8497050000","7,2235180000",1,3,1,2004.0,1,0,-1,-1,A01,1,0,2,1,19,0,7,20,-1.0,,2,2,0,1,1,1,0,1,50,adult
202100044797,6,4,2021,0 days 18:05:00,1,91,91425,2,9,1,3,RUE DE PARIS,"48,6418900000","2,2720400000",1,1,2,1963.0,1,1,0,-1,B01,3,0,2,1,26,2,4,,0.0,,2,2,0,1,3,1,9,1,50,child
202100044797,6,4,2021,0 days 18:05:00,1,91,91425,2,9,1,3,RUE DE PARIS,"48,6418900000","2,2720400000",1,4,2,2007.0,0,8,0,-1,B01,3,0,2,1,26,2,4,,0.0,,2,2,0,1,3,1,9,1,50,adult
202100044797,6,4,2021,0 days 18:05:00,1,91,91425,2,9,1,3,RUE DE PARIS,"48,6418900000","2,2720400000",2,4,1,2018.0,5,2,0,-1,B01,3,0,2,1,26,2,4,,0.0,,2,2,0,1,3,1,9,1,50,adult
202100044808,7,4,2021,0 days 12:55:00,1,64,64445,2,6,1,3,CONDORCET,"43,3116000000"," -0,3628100000",1,1,1,1967.0,4,1,0,-1,A01,3,0,2,1,19,5,4,CONDORCET,0.0,,2,2,1,1,1,1,0,5,30,child
202100044808,7,4,2021,0 days 12:55:00,1,64,64445,2,6,1,3,CONDORCET,"43,3116000000"," -0,3628100000",1,4,1,1999.0,0,2,0,-1,A01,3,0,2,1,19,5,4,CONDORCET,0.0,,2,2,1,1,1,1,0,5,30,adult
202100044813,6,4,2021,0 days 16:01:00,1,63,63113,2,6,1,3,PASTEUR /Gilbert,"45,7736700000","3,0753900000",1,1,1,1943.0,9,1,0,-1,B01,1,0,2,7,0,5,4,PASTEUR (BD),0.0,,1,2,0,1,1,1,0,1,50,child
202100044813,6,4,2021,0 days 16:01:00,1,63,63113,2,6,1,3,PASTEUR /Gilbert,"45,7736700000","3,0753900000",1,4,1,1989.0,0,8,0,-1,B01,1,0,2,7,0,5,4,PASTEUR (BD),0.0,,1,2,0,1,1,1,0,1,50,adult
202100044822,7,4,2021,0 days 15:30:00,1,42,42187,2,3,1,2,Rue Nicolas Cugnot,"46,0450600000","4,0602800000",1,3,1,1953.0,5,2,0,-1,B01,2,0,2,8,15,5,4,CUGNOT (RUE NICOLAS),0.0,,2,5,0,1,1,1,5,1,50,child
202100044822,7,4,2021,0 days 15:30:00,1,42,42187,2,3,1,2,Rue Nicolas Cugnot,"46,0450600000","4,0602800000",1,1,2,1987.0,9,1,0,-1,B01,2,0,2,8,15,5,4,CUGNOT (RUE NICOLAS),0.0,,2,5,0,1,1,1,5,1,50,adult
202100044863,8,4,2021,0 days 12:00:00,1,56,56033,1,2,1,3,RD 773,"47,8093900000"," -2,1250340000",1,2,1,1951.0,5,2,-1,-1,B01,1,0,2,1,19,5,3,773,-1.0,,2,2,0,1,3,1,5,1,80,child
202100044863,8,4,2021,0 days 12:00:00,1,56,56033,1,2,1,3,RD 773,"47,8093900000"," -2,1250340000",1,1,1,1997.0,1,1,-1,-1,B01,1,0,2,1,19,5,3,773,-1.0,,2,2,0,1,3,1,5,1,80,adult
202100044868,7,4,2021,0 days 16:47:00,1,61,61097,2,3,1,3,Residence du Plan d'Eau,"48,4851970000","0,6521040000",1,1,2,1968.0,5,1,-1,-1,A01,3,0,2,1,19,5,4,,-1.0,,2,2,0,1,3,1,0,1,50,child
202100044868,7,4,2021,0 days 16:47:00,1,61,61097,2,3,1,3,Residence du Plan d'Eau,"48,4851970000","0,6521040000",1,3,1,2011.0,5,0,-1,-1,A01,3,0,2,1,19,5,4,,-1.0,,2,2,0,1,3,1,0,1,50,adult
202100044871,7,4,2021,0 days 11:30:00,1,47,47203,1,3,1,3,Rue de la Tuque,"44,3873390000","0,8036700000",1,1,1,1964.0,4,1,-1,-1,A01,3,0,2,3,9,5,3,Tuque,0.0,R,2,2,0,1,1,1,0,1,70,child
202100044871,7,4,2021,0 days 11:30:00,1,47,47203,1,3,1,3,Rue de la Tuque,"44,3873390000","0,8036700000",1,4,1,1995.0,3,0,-1,-1,A01,3,0,2,3,9,5,3,Tuque,0.0,R,2,2,0,1,1,1,0,1,70,adult
202100044881,7,4,2021,0 days 18:05:00,1,03,03118,2,3,1,3,Intersection Rue de la Croix des Vignes et chemin du Mont Libre,"46,0961130000","3,1958250000",1,1,2,1963.0,5,1,-1,-1,A01,3,0,2,1,19,5,4,,0.0,,2,2,0,2,1,1,0,1,30,child
202100044881,7,4,2021,0 days 18:05:00,1,03,03118,2,3,1,3,Intersection Rue de la Croix des Vignes et chemin du Mont Libre,"46,0961130000","3,1958250000",1,3,1,2008.0,5,0,-1,-1,A01,3,0,2,1,19,5,4,,0.0,,2,2,0,2,1,1,0,1,30,adult
202100044899,8,4,2021,0 days 08:00:00,1,50,50531,1,1,1,2,D5,"48,6835090000"," -1,2593510000",1,3,1,1951.0,5,2,6,-1,B01,0,0,0,4,2,5,3,5,-1.0,,2,2,0,1,1,1,0,1,80,child
202100044899,8,4,2021,0 days 08:00:00,1,50,50531,1,1,1,2,D5,"48,6835090000"," -1,2593510000",1,1,1,1995.0,4,1,-1,-1,B01,0,0,0,4,2,5,3,5,-1.0,,2,2,0,1,1,1,0,1,80,adult
202100044909,6,4,2021,0 days 18:50:00,1,69,69382,2,2,1,3,FRANKLIN (R),"45,7527100000","4,8281100000",1,1,1,1981.0,1,1,-1,-1,Y01,2,0,2,7,1,5,4,FRANKLIN                            (R ),0.0,,1,1,2,1,1,1,0,1,50,child
202100044909,6,4,2021,0 days 18:50:00,1,69,69382,2,2,1,3,FRANKLIN (R),"45,7527100000","4,8281100000",1,4,1,2004.0,5,0,-1,-1,Y01,2,0,2,7,1,5,4,FRANKLIN                            (R ),0.0,,1,1,2,1,1,1,0,1,50,adult
202100044912,26,3,2021,0 days 21:21:00,5,971,97113,1,9,1,6,RN4 - SECTION RIVIERA,"16,2135400000"," -61,4775500000",1,1,2,1968.0,0,1,8,-1,B01,1,0,2,0,0,5,2,RN4 - SECTION RIVIERA,0.0,,3,6,0,1,2,1,5,1,50,child
202100044912,26,3,2021,0 days 21:21:00,5,971,97113,1,9,1,6,RN4 - SECTION RIVIERA,"16,2135400000"," -61,4775500000",1,4,1,2005.0,0,8,0,-1,B01,1,0,2,0,0,5,2,RN4 - SECTION RIVIERA,0.0,,3,6,0,1,2,1,5,1,50,adult
202100044920,6,4,2021,0 days 15:00:00,1,78,78146,2,1,1,1,CORMIERS (RUE DES),"48,8982200000","2,1451900000",1,4,1,1961.0,0,8,0,-1,B01,3,0,2,1,1,5,4,CORMIERS (RUE DES),0.0,,2,1,0,1,1,1,0,1,50,child
202100044920,6,4,2021,0 days 15:00:00,1,78,78146,2,1,1,1,CORMIERS (RUE DES),"48,8982200000","2,1451900000",1,1,1,1987.0,4,1,8,-1,B01,3,0,2,1,1,5,4,CORMIERS (RUE DES),0.0,,2,1,0,1,1,1,0,1,50,adult
202100044954,6,4,2021,0 days 09:30:00,1,29,29232,2,6,9,3,Rue Paul Borrossi,"47,9872744275"," -4,1273725033",1,4,1,1941.0,5,2,-1,-1,B01,3,0,2,1,1,5,4,BOROSSI PAUL RUE,0.0,,-1,1,0,1,3,1,0,1,50,child
202100044954,6,4,2021,0 days 09:30:00,1,29,29232,2,6,9,3,Rue Paul Borrossi,"47,9872744275"," -4,1273725033",1,1,1,1971.0,5,1,-1,-1,B01,3,0,2,1,1,5,4,BOROSSI PAUL RUE,0.0,,-1,1,0,1,3,1,0,1,50,adult
202100044976,5,4,2021,0 days 16:20:00,1,75,75109,2,1,2,2,RUE DE CLICHY,"48,8821210000","2,3280890000",1,1,2,1953.0,1,1,0,-1,B01,2,0,2,4,2,5,4,RUE DE CLICHY,0.0,,1,2,0,3,1,2,0,1,50,child
202100044976,5,4,2021,0 days 16:20:00,1,75,75109,2,1,2,2,RUE DE CLICHY,"48,8821210000","2,3280890000",1,4,1,1998.0,1,8,0,-1,B01,2,0,2,4,2,5,4,RUE DE CLICHY,0.0,,1,2,0,3,1,2,0,1,50,adult
202100044977,6,4,2021,0 days 08:45:00,1,75,75101,2,2,1,3,BOULEVARD DE SEBASTOPOL,"48,8585240000","2,3482280000",1,1,1,1977.0,4,1,0,-1,B01,1,0,2,1,1,5,4,BOULEVARD DE SEBASTOPOL,0.0,,1,3,1,1,1,1,-1,5,50,child
202100044977,6,4,2021,0 days 08:45:00,1,75,75101,2,2,1,3,BOULEVARD DE SEBASTOPOL,"48,8585240000","2,3482280000",1,4,2,2001.0,2,2,0,-1,B01,1,0,2,1,1,5,4,BOULEVARD DE SEBASTOPOL,0.0,,1,3,1,1,1,1,-1,5,50,adult
202100044996,6,4,2021,0 days 07:10:00,2,974,97414,2,2,1,3,Route de Cilaos," -21,2705140000","55,4433900000",1,1,1,1978.0,2,1,-1,-1,B01,2,0,2,1,1,5,2,5,-1.0,,2,2,0,2,1,1,0,1,50,child
202100044996,6,4,2021,0 days 07:10:00,2,974,97414,2,2,1,3,Route de Cilaos," -21,2705140000","55,4433900000",1,3,1,2004.0,2,2,-1,-1,B01,2,0,2,1,1,5,2,5,-1.0,,2,2,0,2,1,1,0,1,50,adult
202100045016,5,4,2021,0 days 17:30:00,1,69,69383,2,2,1,3,FELIX FAURE (AV),"45,7528900000","4,8533600000",1,4,1,1975.0,0,8,-1,-1,B01,1,0,2,8,1,5,4,FELIX FAURE                         (AV),0.0,,2,3,2,1,1,1,0,1,50,child
202100045016,5,4,2021,0 days 17:30:00,1,69,69383,2,2,1,3,FELIX FAURE (AV),"45,7528900000","4,8533600000",1,1,1,2000.0,0,1,-1,-1,B01,1,0,2,8,1,5,4,FELIX FAURE                         (AV),0.0,,2,3,2,1,1,1,0,1,50,adult
202100045090,3,4,2021,0 days 17:00:00,1,17,17036,2,6,1,3,rue de la croix,"45,8760570000"," -0,9962150000",1,3,1,1946.0,5,0,-1,-1,B01,1,0,2,3,15,5,3,238,-1.0,,2,2,0,1,1,1,5,1,50,child
202100045090,3,4,2021,0 days 17:00:00,1,17,17036,2,6,1,3,rue de la croix,"45,8760570000"," -0,9962150000",1,1,1,2003.0,5,2,6,-1,B01,1,0,2,3,15,5,3,238,-1.0,,2,2,0,1,1,1,5,1,50,adult
202100045119,4,4,2021,0 days 12:45:00,1,83,83034,2,6,1,3,CD559,"43,0956700000","6,0692000000",1,1,2,1945.0,5,1,8,-1,B01,1,0,2,7,1,5,7,CD559,0.0,,-1,2,0,1,1,1,0,1,50,child
202100045119,4,4,2021,0 days 12:45:00,1,83,83034,2,6,1,3,CD559,"43,0956700000","6,0692000000",1,3,1,1975.0,5,2,8,-1,B01,1,0,2,7,1,5,7,CD559,0.0,,-1,2,0,1,1,1,0,1,50,adult
202100045127,2,4,2021,0 days 16:20:00,1,35,35115,2,6,1,6,FAUCHEUX (BD JACQUES),"48,3545300000"," -1,2110900000",1,4,2,1942.0,0,8,4,-1,B01,1,0,2,8,15,5,4,FAUCHEUX (BD JACQUES),0.0,,2,2,0,4,1,1,5,1,30,child
202100045127,2,4,2021,0 days 16:20:00,1,35,35115,2,6,1,6,FAUCHEUX (BD JACQUES),"48,3545300000"," -1,2110900000",1,1,2,2001.0,0,1,-1,-1,B01,1,0,2,8,15,5,4,FAUCHEUX (BD JACQUES),0.0,,2,2,0,4,1,1,5,1,30,adult
202100045142,4,4,2021,0 days 18:25:00,1,75,75115,2,1,1,6,BOULEVARD LEFEBVRE,"48,8289750000","2,2997290000",3,4,2,1959.0,9,0,-1,-1,A01,2,0,1,1,21,5,4,BOULEVARD LEFEBVRE,0.0,,2,0,1,1,1,1,-1,5,25,child
202100045142,4,4,2021,0 days 18:25:00,1,75,75115,2,1,1,6,BOULEVARD LEFEBVRE,"48,8289750000","2,2997290000",1,1,2,1985.0,5,8,0,-1,A01,2,0,1,1,21,5,4,BOULEVARD LEFEBVRE,0.0,,2,0,1,1,1,1,-1,5,25,adult
202100045156,4,4,2021,0 days 08:30:00,1,93,93048,2,2,1,3,REPUBLIQUE (RUE DE LA),"48,8526186322","2,4179277610",1,3,2,1970.0,5,2,4,-1,B01,3,0,2,1,1,0,4,REPUBLIQUE (RUE DE LA),0.0,,2,4,1,1,1,1,0,1,50,child
202100045156,4,4,2021,0 days 08:30:00,1,93,93048,2,2,1,3,REPUBLIQUE (RUE DE LA),"48,8526186322","2,4179277610",1,1,2,1997.0,0,1,4,-1,B01,3,0,2,1,1,0,4,REPUBLIQUE (RUE DE LA),0.0,,2,4,1,1,1,1,0,1,50,adult
202100045188,4,4,2021,0 days 10:15:00,1,987,98747,1,1,1,1,RT3 le Afaahiti PK 2+900," -17,7463241945"," -149,2020235062",1,3,1,1972.0,5,0,-1,-1,A01,2,0,2,1,13,5,2,3,-1.0,,2,2,0,1,1,1,0,1,60,child
202100045188,4,4,2021,0 days 10:15:00,1,987,98747,1,1,1,1,RT3 le Afaahiti PK 2+900," -17,7463241945"," -149,2020235062",1,1,1,1996.0,5,1,-1,-1,A01,2,0,2,1,13,5,2,3,-1.0,,2,2,0,1,1,1,0,1,60,adult
202100045188,4,4,2021,0 days 10:15:00,1,987,98747,1,1,1,1,RT3 le Afaahiti PK 2+900," -17,7463241945"," -149,2020235062",2,1,2,2000.0,5,1,-1,-1,A01,2,0,2,1,13,5,2,3,-1.0,,2,2,0,1,1,1,0,1,60,adult
202100045188,4,4,2021,0 days 10:15:00,1,987,98747,1,1,1,1,RT3 le Afaahiti PK 2+900," -17,7463241945"," -149,2020235062",2,1,1,2003.0,5,1,-1,-1,A01,2,0,2,1,13,5,2,3,-1.0,,2,2,0,1,1,1,0,1,60,adult
202100045188,4,4,2021,0 days 10:15:00,1,987,98747,1,1,1,1,RT3 le Afaahiti PK 2+900," -17,7463241945"," -149,2020235062",2,1,1,2005.0,5,1,-1,-1,A01,2,0,2,1,13,5,2,3,-1.0,,2,2,0,1,1,1,0,1,60,adult
202100045192,2,4,2021,0 days 10:10:00,1,34,34299,1,1,7,3,D64,"43,2646130000","3,2842250000",1,4,2,1949.0,5,2,-1,-1,B01,1,0,2,3,2,0,3,64,-1.0,,2,2,0,1,1,1,0,1,90,child
202100045192,2,4,2021,0 days 10:10:00,1,34,34299,1,1,7,3,D64,"43,2646130000","3,2842250000",1,1,2,1996.0,5,8,-1,-1,B01,1,0,2,3,2,0,3,64,-1.0,,2,2,0,1,1,1,0,1,90,adult
202100045249,3,4,2021,0 days 12:55:00,1,75,75103,2,2,1,3,RUE DU TEMPLE,"48,8618980000","2,3569200000",1,4,2,1955.0,3,8,0,-1,B01,3,0,2,0,16,5,4,RUE DU TEMPLE,0.0,,1,1,0,1,1,1,0,1,30,child
202100045249,3,4,2021,0 days 12:55:00,1,75,75103,2,2,1,3,RUE DU TEMPLE,"48,8618980000","2,3569200000",1,1,1,1962.0,4,1,0,-1,B01,3,0,2,0,16,5,4,RUE DU TEMPLE,0.0,,1,1,0,1,1,1,0,1,30,adult
202100045249,3,4,2021,0 days 12:55:00,1,75,75103,2,2,1,3,RUE DU TEMPLE,"48,8618980000","2,3569200000",2,1,2,1994.0,9,1,0,-1,B01,3,0,2,0,16,5,4,RUE DU TEMPLE,0.0,,1,1,0,1,1,1,0,1,30,adult
202100045266,4,4,2021,0 days 10:30:00,1,83,83043,1,1,1,5,route départementale 41,"43,2063180000","6,2950160000",1,3,1,1965.0,5,2,-1,-1,C01,2,0,2,1,5,5,3,41,-1.0,,2,2,0,2,2,1,0,1,80,child
202100045266,4,4,2021,0 days 10:30:00,1,83,83043,1,1,1,5,route départementale 41,"43,2063180000","6,2950160000",1,3,1,1967.0,5,2,-1,-1,C01,2,0,2,1,5,5,3,41,-1.0,,2,2,0,2,2,1,0,1,80,adult
202100045266,4,4,2021,0 days 10:30:00,1,83,83043,1,1,1,5,route départementale 41,"43,2063180000","6,2950160000",1,4,1,1996.0,5,2,-1,-1,C01,2,0,2,1,5,5,3,41,-1.0,,2,2,0,2,2,1,0,1,80,adult