Num_Acc,jour,mois,an,hrmn,lum,dep,com,agg,int,atm,col,adr,lat,long,catu,grav,sexe,an_nais,trajet,secu1,secu2,secu3,num_veh_y,senc,obs,obsm,choc,manv,motor,catr,voie,v1,v2,circ,nbv,vosp,prof,plan,surf,infra,situ,vma,age
202100045275,4,4,2021,0 days 18:20:00,1,42,42271,2,1,1,3,Route de Saint-Paul,"45,4875990000","4,5717370000",1,1,2,1945.0,9,1,-1,-1,B01,2,0,2,3,15,5,7,7,0.0,D,2,2,0,1,1,1,0,1,50,child
202100045275,4,4,2021,0 days 18:20:00,1,42,42271,2,1,1,3,Route de Saint-Paul,"45,4875990000","4,5717370000",1,4,2,2007.0,5,2,-1,-1,B01,2,0,2,3,15,5,7,7,0.0,D,2,2,0,1,1,1,0,1,50,adult
202100045278,11,3,2021,0 days 12:45:00,1,56,56015,1,1,1,3,Le Rendez Vous,"47,6320670000"," -2,5588600000",1,3,1,1968.0,5,2,-1,-1,B01,3,0,2,1,1,6,4,,-1.0,,2,2,0,1,1,1,0,1,80,child
202100045278,11,3,2021,0 days 12:45:00,1,56,56015,1,1,1,3,Le Rendez Vous,"47,6320670000"," -2,5588600000",1,1,2,1993.0,0,1,-1,-1,B01,3,0,2,1,1,6,4,,-1.0,,2,2,0,1,1,1,0,1,80,adult
202100045280,4,4,2021,0 days 11:55:00,1,74,74011,2,1,1,2,D5,"45,9242000000","6,1722620000",1,1,1,1963.0,5,1,-1,-1,B01,1,0,2,1,1,5,3,5,-1.0,,2,2,0,2,2,1,0,1,50,child
202100045280,4,4,2021,0 days 11:55:00,1,74,74011,2,1,1,2,D5,"45,9242000000","6,1722620000",1,4,1,2003.0,5,0,-1,-1,B01,1,0,2,1,1,5,3,5,-1.0,,2,2,0,2,2,1,0,1,50,adult
202100045323,30,3,2021,0 days 13:40:00,1,83,83037,1,1,1,4,Départementale 5,"43,3727330000","5,9738490000",1,1,1,1954.0,5,1,-1,-1,C01,1,0,0,0,13,5,3,5,-1.0,,2,2,0,2,1,1,0,1,80,child
202100045323,30,3,2021,0 days 13:40:00,1,83,83037,1,1,1,4,Départementale 5,"43,3727330000","5,9738490000",1,4,1,1980.0,5,2,6,-1,C01,1,0,0,0,13,5,3,5,-1.0,,2,2,0,2,1,1,0,1,80,adult
202100045323,30,3,2021,0 days 13:40:00,1,83,83037,1,1,1,4,Départementale 5,"43,3727330000","5,9738490000",1,1,-1,,-1,-1,-1,-1,C01,1,0,0,0,13,5,3,5,-1.0,,2,2,0,2,1,1,0,1,80,child
202100045368,2,4,2021,0 days 18:55:00,1,71,71306,2,1,1,3,MACON (RUE DE),"46,6736100000","4,3742300000",1,1,2,1967.0,9,1,0,-1,A01,3,0,2,1,19,5,4,,0.0,,2,2,0,1,1,1,0,1,50,child
202100045368,2,4,2021,0 days 18:55:00,1,71,71306,2,1,1,3,MACON (RUE DE),"46,6736100000","4,3742300000",1,4,1,2001.0,5,8,0,-1,A01,3,0,2,1,19,5,4,,0.0,,2,2,0,1,1,1,0,1,50,adult
202100045399,2,4,2021,0 days 18:44:00,1,33,33063,2,4,1,2,Cours Maréchal Juin,"44,8359570000"," -0,5834200000",1,4,1,1958.0,5,8,-1,-1,A01,2,0,2,2,15,0,4,CRS MARECHAL JUIN,0.0,,3,6,2,1,1,1,5,1,50,child
202100045399,2,4,2021,0 days 18:44:00,1,33,33063,2,4,1,2,Cours Maréchal Juin,"44,8359570000"," -0,5834200000",1,1,1,1987.0,1,2,6,-1,A01,2,0,2,2,15,0,4,CRS MARECHAL JUIN,0.0,,3,6,2,1,1,1,5,1,50,adult
202100045428,2,4,2021,0 days 15:00:00,1,75,75111,2,2,1,6,AVENUE PARMENTIER,"48,8584220000","2,3800150000",3,4,2,1934.0,5,0,-1,-1,A01,2,0,1,4,25,5,4,AVENUE PARMENTIER,0.0,,2,2,0,1,1,1,0,4,30,child
202100045428,2,4,2021,0 days 15:00:00,1,75,75111,2,2,1,6,AVENUE PARMENTIER,"48,8584220000","2,3800150000",1,1,1,1992.0,5,2,0,-1,A01,2,0,1,4,25,5,4,AVENUE PARMENTIER,0.0,,2,2,0,1,1,1,0,4,30,adult
202100045448,2,4,2021,0 days 16:00:00,1,93,93032,2,3,1,3,SAINT GERMAIN  (RUE),"48,8845500000","2,5320100000",1,1,2,1977.0,9,1,8,-1,B01,1,0,2,7,0,5,3,SAINT GERMAIN  (RUE),0.0,,2,4,0,1,1,1,0,1,50,child
202100045448,2,4,2021,0 days 16:00:00,1,93,93032,2,3,1,3,SAINT GERMAIN  (RUE),"48,8845500000","2,5320100000",1,4,2,2007.0,9,8,0,-1,B01,1,0,2,7,0,5,3,SAINT GERMAIN  (RUE),0.0,,2,4,0,1,1,1,0,1,50,adult
202100045456,2,4,2021,0 days 09:40:00,1,92,92051,2,1,1,3,JACQUES DULUD (RUE),"48,8808100000","2,2668300000",1,1,1,1947.0,5,1,0,-1,A01,1,0,2,1,25,5,4,,0.0,,1,1,0,1,1,1,0,1,50,child
202100045456,2,4,2021,0 days 09:40:00,1,92,92051,2,1,1,3,JACQUES DULUD (RUE),"48,8808100000","2,2668300000",1,4,2,1985.0,1,8,0,-1,A01,1,0,2,1,25,5,4,,0.0,,1,1,0,1,1,1,0,1,50,adult
202100045502,2,4,2021,0 days 12:25:00,1,13,13015,2,2,1,1,avenue pierre de brossolette,"43,4573580000","5,4130790000",1,1,2,1952.0,5,1,-1,-1,B01,1,0,2,1,1,5,7,,-1.0,,2,2,0,2,4,1,0,1,50,child
202100045502,2,4,2021,0 days 12:25:00,1,13,13015,2,2,1,1,avenue pierre de brossolette,"43,4573580000","5,4130790000",1,3,1,1987.0,5,2,-1,-1,B01,1,0,2,1,1,5,7,,-1.0,,2,2,0,2,4,1,0,1,50,adult
202100045533,1,4,2021,0 days 11:17:00,1,973,97302,2,9,1,6,LAFAURIE (CITE),"4,9320163056"," -52,3239111944",1,1,1,1965.0,0,1,0,0,B01,2,0,0,0,0,1,4,LAFAURIE (CITE),0.0,,2,1,0,1,1,1,0,1,50,child
202100045533,1,4,2021,0 days 11:17:00,1,973,97302,2,9,1,6,LAFAURIE (CITE),"4,9320163056"," -52,3239111944",1,4,1,1999.0,9,0,0,-1,B01,2,0,0,0,0,1,4,LAFAURIE (CITE),0.0,,2,1,0,1,1,1,0,1,50,adult
202100045535,1,4,2021,0 days 16:00:00,1,69,69386,2,1,1,2,EMERAUDES (DES) (R),"45,7688600000","4,8602000000",1,1,2,1963.0,9,1,-1,-1,A01,1,0,2,1,1,5,4,EMERAUDES (DES)                     (R ),0.0,,2,2,1,1,1,1,0,1,50,child
202100045535,1,4,2021,0 days 16:00:00,1,69,69386,2,1,1,2,EMERAUDES (DES) (R),"45,7688600000","4,8602000000",2,1,1,1989.0,9,1,-1,-1,A01,1,0,2,1,1,5,4,EMERAUDES (DES)                     (R ),0.0,,2,2,1,1,1,1,0,1,50,adult
202100045535,1,4,2021,0 days 16:00:00,1,69,69386,2,1,1,2,EMERAUDES (DES) (R),"45,7688600000","4,8602000000",1,4,1,1999.0,4,8,-1,-1,A01,1,0,2,1,1,5,4,EMERAUDES (DES)                     (R ),0.0,,2,2,1,1,1,1,0,1,50,adult
202100045538,1,4,2021,0 days 13:50:00,1,69,69383,2,2,1,1,ST ANTOINE (R),"45,7629350549","4,8638052866",1,1,2,1933.0,9,1,-1,-1,B01,2,0,2,1,1,5,4,ST ANTOINE                          (R ),0.0,,2,3,1,1,1,1,0,1,50,child
202100045538,1,4,2021,0 days 13:50:00,1,69,69383,2,2,1,1,ST ANTOINE (R),"45,7629350549","4,8638052866",1,4,2,1972.0,9,8,-1,-1,B01,2,0,2,1,1,5,4,ST ANTOINE                          (R ),0.0,,2,3,1,1,1,1,0,1,50,adult
202100045557,29,3,2021,0 days 11:30:00,1,78,78646,2,1,1,6,BOURDONNAIS (RUE DES),"48,7948500000","2,1288500000",3,3,2,1974.0,2,0,-1,-1,A01,3,0,1,1,1,5,4,BOURDONNAIS (RUE DES),0.0,,1,1,0,2,1,1,0,1,30,child
202100045557,29,3,2021,0 days 11:30:00,1,78,78646,2,1,1,6,BOURDONNAIS (RUE DES),"48,7948500000","2,1288500000",1,1,1,2006.0,2,8,0,-1,A01,3,0,1,1,1,5,4,BOURDONNAIS (RUE DES),0.0,,1,1,0,2,1,1,0,1,30,adult
202100045557,29,3,2021,0 days 11:30:00,1,78,78646,2,1,1,6,BOURDONNAIS (RUE DES),"48,7948500000","2,1288500000",3,4,2,2013.0,2,0,-1,-1,A01,3,0,1,1,1,5,4,BOURDONNAIS (RUE DES),0.0,,1,1,0,2,1,1,0,1,30,adult
202100045563,1,4,2021,0 days 10:15:00,1,72,72181,2,6,1,3,BOLLEE (AV) N° IMP 1 A 63,"48,0039600000","0,2026400000",1,1,1,1952.0,0,1,0,-1,B01,1,0,2,7,1,5,4,BOLLEE (AV) N° IMP 1 A 63,0.0,,1,2,2,1,1,1,0,1,50,child
202100045563,1,4,2021,0 days 10:15:00,1,72,72181,2,6,1,3,BOLLEE (AV) N° IMP 1 A 63,"48,0039600000","0,2026400000",1,4,2,1984.0,0,8,0,-1,B01,1,0,2,7,1,5,4,BOLLEE (AV) N° IMP 1 A 63,0.0,,1,2,2,1,1,1,0,1,50,adult
202100045566,1,4,2021,0 days 13:40:00,1,69,69091,2,1,1,1,ABRICOTIERS (DES) (CHM),"45,5739300000","4,7898100000",1,1,2,1978.0,2,1,-1,-1,A01,2,0,2,1,16,5,4,ABRICOTIERS (DES) (CH),0.0,,2,2,0,1,1,1,0,1,50,child
202100045566,1,4,2021,0 days 13:40:00,1,69,69091,2,1,1,1,ABRICOTIERS (DES) (CHM),"45,5739300000","4,7898100000",1,4,1,2009.0,2,2,0,-1,A01,2,0,2,1,16,5,4,ABRICOTIERS (DES) (CH),0.0,,2,2,0,1,1,1,0,1,50,adult
202100045595,1,4,2021,0 days 07:45:00,1,35,35238,2,2,1,3,ALMA (DE L'),"48,0973700000"," -1,6749640000",1,1,2,1956.0,4,1,-1,-1,B01,2,0,2,1,1,5,4,CARTIER (BD JACQUES),0.0,,2,2,0,1,1,1,5,1,50,child
202100045595,1,4,2021,0 days 07:45:00,1,35,35238,2,2,1,3,ALMA (DE L'),"48,0973700000"," -1,6749640000",1,4,1,2006.0,2,2,0,-1,B01,2,0,2,1,1,5,4,CARTIER (BD JACQUES),0.0,,2,2,0,1,1,1,5,1,50,adult
202100045614,31,3,2021,0 days 14:45:00,1,11,11262,2,6,1,3,ESPAGNE (AVENUE D'),"43,1695691266","2,9886607102",1,2,1,1944.0,5,8,0,-1,B01,1,0,2,8,16,5,4,ESPAGNE (AVENUE D'),0.0,,3,2,0,1,1,1,0,1,50,child
202100045614,31,3,2021,0 days 14:45:00,1,11,11262,2,6,1,3,ESPAGNE (AVENUE D'),"43,1695691266","2,9886607102",1,1,1,1969.0,4,1,8,-1,B01,1,0,2,8,16,5,4,ESPAGNE (AVENUE D'),0.0,,3,2,0,1,1,1,0,1,50,adult
202100045631,31,3,2021,0 days 19:40:00,1,75,75113,2,3,1,3,BOULEVARD SAINT MARCEL,"48,8371170000","2,3530790000",1,1,1,1964.0,4,1,0,-1,A01,2,0,2,8,13,5,4,BOULEVARD SAINT MARCEL,0.0,,2,4,3,1,1,1,-1,6,50,child
202100045631,31,3,2021,0 days 19:40:00,1,75,75113,2,3,1,3,BOULEVARD SAINT MARCEL,"48,8371170000","2,3530790000",1,4,2,1995.0,1,8,0,-1,A01,2,0,2,8,13,5,4,BOULEVARD SAINT MARCEL,0.0,,2,4,3,1,1,1,-1,6,50,adult
202100045634,1,4,2021,0 days 12:10:00,1,75,75111,2,3,1,6,RUE OBERKAMPF,"48,8659280000","2,3785540000",3,3,2,1939.0,3,0,-1,-1,A01,2,0,1,2,5,5,4,RUE OBERKAMPF,0.0,,1,1,0,2,1,1,0,1,50,child
202100045634,1,4,2021,0 days 12:10:00,1,75,75111,2,3,1,6,RUE OBERKAMPF,"48,8659280000","2,3785540000",1,1,1,1988.0,1,8,0,-1,A01,2,0,1,2,5,5,4,RUE OBERKAMPF,0.0,,1,1,0,2,1,1,0,1,50,adult
202100045637,1,4,2021,0 days 18:35:00,1,75,75109,2,3,1,3,BOULEVARD HAUSSMANN,"48,8734210000","2,3296980000",1,4,2,1962.0,1,8,0,-1,B01,1,0,2,0,13,5,4,BOULEVARD HAUSSMANN,0.0,,1,3,1,1,1,1,-1,6,50,child
202100045637,1,4,2021,0 days 18:35:00,1,75,75109,2,3,1,3,BOULEVARD HAUSSMANN,"48,8734210000","2,3296980000",1,1,1,1988.0,4,1,-1,-1,B01,1,0,2,0,13,5,4,BOULEVARD HAUSSMANN,0.0,,1,3,1,1,1,1,-1,6,50,adult
202100045638,1,4,2021,0 days 14:05:00,1,75,75108,2,2,1,2,RUE MARBEUF,"48,8701120000","2,3065780000",1,4,2,1979.0,3,8,0,-1,B01,2,0,2,8,23,5,4,RUE MARBEUF,0.0,,1,2,0,1,1,1,0,1,50,child
202100045638,1,4,2021,0 days 14:05:00,1,75,75108,2,2,1,2,RUE MARBEUF,"48,8701120000","2,3065780000",1,1,2,2001.0,3,1,0,-1,B01,2,0,2,8,23,5,4,RUE MARBEUF,0.0,,1,2,0,1,1,1,0,1,50,adult
202100045661,1,4,2021,0 days 07:35:00,1,92,92026,2,3,1,3,CIRCULAIRE BLD,"48,8895357341","2,2503036261",1,4,1,1969.0,1,2,0,-1,B01,1,0,2,1,1,5,3,CIRCULAIRE BLD,0.0,,3,2,1,1,1,1,0,5,50,child
202100045661,1,4,2021,0 days 07:35:00,1,92,92026,2,3,1,3,CIRCULAIRE BLD,"48,8895357341","2,2503036261",1,1,1,1990.0,1,1,0,-1,B01,1,0,2,1,1,5,3,CIRCULAIRE BLD,0.0,,3,2,1,1,1,1,0,5,50,adult
202100045668,2,4,2021,0 days 07:00:00,1,974,97415,2,1,1,3,47 rue St Louis," -21,0066980000","55,2762830000",1,1,1,1965.0,4,0,-1,-1,C01,2,0,0,0,1,6,4,,-1.0,,2,2,0,1,1,1,0,1,30,child
202100045668,2,4,2021,0 days 07:00:00,1,974,97415,2,1,1,3,47 rue St Louis," -21,0066980000","55,2762830000",1,2,1,2001.0,1,2,-1,-1,C01,2,0,0,0,1,6,4,,-1.0,,2,2,0,1,1,1,0,1,30,adult
202100045668,2,4,2021,0 days 07:00:00,1,974,97415,2,1,1,3,47 rue St Louis," -21,0066980000","55,2762830000",1,1,1,2006.0,2,8,-1,-1,C01,2,0,0,0,1,6,4,,-1.0,,2,2,0,1,1,1,0,1,30,adult
202100045693,1,4,2021,0 days 15:30:00,1,68,68118,2,3,1,3,1 Rue des Noyers,"47,7392740000","7,4165270000",1,1,1,1965.0,1,1,-1,-1,B01,1,0,2,1,25,5,3,201,0.0,,2,2,0,1,1,1,0,8,50,child
202100045693,1,4,2021,0 days 15:30:00,1,68,68118,2,3,1,3,1 Rue des Noyers,"47,7392740000","7,4165270000",1,4,2,2008.0,5,0,-1,-1,B01,1,0,2,1,25,5,3,201,0.0,,2,2,0,1,1,1,0,8,50,adult
202100045699,24,3,2021,0 days 14:15:00,1,73,73065,2,6,1,2,Rue de Saint-Ombre,"45,5945220000","5,9053230000",1,1,2,1941.0,5,8,-1,-1,B01,1,0,2,5,1,5,4,,-1.0,,1,1,0,1,2,1,5,1,50,child
202100045699,24,3,2021,0 days 14:15:00,1,73,73065,2,6,1,2,Rue de Saint-Ombre,"45,5945220000","5,9053230000",1,4,1,1973.0,4,2,-1,-1,B01,1,0,2,5,1,5,4,,-1.0,,1,1,0,1,2,1,5,1,50,adult
202100045709,29,3,2021,0 days 07:40:00,1,27,27188,1,1,7,2,route départementale 321,"49,2971220000","1,0696810000",1,3,1,1966.0,1,4,-1,-1,B01,1,0,0,4,1,5,3,321,-1.0,,2,2,0,1,1,1,0,1,70,child
202100045709,29,3,2021,0 days 07:40:00,1,27,27188,1,1,7,2,route départementale 321,"49,2971220000","1,0696810000",1,1,1,1993.0,1,1,-1,-1,B01,1,0,0,4,1,5,3,321,-1.0,,2,2,0,1,1,1,0,1,70,adult
202100045737,29,3,2021,0 days 11:55:00,1,80,80021,2,1,1,6,GENERAL FOY (AVENUE DU ),"49,8898090199","2,2818701871",3,4,2,1961.0,0,0,-1,-1,A01,0,0,1,1,1,5,4,GENERAL FOY (AVENUE DU ),0.0,,2,2,0,1,1,1,0,1,50,child
202100045737,29,3,2021,0 days 11:55:00,1,80,80021,2,1,1,6,GENERAL FOY (AVENUE DU ),"49,8898090199","2,2818701871",1,1,1,2002.0,0,2,-1,-1,A01,0,0,1,1,1,5,4,GENERAL FOY (AVENUE DU ),0.0,,2,2,0,1,1,1,0,1,50,adult
202100045773,30,3,2021,0 days 13:50:00,1,14,14327,2,2,1,3,Boulevard de la Grande Delle,"49,2070000000"," -0,3404100000",1,1,1,1974.0,5,1,0,-1,B01,1,0,2,1,1,5,4,GRANDE DELLE (BOULEVARD DE LA),0.0,,2,2,0,1,1,1,0,1,50,child
202100045773,30,3,2021,0 days 13:50:00,1,14,14327,2,2,1,3,Boulevard de la Grande Delle,"49,2070000000"," -0,3404100000",1,4,2,2000.0,5,8,0,-1,B01,1,0,2,1,1,5,4,GRANDE DELLE (BOULEVARD DE LA),0.0,,2,2,0,1,1,1,0,1,50,adult
202100045787,31,3,2021,0 days 18:10:00,1,75,75119,2,1,1,3,AVENUE DE FLANDRE,"48,8850790000","2,3700780000",1,4,1,1971.0,9,8,0,-1,B01,1,0,2,1,7,5,4,AVENUE DE FLANDRE,0.0,,1,3,3,1,1,1,-1,6,50,child
202100045787,31,3,2021,0 days 18:10:00,1,75,75119,2,1,1,3,AVENUE DE FLANDRE,"48,8850790000","2,3700780000",1,1,1,1997.0,9,1,0,-1,B01,1,0,2,1,7,5,4,AVENUE DE FLANDRE,0.0,,1,3,3,1,1,1,-1,6,50,adult
202100045797,31,3,2021,0 days 14:10:00,1,75,75106,2,3,1,3,QUAI DE CONTI,"48,8564310000","2,3399110000",1,1,1,1968.0,5,2,0,-1,A01,1,0,2,8,18,5,4,QUAI DE CONTI,0.0,,2,2,1,1,1,1,-1,5,50,child
202100045797,31,3,2021,0 days 14:10:00,1,75,75106,2,3,1,3,QUAI DE CONTI,"48,8564310000","2,3399110000",1,4,2,1992.0,5,8,0,-1,A01,1,0,2,8,18,5,4,QUAI DE CONTI,0.0,,2,2,1,1,1,1,-1,5,50,adult
202100045806,31,3,2021,0 days 09:30:00,1,94,94022,2,2,1,3,Rue Rouget de Lisle,"48,7629303844","2,4037076560",1,4,1,1943.0,5,2,0,-1,B01,1,0,2,0,0,0,3,GAMBETTA (AV),0.0,,3,12,0,1,1,1,0,1,30,child
202100045806,31,3,2021,0 days 09:30:00,1,94,94022,2,2,1,3,Rue Rouget de Lisle,"48,7629303844","2,4037076560",1,1,1,1989.0,9,1,0,-1,B01,1,0,2,0,0,0,3,GAMBETTA (AV),0.0,,3,12,0,1,1,1,0,1,30,adult
202100045808,31,3,2021,0 days 18:36:00,1,93,93072,2,1,1,3,VAL DU MOULIN (ALLEE DU),"48,9539331418","2,3904931849",1,1,1,1975.0,1,8,0,-1,B01,3,0,0,0,0,0,4,VAL DU MOULIN (ALLEE DU),0.0,,-1,2,0,1,1,1,0,1,30,child
202100045808,31,3,2021,0 days 18:36:00,1,93,93072,2,1,1,3,VAL DU MOULIN (ALLEE DU),"48,9539331418","2,3904931849",1,4,1,2012.0,5,0,-1,-1,B01,3,0,0,0,0,0,4,VAL DU MOULIN (ALLEE DU),0.0,,-1,2,0,1,1,1,0,1,30,adult
202100045830,31,3,2021,0 days 19:25:00,1,31,31113,2,1,1,1,Rue de Labége,"43,5172100000","1,5018170000",1,1,1,1983.0,3,1,-1,-1,B01,3,0,2,1,5,5,4,,0.0,,1,1,0,1,3,1,0,1,30,child
202100045830,31,3,2021,0 days 19:25:00,1,31,31113,2,1,1,1,Rue de Labége,"43,5172100000","1,5018170000",1,4,1,2011.0,5,0,-1,-1,B01,3,0,2,1,5,5,4,,0.0,,1,1,0,1,3,1,0,1,30,adult
202100045852,31,3,2021,0 days 12:05:00,1,31,31347,1,2,1,3,croisement de la départementale D6 et la D632,"43,3982670000","0,7941540000",1,4,1,1978.0,5,2,9,-1,B01,2,0,2,1,1,5,3,632,0.0,D,2,2,0,1,1,1,0,1,80,child
202100045852,31,3,2021,0 days 12:05:00,1,31,31347,1,2,1,3,croisement de la départementale D6 et la D632,"43,3982670000","0,7941540000",1,1,1,2000.0,1,1,-1,-1,B01,2,0,2,1,1,5,3,632,0.0,D,2,2,0,1,1,1,0,1,80,adult
202100045856,1,4,2021,0 days 09:45:00,1,90,90052,2,6,1,2,ZAC du Mont Jean,"47,7373860000","6,8355940000",1,1,2,1946.0,3,1,-1,-1,B01,1,0,2,4,2,5,3,12,0.0,D,1,1,0,1,2,1,5,1,30,child
202100045856,1,4,2021,0 days 09:45:00,1,90,90052,2,6,1,2,ZAC du Mont Jean,"47,7373860000","6,8355940000",1,4,1,1976.0,5,6,-1,-1,B01,1,0,2,4,2,5,3,12,0.0,D,1,1,0,1,2,1,5,1,30,adult
202100045858,31,3,2021,0 days 18:00:00,1,43,43152,1,6,7,3,Rond-point du Collet,"45,0662591493","3,8507992029",1,1,2,1965.0,1,1,-1,-1,B01,1,0,2,2,26,5,2,102,-1.0,,2,2,0,1,2,1,0,1,80,child
202100045858,31,3,2021,0 days 18:00:00,1,43,43152,1,6,7,3,Rond-point du Collet,"45,0662591493","3,8507992029",1,3,1,1995.0,5,2,-1,-1,B01,1,0,2,2,26,5,2,102,-1.0,,2,2,0,1,2,1,0,1,80,adult
202100045870,31,3,2021,0 days 08:50:00,1,67,67118,2,1,1,3,Piste cyclable du canal de la Bruche,"48,5746620000","7,6923720000",1,3,1,1960.0,1,0,-1,-1,A01,3,0,2,8,13,5,9,,-1.0,,2,1,1,1,3,1,0,1,-1,child
202100045870,31,3,2021,0 days 08:50:00,1,67,67118,2,1,1,3,Piste cyclable du canal de la Bruche,"48,5746620000","7,6923720000",1,1,1,1998.0,1,2,-1,-1,A01,3,0,2,8,13,5,9,,-1.0,,2,1,1,1,3,1,0,1,-1,adult
202100045876,31,3,2021,0 days 17:45:00,1,69,69117,1,3,1,3,RD306,"45,8565923895","4,7381329536",1,1,2,1937.0,9,1,-1,-1,B01,3,0,0,1,1,5,7,306,-1.0,,2,2,0,2,1,1,0,1,80,child
202100045876,31,3,2021,0 days 17:45:00,1,69,69117,1,3,1,3,RD306,"45,8565923895","4,7381329536",1,4,1,2003.0,5,2,-1,-1,B01,3,0,0,1,1,5,7,306,-1.0,,2,2,0,2,1,1,0,1,80,adult
202100045924,30,3,2021,0 days 13:45:00,1,77,77285,2,9,1,3,BOIS GUYOT (RUE DU),"48,5388490000","2,6241550000",1,4,1,1987.0,5,0,-1,-1,B01,2,0,2,0,0,5,4,BOIS GUYOT (RUE DU),0.0,,2,2,0,1,1,1,0,1,30,child
202100045924,30,3,2021,0 days 13:45:00,1,77,77285,2,9,1,3,BOIS GUYOT (RUE DU),"48,5388490000","2,6241550000",1,3,2,2009.0,2,8,8,-1,B01,2,0,2,0,0,5,4,BOIS GUYOT (RUE DU),0.0,,2,2,0,1,1,1,0,1,30,adult
202100045930,29,3,2021,0 days 18:50:00,1,67,67482,2,3,1,3,ATHENES (PLACE D ),"48,5789940000","7,7682020000",1,1,1,1959.0,0,1,8,-1,A01,1,0,2,1,19,5,4,ATHENES (PLACE D ),0.0,,3,2,3,1,1,1,0,1,25,child
202100045930,29,3,2021,0 days 18:50:00,1,67,67482,2,3,1,3,ATHENES (PLACE D ),"48,5789940000","7,7682020000",1,4,2,2002.0,2,8,0,-1,A01,1,0,2,1,19,5,4,ATHENES (PLACE D ),0.0,,3,2,3,1,1,1,0,1,25,adult
202100045970,29,3,2021,0 days 17:01:00,1,75,75101,2,3,1,3,RUE DE RIVOLI,"48,8662930000","2,3241810000",1,3,1,1968.0,9,2,6,-1,B01,1,0,2,7,16,5,4,RUE DE RIVOLI,0.0,,3,3,3,1,1,1,-1,6,50,child
202100045970,29,3,2021,0 days 17:01:00,1,75,75101,2,3,1,3,RUE DE RIVOLI,"48,8662930000","2,3241810000",1,4,1,1991.0,9,8,0,-1,B01,1,0,2,7,16,5,4,RUE DE RIVOLI,0.0,,3,3,3,1,1,1,-1,6,50,adult
202100045978,29,3,2021,0 days 17:50:00,1,75,75114,2,7,1,3,RUE DU FAUBOURG SAINT JACQUES,"48,8335720000","2,3363210000",1,1,2,1930.0,5,1,0,-1,A01,1,0,2,3,15,5,4,RUE DU FAUBOURG SAINT JACQUES,0.0,,2,5,0,1,1,1,0,1,50,child
202100045978,29,3,2021,0 days 17:50:00,1,75,75114,2,7,1,3,RUE DU FAUBOURG SAINT JACQUES,"48,8335720000","2,3363210000",1,4,1,1962.0,1,8,0,-1,A01,1,0,2,3,15,5,4,RUE DU FAUBOURG SAINT JACQUES,0.0,,2,5,0,1,1,1,0,1,50,adult
202100045979,30,3,2021,0 days 16:45:00,1,75,75113,2,2,1,3,RUE DE LA GLACIERE,"48,8349740000","2,3449930000",1,4,2,1974.0,5,8,0,-1,B01,2,0,2,3,15,5,4,RUE DE LA GLACIERE,0.0,,2,2,0,1,1,1,0,1,30,child
202100045979,30,3,2021,0 days 16:45:00,1,75,75113,2,2,1,3,RUE DE LA GLACIERE,"48,8349740000","2,3449930000",1,1,2,1995.0,4,1,0,-1,B01,2,0,2,3,15,5,4,RUE DE LA GLACIERE,0.0,,2,2,0,1,1,1,0,1,30,adult
202100045994,30,3,2021,0 days 19:00:00,1,93,93048,2,9,1,1,LAGNY (RUE DE),"48,8491973896","2,4225370244",1,4,1,1966.0,0,2,0,-1,B01,1,0,2,1,19,5,3,LAGNY (RUE DE),0.0,,1,2,2,1,1,1,0,1,30,child
202100045994,30,3,2021,0 days 19:00:00,1,93,93048,2,9,1,1,LAGNY (RUE DE),"48,8491973896","2,4225370244",1,1,1,1998.0,1,1,0,-1,B01,1,0,2,1,19,5,3,LAGNY (RUE DE),0.0,,1,2,2,1,1,1,0,1,30,adult
202100046017,31,3,2021,0 days 10:09:00,1,25,25623,2,9,7,3,GRANDE RUE,"47,2260090000","6,4417970000",1,3,1,1951.0,5,2,-1,-1,B01,2,0,2,8,1,5,3,20,-1.0,,2,2,0,2,1,1,0,1,50,child
202100046017,31,3,2021,0 days 10:09:00,1,25,25623,2,9,7,3,GRANDE RUE,"47,2260090000","6,4417970000",1,1,2,1977.0,5,1,-1,-1,B01,2,0,2,8,1,5,3,20,-1.0,,2,2,0,2,1,1,0,1,50,adult
202100046018,14,3,2021,0 days 12:00:00,1,44,44069,2,1,6,3,D192,"47,2968230000"," -2,3938750000",1,3,1,1949.0,5,8,-1,-1,B01,2,0,2,8,13,5,3,192,-1.0,,2,2,1,1,3,1,0,1,50,child
202100046018,14,3,2021,0 days 12:00:00,1,44,44069,2,1,6,3,D192,"47,2968230000"," -2,3938750000",1,1,1,1987.0,5,1,-1,-1,B01,2,0,2,8,13,5,3,192,-1.0,,2,2,1,1,3,1,0,1,50,adult
202100046035,30,3,2021,0 days 15:30:00,1,55,55258,1,1,1,2,D8,"48,7742670000","5,6937200000",1,3,1,1968.0,5,2,-1,-1,A01,1,0,0,2,1,5,3,D8,0.0,,2,2,0,1,1,1,0,1,80,child
202100046035,30,3,2021,0 days 15:30:00,1,55,55258,1,1,1,2,D8,"48,7742670000","5,6937200000",1,1,1,1989.0,5,2,-1,-1,A01,1,0,0,2,1,5,3,D8,0.0,,2,2,0,1,1,1,0,1,80,adult