Num_Acc,jour,mois,an,hrmn,lum,dep,com,agg,int,atm,col,adr,lat,long,catu,grav,sexe,an_nais,trajet,secu1,secu2,secu3,num_veh_y,senc,obs,obsm,choc,manv,motor,catr,voie,v1,v2,circ,nbv,vosp,prof,plan,surf,infra,situ,vma,age
202100046038,30,3,2021,0 days 15:45:00,1,31,31568,1,2,1,3,croisement CD.2  -  CD.11,"43,4800790000","1,6911650000",1,3,1,1935.0,5,2,-1,-1,A01,1,0,2,8,19,5,3,2,-1.0,,2,2,0,2,1,1,5,1,-1,child
202100046038,30,3,2021,0 days 15:45:00,1,31,31568,1,2,1,3,croisement CD.2  -  CD.11,"43,4800790000","1,6911650000",1,1,1,1959.0,4,1,-1,-1,A01,1,0,2,8,19,5,3,2,-1.0,,2,2,0,2,1,1,5,1,-1,adult
202100046043,30,3,2021,0 days 17:30:00,1,60,60439,2,9,1,1,rue des pinsons,"49,3159310000","2,3155940000",1,1,2,1965.0,0,1,-1,-1,A01,0,0,0,1,2,5,5,,-1.0,,1,1,0,1,1,1,9,8,50,child
202100046043,30,3,2021,0 days 17:30:00,1,60,60439,2,9,1,1,rue des pinsons,"49,3159310000","2,3155940000",1,4,1,2013.0,0,0,-1,-1,A01,0,0,0,1,2,5,5,,-1.0,,1,1,0,1,1,1,9,8,50,adult
202100046107,29,3,2021,0 days 16:35:00,1,35,35238,2,3,1,3,NANTES (DE),"48,0923800000"," -1,6914800000",1,1,2,1956.0,2,8,-1,-1,B01,2,0,2,1,1,5,4,NANTES (DE),0.0,,2,3,2,1,1,1,0,5,50,child
202100046107,29,3,2021,0 days 16:35:00,1,35,35238,2,3,1,3,NANTES (DE),"48,0923800000"," -1,6914800000",1,4,1,2000.0,5,8,-1,-1,B01,2,0,2,1,1,5,4,NANTES (DE),0.0,,2,3,2,1,1,1,0,5,50,adult
202100046138,28,3,2021,0 days 19:15:00,1,75,75118,2,2,1,3,BOULEVARD NEY,"48,8977990000","2,3374340000",1,1,1,1955.0,4,8,0,-1,B01,2,0,2,1,19,5,4,BOULEVARD NEY,0.0,,1,1,0,1,1,1,0,1,50,child
202100046138,28,3,2021,0 days 19:15:00,1,75,75118,2,2,1,3,BOULEVARD NEY,"48,8977990000","2,3374340000",1,3,2,2014.0,9,8,0,-1,B01,2,0,2,1,19,5,4,BOULEVARD NEY,0.0,,1,1,0,1,1,1,0,1,50,adult
202100046143,28,3,2021,0 days 17:46:00,1,94,94046,2,9,1,3,PROFESSEUR CADIOT (AV DU),"48,8043900000","2,4325200000",1,1,1,1985.0,0,1,0,-1,A01,3,0,2,8,19,5,3,PROFESSEUR CADIOT (AV DU),0.0,,2,4,0,1,1,1,0,1,50,child
202100046143,28,3,2021,0 days 17:46:00,1,94,94046,2,9,1,3,PROFESSEUR CADIOT (AV DU),"48,8043900000","2,4325200000",1,4,1,2006.0,5,2,0,-1,A01,3,0,2,8,19,5,3,PROFESSEUR CADIOT (AV DU),0.0,,2,4,0,1,1,1,0,1,50,adult
202100046144,29,3,2021,0 days 18:30:00,1,94,94041,2,1,1,3,Rue Hoche,"48,8122700000","2,3740100000",1,1,1,1991.0,0,8,0,-1,B01,3,0,2,8,26,5,4,HOCHE (R),0.0,,1,1,3,1,1,1,6,1,20,child
202100046144,29,3,2021,0 days 18:30:00,1,94,94041,2,1,1,3,Rue Hoche,"48,8122700000","2,3740100000",1,4,1,2014.0,5,0,0,-1,B01,3,0,2,8,26,5,4,HOCHE (R),0.0,,1,1,3,1,1,1,6,1,20,adult
202100046161,30,3,2021,0 days 08:25:00,1,17,17171,1,2,7,3,D18,"45,8574490000"," -0,7594760000",1,1,2,1966.0,4,1,-1,-1,A01,1,0,2,8,19,5,3,18,-1.0,,2,2,0,1,1,1,0,1,80,child
202100046161,30,3,2021,0 days 08:25:00,1,17,17171,1,2,7,3,D18,"45,8574490000"," -0,7594760000",1,3,1,1994.0,5,0,-1,-1,A01,1,0,2,8,19,5,3,18,-1.0,,2,2,0,1,1,1,0,1,80,adult
202100046180,29,3,2021,0 days 15:00:00,1,53,53243,1,2,1,3,la jaslerie,"48,1551410000"," -0,8776080000",1,3,1,1968.0,5,2,-1,-1,B01,3,0,2,0,2,5,4,,-1.0,,2,2,0,1,1,1,0,1,80,child
202100046180,29,3,2021,0 days 15:00:00,1,53,53243,1,2,1,3,la jaslerie,"48,1551410000"," -0,8776080000",1,1,1,1998.0,4,1,-1,-1,B01,3,0,2,0,2,5,4,,-1.0,,2,2,0,1,1,1,0,1,80,adult
202100046191,26,3,2021,0 days 11:00:00,1,67,67067,2,1,1,3,2 A rue de Geudertheim,"48,7286600000","7,7168820000",1,3,1,1944.0,5,0,-1,-1,A01,1,0,0,7,1,5,3,747,-1.0,,2,2,2,1,1,1,0,4,50,child
202100046191,26,3,2021,0 days 11:00:00,1,67,67067,2,1,1,3,2 A rue de Geudertheim,"48,7286600000","7,7168820000",1,1,2,1991.0,5,1,-1,-1,A01,1,0,0,7,1,5,3,747,-1.0,,2,2,2,1,1,1,0,4,50,adult
202100046199,30,3,2021,0 days 17:55:00,1,59,59011,2,4,1,7,Rue du Docteur Schaffner,"50,5313460000","2,9384890000",1,3,1,1967.0,5,0,-1,-1,B01,3,0,0,0,14,5,4,,-1.0,,2,2,0,1,1,1,5,1,30,child
202100046199,30,3,2021,0 days 17:55:00,1,59,59011,2,4,1,7,Rue du Docteur Schaffner,"50,5313460000","2,9384890000",1,1,1,2001.0,0,1,-1,-1,B01,3,0,0,0,14,5,4,,-1.0,,2,2,0,1,1,1,5,1,30,adult
202100046277,28,3,2021,0 days 16:40:00,1,15,15108,1,3,7,2,La Baraque Neuve (Saint-Just),"44,8986410000","3,2268960000",1,4,1,1969.0,5,2,-1,-1,B01,2,0,2,4,15,5,3,909,0.0,A,2,2,0,1,3,1,0,1,90,child
202100046277,28,3,2021,0 days 16:40:00,1,15,15108,1,3,7,2,La Baraque Neuve (Saint-Just),"44,8986410000","3,2268960000",1,4,2,1999.0,5,2,-1,-1,B01,2,0,2,4,15,5,3,909,0.0,A,2,2,0,1,3,1,0,1,90,adult
202100046279,27,3,2021,0 days 10:30:00,1,50,50260,1,1,7,2,7 Route du Moulin (Bellefontaine),"48,6872140000"," -0,9803960000",1,1,1,1944.0,5,1,-1,-1,B01,2,0,0,4,1,5,3,33,-1.0,,2,2,0,2,1,1,0,1,80,child
202100046279,27,3,2021,0 days 10:30:00,1,50,50260,1,1,7,2,7 Route du Moulin (Bellefontaine),"48,6872140000"," -0,9803960000",1,3,1,1970.0,5,2,-1,-1,B01,2,0,0,4,1,5,3,33,-1.0,,2,2,0,2,1,1,0,1,80,adult
202100046309,28,3,2021,0 days 17:05:00,1,68,68211,2,1,1,3,33 Rue Principale,"47,8719600000","7,0064260000",1,1,1,1987.0,5,1,-1,-1,A01,1,0,2,1,19,5,3,741,-1.0,,2,2,0,2,1,1,0,1,50,child
202100046309,28,3,2021,0 days 17:05:00,1,68,68211,2,1,1,3,33 Rue Principale,"47,8719600000","7,0064260000",1,4,1,2013.0,5,0,-1,-1,A01,1,0,2,1,19,5,3,741,-1.0,,2,2,0,2,1,1,0,1,50,adult
202100046379,27,3,2021,0 days 15:30:00,1,75,75113,2,1,1,3,RUE DE LA GLACIERE,"48,8279520000","2,3424400000",1,1,1,1953.0,9,1,8,-1,B01,2,0,2,7,1,5,4,RUE DE LA GLACIERE,0.0,,1,2,0,1,1,1,0,1,50,child
202100046379,27,3,2021,0 days 15:30:00,1,75,75113,2,1,1,3,RUE DE LA GLACIERE,"48,8279520000","2,3424400000",1,4,2,2003.0,9,8,0,-1,B01,2,0,2,7,1,5,4,RUE DE LA GLACIERE,0.0,,1,2,0,1,1,1,0,1,50,adult
202100046389,25,3,2021,0 days 16:55:00,1,94,94052,2,9,1,3,Avenue de Joinville,"48,8310800000","2,4687600000",1,4,1,1966.0,1,0,-1,-1,Y01,2,0,2,1,2,5,3,AV DE JOINVILLE,0.0,,1,1,1,1,1,1,0,5,50,child
202100046389,25,3,2021,0 days 16:55:00,1,94,94052,2,9,1,3,Avenue de Joinville,"48,8310800000","2,4687600000",1,1,2,2003.0,5,1,0,-1,Y01,2,0,2,1,2,5,3,AV DE JOINVILLE,0.0,,1,1,1,1,1,1,0,5,50,adult
202100046424,27,3,2021,0 days 16:15:00,1,67,67183,1,1,1,1,D23,"48,9358670000","7,0211520000",1,3,2,1957.0,0,2,-1,-1,B01,2,0,2,4,2,5,3,23,0.0,,2,2,0,1,1,1,0,1,80,child
202100046424,27,3,2021,0 days 16:15:00,1,67,67183,1,1,1,1,D23,"48,9358670000","7,0211520000",1,1,1,1978.0,5,1,-1,-1,B01,2,0,2,4,2,5,3,23,0.0,,2,2,0,1,1,1,0,1,80,adult
202100046448,27,3,2021,0 days 12:40:00,1,45,45272,2,1,1,4,951 Rue de Gautray,"47,8118470000","1,9526430000",1,4,1,1959.0,5,2,-1,-1,C01,2,0,2,7,1,5,4,,-1.0,,2,2,0,1,1,1,0,1,50,child
202100046448,27,3,2021,0 days 12:40:00,1,45,45272,2,1,1,4,951 Rue de Gautray,"47,8118470000","1,9526430000",1,3,1,1970.0,5,2,-1,-1,C01,2,0,2,7,1,5,4,,-1.0,,2,2,0,1,1,1,0,1,50,adult
202100046448,27,3,2021,0 days 12:40:00,1,45,45272,2,1,1,4,951 Rue de Gautray,"47,8118470000","1,9526430000",1,1,1,1998.0,1,8,-1,-1,C01,2,0,2,7,1,5,4,,-1.0,,2,2,0,1,1,1,0,1,50,adult
202100046449,28,3,2021,0 days 09:10:00,1,45,45193,2,2,1,3,Place de l'Eglise,"47,7645520000","2,0210710000",1,3,1,1950.0,5,8,-1,-1,B01,2,0,2,1,1,5,3,921,0.0,,2,2,0,1,1,1,0,1,50,child
202100046449,28,3,2021,0 days 09:10:00,1,45,45193,2,2,1,3,Place de l'Eglise,"47,7645520000","2,0210710000",1,1,2,1999.0,0,8,-1,-1,B01,2,0,2,1,1,5,3,921,0.0,,2,2,0,1,1,1,0,1,50,adult
202100046509,26,3,2021,0 days 06:37:00,5,64,64102,2,3,1,3,SOULT (AVENUE MARECHAL),"43,4851885246"," -1,4940104130",1,3,1,1958.0,1,2,6,-1,A01,1,0,2,6,2,5,3,SOULT (AVENUE MARECHAL),0.0,,3,4,3,1,1,1,5,1,50,child
202100046509,26,3,2021,0 days 06:37:00,5,64,64102,2,3,1,3,SOULT (AVENUE MARECHAL),"43,4851885246"," -1,4940104130",1,4,1,1999.0,1,8,0,-1,A01,1,0,2,6,2,5,3,SOULT (AVENUE MARECHAL),0.0,,3,4,3,1,1,1,5,1,50,adult
202100046513,25,3,2021,0 days 16:18:00,1,63,63113,2,3,1,3,Nadaud/Briand,"45,7701200000","3,0761900000",1,1,2,1970.0,9,1,0,-1,B01,1,0,2,7,1,5,4,NADAUD (RUE CHARLES),0.0,,1,2,1,1,1,1,0,1,50,child
202100046513,25,3,2021,0 days 16:18:00,1,63,63113,2,3,1,3,Nadaud/Briand,"45,7701200000","3,0761900000",1,4,1,1997.0,0,8,0,-1,B01,1,0,2,7,1,5,4,NADAUD (RUE CHARLES),0.0,,1,2,1,1,1,1,0,1,50,adult
202100046580,23,3,2021,0 days 09:30:00,1,80,80021,2,1,1,3,ROUEN (RUE DE),"49,8871500000","2,2834100000",1,1,2,1970.0,0,8,-1,-1,B01,0,0,0,0,0,5,4,ROUEN (RUE DE),0.0,,2,4,0,1,1,1,0,1,50,child
202100046580,23,3,2021,0 days 09:30:00,1,80,80021,2,1,1,3,ROUEN (RUE DE),"49,8871500000","2,2834100000",1,4,1,1997.0,0,2,-1,-1,B01,0,0,0,0,0,5,4,ROUEN (RUE DE),0.0,,2,4,0,1,1,1,0,1,50,adult
202100046586,24,3,2021,0 days 13:00:00,1,73,73065,2,3,1,3,Rue Dijoud / D201,"45,5663850000","5,9379980000",1,3,1,1952.0,5,8,0,-1,C01,1,0,2,1,15,5,3,SAINTE ROSE (RUE),0.0,,2,3,2,1,1,1,-1,1,50,child
202100046586,24,3,2021,0 days 13:00:00,1,73,73065,2,3,1,3,Rue Dijoud / D201,"45,5663850000","5,9379980000",1,1,2,1996.0,4,1,0,-1,C01,1,0,2,1,15,5,3,SAINTE ROSE (RUE),0.0,,2,3,2,1,1,1,-1,1,50,adult
202100046596,24,3,2021,0 days 12:14:00,1,59,59291,2,1,1,3,MARECHAL FOCH (AVENUE DU),"50,2545620000","3,9079260000",1,1,1,1974.0,5,8,0,-1,Y01,2,0,0,0,0,5,4,MARECHAL FOCH (AVENUE DU),0.0,,1,1,0,1,4,1,0,1,50,child
202100046596,24,3,2021,0 days 12:14:00,1,59,59291,2,1,1,3,MARECHAL FOCH (AVENUE DU),"50,2545620000","3,9079260000",1,3,1,2008.0,5,8,0,-1,Y01,2,0,0,0,0,5,4,MARECHAL FOCH (AVENUE DU),0.0,,1,1,0,1,4,1,0,1,50,adult
202100046617,25,3,2021,0 days 17:49:00,1,17,17300,2,3,1,3,VERDUN   PLACE DE,"46,1618660000"," -1,1535190000",1,1,1,1949.0,5,1,0,-1,Z01,3,0,2,0,0,5,4,VERDUN   PLACE DE,0.0,,1,1,1,1,1,1,0,5,30,child
202100046617,25,3,2021,0 days 17:49:00,1,17,17300,2,3,1,3,VERDUN   PLACE DE,"46,1618660000"," -1,1535190000",1,4,1,2001.0,0,8,0,-1,Z01,3,0,2,0,0,5,4,VERDUN   PLACE DE,0.0,,1,1,1,1,1,1,0,5,30,adult
202100046644,25,3,2021,0 days 18:00:00,1,75,75110,2,1,1,6,RUE EUGENE VARLIN,"48,8788100000","2,3637980000",3,4,2,1963.0,5,0,-1,-1,A01,1,0,1,2,1,5,4,RUE EUGENE VARLIN,0.0,,2,2,1,1,1,1,-1,5,30,child
202100046644,25,3,2021,0 days 18:00:00,1,75,75110,2,1,1,6,RUE EUGENE VARLIN,"48,8788100000","2,3637980000",1,1,1,1985.0,1,2,0,-1,A01,1,0,1,2,1,5,4,RUE EUGENE VARLIN,0.0,,2,2,1,1,1,1,-1,5,30,adult
202100046645,25,3,2021,0 days 09:00:00,1,75,75110,2,1,2,3,RUE DES VINAIGRIERS,"48,8731560000","2,3621900000",1,4,1,1967.0,1,2,0,-1,B01,2,0,2,0,1,5,4,RUE DES VINAIGRIERS,0.0,,2,2,0,1,1,2,0,1,30,child
202100046645,25,3,2021,0 days 09:00:00,1,75,75110,2,1,2,3,RUE DES VINAIGRIERS,"48,8731560000","2,3621900000",1,1,1,1992.0,1,1,0,-1,B01,2,0,2,0,1,5,4,RUE DES VINAIGRIERS,0.0,,2,2,0,1,1,2,0,1,30,adult
202100046647,25,3,2021,0 days 16:00:00,1,75,75109,2,3,1,3,RUE LA BRUYERE,"48,8797250000","2,3328060000",1,1,1,1964.0,9,2,6,-1,A01,2,0,2,1,15,5,4,RUE LA BRUYERE,0.0,,1,1,0,1,1,1,0,1,30,child
202100046647,25,3,2021,0 days 16:00:00,1,75,75109,2,3,1,3,RUE LA BRUYERE,"48,8797250000","2,3328060000",1,4,1,2007.0,9,2,0,-1,A01,2,0,2,1,15,5,4,RUE LA BRUYERE,0.0,,1,1,0,1,1,1,0,1,30,adult
202100046648,25,3,2021,0 days 16:00:00,1,75,75104,2,3,1,3,RUE SAINT ANTOINE,"48,8539480000","2,3647290000",1,1,1,1952.0,1,1,0,-1,B01,1,0,2,4,1,5,4,RUE SAINT ANTOINE,0.0,,2,4,1,1,1,1,-1,5,30,child
202100046648,25,3,2021,0 days 16:00:00,1,75,75104,2,3,1,3,RUE SAINT ANTOINE,"48,8539480000","2,3647290000",2,1,2,1956.0,1,1,0,-1,B01,1,0,2,4,1,5,4,RUE SAINT ANTOINE,0.0,,2,4,1,1,1,1,-1,5,30,adult
202100046648,25,3,2021,0 days 16:00:00,1,75,75104,2,3,1,3,RUE SAINT ANTOINE,"48,8539480000","2,3647290000",1,4,1,1991.0,5,2,0,-1,B01,1,0,2,4,1,5,4,RUE SAINT ANTOINE,0.0,,2,4,1,1,1,1,-1,5,30,adult
202100046655,25,3,2021,0 days 19:50:00,5,94,94002,2,1,1,6,Rue Paul Vaillant Couturier,"48,8141800000","2,4154300000",3,4,2,1965.0,9,0,-1,-1,A01,1,0,1,1,1,5,4,VAILLANT COUTURIER (R),0.0,,1,2,3,1,1,1,0,4,50,child
202100046655,25,3,2021,0 days 19:50:00,5,94,94002,2,1,1,6,Rue Paul Vaillant Couturier,"48,8141800000","2,4154300000",1,4,1,1998.0,4,8,0,-1,A01,1,0,1,1,1,5,4,VAILLANT COUTURIER (R),0.0,,1,2,3,1,1,1,0,4,50,adult
202100046673,25,3,2021,0 days 17:40:00,1,44,44024,2,4,1,3,rue de bel air,"47,1691570000"," -1,7201920000",1,3,1,1974.0,1,2,-1,-1,B01,2,0,0,8,23,5,7,,-1.0,,2,2,0,1,1,1,0,1,30,child
202100046673,25,3,2021,0 days 17:40:00,1,44,44024,2,4,1,3,rue de bel air,"47,1691570000"," -1,7201920000",1,1,1,1998.0,4,8,-1,-1,B01,2,0,0,8,23,5,7,,-1.0,,2,2,0,1,1,1,0,1,30,adult
202100046687,26,3,2021,0 days 11:15:00,1,39,39408,1,1,1,3,,"46,5894460000","5,7119070000",1,4,1,1944.0,5,2,-1,-1,B01,1,0,2,8,1,5,3,678,-1.0,,2,2,0,1,1,1,0,1,80,child
202100046687,26,3,2021,0 days 11:15:00,1,39,39408,1,1,1,3,,"46,5894460000","5,7119070000",1,1,2,1988.0,5,8,-1,-1,B01,1,0,2,8,1,5,3,678,-1.0,,2,2,0,1,1,1,0,1,80,adult
202100046732,24,3,2021,0 days 15:50:00,1,91,91425,2,9,1,3,RTE D ORLEANS RN 20,"48,6399100000","2,2680700000",1,1,1,1982.0,4,1,0,-1,B01,1,0,2,0,0,5,3,20,0.0,,3,3,0,2,1,1,5,1,50,child
202100046732,24,3,2021,0 days 15:50:00,1,91,91425,2,9,1,3,RTE D ORLEANS RN 20,"48,6399100000","2,2680700000",1,4,1,2007.0,5,8,0,-1,B01,1,0,2,0,0,5,3,20,0.0,,3,3,0,2,1,1,5,1,50,adult
202100046761,24,3,2021,0 days 15:20:00,1,28,28134,2,2,1,1,PASTRE (RUE),"48,7343162063","1,3731864095",1,1,1,1956.0,0,1,8,-1,A01,2,0,2,0,26,0,4,PASTRE (RUE),0.0,,1,2,0,2,1,1,0,1,50,child
202100046761,24,3,2021,0 days 15:20:00,1,28,28134,2,2,1,1,PASTRE (RUE),"48,7343162063","1,3731864095",1,4,1,2007.0,0,2,0,-1,A01,2,0,2,0,26,0,4,PASTRE (RUE),0.0,,1,2,0,2,1,1,0,1,50,adult
202100046766,24,3,2021,0 days 13:30:00,1,13,13201,2,3,1,3,HENRI BARBUSSE (RUE),"43,2970441863","5,3742201626",1,4,1,1953.0,5,8,0,-1,A01,2,0,2,8,15,5,4,HENRI BARBUSSE (RUE),0.0,,2,2,0,4,2,1,0,1,50,child
202100046766,24,3,2021,0 days 13:30:00,1,13,13201,2,3,1,3,HENRI BARBUSSE (RUE),"43,2970441863","5,3742201626",1,1,1,1992.0,5,1,0,-1,A01,2,0,2,8,15,5,4,HENRI BARBUSSE (RUE),0.0,,2,2,0,4,2,1,0,1,50,adult
202100046805,24,3,2021,0 days 12:50:00,1,93,93050,2,3,1,3,PINSONS (RUE),"48,8715800000","2,5313100000",1,4,2,1974.0,5,8,0,-1,B01,1,0,2,0,0,0,4,PINSONS (RUE),0.0,,2,2,0,1,1,1,0,1,50,child
202100046805,24,3,2021,0 days 12:50:00,1,93,93050,2,3,1,3,PINSONS (RUE),"48,8715800000","2,5313100000",1,1,2,1996.0,1,1,0,-1,B01,1,0,2,0,0,0,4,PINSONS (RUE),0.0,,2,2,0,1,1,1,0,1,50,adult
202100046841,24,3,2021,0 days 17:50:00,1,37,37097,2,2,1,2,RD95 - PK13+400,"47,1634876241","0,8905484510",1,1,1,1961.0,1,1,-1,-1,B01,2,0,2,8,19,5,3,95,-1.0,,2,2,0,1,1,1,0,1,50,child
202100046841,24,3,2021,0 days 17:50:00,1,37,37097,2,2,1,2,RD95 - PK13+400,"47,1634876241","0,8905484510",1,3,1,2008.0,0,0,-1,-1,B01,2,0,2,8,19,5,3,95,-1.0,,2,2,0,1,1,1,0,1,50,adult
202100046842,24,3,2021,0 days 15:07:00,1,973,97309,2,3,1,1,Avenue Just Auguste,"4,8934860000"," -52,2738080000",1,1,1,1950.0,5,1,-1,-1,B01,1,0,2,4,2,5,3,,-1.0,,2,2,0,1,1,1,0,1,50,child
202100046842,24,3,2021,0 days 15:07:00,1,973,97309,2,3,1,1,Avenue Just Auguste,"4,8934860000"," -52,2738080000",1,3,1,2007.0,2,0,-1,-1,B01,1,0,2,4,2,5,3,,-1.0,,2,2,0,1,1,1,0,1,50,adult
202100046850,24,3,2021,0 days 15:30:00,1,33,33449,2,6,1,3,Rue Maurice Lestage,"44,8811710000"," -0,6971960000",1,1,2,1955.0,9,1,-1,-1,B01,3,0,2,2,15,5,4,,-1.0,,2,2,0,1,2,1,9,1,30,child
202100046850,24,3,2021,0 days 15:30:00,1,33,33449,2,6,1,3,Rue Maurice Lestage,"44,8811710000"," -0,6971960000",1,3,1,2006.0,3,0,-1,-1,B01,3,0,2,2,15,5,4,,-1.0,,2,2,0,1,2,1,9,1,30,adult
202100046901,23,3,2021,0 days 17:13:00,1,64,64445,2,6,7,3,LAURIERS DES,"43,3017600000"," -0,3446400000",1,1,2,1960.0,5,1,0,-1,B01,1,0,2,0,0,5,4,LAURIERS DES,0.0,,2,2,0,1,3,1,0,1,30,child
202100046901,23,3,2021,0 days 17:13:00,1,64,64445,2,6,7,3,LAURIERS DES,"43,3017600000"," -0,3446400000",1,4,1,2008.0,2,0,0,-1,B01,1,0,2,0,0,5,4,LAURIERS DES,0.0,,2,2,0,1,3,1,0,1,30,adult
202100046908,22,3,2021,0 days 16:55:00,1,54,54329,2,3,1,3,RUE GAILLARDOT,"48,5880800000","6,4952400000",1,1,2,1983.0,0,8,8,-1,B01,1,0,2,1,5,5,3,RUE RIVOLET,0.0,,2,2,2,1,1,1,-1,1,30,child
202100046908,22,3,2021,0 days 16:55:00,1,54,54329,2,3,1,3,RUE GAILLARDOT,"48,5880800000","6,4952400000",1,4,1,2007.0,2,2,0,-1,B01,1,0,2,1,5,5,3,RUE RIVOLET,0.0,,2,2,2,1,1,1,-1,1,30,adult
202100046911,22,3,2021,0 days 07:55:00,1,44,44184,2,2,1,3,MENHIR (RUE DU),"47,2796700000"," -2,2058000000",1,1,1,1984.0,1,1,0,-1,A01,3,0,2,1,1,5,4,MENHIR (RUE DU),0.0,,2,2,0,1,1,1,0,1,50,child
202100046911,22,3,2021,0 days 07:55:00,1,44,44184,2,2,1,3,MENHIR (RUE DU),"47,2796700000"," -2,2058000000",1,4,1,2006.0,2,8,0,-1,A01,3,0,2,1,1,5,4,MENHIR (RUE DU),0.0,,2,2,0,1,1,1,0,1,50,adult
202100046942,23,3,2021,0 days 14:55:00,1,06,06004,2,1,1,3,BACON BD DU ET BD GARDIOLE,"43,5649300000","7,1374600000",1,1,2,1939.0,2,1,0,0,B01,2,0,2,1,14,0,4,BACON BD DU ET BD GARDIOLE,0.0,,2,2,0,1,1,1,0,1,50,child
202100046942,23,3,2021,0 days 14:55:00,1,06,06004,2,1,1,3,BACON BD DU ET BD GARDIOLE,"43,5649300000","7,1374600000",1,4,1,2004.0,5,8,0,-1,B01,2,0,2,1,14,0,4,BACON BD DU ET BD GARDIOLE,0.0,,2,2,0,1,1,1,0,1,50,adult
202100046946,23,3,2021,0 days 16:07:00,1,75,75105,2,2,1,6,BOULEVARD SAINT MARCEL,"48,8384730000","2,3570280000",3,4,1,1947.0,5,0,-1,-1,A01,1,0,1,3,1,5,4,BOULEVARD SAINT MARCEL,0.0,,1,2,0,1,1,1,0,1,50,child
202100046946,23,3,2021,0 days 16:07:00,1,75,75105,2,2,1,6,BOULEVARD SAINT MARCEL,"48,8384730000","2,3570280000",1,1,2,1987.0,9,2,0,-1,A01,1,0,1,3,1,5,4,BOULEVARD SAINT MARCEL,0.0,,1,2,0,1,1,1,0,1,50,adult
202100046948,23,3,2021,0 days 11:30:00,1,75,75119,2,3,1,3,AVENUE JEAN JAURES,"48,8830950000","2,3714740000",1,1,1,1961.0,9,2,6,-1,B01,3,0,2,8,19,5,4,AVENUE JEAN JAURES,0.0,,2,3,0,1,1,1,0,1,50,child
202100046948,23,3,2021,0 days 11:30:00,1,75,75119,2,3,1,3,AVENUE JEAN JAURES,"48,8830950000","2,3714740000",1,4,2,1996.0,9,2,0,-1,B01,3,0,2,8,19,5,4,AVENUE JEAN JAURES,0.0,,2,3,0,1,1,1,0,1,50,adult
202100046971,23,3,2021,0 days 16:00:00,1,46,46063,1,1,1,3,D659 LA MALODIE,"44,2782690000","1,3546550000",1,2,1,1924.0,5,0,-1,-1,B01,1,0,2,8,1,5,3,659,-1.0, -,2,2,0,1,1,1,0,1,70,child
202100046971,23,3,2021,0 days 16:00:00,1,46,46063,1,1,1,3,D659 LA MALODIE,"44,2782690000","1,3546550000",1,1,2,1964.0,3,1,-1,-1,B01,1,0,2,8,1,5,3,659,-1.0, -,2,2,0,1,1,1,0,1,70,adult
202100046973,23,3,2021,0 days 09:30:00,1,83,83019,2,9,1,3,Route des Lavandières,"43,1395019700","6,3576006400",1,1,1,1936.0,5,1,-1,-1,B01,0,0,2,1,23,5,4,,-1.0,,-1,2,0,1,1,1,6,6,30,child
202100046973,23,3,2021,0 days 09:30:00,1,83,83019,2,9,1,3,Route des Lavandières,"43,1395019700","6,3576006400",1,4,1,1957.0,5,2,-1,-1,B01,0,0,2,1,23,5,4,,-1.0,,-1,2,0,1,1,1,6,6,30,adult
202100047029,19,3,2021,0 days 14:10:00,1,80,80021,2,2,1,3,GENERAL LECLERC (RUE DU ),"49,8973780000","2,2951560000",1,1,1,1973.0,4,1,-1,-1,A01,0,0,2,1,25,5,4,GENERAL LECLERC (RUE DU ),0.0,,1,1,0,1,1,1,0,1,30,child
202100047029,19,3,2021,0 days 14:10:00,1,80,80021,2,2,1,3,GENERAL LECLERC (RUE DU ),"49,8973780000","2,2951560000",1,4,1,1999.0,0,8,-1,-1,A01,0,0,2,1,25,5,4,GENERAL LECLERC (RUE DU ),0.0,,1,1,0,1,1,1,0,1,30,adult
202100047054,22,3,2021,0 days 18:08:00,1,75,75105,2,3,1,3,QUAI DE LA TOURNELLE,"48,8507010000","2,3525930000",1,4,1,1968.0,5,2,0,-1,A01,2,0,2,1,1,5,4,QUAI DE LA TOURNELLE,0.0,,2,1,1,1,1,1,-1,5,50,child
202100047054,22,3,2021,0 days 18:08:00,1,75,75105,2,3,1,3,QUAI DE LA TOURNELLE,"48,8507010000","2,3525930000",1,4,1,2008.0,5,2,0,-1,A01,2,0,2,1,1,5,4,QUAI DE LA TOURNELLE,0.0,,2,1,1,1,1,1,-1,5,50,adult
202100047059,22,3,2021,0 days 14:25:00,1,75,75111,2,2,1,3,BOULEVARD VOLTAIRE,"48,8553240000","2,3842800000",1,4,1,1954.0,5,2,0,-1,B01,1,0,2,2,1,5,4,BOULEVARD VOLTAIRE,0.0,,2,2,1,1,1,1,-1,5,30,child
202100047059,22,3,2021,0 days 14:25:00,1,75,75111,2,2,1,3,BOULEVARD VOLTAIRE,"48,8553240000","2,3842800000",1,1,1,1979.0,9,1,0,-1,B01,1,0,2,2,1,5,4,BOULEVARD VOLTAIRE,0.0,,2,2,1,1,1,1,-1,5,30,adult