Num_Acc,jour,mois,an,hrmn,lum,dep,com,agg,int,atm,col,adr,lat,long,catu,grav,sexe,an_nais,trajet,secu1,secu2,secu3,num_veh_y,senc,obs,obsm,choc,manv,motor,catr,voie,v1,v2,circ,nbv,vosp,prof,plan,surf,infra,situ,vma,age
202100047119,21,3,2021,0 days 09:55:00,1,77,77517,1,6,1,2,D 34 DE CLAYE A CHELLES,"48,9107900000","2,6410100000",1,4,1,1949.0,-1,0,0,0,B01,3,0,2,4,1,5,3,D 34 DE CLAYE A CHELLES,0.0,,-1,3,0,1,3,1,5,1,80,child
202100047119,21,3,2021,0 days 09:55:00,1,77,77517,1,6,1,2,D 34 DE CLAYE A CHELLES,"48,9107900000","2,6410100000",1,4,2,1978.0,0,1,0,-1,B01,3,0,2,4,1,5,3,D 34 DE CLAYE A CHELLES,0.0,,-1,3,0,1,3,1,5,1,80,adult
202100047119,21,3,2021,0 days 09:55:00,1,77,77517,1,6,1,2,D 34 DE CLAYE A CHELLES,"48,9107900000","2,6410100000",2,1,1,2009.0,0,1,0,-1,B01,3,0,2,4,1,5,3,D 34 DE CLAYE A CHELLES,0.0,,-1,3,0,1,3,1,5,1,80,adult
202100047151,20,3,2021,0 days 16:20:00,1,91,91363,2,1,1,3,Route de Beauvert,"48,6456060000","2,2096250000",1,4,1,1965.0,5,2,-1,-1,B01,1,0,2,3,1,5,3,24,0.0,,2,2,0,1,3,1,0,1,50,child
202100047151,20,3,2021,0 days 16:20:00,1,91,91363,2,1,1,3,Route de Beauvert,"48,6456060000","2,2096250000",1,1,1,2000.0,1,2,6,9,B01,1,0,2,3,1,5,3,24,0.0,,2,2,0,1,3,1,0,1,50,adult
202100047159,20,3,2021,0 days 13:05:00,1,71,71014,1,1,6,3,Route de Chateau-chinon,"46,9606530000","4,2828330000",1,2,1,1954.0,5,2,-1,-1,B01,2,2,2,8,1,5,3,978,0.0,,2,2,0,1,1,1,0,1,80,child
202100047159,20,3,2021,0 days 13:05:00,1,71,71014,1,1,6,3,Route de Chateau-chinon,"46,9606530000","4,2828330000",1,1,2,1984.0,4,1,-1,-1,B01,2,2,2,8,1,5,3,978,0.0,,2,2,0,1,1,1,0,1,80,adult
202100047260,20,3,2021,0 days 15:30:00,1,93,93051,2,1,1,3,ROUGET DE LISLE,"48,8455000000","2,5629000000",1,1,2,1953.0,5,8,0,-1,B01,3,0,2,1,26,6,4,ROUGET DE LISLE,0.0,,2,0,0,1,1,1,0,1,50,child
202100047260,20,3,2021,0 days 15:30:00,1,93,93051,2,1,1,3,ROUGET DE LISLE,"48,8455000000","2,5629000000",1,4,1,1984.0,9,8,0,-1,B01,3,0,2,1,26,6,4,ROUGET DE LISLE,0.0,,2,0,0,1,1,1,0,1,50,adult
202100047365,19,3,2021,0 days 09:15:00,1,26,26198,2,6,1,2,Rue du Docteur Pinel ,"44,5579630000","4,7337880000",1,4,1,1933.0,0,-1,0,-1,B01,3,0,2,4,16,5,4,PINEL (Rue du docteur),0.0,,2,2,0,1,2,1,5,1,50,child
202100047365,19,3,2021,0 days 09:15:00,1,26,26198,2,6,1,2,Rue du Docteur Pinel ,"44,5579630000","4,7337880000",1,1,1,1974.0,0,1,8,-1,B01,3,0,2,4,16,5,4,PINEL (Rue du docteur),0.0,,2,2,0,1,2,1,5,1,50,adult
202100047414,19,3,2021,0 days 14:30:00,1,92,92002,2,1,1,6,PROSPER LEGOUTE (PASSAGE),"48,7435100000","2,2963190000",3,4,2,1938.0,9,0,-1,-1,A01,3,0,1,1,25,5,4,986,0.0,,1,1,0,1,3,1,9,4,30,child
202100047414,19,3,2021,0 days 14:30:00,1,92,92002,2,1,1,6,PROSPER LEGOUTE (PASSAGE),"48,7435100000","2,2963190000",1,1,1,2000.0,5,8,0,-1,A01,3,0,1,1,25,5,4,986,0.0,,1,1,0,1,3,1,9,4,30,adult
202100047484,17,3,2021,0 days 07:30:00,1,67,67447,2,3,2,3,23 NOVEMBRE (AVENUE DU),"48,6068800000","7,7305000000",1,1,1,1978.0,0,1,8,-1,A01,1,0,2,1,19,5,4,23 NOVEMBRE (AVENUE DU),0.0,,3,3,2,1,1,2,0,1,50,child
202100047484,17,3,2021,0 days 07:30:00,1,67,67447,2,3,2,3,23 NOVEMBRE (AVENUE DU),"48,6068800000","7,7305000000",1,4,1,2005.0,0,8,0,-1,A01,1,0,2,1,19,5,4,23 NOVEMBRE (AVENUE DU),0.0,,3,3,2,1,1,2,0,1,50,adult
202100047499,17,3,2021,0 days 12:30:00,1,35,35238,2,1,1,3,LAENNEC (BD RENE),"48,1052700000"," -1,6660000000",1,4,1,1967.0,9,8,-1,-1,B01,2,1,2,1,1,0,4,LAENNEC (BD RENE),0.0,,2,2,2,1,1,1,0,1,50,child
202100047499,17,3,2021,0 days 12:30:00,1,35,35238,2,1,1,3,LAENNEC (BD RENE),"48,1052700000"," -1,6660000000",1,1,1,1990.0,1,1,-1,-1,B01,2,1,2,1,1,0,4,LAENNEC (BD RENE),0.0,,2,2,2,1,1,1,0,1,50,adult
202100047525,18,3,2021,0 days 16:15:00,1,75,75117,2,4,2,3,AVENUE NIEL,"48,8798221238","2,2947910762",1,1,2,1954.0,9,1,0,-1,B01,1,0,2,1,1,5,4,AVENUE NIEL,0.0,,2,3,0,1,1,2,0,1,30,child
202100047525,18,3,2021,0 days 16:15:00,1,75,75117,2,4,2,3,AVENUE NIEL,"48,8798221238","2,2947910762",1,4,1,1989.0,1,8,0,-1,B01,1,0,2,1,1,5,4,AVENUE NIEL,0.0,,2,3,0,1,1,2,0,1,30,adult
202100047530,18,3,2021,0 days 21:05:00,5,75,75110,2,3,2,3,BOULEVARD DE MAGENTA,"48,8757849495","2,3564869165",2,1,2,1972.0,9,1,0,-1,B01,1,0,2,1,1,5,4,BOULEVARD DE MAGENTA,0.0,,4,0,1,1,1,2,-1,5,50,child
202100047530,18,3,2021,0 days 21:05:00,5,75,75110,2,3,2,3,BOULEVARD DE MAGENTA,"48,8757849495","2,3564869165",1,1,1,1973.0,9,1,0,-1,B01,1,0,2,1,1,5,4,BOULEVARD DE MAGENTA,0.0,,4,0,1,1,1,2,-1,5,50,adult
202100047530,18,3,2021,0 days 21:05:00,5,75,75110,2,3,2,3,BOULEVARD DE MAGENTA,"48,8757849495","2,3564869165",1,4,1,1995.0,9,8,0,-1,B01,1,0,2,1,1,5,4,BOULEVARD DE MAGENTA,0.0,,4,0,1,1,1,2,-1,5,50,adult
202100047536,17,3,2021,0 days 09:30:00,1,94,94052,2,1,1,1,CHARLES DE GAULLE (GRAND RUE),"48,8377000000","2,4878400000",1,4,2,1956.0,3,2,0,-1,A01,2,0,2,1,5,5,4,G R CHARLES DE GAULLE ,0.0,,1,1,0,1,1,1,0,1,30,child
202100047536,17,3,2021,0 days 09:30:00,1,94,94052,2,1,1,1,CHARLES DE GAULLE (GRAND RUE),"48,8377000000","2,4878400000",1,1,1,1984.0,1,2,0,-1,A01,2,0,2,1,5,5,4,G R CHARLES DE GAULLE ,0.0,,1,1,0,1,1,1,0,1,30,adult
202100047667,17,3,2021,0 days 15:20:00,1,92,92046,2,1,2,3,GABRIEL PERI,"48,8192557009","2,2957912087",1,1,1,1977.0,0,2,6,-1,B01,2,0,2,3,11,6,3,GABRIEL PERI,0.0,,2,2,0,1,1,2,0,1,50,child
202100047667,17,3,2021,0 days 15:20:00,1,92,92046,2,1,2,3,GABRIEL PERI,"48,8192557009","2,2957912087",1,3,1,2008.0,5,8,0,-1,B01,2,0,2,3,11,6,3,GABRIEL PERI,0.0,,2,2,0,1,1,2,0,1,50,adult
202100047690,17,3,2021,0 days 11:00:00,1,14,14562,2,1,1,3,Rue du Marechal Foch,"49,3296860000"," -0,3927100000",1,4,1,1952.0,5,2,-1,-1,B01,1,0,2,0,26,5,3,7B,-1.0,,1,1,0,1,1,1,0,1,50,child
202100047690,17,3,2021,0 days 11:00:00,1,14,14562,2,1,1,3,Rue du Marechal Foch,"49,3296860000"," -0,3927100000",1,1,1,2007.0,5,0,-1,-1,B01,1,0,2,0,26,5,3,7B,-1.0,,1,1,0,1,1,1,0,1,50,adult
202100047738,24,2,2021,0 days 17:21:00,1,58,58194,2,3,1,3,LYON (FAUBOURG),"46,9819000000","3,1602000000",1,4,1,1944.0,5,2,6,-1,B01,1,0,0,0,0,5,4,LYON (FAUBOURG),0.0,,2,2,0,1,1,1,0,1,50,child
202100047738,24,2,2021,0 days 17:21:00,1,58,58194,2,3,1,3,LYON (FAUBOURG),"46,9819000000","3,1602000000",1,1,1,1971.0,1,1,8,-1,B01,1,0,0,0,0,5,4,LYON (FAUBOURG),0.0,,2,2,0,1,1,1,0,1,50,adult
202100047741,8,2,2021,0 days 17:32:00,1,49,49007,2,1,1,3,KING MARTIN-LUTHER RUE ET SQUARE,"47,4504100000"," -0,5625800000",1,1,1,1969.0,0,1,0,-1,Y01,3,0,0,0,0,5,4,KING MARTIN-LUTHER RUE ET SQUARE,0.0,,2,2,0,1,1,1,0,1,50,child
202100047741,8,2,2021,0 days 17:32:00,1,49,49007,2,1,1,3,KING MARTIN-LUTHER RUE ET SQUARE,"47,4504100000"," -0,5625800000",1,4,1,2016.0,0,8,0,-1,Y01,3,0,0,0,0,5,4,KING MARTIN-LUTHER RUE ET SQUARE,0.0,,2,2,0,1,1,1,0,1,50,adult
202100047804,15,3,2021,0 days 17:48:00,1,21,21355,2,3,1,3,11 Rue Armand Thibaut,"47,2846600000","5,0590420000",1,3,1,1966.0,1,8,0,-1,B01,1,0,2,8,1,0,4,BIEF DU MOULIN (DU) (RUE),0.0,,2,2,0,1,1,1,0,1,50,child
202100047804,15,3,2021,0 days 17:48:00,1,21,21355,2,3,1,3,11 Rue Armand Thibaut,"47,2846600000","5,0590420000",1,1,1,1995.0,1,1,0,-1,B01,1,0,2,8,1,0,4,BIEF DU MOULIN (DU) (RUE),0.0,,2,2,0,1,1,1,0,1,50,adult
202100047872,17,3,2021,0 days 15:45:00,1,42,42279,1,1,2,5,Route de Saint-Cyprien,"45,5114610000","4,2384580000",1,1,1,1959.0,5,2,-1,-1,K01,2,0,2,0,1,5,3,108,0.0,D,2,2,0,3,1,2,2,1,80,child
202100047872,17,3,2021,0 days 15:45:00,1,42,42279,1,1,2,5,Route de Saint-Cyprien,"45,5114610000","4,2384580000",1,1,2,1964.0,0,1,-1,-1,K01,2,0,2,0,1,5,3,108,0.0,D,2,2,0,3,1,2,2,1,80,adult
202100047872,17,3,2021,0 days 15:45:00,1,42,42279,1,1,2,5,Route de Saint-Cyprien,"45,5114610000","4,2384580000",1,4,1,1970.0,5,2,-1,-1,K01,2,0,2,0,1,5,3,108,0.0,D,2,2,0,3,1,2,2,1,80,adult
202100047872,17,3,2021,0 days 15:45:00,1,42,42279,1,1,2,5,Route de Saint-Cyprien,"45,5114610000","4,2384580000",1,1,2,1983.0,0,1,-1,-1,K01,2,0,2,0,1,5,3,108,0.0,D,2,2,0,3,1,2,2,1,80,adult
202100047872,17,3,2021,0 days 15:45:00,1,42,42279,1,1,2,5,Route de Saint-Cyprien,"45,5114610000","4,2384580000",2,1,2,1988.0,5,1,-1,-1,K01,2,0,2,0,1,5,3,108,0.0,D,2,2,0,3,1,2,2,1,80,adult
202100047872,17,3,2021,0 days 15:45:00,1,42,42279,1,1,2,5,Route de Saint-Cyprien,"45,5114610000","4,2384580000",1,4,1,1995.0,5,2,-1,-1,K01,2,0,2,0,1,5,3,108,0.0,D,2,2,0,3,1,2,2,1,80,adult
202100047872,17,3,2021,0 days 15:45:00,1,42,42279,1,1,2,5,Route de Saint-Cyprien,"45,5114610000","4,2384580000",1,4,1,2004.0,5,2,-1,-1,K01,2,0,2,0,1,5,3,108,0.0,D,2,2,0,3,1,2,2,1,80,adult
202100047872,17,3,2021,0 days 15:45:00,1,42,42279,1,1,2,5,Route de Saint-Cyprien,"45,5114610000","4,2384580000",1,1,1,2005.0,5,2,-1,-1,K01,2,0,2,0,1,5,3,108,0.0,D,2,2,0,3,1,2,2,1,80,adult
202100047872,17,3,2021,0 days 15:45:00,1,42,42279,1,1,2,5,Route de Saint-Cyprien,"45,5114610000","4,2384580000",1,4,1,2006.0,5,2,-1,-1,K01,2,0,2,0,1,5,3,108,0.0,D,2,2,0,3,1,2,2,1,80,adult
202100047872,17,3,2021,0 days 15:45:00,1,42,42279,1,1,2,5,Route de Saint-Cyprien,"45,5114610000","4,2384580000",1,4,1,2007.0,5,2,-1,-1,K01,2,0,2,0,1,5,3,108,0.0,D,2,2,0,3,1,2,2,1,80,adult
202100047930,15,3,2021,0 days 17:00:00,1,53,53130,2,1,1,3,BEAUVAIS ( RUE DE ),"48,0712800000"," -0,7829700000",1,1,2,1953.0,0,1,8,-1,B01,2,0,2,1,1,5,4,BEAUVAIS ( RUE DE ),0.0,,1,2,1,2,1,1,0,1,50,child
202100047930,15,3,2021,0 days 17:00:00,1,53,53130,2,1,1,3,BEAUVAIS ( RUE DE ),"48,0712800000"," -0,7829700000",1,4,1,2008.0,0,0,0,0,B01,2,0,2,1,1,5,4,BEAUVAIS ( RUE DE ),0.0,,1,2,1,2,1,1,0,1,50,adult
202100047957,15,3,2021,0 days 01:45:00,5,75,75112,2,1,1,1,QUAI DE LA RAPEE,"48,8448520000","2,3689150000",1,1,1,1961.0,1,1,0,-1,A01,2,0,2,1,5,5,4,QUAI DE LA RAPEE,0.0,,1,3,0,2,1,2,0,1,50,child
202100047957,15,3,2021,0 days 01:45:00,5,75,75112,2,1,1,1,QUAI DE LA RAPEE,"48,8448520000","2,3689150000",1,3,2,1997.0,9,8,0,-1,A01,2,0,2,1,5,5,4,QUAI DE LA RAPEE,0.0,,1,3,0,2,1,2,0,1,50,adult
202100047987,16,3,2021,0 days 17:00:00,1,14,14431,2,2,1,5,Rue Léon Blum,"49,0755250000"," -0,0778620000",1,1,1,1960.0,5,1,-1,-1,A01,3,0,2,8,18,5,4,,-1.0,,2,2,0,1,1,1,0,1,50,child
202100047987,16,3,2021,0 days 17:00:00,1,14,14431,2,2,1,5,Rue Léon Blum,"49,0755250000"," -0,0778620000",1,1,2,1961.0,5,1,-1,-1,A01,3,0,2,8,18,5,4,,-1.0,,2,2,0,1,1,1,0,1,50,adult
202100047987,16,3,2021,0 days 17:00:00,1,14,14431,2,2,1,5,Rue Léon Blum,"49,0755250000"," -0,0778620000",1,4,1,2006.0,2,0,-1,-1,A01,3,0,2,8,18,5,4,,-1.0,,2,2,0,1,1,1,0,1,50,adult
202100047990,15,3,2021,0 days 09:30:00,1,14,14098,1,2,1,3,Rue de la Guinguette,"49,1770490000"," -0,5132960000",1,3,1,1940.0,5,2,-1,-1,B01,1,0,2,8,19,5,3,9,-1.0,,2,2,0,1,1,1,0,1,70,child
202100047990,15,3,2021,0 days 09:30:00,1,14,14098,1,2,1,3,Rue de la Guinguette,"49,1770490000"," -0,5132960000",1,1,1,1967.0,4,1,-1,-1,B01,1,0,2,8,19,5,3,9,-1.0,,2,2,0,1,1,1,0,1,70,adult
202100047994,13,3,2021,0 days 10:20:00,1,84,84141,1,6,1,3,Route de Realpanier,"43,9538300000","4,8941990000",1,3,1,1942.0,5,2,-1,-1,B01,0,0,2,8,16,0,3,D53,-1.0,,-1,2,0,1,2,1,0,1,50,child
202100047994,13,3,2021,0 days 10:20:00,1,84,84141,1,6,1,3,Route de Realpanier,"43,9538300000","4,8941990000",1,1,2,1964.0,3,1,-1,-1,B01,0,0,2,8,16,0,3,D53,-1.0,,-1,2,0,1,2,1,0,1,50,adult
202100048024,14,3,2021,0 days 12:16:00,1,17,17300,2,3,1,3,SAINT-CLAUDE   RUE,"46,1584500000"," -1,1465300000",1,1,1,1981.0,5,1,8,-1,B01,1,0,2,8,1,5,4,SAINT-CLAUDE   RUE,0.0,,1,1,1,1,1,1,0,1,50,child
202100048024,14,3,2021,0 days 12:16:00,1,17,17300,2,3,1,3,SAINT-CLAUDE   RUE,"46,1584500000"," -1,1465300000",1,4,1,2002.0,5,8,0,-1,B01,1,0,2,8,1,5,4,SAINT-CLAUDE   RUE,0.0,,1,1,1,1,1,1,0,1,50,adult
202100048029,13,3,2021,0 days 11:55:00,1,07,07102,2,2,1,4,PROVENCE (AVENUE DE),"44,9249900000","4,8702800000",1,1,1,1943.0,5,1,0,-1,B01,1,0,2,1,1,5,4,PROVENCE (AVENUE DE),0.0,,2,1,0,1,1,1,0,1,50,child
202100048029,13,3,2021,0 days 11:55:00,1,07,07102,2,2,1,4,PROVENCE (AVENUE DE),"44,9249900000","4,8702800000",1,4,2,1968.0,5,8,0,-1,B01,1,0,2,1,1,5,4,PROVENCE (AVENUE DE),0.0,,2,1,0,1,1,1,0,1,50,adult
202100048029,13,3,2021,0 days 11:55:00,1,07,07102,2,2,1,4,PROVENCE (AVENUE DE),"44,9249900000","4,8702800000",1,4,2,1971.0,5,8,0,-1,B01,1,0,2,1,1,5,4,PROVENCE (AVENUE DE),0.0,,2,1,0,1,1,1,0,1,50,adult
202100048045,14,3,2021,0 days 12:00:00,1,94,94028,2,1,1,2,BOEUFS(CHEMIN DES),"48,7690000000","2,4333400000",3,4,2,1941.0,5,0,-1,-1,V01,0,0,1,1,1,5,9,BOEUFS(CHEMIN DES),0.0,,-1,0,0,1,1,1,0,8,30,child
202100048045,14,3,2021,0 days 12:00:00,1,94,94028,2,1,1,2,BOEUFS(CHEMIN DES),"48,7690000000","2,4333400000",1,1,2,1993.0,5,8,0,-1,V01,0,0,1,1,1,5,9,BOEUFS(CHEMIN DES),0.0,,-1,0,0,1,1,1,0,8,30,adult
202100048122,12,3,2021,0 days 14:51:00,1,971,97101,2,9,1,3,ROUTE DE CHAZEAU,"16,2893400000"," -61,4807500000",1,1,2,1980.0,9,1,8,-1,B01,2,0,2,3,9,5,3,ROUTE DE CHAZEAU,0.0,,2,2,0,1,3,1,0,1,50,child
202100048122,12,3,2021,0 days 14:51:00,1,971,97101,2,9,1,3,ROUTE DE CHAZEAU,"16,2893400000"," -61,4807500000",1,4,1,2006.0,9,8,0,-1,B01,2,0,2,3,9,5,3,ROUTE DE CHAZEAU,0.0,,2,2,0,1,3,1,0,1,50,adult
202100048220,8,3,2021,0 days 11:00:00,1,988,98818,2,1,1,2,PROMENADE ROGER LAROQUE," -22,3028000000","166,4432200000",1,1,2,1933.0,9,1,8,-1,A01,1,0,2,1,2,5,4,PROMENADE ROGER LAROQUE,0.0,,3,4,0,1,1,1,8,1,50,child
202100048220,8,3,2021,0 days 11:00:00,1,988,98818,2,1,1,2,PROMENADE ROGER LAROQUE," -22,3028000000","166,4432200000",1,4,1,2005.0,5,2,2,-1,A01,1,0,2,1,2,5,4,PROMENADE ROGER LAROQUE,0.0,,3,4,0,1,1,1,8,1,50,adult
202100048256,11,3,2021,0 days 09:30:00,1,56,56260,2,6,1,3,GARE (GIRATOIRE DE LA),"47,6640912781"," -2,7553930879",1,1,2,1947.0,0,8,0,-1,B01,3,0,2,7,1,5,4,,0.0,,2,2,0,2,3,2,5,1,30,child
202100048256,11,3,2021,0 days 09:30:00,1,56,56260,2,6,1,3,GARE (GIRATOIRE DE LA),"47,6640912781"," -2,7553930879",1,4,2,1986.0,0,8,0,-1,B01,3,0,2,7,1,5,4,,0.0,,2,2,0,2,3,2,5,1,30,adult
202100048283,12,3,2021,0 days 21:30:00,5,06,06088,2,1,1,6,GORBELLA (BD DE),"43,7174300000","7,2568980000",3,3,2,1935.0,0,0,-1,-1,A01,2,0,1,0,1,6,9,GORBELLA (BD DE),0.0,,2,0,3,2,1,1,9,6,30,child
202100048283,12,3,2021,0 days 21:30:00,5,06,06088,2,1,1,6,GORBELLA (BD DE),"43,7174300000","7,2568980000",1,1,1,1995.0,9,8,0,-1,A01,2,0,1,0,1,6,9,GORBELLA (BD DE),0.0,,2,0,3,2,1,1,9,6,30,adult
202100048284,11,3,2021,0 days 17:19:00,1,06,06029,2,1,1,6,CARNOT (BOULEVARD),"43,5559680000","7,0170380000",1,4,1,1987.0,1,8,0,-1,A01,1,0,1,1,8,5,4,CARNOT (BOULEVARD),0.0,,2,2,3,1,1,1,0,6,50,child
202100048284,11,3,2021,0 days 17:19:00,1,06,06029,2,1,1,6,CARNOT (BOULEVARD),"43,5559680000","7,0170380000",3,4,2,2009.0,2,0,-1,-1,A01,1,0,1,1,8,5,4,CARNOT (BOULEVARD),0.0,,2,2,3,1,1,1,0,6,50,adult
202100048285,26,2,2021,0 days 17:05:00,1,01,01014,2,6,1,3,CARREFOUR POINT B,"46,2849200000","5,6617600000",1,3,1,1951.0,5,2,8,-1,B01,1,0,2,8,14,5,1,POINT B (RUE DU),0.0,,3,0,3,1,1,1,3,1,110,child
202100048285,26,2,2021,0 days 17:05:00,1,01,01014,2,6,1,3,CARREFOUR POINT B,"46,2849200000","5,6617600000",1,1,1,1999.0,0,1,0,-1,B01,1,0,2,8,14,5,1,POINT B (RUE DU),0.0,,3,0,3,1,1,1,3,1,110,adult
202100048326,13,3,2021,0 days 10:48:00,1,71,71135,2,2,1,3,Rue des Carrieres,"46,4335260000","4,8307520000",1,3,2,1962.0,5,2,-1,-1,B01,1,0,0,8,23,5,3,403,-1.0,B,2,2,0,1,1,1,0,3,50,child
202100048326,13,3,2021,0 days 10:48:00,1,71,71135,2,2,1,3,Rue des Carrieres,"46,4335260000","4,8307520000",1,1,1,2003.0,5,2,6,-1,B01,1,0,0,8,23,5,3,403,-1.0,B,2,2,0,1,1,1,0,3,50,adult
202100048383,10,3,2021,0 days 11:10:00,1,80,80021,2,1,1,3,EDOUARD LUCAS (RUE),"49,8998800000","2,2686300000",1,1,1,1968.0,0,1,-1,-1,B01,0,0,2,1,25,5,4,EDOUARD LUCAS (RUE),0.0,,2,2,0,1,1,1,0,1,30,child
202100048383,10,3,2021,0 days 11:10:00,1,80,80021,2,1,1,3,EDOUARD LUCAS (RUE),"49,8998800000","2,2686300000",1,4,1,2009.0,2,8,-1,-1,B01,0,0,2,1,25,5,4,EDOUARD LUCAS (RUE),0.0,,2,2,0,1,1,1,0,1,30,adult
202100048462,11,3,2021,0 days 18:22:00,1,35,35226,1,1,1,2,D794,"48,4283530000"," -1,9136380000",1,3,1,1952.0,0,0,-1,-1,B01,1,0,2,6,1,5,3,794,-1.0,,2,2,0,1,1,1,2,1,80,child
202100048462,11,3,2021,0 days 18:22:00,1,35,35226,1,1,1,2,D794,"48,4283530000"," -1,9136380000",1,1,1,1974.0,0,1,-1,-1,B01,1,0,2,6,1,5,3,794,-1.0,,2,2,0,1,1,1,2,1,80,adult
202100048506,10,3,2021,0 days 10:48:00,1,69,69259,2,6,1,2,JULES FERRY (R),"45,6988300000","4,8860000000",1,1,1,1958.0,5,1,-1,-1,B01,3,0,0,4,15,0,4,JULES FERRY                         (R ),0.0,,1,1,0,1,3,1,9,1,50,child
202100048506,10,3,2021,0 days 10:48:00,1,69,69259,2,6,1,2,JULES FERRY (R),"45,6988300000","4,8860000000",1,4,1,1999.0,5,2,-1,-1,B01,3,0,0,4,15,0,4,JULES FERRY                         (R ),0.0,,1,1,0,1,3,1,9,1,50,adult
202100048508,9,3,2021,0 days 18:45:00,2,69,69381,2,3,1,3,ST SEBASTIEN                        (MO),"45,7706900000","4,8358200000",1,1,2,1973.0,1,1,-1,-1,B01,3,0,2,0,0,5,4,ST SEBASTIEN                        (MO),0.0,,2,0,0,2,1,1,0,1,30,child
202100048508,9,3,2021,0 days 18:45:00,2,69,69381,2,3,1,3,ST SEBASTIEN                        (MO),"45,7706900000","4,8358200000",1,4,1,2000.0,0,8,-1,-1,B01,3,0,2,0,0,5,4,ST SEBASTIEN                        (MO),0.0,,2,0,0,2,1,1,0,1,30,adult
202100048530,7,3,2021,0 days 17:05:00,1,64,64284,2,3,1,3,CHEMIN SOUBACQ,"43,2778500000"," -0,3871800000",1,1,1,1988.0,0,1,8,-1,B01,1,0,2,3,15,5,4,SOUBACQ,0.0,,2,2,0,1,1,1,0,1,30,child
202100048530,7,3,2021,0 days 17:05:00,1,64,64284,2,3,1,3,CHEMIN SOUBACQ,"43,2778500000"," -0,3871800000",1,4,1,2009.0,5,2,0,-1,B01,1,0,2,3,15,5,4,SOUBACQ,0.0,,2,2,0,1,1,1,0,1,30,adult
202100048533,8,3,2021,0 days 18:05:00,1,64,64024,2,6,1,2,MONTAURY (ROND POINT DU PARC),"43,4803700000"," -1,5091200000",1,1,1,1961.0,5,1,0,-1,A01,3,0,2,1,2,5,4,MONTAURY (ROND POINT DU PARC),0.0,,2,2,0,1,2,1,0,1,50,child
202100048533,8,3,2021,0 days 18:05:00,1,64,64024,2,6,1,2,MONTAURY (ROND POINT DU PARC),"43,4803700000"," -1,5091200000",1,4,1,1995.0,4,8,0,-1,A01,3,0,2,1,2,5,4,MONTAURY (ROND POINT DU PARC),0.0,,2,2,0,1,2,1,0,1,50,adult
202100048535,9,3,2021,0 days 11:48:00,1,63,63113,2,1,1,3,MERMOZ (AVENUE JEAN),"45,7924900000","3,1467500000",1,1,1,1959.0,1,1,0,-1,B01,1,0,2,8,0,5,7,MERMOZ (AVENUE JEAN),0.0,,3,4,0,1,1,1,0,1,50,child
202100048535,9,3,2021,0 days 11:48:00,1,63,63113,2,1,1,3,MERMOZ (AVENUE JEAN),"45,7924900000","3,1467500000",1,4,1,1998.0,0,8,0,-1,B01,1,0,2,8,0,5,7,MERMOZ (AVENUE JEAN),0.0,,3,4,0,1,1,1,0,1,50,adult
202100048591,7,3,2021,0 days 12:40:00,1,93,93029,2,2,1,3,FAIDHERBE,"48,9224400000","2,4336400000",1,4,2,1951.0,0,0,-1,-1,Y01,1,0,2,1,26,0,4,FAIDHERBE,0.0,,-1,1,0,1,1,1,5,1,50,child
202100048591,7,3,2021,0 days 12:40:00,1,93,93029,2,2,1,3,FAIDHERBE,"48,9224400000","2,4336400000",1,1,2,1975.0,0,1,0,-1,Y01,1,0,2,1,26,0,4,FAIDHERBE,0.0,,-1,1,0,1,1,1,5,1,50,adult
202100048607,11,3,2021,0 days 11:30:00,1,74,74256,2,1,1,2,Rte du Fayet,"45,9329160000","6,6327490000",1,1,1,1962.0,4,0,-1,-1,B01,2,1,0,1,2,5,3,1205,-1.0,D,2,2,0,1,1,1,0,1,30,child
202100048607,11,3,2021,0 days 11:30:00,1,74,74256,2,1,1,2,Rte du Fayet,"45,9329160000","6,6327490000",1,3,1,2001.0,5,0,-1,-1,B01,2,1,0,1,2,5,3,1205,-1.0,D,2,2,0,1,1,1,0,1,30,adult
202100048622,8,3,2021,0 days 13:45:00,1,06,06152,1,1,1,2,Route du Parc,"43,6133350000","7,0449560000",1,4,2,1974.0,1,2,-1,-1,B01,1,0,2,4,14,5,3,103,-1.0,,1,2,0,1,1,1,0,1,80,child
202100048622,8,3,2021,0 days 13:45:00,1,06,06152,1,1,1,2,Route du Parc,"43,6133350000","7,0449560000",1,1,2,1999.0,0,1,-1,-1,B01,1,0,2,4,14,5,3,103,-1.0,,1,2,0,1,1,1,0,1,80,adult
202100048702,9,3,2021,0 days 20:25:00,5,75,75107,2,2,1,3,RUE DE BELLECHASSE,"48,8564710000","2,3211210000",1,4,1,1967.0,9,8,0,-1,B01,1,0,2,1,1,5,4,RUE DE BELLECHASSE,0.0,,1,2,1,1,1,1,-1,5,50,child
202100048702,9,3,2021,0 days 20:25:00,5,75,75107,2,2,1,3,RUE DE BELLECHASSE,"48,8564710000","2,3211210000",1,1,1,1981.0,4,1,0,-1,B01,1,0,2,1,1,5,4,RUE DE BELLECHASSE,0.0,,1,2,1,1,1,1,-1,5,50,adult