Num_Acc,jour,mois,an,hrmn,lum,dep,com,agg,int,atm,col,adr,lat,long,catu,grav,sexe,an_nais,trajet,secu1,secu2,secu3,num_veh_y,senc,obs,obsm,choc,manv,motor,catr,voie,v1,v2,circ,nbv,vosp,prof,plan,surf,infra,situ,vma,age
202100048702,9,3,2021,0 days 20:25:00,5,75,75107,2,2,1,3,RUE DE BELLECHASSE,"48,8564710000","2,3211210000",2,1,1,1995.0,1,8,0,-1,B01,1,0,2,1,1,5,4,RUE DE BELLECHASSE,0.0,,1,2,1,1,1,1,-1,5,50,adult
202100048747,9,3,2021,0 days 21:13:00,3,971,97116,2,1,9,3,D108 - route de Brion,"16,3238670000"," -61,4581150000",1,1,2,1977.0,9,1,-1,-1,A01,2,0,2,3,2,0,3,108,-1.0,,2,2,0,4,3,9,0,1,50,child
202100048747,9,3,2021,0 days 21:13:00,3,971,97116,2,1,9,3,D108 - route de Brion,"16,3238670000"," -61,4581150000",1,4,1,2000.0,5,0,-1,-1,A01,2,0,2,3,2,0,3,108,-1.0,,2,2,0,4,3,9,0,1,50,adult
202100048786,7,3,2021,0 days 10:40:00,1,75,75104,2,1,1,1,VOIE GEORGES POMPIDOU,"48,8559310000","2,3506050000",1,1,1,1973.0,5,2,0,-1,B01,2,0,2,1,1,5,4,VOIE GEORGES POMPIDOU,0.0,,2,2,0,1,1,1,6,1,30,child
202100048786,7,3,2021,0 days 10:40:00,1,75,75104,2,1,1,1,VOIE GEORGES POMPIDOU,"48,8559310000","2,3506050000",1,4,2,2007.0,5,2,0,-1,B01,2,0,2,1,1,5,4,VOIE GEORGES POMPIDOU,0.0,,2,2,0,1,1,1,6,1,30,adult
202100048798,8,3,2021,0 days 16:55:00,1,92,92073,2,1,1,3,SELLIER (BOULEVARD HENRI),"48,8666344599","2,2209334373",1,1,1,1958.0,5,8,8,-1,B01,0,0,2,8,26,0,3,SELLIER (BOULEVARD HENRI),0.0,,1,8,3,1,1,1,0,5,50,child
202100048798,8,3,2021,0 days 16:55:00,1,92,92073,2,1,1,3,SELLIER (BOULEVARD HENRI),"48,8666344599","2,2209334373",1,4,2,1982.0,5,2,8,-1,B01,0,0,2,8,26,0,3,SELLIER (BOULEVARD HENRI),0.0,,1,8,3,1,1,1,0,5,50,adult
202100048829,6,3,2021,0 days 16:30:00,1,69,69059,1,1,1,5,MARCILLY (DE) (RTE),"45,8649008210","4,7186493874",1,1,1,1947.0,5,1,-1,-1,A01,2,0,2,8,1,5,3,16,-1.0,,2,2,0,1,1,1,0,1,80,child
202100048829,6,3,2021,0 days 16:30:00,1,69,69059,1,1,1,5,MARCILLY (DE) (RTE),"45,8649008210","4,7186493874",1,3,1,1972.0,5,2,6,-1,A01,2,0,2,8,1,5,3,16,-1.0,,2,2,0,1,1,1,0,1,80,adult
202100048829,6,3,2021,0 days 16:30:00,1,69,69059,1,1,1,5,MARCILLY (DE) (RTE),"45,8649008210","4,7186493874",1,4,1,1978.0,5,2,6,-1,A01,2,0,2,8,1,5,3,16,-1.0,,2,2,0,1,1,1,0,1,80,adult
202100048847,7,3,2021,0 days 10:20:00,1,64,64445,2,6,1,6,ETIGNY D',"43,2962800000"," -0,3758900000",1,4,1,1960.0,5,2,4,-1,A01,1,0,1,1,1,5,4,ETIGNY D',0.0,,1,1,0,2,1,1,0,1,30,child
202100048847,7,3,2021,0 days 10:20:00,1,64,64445,2,6,1,6,ETIGNY D',"43,2962800000"," -0,3758900000",3,4,1,1998.0,-1,0,0,0,A01,1,0,1,1,1,5,4,ETIGNY D',0.0,,1,1,0,2,1,1,0,1,30,adult
202100048857,6,3,2021,0 days 09:45:00,1,17,17306,2,1,1,6,DOUMER  (PORTIQUE),"45,6265430000"," -1,0272450000",1,4,1,1945.0,5,2,0,-1,Y01,2,1,0,1,1,5,4,DOUMER  (PORTIQUE),0.0,,2,2,0,2,1,1,0,1,50,child
202100048857,6,3,2021,0 days 09:45:00,1,17,17306,2,1,1,6,DOUMER  (PORTIQUE),"45,6265430000"," -1,0272450000",1,1,1,1986.0,0,1,0,-1,Y01,2,1,0,1,1,5,4,DOUMER  (PORTIQUE),0.0,,2,2,0,2,1,1,0,1,50,adult
202100048899,7,3,2021,0 days 16:00:00,1,13,13011,1,3,1,3,Route Départementale 5,"43,7347820000","4,8211690000",1,4,1,1956.0,5,0,-1,-1,B01,2,0,2,1,1,5,3,5,-1.0,,2,2,0,2,1,1,0,1,80,child
202100048899,7,3,2021,0 days 16:00:00,1,13,13011,1,3,1,3,Route Départementale 5,"43,7347820000","4,8211690000",1,1,1,1989.0,5,1,-1,-1,B01,2,0,2,1,1,5,3,5,-1.0,,2,2,0,2,1,1,0,1,80,adult
202100048947,6,3,2021,0 days 13:48:00,1,17,17300,2,1,1,3,NORMANDIN   RUE EMILE,"46,1433000000"," -1,1414400000",1,1,2,1952.0,5,1,0,-1,Z01,3,0,2,9,2,0,4,NORMANDIN   RUE EMILE,0.0,,-1,2,2,1,1,1,0,5,50,child
202100048947,6,3,2021,0 days 13:48:00,1,17,17300,2,1,1,3,NORMANDIN   RUE EMILE,"46,1433000000"," -1,1414400000",1,4,1,1999.0,5,8,0,-1,Z01,3,0,2,9,2,0,4,NORMANDIN   RUE EMILE,0.0,,-1,2,2,1,1,1,0,5,50,adult
202100048951,5,3,2021,0 days 11:10:00,1,12,12089,2,2,1,3,AGNAC (ROUTE D'),"44,5752400000","2,2636300000",1,4,1,1982.0,0,0,-1,-1,B01,2,0,2,8,1,5,3,AGNAC (ROUTE D'),0.0,,2,2,0,2,1,1,0,1,50,child
202100048951,5,3,2021,0 days 11:10:00,1,12,12089,2,2,1,3,AGNAC (ROUTE D'),"44,5752400000","2,2636300000",1,1,2,2003.0,0,1,-1,-1,B01,2,0,2,8,1,5,3,AGNAC (ROUTE D'),0.0,,2,2,0,2,1,1,0,1,50,adult
202100048972,6,3,2021,0 days 17:25:00,1,93,93072,2,3,1,1,NELSON MANDELA (AVENUE),"48,9510700000","2,3737600000",1,4,1,1957.0,0,8,0,-1,B01,1,0,2,1,16,0,4,NELSON MANDELA (AVENUE),0.0,,4,2,0,1,2,1,9,1,30,child
202100048972,6,3,2021,0 days 17:25:00,1,93,93072,2,3,1,1,NELSON MANDELA (AVENUE),"48,9510700000","2,3737600000",1,1,2,2000.0,0,8,0,-1,B01,1,0,2,1,16,0,4,NELSON MANDELA (AVENUE),0.0,,4,2,0,1,2,1,9,1,30,adult
202100048978,6,3,2021,0 days 18:05:00,1,93,93048,2,5,1,3,PASTEUR S2  (AVENUE),"48,8643800000","2,4390100000",1,4,1,1966.0,9,8,0,-1,B01,0,0,2,4,19,5,4,PASTEUR S2  (AVENUE),0.0,,1,8,3,1,1,1,0,1,30,child
202100048978,6,3,2021,0 days 18:05:00,1,93,93048,2,5,1,3,PASTEUR S2  (AVENUE),"48,8643800000","2,4390100000",1,1,1,1995.0,1,1,0,-1,B01,0,0,2,4,19,5,4,PASTEUR S2  (AVENUE),0.0,,1,8,3,1,1,1,0,1,30,adult
202100049000,7,3,2021,0 days 10:40:00,1,49,49307,2,3,7,3,Levee Jeanne de Laval (Saint-Mathurin-sur-Loire),"47,4086430000"," -0,3133460000",1,3,1,1951.0,5,2,-1,-1,B01,1,0,2,1,1,5,3,952,-1.0,,2,2,0,1,1,1,5,1,50,child
202100049000,7,3,2021,0 days 10:40:00,1,49,49307,2,3,7,3,Levee Jeanne de Laval (Saint-Mathurin-sur-Loire),"47,4086430000"," -0,3133460000",1,1,1,1989.0,1,1,-1,-1,B01,1,0,2,1,1,5,3,952,-1.0,,2,2,0,1,1,1,5,1,50,adult
202100049105,5,3,2021,0 days 18:40:00,1,31,31344,2,3,2,3,BEDIAU (RUE DU),"43,0974800000","0,7480700000",1,4,1,1964.0,5,8,0,-1,B01,2,0,2,1,1,5,4,BEDIAU (RUE DU),0.0,,2,1,0,1,1,2,0,1,30,child
202100049105,5,3,2021,0 days 18:40:00,1,31,31344,2,3,2,3,BEDIAU (RUE DU),"43,0974800000","0,7480700000",1,1,2,2002.0,1,1,0,-1,B01,2,0,2,1,1,5,4,BEDIAU (RUE DU),0.0,,2,1,0,1,1,2,0,1,30,adult
202100049107,5,3,2021,0 days 13:10:00,1,31,31483,2,3,1,3,GAMBETTA (BOULEVARD),"43,0977200000","0,7127400000",1,4,1,1944.0,5,8,0,-1,B01,1,0,2,7,26,5,4,GAMBETTA (BOULEVARD),0.0,,2,2,0,1,1,2,0,1,50,child
202100049107,5,3,2021,0 days 13:10:00,1,31,31483,2,3,1,3,GAMBETTA (BOULEVARD),"43,0977200000","0,7127400000",1,1,2,1980.0,0,8,0,-1,B01,1,0,2,7,26,5,4,GAMBETTA (BOULEVARD),0.0,,2,2,0,1,1,2,0,1,50,adult
202100049113,4,3,2021,0 days 17:35:00,1,25,25056,2,9,1,3,NODIER RUE CHARLES (sup 22),"47,2313600000","6,0265000000",1,1,1,1960.0,1,1,8,-1,B01,1,0,2,1,1,0,4,NODIER RUE CHARLES (sup 22),0.0,,1,1,2,1,1,1,0,5,20,child
202100049113,4,3,2021,0 days 17:35:00,1,25,25056,2,9,1,3,NODIER RUE CHARLES (sup 22),"47,2313600000","6,0265000000",1,4,2,1982.0,1,2,-1,-1,B01,1,0,2,1,1,0,4,NODIER RUE CHARLES (sup 22),0.0,,1,1,2,1,1,1,0,5,20,adult
202100049128,5,3,2021,0 days 12:40:00,1,75,75120,2,2,1,6,RUE DU VOLGA,"48,8525280000","2,4067060000",3,1,1,1966.0,1,0,-1,-1,A01,2,0,1,1,1,5,4,RUE DU VOLGA,0.0,,1,2,2,1,1,1,-1,5,50,child
202100049128,5,3,2021,0 days 12:40:00,1,75,75120,2,2,1,6,RUE DU VOLGA,"48,8525280000","2,4067060000",1,4,1,1990.0,4,2,0,-1,A01,2,0,1,1,1,5,4,RUE DU VOLGA,0.0,,1,2,2,1,1,1,-1,5,50,adult
202100049220,4,3,2021,0 days 09:45:00,1,69,69387,2,2,1,3,UNIVERSITE (DE L') (PT),"45,7519800000","4,8368300000",1,1,1,1962.0,9,1,-1,-1,B01,1,0,2,8,1,5,4,UNIVERSITE (DE L')                  (PT),0.0,,1,4,0,1,1,1,0,1,50,child
202100049220,4,3,2021,0 days 09:45:00,1,69,69387,2,2,1,3,UNIVERSITE (DE L') (PT),"45,7519800000","4,8368300000",1,4,1,1993.0,0,0,-1,-1,B01,1,0,2,8,1,5,4,UNIVERSITE (DE L')                  (PT),0.0,,1,4,0,1,1,1,0,1,50,adult
202100049256,4,3,2021,0 days 16:50:00,1,33,33281,2,1,7,2,Avenue de l’Yser,"44,8418100000"," -0,6480500000",1,1,1,1970.0,1,1,-1,-1,A01,1,0,2,1,1,5,4,YSER (AVE DE L),0.0,,-1,2,0,1,1,1,0,1,50,child
202100049256,4,3,2021,0 days 16:50:00,1,33,33281,2,1,7,2,Avenue de l’Yser,"44,8418100000"," -0,6480500000",1,4,1,1994.0,0,8,-1,-1,A01,1,0,2,1,1,5,4,YSER (AVE DE L),0.0,,-1,2,0,1,1,1,0,1,50,adult
202100049258,4,3,2021,0 days 08:20:00,1,33,33063,2,4,1,3,Avenue de la Gare,"44,8442500000"," -0,6290400000",1,4,1,1961.0,0,2,-1,-1,B01,1,0,2,1,15,5,4,AVE DE LA GARE,0.0,,-1,2,0,1,3,1,0,1,50,child
202100049258,4,3,2021,0 days 08:20:00,1,33,33063,2,4,1,3,Avenue de la Gare,"44,8442500000"," -0,6290400000",1,1,1,1995.0,0,1,-1,-1,B01,1,0,2,1,15,5,4,AVE DE LA GARE,0.0,,-1,2,0,1,3,1,0,1,50,adult
202100049283,3,3,2021,0 days 13:05:00,1,75,75109,2,1,1,6,RUE SAINT GEORGES,"48,8757820000","2,3371240000",3,4,2,1970.0,1,0,-1,-1,A01,1,0,1,4,1,5,4,RUE SAINT GEORGES,0.0,,1,1,0,1,1,1,0,1,50,child
202100049283,3,3,2021,0 days 13:05:00,1,75,75109,2,1,1,6,RUE SAINT GEORGES,"48,8757820000","2,3371240000",1,1,1,1998.0,4,8,0,-1,A01,1,0,1,4,1,5,4,RUE SAINT GEORGES,0.0,,1,1,0,1,1,1,0,1,50,adult
202100049310,1,2,2021,0 days 11:45:00,1,41,41059,2,9,1,3,Avenue de la Paix,"47,4234620000","1,4391840000",1,3,2,1964.0,1,0,-1,-1,A01,1,0,2,1,0,5,6,94,-1.0,,-1,-1,0,1,1,1,0,6,50,child
202100049310,1,2,2021,0 days 11:45:00,1,41,41059,2,9,1,3,Avenue de la Paix,"47,4234620000","1,4391840000",1,1,1,1986.0,1,1,-1,-1,A01,1,0,2,1,0,5,6,94,-1.0,,-1,-1,0,1,1,1,0,6,50,adult
202100049311,4,3,2021,0 days 09:45:00,1,41,41043,1,1,1,1,Rue de Trèvety,"47,2726810000","1,4826930000",1,1,1,1963.0,4,8,-1,-1,A01,2,0,0,1,1,5,4,,-1.0,,2,2,0,2,3,1,0,1,30,child
202100049311,4,3,2021,0 days 09:45:00,1,41,41043,1,1,1,1,Rue de Trèvety,"47,2726810000","1,4826930000",1,3,1,2002.0,5,0,-1,-1,A01,2,0,0,1,1,5,4,,-1.0,,2,2,0,2,3,1,0,1,30,adult
202100049318,2,3,2021,0 days 17:20:00,1,24,24479,2,1,1,6,Grand rue de la barre,"45,4927470000","0,7465020000",3,3,2,1936.0,0,0,-1,-1,A01,2,0,1,1,1,5,3,707,0.0,,1,1,0,1,1,1,0,1,50,child
202100049318,2,3,2021,0 days 17:20:00,1,24,24479,2,1,1,6,Grand rue de la barre,"45,4927470000","0,7465020000",1,4,1,1976.0,5,0,-1,-1,A01,2,0,1,1,1,5,3,707,0.0,,1,1,0,1,1,1,0,1,50,adult
202100049378,1,3,2021,0 days 17:50:00,1,69,69092,1,3,1,2,TARARE (DE) (RTE),"45,9795700000","4,6812400000",1,4,2,1934.0,0,1,-1,-1,B01,3,0,2,1,1,0,3,TARARE (route de),0.0,,2,2,0,1,1,1,0,1,70,child
202100049378,1,3,2021,0 days 17:50:00,1,69,69092,1,3,1,2,TARARE (DE) (RTE),"45,9795700000","4,6812400000",1,4,2,1962.0,0,2,-1,-1,B01,3,0,2,1,1,0,3,TARARE (route de),0.0,,2,2,0,1,1,1,0,1,70,adult
202100049381,2,3,2021,0 days 16:30:00,1,64,64445,2,1,1,3,AVENUE DE GENERAL LECLERC,"43,3037600000"," -0,3463100000",1,1,1,1935.0,0,1,0,-1,B01,2,0,2,1,1,0,4,MARECHAL LECLERC DU,0.0,,2,2,1,1,1,1,0,5,50,child
202100049381,2,3,2021,0 days 16:30:00,1,64,64445,2,1,1,3,AVENUE DE GENERAL LECLERC,"43,3037600000"," -0,3463100000",1,4,1,1997.0,0,8,0,-1,B01,2,0,2,1,1,0,4,MARECHAL LECLERC DU,0.0,,2,2,1,1,1,1,0,5,50,adult
202100049393,2,3,2021,0 days 12:34:00,1,30,30189,2,1,8,6,JAURES JEAN (BOULEVARD),"43,8257900000","4,3534600000",1,1,1,1949.0,0,8,0,-1,B01,3,1,2,1,19,5,4,JAURES JEAN (BOULEVARD),0.0,,1,0,0,1,1,1,0,1,50,child
202100049393,2,3,2021,0 days 12:34:00,1,30,30189,2,1,8,6,JAURES JEAN (BOULEVARD),"43,8257900000","4,3534600000",1,3,1,1998.0,0,8,0,-1,B01,3,1,2,1,19,5,4,JAURES JEAN (BOULEVARD),0.0,,1,0,0,1,1,1,0,1,50,adult
202100049393,2,3,2021,0 days 12:34:00,1,30,30189,2,1,8,6,JAURES JEAN (BOULEVARD),"43,8257900000","4,3534600000",1,1,1,1999.0,0,1,0,-1,B01,3,1,2,1,19,5,4,JAURES JEAN (BOULEVARD),0.0,,1,0,0,1,1,1,0,1,50,adult
202100049396,1,3,2021,0 days 17:30:00,1,25,25056,2,3,1,3,MALLARME RUE STEPHANE,"47,2437550000","5,9993990000",1,4,1,1949.0,0,8,0,-1,A01,1,0,2,1,19,5,4,MALLARME RUE STEPHANE,0.0,,2,2,0,1,1,1,0,1,50,child
202100049396,1,3,2021,0 days 17:30:00,1,25,25056,2,3,1,3,MALLARME RUE STEPHANE,"47,2437550000","5,9993990000",1,1,1,1993.0,4,1,0,-1,A01,1,0,2,1,19,5,4,MALLARME RUE STEPHANE,0.0,,2,2,0,1,1,1,0,1,50,adult
202100049397,2,3,2021,0 days 19:12:00,5,25,25056,2,3,1,3,VESOUL RUE DE (inf 52),"47,2483750000","6,0207010000",1,1,2,1958.0,4,1,0,-1,A01,2,0,2,1,9,5,4,VESOUL RUE DE (inf 52),0.0,,2,2,2,2,3,1,5,1,50,child
202100049397,2,3,2021,0 days 19:12:00,5,25,25056,2,3,1,3,VESOUL RUE DE (inf 52),"47,2483750000","6,0207010000",1,4,1,1994.0,0,2,0,-1,A01,2,0,2,1,9,5,4,VESOUL RUE DE (inf 52),0.0,,2,2,2,2,3,1,5,1,50,adult
202100049412,1,3,2021,0 days 22:41:00,5,75,75113,2,3,1,2,AVENUE D ITALIE,"48,8204120000","2,3590950000",2,1,1,1957.0,9,1,0,-1,B01,1,0,2,4,13,5,4,AVENUE D ITALIE,0.0,,2,4,0,1,1,1,0,1,30,child
202100049412,1,3,2021,0 days 22:41:00,5,75,75113,2,3,1,2,AVENUE D ITALIE,"48,8204120000","2,3590950000",1,4,1,1973.0,9,8,0,-1,B01,1,0,2,4,13,5,4,AVENUE D ITALIE,0.0,,2,4,0,1,1,1,0,1,30,adult
202100049412,1,3,2021,0 days 22:41:00,5,75,75113,2,3,1,2,AVENUE D ITALIE,"48,8204120000","2,3590950000",1,1,2,1996.0,4,1,0,-1,B01,1,0,2,4,13,5,4,AVENUE D ITALIE,0.0,,2,4,0,1,1,1,0,1,30,adult
202100049414,3,3,2021,0 days 12:50:00,1,75,75110,2,1,1,6,RUE DE L ECHIQUIER,"48,8712980000","2,3515670000",1,1,1,1986.0,1,8,0,-1,A01,2,0,1,1,1,5,4,RUE DE L ECHIQUIER,0.0,,1,1,1,1,1,1,0,1,50,child
202100049414,3,3,2021,0 days 12:50:00,1,75,75110,2,1,1,6,RUE DE L ECHIQUIER,"48,8712980000","2,3515670000",3,4,2,2011.0,9,0,-1,-1,A01,2,0,1,1,1,5,4,RUE DE L ECHIQUIER,0.0,,1,1,1,1,1,1,0,1,50,adult
202100049421,3,3,2021,0 days 16:45:00,1,94,94069,2,1,1,1,MARECHAL LECLERC (R DU),"48,8178960000","2,4435440000",1,1,2,1979.0,9,1,8,-1,A01,1,0,2,8,1,5,4,MARECHAL LECLERC (R DU),0.0,,2,2,0,1,1,1,0,4,50,child
202100049421,3,3,2021,0 days 16:45:00,1,94,94069,2,1,1,1,MARECHAL LECLERC (R DU),"48,8178960000","2,4435440000",1,4,1,2006.0,5,8,0,-1,A01,1,0,2,8,1,5,4,MARECHAL LECLERC (R DU),0.0,,2,2,0,1,1,1,0,4,50,adult
202100049427,3,3,2021,0 days 14:35:00,1,93,93048,2,1,1,3,PARIS (RUE DE),"48,8564709634","2,4267214934",1,1,1,1940.0,1,1,0,-1,B01,1,0,2,1,1,5,3,PARIS (RUE DE),0.0,,2,2,0,1,1,1,0,1,50,child
202100049427,3,3,2021,0 days 14:35:00,1,93,93048,2,1,1,3,PARIS (RUE DE),"48,8564709634","2,4267214934",1,4,1,1994.0,4,2,0,-1,B01,1,0,2,1,1,5,3,PARIS (RUE DE),0.0,,2,2,0,1,1,1,0,1,50,adult
202100049430,2,3,2021,0 days 19:40:00,5,92,92025,2,2,1,3,GABRIEL PERI (RUE),"48,9229060736","2,2496773303",1,1,1,1965.0,1,1,0,-1,B01,2,0,2,7,9,5,4,986,0.0,,2,5,3,1,1,1,0,1,50,child
202100049430,2,3,2021,0 days 19:40:00,5,92,92025,2,2,1,3,GABRIEL PERI (RUE),"48,9229060736","2,2496773303",1,4,1,1996.0,4,8,0,-1,B01,2,0,2,7,9,5,4,986,0.0,,2,5,3,1,1,1,0,1,50,adult
202100049434,4,3,2021,0 days 13:55:00,1,76,76238,2,2,1,3,Rue Henri Ternon,"49,5652880000","0,2218880000",1,1,1,1953.0,5,1,-1,-1,A01,3,0,2,1,15,5,4,,-1.0,,1,1,0,1,1,1,0,1,30,child
202100049434,4,3,2021,0 days 13:55:00,1,76,76238,2,2,1,3,Rue Henri Ternon,"49,5652880000","0,2218880000",1,4,1,2004.0,5,0,-1,-1,A01,3,0,2,1,15,5,4,,-1.0,,1,1,0,1,1,1,0,1,30,adult
202100049437,4,3,2021,0 days 09:00:00,1,19,19274,1,3,1,3,Aux Breuils,"45,1685630000","1,4648400000",1,3,1,1936.0,3,0,-1,-1,A01,1,0,2,8,16,5,3,901E2,-1.0,,2,2,0,1,1,1,5,1,90,child
202100049437,4,3,2021,0 days 09:00:00,1,19,19274,1,3,1,3,Aux Breuils,"45,1685630000","1,4648400000",1,1,1,1957.0,1,1,-1,-1,A01,1,0,2,8,16,5,3,901E2,-1.0,,2,2,0,1,1,1,5,1,90,adult
202100049472,2,3,2021,0 days 18:15:00,2,69,69386,2,1,1,2,MICHEL RAMBAUD (R),"45,7697718087","4,8598791787",1,1,1,1948.0,9,1,-1,-1,A01,1,0,2,1,1,0,4,MICHEL RAMBAUD                      (R ),0.0,,1,1,0,1,1,1,0,1,50,child
202100049472,2,3,2021,0 days 18:15:00,2,69,69386,2,1,1,2,MICHEL RAMBAUD (R),"45,7697718087","4,8598791787",1,4,1,1989.0,1,8,0,-1,A01,1,0,2,1,1,0,4,MICHEL RAMBAUD                      (R ),0.0,,1,1,0,1,1,1,0,1,50,adult
202100049506,1,3,2021,0 days 15:15:00,1,22,22113,2,1,1,2,GUINGAMP (ROUTE DE),"48,7242990000"," -3,4354970000",1,4,1,1941.0,5,2,0,-1,B01,1,0,2,6,1,5,3,GUINGAMP (ROUTE DE),0.0,,2,2,0,1,1,1,0,1,50,child
202100049506,1,3,2021,0 days 15:15:00,1,22,22113,2,1,1,2,GUINGAMP (ROUTE DE),"48,7242990000"," -3,4354970000",1,1,1,2001.0,5,1,0,-1,B01,1,0,2,6,1,5,3,GUINGAMP (ROUTE DE),0.0,,2,2,0,1,1,1,0,1,50,adult
202100049518,1,3,2021,0 days 14:54:00,1,10,10387,2,6,1,3,GEORGES POMPIDOU (RUE),"48,2879020000","4,0812250000",1,1,1,1961.0,0,1,0,-1,A01,2,0,2,1,26,0,4,GEORGES POMPIDOU (RUE),0.0,,1,1,2,1,2,1,0,5,50,child
202100049518,1,3,2021,0 days 14:54:00,1,10,10387,2,6,1,3,GEORGES POMPIDOU (RUE),"48,2879020000","4,0812250000",1,4,1,1988.0,0,-1,0,-1,A01,2,0,2,1,26,0,4,GEORGES POMPIDOU (RUE),0.0,,1,1,2,1,2,1,0,5,50,adult
202100049530,1,3,2021,0 days 17:45:00,1,75,75112,2,3,1,3,BOULEVARD DE LA BASTILLE,"48,8464610000","2,3668990000",1,1,1,1963.0,5,8,0,-1,B01,1,0,2,1,1,5,4,BOULEVARD DE LA BASTILLE,0.0,,2,2,2,1,1,1,-1,5,50,child
202100049530,1,3,2021,0 days 17:45:00,1,75,75112,2,3,1,3,BOULEVARD DE LA BASTILLE,"48,8464610000","2,3668990000",1,4,1,1993.0,5,8,0,-1,B01,1,0,2,1,1,5,4,BOULEVARD DE LA BASTILLE,0.0,,2,2,2,1,1,1,-1,5,50,adult
202100049531,2,3,2021,0 days 10:45:00,1,75,75111,2,4,1,6,BOULEVARD VOLTAIRE,"48,8609840000","2,3747980000",1,4,1,1959.0,1,8,0,-1,A01,2,0,1,3,1,5,4,BOULEVARD VOLTAIRE,0.0,,2,2,1,1,1,1,-1,5,30,child
202100049531,2,3,2021,0 days 10:45:00,1,75,75111,2,4,1,6,BOULEVARD VOLTAIRE,"48,8609840000","2,3747980000",3,1,1,1987.0,4,0,-1,-1,A01,2,0,1,3,1,5,4,BOULEVARD VOLTAIRE,0.0,,2,2,1,1,1,1,-1,5,30,adult
202100049570,28,2,2021,0 days 16:30:00,1,22,22327,1,2,1,1,D166,"48,4928120000"," -2,0417780000",1,1,1,1952.0,5,1,-1,-1,B01,3,0,2,2,9,5,4,166,-1.0,D,2,2,0,1,1,1,0,1,70,child
202100049570,28,2,2021,0 days 16:30:00,1,22,22327,1,2,1,1,D166,"48,4928120000"," -2,0417780000",1,3,1,2003.0,5,0,-1,-1,B01,3,0,2,2,9,5,4,166,-1.0,D,2,2,0,1,1,1,0,1,70,adult
202100049640,1,3,2021,0 days 16:28:00,1,41,41295,1,4,1,1,PLACE (RUE DE LA),"47,5968100000","1,3792300000",1,1,2,1975.0,5,1,8,-1,B01,3,0,2,8,1,5,3,CD72,0.0,,2,2,0,1,1,1,0,1,80,child
202100049640,1,3,2021,0 days 16:28:00,1,41,41295,1,4,1,1,PLACE (RUE DE LA),"47,5968100000","1,3792300000",1,3,1,1998.0,5,2,8,-1,B01,3,0,2,8,1,5,3,CD72,0.0,,2,2,0,1,1,1,0,1,80,adult
202100049722,1,3,2021,0 days 17:30:00,1,56,56152,1,1,1,1,Route de Bangor,"47,3321330000"," -3,1647380000",1,2,2,1959.0,5,0,-1,-1,B01,2,0,2,1,1,5,3,190,-1.0,,2,2,0,1,1,1,0,1,70,child
202100049722,1,3,2021,0 days 17:30:00,1,56,56152,1,1,1,1,Route de Bangor,"47,3321330000"," -3,1647380000",1,1,1,1980.0,3,1,-1,-1,B01,2,0,2,1,1,5,3,190,-1.0,,2,2,0,1,1,1,0,1,70,adult
202100049777,27,2,2021,0 days 17:40:00,1,75,75104,2,2,1,6,RUE FRANCOIS MIRON,"48,8555280000","2,3577610000",3,4,2,1966.0,5,0,-1,-1,A01,2,0,1,5,1,5,4,RUE FRANCOIS MIRON,0.0,,1,1,2,1,1,1,-1,5,30,child
202100049777,27,2,2021,0 days 17:40:00,1,75,75104,2,2,1,6,RUE FRANCOIS MIRON,"48,8555280000","2,3577610000",1,1,1,2000.0,5,8,0,-1,A01,2,0,1,5,1,5,4,RUE FRANCOIS MIRON,0.0,,1,1,2,1,1,1,-1,5,30,adult
202100049777,27,2,2021,0 days 17:40:00,1,75,75104,2,2,1,6,RUE FRANCOIS MIRON,"48,8555280000","2,3577610000",2,1,2,2001.0,5,8,0,-1,A01,2,0,1,5,1,5,4,RUE FRANCOIS MIRON,0.0,,1,1,2,1,1,1,-1,5,30,adult
202100049789,31,1,2021,0 days 13:18:00,1,31,31082,2,9,8,3,Cote des Rouilleres,"43,5991017090","1,7123354245",1,1,2,1982.0,5,1,-1,-1,A01,3,0,2,1,15,6,3,66,-1.0,A,2,2,0,2,1,2,0,1,50,child
202100049789,31,1,2021,0 days 13:18:00,1,31,31082,2,9,8,3,Cote des Rouilleres,"43,5991017090","1,7123354245",1,3,1,2006.0,5,0,-1,-1,A01,3,0,2,1,15,6,3,66,-1.0,A,2,2,0,2,1,2,0,1,50,adult
202100049872,25,2,2021,0 days 17:15:00,1,69,69013,2,6,1,3,RN6 (CHARTONNIERE),"46,0203003831","4,7207736969",1,4,2,1944.0,5,2,-1,-1,B01,2,0,2,1,1,5,3,RN6 (CHARTONNIERE),0.0,,1,2,0,1,2,1,9,1,50,child
202100049872,25,2,2021,0 days 17:15:00,1,69,69013,2,6,1,3,RN6 (CHARTONNIERE),"46,0203003831","4,7207736969",1,1,1,1983.0,1,8,-1,-1,B01,2,0,2,1,1,5,3,RN6 (CHARTONNIERE),0.0,,1,2,0,1,2,1,9,1,50,adult
202100049878,27,2,2021,0 days 17:22:00,1,47,47201,2,1,1,2,MARNE (AV. DE LA),"44,1939700000","0,5992000000",1,1,1,1955.0,1,1,0,-1,A01,2,0,2,1,2,5,3,MARNE (AV. DE LA),0.0,,2,4,1,1,1,1,0,1,50,child