Num_Acc,jour,mois,an,hrmn,lum,dep,com,agg,int,atm,col,adr,lat,long,catu,grav,sexe,an_nais,trajet,secu1,secu2,secu3,num_veh_y,senc,obs,obsm,choc,manv,motor,catr,voie,v1,v2,circ,nbv,vosp,prof,plan,surf,infra,situ,vma,age
202100049878,27,2,2021,0 days 17:22:00,1,47,47201,2,1,1,2,MARNE (AV. DE LA),"44,1939700000","0,5992000000",1,4,1,2003.0,5,2,8,-1,A01,2,0,2,1,2,5,3,MARNE (AV. DE LA),0.0,,2,4,1,1,1,1,0,1,50,adult
202100049905,27,2,2021,0 days 09:35:00,1,94,94028,2,2,1,3,PLICHON.(RUE DU DOCTEUR),"48,7943500000","2,4640600000",1,1,2,1973.0,5,1,0,-1,B01,0,0,2,6,1,5,4,PLICHON.(RUE DU DOCTEUR),0.0,,-1,2,0,1,1,1,0,1,50,child
202100049905,27,2,2021,0 days 09:35:00,1,94,94028,2,2,1,3,PLICHON.(RUE DU DOCTEUR),"48,7943500000","2,4640600000",1,4,1,2006.0,5,2,0,-1,B01,0,0,2,6,1,5,4,PLICHON.(RUE DU DOCTEUR),0.0,,-1,2,0,1,1,1,0,1,50,adult
202100049921,27,2,2021,0 days 09:20:00,1,51,51171,1,1,1,2,D32,"49,3780024577","3,8749670519",1,2,1,1953.0,5,2,-1,-1,B01,2,0,0,4,1,5,3,32,-1.0,,2,2,0,3,1,1,0,1,80,child
202100049921,27,2,2021,0 days 09:20:00,1,51,51171,1,1,1,2,D32,"49,3780024577","3,8749670519",1,1,1,1998.0,3,1,-1,-1,B01,2,0,0,4,1,5,3,32,-1.0,,2,2,0,3,1,1,0,1,80,adult
202100049928,28,2,2021,0 days 15:55:00,1,69,69267,1,4,1,3,D68,"46,1713257360","4,6855291148",1,3,1,1963.0,5,0,-1,-1,B01,2,0,2,8,1,5,3,D68,-1.0,,2,2,0,4,3,1,0,1,80,child
202100049928,28,2,2021,0 days 15:55:00,1,69,69267,1,4,1,3,D68,"46,1713257360","4,6855291148",2,4,2,2004.0,5,2,-1,-1,B01,2,0,2,8,1,5,3,D68,-1.0,,2,2,0,4,3,1,0,1,80,adult
202100049966,28,2,2021,0 days 16:45:00,1,38,38155,2,3,1,3,Route du Pont Jean Lioud,"45,4305700000","5,7486600000",1,1,1,1961.0,5,2,6,-1,A01,3,0,2,3,15,5,3,28,-1.0,B,2,2,0,1,1,1,0,1,30,child
202100049966,28,2,2021,0 days 16:45:00,1,38,38155,2,3,1,3,Route du Pont Jean Lioud,"45,4305700000","5,7486600000",1,4,2,2004.0,5,0,-1,-1,A01,3,0,2,3,15,5,3,28,-1.0,B,2,2,0,1,1,1,0,1,30,adult
202100050011,26,2,2021,0 days 10:55:00,1,64,64102,2,1,1,3,LOUISE DARRACQ (AVENUE),"43,4941700000"," -1,4816800000",1,1,2,1934.0,5,1,0,-1,B01,2,0,2,1,25,5,4,LOUISE DARRACQ (AVENUE),0.0,,1,1,0,1,1,1,0,4,50,child
202100050011,26,2,2021,0 days 10:55:00,1,64,64102,2,1,1,3,LOUISE DARRACQ (AVENUE),"43,4941700000"," -1,4816800000",1,3,2,1972.0,9,2,0,-1,B01,2,0,2,1,25,5,4,LOUISE DARRACQ (AVENUE),0.0,,1,1,0,1,1,1,0,4,50,adult
202100050016,25,2,2021,0 days 13:40:00,1,58,58194,2,3,1,3,MARECHAL JUIN,"47,0043600000","3,1538000000",1,3,1,1953.0,5,2,0,-1,B01,1,0,2,1,1,5,3,MARECHAL JUIN,0.0,,2,4,0,1,1,1,0,1,30,child
202100050016,25,2,2021,0 days 13:40:00,1,58,58194,2,3,1,3,MARECHAL JUIN,"47,0043600000","3,1538000000",1,1,1,1992.0,4,1,0,-1,B01,1,0,2,1,1,5,3,MARECHAL JUIN,0.0,,2,4,0,1,1,1,0,1,30,adult
202100050057,26,2,2021,0 days 08:50:00,1,75,75116,2,5,1,3,VOIE GEORGES POMPIDOU,"48,8580870000","2,2883520000",1,4,1,1969.0,1,8,0,-1,B01,3,0,2,8,13,5,4,VOIE GEORGES POMPIDOU,0.0,,2,2,1,1,1,1,-1,5,50,child
202100050057,26,2,2021,0 days 08:50:00,1,75,75116,2,5,1,3,VOIE GEORGES POMPIDOU,"48,8580870000","2,2883520000",1,1,1,1995.0,1,2,0,-1,B01,3,0,2,8,13,5,4,VOIE GEORGES POMPIDOU,0.0,,2,2,1,1,1,1,-1,5,50,adult
202100050125,26,2,2021,0 days 11:15:00,1,85,85226,2,3,1,1,Intersection Rue de la Touche / Avenue du Terre-Fort,"46,7162980000"," -1,9618590000",1,3,2,1943.0,-1,0,0,0,C01,3,0,2,9,15,-1,4,,-1.0,,2,2,0,1,1,1,0,1,50,child
202100050125,26,2,2021,0 days 11:15:00,1,85,85226,2,3,1,1,Intersection Rue de la Touche / Avenue du Terre-Fort,"46,7162980000"," -1,9618590000",1,1,1,1965.0,1,1,-1,-1,C01,3,0,2,9,15,-1,4,,-1.0,,2,2,0,1,1,1,0,1,50,adult
202100050189,24,2,2021,0 days 10:58:00,1,37,37261,2,2,1,6,GALPIN THIOU (RUE),"47,3835975546","0,6961987280",1,4,1,1955.0,5,2,0,-1,B01,2,0,2,1,15,0,4,GALPIN THIOU (RUE),0.0,,2,2,0,1,1,1,0,1,50,child
202100050189,24,2,2021,0 days 10:58:00,1,37,37261,2,2,1,6,GALPIN THIOU (RUE),"47,3835975546","0,6961987280",1,1,1,1977.0,1,8,0,-1,B01,2,0,2,1,15,0,4,GALPIN THIOU (RUE),0.0,,2,2,0,1,1,1,0,1,50,adult
202100050202,25,2,2021,0 days 18:30:00,5,13,13001,2,1,1,2,GIONO JEAN (AV),"43,5143430961","5,4388183355",1,1,1,1966.0,5,8,0,-1,B01,2,0,2,4,2,5,4,GIONO JEAN (AV),0.0,,2,2,0,1,1,1,0,1,50,child
202100050202,25,2,2021,0 days 18:30:00,5,13,13001,2,1,1,2,GIONO JEAN (AV),"43,5143430961","5,4388183355",1,4,1,2004.0,5,1,0,-1,B01,2,0,2,4,2,5,4,GIONO JEAN (AV),0.0,,2,2,0,1,1,1,0,1,50,adult
202100050216,22,2,2021,0 days 13:30:00,1,75,75116,2,2,8,3,ROUTE DE LA PTE DAUPHINE A LA PTE DES SA,"48,8749250000","2,2711040000",1,4,1,1938.0,9,8,0,-1,B01,2,0,2,8,1,5,4,ROUTE DE LA PTE DAUPHINE A LA PTE DES SA,0.0,,2,4,0,1,1,1,0,1,50,child
202100050216,22,2,2021,0 days 13:30:00,1,75,75116,2,2,8,3,ROUTE DE LA PTE DAUPHINE A LA PTE DES SA,"48,8749250000","2,2711040000",1,1,1,1993.0,4,1,0,-1,B01,2,0,2,8,1,5,4,ROUTE DE LA PTE DAUPHINE A LA PTE DES SA,0.0,,2,4,0,1,1,1,0,1,50,adult
202100050314,20,2,2021,0 days 09:05:00,1,80,80131,1,1,1,4,CD 4935,"49,8639600000","2,3497800000",1,4,1,1955.0,5,2,-1,-1,C01,0,0,2,8,0,0,3,CD 4935,0.0,,2,2,0,1,1,1,0,1,80,child
202100050314,20,2,2021,0 days 09:05:00,1,80,80131,1,1,1,4,CD 4935,"49,8639600000","2,3497800000",1,1,1,2000.0,0,1,-1,-1,C01,0,0,2,8,0,0,3,CD 4935,0.0,,2,2,0,1,1,1,0,1,80,adult
202100050314,20,2,2021,0 days 09:05:00,1,80,80131,1,1,1,4,CD 4935,"49,8639600000","2,3497800000",1,4,1,2001.0,0,1,-1,-1,C01,0,0,2,8,0,0,3,CD 4935,0.0,,2,2,0,1,1,1,0,1,80,adult
202100050328,24,2,2021,0 days 17:50:00,1,54,54339,1,1,1,1,Domaine de Pixérécourt,"48,7252448522","6,1811533570",1,1,2,1973.0,0,1,0,-1,B01,3,0,2,1,26,5,4,PIXERECOURT (ROND POINT DE),0.0,,2,-1,0,1,1,1,0,8,50,child
202100050328,24,2,2021,0 days 17:50:00,1,54,54339,1,1,1,1,Domaine de Pixérécourt,"48,7252448522","6,1811533570",1,4,1,2008.0,0,8,0,-1,B01,3,0,2,1,26,5,4,PIXERECOURT (ROND POINT DE),0.0,,2,-1,0,1,1,1,0,8,50,adult
202100050331,23,2,2021,0 days 07:50:00,1,50,50602,2,3,1,3,BLUM (RUE LEON),"49,6254700000"," -1,5871900000",1,4,1,1975.0,1,2,4,-1,B01,0,0,2,1,1,5,4,BLUM (RUE LEON),0.0,,2,2,0,2,1,1,0,1,50,child
202100050331,23,2,2021,0 days 07:50:00,1,50,50602,2,3,1,3,BLUM (RUE LEON),"49,6254700000"," -1,5871900000",1,1,1,1999.0,4,1,-1,-1,B01,0,0,2,1,1,5,4,BLUM (RUE LEON),0.0,,2,2,0,2,1,1,0,1,50,adult
202100050336,24,2,2021,0 days 17:55:00,1,33,33063,2,2,1,4,Boulevard Albert Brandenburg,"44,8754580000"," -0,5455480000",1,4,1,1951.0,5,8,-1,-1,B01,1,0,2,4,1,5,4,BD ALBERT BRANDENBURG,0.0,,2,3,0,1,1,1,5,1,50,child
202100050336,24,2,2021,0 days 17:55:00,1,33,33063,2,2,1,4,Boulevard Albert Brandenburg,"44,8754580000"," -0,5455480000",1,1,2,1985.0,5,1,-1,-1,B01,1,0,2,4,1,5,4,BD ALBERT BRANDENBURG,0.0,,2,3,0,1,1,1,5,1,50,adult
202100050336,24,2,2021,0 days 17:55:00,1,33,33063,2,2,1,4,Boulevard Albert Brandenburg,"44,8754580000"," -0,5455480000",1,1,-1,,-1,-1,-1,-1,B01,1,0,2,4,1,5,4,BD ALBERT BRANDENBURG,0.0,,2,3,0,1,1,1,5,1,50,child
202100050352,23,2,2021,0 days 16:50:00,1,13,13209,2,3,1,3,MARÉCHAL DE LATTRE (AVENUE),"43,2455400000","5,4120800000",1,1,2,1937.0,9,1,0,-1,A01,2,0,2,1,1,5,7,MARÉCHAL DE LATTRE (AVENUE),0.0,,2,2,1,1,1,1,0,1,50,child
202100050352,23,2,2021,0 days 16:50:00,1,13,13209,2,3,1,3,MARÉCHAL DE LATTRE (AVENUE),"43,2455400000","5,4120800000",1,4,1,2002.0,0,8,0,-1,A01,2,0,2,1,1,5,7,MARÉCHAL DE LATTRE (AVENUE),0.0,,2,2,1,1,1,1,0,1,50,adult
202100050360,24,2,2021,0 days 17:30:00,2,75,75117,2,4,1,3,AVENUE DE WAGRAM,"48,8821916483","2,3011690378",1,4,2,1969.0,1,2,0,-1,B01,1,0,2,2,1,5,4,AVENUE DE WAGRAM,0.0,,2,2,0,1,1,1,0,1,50,child
202100050360,24,2,2021,0 days 17:30:00,2,75,75117,2,4,1,3,AVENUE DE WAGRAM,"48,8821916483","2,3011690378",1,1,1,1999.0,5,8,0,-1,B01,1,0,2,2,1,5,4,AVENUE DE WAGRAM,0.0,,2,2,0,1,1,1,0,1,50,adult
202100050361,24,2,2021,0 days 14:25:00,1,75,75115,2,3,1,3,RUE DE VAUGIRARD,"48,8354950000","2,2927660000",1,1,1,1974.0,4,1,0,-1,B01,2,0,2,1,1,5,4,RUE DE VAUGIRARD,0.0,,1,4,1,1,1,1,-1,5,50,child
202100050361,24,2,2021,0 days 14:25:00,1,75,75115,2,3,1,3,RUE DE VAUGIRARD,"48,8354950000","2,2927660000",1,4,2,2001.0,1,8,0,-1,B01,2,0,2,1,1,5,4,RUE DE VAUGIRARD,0.0,,1,4,1,1,1,1,-1,5,50,adult
202100050363,23,2,2021,0 days 20:55:00,5,75,75111,2,3,1,3,BOULEVARD DE MENILMONTANT,"48,8609720000","2,3882120000",1,4,2,1968.0,1,8,0,-1,B01,1,0,2,1,1,5,4,BOULEVARD DE MENILMONTANT,0.0,,1,1,1,1,1,1,-1,5,30,child
202100050363,23,2,2021,0 days 20:55:00,5,75,75111,2,3,1,3,BOULEVARD DE MENILMONTANT,"48,8609720000","2,3882120000",1,1,1,1991.0,5,8,0,-1,B01,1,0,2,1,1,5,4,BOULEVARD DE MENILMONTANT,0.0,,1,1,1,1,1,1,-1,5,30,adult
202100050381,24,2,2021,0 days 10:20:00,1,93,93057,2,2,1,3,BRIAND ( AV. ARISTIDE) 238 A 308,"48,9111120963","2,5164974127",1,4,1,1950.0,0,1,0,-1,B01,0,0,2,8,18,0,3,BRIAND ( AV. ARISTIDE) 238 A 308,0.0,,3,4,0,1,1,1,5,1,50,child
202100050381,24,2,2021,0 days 10:20:00,1,93,93057,2,2,1,3,BRIAND ( AV. ARISTIDE) 238 A 308,"48,9111120963","2,5164974127",1,1,1,1995.0,0,1,0,-1,B01,0,0,2,8,18,0,3,BRIAND ( AV. ARISTIDE) 238 A 308,0.0,,3,4,0,1,1,1,5,1,50,adult
202100050385,24,2,2021,0 days 18:30:00,2,92,92009,2,1,1,7,ARGENTEUIL ( AVENUE D' ),"48,9195608106","2,2801211039",1,4,1,1968.0,9,2,8,-1,B01,1,0,2,0,1,5,3,909,0.0,,2,0,0,1,1,1,0,1,50,child
202100050385,24,2,2021,0 days 18:30:00,2,92,92009,2,1,1,7,ARGENTEUIL ( AVENUE D' ),"48,9195608106","2,2801211039",2,1,1,1979.0,9,1,8,-1,B01,1,0,2,0,1,5,3,909,0.0,,2,0,0,1,1,1,0,1,50,adult
202100050385,24,2,2021,0 days 18:30:00,2,92,92009,2,1,1,7,ARGENTEUIL ( AVENUE D' ),"48,9195608106","2,2801211039",1,1,2,1990.0,0,1,8,-1,B01,1,0,2,0,1,5,3,909,0.0,,2,0,0,1,1,1,0,1,50,adult
202100050394,24,2,2021,0 days 14:15:00,1,46,46089,1,2,7,3,route de vire,"44,5055730000","1,0804260000",1,4,1,1944.0,5,0,-1,-1,B01,3,0,2,3,1,5,3,58,-1.0,,2,2,0,1,1,1,0,1,70,child
202100050394,24,2,2021,0 days 14:15:00,1,46,46089,1,2,7,3,route de vire,"44,5055730000","1,0804260000",1,1,1,1995.0,4,1,-1,-1,B01,3,0,2,3,1,5,3,58,-1.0,,2,2,0,1,1,1,0,1,70,adult
202100050401,24,2,2021,0 days 17:10:00,1,43,43224,1,9,1,1,Vaubarlet,"45,2206220000","4,2074630000",1,1,1,1953.0,5,1,-1,-1,B01,2,0,2,8,1,5,3,43,0.0,,2,2,0,4,2,1,0,1,80,child
202100050401,24,2,2021,0 days 17:10:00,1,43,43224,1,9,1,1,Vaubarlet,"45,2206220000","4,2074630000",1,4,1,2004.0,5,2,-1,-1,B01,2,0,2,8,1,5,3,43,0.0,,2,2,0,4,2,1,0,1,80,adult
202100050464,23,2,2021,0 days 18:15:00,2,33,33063,2,1,1,3,Cours Aristide Briand,"44,8320700000"," -0,5781200000",1,1,1,1962.0,4,1,-1,-1,B01,1,0,2,0,2,5,4,BRIAND (CRS ARISTIDE),0.0,,2,3,3,1,1,1,0,1,50,child
202100050464,23,2,2021,0 days 18:15:00,2,33,33063,2,1,1,3,Cours Aristide Briand,"44,8320700000"," -0,5781200000",1,4,1,1994.0,4,8,-1,-1,B01,1,0,2,0,2,5,4,BRIAND (CRS ARISTIDE),0.0,,2,3,3,1,1,1,0,1,50,adult
202100050497,23,2,2021,0 days 06:45:00,5,92,92062,2,3,1,3,DE DION BOUTON (QUAI) DU 29 AU 65,"48,8818673788","2,2467014194",1,1,1,1960.0,1,1,0,-1,B01,2,0,2,8,1,5,3,7,0.0,,2,6,1,1,1,1,9,5,50,child
202100050497,23,2,2021,0 days 06:45:00,5,92,92062,2,3,1,3,DE DION BOUTON (QUAI) DU 29 AU 65,"48,8818673788","2,2467014194",1,4,1,1993.0,1,8,0,-1,B01,2,0,2,8,1,5,3,7,0.0,,2,6,1,1,1,1,9,5,50,adult
202100050513,23,2,2021,0 days 13:50:00,1,68,68073,2,3,1,1,11 Rue des Prés (Pont),"47,8054090000","6,9359830000",1,1,2,1954.0,5,1,-1,-1,A01,3,0,2,1,1,5,4,,-1.0,,2,2,0,2,1,1,0,1,50,child
202100050513,23,2,2021,0 days 13:50:00,1,68,68073,2,3,1,1,11 Rue des Prés (Pont),"47,8054090000","6,9359830000",1,3,1,2009.0,5,2,-1,-1,A01,3,0,2,1,1,5,4,,-1.0,,2,2,0,2,1,1,0,1,50,adult
202100050569,20,2,2021,0 days 17:46:00,1,76,76351,2,1,1,2,MALHERBE,"49,4993200000","0,1395600000",1,1,1,1964.0,0,1,-1,-1,B01,2,0,2,4,2,5,4,MALHERBE,0.0,,1,1,0,1,1,1,0,1,50,child
202100050569,20,2,2021,0 days 17:46:00,1,76,76351,2,1,1,2,MALHERBE,"49,4993200000","0,1395600000",1,4,1,2006.0,5,8,0,-1,B01,2,0,2,4,2,5,4,MALHERBE,0.0,,1,1,0,1,1,1,0,1,50,adult
202100050572,21,2,2021,0 days 12:10:00,1,69,69266,2,1,1,3,ANDRE PHILIP (CR),"45,7724900000","4,8637000000",1,1,1,1960.0,4,1,-1,-1,B01,2,0,2,7,1,5,4,ANDRE PHILIP      (Cours),0.0,,1,2,3,1,1,1,0,1,50,child
202100050572,21,2,2021,0 days 12:10:00,1,69,69266,2,1,1,3,ANDRE PHILIP (CR),"45,7724900000","4,8637000000",1,4,1,1986.0,5,2,0,-1,B01,2,0,2,7,1,5,4,ANDRE PHILIP      (Cours),0.0,,1,2,3,1,1,1,0,1,50,adult
202100050574,21,2,2021,0 days 14:00:00,1,62,62193,2,6,1,3,CLEMENCEAU (BOULEVARD G.),"50,9549180000","1,8503430000",1,4,2,1971.0,5,8,0,-1,B01,3,0,2,7,16,5,4,CLEMENCEAU (BOULEVARD G.),0.0,,1,1,0,1,3,1,0,1,50,child
202100050574,21,2,2021,0 days 14:00:00,1,62,62193,2,6,1,3,CLEMENCEAU (BOULEVARD G.),"50,9549180000","1,8503430000",1,1,2,2000.0,5,1,0,-1,B01,3,0,2,7,16,5,4,CLEMENCEAU (BOULEVARD G.),0.0,,1,1,0,1,3,1,0,1,50,adult
202100050578,22,2,2021,0 days 13:50:00,1,51,51454,2,2,1,3,Rue Lieutenant Herduin,"49,2491529193","4,0369893307",1,1,2,1956.0,0,1,0,-1,A01,2,0,2,1,19,5,4,HERDUIN (RUE DU LIEUTENANT),0.0,,2,2,0,1,1,1,0,8,50,child
202100050578,22,2,2021,0 days 13:50:00,1,51,51454,2,2,1,3,Rue Lieutenant Herduin,"49,2491529193","4,0369893307",2,1,2,1957.0,0,1,-1,-1,A01,2,0,2,1,19,5,4,HERDUIN (RUE DU LIEUTENANT),0.0,,2,2,0,1,1,1,0,8,50,adult
202100050578,22,2,2021,0 days 13:50:00,1,51,51454,2,2,1,3,Rue Lieutenant Herduin,"49,2491529193","4,0369893307",1,4,1,2007.0,5,8,-1,-1,A01,2,0,2,1,19,5,4,HERDUIN (RUE DU LIEUTENANT),0.0,,2,2,0,1,1,1,0,8,50,adult
202100050621,21,2,2021,0 days 15:35:00,1,89,89404,1,1,7,2,RD 660,"48,1717670000","3,2167200000",1,1,1,1944.0,5,1,-1,-1,B01,1,0,0,4,1,5,3,660,-1.0,,2,2,0,2,1,1,0,1,80,child
202100050621,21,2,2021,0 days 15:35:00,1,89,89404,1,1,7,2,RD 660,"48,1717670000","3,2167200000",1,4,1,1969.0,5,2,-1,-1,B01,1,0,0,4,1,5,3,660,-1.0,,2,2,0,2,1,1,0,1,80,adult
202100050631,21,2,2021,0 days 16:25:00,1,07,07055,2,9,7,3,D11,"44,8546440000","4,8382120000",1,1,1,1933.0,5,1,-1,-1,B01,-1,0,2,0,19,5,3,11,0.0,,2,2,1,1,1,1,0,1,50,child
202100050631,21,2,2021,0 days 16:25:00,1,07,07055,2,9,7,3,D11,"44,8546440000","4,8382120000",1,4,2,1983.0,5,0,-1,-1,B01,-1,0,2,0,19,5,3,11,0.0,,2,2,1,1,1,1,0,1,50,adult
202100050643,21,2,2021,0 days 16:35:00,1,69,69208,1,2,1,3,D19,"45,8743520000","4,6038270000",1,1,1,1964.0,5,1,-1,-1,B01,0,0,2,7,26,5,3,19,0.0,D,2,2,0,1,2,1,0,1,50,child
202100050643,21,2,2021,0 days 16:35:00,1,69,69208,1,2,1,3,D19,"45,8743520000","4,6038270000",1,3,1,2011.0,5,0,-1,-1,B01,0,0,2,7,26,5,3,19,0.0,D,2,2,0,1,2,1,0,1,50,adult
202100050645,22,2,2021,0 days 12:00:00,1,29,29058,2,6,1,3,D44 - Rond Point de Ker Elo,"47,8979779797"," -4,0144985187",1,1,1,1972.0,3,1,-1,-1,A01,1,0,2,3,9,5,3,44,0.0,D,1,2,0,4,2,1,5,1,50,child
202100050645,22,2,2021,0 days 12:00:00,1,29,29058,2,6,1,3,D44 - Rond Point de Ker Elo,"47,8979779797"," -4,0144985187",1,4,1,1999.0,0,0,-1,-1,A01,1,0,2,3,9,5,3,44,0.0,D,1,2,0,4,2,1,5,1,50,adult
202100050667,22,2,2021,0 days 10:08:00,1,01,01419,1,1,1,2,185 Avenue du Mont Blanc,"46,2361100000","6,0090280000",1,1,1,1934.0,0,1,-1,-1,B01,3,0,2,4,2,5,4,984,0.0,D,2,2,0,1,1,1,0,1,70,child
202100050667,22,2,2021,0 days 10:08:00,1,01,01419,1,1,1,2,185 Avenue du Mont Blanc,"46,2361100000","6,0090280000",1,3,1,1957.0,1,0,-1,-1,B01,3,0,2,4,2,5,4,984,0.0,D,2,2,0,1,1,1,0,1,70,adult
202100050674,20,2,2021,0 days 14:15:00,1,56,56122,1,1,1,7,D 129,"47,9986070000"," -2,3838020000",1,3,1,1969.0,5,0,-1,-1,B01,2,0,0,1,2,5,3,13,-1.0,,2,2,0,1,3,1,0,1,80,child
202100050674,20,2,2021,0 days 14:15:00,1,56,56122,1,1,1,7,D 129,"47,9986070000"," -2,3838020000",1,1,2,1998.0,5,1,-1,-1,B01,2,0,0,1,2,5,3,13,-1.0,,2,2,0,1,3,1,0,1,80,adult
202100050770,20,2,2021,0 days 17:30:00,1,75,75111,2,2,1,6,BOULEVARD VOLTAIRE,"48,8561790000","2,3828300000",3,4,2,1955.0,1,0,-1,-1,A01,1,0,1,0,1,5,4,BOULEVARD VOLTAIRE,0.0,,2,4,1,1,1,1,-1,5,50,child
202100050770,20,2,2021,0 days 17:30:00,1,75,75111,2,2,1,6,BOULEVARD VOLTAIRE,"48,8561790000","2,3828300000",1,1,1,1977.0,5,2,8,-1,A01,1,0,1,0,1,5,4,BOULEVARD VOLTAIRE,0.0,,2,4,1,1,1,1,-1,5,50,adult
202100050802,21,2,2021,0 days 10:30:00,1,11,11390,1,3,1,3,D611,"43,1103590000","2,7574290000",1,1,1,1932.0,0,0,-1,-1,B01,1,0,2,8,1,5,3,611,-1.0,,2,2,0,1,2,1,0,1,80,child
202100050802,21,2,2021,0 days 10:30:00,1,11,11390,1,3,1,3,D611,"43,1103590000","2,7574290000",1,4,1,1993.0,5,2,6,-1,B01,1,0,2,8,1,5,3,611,-1.0,,2,2,0,1,2,1,0,1,80,adult
202100050809,19,2,2021,0 days 10:00:00,1,31,31232,2,6,1,3,Avenue de Guiraudis - D29,"43,7703270000","1,2864950000",1,3,1,1962.0,5,2,6,-1,B01,1,0,2,7,1,5,3,D29,-1.0,,2,2,0,1,1,1,0,1,50,child
202100050809,19,2,2021,0 days 10:00:00,1,31,31232,2,6,1,3,Avenue de Guiraudis - D29,"43,7703270000","1,2864950000",1,1,1,1994.0,5,8,-1,-1,B01,1,0,2,7,1,5,3,D29,-1.0,,2,2,0,1,1,1,0,1,50,adult
202100050831,20,2,2021,0 days 21:10:00,3,973,97305,1,1,1,2,"PK 15.800, route nationale 1","4,9406024639"," -52,4118833543",1,2,1,1967.0,0,0,-1,-1,B01,1,0,2,4,2,5,2,1,-1.0,,2,2,0,1,1,1,0,1,80,child
202100050831,20,2,2021,0 days 21:10:00,3,973,97305,1,1,1,2,"PK 15.800, route nationale 1","4,9406024639"," -52,4118833543",1,1,1,1989.0,1,1,-1,-1,B01,1,0,2,4,2,5,2,1,-1.0,,2,2,0,1,1,1,0,1,80,adult
202100050856,19,2,2021,0 days 16:25:00,1,69,69386,2,2,1,3,MARECHAL FOCH (DU)                  (AV),"45,7694762856","4,8437240124",1,1,1,1960.0,4,8,-1,-1,A01,2,0,2,7,19,5,4,MARECHAL FOCH (DU)                  (AV),0.0,,2,3,3,1,1,1,0,1,50,child
202100050856,19,2,2021,0 days 16:25:00,1,69,69386,2,2,1,3,MARECHAL FOCH (DU)                  (AV),"45,7694762856","4,8437240124",1,4,1,1999.0,1,8,-1,-1,A01,2,0,2,7,19,5,4,MARECHAL FOCH (DU)                  (AV),0.0,,2,3,3,1,1,1,0,1,50,adult
202100050883,18,2,2021,0 days 14:30:00,1,56,56098,2,1,1,6,CROIZAT ( AVE AMBROISE ),"47,7727200000"," -3,3477800000",1,1,2,1956.0,5,1,8,-1,B01,1,0,2,8,13,5,3, 724,0.0,,2,2,0,1,1,1,0,1,30,child
202100050883,18,2,2021,0 days 14:30:00,1,56,56098,2,1,1,6,CROIZAT ( AVE AMBROISE ),"47,7727200000"," -3,3477800000",1,4,1,2009.0,5,2,0,-1,B01,1,0,2,8,13,5,3, 724,0.0,,2,2,0,1,1,1,0,1,30,adult
202100050897,18,2,2021,0 days 17:26:00,1,37,37214,2,6,1,6,DE GAULLE (BD CHARLES),"47,4198470865","0,6632995606",1,1,1,1953.0,5,1,0,-1,C01,2,0,2,7,19,5,4,DE GAULLE (BD CHARLES),0.0,,2,4,0,1,1,2,0,1,50,child
202100050897,18,2,2021,0 days 17:26:00,1,37,37214,2,6,1,6,DE GAULLE (BD CHARLES),"47,4198470865","0,6632995606",1,3,2,1978.0,3,8,0,-1,C01,2,0,2,7,19,5,4,DE GAULLE (BD CHARLES),0.0,,2,4,0,1,1,2,0,1,50,adult
202100050897,18,2,2021,0 days 17:26:00,1,37,37214,2,6,1,6,DE GAULLE (BD CHARLES),"47,4198470865","0,6632995606",1,1,2,1983.0,1,1,0,-1,C01,2,0,2,7,19,5,4,DE GAULLE (BD CHARLES),0.0,,2,4,0,1,1,2,0,1,50,adult
202100050961,20,2,2021,0 days 10:24:00,1,57,57708,1,1,7,2,D913,"49,0221950000","6,1987780000",1,1,2,1935.0,0,8,-1,-1,B01,1,0,2,4,2,5,3,913,0.0,,2,3,0,3,1,1,0,1,90,child
202100050961,20,2,2021,0 days 10:24:00,1,57,57708,1,1,7,2,D913,"49,0221950000","6,1987780000",1,4,1,1980.0,5,2,-1,-1,B01,1,0,2,4,2,5,3,913,0.0,,2,3,0,3,1,1,0,1,90,adult
202100050979,19,2,2021,0 days 17:30:00,1,21,21127,1,1,7,3,RD 105,"47,4788920000","5,0769170000",1,4,1,1966.0,5,0,-1,-1,B01,2,0,2,8,1,5,3,105,0.0,,2,2,0,1,1,1,0,3,80,child
202100050979,19,2,2021,0 days 17:30:00,1,21,21127,1,1,7,3,RD 105,"47,4788920000","5,0769170000",1,1,1,2001.0,0,1,-1,-1,B01,2,0,2,8,1,5,3,105,0.0,,2,2,0,1,1,1,0,3,80,adult
202100051019,18,2,2021,0 days 08:20:00,1,69,69384,2,2,1,3,ARTAUD (R),"45,7809477486","4,8366073966",1,1,1,1949.0,5,1,-1,-1,B01,1,0,2,8,1,5,4,ARTAUD                              (R ),0.0,,1,1,0,1,1,1,0,1,20,child
202100051019,18,2,2021,0 days 08:20:00,1,69,69384,2,2,1,3,ARTAUD (R),"45,7809477486","4,8366073966",1,4,1,1991.0,1,8,-1,-1,B01,1,0,2,8,1,5,4,ARTAUD                              (R ),0.0,,1,1,0,1,1,1,0,1,20,adult