Num_Acc,jour,mois,an,hrmn,lum,dep,com,agg,int,atm,col,adr,lat,long,catu,grav,sexe,an_nais,trajet,secu1,secu2,secu3,num_veh_y,senc,obs,obsm,choc,manv,motor,catr,voie,v1,v2,circ,nbv,vosp,prof,plan,surf,infra,situ,vma,age
202100051056,18,2,2021,0 days 13:42:00,1,37,37261,2,3,2,6,PROUDHON (AVENUE),"47,3953441487","0,6744202673",1,1,1,1968.0,2,1,-1,-1,B01,2,0,2,1,25,5,4,PROUDHON (AVENUE),0.0,,2,2,2,1,1,3,9,4,50,child
202100051056,18,2,2021,0 days 13:42:00,1,37,37261,2,3,2,6,PROUDHON (AVENUE),"47,3953441487","0,6744202673",1,4,1,2011.0,2,8,0,-1,B01,2,0,2,1,25,5,4,PROUDHON (AVENUE),0.0,,2,2,2,1,1,3,9,4,50,adult
202100051092,18,2,2021,0 days 13:10:00,1,93,93071,2,3,2,3,JOHN F. KENNEDY (AVENUE),"48,9364629115","2,5148877095",1,4,1,1962.0,5,8,0,-1,B01,1,0,2,6,19,5,3,JOHN F. KENNEDY (AVENUE),0.0,,3,2,1,1,1,2,0,5,50,child
202100051092,18,2,2021,0 days 13:10:00,1,93,93071,2,3,2,3,JOHN F. KENNEDY (AVENUE),"48,9364629115","2,5148877095",1,1,2,2001.0,0,8,0,-1,B01,1,0,2,6,19,5,3,JOHN F. KENNEDY (AVENUE),0.0,,3,2,1,1,1,2,0,5,50,adult
202100051109,18,2,2021,0 days 09:00:00,1,10,10115,1,1,1,2,Rd 172,"48,3186550000","4,1290520000",1,3,1,1953.0,5,2,-1,-1,B01,2,0,2,4,2,5,3,172,-1.0,,2,2,0,1,1,1,0,1,80,child
202100051109,18,2,2021,0 days 09:00:00,1,10,10115,1,1,1,2,Rd 172,"48,3186550000","4,1290520000",1,1,2,1987.0,1,8,-1,-1,B01,2,0,2,4,2,5,3,172,-1.0,,2,2,0,1,1,1,0,1,80,adult
202100051162,16,2,2021,0 days 14:22:00,1,66,66136,2,1,1,7,LANGUEDOC (AVENUE DU CD 88),"42,7310700000","2,8893400000",1,4,1,1955.0,0,8,8,-1,B01,0,1,0,8,21,0,4,LANGUEDOC (AVENUE DU CD 88),0.0,,2,2,0,1,1,1,0,1,50,child
202100051162,16,2,2021,0 days 14:22:00,1,66,66136,2,1,1,7,LANGUEDOC (AVENUE DU CD 88),"42,7310700000","2,8893400000",1,1,1,1980.0,0,1,8,-1,B01,0,1,0,8,21,0,4,LANGUEDOC (AVENUE DU CD 88),0.0,,2,2,0,1,1,1,0,1,50,adult
202100051167,17,2,2021,0 days 18:45:00,2,35,35051,2,9,1,7,RIGOURDIERE (RUE DE LA),"48,1146000000"," -1,5919400000",1,1,1,1961.0,5,1,0,-1,B01,3,0,2,0,0,0,4,RIGOURDIERE (RUE DE LA),0.0,,2,2,0,1,1,1,5,1,50,child
202100051167,17,2,2021,0 days 18:45:00,2,35,35051,2,9,1,7,RIGOURDIERE (RUE DE LA),"48,1146000000"," -1,5919400000",2,1,1,1976.0,5,1,0,-1,B01,3,0,2,0,0,0,4,RIGOURDIERE (RUE DE LA),0.0,,2,2,0,1,1,1,5,1,50,adult
202100051167,17,2,2021,0 days 18:45:00,2,35,35051,2,9,1,7,RIGOURDIERE (RUE DE LA),"48,1146000000"," -1,5919400000",1,4,1,1992.0,0,2,8,-1,B01,3,0,2,0,0,0,4,RIGOURDIERE (RUE DE LA),0.0,,2,2,0,1,1,1,5,1,50,adult
202100051181,17,2,2021,0 days 17:55:00,2,75,75120,2,1,1,6,RUE ETIENNE DOLET,"48,8677970000","2,3843070000",3,4,2,1954.0,5,0,-1,-1,A01,2,0,1,7,1,5,4,RUE ETIENNE DOLET,0.0,,1,1,1,1,1,1,-1,5,50,child
202100051181,17,2,2021,0 days 17:55:00,2,75,75120,2,1,1,6,RUE ETIENNE DOLET,"48,8677970000","2,3843070000",1,1,1,1999.0,4,8,0,-1,A01,2,0,1,7,1,5,4,RUE ETIENNE DOLET,0.0,,1,1,1,1,1,1,-1,5,50,adult
202100051242,17,2,2021,0 days 10:55:00,1,83,83035,1,1,1,3,Route des Hauts du Camp,"43,2495870000","5,7862810000",1,3,1,1948.0,5,2,-1,-1,B01,2,0,2,0,1,5,3,8,-1.0,,2,2,0,1,1,1,5,1,70,child
202100051242,17,2,2021,0 days 10:55:00,1,83,83035,1,1,1,3,Route des Hauts du Camp,"43,2495870000","5,7862810000",1,1,1,1970.0,5,1,-1,-1,B01,2,0,2,0,1,5,3,8,-1.0,,2,2,0,1,1,1,5,1,70,adult
202100051248,18,2,2021,0 days 15:35:00,1,14,14488,2,6,7,3,Route de Saint Aubin d'Arquenay,"49,2716760000"," -0,2647980000",1,4,1,1948.0,5,0,-1,-1,B01,1,0,2,5,1,5,3,514,-1.0,,2,2,0,1,1,1,5,1,50,child
202100051248,18,2,2021,0 days 15:35:00,1,14,14488,2,6,7,3,Route de Saint Aubin d'Arquenay,"49,2716760000"," -0,2647980000",1,1,1,1971.0,0,1,-1,-1,B01,1,0,2,5,1,5,3,514,-1.0,,2,2,0,1,1,1,5,1,50,adult
202100051401,15,2,2021,0 days 09:00:00,1,83,83069,1,9,1,1,ALMANARRE (ROUTE DE L'),"43,0958000000","6,1315000000",1,3,1,1963.0,0,2,6,-1,B01,1,0,9,1,26,5,7,ALMANARRE (ROUTE DE L'),0.0,,2,2,2,1,3,1,9,5,70,child
202100051401,15,2,2021,0 days 09:00:00,1,83,83069,1,9,1,1,ALMANARRE (ROUTE DE L'),"43,0958000000","6,1315000000",1,3,1,2003.0,0,8,8,-1,B01,1,0,9,1,26,5,7,ALMANARRE (ROUTE DE L'),0.0,,2,2,2,1,3,1,9,5,70,adult
202100051428,15,2,2021,0 days 10:40:00,1,54,54304,2,2,2,3,EUROPE (AVENUE DE L'),"48,6803382887","6,1535785389",1,1,1,1979.0,0,1,0,-1,A01,1,0,2,7,1,5,4,EUROPE (AVENUE DE L'),0.0,,2,-1,0,1,1,2,0,1,50,child
202100051428,15,2,2021,0 days 10:40:00,1,54,54304,2,2,2,3,EUROPE (AVENUE DE L'),"48,6803382887","6,1535785389",1,3,1,1984.0,0,2,0,-1,A01,1,0,2,7,1,5,4,EUROPE (AVENUE DE L'),0.0,,2,-1,0,1,1,2,0,1,50,adult
202100051428,15,2,2021,0 days 10:40:00,1,54,54304,2,2,2,3,EUROPE (AVENUE DE L'),"48,6803382887","6,1535785389",2,1,1,2009.0,0,1,0,-1,A01,1,0,2,7,1,5,4,EUROPE (AVENUE DE L'),0.0,,2,-1,0,1,1,2,0,1,50,adult
202100051514,13,2,2021,0 days 10:30:00,1,13,13002,1,1,1,3,DES TERMES (ROUTE) RD 908,"43,3663100000","5,5036900000",1,4,1,1972.0,5,8,8,-1,B01,1,0,2,1,1,0,7,DES TERMES (ROUTE) RD 908,0.0,,2,2,1,4,3,8,0,1,70,child
202100051514,13,2,2021,0 days 10:30:00,1,13,13002,1,1,1,3,DES TERMES (ROUTE) RD 908,"43,3663100000","5,5036900000",1,4,1,2002.0,1,2,8,-1,B01,1,0,2,1,1,0,7,DES TERMES (ROUTE) RD 908,0.0,,2,2,1,4,3,8,0,1,70,adult
202100051517,14,2,2021,0 days 11:30:00,1,06,06088,1,3,1,5,CORNICHE FLEURIE (AV. DE LA),"43,6847650000","7,2094460000",1,1,1,1958.0,5,1,0,0,C01,2,0,2,1,1,5,4,CAPPATTI (AV. LOUIS),0.0,,2,-1,0,1,1,1,0,1,50,child
202100051517,14,2,2021,0 days 11:30:00,1,06,06088,1,3,1,5,CORNICHE FLEURIE (AV. DE LA),"43,6847650000","7,2094460000",1,1,2,1971.0,5,1,0,0,C01,2,0,2,1,1,5,4,CAPPATTI (AV. LOUIS),0.0,,2,-1,0,1,1,1,0,1,50,adult
202100051517,14,2,2021,0 days 11:30:00,1,06,06088,1,3,1,5,CORNICHE FLEURIE (AV. DE LA),"43,6847650000","7,2094460000",1,4,1,2007.0,5,2,6,-1,C01,2,0,2,1,1,5,4,CAPPATTI (AV. LOUIS),0.0,,2,-1,0,1,1,1,0,1,50,adult
202100051521,13,2,2021,0 days 13:45:00,1,75,75108,2,2,1,3,RUE DE LA VILLE L EVEQUE,"48,8711620000","2,3216420000",1,1,1,1953.0,9,1,0,-1,B01,3,0,2,1,5,5,4,RUE DE LA VILLE L EVEQUE,0.0,,1,1,0,1,1,1,0,1,30,child
202100051521,13,2,2021,0 days 13:45:00,1,75,75108,2,2,1,3,RUE DE LA VILLE L EVEQUE,"48,8711620000","2,3216420000",1,4,1,1987.0,1,8,0,-1,B01,3,0,2,1,5,5,4,RUE DE LA VILLE L EVEQUE,0.0,,1,1,0,1,1,1,0,1,30,adult
202100051521,13,2,2021,0 days 13:45:00,1,75,75108,2,2,1,3,RUE DE LA VILLE L EVEQUE,"48,8711620000","2,3216420000",2,1,2,1997.0,9,1,0,-1,B01,3,0,2,1,5,5,4,RUE DE LA VILLE L EVEQUE,0.0,,1,1,0,1,1,1,0,1,30,adult
202100051611,14,2,2021,0 days 15:14:00,1,54,54089,1,1,7,2,Route Departementale 913,"48,7592442681","6,2541818620",1,4,2,1947.0,5,1,-1,-1,B01,1,0,2,4,1,5,3,913,-1.0,,2,2,0,1,1,1,0,1,80,child
202100051611,14,2,2021,0 days 15:14:00,1,54,54089,1,1,7,2,Route Departementale 913,"48,7592442681","6,2541818620",1,4,1,1988.0,5,2,4,9,B01,1,0,2,4,1,5,3,913,-1.0,,2,2,0,1,1,1,0,1,80,adult
202100051656,12,2,2021,0 days 17:35:00,1,90,90099,2,3,9,3,PASTEUR (RUE),"47,6634600000","6,8411900000",1,1,2,1989.0,0,1,0,-1,B01,1,0,2,4,0,5,4,PASTEUR (RUE),0.0,,1,0,0,1,1,7,0,1,20,child
202100051656,12,2,2021,0 days 17:35:00,1,90,90099,2,3,9,3,PASTEUR (RUE),"47,6634600000","6,8411900000",1,3,1,2000.0,0,8,0,-1,B01,1,0,2,4,0,5,4,PASTEUR (RUE),0.0,,1,0,0,1,1,7,0,1,20,adult
202100051656,12,2,2021,0 days 17:35:00,1,90,90099,2,3,9,3,PASTEUR (RUE),"47,6634600000","6,8411900000",2,1,1,2011.0,0,1,0,-1,B01,1,0,2,4,0,5,4,PASTEUR (RUE),0.0,,1,0,0,1,1,7,0,1,20,adult
202100051656,12,2,2021,0 days 17:35:00,1,90,90099,2,3,9,3,PASTEUR (RUE),"47,6634600000","6,8411900000",2,1,1,2018.0,0,3,0,-1,B01,1,0,2,4,0,5,4,PASTEUR (RUE),0.0,,1,0,0,1,1,7,0,1,20,adult
202100051656,12,2,2021,0 days 17:35:00,1,90,90099,2,3,9,3,PASTEUR (RUE),"47,6634600000","6,8411900000",2,1,1,2019.0,0,3,0,-1,B01,1,0,2,4,0,5,4,PASTEUR (RUE),0.0,,1,0,0,1,1,7,0,1,20,adult
202100051663,12,2,2021,0 days 08:00:00,1,78,78481,2,1,9,3,JEAN JAURES (AVENUE),"48,8979710000","2,1113720000",1,1,1,1967.0,4,1,0,-1,B01,1,0,2,8,18,5,3,JEAN JAURES (AVENUE),0.0,,1,4,0,1,1,1,0,1,50,child
202100051663,12,2,2021,0 days 08:00:00,1,78,78481,2,1,9,3,JEAN JAURES (AVENUE),"48,8979710000","2,1113720000",1,4,1,1998.0,1,8,0,-1,B01,1,0,2,8,18,5,3,JEAN JAURES (AVENUE),0.0,,1,4,0,1,1,1,0,1,50,adult
202100051696,12,2,2021,0 days 22:20:00,5,13,13210,2,1,2,3,BONNEFOY (RUE),"43,2802900000","5,4001200000",1,1,2,1974.0,1,1,0,-1,B01,2,0,2,8,15,5,4,BONNEFOY (RUE),0.0,,2,2,0,1,1,2,0,1,50,child
202100051696,12,2,2021,0 days 22:20:00,5,13,13210,2,1,2,3,BONNEFOY (RUE),"43,2802900000","5,4001200000",1,4,1,2006.0,5,8,0,-1,B01,2,0,2,8,15,5,4,BONNEFOY (RUE),0.0,,2,2,0,1,1,2,0,1,50,adult
202100051711,11,2,2021,0 days 21:42:00,5,75,75103,2,2,1,3,RUE DES FRANCS BOURGEOIS,"48,8564670000","2,3643080000",1,1,1,1964.0,9,1,0,-1,B01,2,0,2,1,1,5,4,RUE DES FRANCS BOURGEOIS,0.0,,1,1,0,2,1,1,0,1,50,child
202100051711,11,2,2021,0 days 21:42:00,5,75,75103,2,2,1,3,RUE DES FRANCS BOURGEOIS,"48,8564670000","2,3643080000",1,4,1,1995.0,4,8,0,-1,B01,2,0,2,1,1,5,4,RUE DES FRANCS BOURGEOIS,0.0,,1,1,0,2,1,1,0,1,50,adult
202100051717,11,2,2021,0 days 12:50:00,1,94,94069,2,2,1,3,Av du Mal de Lattre de Tassigny,"48,8240920000","2,4199190000",1,1,1,1962.0,4,1,0,-1,B01,1,0,2,8,1,5,3,MARECHAL DE LATTRE DE TASSIGNY (AV),0.0,,2,8,0,1,1,1,0,1,50,child
202100051717,11,2,2021,0 days 12:50:00,1,94,94069,2,2,1,3,Av du Mal de Lattre de Tassigny,"48,8240920000","2,4199190000",1,4,2,1996.0,0,8,0,-1,B01,1,0,2,8,1,5,3,MARECHAL DE LATTRE DE TASSIGNY (AV),0.0,,2,8,0,1,1,1,0,1,50,adult
202100051809,11,2,2021,0 days 09:25:00,1,13,13201,2,1,1,3,JEAN DE BERNARDY (RUE),"43,3027913828","5,3896565314",3,4,2,1941.0,3,0,-1,-1,A01,1,1,0,1,1,6,4,JEAN DE BERNARDY (RUE),0.0,,-1,1,0,1,1,1,0,1,50,child
202100051809,11,2,2021,0 days 09:25:00,1,13,13201,2,1,1,3,JEAN DE BERNARDY (RUE),"43,3027913828","5,3896565314",1,1,1,1995.0,1,8,0,-1,A01,1,1,0,1,1,6,4,JEAN DE BERNARDY (RUE),0.0,,-1,1,0,1,1,1,0,1,50,adult
202100051843,11,2,2021,0 days 12:00:00,1,33,33108,2,2,1,3,36 Rue du Champ de Foire,"44,8529940000"," -0,0476120000",1,1,1,1975.0,3,1,-1,-1,B01,3,0,2,1,1,5,4,,-1.0,,2,2,0,1,1,1,0,1,50,child
202100051843,11,2,2021,0 days 12:00:00,1,33,33108,2,2,1,3,36 Rue du Champ de Foire,"44,8529940000"," -0,0476120000",1,3,1,2002.0,5,0,-1,-1,B01,3,0,2,1,1,5,4,,-1.0,,2,2,0,1,1,1,0,1,50,adult
202100051859,12,2,2021,0 days 08:10:00,2,66,66108,2,1,2,3,19 Avenue Jean Jaurés,"42,6912040000","2,6997760000",1,1,2,1977.0,1,1,-1,-1,B01,2,0,2,7,19,5,3,916,0.0,,1,1,0,1,1,2,0,1,50,child
202100051859,12,2,2021,0 days 08:10:00,2,66,66108,2,1,2,3,19 Avenue Jean Jaurés,"42,6912040000","2,6997760000",1,3,1,2008.0,2,0,-1,-1,B01,2,0,2,7,19,5,3,916,0.0,,1,1,0,1,1,2,0,1,50,adult
202100051860,5,2,2021,0 days 15:15:00,1,83,83127,2,1,1,1,Rue du Lotissement des Cigales,"43,2909590000","5,8714740000",1,4,2,1971.0,5,0,-1,-1,A01,0,0,2,2,14,5,4,,-1.0,,2,2,0,1,1,1,0,1,-1,child
202100051860,5,2,2021,0 days 15:15:00,1,83,83127,2,1,1,1,Rue du Lotissement des Cigales,"43,2909590000","5,8714740000",1,1,1,1998.0,4,8,-1,-1,A01,0,0,2,2,14,5,4,,-1.0,,2,2,0,1,1,1,0,1,-1,adult
202100051865,12,2,2021,0 days 07:00:00,5,07,07323,2,3,1,3,Rue du Moulin de l'Aure,"44,8977940000","4,8192160000",1,1,1,1943.0,0,1,-1,-1,B01,0,0,2,8,1,5,3,279,0.0,,2,2,0,2,1,1,5,1,50,child
202100051865,12,2,2021,0 days 07:00:00,5,07,07323,2,3,1,3,Rue du Moulin de l'Aure,"44,8977940000","4,8192160000",1,3,1,1973.0,1,2,9,-1,B01,0,0,2,8,1,5,3,279,0.0,,2,2,0,2,1,1,5,1,50,adult
202100051901,9,2,2021,0 days 07:55:00,1,49,49246,2,1,1,6,PYRAMIDE PLACE ET ROUTE,"47,4512100000"," -0,5202100000",1,1,1,1946.0,0,1,0,-1,A01,3,0,2,1,9,5,4,PYRAMIDE PLACE ET ROUTE,0.0,,2,2,0,1,1,1,0,1,50,child
202100051901,9,2,2021,0 days 07:55:00,1,49,49246,2,1,1,6,PYRAMIDE PLACE ET ROUTE,"47,4512100000"," -0,5202100000",1,4,1,1995.0,0,8,0,-1,A01,3,0,2,1,9,5,4,PYRAMIDE PLACE ET ROUTE,0.0,,2,2,0,1,1,1,0,1,50,adult
202100051924,9,2,2021,0 days 20:05:00,4,75,75115,2,4,1,1,RUE DES MORILLONS,"48,8328030000","2,3004950000",1,3,2,1959.0,1,8,0,-1,A01,1,0,2,1,1,5,4,RUE DES MORILLONS,0.0,,2,2,0,1,1,1,0,1,50,child
202100051924,9,2,2021,0 days 20:05:00,4,75,75115,2,4,1,1,RUE DES MORILLONS,"48,8328030000","2,3004950000",1,1,1,1984.0,9,8,0,0,A01,1,0,2,1,1,5,4,RUE DES MORILLONS,0.0,,2,2,0,1,1,1,0,1,50,adult
202100052003,31,1,2021,0 days 11:20:00,1,70,70550,2,1,2,6,SAINT LOUP (RUE DE),"47,6379000000","6,1657900000",3,3,1,1930.0,5,0,-1,-1,B01,2,0,2,1,1,5,4,SAINT LOUP (RUE DE),0.0,,2,2,0,2,1,2,0,1,50,child
202100052003,31,1,2021,0 days 11:20:00,1,70,70550,2,1,2,6,SAINT LOUP (RUE DE),"47,6379000000","6,1657900000",1,4,1,1960.0,5,2,8,-1,B01,2,0,2,1,1,5,4,SAINT LOUP (RUE DE),0.0,,2,2,0,2,1,2,0,1,50,adult
202100052003,31,1,2021,0 days 11:20:00,1,70,70550,2,1,2,6,SAINT LOUP (RUE DE),"47,6379000000","6,1657900000",1,4,1,1961.0,5,2,8,-1,B01,2,0,2,1,1,5,4,SAINT LOUP (RUE DE),0.0,,2,2,0,2,1,2,0,1,50,adult
202100052010,9,2,2021,0 days 17:20:00,2,51,51454,2,2,1,6,Avenue d’Epernay,"49,2368645961","4,0138556044",1,1,2,1968.0,0,1,-1,-1,B01,2,0,2,1,2,5,4,EPERNAY (AVENUE D') COTE IMPAIR,0.0,,2,2,0,1,1,1,0,1,50,child
202100052010,9,2,2021,0 days 17:20:00,2,51,51454,2,2,1,6,Avenue d’Epernay,"49,2368645961","4,0138556044",2,1,2,1983.0,0,1,-1,-1,B01,2,0,2,1,2,5,4,EPERNAY (AVENUE D') COTE IMPAIR,0.0,,2,2,0,1,1,1,0,1,50,adult
202100052010,9,2,2021,0 days 17:20:00,2,51,51454,2,2,1,6,Avenue d’Epernay,"49,2368645961","4,0138556044",1,4,1,1990.0,1,8,-1,-1,B01,2,0,2,1,2,5,4,EPERNAY (AVENUE D') COTE IMPAIR,0.0,,2,2,0,1,1,1,0,1,50,adult
202100052015,9,2,2021,0 days 15:00:00,1,33,33281,2,3,3,3,Avenue du Truc,"44,8492900000"," -0,6545000000",1,3,1,1939.0,0,8,-1,-1,B01,1,0,2,1,1,0,4,AVE DU TRUC,0.0,,2,2,2,1,1,2,0,5,50,child
202100052015,9,2,2021,0 days 15:00:00,1,33,33281,2,3,3,3,Avenue du Truc,"44,8492900000"," -0,6545000000",1,1,1,1993.0,1,1,-1,-1,B01,1,0,2,1,1,0,4,AVE DU TRUC,0.0,,2,2,2,1,1,2,0,5,50,adult
202100052047,7,2,2021,0 days 13:45:00,1,94,94076,2,2,2,3,PAUL VAILLANT COUTURIER (AV),"48,7945200000","2,3582720000",1,1,2,1969.0,0,1,0,-1,B01,2,0,2,1,1,5,3,PAUL VAILLANT COUTURIER (AV),0.0,,2,2,2,1,1,2,0,1,50,child
202100052047,7,2,2021,0 days 13:45:00,1,94,94076,2,2,2,3,PAUL VAILLANT COUTURIER (AV),"48,7945200000","2,3582720000",1,4,1,1997.0,0,2,0,-1,B01,2,0,2,1,1,5,3,PAUL VAILLANT COUTURIER (AV),0.0,,2,2,2,1,1,2,0,1,50,adult
202100052071,10,2,2021,0 days 10:45:00,1,06,06023,1,1,1,2,Route de l'Aigara,"43,9474430000","7,5187680000",1,4,1,1954.0,5,2,6,9,B01,1,0,0,4,2,5,3,6204,0.0,,2,2,0,1,1,1,0,1,50,child
202100052071,10,2,2021,0 days 10:45:00,1,06,06023,1,1,1,2,Route de l'Aigara,"43,9474430000","7,5187680000",1,1,1,2000.0,5,1,0,0,B01,1,0,0,4,2,5,3,6204,0.0,,2,2,0,1,1,1,0,1,50,adult
202100052143,8,2,2021,0 days 20:05:00,5,75,75111,2,2,1,3,RUE DU CHEMIN VERT,"48,8611060000","2,3811580000",1,4,2,1968.0,1,8,8,-1,B01,2,0,2,3,1,5,4,RUE DU CHEMIN VERT,0.0,,1,1,0,1,1,1,0,1,30,child
202100052143,8,2,2021,0 days 20:05:00,5,75,75111,2,2,1,3,RUE DU CHEMIN VERT,"48,8611060000","2,3811580000",1,1,1,2002.0,4,2,0,-1,B01,2,0,2,3,1,5,4,RUE DU CHEMIN VERT,0.0,,1,1,0,1,1,1,0,1,30,adult
202100052265,8,2,2021,0 days 11:30:00,1,26,26277,1,3,8,3,Route d’Autichamp,"44,6886100000","4,9445440000",1,3,1,1946.0,5,0,-1,-1,B01,2,0,2,1,15,5,3,166,0.0,,2,2,0,2,1,1,0,1,80,child
202100052265,8,2,2021,0 days 11:30:00,1,26,26277,1,3,8,3,Route d’Autichamp,"44,6886100000","4,9445440000",1,1,1,1978.0,4,1,-1,-1,B01,2,0,2,1,15,5,3,166,0.0,,2,2,0,2,1,1,0,1,80,adult
202100052292,6,2,2021,0 days 14:35:00,1,69,69382,2,2,8,3,BAYARD (CR),"45,7439500000","4,8210300000",1,1,1,1935.0,5,8,-1,-1,B01,1,0,2,8,2,5,4,BAYARD                              (CO),0.0,,2,2,0,1,1,1,0,1,30,child
202100052292,6,2,2021,0 days 14:35:00,1,69,69382,2,2,8,3,BAYARD (CR),"45,7439500000","4,8210300000",1,4,1,1998.0,5,8,-1,-1,B01,1,0,2,8,2,5,4,BAYARD                              (CO),0.0,,2,2,0,1,1,1,0,1,30,adult
202100052298,6,2,2021,0 days 14:40:00,1,77,77258,2,3,3,3,TOUR D'AUVERGNE (RUE DE LA),"48,8403730000","2,6487670000",1,1,1,1948.0,5,8,0,-1,B01,3,0,2,7,0,6,4,TOUR D'AUVERGNE (RUE DE LA),0.0,,2,2,0,1,1,2,6,1,50,child
202100052298,6,2,2021,0 days 14:40:00,1,77,77258,2,3,3,3,TOUR D'AUVERGNE (RUE DE LA),"48,8403730000","2,6487670000",1,4,1,1974.0,5,8,0,-1,B01,3,0,2,7,0,6,4,TOUR D'AUVERGNE (RUE DE LA),0.0,,2,2,0,1,1,2,6,1,50,adult
202100052310,5,2,2021,0 days 20:05:00,5,51,51454,2,1,1,1,Rue de Vesle,"49,2534281470","4,0287633484",1,1,1,1972.0,4,1,-1,-1,A01,2,0,4,1,13,5,4,VESLE (RUE),0.0,,2,2,3,1,1,1,-1,6,30,child
202100052310,5,2,2021,0 days 20:05:00,5,51,51454,2,1,1,1,Rue de Vesle,"49,2534281470","4,0287633484",1,3,1,1996.0,0,8,6,-1,A01,2,0,4,1,13,5,4,VESLE (RUE),0.0,,2,2,3,1,1,1,-1,6,30,adult
202100052315,5,2,2021,0 days 17:30:00,1,34,34172,2,1,1,3,SAINT MAURICE DE SAURET (AVENUE),"43,6204070215","3,8927329112",1,1,2,1962.0,0,8,8,-1,B01,2,0,2,1,19,5,4,SAINT MAURICE DE SAURET (AVENUE),0.0,,2,2,0,1,2,1,0,1,50,child
202100052315,5,2,2021,0 days 17:30:00,1,34,34172,2,1,1,3,SAINT MAURICE DE SAURET (AVENUE),"43,6204070215","3,8927329112",1,3,1,2000.0,2,8,0,-1,B01,2,0,2,1,19,5,4,SAINT MAURICE DE SAURET (AVENUE),0.0,,2,2,0,1,2,1,0,1,50,adult
202100052374,5,2,2021,0 days 14:15:00,1,974,97416,2,6,1,3,BANK (BOULEVARD)," -21,3307300000","55,4748100000",1,1,1,1964.0,9,1,8,-1,B01,1,0,2,1,1,5,4,BANK (BOULEVARD),0.0,,1,2,0,1,2,1,0,1,30,child
202100052374,5,2,2021,0 days 14:15:00,1,974,97416,2,6,1,3,BANK (BOULEVARD)," -21,3307300000","55,4748100000",1,3,1,1991.0,9,2,0,-1,B01,1,0,2,1,1,5,4,BANK (BOULEVARD),0.0,,1,2,0,1,2,1,0,1,30,adult
202100052374,5,2,2021,0 days 14:15:00,1,974,97416,2,6,1,3,BANK (BOULEVARD)," -21,3307300000","55,4748100000",2,1,2,1995.0,9,1,0,-1,B01,1,0,2,1,1,5,4,BANK (BOULEVARD),0.0,,1,2,0,1,2,1,0,1,30,adult
202100052374,5,2,2021,0 days 14:15:00,1,974,97416,2,6,1,3,BANK (BOULEVARD)," -21,3307300000","55,4748100000",2,1,1,2002.0,0,1,0,-1,B01,1,0,2,1,1,5,4,BANK (BOULEVARD),0.0,,1,2,0,1,2,1,0,1,30,adult
202100052374,5,2,2021,0 days 14:15:00,1,974,97416,2,6,1,3,BANK (BOULEVARD)," -21,3307300000","55,4748100000",2,1,2,2015.0,0,1,0,-1,B01,1,0,2,1,1,5,4,BANK (BOULEVARD),0.0,,1,2,0,1,2,1,0,1,30,adult
202100052378,5,2,2021,0 days 16:25:00,1,69,69387,2,1,8,3,JEAN JAURES (AV),"45,7515068732","4,8456400037",1,1,1,1947.0,9,1,8,-1,B01,1,0,2,1,7,0,4,,0.0,,2,4,1,1,1,1,0,1,50,child
202100052378,5,2,2021,0 days 16:25:00,1,69,69387,2,1,8,3,JEAN JAURES (AV),"45,7515068732","4,8456400037",1,4,1,2001.0,0,2,0,-1,B01,1,0,2,1,7,0,4,,0.0,,2,4,1,1,1,1,0,1,50,adult
202100052409,4,2,2021,0 days 15:55:00,1,71,71076,2,1,1,3,PARIS (AVENUE DE),"46,7900900000","4,8503400000",1,3,2,1935.0,9,8,0,-1,B01,1,0,2,1,15,5,4,PARIS (AVENUE DE),0.0,,3,2,2,1,1,1,-1,1,50,child
202100052409,4,2,2021,0 days 15:55:00,1,71,71076,2,1,1,3,PARIS (AVENUE DE),"46,7900900000","4,8503400000",1,1,1,1969.0,5,8,0,-1,B01,1,0,2,1,15,5,4,PARIS (AVENUE DE),0.0,,3,2,2,1,1,1,-1,1,50,adult
202100052417,3,2,2021,0 days 17:28:00,1,64,64445,2,1,1,6,BENGHOZI AUDREY,"43,3190000000"," -0,3663000000",1,4,1,1950.0,5,2,8,-1,A01,1,0,1,1,1,5,4,BENGHOZI AUDREY,0.0,,1,2,2,1,1,1,0,5,50,child
202100052417,3,2,2021,0 days 17:28:00,1,64,64445,2,1,1,6,BENGHOZI AUDREY,"43,3190000000"," -0,3663000000",3,4,1,2002.0,5,0,-1,-1,A01,1,0,1,1,1,5,4,BENGHOZI AUDREY,0.0,,1,2,2,1,1,1,0,5,50,adult
202100052420,4,2,2021,0 days 07:55:00,5,56,56121,2,1,3,3,BOLLARDIERE (RUE  GENERAL DE ),"47,7552700000"," -3,3917500000",1,1,2,1970.0,0,1,8,-1,B01,3,0,2,8,19,5,4,BOLLARDIERE (RUE  GENERAL DE ),0.0,,2,2,0,2,1,2,0,1,30,child
202100052420,4,2,2021,0 days 07:55:00,5,56,56121,2,1,3,3,BOLLARDIERE (RUE  GENERAL DE ),"47,7552700000"," -3,3917500000",1,4,1,2009.0,2,8,0,-1,B01,3,0,2,8,19,5,4,BOLLARDIERE (RUE  GENERAL DE ),0.0,,2,2,0,2,1,2,0,1,30,adult