Num_Acc,jour,mois,an,hrmn,lum,dep,com,agg,int,atm,col,adr,lat,long,catu,grav,sexe,an_nais,trajet,secu1,secu2,secu3,num_veh_y,senc,obs,obsm,choc,manv,motor,catr,voie,v1,v2,circ,nbv,vosp,prof,plan,surf,infra,situ,vma,age
202100052449,5,2,2021,0 days 09:55:00,1,10,10333,2,6,2,3,ROBERT GALLEY (RUE),"48,2894900000","4,0676670000",1,1,2,1952.0,1,1,8,-1,B01,3,0,2,5,9,5,4,ROBERT GALLEY (RUE),0.0,,1,2,1,1,2,2,0,5,50,child
202100052449,5,2,2021,0 days 09:55:00,1,10,10333,2,6,2,3,ROBERT GALLEY (RUE),"48,2894900000","4,0676670000",1,4,1,2001.0,2,2,0,-1,B01,3,0,2,5,9,5,4,ROBERT GALLEY (RUE),0.0,,1,2,1,1,2,2,0,5,50,adult
202100052518,3,2,2021,0 days 16:50:00,1,69,69381,2,7,1,1,ROUVILLE                            (PL),"45,7696471011","4,8265071770",1,1,2,1954.0,5,1,-1,-1,B01,1,0,2,1,13,5,4,ROUVILLE                            (PL),0.0,,-1,1,2,2,2,2,0,1,50,child
202100052518,3,2,2021,0 days 16:50:00,1,69,69381,2,7,1,1,ROUVILLE                            (PL),"45,7696471011","4,8265071770",1,4,2,1984.0,0,8,-1,-1,B01,1,0,2,1,13,5,4,ROUVILLE                            (PL),0.0,,-1,1,2,2,2,2,0,1,50,adult
202100052520,3,2,2021,0 days 07:50:00,5,87,87085,2,1,2,6,QUINET (RUE EDGAR),"45,8227000000","1,2400300000",1,4,1,1963.0,1,8,0,-1,A01,1,0,1,1,18,5,4,QUINET (RUE EDGAR),0.0,,2,2,0,1,1,2,0,1,50,child
202100052520,3,2,2021,0 days 07:50:00,5,87,87085,2,1,2,6,QUINET (RUE EDGAR),"45,8227000000","1,2400300000",3,1,2,2010.0,2,8,8,-1,A01,1,0,1,1,18,5,4,QUINET (RUE EDGAR),0.0,,2,2,0,1,1,2,0,1,50,adult
202100052544,4,2,2021,0 days 09:20:00,1,45,45302,2,6,1,3,Rue Henri Ferchaud,"47,9294820470","1,8915119613",1,1,2,1953.0,5,1,0,-1,B01,3,0,2,7,0,5,4,FERCHAUD (RUE HENRI),0.0,,2,2,0,1,1,1,0,1,50,child
202100052544,4,2,2021,0 days 09:20:00,1,45,45302,2,6,1,3,Rue Henri Ferchaud,"47,9294820470","1,8915119613",1,4,2,2000.0,1,8,0,-1,B01,3,0,2,7,0,5,4,FERCHAUD (RUE HENRI),0.0,,2,2,0,1,1,1,0,1,50,adult
202100052549,3,2,2021,0 days 16:05:00,1,31,31483,2,1,1,7,JOFFRE (AVENUE DU MARECHAL),"43,1070900000","0,7201100000",1,1,2,1959.0,0,1,0,-1,A01,1,0,2,0,13,0,3,JOFFRE (AVENUE DU MARECHAL),0.0,,2,2,0,1,1,1,0,1,50,child
202100052549,3,2,2021,0 days 16:05:00,1,31,31483,2,1,1,7,JOFFRE (AVENUE DU MARECHAL),"43,1070900000","0,7201100000",1,4,1,1999.0,0,8,0,-1,A01,1,0,2,0,13,0,3,JOFFRE (AVENUE DU MARECHAL),0.0,,2,2,0,1,1,1,0,1,50,adult
202100052569,4,2,2021,0 days 16:20:00,1,75,75112,2,1,1,6,ROUTE ROYALE DE BEAUTE,"48,8345720000","2,4402550000",3,4,2,1973.0,5,0,-1,-1,A01,3,0,1,1,1,5,4,ROUTE ROYALE DE BEAUTE,0.0,,1,2,2,1,1,1,-1,5,50,child
202100052569,4,2,2021,0 days 16:20:00,1,75,75112,2,1,1,6,ROUTE ROYALE DE BEAUTE,"48,8345720000","2,4402550000",1,1,1,2000.0,5,2,6,-1,A01,3,0,1,1,1,5,4,ROUTE ROYALE DE BEAUTE,0.0,,1,2,2,1,1,1,-1,5,50,adult
202100052570,4,2,2021,0 days 12:12:00,1,75,75111,2,1,1,1,RUE DE LA FOLIE MERICOURT,"48,8680420000","2,3685610000",1,4,1,1964.0,4,2,8,-1,B01,1,0,2,1,13,5,4,RUE DE LA FOLIE MERICOURT,0.0,,1,1,2,1,1,1,0,1,50,child
202100052570,4,2,2021,0 days 12:12:00,1,75,75111,2,1,1,1,RUE DE LA FOLIE MERICOURT,"48,8680420000","2,3685610000",1,1,1,1991.0,4,2,0,-1,B01,1,0,2,1,13,5,4,RUE DE LA FOLIE MERICOURT,0.0,,1,1,2,1,1,1,0,1,50,adult
202100052571,4,2,2021,0 days 13:40:00,1,75,75110,2,3,8,6,RUE ALEXANDRE PARODI,"48,8797980000","2,3655270000",1,1,1,1981.0,5,2,8,-1,A01,2,0,1,7,1,5,4,RUE ALEXANDRE PARODI,0.0,,1,1,0,1,1,1,0,1,50,child
202100052571,4,2,2021,0 days 13:40:00,1,75,75110,2,3,8,6,RUE ALEXANDRE PARODI,"48,8797980000","2,3655270000",3,4,1,2012.0,2,0,-1,-1,A01,2,0,1,7,1,5,4,RUE ALEXANDRE PARODI,0.0,,1,1,0,1,1,1,0,1,50,adult
202100052576,4,2,2021,0 days 21:00:00,5,75,75102,2,1,1,6,BOULEVARD POISSONNIERE,"48,8712380000","2,3445430000",3,4,1,1964.0,9,0,-1,-1,A01,2,0,1,2,1,5,4,BOULEVARD POISSONNIERE,0.0,,2,5,1,1,1,1,-1,5,10,child
202100052576,4,2,2021,0 days 21:00:00,5,75,75102,2,1,1,6,BOULEVARD POISSONNIERE,"48,8712380000","2,3445430000",1,1,1,1998.0,4,8,0,-1,A01,2,0,1,2,1,5,4,BOULEVARD POISSONNIERE,0.0,,2,5,1,1,1,1,-1,5,10,adult
202100052585,4,2,2021,0 days 09:45:00,1,94,94017,2,1,1,6,CHARLES FLOQUET (R),"48,8191700000","2,4824800000",1,4,1,1948.0,0,2,8,-1,B01,2,0,0,0,0,5,3,R CHARLES FLOQUET ,0.0,,2,2,0,1,1,1,8,1,50,child
202100052585,4,2,2021,0 days 09:45:00,1,94,94017,2,1,1,6,CHARLES FLOQUET (R),"48,8191700000","2,4824800000",1,1,1,1994.0,1,1,0,-1,B01,2,0,0,0,0,5,3,R CHARLES FLOQUET ,0.0,,2,2,0,1,1,1,8,1,50,adult
202100052605,5,2,2021,0 days 15:15:00,1,83,83152,1,1,1,3,D27,"43,1659050000","6,4728780000",1,3,1,1961.0,5,2,-1,-1,A01,1,0,2,1,1,5,3,27,-1.0,D,-1,2,0,2,4,1,0,1,80,child
202100052605,5,2,2021,0 days 15:15:00,1,83,83152,1,1,1,3,D27,"43,1659050000","6,4728780000",1,1,1,1991.0,1,1,-1,-1,A01,1,0,2,1,1,5,3,27,-1.0,D,-1,2,0,2,4,1,0,1,80,adult
202100052608,5,2,2021,0 days 12:15:00,1,56,56094,1,1,1,3,D194,"47,7643700000"," -3,3003210000",1,3,1,1942.0,5,2,-1,-1,B01,1,0,2,8,2,5,3,194,-1.0,,2,2,2,1,1,1,0,5,80,child
202100052608,5,2,2021,0 days 12:15:00,1,56,56094,1,1,1,3,D194,"47,7643700000"," -3,3003210000",1,1,2,1989.0,0,1,-1,-1,B01,1,0,2,8,2,5,3,194,-1.0,,2,2,2,1,1,1,0,5,80,adult
202100052618,1,2,2021,0 days 16:25:00,1,21,21663,2,7,1,3,Avenue de la Gare,"47,5429170000","4,4602940000",1,1,2,1948.0,5,8,-1,-1,B01,1,0,2,1,1,5,3,954,-1.0,,2,2,0,1,1,1,0,1,30,child
202100052618,1,2,2021,0 days 16:25:00,1,21,21663,2,7,1,3,Avenue de la Gare,"47,5429170000","4,4602940000",1,4,1,1987.0,4,0,-1,-1,B01,1,0,2,1,1,5,3,954,-1.0,,2,2,0,1,1,1,0,1,30,adult
202100052634,3,2,2021,0 days 10:35:00,1,76,76055,1,2,1,3,D131,"49,6361600000","0,7354900000",1,1,1,1944.0,5,1,-1,-1,A01,2,0,2,1,1,5,3,131,0.0,,2,2,0,1,1,1,0,1,80,child
202100052634,3,2,2021,0 days 10:35:00,1,76,76055,1,2,1,3,D131,"49,6361600000","0,7354900000",1,3,1,1974.0,5,2,-1,-1,A01,2,0,2,1,1,5,3,131,0.0,,2,2,0,1,1,1,0,1,80,adult
202100052653,2,2,2021,0 days 17:20:00,1,86,86194,2,6,2,3,Rue Maxime Dumoulin,"46,5707900000","0,3497500000",1,1,2,1944.0,5,1,0,-1,B01,3,0,2,4,1,5,4,Rue Maxime Dumoulin,0.0,,2,2,0,1,2,2,0,1,2,child
202100052653,2,2,2021,0 days 17:20:00,1,86,86194,2,6,2,3,Rue Maxime Dumoulin,"46,5707900000","0,3497500000",1,4,1,2007.0,2,2,8,-1,B01,3,0,2,4,1,5,4,Rue Maxime Dumoulin,0.0,,2,2,0,1,2,2,0,1,2,adult
202100052670,1,2,2021,0 days 13:45:00,1,50,50129,2,2,8,1,TANNERIES (RUE DES),"49,6323200000"," -1,6234900000",1,1,2,1963.0,1,1,8,-1,A01,0,0,2,1,16,5,4,TANNERIES (RUE DES),0.0,,2,7,0,1,1,1,0,1,50,child
202100052670,1,2,2021,0 days 13:45:00,1,50,50129,2,2,8,1,TANNERIES (RUE DES),"49,6323200000"," -1,6234900000",1,4,1,1991.0,5,8,0,-1,A01,0,0,2,1,16,5,4,TANNERIES (RUE DES),0.0,,2,7,0,1,1,1,0,1,50,adult
202100052676,3,2,2021,0 days 07:50:00,2,37,37261,2,6,8,6,DOUETS (RUE DES),"47,4327695364","0,6859133871",1,1,2,1969.0,5,1,0,-1,B01,1,0,2,1,1,5,4,DOUETS (RUE DES),0.0,,2,4,0,1,1,2,0,1,50,child
202100052676,3,2,2021,0 days 07:50:00,2,37,37261,2,6,8,6,DOUETS (RUE DES),"47,4327695364","0,6859133871",1,4,1,2006.0,2,8,8,-1,B01,1,0,2,1,1,5,4,DOUETS (RUE DES),0.0,,2,4,0,1,1,2,0,1,50,adult
202100052692,2,2,2021,0 days 16:20:00,1,75,75113,2,2,1,3,BOULEVARD VINCENT AURIOL,"48,8375740000","2,3736480000",1,1,1,1968.0,9,1,0,-1,B01,1,0,2,7,1,5,4,BOULEVARD VINCENT AURIOL,0.0,,1,2,1,4,1,2,-1,5,50,child
202100052692,2,2,2021,0 days 16:20:00,1,75,75113,2,2,1,3,BOULEVARD VINCENT AURIOL,"48,8375740000","2,3736480000",1,4,1,1994.0,9,8,0,-1,B01,1,0,2,7,1,5,4,BOULEVARD VINCENT AURIOL,0.0,,1,2,1,4,1,2,-1,5,50,adult
202100052696,3,2,2021,0 days 06:10:00,5,94,94054,2,2,2,3,Avenue de la Victoire,"48,7451400000","2,3889500000",1,1,1,1965.0,1,1,0,-1,A01,2,0,2,1,1,5,4,VICTOIRE (AV DE LA),0.0,,2,2,0,1,1,2,0,1,50,child
202100052696,3,2,2021,0 days 06:10:00,5,94,94054,2,2,2,3,Avenue de la Victoire,"48,7451400000","2,3889500000",1,4,1,1998.0,1,0,0,-1,A01,2,0,2,1,1,5,4,VICTOIRE (AV DE LA),0.0,,2,2,0,1,1,2,0,1,50,adult
202100052763,2,2,2021,0 days 17:40:00,1,64,64445,1,1,1,3,BEARN DE,"43,3013400000"," -0,3559900000",1,4,2,1970.0,0,2,0,-1,B01,2,0,2,7,1,0,4,BEARN DE,0.0,,2,2,0,1,1,1,0,1,30,child
202100052763,2,2,2021,0 days 17:40:00,1,64,64445,1,1,1,3,BEARN DE,"43,3013400000"," -0,3559900000",1,1,2,1999.0,0,1,0,-1,B01,2,0,2,7,1,0,4,BEARN DE,0.0,,2,2,0,1,1,1,0,1,30,adult
202100052777,2,2,2021,0 days 11:50:00,1,33,33063,2,2,1,3,Rue Mouneyra,"44,8341000000"," -0,5820500000",1,1,1,1967.0,0,1,-1,-1,B01,1,0,2,2,1,5,4,Rue Mouneyra,0.0,,1,1,0,1,1,1,0,1,50,child
202100052777,2,2,2021,0 days 11:50:00,1,33,33063,2,2,1,3,Rue Mouneyra,"44,8341000000"," -0,5820500000",1,4,1,1992.0,0,8,-1,-1,B01,1,0,2,2,1,5,4,Rue Mouneyra,0.0,,1,1,0,1,1,1,0,1,50,adult
202100052842,10,1,2021,0 days 10:00:00,1,67,67473,1,3,7,3,chemin du moulin,"48,5777290000","7,4832880000",1,1,1,1940.0,3,1,-1,-1,B01,2,0,2,8,1,5,4,,-1.0,,2,2,1,1,3,1,0,1,50,child
202100052842,10,1,2021,0 days 10:00:00,1,67,67473,1,3,7,3,chemin du moulin,"48,5777290000","7,4832880000",1,3,1,1962.0,5,2,-1,-1,B01,2,0,2,8,1,5,4,,-1.0,,2,2,1,1,3,1,0,1,50,adult
202100052864,29,1,2021,0 days 15:50:00,1,87,87114,2,2,1,3,FRANCE (DE),"45,8321300000","1,2876000000",1,4,1,1962.0,5,2,0,-1,B01,1,0,2,1,15,5,4,FRANCE (DE),0.0,,2,2,0,1,1,1,0,1,50,child
202100052864,29,1,2021,0 days 15:50:00,1,87,87114,2,2,1,3,FRANCE (DE),"45,8321300000","1,2876000000",1,1,2,1985.0,5,1,0,-1,B01,1,0,2,1,15,5,4,FRANCE (DE),0.0,,2,2,0,1,1,1,0,1,50,adult
202100052868,1,2,2021,0 days 07:50:00,2,79,79329,2,3,2,3,134 Avenue Emile Zola,"46,9937900000"," -0,2081600000",1,1,1,1972.0,4,1,-1,-1,B01,1,0,2,1,1,5,3,EMILE ZOLA (AVENUE),0.0,,2,2,0,1,1,2,0,1,50,child
202100052868,1,2,2021,0 days 07:50:00,2,79,79329,2,3,2,3,134 Avenue Emile Zola,"46,9937900000"," -0,2081600000",1,4,1,2002.0,2,0,-1,-1,B01,1,0,2,1,1,5,3,EMILE ZOLA (AVENUE),0.0,,2,2,0,1,1,2,0,1,50,adult
202100052915,1,2,2021,0 days 12:10:00,1,75,75111,2,3,1,3,AVENUE PARMENTIER,"48,8606600000","2,3783450000",1,1,1,1949.0,3,1,0,-1,B01,2,0,2,1,1,5,4,AVENUE PARMENTIER,0.0,,2,2,0,1,1,1,0,1,50,child
202100052915,1,2,2021,0 days 12:10:00,1,75,75111,2,3,1,3,AVENUE PARMENTIER,"48,8606600000","2,3783450000",1,4,2,2000.0,3,8,0,-1,B01,2,0,2,1,1,5,4,AVENUE PARMENTIER,0.0,,2,2,0,1,1,1,0,1,50,adult
202100052966,31,1,2021,0 days 17:15:00,1,973,97302,2,2,1,5,EBOUE (ROCADE FELIX),"4,9243272354"," -52,3240613937",1,4,1,1969.0,9,8,0,-1,A01,1,0,2,8,19,5,3,EBOUE (ROCADE FELIX),0.0,,2,2,0,1,1,1,0,1,50,child
202100052966,31,1,2021,0 days 17:15:00,1,973,97302,2,2,1,5,EBOUE (ROCADE FELIX),"4,9243272354"," -52,3240613937",1,1,1,1971.0,9,1,0,-1,A01,1,0,2,8,19,5,3,EBOUE (ROCADE FELIX),0.0,,2,2,0,1,1,1,0,1,50,adult
202100052966,31,1,2021,0 days 17:15:00,1,973,97302,2,2,1,5,EBOUE (ROCADE FELIX),"4,9243272354"," -52,3240613937",1,1,2,1998.0,9,1,0,-1,A01,1,0,2,8,19,5,3,EBOUE (ROCADE FELIX),0.0,,2,2,0,1,1,1,0,1,50,adult
202100052969,29,1,2021,0 days 16:50:00,1,69,69029,2,1,1,3,GENAS (DE) (RTE),"45,7505605458","4,9099726557",1,1,1,1963.0,1,1,0,-1,A01,3,0,2,1,1,6,7,GENAS (DE)                          (RO),0.0,,2,4,0,1,1,1,0,1,50,child
202100052969,29,1,2021,0 days 16:50:00,1,69,69029,2,1,1,3,GENAS (DE) (RTE),"45,7505605458","4,9099726557",1,3,1,1994.0,5,8,-1,-1,A01,3,0,2,1,1,6,7,GENAS (DE)                          (RO),0.0,,2,4,0,1,1,1,0,1,50,adult
202100053041,29,1,2021,0 days 21:30:00,5,988,98818,2,3,1,2,RUE DU 18 JUIN/RUE DES TOURS," -22,2704400000","166,4639200000",1,1,1,1937.0,5,1,1,-1,B01,1,0,2,4,1,5,4,RUE DU 18 JUIN,0.0,,2,2,0,2,1,1,5,1,50,child
202100053041,29,1,2021,0 days 21:30:00,5,988,98818,2,3,1,2,RUE DU 18 JUIN/RUE DES TOURS," -22,2704400000","166,4639200000",2,1,2,1941.0,5,1,1,-1,B01,1,0,2,4,1,5,4,RUE DU 18 JUIN,0.0,,2,2,0,2,1,1,5,1,50,adult
202100053041,29,1,2021,0 days 21:30:00,5,988,98818,2,3,1,2,RUE DU 18 JUIN/RUE DES TOURS," -22,2704400000","166,4639200000",1,3,1,1967.0,5,0,0,-1,B01,1,0,2,4,1,5,4,RUE DU 18 JUIN,0.0,,2,2,0,2,1,1,5,1,50,adult
202100053043,30,1,2021,0 days 14:00:00,1,69,69383,2,1,2,2,PAUL BERT (R),"45,7568451207","4,8500080576",2,1,1,1968.0,5,1,-1,-1,A01,1,0,2,1,1,5,4,PAUL BERT                           (R ),0.0,,1,1,0,1,1,2,0,1,50,child
202100053043,30,1,2021,0 days 14:00:00,1,69,69383,2,1,2,2,PAUL BERT (R),"45,7568451207","4,8500080576",1,1,2,1990.0,5,1,-1,-1,A01,1,0,2,1,1,5,4,PAUL BERT                           (R ),0.0,,1,1,0,1,1,2,0,1,50,adult
202100053055,30,1,2021,0 days 11:20:00,1,34,34172,2,6,8,3,FAJON (ROND-POINT PAUL),"43,5961400000","3,8365800000",1,4,1,1956.0,5,2,8,-1,B01,2,0,2,4,1,5,4,,0.0,,2,2,0,1,2,1,5,1,50,child
202100053055,30,1,2021,0 days 11:20:00,1,34,34172,2,6,8,3,FAJON (ROND-POINT PAUL),"43,5961400000","3,8365800000",1,1,1,1989.0,4,1,8,-1,B01,2,0,2,4,1,5,4,,0.0,,2,2,0,1,2,1,5,1,50,adult
202100053064,29,1,2021,0 days 14:16:00,1,26,26198,2,1,1,3,68 Boulevard de l’Europe,"44,5422500000","4,7535900000",1,4,1,1950.0,9,8,-1,-1,B01,3,0,2,1,2,5,4,EUROPE (Boulevard de l'),0.0,,2,2,1,1,3,1,0,5,50,child
202100053064,29,1,2021,0 days 14:16:00,1,26,26198,2,1,1,3,68 Boulevard de l’Europe,"44,5422500000","4,7535900000",1,1,1,1988.0,4,1,-1,-1,B01,3,0,2,1,2,5,4,EUROPE (Boulevard de l'),0.0,,2,2,1,1,3,1,0,5,50,adult
202100053082,29,1,2021,0 days 12:00:00,1,75,75115,2,2,1,6,RUE DUTOT,"48,8382360000","2,3083550000",3,4,2,1947.0,9,0,-1,-1,A01,2,0,1,0,1,5,4,RUE DUTOT,0.0,,2,2,1,1,1,1,-1,5,30,child
202100053082,29,1,2021,0 days 12:00:00,1,75,75115,2,2,1,6,RUE DUTOT,"48,8382360000","2,3083550000",1,1,1,1989.0,9,2,0,-1,A01,2,0,1,0,1,5,4,RUE DUTOT,0.0,,2,2,1,1,1,1,-1,5,30,adult
202100053124,30,1,2021,0 days 10:30:00,1,987,98758,2,1,1,3,"PK 5 , côte Ouest"," -16,7274390000"," -151,4755600000",1,4,1,1958.0,5,0,-1,-1,B01,1,0,2,8,1,1,3,131,0.0,T,2,2,0,1,1,1,0,1,60,child
202100053124,30,1,2021,0 days 10:30:00,1,987,98758,2,1,1,3,"PK 5 , côte Ouest"," -16,7274390000"," -151,4755600000",1,4,1,1987.0,5,2,-1,-1,B01,1,0,2,8,1,1,3,131,0.0,T,2,2,0,1,1,1,0,1,60,adult
202100053218,28,1,2021,0 days 16:30:00,1,28,28085,2,6,2,3,EPARGNE (RUE DE L'),"48,4474600000","1,4767900000",1,2,1,1955.0,5,8,8,-1,B01,3,0,2,0,1,5,4,EPARGNE (RUE DE L'),0.0,,-1,2,0,2,1,2,0,1,30,child
202100053218,28,1,2021,0 days 16:30:00,1,28,28085,2,6,2,3,EPARGNE (RUE DE L'),"48,4474600000","1,4767900000",1,1,1,1994.0,9,8,8,-1,B01,3,0,2,0,1,5,4,EPARGNE (RUE DE L'),0.0,,-1,2,0,2,1,2,0,1,30,adult
202100053220,28,1,2021,0 days 08:59:00,1,17,17300,2,2,2,3,HUGO   RUE VICTOR,"46,1612100000"," -1,1672800000",1,1,2,1967.0,5,1,0,-1,A01,3,0,2,7,1,5,4,HUGO   RUE VICTOR,0.0,,1,1,0,2,1,2,0,1,50,child
202100053220,28,1,2021,0 days 08:59:00,1,17,17300,2,2,2,3,HUGO   RUE VICTOR,"46,1612100000"," -1,1672800000",1,4,1,1978.0,9,8,0,-1,A01,3,0,2,7,1,5,4,HUGO   RUE VICTOR,0.0,,1,1,0,2,1,2,0,1,50,adult
202100053220,28,1,2021,0 days 08:59:00,1,17,17300,2,2,2,3,HUGO   RUE VICTOR,"46,1612100000"," -1,1672800000",2,1,2,2017.0,9,3,0,-1,A01,3,0,2,7,1,5,4,HUGO   RUE VICTOR,0.0,,1,1,0,2,1,2,0,1,50,adult
202100053243,29,1,2021,0 days 09:10:00,1,75,75117,2,1,1,3,RUE BRUNEL,"48,8765350000","2,2888010000",1,4,1,1973.0,2,2,0,-1,A01,2,1,2,7,18,5,4,RUE BRUNEL,0.0,,1,1,0,2,1,1,0,1,30,child
202100053243,29,1,2021,0 days 09:10:00,1,75,75117,2,1,1,3,RUE BRUNEL,"48,8765350000","2,2888010000",1,1,1,1996.0,1,1,0,-1,A01,2,1,2,7,18,5,4,RUE BRUNEL,0.0,,1,1,0,2,1,1,0,1,30,adult
202100053262,28,1,2021,0 days 11:05:00,1,94,94022,2,2,2,3,ALLIES (BD DES),"48,7662400000","2,4045100000",1,1,1,1971.0,0,1,0,-1,A01,2,0,2,1,25,5,3,ALLIES (BD DES),0.0,,1,2,1,1,1,2,9,1,50,child
202100053262,28,1,2021,0 days 11:05:00,1,94,94022,2,2,2,3,ALLIES (BD DES),"48,7662400000","2,4045100000",1,4,1,1993.0,0,8,0,-1,A01,2,0,2,1,25,5,3,ALLIES (BD DES),0.0,,1,2,1,1,1,2,9,1,50,adult
202100053275,29,1,2021,0 days 10:15:00,1,92,92002,2,3,8,3,GEORGES SUANT (RUE),"48,7438797859","2,2841907755",1,4,1,1952.0,5,2,0,-1,A01,1,0,2,4,15,5,3,GEORGES SUANT (RUE),0.0,,2,2,0,1,1,1,0,1,50,child
202100053275,29,1,2021,0 days 10:15:00,1,92,92002,2,3,8,3,GEORGES SUANT (RUE),"48,7438797859","2,2841907755",1,4,1,1981.0,1,2,6,-1,A01,1,0,2,4,15,5,3,GEORGES SUANT (RUE),0.0,,2,2,0,1,1,1,0,1,50,adult
202100053277,27,1,2021,0 days 16:10:00,1,33,33327,2,6,3,3,Cours du Maréchal Foch,"44,6568940000"," -0,3663900000",1,1,1,1950.0,5,1,-1,-1,B01,1,0,2,2,1,5,3,1113,-1.0,,2,2,0,1,2,2,0,1,50,child
202100053277,27,1,2021,0 days 16:10:00,1,33,33327,2,6,3,3,Cours du Maréchal Foch,"44,6568940000"," -0,3663900000",1,4,1,1999.0,5,0,-1,-1,B01,1,0,2,2,1,5,3,1113,-1.0,,2,2,0,1,2,2,0,1,50,adult
202100053294,30,1,2021,0 days 19:00:00,3,91,91338,1,1,2,3,D838,"48,6343410000","2,0639280000",1,1,1,1975.0,1,8,-1,-1,B01,1,0,0,4,2,5,3,838,-1.0,,2,2,0,1,1,2,0,1,90,child
202100053294,30,1,2021,0 days 19:00:00,3,91,91338,1,1,2,3,D838,"48,6343410000","2,0639280000",1,4,1,2004.0,5,0,-1,-1,B01,1,0,0,4,2,5,3,838,-1.0,,2,2,0,1,1,2,0,1,90,adult
202100053297,28,1,2021,0 days 12:45:00,1,33,33268,1,4,1,1,Chemin de Calbat,"45,0189120000"," -0,6801760000",1,4,1,1952.0,5,2,4,6,A01,1,0,2,1,0,5,3,105,0.0,E,2,2,0,1,2,1,0,1,80,child
202100053297,28,1,2021,0 days 12:45:00,1,33,33268,1,4,1,1,Chemin de Calbat,"45,0189120000"," -0,6801760000",1,1,1,2000.0,1,1,-1,-1,A01,1,0,2,1,0,5,3,105,0.0,E,2,2,0,1,2,1,0,1,80,adult
202100053319,28,1,2021,0 days 14:10:00,1,973,97302,2,1,1,3,ZEPHIR (ROCADE),"4,9335500000"," -52,3092500000",1,1,2,1972.0,0,1,0,-1,B01,1,0,2,1,19,0,3,ZEPHIR (ROCADE),0.0,,2,2,0,1,1,1,0,1,50,child
202100053319,28,1,2021,0 days 14:10:00,1,973,97302,2,1,1,3,ZEPHIR (ROCADE),"4,9335500000"," -52,3092500000",1,4,2,1997.0,0,8,0,-1,B01,1,0,2,1,19,0,3,ZEPHIR (ROCADE),0.0,,2,2,0,1,1,1,0,1,50,adult
202100053327,27,1,2021,0 days 19:15:00,5,77,77307,1,3,2,3,RTE DE PROVINS,"48,8543600000","2,7586800000",1,2,1,1942.0,9,8,0,-1,B01,3,0,2,1,26,0,3,231,0.0,,1,2,0,1,1,2,0,1,70,child
202100053327,27,1,2021,0 days 19:15:00,5,77,77307,1,3,2,3,RTE DE PROVINS,"48,8543600000","2,7586800000",1,1,1,1982.0,1,1,0,-1,B01,3,0,2,1,26,0,3,231,0.0,,1,2,0,1,1,2,0,1,70,adult
202100053351,27,1,2021,0 days 21:00:00,5,75,75115,2,5,2,3,RUE SAINT CHARLES,"48,8499660000","2,2884250000",1,1,1,1972.0,1,1,8,-1,A01,1,0,2,1,5,5,4,RUE SAINT CHARLES,0.0,,1,1,0,1,1,2,0,1,50,child
202100053351,27,1,2021,0 days 21:00:00,5,75,75115,2,5,2,3,RUE SAINT CHARLES,"48,8499660000","2,2884250000",1,4,1,2002.0,4,8,0,-1,A01,1,0,2,1,5,5,4,RUE SAINT CHARLES,0.0,,1,1,0,1,1,2,0,1,50,adult
202100053354,28,1,2021,0 days 10:40:00,1,75,75112,2,1,8,3,AVENUE DE NOGENT,"48,8444210000","2,4411050000",1,4,1,1954.0,5,2,0,-1,B01,2,0,2,8,1,5,4,AVENUE DE NOGENT,0.0,,2,4,1,1,1,2,-1,5,50,child
202100053354,28,1,2021,0 days 10:40:00,1,75,75112,2,1,8,3,AVENUE DE NOGENT,"48,8444210000","2,4411050000",1,1,1,1979.0,1,1,0,-1,B01,2,0,2,8,1,5,4,AVENUE DE NOGENT,0.0,,2,4,1,1,1,2,-1,5,50,adult
202100053458,27,1,2021,0 days 07:47:00,5,37,37261,2,2,2,6,EIFFEL (AVENUE GUSTAVE),"47,4356261967","0,6985006034",1,1,2,1971.0,1,1,0,-1,A01,3,0,2,7,15,5,4,EIFFEL (AVENUE GUSTAVE),0.0,,2,4,1,1,1,2,5,1,50,child
202100053458,27,1,2021,0 days 07:47:00,5,37,37261,2,2,2,6,EIFFEL (AVENUE GUSTAVE),"47,4356261967","0,6985006034",2,1,1,2003.0,2,1,0,-1,A01,3,0,2,7,15,5,4,EIFFEL (AVENUE GUSTAVE),0.0,,2,4,1,1,1,2,5,1,50,adult
202100053458,27,1,2021,0 days 07:47:00,5,37,37261,2,2,2,6,EIFFEL (AVENUE GUSTAVE),"47,4356261967","0,6985006034",2,1,2,2007.0,2,1,0,-1,A01,3,0,2,7,15,5,4,EIFFEL (AVENUE GUSTAVE),0.0,,2,4,1,1,1,2,5,1,50,adult
202100053458,27,1,2021,0 days 07:47:00,5,37,37261,2,2,2,6,EIFFEL (AVENUE GUSTAVE),"47,4356261967","0,6985006034",1,4,1,2008.0,2,2,0,-1,A01,3,0,2,7,15,5,4,EIFFEL (AVENUE GUSTAVE),0.0,,2,4,1,1,1,2,5,1,50,adult
202100053466,27,1,2021,0 days 14:44:00,1,26,26281,2,1,1,3, 19 Rue Diderot,"45,0538090000","5,0461350000",1,3,2,1959.0,0,0,-1,-1,B01,1,0,2,8,1,5,4,DIDEROT (RUE),0.0,,2,1,0,1,1,1,0,1,50,child