Num_Acc,jour,mois,an,hrmn,lum,dep,com,agg,int,atm,col,adr,lat,long,catu,grav,sexe,an_nais,trajet,secu1,secu2,secu3,num_veh_y,senc,obs,obsm,choc,manv,motor,catr,voie,v1,v2,circ,nbv,vosp,prof,plan,surf,infra,situ,vma,age
202100053466,27,1,2021,0 days 14:44:00,1,26,26281,2,1,1,3, 19 Rue Diderot,"45,0538090000","5,0461350000",1,1,1,1986.0,0,1,-1,-1,B01,1,0,2,8,1,5,4,DIDEROT (RUE),0.0,,2,1,0,1,1,1,0,1,50,adult
202100053533,22,1,2021,0 days 13:45:00,1,974,97422,2,1,3,7,Rue Jean de Fos du Rau," -21,2219660000","55,5527010000",1,1,1,1950.0,0,1,-1,-1,A01,2,0,2,0,0,5,2,3,-1.0,,2,2,0,2,4,2,0,1,50,child
202100053533,22,1,2021,0 days 13:45:00,1,974,97422,2,1,3,7,Rue Jean de Fos du Rau," -21,2219660000","55,5527010000",1,3,1,1988.0,5,2,-1,-1,A01,2,0,2,0,0,5,2,3,-1.0,,2,2,0,2,4,2,0,1,50,adult
202100053541,28,1,2021,0 days 08:05:00,2,59,59258,1,1,3,1,rue de la bertellerie,"50,5401970000","3,2204750000",1,1,2,1977.0,2,1,-1,-1,B01,1,0,2,1,16,5,3,93A,0.0,D,2,2,0,1,4,2,0,1,50,child
202100053541,28,1,2021,0 days 08:05:00,2,59,59258,1,1,3,1,rue de la bertellerie,"50,5401970000","3,2204750000",1,4,1,1998.0,1,9,-1,-1,B01,1,0,2,1,16,5,3,93A,0.0,D,2,2,0,1,4,2,0,1,50,adult
202100053584,26,1,2021,0 days 14:35:00,1,59,59350,2,2,1,4,DE COUBERTIN PIERRE BOULEVARD,"50,6478300000","3,0687300000",1,1,1,1973.0,4,1,0,-1,A01,3,0,2,0,19,0,7,651,0.0,,1,3,0,1,1,1,0,1,50,child
202100053584,26,1,2021,0 days 14:35:00,1,59,59350,2,2,1,4,DE COUBERTIN PIERRE BOULEVARD,"50,6478300000","3,0687300000",1,1,1,1986.0,5,1,0,-1,A01,3,0,2,0,19,0,7,651,0.0,,1,3,0,1,1,1,0,1,50,adult
202100053584,26,1,2021,0 days 14:35:00,1,59,59350,2,2,1,4,DE COUBERTIN PIERRE BOULEVARD,"50,6478300000","3,0687300000",1,4,1,1994.0,4,8,0,-1,A01,3,0,2,0,19,0,7,651,0.0,,1,3,0,1,1,1,0,1,50,adult
202100053737,25,1,2021,0 days 08:40:00,2,35,35238,2,6,1,2,MOUEZY (AVENUE MONSEIGNEUR),"48,1039160000"," -1,6501250000",1,1,1,1982.0,2,1,0,-1,B01,1,0,2,7,26,5,4,MOUEZY (AVENUE MONSEIGNEUR),0.0,,1,2,2,1,3,2,9,5,30,child
202100053737,25,1,2021,0 days 08:40:00,2,35,35238,2,6,1,2,MOUEZY (AVENUE MONSEIGNEUR),"48,1039160000"," -1,6501250000",1,1,1,1989.0,2,8,0,-1,B01,1,0,2,7,26,5,4,MOUEZY (AVENUE MONSEIGNEUR),0.0,,1,2,2,1,3,2,9,5,30,adult
202100053737,25,1,2021,0 days 08:40:00,2,35,35238,2,6,1,2,MOUEZY (AVENUE MONSEIGNEUR),"48,1039160000"," -1,6501250000",2,4,1,2017.0,2,8,8,-1,B01,1,0,2,7,26,5,4,MOUEZY (AVENUE MONSEIGNEUR),0.0,,1,2,2,1,3,2,9,5,30,adult
202100053882,19,1,2021,0 days 16:30:00,1,01,01266,2,6,1,2,Place du General de Gaulle,"46,3360470000","5,1267580000",1,3,1,1941.0,5,0,-1,-1,B01,1,0,0,4,1,5,3,28,-1.0,,1,1,0,1,3,1,0,1,50,child
202100053882,19,1,2021,0 days 16:30:00,1,01,01266,2,6,1,2,Place du General de Gaulle,"46,3360470000","5,1267580000",1,1,2,1986.0,2,1,-1,-1,B01,1,0,0,4,1,5,3,28,-1.0,,1,1,0,1,3,1,0,1,50,adult
202100053882,19,1,2021,0 days 16:30:00,1,01,01266,2,6,1,2,Place du General de Gaulle,"46,3360470000","5,1267580000",2,1,2,2014.0,2,1,-1,-1,B01,1,0,0,4,1,5,3,28,-1.0,,1,1,0,1,3,1,0,1,50,adult
202100053882,19,1,2021,0 days 16:30:00,1,01,01266,2,6,1,2,Place du General de Gaulle,"46,3360470000","5,1267580000",2,1,2,2017.0,2,1,3,-1,B01,1,0,0,4,1,5,3,28,-1.0,,1,1,0,1,3,1,0,1,50,adult
202100053906,23,1,2021,0 days 15:20:00,1,42,42214,1,3,8,1,Chemin de l'Hormet,"45,6741970000","4,2736010000",1,4,1,1942.0,5,0,-1,-1,A01,3,0,2,1,1,6,4,,-1.0,,2,2,0,1,1,1,0,1,80,child
202100053906,23,1,2021,0 days 15:20:00,1,42,42214,1,3,8,1,Chemin de l'Hormet,"45,6741970000","4,2736010000",1,1,1,1984.0,5,1,-1,-1,A01,3,0,2,1,1,6,4,,-1.0,,2,2,0,1,1,1,0,1,80,adult
202100053941,23,1,2021,0 days 14:17:00,1,37,37261,2,2,1,6,BERANGER (BOULEVARD),"47,3894753520","0,6843098403",1,4,1,1965.0,5,2,0,-1,A01,1,0,2,8,1,5,4,BERANGER (BOULEVARD),0.0,,3,4,0,1,1,2,0,1,50,child
202100053941,23,1,2021,0 days 14:17:00,1,37,37261,2,2,1,6,BERANGER (BOULEVARD),"47,3894753520","0,6843098403",1,1,1,1992.0,5,1,0,-1,A01,1,0,2,8,1,5,4,BERANGER (BOULEVARD),0.0,,3,4,0,1,1,2,0,1,50,adult
202100053941,23,1,2021,0 days 14:17:00,1,37,37261,2,2,1,6,BERANGER (BOULEVARD),"47,3894753520","0,6843098403",2,1,2,1994.0,5,1,0,-1,A01,1,0,2,8,1,5,4,BERANGER (BOULEVARD),0.0,,3,4,0,1,1,2,0,1,50,adult
202100053942,22,1,2021,0 days 11:00:00,1,37,37261,2,1,8,6,STENDHAL (AVENUE),"47,3682354792","0,7086754092",1,1,1,1938.0,5,1,8,-1,B01,3,0,2,8,19,5,4,STENDHAL (AVENUE),0.0,,3,2,2,1,1,2,0,1,50,child
202100053942,22,1,2021,0 days 11:00:00,1,37,37261,2,1,8,6,STENDHAL (AVENUE),"47,3682354792","0,7086754092",1,4,2,1995.0,1,8,0,-1,B01,3,0,2,8,19,5,4,STENDHAL (AVENUE),0.0,,3,2,2,1,1,2,0,1,50,adult
202100053960,22,1,2021,0 days 18:45:00,5,75,75116,2,1,1,3,AVENUE GEORGES LAFONT,"48,8371651035","2,2567087412",1,4,1,1972.0,5,2,0,-1,A01,1,0,2,1,17,5,4,AVENUE GEORGES LAFONT,0.0,,2,1,0,1,1,1,0,1,50,child
202100053960,22,1,2021,0 days 18:45:00,5,75,75116,2,1,1,3,AVENUE GEORGES LAFONT,"48,8371651035","2,2567087412",1,1,1,1999.0,5,1,0,-1,A01,1,0,2,1,17,5,4,AVENUE GEORGES LAFONT,0.0,,2,1,0,1,1,1,0,1,50,adult
202100053988,24,1,2021,0 days 17:35:00,2,46,46200,1,3,2,1,Zone Artisanale du Moulin d'Iches,"44,6298140000","1,2193320000",1,3,1,1975.0,5,0,-1,-1,A01,3,0,2,1,15,5,3,673,-1.0, -,2,2,0,1,1,2,0,1,80,child
202100053988,24,1,2021,0 days 17:35:00,2,46,46200,1,3,2,1,Zone Artisanale du Moulin d'Iches,"44,6298140000","1,2193320000",1,1,1,1996.0,1,1,-1,-1,A01,3,0,2,1,15,5,3,673,-1.0, -,2,2,0,1,1,2,0,1,80,adult
202100054068,21,1,2021,0 days 17:40:00,5,37,37261,2,3,2,6,TONNELLE (BOULEVARD),"47,3807230843","0,6680912226",1,1,2,1955.0,1,1,0,-1,B01,3,0,2,8,19,5,4,TONNELLE (BOULEVARD),0.0,,2,2,0,1,1,2,0,1,50,child
202100054068,21,1,2021,0 days 17:40:00,5,37,37261,2,3,2,6,TONNELLE (BOULEVARD),"47,3807230843","0,6680912226",1,4,2,1980.0,1,8,0,-1,B01,3,0,2,8,19,5,4,TONNELLE (BOULEVARD),0.0,,2,2,0,1,1,2,0,1,50,adult
202100054153,23,1,2021,0 days 14:05:00,1,85,85280,1,1,1,3,Le haut querruy,"46,8721400000"," -1,9417940000",1,2,1,1948.0,5,2,-1,-1,B01,2,0,2,1,1,5,3,59,0.0,,2,2,0,1,1,1,0,1,80,child
202100054153,23,1,2021,0 days 14:05:00,1,85,85280,1,1,1,3,Le haut querruy,"46,8721400000"," -1,9417940000",1,1,1,1981.0,4,1,-1,-1,B01,2,0,2,1,1,5,3,59,0.0,,2,2,0,1,1,1,0,1,80,adult
202100054178,21,1,2021,0 days 06:20:00,1,974,97416,2,6,1,3,PONGAMES (CITE)," -21,3471200000","55,4908000000",1,1,2,1965.0,0,1,0,-1,B01,3,0,2,1,1,5,4,PONGAMES (CITE),0.0,,-1,2,0,1,1,1,0,1,30,child
202100054178,21,1,2021,0 days 06:20:00,1,974,97416,2,6,1,3,PONGAMES (CITE)," -21,3471200000","55,4908000000",1,4,1,1990.0,1,2,8,-1,B01,3,0,2,1,1,5,4,PONGAMES (CITE),0.0,,-1,2,0,1,1,1,0,1,30,adult
202100054179,15,1,2021,0 days 18:26:00,2,974,97407,2,1,1,2,HUGO (RUE)," -20,9365200000","55,3038800000",3,3,1,1965.0,3,0,-1,-1,A01,2,0,1,4,25,5,4,HUGO (RUE),0.0,,1,1,0,1,1,1,0,4,50,child
202100054179,15,1,2021,0 days 18:26:00,2,974,97407,2,1,1,2,HUGO (RUE)," -20,9365200000","55,3038800000",1,1,1,2002.0,5,8,0,-1,A01,2,0,1,4,25,5,4,HUGO (RUE),0.0,,1,1,0,1,1,1,0,4,50,adult
202100054195,21,1,2021,0 days 18:57:00,5,74,74010,2,2,1,3,THONES (DE),"45,9104780000","6,1378670000",1,1,1,1961.0,4,1,0,-1,B01,2,0,2,0,9,0,3,THONES (DE),0.0,,2,4,0,1,1,1,5,1,30,child
202100054195,21,1,2021,0 days 18:57:00,5,74,74010,2,2,1,3,THONES (DE),"45,9104780000","6,1378670000",1,2,2,1996.0,0,8,0,-1,B01,2,0,2,0,9,0,3,THONES (DE),0.0,,2,4,0,1,1,1,5,1,30,adult
202100054208,18,1,2021,0 days 12:14:00,1,40,40192,2,1,1,2,HOUGA (AV DU),"43,8832100000"," -0,4896100000",1,4,2,1972.0,4,2,0,-1,B01,2,0,2,8,15,0,3,HOUGA (AV DU),0.0,,2,2,1,1,1,2,0,1,50,child
202100054208,18,1,2021,0 days 12:14:00,1,40,40192,2,1,1,2,HOUGA (AV DU),"43,8832100000"," -0,4896100000",1,1,1,2002.0,9,1,0,-1,B01,2,0,2,8,15,0,3,HOUGA (AV DU),0.0,,2,2,1,1,1,2,0,1,50,adult
202100054254,20,1,2021,0 days 18:10:00,5,94,94042,2,1,1,1,GOUNOD (AV),"48,8244900000","2,4732900000",1,1,1,1970.0,0,8,0,-1,B01,1,0,2,4,26,5,4,AV GOUNOD,0.0,,2,2,0,1,1,1,0,6,30,child
202100054254,20,1,2021,0 days 18:10:00,5,94,94042,2,1,1,1,GOUNOD (AV),"48,8244900000","2,4732900000",1,4,2,1983.0,0,0,-1,-1,B01,1,0,2,4,26,5,4,AV GOUNOD,0.0,,2,2,0,1,1,1,0,6,30,adult
202100054254,20,1,2021,0 days 18:10:00,5,94,94042,2,1,1,1,GOUNOD (AV),"48,8244900000","2,4732900000",2,4,1,2012.0,0,0,-1,-1,B01,1,0,2,4,26,5,4,AV GOUNOD,0.0,,2,2,0,1,1,1,0,6,30,adult
202100054260,12,1,2021,0 days 14:10:00,1,92,92044,2,2,2,3,VIC. HUGO(RUE)115A149 ET 148A178,"48,9002660000","2,2926570000",1,1,2,1952.0,0,1,0,-1,B01,2,0,2,8,1,5,3,VIC. HUGO(RUE)115A149 ET 148A178,0.0,,2,2,3,1,1,2,0,1,50,child
202100054260,12,1,2021,0 days 14:10:00,1,92,92044,2,2,2,3,VIC. HUGO(RUE)115A149 ET 148A178,"48,9002660000","2,2926570000",1,4,1,1992.0,9,2,0,-1,B01,2,0,2,8,1,5,3,VIC. HUGO(RUE)115A149 ET 148A178,0.0,,2,2,3,1,1,2,0,1,50,adult
202100054264,22,1,2021,0 days 09:10:00,1,35,35245,1,1,7,2,Le Temple,"48,2080020000"," -1,8856890000",1,2,2,1951.0,5,2,-1,-1,B01,1,0,2,4,2,5,7,21,-1.0,,2,2,0,2,2,2,0,1,70,child
202100054264,22,1,2021,0 days 09:10:00,1,35,35245,1,1,7,2,Le Temple,"48,2080020000"," -1,8856890000",1,1,1,1989.0,5,1,-1,-1,B01,1,0,2,4,2,5,7,21,-1.0,,2,2,0,2,2,2,0,1,70,adult
202100054277,21,1,2021,0 days 18:20:00,5,72,72328,1,6,2,3,La Fontaine Saint Martin,"48,0227720000","0,2309650000",1,1,2,1969.0,1,1,-1,-1,B01,1,0,2,2,1,5,4,301,0.0,D,2,2,0,1,1,2,5,1,90,child
202100054277,21,1,2021,0 days 18:20:00,5,72,72328,1,6,2,3,La Fontaine Saint Martin,"48,0227720000","0,2309650000",1,4,2,2001.0,1,4,-1,-1,B01,1,0,2,2,1,5,4,301,0.0,D,2,2,0,1,1,2,5,1,90,adult
202100054297,22,1,2021,0 days 16:25:00,1,59,59258,1,1,1,2,d145,"50,5269190000","3,2396790000",1,4,1,1966.0,5,2,-1,-1,B01,1,0,0,4,2,5,3,145,0.0,D,2,2,0,1,3,1,0,1,70,child
202100054297,22,1,2021,0 days 16:25:00,1,59,59258,1,1,1,2,d145,"50,5269190000","3,2396790000",1,1,1,1999.0,2,1,-1,-1,B01,1,0,0,4,2,5,3,145,0.0,D,2,2,0,1,3,1,0,1,70,adult
202100054320,14,1,2021,0 days 07:13:00,5,63,63063,2,6,1,3,BLANZAT (RUE DE),"45,8312700000","3,0866600000",1,1,1,1974.0,1,1,0,-1,B01,3,0,2,0,1,5,7,2b,0.0,,-1,2,0,1,1,1,0,1,50,child
202100054320,14,1,2021,0 days 07:13:00,5,63,63063,2,6,1,3,BLANZAT (RUE DE),"45,8312700000","3,0866600000",1,4,1,2001.0,1,8,0,-1,B01,3,0,2,0,1,5,7,2b,0.0,,-1,2,0,1,1,1,0,1,50,adult
202100054338,19,1,2021,0 days 15:40:00,1,31,31555,2,1,1,6,213 Route d’Albi,"43,6428400000","1,4675600000",1,2,1,1957.0,5,0,-1,-1,B01,1,0,2,1,19,5,7,RTE D ALBI,0.0,,3,4,0,1,1,1,0,1,50,child
202100054338,19,1,2021,0 days 15:40:00,1,31,31555,2,1,1,6,213 Route d’Albi,"43,6428400000","1,4675600000",1,1,1,1979.0,4,1,0,-1,B01,1,0,2,1,19,5,7,RTE D ALBI,0.0,,3,4,0,1,1,1,0,1,50,adult
202100054376,20,1,2021,0 days 17:30:00,5,93,93001,2,1,2,6,ANATOLE FRANCE (BLD) PAIR,"48,9159737700","2,3815370908",1,1,2,1958.0,0,1,0,-1,B01,1,1,0,0,1,5,3,ANATOLE FRANCE (BLD) PAIR,0.0,,2,2,0,1,1,2,0,1,50,child
202100054376,20,1,2021,0 days 17:30:00,5,93,93001,2,1,2,6,ANATOLE FRANCE (BLD) PAIR,"48,9159737700","2,3815370908",1,4,1,1995.0,0,8,0,-1,B01,1,1,0,0,1,5,3,ANATOLE FRANCE (BLD) PAIR,0.0,,2,2,0,1,1,2,0,1,50,adult
202100054377,19,1,2021,0 days 18:00:00,2,92,92063,2,3,1,6,BOURGUIGNON (RUE JEAN) SUD,"48,8669400000","2,1806200000",1,4,2,1976.0,1,2,8,-1,A01,1,0,1,1,1,5,4,BOURGUIGNON (RUE JEAN) SUD,0.0,,2,2,0,2,1,1,5,1,50,child
202100054377,19,1,2021,0 days 18:00:00,2,92,92063,2,3,1,6,BOURGUIGNON (RUE JEAN) SUD,"48,8669400000","2,1806200000",3,1,1,2005.0,2,0,-1,-1,A01,1,0,1,1,1,5,4,BOURGUIGNON (RUE JEAN) SUD,0.0,,2,2,0,2,1,1,5,1,50,adult
202100054379,20,1,2021,0 days 08:30:00,1,92,92024,2,3,1,3,MARTRE DE (4 A 54),"48,8995300000","2,3092600000",1,1,1,1942.0,3,8,0,-1,B01,1,0,2,8,1,0,3,MARTRE DE (4 A 54),0.0,,1,3,1,1,1,1,0,5,50,child
202100054379,20,1,2021,0 days 08:30:00,1,92,92024,2,3,1,3,MARTRE DE (4 A 54),"48,8995300000","2,3092600000",1,4,1,1978.0,1,2,6,-1,B01,1,0,2,8,1,0,3,MARTRE DE (4 A 54),0.0,,1,3,1,1,1,1,0,5,50,adult
202100054396,20,1,2021,0 days 16:17:00,1,971,97114,1,1,1,3,N1,"16,1480710000"," -61,5835730000",1,2,1,1956.0,5,2,-1,-1,A01,2,0,2,0,13,0,2,1,0.0,,2,3,0,1,1,1,0,1,80,child
202100054396,20,1,2021,0 days 16:17:00,1,971,97114,1,1,1,3,N1,"16,1480710000"," -61,5835730000",1,1,2,1985.0,1,8,-1,-1,A01,2,0,2,0,13,0,2,1,0.0,,2,3,0,1,1,1,0,1,80,adult
202100054398,8,1,2021,0 days 13:10:00,1,67,67028,2,6,1,3,D5,"48,3720810000","7,5927870000",1,1,2,1963.0,0,1,-1,-1,B01,3,0,2,1,1,5,3,D5,-1.0,,2,2,0,1,2,1,0,1,50,child
202100054398,8,1,2021,0 days 13:10:00,1,67,67028,2,6,1,3,D5,"48,3720810000","7,5927870000",1,4,1,1985.0,1,6,-1,-1,B01,3,0,2,1,1,5,3,D5,-1.0,,2,2,0,1,2,1,0,1,50,adult
202100054431,18,1,2021,0 days 14:20:00,1,55,55029,2,6,1,6,SAINCERE ( RUE ),"48,7763600000","5,1567800000",3,3,2,1958.0,4,0,-1,-1,B01,1,0,1,1,16,5,4,SAINCERE ( RUE ),0.0,,1,1,0,1,3,1,0,1,50,child
202100054431,18,1,2021,0 days 14:20:00,1,55,55029,2,6,1,6,SAINCERE ( RUE ),"48,7763600000","5,1567800000",1,1,1,1993.0,5,8,0,-1,B01,1,0,1,1,16,5,4,SAINCERE ( RUE ),0.0,,1,1,0,1,3,1,0,1,50,adult
202100054442,19,1,2021,0 days 13:30:00,1,37,37261,2,1,1,1,PINGUET GUINDON (RUE),"47,4140815867","0,6842483018",1,1,2,1965.0,5,1,8,-1,B01,1,0,2,1,1,5,4,PINGUET GUINDON (RUE),0.0,,1,1,2,1,1,1,0,1,50,child
202100054442,19,1,2021,0 days 13:30:00,1,37,37261,2,1,1,1,PINGUET GUINDON (RUE),"47,4140815867","0,6842483018",1,4,1,1988.0,5,2,0,-1,B01,1,0,2,1,1,5,4,PINGUET GUINDON (RUE),0.0,,1,1,2,1,1,1,0,1,50,adult
202100054495,19,1,2021,0 days 10:00:00,1,92,92012,2,3,2,6,GENERAL LECLERC (AVENUE DU) 35/FIN - 60/,"48,8299992855","2,2315281630",3,4,1,1941.0,3,0,-1,-1,A01,1,0,1,1,1,5,3,GENERAL LECLERC (AVENUE DU) 35/FIN - 60/,0.0,,2,6,0,1,1,2,5,1,50,child
202100054495,19,1,2021,0 days 10:00:00,1,92,92012,2,3,2,6,GENERAL LECLERC (AVENUE DU) 35/FIN - 60/,"48,8299992855","2,2315281630",1,1,1,1994.0,1,8,0,-1,A01,1,0,1,1,1,5,3,GENERAL LECLERC (AVENUE DU) 35/FIN - 60/,0.0,,2,6,0,1,1,2,5,1,50,adult
202100054496,19,1,2021,0 days 16:30:00,1,92,92004,2,1,1,6,MARNE   ( AVENUE DE LA ),"48,9090384327","2,2855052080",1,1,1,1992.0,0,2,0,-1,A01,1,0,1,1,1,5,3,MARNE   ( AVENUE DE LA ),0.0,,2,2,0,1,1,1,0,1,50,child
202100054496,19,1,2021,0 days 16:30:00,1,92,92004,2,1,1,6,MARNE   ( AVENUE DE LA ),"48,9090384327","2,2855052080",3,4,1,2020.0,5,0,-1,-1,A01,1,0,1,1,1,5,3,MARNE   ( AVENUE DE LA ),0.0,,2,2,0,1,1,1,0,1,50,adult
202100054565,14,1,2021,0 days 19:35:00,5,80,80021,2,1,2,1,REPUBLIQUE (RUE DE LA ),"49,8913100000","2,2965900000",1,1,2,1962.0,0,1,-1,-1,B01,0,0,2,1,5,5,4,REPUBLIQUE (RUE DE LA ),0.0,,1,1,0,3,1,2,0,1,50,child
202100054565,14,1,2021,0 days 19:35:00,5,80,80021,2,1,2,1,REPUBLIQUE (RUE DE LA ),"49,8913100000","2,2965900000",1,4,1,1993.0,0,2,-1,-1,B01,0,0,2,1,5,5,4,REPUBLIQUE (RUE DE LA ),0.0,,1,1,0,3,1,2,0,1,50,adult
202100054596,17,1,2021,0 days 10:20:00,1,22,22215,2,3,1,3,rue de bel air,"48,4973776490"," -2,7901047507",1,1,1,1965.0,5,1,0,-1,B01,1,0,2,8,13,0,3,,-1.0,,2,2,-1,1,1,1,8,1,-1,child
202100054596,17,1,2021,0 days 10:20:00,1,22,22215,2,3,1,3,rue de bel air,"48,4973776490"," -2,7901047507",1,4,2,2012.0,3,2,0,-1,B01,1,0,2,8,13,0,3,,-1.0,,2,2,-1,1,1,1,8,1,-1,adult
202100054602,18,1,2021,0 days 17:30:00,2,75,75120,2,1,1,6,BOULEVARD DE MENILMONTANT,"48,8663660000","2,3836670000",3,4,1,1944.0,9,0,-1,-1,A01,1,0,1,1,1,5,4,BOULEVARD DE MENILMONTANT,0.0,,1,1,1,1,1,1,-1,5,30,child
202100054602,18,1,2021,0 days 17:30:00,2,75,75120,2,1,1,6,BOULEVARD DE MENILMONTANT,"48,8663660000","2,3836670000",1,4,1,2002.0,2,8,0,-1,A01,1,0,1,1,1,5,4,BOULEVARD DE MENILMONTANT,0.0,,1,1,1,1,1,1,-1,5,30,adult
202100054651,18,1,2021,0 days 17:20:00,2,44,44047,1,3,1,3,M26,"47,2285890000"," -1,7107880000",1,4,2,1962.0,5,0,-1,-1,B01,2,0,2,8,15,5,7,26,-1.0,,2,2,0,1,1,1,0,1,70,child
202100054651,18,1,2021,0 days 17:20:00,2,44,44047,1,3,1,3,M26,"47,2285890000"," -1,7107880000",1,1,1,2001.0,2,1,-1,-1,B01,2,0,2,8,15,5,7,26,-1.0,,2,2,0,1,1,1,0,1,70,adult
202100054667,17,1,2021,0 days 14:30:00,1,69,69389,2,1,7,2,JOANNES CARRET (R),"45,7928555890","4,8199432944",1,1,1,1985.0,0,1,-1,-1,B01,2,0,2,4,2,5,4,,0.0,,2,2,3,1,1,2,0,1,50,child
202100054667,17,1,2021,0 days 14:30:00,1,69,69389,2,1,7,2,JOANNES CARRET (R),"45,7928555890","4,8199432944",1,4,1,2008.0,5,2,-1,-1,B01,2,0,2,4,2,5,4,,0.0,,2,2,3,1,1,2,0,1,50,adult
202100054707,17,1,2021,0 days 17:10:00,1,35,35359,1,1,1,2,À la Basse Fossette,"47,9389770000"," -1,2886670000",1,3,1,1939.0,5,0,-1,-1,B01,3,0,2,4,2,5,4,,-1.0,,2,2,0,1,1,1,0,1,-1,child
202100054707,17,1,2021,0 days 17:10:00,1,35,35359,1,1,1,2,À la Basse Fossette,"47,9389770000"," -1,2886670000",1,1,1,1998.0,5,1,-1,-1,B01,3,0,2,4,2,5,4,,-1.0,,2,2,0,1,1,1,0,1,-1,adult
202100054782,16,1,2021,0 days 12:10:00,1,75,75116,2,4,4,6,RUE DE BOULAINVILLIERS,"48,8555580000","2,2750510000",3,4,2,1932.0,5,0,-1,-1,A01,2,0,1,1,1,5,4,RUE DE BOULAINVILLIERS,0.0,,1,1,0,2,1,5,0,1,30,child
202100054782,16,1,2021,0 days 12:10:00,1,75,75116,2,4,4,6,RUE DE BOULAINVILLIERS,"48,8555580000","2,2750510000",1,1,1,1999.0,1,8,6,-1,A01,2,0,1,1,1,5,4,RUE DE BOULAINVILLIERS,0.0,,1,1,0,2,1,5,0,1,30,adult
202100054875,14,1,2021,0 days 13:25:00,1,71,71309,1,2,1,1,PERIGAS (CHEMIN DE),"46,7828837030","4,4120223724",1,1,1,1942.0,5,1,0,-1,B01,1,0,2,1,1,5,3,R.N.80,0.0,,2,2,0,1,1,1,0,1,80,child
202100054875,14,1,2021,0 days 13:25:00,1,71,71309,1,2,1,1,PERIGAS (CHEMIN DE),"46,7828837030","4,4120223724",1,4,1,1981.0,5,8,0,-1,B01,1,0,2,1,1,5,3,R.N.80,0.0,,2,2,0,1,1,1,0,1,80,adult
202100054891,14,1,2021,0 days 16:40:00,1,56,56121,2,6,1,3,LAENNEC ( BD ),"47,7581500000"," -3,3619900000",1,1,2,1953.0,0,1,8,-1,B01,2,0,2,1,1,5,4,LAENNEC ( BD ),0.0,,1,1,0,1,2,1,5,1,30,child
202100054891,14,1,2021,0 days 16:40:00,1,56,56121,2,6,1,3,LAENNEC ( BD ),"47,7581500000"," -3,3619900000",1,4,2,1998.0,1,0,-1,-1,B01,2,0,2,1,1,5,4,LAENNEC ( BD ),0.0,,1,1,0,1,2,1,5,1,30,adult
202100054925,14,1,2021,0 days 19:16:00,5,75,75108,2,7,2,6,PLACE GABRIEL PERI,"48,8752520000","2,3242730000",3,4,2,1959.0,9,0,-1,-1,A01,2,0,1,1,1,5,4,PLACE GABRIEL PERI,0.0,,2,4,3,1,1,2,0,1,50,child
202100054925,14,1,2021,0 days 19:16:00,5,75,75108,2,7,2,6,PLACE GABRIEL PERI,"48,8752520000","2,3242730000",1,1,1,1983.0,1,2,8,-1,A01,2,0,1,1,1,5,4,PLACE GABRIEL PERI,0.0,,2,4,3,1,1,2,0,1,50,adult
202100054928,15,1,2021,0 days 12:50:00,1,75,75102,2,3,1,3,BOULEVARD DE BONNE NOUVELLE,"48,8706687871","2,3479188617",1,1,1,1974.0,4,1,0,-1,B01,2,0,2,1,17,5,4,BOULEVARD DE BONNE NOUVELLE,0.0,,2,4,1,1,1,1,-1,5,50,child
202100054928,15,1,2021,0 days 12:50:00,1,75,75102,2,3,1,3,BOULEVARD DE BONNE NOUVELLE,"48,8706687871","2,3479188617",1,4,2,1995.0,9,2,0,-1,B01,2,0,2,1,17,5,4,BOULEVARD DE BONNE NOUVELLE,0.0,,2,4,1,1,1,1,-1,5,50,adult
202100054931,15,1,2021,0 days 13:15:00,1,94,94054,2,1,1,2,FER A CHEVAL (R DU),"48,7438400000","2,4080500000",1,4,2,1972.0,5,8,8,-1,B01,3,0,2,8,19,0,4,R DU FER A CHEVAL,0.0,,2,2,0,1,1,1,0,1,50,child
202100054931,15,1,2021,0 days 13:15:00,1,94,94054,2,1,1,2,FER A CHEVAL (R DU),"48,7438400000","2,4080500000",1,1,2,1998.0,4,1,8,-1,B01,3,0,2,8,19,0,4,R DU FER A CHEVAL,0.0,,2,2,0,1,1,1,0,1,50,adult
202100054931,15,1,2021,0 days 13:15:00,1,94,94054,2,1,1,2,FER A CHEVAL (R DU),"48,7438400000","2,4080500000",2,1,2,2000.0,0,1,0,-1,B01,3,0,2,8,19,0,4,R DU FER A CHEVAL,0.0,,2,2,0,1,1,1,0,1,50,adult
202100055015,13,1,2021,0 days 12:30:00,1,2B,2B120,1,6,1,3,11 - RT,"42,6544300000","9,4412900000",1,1,1,1952.0,5,1,0,-1,B01,2,0,2,4,18,5,2,11 - RT,0.0,,4,2,0,1,3,1,5,1,30,child
202100055015,13,1,2021,0 days 12:30:00,1,2B,2B120,1,6,1,3,11 - RT,"42,6544300000","9,4412900000",1,4,1,1973.0,5,8,0,-1,B01,2,0,2,4,18,5,2,11 - RT,0.0,,4,2,0,1,3,1,5,1,30,adult
202100055016,13,1,2021,0 days 04:51:00,3,91,91339,1,9,2,3,RTE NATIONALE 20,"48,6226030000","2,2602650000",1,1,1,1972.0,4,1,4,-1,B01,1,0,2,4,1,5,3,RTE NATIONALE 20,0.0,,-1,1,0,2,2,2,0,1,50,child