Num_Acc,jour,mois,an,hrmn,lum,dep,com,agg,int,atm,col,adr,lat,long,catu,grav,sexe,an_nais,trajet,secu1,secu2,secu3,num_veh_y,senc,obs,obsm,choc,manv,motor,catr,voie,v1,v2,circ,nbv,vosp,prof,plan,surf,infra,situ,vma,age
202100055016,13,1,2021,0 days 04:51:00,3,91,91339,1,9,2,3,RTE NATIONALE 20,"48,6226030000","2,2602650000",1,4,1,1999.0,0,8,0,-1,B01,1,0,2,4,1,5,3,RTE NATIONALE 20,0.0,,-1,1,0,2,2,2,0,1,50,adult
202100055063,13,1,2021,0 days 09:10:00,1,06,06030,2,1,1,2,CARIMAI (RUE),"43,5672000000","6,9701900000",1,3,1,1953.0,5,2,8,-1,B01,1,0,2,1,2,6,3,CARIMAI (RUE),0.0,,2,2,0,1,1,2,0,1,50,child
202100055063,13,1,2021,0 days 09:10:00,1,06,06030,2,1,1,2,CARIMAI (RUE),"43,5672000000","6,9701900000",1,1,1,1978.0,4,1,8,-1,B01,1,0,2,1,2,6,3,CARIMAI (RUE),0.0,,2,2,0,1,1,2,0,1,50,adult
202100055066,13,1,2021,0 days 22:45:00,5,75,75120,2,4,2,5,AVENUE IBSEN,"48,8664900000","2,4126720000",1,4,2,1960.0,1,2,0,-1,B01,3,0,2,8,19,5,4,AVENUE IBSEN,0.0,,1,2,0,1,1,2,0,1,50,child
202100055066,13,1,2021,0 days 22:45:00,5,75,75120,2,4,2,5,AVENUE IBSEN,"48,8664900000","2,4126720000",1,4,1,1967.0,1,8,0,-1,B01,3,0,2,8,19,5,4,AVENUE IBSEN,0.0,,1,2,0,1,1,2,0,1,50,adult
202100055066,13,1,2021,0 days 22:45:00,5,75,75120,2,4,2,5,AVENUE IBSEN,"48,8664900000","2,4126720000",1,1,2,1983.0,4,1,0,-1,B01,3,0,2,8,19,5,4,AVENUE IBSEN,0.0,,1,2,0,1,1,2,0,1,50,adult
202100055092,14,1,2021,0 days 07:25:00,5,92,92036,2,6,2,3,PRINCIPALE DU PORT (ROUTE) (S/SA15/+),"48,9379605635","2,2777695679",1,1,1,1972.0,4,1,0,-1,B01,1,0,2,1,2,5,4,PRINCIPALE DU PORT (ROUTE) (S/SA15/+),0.0,,1,2,1,1,3,2,5,1,50,child
202100055092,14,1,2021,0 days 07:25:00,5,92,92036,2,6,2,3,PRINCIPALE DU PORT (ROUTE) (S/SA15/+),"48,9379605635","2,2777695679",1,4,2,1993.0,1,8,0,-1,B01,1,0,2,1,2,5,4,PRINCIPALE DU PORT (ROUTE) (S/SA15/+),0.0,,1,2,1,1,3,2,5,1,50,adult
202100055097,14,1,2021,0 days 14:55:00,1,972,97221,1,1,1,2,RN5,"14,5071920000"," -60,9814170000",1,3,1,1951.0,5,2,-1,-1,B01,1,0,2,4,2,5,2,5,-1.0,,2,4,0,1,1,1,0,1,70,child
202100055097,14,1,2021,0 days 14:55:00,1,972,97221,1,1,1,2,RN5,"14,5071920000"," -60,9814170000",1,1,1,1972.0,4,1,-1,-1,B01,1,0,2,4,2,5,2,5,-1.0,,2,4,0,1,1,1,0,1,70,adult
202100055110,13,1,2021,0 days 15:25:00,1,44,44158,2,6,1,2,Rue de la Chézine,"47,2700500000"," -1,7625010000",1,3,1,1955.0,5,2,6,-1,B01,3,0,2,5,1,5,4,,0.0,,2,1,0,1,1,1,0,1,50,child
202100055110,13,1,2021,0 days 15:25:00,1,44,44158,2,6,1,2,Rue de la Chézine,"47,2700500000"," -1,7625010000",1,1,2,1990.0,0,1,-1,-1,B01,3,0,2,5,1,5,4,,0.0,,2,1,0,1,1,1,0,1,50,adult
202100055203,13,1,2021,0 days 21:04:00,5,75,75105,2,3,2,3,QUAI SAINT BERNARD,"48,8468450000","2,3609770000",1,4,1,1971.0,9,8,0,-1,A01,1,0,2,1,11,5,4,QUAI SAINT BERNARD,0.0,,2,3,0,1,1,2,0,1,50,child
202100055203,13,1,2021,0 days 21:04:00,5,75,75105,2,3,2,3,QUAI SAINT BERNARD,"48,8468450000","2,3609770000",1,1,1,1997.0,5,1,0,-1,A01,1,0,2,1,11,5,4,QUAI SAINT BERNARD,0.0,,2,3,0,1,1,2,0,1,50,adult
202100055239,14,1,2021,0 days 08:25:00,2,56,56120,2,1,2,3,Rue Désiré Caudal,"47,7602500000"," -2,7676000000",1,1,2,1982.0,2,1,-1,-1,A01,1,0,2,1,19,5,3,181,-1.0,,2,2,0,1,1,2,0,1,50,child
202100055239,14,1,2021,0 days 08:25:00,2,56,56120,2,1,2,3,Rue Désiré Caudal,"47,7602500000"," -2,7676000000",1,4,1,2010.0,2,2,-1,-1,A01,1,0,2,1,19,5,3,181,-1.0,,2,2,0,1,1,2,0,1,50,adult
202100055270,12,1,2021,0 days 14:15:00,1,973,97302,2,1,2,3,SPATULES (RUE DES) CITE EAU LISETTE,"4,9263000000"," -52,3230500000",1,1,1,1932.0,9,1,0,-1,A01,1,0,2,7,19,0,4,SPATULES (RUE DES) CITE EAU LISETTE,0.0,,2,1,0,1,1,2,0,1,50,child
202100055270,12,1,2021,0 days 14:15:00,1,973,97302,2,1,2,3,SPATULES (RUE DES) CITE EAU LISETTE,"4,9263000000"," -52,3230500000",1,3,1,2007.0,0,2,0,-1,A01,1,0,2,7,19,0,4,SPATULES (RUE DES) CITE EAU LISETTE,0.0,,2,1,0,1,1,2,0,1,50,adult
202100055277,12,1,2021,0 days 08:00:00,5,91,91103,2,3,2,3,BD DE FRANCE,"48,5989700000","2,3044200000",1,1,2,1956.0,1,1,0,-1,B01,3,0,2,8,16,5,4,BD DE FRANCE,0.0,,2,2,0,1,1,2,0,1,50,child
202100055277,12,1,2021,0 days 08:00:00,5,91,91103,2,3,2,3,BD DE FRANCE,"48,5989700000","2,3044200000",1,4,1,2008.0,2,8,0,-1,B01,3,0,2,8,16,5,4,BD DE FRANCE,0.0,,2,2,0,1,1,2,0,1,50,adult
202100055462,11,1,2021,0 days 08:10:00,5,78,78650,2,2,1,3,ALSACE (AVENUE D'),"48,8878800000","2,1274500000",1,1,1,1967.0,4,8,0,-1,B01,1,0,2,0,1,5,3,ALSACE (AVENUE D'),0.0,,2,2,0,1,1,2,5,1,50,child
202100055462,11,1,2021,0 days 08:10:00,5,78,78650,2,2,1,3,ALSACE (AVENUE D'),"48,8878800000","2,1274500000",1,2,1,2004.0,2,2,-1,-1,B01,1,0,2,0,1,5,3,ALSACE (AVENUE D'),0.0,,2,2,0,1,1,2,5,1,50,adult
202100055529,10,1,2021,0 days 19:50:00,5,75,75111,2,4,1,6,AVENUE LEDRU ROLLIN,"48,8545127779","2,3780304193",3,4,2,1954.0,3,0,-1,-1,A01,1,0,1,1,1,5,4,AVENUE LEDRU ROLLIN,0.0,,2,2,0,1,1,1,0,1,50,child
202100055529,10,1,2021,0 days 19:50:00,5,75,75111,2,4,1,6,AVENUE LEDRU ROLLIN,"48,8545127779","2,3780304193",1,4,1,1999.0,4,8,0,-1,A01,1,0,1,1,1,5,4,AVENUE LEDRU ROLLIN,0.0,,2,2,0,1,1,1,0,1,50,adult
202100055594,11,1,2021,0 days 06:00:00,5,53,53097,2,1,2,2,Rue de Laval,"48,1495810000"," -0,4087900000",1,1,1,1979.0,1,1,-1,-1,A01,1,0,0,4,0,0,4,,0.0,,2,2,0,1,1,2,0,1,50,child
202100055594,11,1,2021,0 days 06:00:00,5,53,53097,2,1,2,2,Rue de Laval,"48,1495810000"," -0,4087900000",1,3,1,2004.0,1,2,4,9,A01,1,0,0,4,0,0,4,,0.0,,2,2,0,1,1,2,0,1,50,adult
202100055637,8,1,2021,0 days 15:35:00,1,77,77470,2,1,8,1,26 Hameau de Ville,"48,7468340000","2,7882370000",1,3,1,1950.0,5,2,-1,-1,A01,1,0,2,1,5,5,4,0,0.0,C,2,2,0,1,1,1,0,1,30,child
202100055637,8,1,2021,0 days 15:35:00,1,77,77470,2,1,8,1,26 Hameau de Ville,"48,7468340000","2,7882370000",1,1,1,1984.0,0,1,-1,-1,A01,1,0,2,1,5,5,4,0,0.0,C,2,2,0,1,1,1,0,1,30,adult
202100055669,8,1,2021,0 days 16:50:00,1,26,26198,2,1,1,3,18  Avenue de Gournier,"44,5326000000","4,7392000000",1,1,2,1967.0,4,1,-1,-1,B01,2,0,2,1,5,5,2,7,0.0,,2,3,0,1,1,1,0,1,70,child
202100055669,8,1,2021,0 days 16:50:00,1,26,26198,2,1,1,3,18  Avenue de Gournier,"44,5326000000","4,7392000000",1,4,1,2004.0,9,2,-1,-1,B01,2,0,2,1,5,5,2,7,0.0,,2,3,0,1,1,1,0,1,70,adult
202100055708,9,1,2021,0 days 15:00:00,1,29,29174,1,1,1,3,D2 - Coat-Hellen (Restaurant),"47,8778176242"," -4,2468126814",1,3,1,1959.0,5,0,-1,-1,B01,1,0,2,8,15,5,3,2,-1.0,,2,2,0,1,1,1,0,1,80,child
202100055708,9,1,2021,0 days 15:00:00,1,29,29174,1,1,1,3,D2 - Coat-Hellen (Restaurant),"47,8778176242"," -4,2468126814",1,1,1,1991.0,3,1,-1,-1,B01,1,0,2,8,15,5,3,2,-1.0,,2,2,0,1,1,1,0,1,80,adult
202100055731,9,1,2021,0 days 16:40:00,1,22,22174,1,3,1,3,intersection D786/D16,"48,6142540000"," -2,3368690000",1,1,1,1947.0,5,1,-1,-1,B01,1,0,2,8,9,5,3,786,0.0,,2,2,0,3,3,1,5,1,70,child
202100055731,9,1,2021,0 days 16:40:00,1,22,22174,1,3,1,3,intersection D786/D16,"48,6142540000"," -2,3368690000",1,4,1,2005.0,5,0,-1,-1,B01,1,0,2,8,9,5,3,786,0.0,,2,2,0,3,3,1,5,1,70,adult
202100055770,7,1,2021,0 days 18:25:00,5,69,69275,2,6,1,3,ELISEE RECLUS (R),"45,7585300000","4,9599600000",1,4,1,1974.0,1,2,8,-1,B01,3,0,2,5,19,5,4,ELISEE RECLUS                       (R ),0.0,,1,3,0,1,1,1,0,1,50,child
202100055770,7,1,2021,0 days 18:25:00,5,69,69275,2,6,1,3,ELISEE RECLUS (R),"45,7585300000","4,9599600000",1,1,1,1997.0,1,1,0,-1,B01,3,0,2,5,19,5,4,ELISEE RECLUS                       (R ),0.0,,1,3,0,1,1,1,0,1,50,adult
202100055776,8,1,2021,0 days 14:30:00,1,64,64102,2,1,1,3,AQUITAINE (AVENUE DE L'),"43,4868500000"," -1,4700000000",1,1,2,1967.0,5,1,0,-1,B01,3,0,2,1,1,5,4,,0.0,,2,4,1,2,1,1,0,5,50,child
202100055776,8,1,2021,0 days 14:30:00,1,64,64102,2,1,1,3,AQUITAINE (AVENUE DE L'),"43,4868500000"," -1,4700000000",1,4,2,1992.0,5,8,0,-1,B01,3,0,2,1,1,5,4,,0.0,,2,4,1,2,1,1,0,5,50,adult
202100055803,8,1,2021,0 days 08:36:00,2,31,31149,2,1,1,2,Rond-point de Gascogne,"43,6085900000","1,3268000000",1,1,2,1962.0,4,1,0,-1,B01,1,0,2,0,1,5,7,RD POINT GASCOGNE,0.0,,1,2,0,1,2,1,0,1,50,child
202100055803,8,1,2021,0 days 08:36:00,2,31,31149,2,1,1,2,Rond-point de Gascogne,"43,6085900000","1,3268000000",1,4,1,1992.0,0,2,4,-1,B01,1,0,2,0,1,5,7,RD POINT GASCOGNE,0.0,,1,2,0,1,2,1,0,1,50,adult
202100055805,7,1,2021,0 days 19:10:00,5,31,31555,2,1,1,3,Rond-Point Louis Destrem,"43,5878500000","1,3945600000",1,1,2,1975.0,0,1,0,-1,A01,1,0,2,7,12,5,7,50,0.0,,1,-1,0,1,3,1,0,1,50,child
202100055805,7,1,2021,0 days 19:10:00,5,31,31555,2,1,1,3,Rond-Point Louis Destrem,"43,5878500000","1,3945600000",1,3,2,2000.0,1,8,0,-1,A01,1,0,2,7,12,5,7,50,0.0,,1,-1,0,1,3,1,0,1,50,adult
202100055808,8,1,2021,0 days 13:25:00,1,24,24037,2,1,1,2,PIMONT (BOULEVAR LOUIS),"44,8453000000","0,4888100000",1,3,1,1946.0,5,2,4,-1,B01,1,0,2,4,2,5,3,PIMONT (BOULEVAR LOUIS),0.0,,2,2,0,2,1,1,2,1,50,child
202100055808,8,1,2021,0 days 13:25:00,1,24,24037,2,1,1,2,PIMONT (BOULEVAR LOUIS),"44,8453000000","0,4888100000",1,1,2,1991.0,1,1,0,-1,B01,1,0,2,4,2,5,3,PIMONT (BOULEVAR LOUIS),0.0,,2,2,0,2,1,1,2,1,50,adult
202100055876,9,1,2021,0 days 10:30:00,1,95,95409,2,1,1,3,RD 11,"49,0430577885","2,3387010399",1,4,1,1957.0,5,2,-1,-1,B01,2,0,2,8,19,5,3,11,-1.0,,1,1,1,3,3,1,0,1,30,child
202100055876,9,1,2021,0 days 10:30:00,1,95,95409,2,1,1,3,RD 11,"49,0430577885","2,3387010399",1,1,1,1984.0,3,1,-1,-1,B01,2,0,2,8,19,5,3,11,-1.0,,1,1,1,3,3,1,0,1,30,adult
202100055923,7,1,2021,0 days 09:00:00,1,33,33063,2,2,1,3,Boulevard Antoine Gautier,"44,8365700000"," -0,5990300000",1,2,2,1971.0,5,8,-1,-1,A01,2,0,2,1,19,5,4,,0.0,,3,4,3,1,1,1,5,1,50,child
202100055923,7,1,2021,0 days 09:00:00,1,33,33063,2,2,1,3,Boulevard Antoine Gautier,"44,8365700000"," -0,5990300000",1,1,1,1992.0,4,1,-1,-1,A01,2,0,2,1,19,5,4,,0.0,,3,4,3,1,1,1,5,1,50,adult
202100055943,7,1,2021,0 days 18:00:00,5,75,75112,2,1,2,3,RUE CROZATIER,"48,8489260000","2,3800250000",1,1,1,1961.0,9,1,0,-1,B01,1,0,2,1,1,5,4,RUE CROZATIER,0.0,,2,2,0,1,1,2,0,1,50,child
202100055943,7,1,2021,0 days 18:00:00,5,75,75112,2,1,2,3,RUE CROZATIER,"48,8489260000","2,3800250000",1,4,1,1997.0,1,2,0,-1,B01,1,0,2,1,1,5,4,RUE CROZATIER,0.0,,2,2,0,1,1,2,0,1,50,adult
202100055944,7,1,2021,0 days 08:05:00,2,75,75112,2,7,2,1,PLACE EDOUARD RENARD,"48,8352020000","2,4070150000",1,4,1,1950.0,5,2,0,-1,B01,2,0,2,1,1,5,4,PLACE EDOUARD RENARD,0.0,,1,3,1,1,1,2,-1,5,50,child
202100055944,7,1,2021,0 days 08:05:00,2,75,75112,2,7,2,1,PLACE EDOUARD RENARD,"48,8352020000","2,4070150000",1,1,1,1976.0,1,2,0,-1,B01,2,0,2,1,1,5,4,PLACE EDOUARD RENARD,0.0,,1,3,1,1,1,2,-1,5,50,adult
202100055977,8,1,2021,0 days 07:55:00,2,89,89460,2,2,2,1,,"48,3352420000","3,0641560000",1,1,1,1977.0,1,1,-1,-1,B01,3,0,2,8,0,5,3,103,0.0,D,2,2,0,2,1,2,5,1,50,child
202100055977,8,1,2021,0 days 07:55:00,2,89,89460,2,2,2,1,,"48,3352420000","3,0641560000",1,3,1,2007.0,2,0,-1,-1,B01,3,0,2,8,0,5,3,103,0.0,D,2,2,0,2,1,2,5,1,50,adult
202100055978,6,1,2021,0 days 12:10:00,1,76,76711,2,1,1,1,Rue de la Commune de Paris,"50,0604450000","1,3726960000",1,1,2,1972.0,5,1,-1,-1,B01,2,0,2,1,1,5,3,78,0.0,,2,2,0,2,1,1,0,1,50,child
202100055978,6,1,2021,0 days 12:10:00,1,76,76711,2,1,1,1,Rue de la Commune de Paris,"50,0604450000","1,3726960000",1,4,1,1999.0,1,0,-1,-1,B01,2,0,2,1,1,5,3,78,0.0,,2,2,0,2,1,1,0,1,50,adult
202100056049,6,1,2021,0 days 14:50:00,1,35,35238,2,6,1,3,GAYEULLES (ROND POINT),"48,1277900000"," -1,6521100000",1,1,1,1970.0,0,8,-1,-1,B01,3,0,2,1,1,5,4,GAYEULLES (ROND POINT),0.0,,1,4,1,1,3,1,5,5,50,child
202100056049,6,1,2021,0 days 14:50:00,1,35,35238,2,6,1,3,GAYEULLES (ROND POINT),"48,1277900000"," -1,6521100000",1,4,1,1997.0,9,8,-1,-1,B01,3,0,2,1,1,5,4,GAYEULLES (ROND POINT),0.0,,1,4,1,1,3,1,5,5,50,adult
202100056066,6,1,2021,0 days 16:00:00,1,75,75116,2,5,1,2,AVENUE DE L HIPPODROME,"48,8622800000","2,2383210000",1,1,2,1974.0,9,1,0,-1,A01,3,0,2,1,1,5,4,AVENUE DE L HIPPODROME,0.0,,-1,2,1,1,1,1,-1,5,50,child
202100056066,6,1,2021,0 days 16:00:00,1,75,75116,2,5,1,2,AVENUE DE L HIPPODROME,"48,8622800000","2,2383210000",1,4,1,2005.0,5,2,0,-1,A01,3,0,2,1,1,5,4,AVENUE DE L HIPPODROME,0.0,,-1,2,1,1,1,1,-1,5,50,adult
202100056069,6,1,2021,0 days 16:15:00,2,75,75112,2,5,8,3,AVENUE DE SAINT MANDE,"48,8446739656","2,4057128628",1,1,1,1937.0,5,8,0,-1,B01,1,0,2,8,1,5,4,AVENUE DE SAINT MANDE,0.0,,2,2,0,1,1,1,-1,5,50,child
202100056069,6,1,2021,0 days 16:15:00,2,75,75112,2,5,8,3,AVENUE DE SAINT MANDE,"48,8446739656","2,4057128628",1,3,2,1971.0,5,8,0,-1,B01,1,0,2,8,1,5,4,AVENUE DE SAINT MANDE,0.0,,2,2,0,1,1,1,-1,5,50,adult
202100056075,6,1,2021,0 days 09:00:00,1,94,94021,2,3,1,3,GENERAL DE GAULLE (AV DU),"48,7716000000","2,3465900000",1,1,1,1964.0,3,8,8,-1,B01,1,0,2,1,19,5,3,GENERAL DE GAULLE (AV DU),0.0,,4,3,1,1,3,1,5,5,50,child
202100056075,6,1,2021,0 days 09:00:00,1,94,94021,2,3,1,3,GENERAL DE GAULLE (AV DU),"48,7716000000","2,3465900000",1,4,1,2001.0,2,2,8,-1,B01,1,0,2,1,19,5,3,GENERAL DE GAULLE (AV DU),0.0,,4,3,1,1,3,1,5,5,50,adult
202100056151,5,1,2021,0 days 17:50:00,5,58,58194,2,3,2,3,MARZY,"46,9880600000","3,1267400000",1,4,1,1975.0,0,8,0,-1,A01,3,0,2,1,1,5,4,MARZY,0.0,,2,2,0,1,1,2,0,1,50,child
202100056151,5,1,2021,0 days 17:50:00,5,58,58194,2,3,2,3,MARZY,"46,9880600000","3,1267400000",1,1,1,2000.0,4,1,0,-1,A01,3,0,2,1,1,5,4,MARZY,0.0,,2,2,0,1,1,2,0,1,50,adult
202100056169,5,1,2021,0 days 17:30:00,5,13,13208,2,1,1,6,MICHELET (BOULEVARD),"43,2659400000","5,3953400000",3,4,2,1943.0,5,0,-1,-1,A01,2,0,1,1,1,5,4,MICHELET (BOULEVARD),0.0,,-1,0,1,1,1,1,0,5,50,child
202100056169,5,1,2021,0 days 17:30:00,5,13,13208,2,1,1,6,MICHELET (BOULEVARD),"43,2659400000","5,3953400000",1,1,1,2000.0,0,8,0,-1,A01,2,0,1,1,1,5,4,MICHELET (BOULEVARD),0.0,,-1,0,1,1,1,1,0,5,50,adult
202100056185,5,1,2021,0 days 08:40:00,2,94,94046,2,1,1,3,GENERAL LECLERC (AV DU),"48,8099830000","2,4337490000",1,1,2,1964.0,1,1,0,-1,B01,2,0,2,8,19,5,3,GENERAL LECLERC (AV DU),0.0,,1,2,0,1,1,2,6,8,50,child
202100056185,5,1,2021,0 days 08:40:00,2,94,94046,2,1,1,3,GENERAL LECLERC (AV DU),"48,8099830000","2,4337490000",1,4,2,2008.0,2,2,0,-1,B01,2,0,2,8,19,5,3,GENERAL LECLERC (AV DU),0.0,,1,2,0,1,1,2,6,8,50,adult
202100056248,4,1,2021,0 days 07:50:00,5,64,64445,2,6,8,3,JEAN JACQUES DE MONAIX,"43,3037324938"," -0,3561113025",1,1,2,1958.0,9,1,8,-1,B01,2,0,2,7,1,5,4,JEAN JACQUES DE MONAIX,0.0,,1,1,0,1,2,2,0,1,50,child
202100056248,4,1,2021,0 days 07:50:00,5,64,64445,2,6,8,3,JEAN JACQUES DE MONAIX,"43,3037324938"," -0,3561113025",1,4,1,2001.0,9,0,0,-1,B01,2,0,2,7,1,5,4,JEAN JACQUES DE MONAIX,0.0,,1,1,0,1,2,2,0,1,50,adult
202100056276,4,1,2021,0 days 18:25:00,5,75,75119,2,3,2,3,RUE MANIN,"48,8816830000","2,3810550000",1,1,1,1945.0,5,1,0,-1,B01,2,0,2,3,1,5,4,RUE MANIN,0.0,,2,2,0,1,1,2,0,1,50,child
202100056276,4,1,2021,0 days 18:25:00,5,75,75119,2,3,2,3,RUE MANIN,"48,8816830000","2,3810550000",1,4,2,1970.0,9,2,6,-1,B01,2,0,2,3,1,5,4,RUE MANIN,0.0,,2,2,0,1,1,2,0,1,50,adult
202100056284,4,1,2021,0 days 18:15:00,5,94,94052,2,1,1,6,COULMIERS (R DE),"48,8419964227","2,4915860965",3,4,1,1947.0,5,0,-1,-1,A01,1,0,1,1,5,5,4,COULMIERS (R DE),0.0,,1,1,0,2,1,1,0,1,30,child
202100056284,4,1,2021,0 days 18:15:00,5,94,94052,2,1,1,6,COULMIERS (R DE),"48,8419964227","2,4915860965",1,1,1,2003.0,2,8,0,-1,A01,1,0,1,1,5,5,4,COULMIERS (R DE),0.0,,1,1,0,2,1,1,0,1,30,adult
202100056290,4,1,2021,0 days 08:10:00,2,93,93055,2,3,1,3,JULES AUFFRET (1/49 ET 2/54),"48,8874996701","2,4103069848",1,1,1,1960.0,4,1,0,-1,B01,2,0,2,1,1,5,3,JULES AUFFRET (1/49 ET 2/54),0.0,,2,2,0,2,1,1,0,1,50,child
202100056290,4,1,2021,0 days 08:10:00,2,93,93055,2,3,1,3,JULES AUFFRET (1/49 ET 2/54),"48,8874996701","2,4103069848",1,4,1,2003.0,2,8,0,-1,B01,2,0,2,1,1,5,3,JULES AUFFRET (1/49 ET 2/54),0.0,,2,2,0,2,1,1,0,1,50,adult
202100056300,4,1,2021,0 days 17:05:00,2,34,34111,2,6,1,3,rond point de l'Europe,"43,9322540000","3,7112870000",1,1,2,1951.0,3,1,-1,-1,A01,1,0,2,1,25,5,3,986,0.0,,4,2,0,1,1,1,5,1,50,child
202100056300,4,1,2021,0 days 17:05:00,2,34,34111,2,6,1,3,rond point de l'Europe,"43,9322540000","3,7112870000",1,4,1,2008.0,2,0,-1,-1,A01,1,0,2,1,25,5,3,986,0.0,,4,2,0,1,1,1,5,1,50,adult
202100056312,4,1,2021,0 days 16:40:00,1,24,24520,2,1,1,3,RD 704,"44,8750500000","1,2246860000",1,1,1,1960.0,4,1,-1,-1,A01,2,0,2,3,25,5,3,704,-1.0,D,2,2,0,1,1,1,0,1,50,child
202100056312,4,1,2021,0 days 16:40:00,1,24,24520,2,1,1,3,RD 704,"44,8750500000","1,2246860000",1,3,2,2005.0,5,0,-1,-1,A01,2,0,2,3,25,5,3,704,-1.0,D,2,2,0,1,1,1,0,1,50,adult
202100056346,3,1,2021,0 days 18:20:00,5,94,94043,2,1,1,7,FONTAINEBLEAU (AV DE),"48,8104900000","2,3619400000",3,4,1,1972.0,0,0,-1,-1,A01,1,0,1,1,13,0,3,FONTAINEBLEAU (AV DE),0.0,,1,1,1,1,1,1,0,1,30,child
202100056346,3,1,2021,0 days 18:20:00,5,94,94043,2,1,1,7,FONTAINEBLEAU (AV DE),"48,8104900000","2,3619400000",1,1,1,1999.0,1,2,0,-1,A01,1,0,1,1,13,0,3,FONTAINEBLEAU (AV DE),0.0,,1,1,1,1,1,1,0,1,30,adult
202100056404,1,1,2021,0 days 16:55:00,5,54,54395,2,2,1,3,MOUILLERON (RUE GABRIEL),"48,6849869839","6,1760189384",1,1,2,1960.0,5,1,-1,-1,A01,1,0,2,1,25,5,4,,0.0,,1,2,2,1,1,1,-1,1,30,child
202100056404,1,1,2021,0 days 16:55:00,5,54,54395,2,2,1,3,MOUILLERON (RUE GABRIEL),"48,6849869839","6,1760189384",1,4,1,2009.0,5,2,0,-1,A01,1,0,2,1,25,5,4,,0.0,,1,2,2,1,1,1,-1,1,30,adult
202200000016,21,10,2022,0 days 16:32:00,1,75,75106,2,1,1,3,RUE DE VAUGIRARD,"48,8479990000","2,3301760000",1,1,2,1960.0,4,8,0,-1,B01,2,0,2,1,1,5,4,RUE DE VAUGIRARD,0.0,,2,2,0,1,1,1,0,1,30,child
202200000016,21,10,2022,0 days 16:32:00,1,75,75106,2,1,1,3,RUE DE VAUGIRARD,"48,8479990000","2,3301760000",1,4,1,1982.0,9,8,0,-1,B01,2,0,2,1,1,5,4,RUE DE VAUGIRARD,0.0,,2,2,0,1,1,1,0,1,30,adult
202200000058,21,10,2022,0 days 20:00:00,5,92,92048,2,1,1,2,JEAN JAURES (AVENUE) N° 8 A 72,"48,8128800000","2,2462000000",1,1,1,1960.0,1,1,5,-1,A01,0,0,2,2,1,5,4,,0.0,,2,2,0,4,1,1,0,1,50,child
202200000058,21,10,2022,0 days 20:00:00,5,92,92048,2,1,1,2,JEAN JAURES (AVENUE) N° 8 A 72,"48,8128800000","2,2462000000",1,4,2,1990.0,1,8,0,-1,A01,0,0,2,2,1,5,4,,0.0,,2,2,0,4,1,1,0,1,50,adult
202200000092,12,10,2022,0 days 10:45:00,1,09,09173,1,1,1,2,route de crampagna,"43,0363570000","1,5407970000",1,3,1,1958.0,5,2,6,-1,B01,2,0,2,6,1,5,3,919,0.0,,2,2,0,2,1,1,0,1,80,child
202200000092,12,10,2022,0 days 10:45:00,1,09,09173,1,1,1,2,route de crampagna,"43,0363570000","1,5407970000",1,1,1,1993.0,4,1,-1,-1,B01,2,0,2,6,1,5,3,919,0.0,,2,2,0,2,1,1,0,1,80,adult
202200000120,10,9,2022,0 days 16:00:00,1,56,56262,2,1,1,3,Rue du General de Gaulle,"47,6382310000"," -2,9528660000",1,1,1,1926.0,5,1,-1,-1,B01,1,0,2,3,1,5,3,101,0.0,D,3,2,0,2,1,1,0,1,50,child
202200000120,10,9,2022,0 days 16:00:00,1,56,56262,2,1,1,3,Rue du General de Gaulle,"47,6382310000"," -2,9528660000",1,3,1,1965.0,5,2,-1,-1,B01,1,0,2,3,1,5,3,101,0.0,D,3,2,0,2,1,1,0,1,50,adult
202200000217,21,7,2022,0 days 10:05:00,1,79,79284,2,1,1,3,10 Rue du Député Disleau,"46,4433600000"," -0,4476800000",1,1,1,1979.0,3,1,-1,-1,B01,3,12,2,6,14,5,4,,0.0, -,2,2,0,1,1,1,0,1,50,child
202200000217,21,7,2022,0 days 10:05:00,1,79,79284,2,1,1,3,10 Rue du Député Disleau,"46,4433600000"," -0,4476800000",1,3,1,2008.0,5,2,-1,-1,B01,3,12,2,6,14,5,4,,0.0, -,2,2,0,1,1,1,0,1,50,adult
202200000332,8,8,2022,0 days 21:00:00,2,35,35238,2,1,1,3,SALLE (BLD JEAN BAPTISTE DE LA),"48,1157646679"," -1,7045089602",1,1,1,1966.0,4,1,-1,-1,B01,3,0,2,8,1,5,4,SALLE (BLD JEAN BAPTISTE DE LA),0.0,,3,3,2,1,2,1,8,5,50,child
202200000332,8,8,2022,0 days 21:00:00,2,35,35238,2,1,1,3,SALLE (BLD JEAN BAPTISTE DE LA),"48,1157646679"," -1,7045089602",1,4,1,1993.0,0,2,-1,-1,B01,3,0,2,8,1,5,4,SALLE (BLD JEAN BAPTISTE DE LA),0.0,,3,3,2,1,2,1,8,5,50,adult
202200000342,4,5,2022,0 days 09:20:00,1,69,69388,2,2,1,1,Rue Florent,"45,7274300000","4,8785000000",1,1,1,1957.0,0,1,-1,-1,B01,1,0,2,7,19,5,4,FLORENT                             (R ),0.0,,1,1,0,1,1,1,0,1,50,child