Num_Acc,jour,mois,an,hrmn,lum,dep,com,agg,int,atm,col,adr,lat,long,catu,grav,sexe,an_nais,trajet,secu1,secu2,secu3,num_veh_y,senc,obs,obsm,choc,manv,motor,catr,voie,v1,v2,circ,nbv,vosp,prof,plan,surf,infra,situ,vma,age
202200000342,4,5,2022,0 days 09:20:00,1,69,69388,2,2,1,1,Rue Florent,"45,7274300000","4,8785000000",1,4,1,2012.0,0,2,-1,-1,B01,1,0,2,7,19,5,4,FLORENT                             (R ),0.0,,1,1,0,1,1,1,0,1,50,adult
202200000362,4,5,2022,0 days 17:40:00,1,64,64445,2,4,1,3,HENRI FAISANS,"43,3009100000"," -0,3596800000",1,4,1,1959.0,0,2,6,-1,B01,1,0,2,2,1,5,4,HENRI FAISANS,0.0,,2,2,0,1,2,1,0,1,30,child
202200000362,4,5,2022,0 days 17:40:00,1,64,64445,2,4,1,3,HENRI FAISANS,"43,3009100000"," -0,3596800000",1,1,2,2002.0,0,1,8,-1,B01,1,0,2,2,1,5,4,HENRI FAISANS,0.0,,2,2,0,1,2,1,0,1,30,adult
202200000380,4,5,2022,0 days 08:25:00,1,17,17028,2,6,1,3,GRASSET   AVENUE EDMOND,"46,1348700000"," -1,1204700000",1,4,1,1964.0,1,2,4,-1,Z01,3,0,2,1,15,5,4,LYSIACK   AVENUE DU COMMANDANT,0.0,,2,4,2,1,2,1,0,5,50,child
202200000380,4,5,2022,0 days 08:25:00,1,17,17028,2,6,1,3,GRASSET   AVENUE EDMOND,"46,1348700000"," -1,1204700000",1,1,1,1992.0,1,1,0,-1,Z01,3,0,2,1,15,5,4,LYSIACK   AVENUE DU COMMANDANT,0.0,,2,4,2,1,2,1,0,5,50,adult
202200000381,29,4,2022,0 days 18:10:00,1,15,15014,2,1,1,6,DOUMER (AVENUE PAUL),"44,9263300000","2,4454400000",3,4,2,1948.0,5,0,-1,-1,A01,1,0,1,2,1,5,4,DOUMER (AVENUE PAUL),0.0,,2,3,1,1,1,1,9,5,30,child
202200000381,29,4,2022,0 days 18:10:00,1,15,15014,2,1,1,6,DOUMER (AVENUE PAUL),"44,9263300000","2,4454400000",1,1,1,2006.0,5,8,0,-1,A01,1,0,1,2,1,5,4,DOUMER (AVENUE PAUL),0.0,,2,3,1,1,1,1,9,5,30,adult
202200000402,4,5,2022,0 days 15:00:00,1,75,75107,2,2,1,3,PONT DES INVALIDES,"48,8625730000","2,3104080000",1,1,1,1956.0,5,1,0,-1,B01,2,0,2,2,1,5,4,PONT DES INVALIDES,0.0,,2,3,1,1,1,1,5,5,30,child
202200000402,4,5,2022,0 days 15:00:00,1,75,75107,2,2,1,3,PONT DES INVALIDES,"48,8625730000","2,3104080000",1,4,2,2000.0,9,2,0,-1,B01,2,0,2,2,1,5,4,PONT DES INVALIDES,0.0,,2,3,1,1,1,1,5,5,30,adult
202200000405,3,5,2022,0 days 17:00:00,1,75,75101,2,2,1,3,RUE DE RIVOLI,"48,8609090000","2,3408390000",1,1,1,1964.0,1,1,0,-1,B01,2,0,2,1,1,5,4,RUE DE RIVOLI,0.0,,2,4,1,1,1,1,-1,5,30,child
202200000405,3,5,2022,0 days 17:00:00,1,75,75101,2,2,1,3,RUE DE RIVOLI,"48,8609090000","2,3408390000",1,4,1,1999.0,1,2,0,-1,B01,2,0,2,1,1,5,4,RUE DE RIVOLI,0.0,,2,4,1,1,1,1,-1,5,30,adult
202200000414,4,5,2022,0 days 09:10:00,1,94,94034,2,6,1,6,DEPORTATION (CAR DE LA),"48,7577700000","2,3292400000",1,1,1,1950.0,5,1,0,-1,B01,2,0,2,1,2,5,3,DEPORTATION (CAR DE LA),0.0,,-1,2,2,1,2,1,5,1,50,child
202200000414,4,5,2022,0 days 09:10:00,1,94,94034,2,6,1,6,DEPORTATION (CAR DE LA),"48,7577700000","2,3292400000",1,4,2,1991.0,1,1,0,-1,B01,2,0,2,1,2,5,3,DEPORTATION (CAR DE LA),0.0,,-1,2,2,1,2,1,5,1,50,adult
202200000424,4,5,2022,0 days 17:00:00,1,92,92051,2,1,1,3,"CHARLES DE GAULLE (AVENUE, N°27 A 129)","48,8802183655","2,2739046514",1,1,1,1970.0,1,1,0,-1,B01,1,1,2,1,0,5,4,,0.0,,1,1,0,1,1,1,0,1,50,child
202200000424,4,5,2022,0 days 17:00:00,1,92,92051,2,1,1,3,"CHARLES DE GAULLE (AVENUE, N°27 A 129)","48,8802183655","2,2739046514",2,4,1,2001.0,1,2,0,-1,B01,1,1,2,1,0,5,4,,0.0,,1,1,0,1,1,1,0,1,50,adult
202200000452,20,10,2022,0 days 18:20:00,4,75,75111,2,3,8,3,RUE DE CHARONNE,"48,8533140000","2,3757320000",1,4,2,1990.0,9,8,0,-1,A01,2,0,2,1,1,5,4,RUE DE CHARONNE,0.0,,1,1,0,1,1,1,0,1,30,child
202200000452,20,10,2022,0 days 18:20:00,4,75,75111,2,3,8,3,RUE DE CHARONNE,"48,8533140000","2,3757320000",1,4,1,2014.0,9,8,0,-1,A01,2,0,2,1,1,5,4,RUE DE CHARONNE,0.0,,1,1,0,1,1,1,0,1,30,adult
202200000463,19,10,2022,0 days 19:40:00,5,94,94033,2,1,1,3,Avenue Ernest Renan,"48,8564800000","2,4653500000",1,1,1,1958.0,1,1,0,-1,B01,1,0,2,8,1,5,3,ERNEST RENAN (AV),0.0,,2,2,0,1,1,1,0,1,50,child
202200000463,19,10,2022,0 days 19:40:00,5,94,94033,2,1,1,3,Avenue Ernest Renan,"48,8564800000","2,4653500000",1,4,1,1980.0,1,2,8,-1,B01,1,0,2,8,1,5,3,ERNEST RENAN (AV),0.0,,2,2,0,1,1,1,0,1,50,adult
202200000480,25,3,2022,0 days 16:30:00,1,38,38035,2,1,1,3,Route de Lyon,"45,5141310000","5,0789470000",1,1,2,1951.0,5,1,-1,-1,B01,0,0,2,8,13,5,3,,-1.0,,2,1,0,1,1,1,0,1,50,child
202200000480,25,3,2022,0 days 16:30:00,1,38,38035,2,1,1,3,Route de Lyon,"45,5141310000","5,0789470000",1,4,1,2012.0,2,2,6,-1,B01,0,0,2,8,13,5,3,,-1.0,,2,1,0,1,1,1,0,1,50,adult
202200000496,19,10,2022,0 days 15:15:00,1,92,92009,2,1,1,2,MAURICE PELLETIER ( RUE ),"48,9112380000","2,2648920000",1,1,2,1972.0,0,1,0,-1,B01,1,0,2,1,2,5,4,,0.0,,2,0,0,1,1,1,0,1,50,child
202200000496,19,10,2022,0 days 15:15:00,1,92,92009,2,1,1,2,MAURICE PELLETIER ( RUE ),"48,9112380000","2,2648920000",1,4,1,2000.0,0,2,0,-1,B01,1,0,2,1,2,5,4,,0.0,,2,0,0,1,1,1,0,1,50,adult
202200000507,19,10,2022,0 days 16:15:00,1,31,31467,2,1,1,3,Rue Léon Blum,"43,6867330000","1,4202610000",1,1,2,1961.0,5,1,-1,-1,A01,3,0,0,8,19,5,4,,-1.0,,2,2,1,1,3,1,0,1,50,child
202200000507,19,10,2022,0 days 16:15:00,1,31,31467,2,1,1,3,Rue Léon Blum,"43,6867330000","1,4202610000",1,3,1,2010.0,5,2,-1,-1,A01,3,0,0,8,19,5,4,,-1.0,,2,2,1,1,3,1,0,1,50,adult
202200000578,9,10,2022,0 days 10:46:00,2,16,16096,1,1,1,2,D178,"45,8135130000","0,5407730000",1,1,1,1946.0,5,1,-1,-1,B01,1,0,2,6,1,5,3,178,0.0,D,2,2,0,2,1,1,0,1,80,child
202200000578,9,10,2022,0 days 10:46:00,2,16,16096,1,1,1,2,D178,"45,8135130000","0,5407730000",1,3,1,1980.0,5,2,-1,-1,B01,1,0,2,6,1,5,3,178,0.0,D,2,2,0,2,1,1,0,1,80,adult
202200000592,28,9,2022,0 days 13:15:00,1,22,22050,2,1,2,2,Rue Carnot,"48,4564790000"," -2,0511720000",1,1,2,1980.0,5,1,-1,-1,B01,3,0,2,1,1,5,4,,-1.0,,2,2,0,1,1,2,0,1,30,child
202200000592,28,9,2022,0 days 13:15:00,1,22,22050,2,1,2,2,Rue Carnot,"48,4564790000"," -2,0511720000",1,3,1,2005.0,2,0,-1,-1,B01,3,0,2,1,1,5,4,,-1.0,,2,2,0,1,1,2,0,1,30,adult
202200000634,3,8,2022,0 days 18:50:00,1,73,73065,2,3,1,2,Pont des Amours,"45,5675845444","5,9245372676",1,4,1,1965.0,5,0,-1,-1,B01,3,0,2,1,1,5,4,,-1.0,,2,4,0,4,3,1,5,1,50,child
202200000634,3,8,2022,0 days 18:50:00,1,73,73065,2,3,1,2,Pont des Amours,"45,5675845444","5,9245372676",1,1,1,1996.0,0,1,-1,-1,B01,3,0,2,1,1,5,4,,-1.0,,2,4,0,4,3,1,5,1,50,adult
202200000678,25,9,2022,0 days 12:30:00,1,33,33449,2,9,1,3,Rue Albert Menaut,"44,8937090000"," -0,7177220000",1,3,1,1959.0,5,2,-1,-1,A01,3,0,2,1,19,5,4,,-1.0,,1,1,0,1,1,1,0,1,30,child
202200000678,25,9,2022,0 days 12:30:00,1,33,33449,2,9,1,3,Rue Albert Menaut,"44,8937090000"," -0,7177220000",1,1,1,1985.0,9,1,-1,-1,A01,3,0,2,1,19,5,4,,-1.0,,1,1,0,1,1,1,0,1,30,adult
202200000692,23,9,2022,0 days 11:00:00,1,84,84007,2,2,1,6,Verdière(chemin)-MONTFAVET,"43,9432900000","4,8657400000",1,3,1,1947.0,0,8,0,-1,B01,3,0,2,1,1,5,4,Verdière(chemin)-MONTFAVET,0.0,,2,2,2,1,1,1,5,6,20,child
202200000692,23,9,2022,0 days 11:00:00,1,84,84007,2,2,1,6,Verdière(chemin)-MONTFAVET,"43,9432900000","4,8657400000",1,1,2,1988.0,0,1,0,-1,B01,3,0,2,1,1,5,4,Verdière(chemin)-MONTFAVET,0.0,,2,2,2,1,1,1,5,6,20,adult
202200000693,24,3,2022,0 days 17:15:00,1,81,81004,2,6,1,3,AGRICULTEURS (DES),"43,9208400000","2,1720500000",1,4,1,1958.0,0,8,0,-1,B01,1,12,0,0,0,5,3,AGRICULTEURS (DES),0.0,,1,1,0,1,2,1,0,1,50,child
202200000693,24,3,2022,0 days 17:15:00,1,81,81004,2,6,1,3,AGRICULTEURS (DES),"43,9208400000","2,1720500000",1,1,2,1981.0,0,1,0,-1,B01,1,12,0,0,0,5,3,AGRICULTEURS (DES),0.0,,1,1,0,1,2,1,0,1,50,adult
202200000737,23,3,2022,0 days 07:51:00,1,49,49267,2,6,1,3,PATIS,"47,4742933504"," -0,5155581236",1,3,1,1960.0,1,8,0,-1,B01,3,0,2,1,2,5,4,PATIS,0.0,,1,2,0,1,2,1,0,1,30,child
202200000737,23,3,2022,0 days 07:51:00,1,49,49267,2,6,1,3,PATIS,"47,4742933504"," -0,5155581236",1,1,1,1996.0,1,1,0,-1,B01,3,0,2,1,2,5,4,PATIS,0.0,,1,2,0,1,2,1,0,1,30,adult
202200000746,24,3,2022,0 days 16:45:00,1,38,38185,2,1,1,3,MARIE REYNOARD (AVENUE),"45,1646900000","5,7289700000",1,3,1,1933.0,0,8,0,-1,B01,3,0,2,1,19,5,7,MARIE REYNOARD (AVENUE),0.0,,2,2,0,1,1,1,5,1,30,child
202200000746,24,3,2022,0 days 16:45:00,1,38,38185,2,1,1,3,MARIE REYNOARD (AVENUE),"45,1646900000","5,7289700000",1,1,1,1965.0,0,1,0,-1,B01,3,0,2,1,19,5,7,MARIE REYNOARD (AVENUE),0.0,,2,2,0,1,1,1,5,1,30,adult
202200000751,23,3,2022,0 days 16:30:00,1,37,37261,2,1,1,1,FRANCE (PLACE ANATOLE),"47,3967800000","0,6859000000",1,4,2,1980.0,1,8,0,-1,A01,3,0,2,1,25,5,4,,0.0,,-1,0,0,1,1,1,9,4,50,child
202200000751,23,3,2022,0 days 16:30:00,1,37,37261,2,1,1,1,FRANCE (PLACE ANATOLE),"47,3967800000","0,6859000000",1,1,1,2001.0,9,8,0,-1,A01,3,0,2,1,25,5,4,,0.0,,-1,0,0,1,1,1,9,4,50,adult
202200000784,30,10,2022,0 days 15:50:00,1,14,14191,2,6,7,3,D79,"49,3223990000"," -0,4552880000",1,2,2,1962.0,5,0,-1,-1,B01,1,0,2,1,1,5,3,79,0.0,,2,2,0,1,1,1,0,1,50,child
202200000784,30,10,2022,0 days 15:50:00,1,14,14191,2,6,7,3,D79,"49,3223990000"," -0,4552880000",1,1,2,2002.0,2,1,-1,-1,B01,1,0,2,1,1,5,3,79,0.0,,2,2,0,1,1,1,0,1,50,adult
202200000784,30,10,2022,0 days 15:50:00,1,14,14191,2,6,7,3,D79,"49,3223990000"," -0,4552880000",2,1,2,2004.0,2,1,-1,-1,B01,1,0,2,1,1,5,3,79,0.0,,2,2,0,1,1,1,0,1,50,adult
202200000787,24,3,2022,0 days 13:49:00,1,15,15014,1,1,1,3,LIEU- DIT VEYRAC (CD117),"44,9247900000","2,4742400000",1,4,1,1950.0,5,8,0,-1,B01,2,0,2,8,13,5,3,LIEU- DIT VEYRAC (CD117),0.0,,2,2,0,1,1,1,0,1,90,child
202200000787,24,3,2022,0 days 13:49:00,1,15,15014,1,1,1,3,LIEU- DIT VEYRAC (CD117),"44,9247900000","2,4742400000",1,1,1,2000.0,2,1,0,-1,B01,2,0,2,8,13,5,3,LIEU- DIT VEYRAC (CD117),0.0,,2,2,0,1,1,1,0,1,90,adult
202200000811,17,10,2022,0 days 19:15:00,3,76,76481,1,6,1,6,MONTIVILLIERS (ROUTE DE),"49,5619500000","0,1164100000",1,1,2,1946.0,0,1,-1,-1,B01,1,0,2,8,16,5,3,MONTIVILLIERS (ROUTE DE),0.0,,2,2,0,1,3,2,0,1,50,child
202200000811,17,10,2022,0 days 19:15:00,3,76,76481,1,6,1,6,MONTIVILLIERS (ROUTE DE),"49,5619500000","0,1164100000",1,4,1,1996.0,5,2,-1,-1,B01,1,0,2,8,16,5,3,MONTIVILLIERS (ROUTE DE),0.0,,2,2,0,1,3,2,0,1,50,adult
202200000831,18,10,2022,0 days 13:50:00,1,66,66136,2,6,1,3,,"42,7050387372","2,8810049593",1,1,1,1973.0,4,1,8,-1,B01,2,0,2,7,1,5,4,,0.0,,3,3,0,1,1,1,0,1,30,child
202200000831,18,10,2022,0 days 13:50:00,1,66,66136,2,6,1,3,,"42,7050387372","2,8810049593",1,4,1,2004.0,2,8,0,-1,B01,2,0,2,7,1,5,4,,0.0,,3,3,0,1,1,1,0,1,30,adult
202200000833,19,10,2022,0 days 17:35:00,1,64,64129,2,1,1,3,Avenue de la Republique,"43,3033100000"," -0,3953400000",1,1,2,1958.0,0,1,0,-1,A01,1,0,2,8,19,5,4,REPUBLIQUE,0.0,,2,2,0,1,1,1,0,1,30,child
202200000833,19,10,2022,0 days 17:35:00,1,64,64129,2,1,1,3,Avenue de la Republique,"43,3033100000"," -0,3953400000",1,4,1,2011.0,5,8,8,-1,A01,1,0,2,8,19,5,4,REPUBLIQUE,0.0,,2,2,0,1,1,1,0,1,30,adult
202200000841,24,3,2022,0 days 12:30:00,1,75,75116,2,1,1,3,AVENUE KLEBER,"48,8697800000","2,2922170000",1,1,1,1968.0,1,1,0,-1,B01,2,0,2,8,11,5,4,AVENUE KLEBER,0.0,,2,3,3,1,1,1,0,1,30,child
202200000841,24,3,2022,0 days 12:30:00,1,75,75116,2,1,1,3,AVENUE KLEBER,"48,8697800000","2,2922170000",1,4,1,1996.0,1,0,0,-1,B01,2,0,2,8,11,5,4,AVENUE KLEBER,0.0,,2,3,3,1,1,1,0,1,30,adult
202200000843,11,10,2022,0 days 15:00:00,1,63,63113,2,4,1,3,RICHEPIN (RUE JEAN),"45,7815000000","3,0884800000",1,4,1,1972.0,0,2,-1,-1,B01,0,0,2,1,19,5,4,RICHEPIN (RUE JEAN),0.0,,2,2,0,1,1,2,0,1,50,child
202200000843,11,10,2022,0 days 15:00:00,1,63,63113,2,4,1,3,RICHEPIN (RUE JEAN),"45,7815000000","3,0884800000",1,1,2,1996.0,0,1,-1,-1,B01,0,0,2,1,19,5,4,RICHEPIN (RUE JEAN),0.0,,2,2,0,1,1,2,0,1,50,adult
202200000858,30,11,2022,0 days 12:40:00,1,74,74010,1,6,1,3,pk 0 D38,"45,8439340000","6,0577230000",1,3,1,1943.0,5,2,-1,-1,B01,2,0,2,8,26,5,3,1201,0.0,D,1,1,0,1,2,1,9,1,50,child
202200000858,30,11,2022,0 days 12:40:00,1,74,74010,1,6,1,3,pk 0 D38,"45,8439340000","6,0577230000",1,1,2,1987.0,9,1,-1,-1,B01,2,0,2,8,26,5,3,1201,0.0,D,1,1,0,1,2,1,9,1,50,adult
202200000895,17,10,2022,0 days 19:40:00,5,19,19031,2,2,1,3,,"45,1619800000","1,5310600000",1,4,1,1980.0,1,2,0,-1,B01,2,0,2,7,1,5,4,DUBOUSQUET LABORDERIE (RUE),0.0,,1,1,0,1,1,1,0,1,30,child
202200000895,17,10,2022,0 days 19:40:00,5,19,19031,2,2,1,3,,"45,1619800000","1,5310600000",1,1,1,2001.0,1,2,6,-1,B01,2,0,2,7,1,5,4,DUBOUSQUET LABORDERIE (RUE),0.0,,1,1,0,1,1,1,0,1,30,adult
202200000920,29,4,2022,0 days 16:50:00,1,62,62040,1,2,1,3,D942,"50,7183470000","2,3256420000",1,1,1,1971.0,4,1,-1,-1,B01,3,0,2,7,9,5,3,ROCADE (DEVIATION D'ARQUES ),0.0,,3,2,0,1,1,1,0,1,70,child
202200000920,29,4,2022,0 days 16:50:00,1,62,62040,1,2,1,3,D942,"50,7183470000","2,3256420000",1,3,1,2003.0,0,8,-1,-1,B01,3,0,2,7,9,5,3,ROCADE (DEVIATION D'ARQUES ),0.0,,3,2,0,1,1,1,0,1,70,adult
202200000921,18,12,2022,0 days 16:10:00,1,74,74305,2,1,1,3,THOUVENEL (RUE),"46,2015300000","6,2455400000",1,1,1,1978.0,5,1,0,-1,B01,1,0,0,0,0,5,4,THOUVENEL (RUE),0.0,,1,1,0,1,1,1,0,1,50,child
202200000921,18,12,2022,0 days 16:10:00,1,74,74305,2,1,1,3,THOUVENEL (RUE),"46,2015300000","6,2455400000",1,4,2,2009.0,5,0,-1,-1,B01,1,0,0,0,0,5,4,THOUVENEL (RUE),0.0,,1,1,0,1,1,1,0,1,50,adult
202200000981,18,9,2022,0 days 14:24:00,1,67,67306,1,1,1,5,D191,"48,5158460000","7,2937260000",1,4,2,1980.0,5,2,-1,-1,B01,3,3,2,0,25,5,3,191,0.0,D,2,2,0,2,3,1,0,4,80,child
202200000981,18,9,2022,0 days 14:24:00,1,67,67306,1,1,1,5,D191,"48,5158460000","7,2937260000",1,1,1,1991.0,9,1,-1,-1,B01,3,3,2,0,25,5,3,191,0.0,D,2,2,0,2,3,1,0,4,80,adult
202200000981,18,9,2022,0 days 14:24:00,1,67,67306,1,1,1,5,D191,"48,5158460000","7,2937260000",1,3,2,2010.0,5,2,-1,-1,B01,3,3,2,0,25,5,3,191,0.0,D,2,2,0,2,3,1,0,4,80,adult
202200001081,17,9,2022,0 days 15:00:00,1,29,29019,2,6,1,3,9 rue Sébastopol,"48,4002546192"," -4,4690741301",1,1,2,1973.0,4,1,-1,-1,A01,1,0,2,2,9,5,4,SEBASTOPOL,0.0,,1,2,0,1,1,1,5,1,50,child
202200001081,17,9,2022,0 days 15:00:00,1,29,29019,2,6,1,3,9 rue Sébastopol,"48,4002546192"," -4,4690741301",1,4,1,2002.0,5,2,0,-1,A01,1,0,2,2,9,5,4,SEBASTOPOL,0.0,,1,2,0,1,1,1,5,1,50,adult
202200001098,17,9,2022,0 days 18:40:00,1,75,75116,2,4,1,2,AVENUE DE LA PORTE DE SAINT CLOUD,"48,8385927303","2,2523018718",1,1,2,1959.0,5,1,0,-1,A01,1,0,2,1,19,5,4,AVENUE DE LA PORTE DE SAINT CLOUD,0.0,,2,2,1,1,1,1,0,1,30,child
202200001098,17,9,2022,0 days 18:40:00,1,75,75116,2,4,1,2,AVENUE DE LA PORTE DE SAINT CLOUD,"48,8385927303","2,2523018718",1,4,1,1997.0,5,8,0,-1,A01,1,0,2,1,19,5,4,AVENUE DE LA PORTE DE SAINT CLOUD,0.0,,2,2,1,1,1,1,0,1,30,adult
202200001139,17,9,2022,0 days 15:40:00,1,93,93051,2,1,1,1,Rue Pierre Brossolette,"48,8484584888","2,5502522934",1,1,2,1953.0,5,1,0,-1,A01,2,0,2,1,0,5,4,PIERRE BROSSOLETTE,0.0,,1,1,0,1,1,1,0,1,30,child
202200001139,17,9,2022,0 days 15:40:00,1,93,93051,2,1,1,1,Rue Pierre Brossolette,"48,8484584888","2,5502522934",1,4,1,2009.0,5,2,8,-1,A01,2,0,2,1,0,5,4,PIERRE BROSSOLETTE,0.0,,1,1,0,1,1,1,0,1,30,adult
202200001165,6,5,2022,0 days 17:00:00,1,35,35051,2,6,1,3,RENNES (RUE DE),"48,1140330059"," -1,6203244776",1,4,2,1953.0,9,2,0,-1,B01,0,0,2,1,16,5,4,RENNES (RUE DE),0.0,,3,2,3,1,2,1,0,5,30,child
202200001165,6,5,2022,0 days 17:00:00,1,35,35051,2,6,1,3,RENNES (RUE DE),"48,1140330059"," -1,6203244776",1,1,1,1993.0,9,1,-1,-1,B01,0,0,2,1,16,5,4,RENNES (RUE DE),0.0,,3,2,3,1,2,1,0,5,30,adult
202200001219,5,7,2022,0 days 08:35:00,1,93,93078,2,1,1,1,Avenue Emile Dambel,"48,9539700000","2,5489400000",1,1,1,1981.0,4,8,0,-1,B01,3,1,2,8,19,5,4,DAMBEL (AVENUE EMILE),0.0,,2,2,0,1,1,1,9,1,50,child
202200001219,5,7,2022,0 days 08:35:00,1,93,93078,2,1,1,1,Avenue Emile Dambel,"48,9539700000","2,5489400000",1,4,1,2012.0,2,8,0,-1,B01,3,1,2,8,19,5,4,DAMBEL (AVENUE EMILE),0.0,,2,2,0,1,1,1,9,1,50,adult
202200001313,9,8,2022,0 days 20:00:00,2,76,76224,1,2,1,3,D925,"49,6344400000","0,3378700000",1,1,1,1967.0,1,1,-1,-1,B01,0,0,2,7,19,5,3,925,0.0,D,2,1,0,1,1,1,0,1,80,child
202200001313,9,8,2022,0 days 20:00:00,2,76,76224,1,2,1,3,D925,"49,6344400000","0,3378700000",1,3,1,1998.0,5,0,-1,-1,B01,0,0,2,7,19,5,3,925,0.0,D,2,1,0,1,1,1,0,1,80,adult
202200001343,8,8,2022,0 days 21:20:00,2,13,13111,1,1,1,1,RD10,"43,5548930000","5,5448340000",1,1,1,1971.0,5,1,-1,-1,B01,1,0,2,3,1,5,3,10,-1.0,,2,2,0,2,1,1,0,1,90,child
202200001343,8,8,2022,0 days 21:20:00,2,13,13111,1,1,1,1,RD10,"43,5548930000","5,5448340000",1,3,2,1998.0,1,0,-1,-1,B01,1,0,2,3,1,5,3,10,-1.0,,2,2,0,2,1,1,0,1,90,adult
202200001352,8,8,2022,0 days 13:10:00,1,60,60395,2,1,1,3,Rue des Dentellières,"49,2420625674","2,1387387514",1,4,2,1951.0,3,2,-1,-1,B01,1,0,2,7,12,5,4,,-1.0,,1,2,0,1,1,1,0,1,30,child
202200001352,8,8,2022,0 days 13:10:00,1,60,60395,2,1,1,3,Rue des Dentellières,"49,2420625674","2,1387387514",1,1,2,1997.0,3,1,-1,-1,B01,1,0,2,7,12,5,4,,-1.0,,1,2,0,1,1,1,0,1,30,adult
202200001378,6,8,2022,0 days 18:53:00,1,88,88429,2,2,1,1,route de Raon aux Bois,"48,0295500000","6,5758800000",1,1,2,1964.0,5,1,0,-1,B01,3,0,2,8,15,5,4,route de Raon aux Bois,0.0,,2,2,0,2,1,1,0,1,50,child
202200001378,6,8,2022,0 days 18:53:00,1,88,88429,2,2,1,1,route de Raon aux Bois,"48,0295500000","6,5758800000",1,3,2,1967.0,5,2,0,-1,B01,3,0,2,8,15,5,4,route de Raon aux Bois,0.0,,2,2,0,2,1,1,0,1,50,adult
202200001378,6,8,2022,0 days 18:53:00,1,88,88429,2,2,1,1,route de Raon aux Bois,"48,0295500000","6,5758800000",2,1,2,2000.0,5,1,0,-1,B01,3,0,2,8,15,5,4,route de Raon aux Bois,0.0,,2,2,0,2,1,1,0,1,50,adult
202200001414,7,8,2022,0 days 12:30:00,1,75,75116,2,4,1,4,RUE DE REMUSAT,"48,8479360000","2,2714040000",1,1,2,1965.0,1,1,0,-1,C01,3,0,2,7,1,5,4,RUE DE REMUSAT,0.0,,1,1,0,1,1,1,0,1,30,child
202200001414,7,8,2022,0 days 12:30:00,1,75,75116,2,4,1,4,RUE DE REMUSAT,"48,8479360000","2,2714040000",1,1,2,1990.0,9,8,0,-1,C01,3,0,2,7,1,5,4,RUE DE REMUSAT,0.0,,1,1,0,1,1,1,0,1,30,adult
202200001414,7,8,2022,0 days 12:30:00,1,75,75116,2,4,1,4,RUE DE REMUSAT,"48,8479360000","2,2714040000",1,4,1,2003.0,4,8,0,-1,C01,3,0,2,7,1,5,4,RUE DE REMUSAT,0.0,,1,1,0,1,1,1,0,1,30,adult
202200001415,7,8,2022,0 days 10:10:00,1,75,75115,2,2,1,3,BOULEVARD DE VAUGIRARD,"48,8404790000","2,3149070000",1,1,1,1965.0,9,1,0,-1,B01,1,0,2,7,1,5,4,BOULEVARD DE VAUGIRARD,0.0,,1,1,1,1,1,1,0,1,30,child
202200001415,7,8,2022,0 days 10:10:00,1,75,75115,2,2,1,3,BOULEVARD DE VAUGIRARD,"48,8404790000","2,3149070000",1,4,1,1993.0,9,8,0,-1,B01,1,0,2,7,1,5,4,BOULEVARD DE VAUGIRARD,0.0,,1,1,1,1,1,1,0,1,30,adult
202200001422,7,8,2022,0 days 16:45:00,1,93,93051,2,1,1,6,Rue Charles Pranard,"48,8480100000","2,5728700000",3,4,1,1941.0,5,0,-1,-1,A01,3,0,1,4,1,5,4,CHARLES PRANARD,0.0,,2,2,0,1,1,1,0,6,30,child
202200001422,7,8,2022,0 days 16:45:00,1,93,93051,2,1,1,6,Rue Charles Pranard,"48,8480100000","2,5728700000",1,1,1,2012.0,5,8,0,-1,A01,3,0,1,4,1,5,4,CHARLES PRANARD,0.0,,2,2,0,1,1,1,0,6,30,adult
202200001548,19,4,2022,0 days 22:20:00,5,33,33522,2,1,2,6,Boulevard George V,"44,8228500000"," -0,5855400000",1,4,2,1970.0,0,8,4,-1,B01,1,1,0,1,1,5,4,Boulevard George V,0.0,,3,4,3,1,1,2,0,5,50,child
202200001548,19,4,2022,0 days 22:20:00,5,33,33522,2,1,2,6,Boulevard George V,"44,8228500000"," -0,5855400000",1,1,2,1994.0,9,8,-1,-1,B01,1,1,0,1,1,5,4,Boulevard George V,0.0,,3,4,3,1,1,2,0,5,50,adult
202200001550,3,5,2022,0 days 09:05:00,1,31,31555,2,1,1,6,RIEUX (AV JEAN) DU 1AU 41,"43,5982500000","1,4569900000",3,3,2,1942.0,9,0,-1,-1,A01,2,0,1,1,1,5,4,RIEUX (AV JEAN) DU 1AU 41,0.0,,2,2,0,4,1,1,0,1,50,child
202200001550,3,5,2022,0 days 09:05:00,1,31,31555,2,1,1,6,RIEUX (AV JEAN) DU 1AU 41,"43,5982500000","1,4569900000",1,4,1,1989.0,1,8,0,-1,A01,2,0,1,1,1,5,4,RIEUX (AV JEAN) DU 1AU 41,0.0,,2,2,0,4,1,1,0,1,50,adult
202200001574,3,5,2022,0 days 08:00:00,1,75,75110,2,1,1,3,QUAI DE VALMY,"48,8809404779","2,3678997159",1,1,1,1955.0,4,1,0,-1,B01,2,0,2,1,1,5,4,QUAI DE VALMY,0.0,,1,2,0,1,1,1,0,1,30,child