Num_Acc,jour,mois,an,hrmn,lum,dep,com,agg,int,atm,col,adr,lat,long,catu,grav,sexe,an_nais,trajet,secu1,secu2,secu3,num_veh_y,senc,obs,obsm,choc,manv,motor,catr,voie,v1,v2,circ,nbv,vosp,prof,plan,surf,infra,situ,vma,age
202200002762,5,7,2022,0 days 15:45:00,1,69,69121,2,1,1,3,33 Chemin de Vavre,"45,8556470000","4,6926200000",1,1,2,1972.0,3,1,-1,-1,B01,0,0,2,3,15,5,6,**,0.0, -,-1,0,0,1,1,1,0,8,30,child
202200002762,5,7,2022,0 days 15:45:00,1,69,69121,2,1,1,3,33 Chemin de Vavre,"45,8556470000","4,6926200000",1,4,1,2009.0,5,0,-1,-1,B01,0,0,2,3,15,5,6,**,0.0, -,-1,0,0,1,1,1,0,8,30,adult
202200002772,6,7,2022,0 days 21:00:00,1,59,59106,2,6,1,3,Rue Felix Dehau,"50,5768260000","3,1941410000",1,1,1,1967.0,1,1,-1,-1,B01,0,0,2,1,5,5,7,955,0.0,M,1,1,0,1,1,1,0,1,50,child
202200002772,6,7,2022,0 days 21:00:00,1,59,59106,2,6,1,3,Rue Felix Dehau,"50,5768260000","3,1941410000",1,4,1,1995.0,5,2,-1,-1,B01,0,0,2,1,5,5,7,955,0.0,M,1,1,0,1,1,1,0,1,50,adult
202200002814,1,7,2022,0 days 18:37:00,1,87,87085,2,1,1,3,LECLERC (AVENUE DU GENERAL),"45,8479200000","1,2620200000",1,1,2,1944.0,5,1,0,-1,A01,2,0,2,1,25,5,4,LECLERC (AVENUE DU GENERAL),0.0,,2,3,1,1,1,1,0,4,50,child
202200002814,1,7,2022,0 days 18:37:00,1,87,87085,2,1,1,3,LECLERC (AVENUE DU GENERAL),"45,8479200000","1,2620200000",1,4,2,1982.0,5,2,0,-1,A01,2,0,2,1,25,5,4,LECLERC (AVENUE DU GENERAL),0.0,,2,3,1,1,1,1,0,4,50,adult
202200002817,4,7,2022,0 days 17:55:00,1,81,81065,2,1,1,6,ALBERT 1° (AV),"43,5960300000","2,2261000000",1,1,1,1939.0,5,1,8,-1,B01,2,0,2,1,1,5,4,ALBERT 1° (AV),0.0,,2,2,0,1,1,1,0,1,50,child
202200002817,4,7,2022,0 days 17:55:00,1,81,81065,2,1,1,6,ALBERT 1° (AV),"43,5960300000","2,2261000000",1,4,1,2003.0,5,2,8,-1,B01,2,0,2,1,1,5,4,ALBERT 1° (AV),0.0,,2,2,0,1,1,1,0,1,50,adult
202200002846,1,7,2022,0 days 14:15:00,1,44,44184,2,1,1,2,Route de Saint-Marc,"47,2540000000"," -2,2603100000",1,4,1,1946.0,5,8,0,-1,A01,3,0,2,1,2,5,4,SAINT-MARC (ROUTE DE) DU 02 AU 134  DU,0.0,,2,2,0,2,1,1,0,1,50,child
202200002846,1,7,2022,0 days 14:15:00,1,44,44184,2,1,1,2,Route de Saint-Marc,"47,2540000000"," -2,2603100000",1,1,1,2004.0,5,-1,0,-1,A01,3,0,2,1,2,5,4,SAINT-MARC (ROUTE DE) DU 02 AU 134  DU,0.0,,2,2,0,2,1,1,0,1,50,adult
202200002848,4,7,2022,0 days 12:40:00,1,35,35238,2,1,1,2,ROBINOT DE ST-CYR (QUAI),"48,1045700000"," -1,7189800000",1,1,2,1976.0,1,1,8,-1,B01,3,0,2,1,1,5,4,ROBINOT DE ST-CYR (QUAI),0.0,,2,2,0,1,1,1,0,1,50,child
202200002848,4,7,2022,0 days 12:40:00,1,35,35238,2,1,1,2,ROBINOT DE ST-CYR (QUAI),"48,1045700000"," -1,7189800000",1,4,2,2001.0,0,8,-1,-1,B01,3,0,2,1,1,5,4,ROBINOT DE ST-CYR (QUAI),0.0,,2,2,0,1,1,1,0,1,50,adult
202200002892,4,7,2022,0 days 09:50:00,1,92,92073,2,6,1,3,BOMBIGER (RUE DU DOCTEUR MARC),"48,8616337394","2,2123766541",1,1,1,1946.0,5,1,0,-1,Y01,3,0,2,8,1,5,3,5,0.0,,1,2,0,1,2,1,0,1,50,child
202200002892,4,7,2022,0 days 09:50:00,1,92,92073,2,6,1,3,BOMBIGER (RUE DU DOCTEUR MARC),"48,8616337394","2,2123766541",1,4,2,1975.0,0,0,-1,-1,Y01,3,0,2,8,1,5,3,5,0.0,,1,2,0,1,2,1,0,1,50,adult
202200002903,4,7,2022,0 days 08:20:00,1,92,92026,2,3,1,3,BEZONS  (DE 01 A 22),"48,8950580134","2,2500520348",1,1,1,1993.0,4,1,0,-1,Y01,3,0,2,3,19,5,3,6,0.0,,1,2,2,2,1,1,0,1,30,child
202200002903,4,7,2022,0 days 08:20:00,1,92,92026,2,3,1,3,BEZONS  (DE 01 A 22),"48,8950580134","2,2500520348",1,4,1,2015.0,2,0,-1,-1,Y01,3,0,2,3,19,5,3,6,0.0,,1,2,2,2,1,1,0,1,30,adult
202200002914,30,6,2022,0 days 08:50:00,1,84,84029,1,6,1,2,D43,"44,1573050000","4,8637570000",1,1,2,1971.0,0,1,-1,-1,B01,3,0,2,6,26,5,3,D43,-1.0,,1,1,0,1,2,1,0,1,80,child
202200002914,30,6,2022,0 days 08:50:00,1,84,84029,1,6,1,2,D43,"44,1573050000","4,8637570000",1,3,1,2002.0,9,0,-1,-1,B01,3,0,2,6,26,5,3,D43,-1.0,,1,1,0,1,2,1,0,1,80,adult
202200002973,6,8,2022,0 days 09:30:00,1,54,54547,2,1,1,6,FRERE (RUE DU GENERAL),"48,6630090000","6,1681900000",1,1,1,1970.0,4,1,0,-1,B01,2,0,2,4,1,5,4,FRERE (RUE DU GENERAL),0.0,,2,2,0,2,1,1,0,1,50,child
202200002973,6,8,2022,0 days 09:30:00,1,54,54547,2,1,1,6,FRERE (RUE DU GENERAL),"48,6630090000","6,1681900000",1,4,1,1983.0,0,2,0,-1,B01,2,0,2,4,1,5,4,FRERE (RUE DU GENERAL),0.0,,2,2,0,2,1,1,0,1,50,adult
202200002973,6,8,2022,0 days 09:30:00,1,54,54547,2,1,1,6,FRERE (RUE DU GENERAL),"48,6630090000","6,1681900000",2,4,2,2019.0,0,3,0,-1,B01,2,0,2,4,1,5,4,FRERE (RUE DU GENERAL),0.0,,2,2,0,2,1,1,0,1,50,adult
202200002986,5,8,2022,0 days 12:00:00,1,29,29019,2,3,1,2,rue Yves Collet,"48,3922920000"," -4,4797070000",1,1,2,1953.0,5,1,-1,-1,A01,2,0,2,2,17,5,4,COLLET YVES (DE 1 A 27 ET 2 A 26),0.0,,-1,1,0,2,1,1,0,1,50,child
202200002986,5,8,2022,0 days 12:00:00,1,29,29019,2,3,1,2,rue Yves Collet,"48,3922920000"," -4,4797070000",1,4,1,1999.0,4,2,-1,-1,A01,2,0,2,2,17,5,4,COLLET YVES (DE 1 A 27 ET 2 A 26),0.0,,-1,1,0,2,1,1,0,1,50,adult
202200003000,6,8,2022,0 days 22:15:00,5,75,75115,2,7,1,3,QUAI DE GRENELLE,"48,8491520000","2,2818960000",1,1,2,1943.0,5,1,0,-1,B01,3,0,2,1,1,5,4,QUAI DE GRENELLE,0.0,,2,3,1,1,1,1,-1,5,50,child
202200003000,6,8,2022,0 days 22:15:00,5,75,75115,2,7,1,3,QUAI DE GRENELLE,"48,8491520000","2,2818960000",1,4,2,1991.0,9,8,0,-1,B01,3,0,2,1,1,5,4,QUAI DE GRENELLE,0.0,,2,3,1,1,1,1,-1,5,50,adult
202200003037,6,8,2022,0 days 18:19:00,1,61,61483,1,1,1,3,le grand gué,"48,5816080000"," -0,4298190000",1,3,2,1951.0,5,0,-1,-1,B01,2,0,2,0,1,5,3,908,0.0,D,2,2,0,2,1,1,0,1,70,child
202200003037,6,8,2022,0 days 18:19:00,1,61,61483,1,1,1,3,le grand gué,"48,5816080000"," -0,4298190000",1,1,1,1994.0,4,1,-1,-1,B01,2,0,2,0,1,5,3,908,0.0,D,2,2,0,2,1,1,0,1,70,adult
202200003041,3,8,2022,0 days 08:00:00,1,39,39189,2,3,7,2,4 Rue de l’Abergement,"47,0753170000","5,4081650000",1,3,1,1942.0,5,2,-1,-1,B01,1,0,2,3,1,5,3,220,-1.0,,2,2,0,1,3,1,0,1,50,child
202200003041,3,8,2022,0 days 08:00:00,1,39,39189,2,3,7,2,4 Rue de l’Abergement,"47,0753170000","5,4081650000",1,1,2,1977.0,1,1,-1,-1,B01,1,0,2,3,1,5,3,220,-1.0,,2,2,0,1,3,1,0,1,50,adult
202200003076,7,8,2022,0 days 07:45:00,1,2B,2B148,1,1,1,3,Brancale,"42,5369710000","9,4725220000",1,1,1,1949.0,4,8,-1,-1,B01,2,0,2,8,1,5,3,107,0.0,,2,2,0,1,1,1,0,1,80,child
202200003076,7,8,2022,0 days 07:45:00,1,2B,2B148,1,1,1,3,Brancale,"42,5369710000","9,4725220000",1,3,1,1993.0,5,2,-1,-1,B01,2,0,2,8,1,5,3,107,0.0,,2,2,0,1,1,1,0,1,80,adult
202200003147,3,6,2022,0 days 06:30:00,2,974,97407,2,2,1,3,LASSERVE ALEXANDRE(RUE)," -20,9367200000","55,2909500000",1,4,1,1970.0,1,2,4,-1,B01,2,0,2,8,1,5,4,LASSERVE ALEXANDRE(RUE),0.0,,3,1,1,1,1,2,9,8,30,child
202200003147,3,6,2022,0 days 06:30:00,2,974,97407,2,2,1,3,LASSERVE ALEXANDRE(RUE)," -20,9367200000","55,2909500000",1,1,1,1997.0,9,1,0,-1,B01,2,0,2,8,1,5,4,LASSERVE ALEXANDRE(RUE),0.0,,3,1,1,1,1,2,9,8,30,adult
202200003151,1,6,2022,0 days 07:20:00,1,974,97407,2,2,1,5,SANS SOUCIS(RUE)," -20,9492300000","55,2939500000",1,1,2,1980.0,1,1,0,-1,B01,1,0,2,1,21,5,4,SANS SOUCIS(RUE),0.0,,2,1,0,1,1,1,0,1,50,child
202200003151,1,6,2022,0 days 07:20:00,1,974,97407,2,2,1,5,SANS SOUCIS(RUE)," -20,9492300000","55,2939500000",1,1,1,1989.0,4,1,8,-1,B01,1,0,2,1,21,5,4,SANS SOUCIS(RUE),0.0,,2,1,0,1,1,1,0,1,50,adult
202200003151,1,6,2022,0 days 07:20:00,1,974,97407,2,2,1,5,SANS SOUCIS(RUE)," -20,9492300000","55,2939500000",1,4,1,2005.0,2,8,0,-1,B01,1,0,2,1,21,5,4,SANS SOUCIS(RUE),0.0,,2,1,0,1,1,1,0,1,50,adult
202200003163,27,4,2022,0 days 08:15:00,1,72,72181,2,2,1,6,QUERU COLONEL ENTRE ST-AUBIN ET DEGRE,"48,0150000000","0,1828400000",1,1,2,1963.0,1,1,8,-1,B01,3,0,2,0,1,5,4,QUERU COLONEL ENTRE ST-AUBIN ET DEGRE,0.0,,2,2,0,1,1,1,0,1,50,child
202200003163,27,4,2022,0 days 08:15:00,1,72,72181,2,2,1,6,QUERU COLONEL ENTRE ST-AUBIN ET DEGRE,"48,0150000000","0,1828400000",1,4,1,2022.0,5,8,8,-1,B01,3,0,2,0,1,5,4,QUERU COLONEL ENTRE ST-AUBIN ET DEGRE,0.0,,2,2,0,1,1,1,0,1,50,adult
202200003218,1,5,2022,0 days 18:50:00,1,50,50129,2,1,1,6,Rue de l’Hotel Giffard,"49,6511900000"," -1,5788500000",3,3,2,1946.0,0,0,-1,-1,A01,2,0,1,1,5,5,4,MARITIME (BOULEVARD),0.0,,-1,0,1,1,1,1,0,5,50,child
202200003218,1,5,2022,0 days 18:50:00,1,50,50129,2,1,1,6,Rue de l’Hotel Giffard,"49,6511900000"," -1,5788500000",1,1,1,2004.0,0,8,0,-1,A01,2,0,1,1,5,5,4,MARITIME (BOULEVARD),0.0,,-1,0,1,1,1,1,0,5,50,adult
202200003252,24,11,2022,0 days 10:35:00,1,75,75119,2,1,1,3,AVENUE JEAN JAURES,"48,8844130000","2,3764450000",1,1,1,1956.0,0,1,0,-1,B01,2,1,0,1,1,5,4,AVENUE JEAN JAURES,0.0,,2,4,0,1,1,1,0,1,30,child
202200003252,24,11,2022,0 days 10:35:00,1,75,75119,2,1,1,3,AVENUE JEAN JAURES,"48,8844130000","2,3764450000",1,4,1,1988.0,0,2,0,-1,B01,2,1,0,1,1,5,4,AVENUE JEAN JAURES,0.0,,2,4,0,1,1,1,0,1,30,adult
202200003254,23,11,2022,0 days 16:45:00,1,75,75117,2,2,1,3,RUE DE COURCELLES,"48,8833210000","2,2989450000",1,4,1,1985.0,4,2,6,-1,B01,1,0,2,3,1,5,4,RUE DE COURCELLES,0.0,,2,2,0,1,1,2,0,1,30,child
202200003254,23,11,2022,0 days 16:45:00,1,75,75117,2,2,1,3,RUE DE COURCELLES,"48,8833210000","2,2989450000",2,4,1,2002.0,4,2,6,-1,B01,1,0,2,3,1,5,4,RUE DE COURCELLES,0.0,,2,2,0,1,1,2,0,1,30,adult
202200003254,23,11,2022,0 days 16:45:00,1,75,75117,2,2,1,3,RUE DE COURCELLES,"48,8833210000","2,2989450000",1,4,1,2010.0,5,2,0,-1,B01,1,0,2,3,1,5,4,RUE DE COURCELLES,0.0,,2,2,0,1,1,2,0,1,30,adult
202200003259,3,6,2022,0 days 20:20:00,1,91,91421,2,1,1,3,NARCISSES (ALLEE DES),"48,7023900000","2,4409800000",1,1,2,1985.0,0,8,0,-1,B01,0,0,2,0,0,5,4,NARCISSES (ALLEE DES),0.0,,2,2,0,2,1,1,0,1,30,child
202200003259,3,6,2022,0 days 20:20:00,1,91,91421,2,1,1,3,NARCISSES (ALLEE DES),"48,7023900000","2,4409800000",1,4,2,2017.0,0,8,0,-1,B01,0,0,2,0,0,5,4,NARCISSES (ALLEE DES),0.0,,2,2,0,2,1,1,0,1,30,adult
202200003328,2,5,2022,0 days 13:18:00,1,75,75105,2,2,1,6,RUE SAINT JACQUES,"48,8421090000","2,3413010000",3,4,2,1957.0,5,0,-1,-1,A01,2,0,1,1,1,5,4,RUE SAINT JACQUES,0.0,,2,2,0,1,1,1,0,1,30,child
202200003328,2,5,2022,0 days 13:18:00,1,75,75105,2,2,1,6,RUE SAINT JACQUES,"48,8421090000","2,3413010000",1,1,1,2002.0,9,2,0,-1,A01,2,0,1,1,1,5,4,RUE SAINT JACQUES,0.0,,2,2,0,1,1,1,0,1,30,adult
202200003329,24,11,2022,0 days 08:20:00,1,93,93051,2,3,1,3,Avenue du Marechal Joffre / Rue du Clos,"48,8438800000","2,5544200000",1,1,1,1985.0,2,2,8,-1,A01,2,0,2,3,16,5,4,MARECHAL JOFFRE (AVENUE),0.0,,1,1,0,1,1,2,0,1,10,child
202200003329,24,11,2022,0 days 08:20:00,1,93,93051,2,3,1,3,Avenue du Marechal Joffre / Rue du Clos,"48,8438800000","2,5544200000",1,1,2,1989.0,1,1,8,-1,A01,2,0,2,3,16,5,4,MARECHAL JOFFRE (AVENUE),0.0,,1,1,0,1,1,2,0,1,10,adult
202200003329,24,11,2022,0 days 08:20:00,1,93,93051,2,3,1,3,Avenue du Marechal Joffre / Rue du Clos,"48,8438800000","2,5544200000",2,4,1,2016.0,2,2,8,-1,A01,2,0,2,3,16,5,4,MARECHAL JOFFRE (AVENUE),0.0,,1,1,0,1,1,2,0,1,10,adult
202200003351,24,11,2022,0 days 14:35:00,1,92,92049,2,4,1,3,JAURES AVENUE JEAN N°53 A FIN,"48,8127012305","2,3053302169",1,4,1,1954.0,5,2,0,-1,B01,2,0,2,1,1,5,3,62,0.0,,2,2,0,1,1,1,0,1,50,child
202200003351,24,11,2022,0 days 14:35:00,1,92,92049,2,4,1,3,JAURES AVENUE JEAN N°53 A FIN,"48,8127012305","2,3053302169",1,1,1,1980.0,9,1,0,-1,B01,2,0,2,1,1,5,3,62,0.0,,2,2,0,1,1,1,0,1,50,adult
202200003410,3,5,2022,0 days 16:15:00,1,10,10003,2,1,1,1,Rue Pierre Brossolette,"48,2230930000","3,7335600000",1,1,1,1949.0,3,1,-1,-1,B01,2,0,2,1,1,5,3,31,-1.0,,2,2,0,4,1,1,0,1,50,child
202200003410,3,5,2022,0 days 16:15:00,1,10,10003,2,1,1,1,Rue Pierre Brossolette,"48,2230930000","3,7335600000",1,3,1,2002.0,5,2,-1,-1,B01,2,0,2,1,1,5,3,31,-1.0,,2,2,0,4,1,1,0,1,50,adult
202200003427,22,3,2022,0 days 08:30:00,1,69,69276,2,6,1,3,Rue des Naives,"45,6765400000","4,8704300000",1,1,1,1973.0,1,1,-1,-1,B01,3,0,2,1,25,5,4,NAIVES (DES)                            ,0.0,,2,2,0,1,1,1,0,1,30,child
202200003427,22,3,2022,0 days 08:30:00,1,69,69276,2,6,1,3,Rue des Naives,"45,6765400000","4,8704300000",1,4,1,2012.0,2,8,-1,-1,B01,3,0,2,1,25,5,4,NAIVES (DES)                            ,0.0,,2,2,0,1,1,1,0,1,30,adult
202200003436,4,6,2022,0 days 17:10:00,1,72,72181,2,6,1,3,ALLONNES MOULIN ST GEORGES (RUE D'),"47,9768109949","0,1694977281",1,4,1,1949.0,9,8,0,-1,B01,1,0,2,1,1,5,4,ALLONNES MOULIN ST GEORGES (RUE D'),0.0,,1,2,1,1,3,1,0,5,50,child
202200003436,4,6,2022,0 days 17:10:00,1,72,72181,2,6,1,3,ALLONNES MOULIN ST GEORGES (RUE D'),"47,9768109949","0,1694977281",1,1,2,1990.0,0,1,8,-1,B01,1,0,2,1,1,5,4,ALLONNES MOULIN ST GEORGES (RUE D'),0.0,,1,2,1,1,3,1,0,5,50,adult
202200003489,21,3,2022,0 days 09:00:00,1,64,64445,1,1,1,3,Avenue du Loup,"43,3191441769"," -0,3491860628",1,4,2,1958.0,5,8,0,-1,B01,2,0,2,1,1,5,4,PAIX,0.0,,-1,4,2,1,1,1,0,1,50,child
202200003489,21,3,2022,0 days 09:00:00,1,64,64445,1,1,1,3,Avenue du Loup,"43,3191441769"," -0,3491860628",1,1,1,1981.0,4,1,0,-1,B01,2,0,2,1,1,5,4,PAIX,0.0,,-1,4,2,1,1,1,0,1,50,adult
202200003498,22,3,2022,0 days 14:00:00,1,57,57537,2,1,1,1,PRINCIPALE (RUE),"49,2177900000","6,8592500000",1,1,1,1958.0,5,1,0,-1,B01,2,0,2,6,15,5,4,PRINCIPALE (RUE),0.0,,3,2,0,1,1,1,0,1,50,child
202200003498,22,3,2022,0 days 14:00:00,1,57,57537,2,1,1,1,PRINCIPALE (RUE),"49,2177900000","6,8592500000",1,4,1,2008.0,5,8,0,-1,B01,2,0,2,6,15,5,4,PRINCIPALE (RUE),0.0,,3,2,0,1,1,1,0,1,50,adult
202200003518,22,3,2022,0 days 14:59:00,1,51,51454,2,6,1,3,Rond-Point de l'Ordre National du Mérite,"49,2422075601","4,0245848894",1,1,1,1934.0,0,1,-1,-1,B01,3,0,2,8,9,5,4,COURLANCY (RUE DE),0.0,,1,3,2,1,1,1,5,1,50,child
202200003518,22,3,2022,0 days 14:59:00,1,51,51454,2,6,1,3,Rond-Point de l'Ordre National du Mérite,"49,2422075601","4,0245848894",1,4,1,1993.0,0,8,-1,-1,B01,3,0,2,8,9,5,4,COURLANCY (RUE DE),0.0,,1,3,2,1,1,1,5,1,50,adult
202200003575,7,11,2022,0 days 17:15:00,1,43,43137,1,1,7,2,Malfrayt,"45,3060430000","4,1827450000",1,3,1,1957.0,5,2,-1,-1,B01,2,0,0,4,2,5,3,D47,-1.0,,2,2,0,1,1,1,0,1,90,child
202200003575,7,11,2022,0 days 17:15:00,1,43,43137,1,1,7,2,Malfrayt,"45,3060430000","4,1827450000",1,1,1,1985.0,5,1,5,-1,B01,2,0,0,4,2,5,3,D47,-1.0,,2,2,0,1,1,1,0,1,90,adult
202200003588,21,3,2022,0 days 16:50:00,1,33,33281,2,1,1,3,Avenue Marcel Dassault,"44,8480800000"," -0,6852500000",1,4,1,1961.0,0,8,-1,-1,A01,2,0,2,1,25,5,4,DASSAULT (AVE MARCEL),0.0,,2,2,2,1,1,1,0,4,30,child
202200003588,21,3,2022,0 days 16:50:00,1,33,33281,2,1,1,3,Avenue Marcel Dassault,"44,8480800000"," -0,6852500000",1,1,1,1992.0,1,1,-1,-1,A01,2,0,2,1,25,5,4,DASSAULT (AVE MARCEL),0.0,,2,2,2,1,1,1,0,4,30,adult
202200003597,16,11,2022,0 days 19:45:00,1,63,63113,2,1,1,6,COUBERTIN (RUE PIERRE DE),"45,7686700000","3,0840600000",3,4,2,1955.0,0,0,-1,-1,A01,1,0,1,1,1,5,4,COUBERTIN (RUE PIERRE DE),0.0,,2,2,0,1,1,1,0,1,50,child
202200003597,16,11,2022,0 days 19:45:00,1,63,63113,2,1,1,6,COUBERTIN (RUE PIERRE DE),"45,7686700000","3,0840600000",1,1,1,1987.0,4,8,-1,-1,A01,1,0,1,1,1,5,4,COUBERTIN (RUE PIERRE DE),0.0,,2,2,0,1,1,1,0,1,50,adult
202200003611,22,3,2022,0 days 06:30:00,2,27,27701,1,1,1,2,SAINT PIERRE (ROUTE DE),"49,2272400000","1,1828500000",1,1,1,1942.0,5,1,4,-1,B01,0,0,2,4,1,5,3,SAINT PIERRE (ROUTE DE),0.0,,2,2,0,1,1,1,0,1,70,child
202200003611,22,3,2022,0 days 06:30:00,2,27,27701,1,1,1,2,SAINT PIERRE (ROUTE DE),"49,2272400000","1,1828500000",1,3,1,1990.0,1,8,0,-1,B01,0,0,2,4,1,5,3,SAINT PIERRE (ROUTE DE),0.0,,2,2,0,1,1,1,0,1,70,adult
202200003616,22,3,2022,0 days 17:40:00,1,27,27229,2,1,1,2,LEPOUZE (RUE),"49,0274900000","1,1554600000",1,4,2,1957.0,5,2,6,-1,B01,3,0,2,1,1,5,4,LEPOUZE (RUE),0.0,,2,0,1,2,1,1,0,1,50,child
202200003616,22,3,2022,0 days 17:40:00,1,27,27229,2,1,1,2,LEPOUZE (RUE),"49,0274900000","1,1554600000",1,1,2,1991.0,5,1,-1,-1,B01,3,0,2,1,1,5,4,LEPOUZE (RUE),0.0,,2,0,1,2,1,1,0,1,50,adult
202200003630,4,11,2022,0 days 16:40:00,1,74,74305,2,6,1,3,MONTREAL (RUE DE),"46,2048400000","6,2811100000",1,4,2,1976.0,0,2,0,-1,B01,2,0,2,5,1,5,4,MONTREAL (RUE DE),0.0,,2,2,0,1,1,2,9,1,50,child
202200003630,4,11,2022,0 days 16:40:00,1,74,74305,2,6,1,3,MONTREAL (RUE DE),"46,2048400000","6,2811100000",1,1,2,1998.0,0,1,0,-1,B01,2,0,2,5,1,5,4,MONTREAL (RUE DE),0.0,,2,2,0,1,1,2,9,1,50,adult
202200003643,23,11,2022,0 days 06:50:00,1,973,97302,1,1,3,6,ROUTE NATIONALE 1,"4,8985200000"," -52,3271700000",1,4,1,1959.0,1,2,8,-1,B01,1,0,2,0,26,5,2,ROUTE NATIONALE 1,0.0,,2,4,2,1,1,2,0,5,90,child
202200003643,23,11,2022,0 days 06:50:00,1,973,97302,1,1,3,6,ROUTE NATIONALE 1,"4,8985200000"," -52,3271700000",2,4,1,1970.0,1,2,8,-1,B01,1,0,2,0,26,5,2,ROUTE NATIONALE 1,0.0,,2,4,2,1,1,2,0,5,90,adult
202200003643,23,11,2022,0 days 06:50:00,1,973,97302,1,1,3,6,ROUTE NATIONALE 1,"4,8985200000"," -52,3271700000",1,4,1,1998.0,1,8,0,-1,B01,1,0,2,0,26,5,2,ROUTE NATIONALE 1,0.0,,2,4,2,1,1,2,0,5,90,adult
202200003645,4,6,2022,0 days 09:40:00,1,50,50165,1,9,1,3,CHAMP DE COURSE (RUE DU),"48,8592600000"," -1,5746000000",1,1,1,1947.0,5,1,-1,-1,B01,3,0,2,1,0,5,4,CHAMP DE COURSE (RUE DU),0.0,,2,2,0,1,3,1,0,1,50,child
202200003645,4,6,2022,0 days 09:40:00,1,50,50165,1,9,1,3,CHAMP DE COURSE (RUE DU),"48,8592600000"," -1,5746000000",1,4,1,1973.0,5,2,-1,-1,B01,3,0,2,1,0,5,4,CHAMP DE COURSE (RUE DU),0.0,,2,2,0,1,3,1,0,1,50,adult
202200003678,24,9,2022,0 days 15:00:00,1,14,14685,1,3,8,3,D170,"49,2443930000"," -0,4603590000",1,1,1,1954.0,5,1,-1,-1,B01,1,0,2,7,1,5,3,170,-1.0,,2,2,0,1,1,1,9,1,90,child
202200003678,24,9,2022,0 days 15:00:00,1,14,14685,1,3,8,3,D170,"49,2443930000"," -0,4603590000",1,4,1,1994.0,5,2,-1,-1,B01,1,0,2,7,1,5,3,170,-1.0,,2,2,0,1,1,1,9,1,90,adult
202200003716,12,12,2022,0 days 18:15:00,4,26,26333,2,4,8,3,Rue du Port,"45,1781850000","4,8132050000",1,4,1,1970.0,1,4,-1,-1,B01,2,0,0,3,0,5,2,,-1.0,,1,2,0,2,1,2,0,1,50,child
202200003716,12,12,2022,0 days 18:15:00,4,26,26333,2,4,8,3,Rue du Port,"45,1781850000","4,8132050000",1,1,2,2002.0,3,1,-1,-1,B01,2,0,0,3,0,5,2,,-1.0,,1,2,0,2,1,2,0,1,50,adult
202200003747,22,3,2022,0 days 07:30:00,1,75,75105,2,5,1,3,AVENUE DES GOBELINS,"48,8384715071","2,3507671058",1,3,2,1978.0,1,2,0,-1,B01,2,0,2,8,1,5,4,AVENUE DES GOBELINS,0.0,,2,4,1,1,1,1,-1,5,30,child
202200003747,22,3,2022,0 days 07:30:00,1,75,75105,2,5,1,3,AVENUE DES GOBELINS,"48,8384715071","2,3507671058",1,1,1,2002.0,4,1,0,-1,B01,2,0,2,8,1,5,4,AVENUE DES GOBELINS,0.0,,2,4,1,1,1,1,-1,5,30,adult
202200003754,23,11,2022,0 days 19:25:00,5,77,77449,2,6,8,1,D345/D344,"48,8520000000","2,7785700000",1,3,1,1960.0,3,8,0,-1,B01,3,0,2,7,19,5,4,BD LA MERIDIENNE,0.0,,2,2,0,1,1,2,5,1,50,child
202200003754,23,11,2022,0 days 19:25:00,5,77,77449,2,6,8,1,D345/D344,"48,8520000000","2,7785700000",1,1,2,2006.0,5,1,0,-1,B01,3,0,2,7,19,5,4,BD LA MERIDIENNE,0.0,,2,2,0,1,1,2,5,1,50,adult
202200003779,22,3,2022,0 days 15:20:00,1,75,75115,2,2,1,6,RUE DE LOURMEL,"48,8456560000","2,2879960000",3,4,2,1934.0,5,0,-1,-1,A01,1,0,1,8,1,5,4,RUE DE LOURMEL,0.0,,2,2,0,1,1,1,0,1,30,child
202200003779,22,3,2022,0 days 15:20:00,1,75,75115,2,2,1,6,RUE DE LOURMEL,"48,8456560000","2,2879960000",1,1,1,1998.0,4,2,6,-1,A01,1,0,1,8,1,5,4,RUE DE LOURMEL,0.0,,2,2,0,1,1,1,0,1,30,adult
202200003779,22,3,2022,0 days 15:20:00,1,75,75115,2,2,1,6,RUE DE LOURMEL,"48,8456560000","2,2879960000",1,4,1,2004.0,2,2,0,-1,A01,1,0,1,8,1,5,4,RUE DE LOURMEL,0.0,,2,2,0,1,1,1,0,1,30,adult
202200003820,27,12,2022,0 days 16:55:00,1,48,48095,2,3,1,7,ONZE NOVEMBRE (AVENUE DU),"44,5285500000","3,4729600000",1,4,1,1955.0,5,8,0,-1,B01,2,0,2,0,1,5,3,ONZE NOVEMBRE (AVENUE DU),0.0,,2,2,0,2,1,1,0,1,50,child
202200003820,27,12,2022,0 days 16:55:00,1,48,48095,2,3,1,7,ONZE NOVEMBRE (AVENUE DU),"44,5285500000","3,4729600000",1,1,1,1981.0,5,1,0,-1,B01,2,0,2,0,1,5,3,ONZE NOVEMBRE (AVENUE DU),0.0,,2,2,0,2,1,1,0,1,50,adult
202200003826,22,3,2022,0 days 07:45:00,1,75,75111,2,4,1,3,BOULEVARD VOLTAIRE,"48,8528091074","2,3884776235",1,1,1,1966.0,4,1,0,-1,B01,2,0,2,1,1,5,4,BOULEVARD VOLTAIRE,0.0,,2,5,1,1,3,1,-1,5,30,child