Num_Acc,jour,mois,an,hrmn,lum,dep,com,agg,int,atm,col,adr,lat,long,catu,grav,sexe,an_nais,trajet,secu1,secu2,secu3,num_veh_y,senc,obs,obsm,choc,manv,motor,catr,voie,v1,v2,circ,nbv,vosp,prof,plan,surf,infra,situ,vma,age
202200008301,29,6,2022,0 days 11:30:00,1,11,11069,2,3,1,3,124 Route de Saint Hilaire,"43,2026600000","2,3597000000",1,4,1,1970.0,5,8,8,-1,B01,3,0,2,1,1,5,3,SAINT HILAIRE -ROUTE DE-,0.0,,2,0,0,1,1,1,0,1,50,adult
202200008355,1,7,2022,0 days 05:55:00,1,93,93050,2,1,1,1,Rue du Docteur Schapira,"48,8552700000","2,5267700000",1,1,1,1960.0,0,1,0,-1,B01,0,0,2,0,1,5,4,DOCTEUR SCHAPIRA (RUE),0.0,,1,1,1,1,1,1,0,4,50,child
202200008355,1,7,2022,0 days 05:55:00,1,93,93050,2,1,1,1,Rue du Docteur Schapira,"48,8552700000","2,5267700000",1,4,1,1987.0,1,8,0,-1,B01,0,0,2,0,1,5,4,DOCTEUR SCHAPIRA (RUE),0.0,,1,1,1,1,1,1,0,4,50,adult
202200008365,1,7,2022,0 days 13:45:00,1,92,92035,2,1,1,2,Général de Gaulle  ( avenue du ),"48,9084581736","2,2554084062",1,4,2,1964.0,0,8,0,-1,B01,1,1,0,1,1,5,3,106,0.0,,2,4,1,1,1,1,0,5,50,child
202200008365,1,7,2022,0 days 13:45:00,1,92,92035,2,1,1,2,Général de Gaulle  ( avenue du ),"48,9084581736","2,2554084062",1,1,1,1970.0,0,8,0,-1,B01,1,1,0,1,1,5,3,106,0.0,,2,4,1,1,1,1,0,5,50,adult
202200008365,1,7,2022,0 days 13:45:00,1,92,92035,2,1,1,2,Général de Gaulle  ( avenue du ),"48,9084581736","2,2554084062",2,1,2,2007.0,0,8,0,-1,B01,1,1,0,1,1,5,3,106,0.0,,2,4,1,1,1,1,0,5,50,adult
202200008392,2,7,2022,0 days 12:30:00,1,14,14754,2,1,1,2,D118,"49,3212280742","0,0151705742",1,1,2,1954.0,5,1,-1,-1,B01,1,0,2,1,2,5,3,118,-1.0,,2,2,0,2,1,1,0,1,50,child
202200008392,2,7,2022,0 days 12:30:00,1,14,14754,2,1,1,2,D118,"49,3212280742","0,0151705742",1,4,2,1995.0,5,2,-1,-1,B01,1,0,2,1,2,5,3,118,-1.0,,2,2,0,2,1,1,0,1,50,adult
202200008423,30,6,2022,0 days 17:15:00,1,79,79049,2,3,1,3,,"46,8385380000"," -0,4955380000",1,1,2,1964.0,3,1,-1,-1,B01,3,0,2,2,1,5,4,,-1.0,,3,2,0,1,4,1,0,1,50,child
202200008423,30,6,2022,0 days 17:15:00,1,79,79049,2,3,1,3,,"46,8385380000"," -0,4955380000",1,4,1,2008.0,3,0,-1,-1,B01,3,0,2,2,1,5,4,,-1.0,,3,2,0,1,4,1,0,1,50,adult
202200008449,9,2,2022,0 days 12:05:00,1,75,75114,2,2,1,3,RUE DU PERE CORENTIN,"48,8244850000","2,3283210000",1,1,2,1947.0,1,1,0,-1,A01,2,0,2,2,1,5,4,RUE DU PERE CORENTIN,0.0,,1,3,0,1,1,1,0,1,30,child
202200008449,9,2,2022,0 days 12:05:00,1,75,75114,2,2,1,3,RUE DU PERE CORENTIN,"48,8244850000","2,3283210000",1,4,2,1994.0,1,2,0,-1,A01,2,0,2,2,1,5,4,RUE DU PERE CORENTIN,0.0,,1,3,0,1,1,1,0,1,30,adult
202200008557,9,2,2022,0 days 11:00:00,1,64,64132,2,2,1,3,RENE CHAR,"43,3068700000"," -0,3277300000",1,4,1,1958.0,9,8,0,-1,A01,3,0,2,8,19,5,4,RENE CHAR,0.0,,2,3,0,1,1,1,0,1,50,child
202200008557,9,2,2022,0 days 11:00:00,1,64,64132,2,2,1,3,RENE CHAR,"43,3068700000"," -0,3277300000",1,1,1,1980.0,9,1,0,-1,A01,3,0,2,8,19,5,4,RENE CHAR,0.0,,2,3,0,1,1,1,0,1,50,adult
202200008571,8,2,2022,0 days 12:24:00,1,49,49007,2,1,1,2,LICES,"47,4675100000"," -0,5556200000",1,4,1,1975.0,0,8,0,-1,B01,2,0,2,0,1,5,4,LICES,0.0,,2,2,1,1,1,1,0,5,30,child
202200008571,8,2,2022,0 days 12:24:00,1,49,49007,2,1,1,2,LICES,"47,4675100000"," -0,5556200000",1,4,1,2001.0,0,8,0,-1,B01,2,0,2,0,1,5,4,LICES,0.0,,2,2,1,1,1,1,0,5,30,adult
202200008573,9,2,2022,0 days 17:54:00,2,38,38185,2,1,1,6,CHENOISE (RUE),"45,1934900000","5,7311000000",3,4,1,1938.0,3,0,-1,-1,A01,1,0,1,0,1,5,4,CHENOISE (RUE),0.0,,1,10,0,1,1,1,0,1,50,child
202200008573,9,2,2022,0 days 17:54:00,2,38,38185,2,1,1,6,CHENOISE (RUE),"45,1934900000","5,7311000000",1,1,1,1997.0,5,8,0,-1,A01,1,0,1,0,1,5,4,CHENOISE (RUE),0.0,,1,10,0,1,1,1,0,1,50,adult
202200008578,9,2,2022,0 days 07:35:00,2,33,33318,2,6,1,3,Avenue de Beutre,"44,8009400000"," -0,6853800000",1,1,1,1964.0,1,1,-1,-1,B01,1,0,2,1,1,5,4,AVE DE BEUTRE,0.0,,2,2,2,1,1,1,0,1,50,child
202200008578,9,2,2022,0 days 07:35:00,2,33,33318,2,6,1,3,Avenue de Beutre,"44,8009400000"," -0,6853800000",1,4,2,1994.0,1,4,-1,-1,B01,1,0,2,1,1,5,4,AVE DE BEUTRE,0.0,,2,2,2,1,1,1,0,1,50,adult
202200008590,9,2,2022,0 days 09:15:00,1,02,02738,1,1,7,2,16 Rue du Mauger,"49,6492398000","3,3185200000",1,1,1,1959.0,0,1,0,-1,B01,1,0,2,4,1,5,4,,0.0,,2,2,0,1,1,1,0,1,50,child
202200008590,9,2,2022,0 days 09:15:00,1,02,02738,1,1,7,2,16 Rue du Mauger,"49,6492398000","3,3185200000",1,4,1,2006.0,5,2,0,-1,B01,1,0,2,4,1,5,4,,0.0,,2,2,0,1,1,1,0,1,50,adult
202200008609,9,2,2022,0 days 10:35:00,1,94,94046,2,2,1,3,Rue du Capitaine R Deplanque,"48,8024200000","2,4278100000",1,1,1,1975.0,4,1,0,-1,B01,1,0,2,1,2,5,4,CAPITAINE ROLAND DEPLANQUE (R DU),0.0,,2,1,0,1,1,1,0,1,30,child
202200008609,9,2,2022,0 days 10:35:00,1,94,94046,2,2,1,3,Rue du Capitaine R Deplanque,"48,8024200000","2,4278100000",1,4,1,2007.0,5,0,0,-1,B01,1,0,2,1,2,5,4,CAPITAINE ROLAND DEPLANQUE (R DU),0.0,,2,1,0,1,1,1,0,1,30,adult
202200008633,3,8,2022,0 days 14:45:00,1,75,75103,2,2,1,3,BOULEVARD DE SEBASTOPOL,"48,8634020000","2,3509500000",1,1,1,1966.0,4,1,0,-1,B01,2,0,2,1,1,5,4,BOULEVARD DE SEBASTOPOL,0.0,,2,5,1,1,1,1,0,5,30,child
202200008633,3,8,2022,0 days 14:45:00,1,75,75103,2,2,1,3,BOULEVARD DE SEBASTOPOL,"48,8634020000","2,3509500000",1,4,2,1989.0,5,2,0,-1,B01,2,0,2,1,1,5,4,BOULEVARD DE SEBASTOPOL,0.0,,2,5,1,1,1,1,0,5,30,adult
202200008650,2,8,2022,0 days 09:50:00,1,92,92040,2,2,1,6,ERNEST RENAN,"48,8289103752","2,2825357318",3,3,2,1945.0,0,0,-1,-1,A01,1,0,1,1,16,5,3,989,0.0,,2,2,0,1,1,1,5,1,50,child
202200008650,2,8,2022,0 days 09:50:00,1,92,92040,2,2,1,6,ERNEST RENAN,"48,8289103752","2,2825357318",1,1,1,1998.0,2,8,0,-1,A01,1,0,1,1,16,5,3,989,0.0,,2,2,0,1,1,1,5,1,50,adult
202200008654,3,8,2022,0 days 10:20:00,1,22,22182,2,1,1,2,Rue du Pré Boissel,"48,5460040000"," -2,9647960000",1,4,2,1953.0,5,2,-1,-1,B01,2,0,0,4,1,5,3,4,0.0,,2,2,0,2,1,1,0,1,50,child
202200008654,3,8,2022,0 days 10:20:00,1,22,22182,2,1,1,2,Rue du Pré Boissel,"48,5460040000"," -2,9647960000",1,1,1,1979.0,3,1,-1,-1,B01,2,0,0,4,1,5,3,4,0.0,,2,2,0,2,1,1,0,1,50,adult
202200008655,3,8,2022,0 days 07:28:00,2,84,84027,2,1,1,2,chemin de Saint Charles,"44,1073120000","4,7591860000",1,2,1,1953.0,0,0,-1,-1,B01,3,0,2,0,2,5,4,,-1.0,,2,2,0,1,1,1,0,1,50,child
202200008655,3,8,2022,0 days 07:28:00,2,84,84027,2,1,1,2,chemin de Saint Charles,"44,1073120000","4,7591860000",1,1,2,1995.0,1,1,-1,-1,B01,3,0,2,0,2,5,4,,-1.0,,2,2,0,1,1,1,0,1,50,adult
202200008672,3,8,2022,0 days 18:45:00,1,12,12105,1,1,1,2,bestes,"44,2323320000","2,0197140000",1,1,2,1938.0,5,1,-1,-1,B01,2,0,0,4,1,5,3,39,-1.0,,2,2,0,1,1,1,0,1,90,child
202200008672,3,8,2022,0 days 18:45:00,1,12,12105,1,1,1,2,bestes,"44,2323320000","2,0197140000",1,4,1,2003.0,5,0,-1,-1,B01,2,0,0,4,1,5,3,39,-1.0,,2,2,0,1,1,1,0,1,90,adult
202200008696,3,8,2022,0 days 08:35:00,1,11,11279,1,2,1,3,D203,"43,2717470000","2,3166430000",1,3,1,1943.0,5,2,4,9,B01,1,0,2,1,1,5,3,203,0.0,D,2,2,0,2,1,1,0,1,80,child
202200008696,3,8,2022,0 days 08:35:00,1,11,11279,1,2,1,3,D203,"43,2717470000","2,3166430000",1,1,1,1989.0,5,1,-1,-1,B01,1,0,2,1,1,5,3,203,0.0,D,2,2,0,2,1,1,0,1,80,adult
202200008726,28,7,2022,0 days 19:15:00,1,85,85194,2,1,1,3,47 Avenue de talmont,"46,4871000000"," -1,7412100000",1,4,1,1960.0,1,8,0,-1,B01,0,0,2,1,25,5,4,TALMONT (AVENUE DE),0.0,,-1,2,0,1,1,1,0,4,50,child
202200008726,28,7,2022,0 days 19:15:00,1,85,85194,2,1,1,3,47 Avenue de talmont,"46,4871000000"," -1,7412100000",1,1,1,1988.0,0,1,0,-1,B01,0,0,2,1,25,5,4,TALMONT (AVENUE DE),0.0,,-1,2,0,1,1,1,0,4,50,adult
202200008740,2,8,2022,0 days 17:35:00,1,64,64445,2,6,1,3,rond-point des allées de Morlaàs,"43,3082600000"," -0,3385300000",1,4,2,1953.0,0,8,0,-1,B01,1,0,2,7,1,5,4,ALLEES DE MORLAAS DES,0.0,,1,2,2,1,2,1,0,5,50,child
202200008740,2,8,2022,0 days 17:35:00,1,64,64445,2,6,1,3,rond-point des allées de Morlaàs,"43,3082600000"," -0,3385300000",1,1,1,1986.0,1,1,8,-1,B01,1,0,2,7,1,5,4,ALLEES DE MORLAAS DES,0.0,,1,2,2,1,2,1,0,5,50,adult
202200008746,31,7,2022,0 days 11:20:00,1,59,59009,2,3,1,3,THIERS RUE,"50,6087669013","3,1734019518",1,4,1,1951.0,5,8,0,-1,A01,3,0,0,1,21,5,7,FUSILLES RUE DES DU N°116 A FIN,0.0,,2,2,1,1,1,1,5,1,50,child
202200008746,31,7,2022,0 days 11:20:00,1,59,59009,2,3,1,3,THIERS RUE,"50,6087669013","3,1734019518",1,1,1,2000.0,5,1,0,-1,A01,3,0,0,1,21,5,7,FUSILLES RUE DES DU N°116 A FIN,0.0,,2,2,1,1,1,1,5,1,50,adult
202200008757,1,8,2022,0 days 10:55:00,1,43,43041,2,1,1,1,24 Route de Coubon,"45,0479800000","3,9168000000",1,1,2,1944.0,3,1,4,-1,B01,1,0,2,1,1,5,3,COUBON (AVENUE DE),0.0,,2,3,0,1,1,1,0,1,50,child
202200008757,1,8,2022,0 days 10:55:00,1,43,43041,2,1,1,1,24 Route de Coubon,"45,0479800000","3,9168000000",1,4,1,2003.0,5,2,6,-1,B01,1,0,2,1,1,5,3,COUBON (AVENUE DE),0.0,,2,3,0,1,1,1,0,1,50,adult
202200008831,21,11,2022,0 days 18:50:00,5,75,75117,2,1,2,6,BOULEVARD BERTHIER,"48,8887030000","2,3013270000",1,1,1,1979.0,1,2,0,-1,A01,2,0,1,1,1,5,4,BOULEVARD BERTHIER,0.0,,2,4,1,1,1,2,0,5,50,child
202200008831,21,11,2022,0 days 18:50:00,5,75,75117,2,1,2,6,BOULEVARD BERTHIER,"48,8887030000","2,3013270000",3,4,2,2007.0,5,0,-1,-1,A01,2,0,1,1,1,5,4,BOULEVARD BERTHIER,0.0,,2,4,1,1,1,2,0,5,50,adult
202200008838,1,6,2022,0 days 16:30:00,1,69,69387,2,3,1,6,Avenue Berthelot,"45,7428300000","4,8497800000",1,1,1,1967.0,5,2,-1,-1,A01,2,0,1,1,1,5,4,BERTHELOT                           (AV),0.0,,1,3,3,2,1,1,0,4,50,child
202200008838,1,6,2022,0 days 16:30:00,1,69,69387,2,3,1,6,Avenue Berthelot,"45,7428300000","4,8497800000",3,4,1,2017.0,5,0,-1,-1,A01,2,0,1,1,1,5,4,BERTHELOT                           (AV),0.0,,1,3,3,2,1,1,0,4,50,adult
202200008874,1,6,2022,0 days 10:40:00,1,73,73011,2,6,8,3,D990 - DE GAULLE (AV) GILLY A WINNEDEN,"45,6669700000","6,3711600000",1,1,2,1929.0,9,8,0,-1,B01,1,0,2,2,1,5,3,DE GAULLE (AV) GILLY A WINNEDEN,0.0,,1,1,0,1,2,1,5,1,50,child
202200008874,1,6,2022,0 days 10:40:00,1,73,73011,2,6,8,3,D990 - DE GAULLE (AV) GILLY A WINNEDEN,"45,6669700000","6,3711600000",1,3,2,1958.0,3,0,-1,-1,B01,1,0,2,2,1,5,3,DE GAULLE (AV) GILLY A WINNEDEN,0.0,,1,1,0,1,2,1,5,1,50,adult
202200008884,31,5,2022,0 days 18:40:00,1,65,65331,2,3,1,3,LOURDES (AVENUE DE),"43,2137610000","0,0516310000",1,1,1,1955.0,3,1,-1,-1,B01,2,0,2,1,1,5,3,LOURDES (AVENUE DE),0.0,,2,2,0,1,1,1,0,1,50,child
202200008884,31,5,2022,0 days 18:40:00,1,65,65331,2,3,1,3,LOURDES (AVENUE DE),"43,2137610000","0,0516310000",1,4,1,1996.0,5,2,-1,-1,B01,2,0,2,1,1,5,3,LOURDES (AVENUE DE),0.0,,2,2,0,1,1,1,0,1,50,adult
202200008896,1,6,2022,0 days 15:20:00,1,59,59286,2,4,1,2,CARNOT SADI RUE,"50,6120600000","3,0001300000",1,2,1,1963.0,5,0,0,-1,B01,2,0,2,4,2,5,7,CARNOT SADI RUE,0.0,,2,5,2,1,2,1,0,1,50,child
202200008896,1,6,2022,0 days 15:20:00,1,59,59286,2,4,1,2,CARNOT SADI RUE,"50,6120600000","3,0001300000",1,1,1,1994.0,4,1,0,-1,B01,2,0,2,4,2,5,7,CARNOT SADI RUE,0.0,,2,5,2,1,2,1,0,1,50,adult
202200008899,31,5,2022,0 days 17:40:00,1,59,59597,2,1,8,3,MARQUETTE (ROUTE DE),"50,1932900000","3,2236500000",1,3,1,1973.0,1,2,8,-1,B01,1,0,2,9,2,5,3,MARQUETTE (ROUTE DE),0.0,,3,2,0,4,1,1,0,1,50,child
202200008899,31,5,2022,0 days 17:40:00,1,59,59597,2,1,8,3,MARQUETTE (ROUTE DE),"50,1932900000","3,2236500000",1,1,1,1999.0,1,1,0,-1,B01,1,0,2,9,2,5,3,MARQUETTE (ROUTE DE),0.0,,3,2,0,4,1,1,0,1,50,adult
202200008902,21,11,2022,0 days 17:25:00,5,92,92072,2,3,2,3,PAVE DES GARDES (ROUTE DU),"48,8106742111","2,2087293863",1,1,1,1972.0,1,2,6,-1,A01,2,0,2,8,15,5,3,181,0.0,,3,4,1,1,1,2,0,1,50,child
202200008902,21,11,2022,0 days 17:25:00,5,92,92072,2,3,2,3,PAVE DES GARDES (ROUTE DU),"48,8106742111","2,2087293863",1,4,1,2012.0,5,8,0,-1,A01,2,0,2,8,15,5,3,181,0.0,,3,4,1,1,1,2,0,1,50,adult
202200008908,1,6,2022,0 days 16:10:00,1,51,51172,2,3,1,3,Rue de la Sentelle,"49,2148697703","4,0489742160",1,4,1,1968.0,9,2,-1,-1,B01,3,0,2,1,1,5,4,SENTELLE (RUE DE LA),0.0,,2,2,0,1,1,1,0,1,50,child
202200008908,1,6,2022,0 days 16:10:00,1,51,51172,2,3,1,3,Rue de la Sentelle,"49,2148697703","4,0489742160",1,1,2,1987.0,3,1,-1,-1,B01,3,0,2,1,1,5,4,SENTELLE (RUE DE LA),0.0,,2,2,0,1,1,1,0,1,50,adult
202200008908,1,6,2022,0 days 16:10:00,1,51,51172,2,3,1,3,Rue de la Sentelle,"49,2148697703","4,0489742160",2,1,1,2022.0,3,3,-1,-1,B01,3,0,2,1,1,5,4,SENTELLE (RUE DE LA),0.0,,2,2,0,1,1,1,0,1,50,adult
202200008956,25,4,2022,0 days 17:50:00,1,30,30007,2,9,1,3,LECLERC (PLACE GENERAL),"44,1254700000","4,0794100000",1,1,2,1943.0,9,1,5,-1,B01,2,0,2,4,1,5,4,LECLERC (PLACE GENERAL),0.0,,1,1,0,1,3,1,9,1,30,child
202200008956,25,4,2022,0 days 17:50:00,1,30,30007,2,9,1,3,LECLERC (PLACE GENERAL),"44,1254700000","4,0794100000",1,4,2,2007.0,5,2,4,-1,B01,2,0,2,4,1,5,4,LECLERC (PLACE GENERAL),0.0,,1,1,0,1,3,1,9,1,30,adult
202200009008,27,12,2022,0 days 08:10:00,1,974,97407,1,6,1,3,ROND POINT ROSE DES VENTS," -20,9400900000","55,3069100000",1,1,1,1934.0,9,1,0,-1,B01,1,0,2,0,0,5,4,ROND POINT ROSE DES VENTS,0.0,,1,2,0,1,3,1,0,1,30,child
202200009008,27,12,2022,0 days 08:10:00,1,974,97407,1,6,1,3,ROND POINT ROSE DES VENTS," -20,9400900000","55,3069100000",1,4,1,1977.0,5,2,0,-1,B01,1,0,2,0,0,5,4,ROND POINT ROSE DES VENTS,0.0,,1,2,0,1,3,1,0,1,30,adult
202200009024,1,6,2022,0 days 15:30:00,1,75,75117,2,2,1,3,BOULEVARD PEREIRE,"48,8831270000","2,2934890000",1,1,1,1932.0,5,1,0,-1,B01,2,0,2,7,19,5,4,BOULEVARD PEREIRE,0.0,,1,1,0,1,1,1,0,1,30,child
202200009024,1,6,2022,0 days 15:30:00,1,75,75117,2,2,1,3,BOULEVARD PEREIRE,"48,8831270000","2,2934890000",1,4,1,2014.0,5,2,0,-1,B01,2,0,2,7,19,5,4,BOULEVARD PEREIRE,0.0,,1,1,0,1,1,1,0,1,30,adult
202200009047,1,6,2022,0 days 07:15:00,1,75,75114,2,3,1,3,RUE SAINT YVES,"48,8256600000","2,3344530000",1,4,1,1954.0,9,8,0,-1,B01,1,0,2,0,1,5,4,RUE SAINT YVES,0.0,,1,2,2,3,3,1,0,5,30,child
202200009047,1,6,2022,0 days 07:15:00,1,75,75114,2,3,1,3,RUE SAINT YVES,"48,8256600000","2,3344530000",1,1,1,1983.0,4,1,0,-1,B01,1,0,2,0,1,5,4,RUE SAINT YVES,0.0,,1,2,2,3,3,1,0,5,30,adult
202200009089,1,6,2022,0 days 12:20:00,1,75,75109,2,7,1,2,RUE DE CHATEAUDUN,"48,8763560000","2,3324120000",1,4,1,1973.0,9,2,6,-1,B01,2,0,2,6,11,5,4,RUE DE CHATEAUDUN,0.0,,2,4,0,1,1,1,0,1,30,child
202200009089,1,6,2022,0 days 12:20:00,1,75,75109,2,7,1,2,RUE DE CHATEAUDUN,"48,8763560000","2,3324120000",1,4,2,2004.0,5,8,0,-1,B01,2,0,2,6,11,5,4,RUE DE CHATEAUDUN,0.0,,2,4,0,1,1,1,0,1,30,adult
202200009140,26,12,2022,0 days 10:50:00,1,56,56121,2,6,1,2,95 Boulevard René Laënnec,"47,7572700000"," -3,3553900000",1,4,1,1961.0,0,2,0,-1,B01,1,0,2,4,1,5,4,LAENNEC ( BD ),0.0,,2,2,1,1,2,2,5,5,30,child
202200009140,26,12,2022,0 days 10:50:00,1,56,56121,2,6,1,2,95 Boulevard René Laënnec,"47,7572700000"," -3,3553900000",1,1,1,2000.0,0,1,8,-1,B01,1,0,2,4,1,5,4,LAENNEC ( BD ),0.0,,2,2,1,1,2,2,5,5,30,adult
202200009144,26,4,2022,0 days 09:40:00,1,75,75106,2,2,1,2,BOULEVARD SAINT GERMAIN,"48,8520996199","2,3403212428",1,4,1,1953.0,5,2,0,-1,B01,1,0,2,4,2,5,4,BOULEVARD SAINT GERMAIN,0.0,,1,4,0,1,1,1,0,1,30,child
202200009144,26,4,2022,0 days 09:40:00,1,75,75106,2,2,1,2,BOULEVARD SAINT GERMAIN,"48,8520996199","2,3403212428",1,1,1,1985.0,4,1,0,-1,B01,1,0,2,4,2,5,4,BOULEVARD SAINT GERMAIN,0.0,,1,4,0,1,1,1,0,1,30,adult
202200009153,26,12,2022,0 days 16:43:00,1,49,49007,2,1,1,6,GRAND MONTREJEAU,"47,4683200000"," -0,5286600000",1,1,1,1958.0,9,8,0,-1,A01,1,0,1,1,1,5,4,GRAND MONTREJEAU,0.0,,2,3,3,1,1,1,0,6,20,child
202200009153,26,12,2022,0 days 16:43:00,1,49,49007,2,1,1,6,GRAND MONTREJEAU,"47,4683200000"," -0,5286600000",3,4,1,2014.0,5,0,-1,-1,A01,1,0,1,1,1,5,4,GRAND MONTREJEAU,0.0,,2,3,3,1,1,1,0,6,20,adult
202200009173,18,3,2022,0 days 09:20:00,1,69,69382,2,3,1,3,26 Quai Jules Courmont,"45,7601405501","4,8377233744",1,1,1,1966.0,1,1,-1,-1,B01,1,0,2,4,7,0,4,JULES COURMONT                      (QU),0.0,,2,6,2,1,1,1,0,5,50,child
202200009173,18,3,2022,0 days 09:20:00,1,69,69382,2,3,1,3,26 Quai Jules Courmont,"45,7601405501","4,8377233744",1,4,1,1996.0,2,8,-1,-1,B01,1,0,2,4,7,0,4,JULES COURMONT                      (QU),0.0,,2,6,2,1,1,1,0,5,50,adult
202200009175,27,4,2022,0 days 16:40:00,1,75,75115,2,1,1,3,RUE DES MORILLONS,"48,8342350000","2,2964520000",1,1,1,1940.0,5,1,0,-1,A01,2,0,2,1,25,5,4,RUE DES MORILLONS,0.0,,1,1,0,1,1,1,0,1,30,child
202200009175,27,4,2022,0 days 16:40:00,1,75,75115,2,1,1,3,RUE DES MORILLONS,"48,8342350000","2,2964520000",1,4,2,2008.0,5,2,0,-1,A01,2,0,2,1,25,5,4,RUE DES MORILLONS,0.0,,1,1,0,1,1,1,0,1,30,adult
202200009215,20,11,2022,0 days 18:50:00,5,51,51454,2,6,2,3,place Aristide Briand,"49,2575800000","4,0388500000",1,1,2,1985.0,0,1,-1,-1,B01,0,0,2,7,1,5,4,BRIAND (PLACE ARISTIDE),0.0,,1,2,0,1,1,2,0,1,50,child
202200009215,20,11,2022,0 days 18:50:00,5,51,51454,2,6,2,3,place Aristide Briand,"49,2575800000","4,0388500000",1,4,1,2002.0,1,2,-1,-1,B01,0,0,2,7,1,5,4,BRIAND (PLACE ARISTIDE),0.0,,1,2,0,1,1,2,0,1,50,adult
202200009215,20,11,2022,0 days 18:50:00,5,51,51454,2,6,2,3,place Aristide Briand,"49,2575800000","4,0388500000",2,1,2,2016.0,0,1,-1,-1,B01,0,0,2,7,1,5,4,BRIAND (PLACE ARISTIDE),0.0,,1,2,0,1,1,2,0,1,50,adult
202200009215,20,11,2022,0 days 18:50:00,5,51,51454,2,6,2,3,place Aristide Briand,"49,2575800000","4,0388500000",2,1,1,2022.0,0,3,1,-1,B01,0,0,2,7,1,5,4,BRIAND (PLACE ARISTIDE),0.0,,1,2,0,1,1,2,0,1,50,adult
202200009225,1,6,2022,0 days 12:10:00,1,92,92044,2,2,1,3,VOLTAIRE(RUE)1A51 ET2A40,"48,8908182863","2,2811688781",2,1,2,1954.0,5,1,0,-1,B01,1,0,2,3,1,5,4,,0.0,,1,1,2,1,1,1,0,1,50,child
202200009225,1,6,2022,0 days 12:10:00,1,92,92044,2,2,1,3,VOLTAIRE(RUE)1A51 ET2A40,"48,8908182863","2,2811688781",1,1,2,1980.0,9,1,0,-1,B01,1,0,2,3,1,5,4,,0.0,,1,1,2,1,1,1,0,1,50,adult
202200009225,1,6,2022,0 days 12:10:00,1,92,92044,2,2,1,3,VOLTAIRE(RUE)1A51 ET2A40,"48,8908182863","2,2811688781",1,4,2,1995.0,5,8,0,-1,B01,1,0,2,3,1,5,4,,0.0,,1,1,2,1,1,1,0,1,50,adult
202200009250,1,6,2022,0 days 08:45:00,1,92,92002,2,3,1,3,ARISTIDE BRIAND (AVENUE),"48,7579400000","2,3068300000",1,1,1,1992.0,1,8,0,-1,Y01,3,0,2,2,19,5,3,920,0.0,,2,1,0,1,1,1,0,1,50,child
202200009250,1,6,2022,0 days 08:45:00,1,92,92002,2,3,1,3,ARISTIDE BRIAND (AVENUE),"48,7579400000","2,3068300000",1,4,1,2018.0,0,0,-1,-1,Y01,3,0,2,2,19,5,3,920,0.0,,2,1,0,1,1,1,0,1,50,adult
202200009267,28,4,2022,0 days 17:10:00,1,93,93014,2,3,1,3,Allée Etienne Laurent / Allée Nelson Mandela,"48,9033500000","2,5508700000",1,1,1,1978.0,0,8,0,-1,B01,0,0,2,8,19,5,4,ETIENNE LAURENT (ALLEE),0.0,,2,2,0,1,1,1,0,1,30,child
202200009267,28,4,2022,0 days 17:10:00,1,93,93014,2,3,1,3,Allée Etienne Laurent / Allée Nelson Mandela,"48,9033500000","2,5508700000",1,4,1,2013.0,0,8,0,-1,B01,0,0,2,8,19,5,4,ETIENNE LAURENT (ALLEE),0.0,,2,2,0,1,1,1,0,1,30,adult
202200009291,15,11,2022,0 days 17:45:00,5,01,01014,2,3,2,3,TUILERIE ( RUE DE LA ),"46,2725900000","5,6660920000",1,1,1,1970.0,5,1,8,-1,B01,1,0,0,4,1,5,4,TUILERIE ( RUE DE LA ),0.0,,2,2,0,3,4,2,0,1,50,child
202200009291,15,11,2022,0 days 17:45:00,5,01,01014,2,3,2,3,TUILERIE ( RUE DE LA ),"46,2725900000","5,6660920000",1,3,1,2003.0,5,8,0,-1,B01,1,0,0,4,1,5,4,TUILERIE ( RUE DE LA ),0.0,,2,2,0,3,4,2,0,1,50,adult
202200009309,18,3,2022,0 days 12:25:00,1,61,61001,2,1,1,3,BASINGSTOKE (AVENUE DE),"48,4360000000","0,0950000000",1,1,2,1949.0,5,1,-1,-1,B01,2,1,0,1,1,5,3,BASINGSTOKE (AVENUE DE),0.0,,2,2,1,1,1,1,0,5,50,child
202200009309,18,3,2022,0 days 12:25:00,1,61,61001,2,1,1,3,BASINGSTOKE (AVENUE DE),"48,4360000000","0,0950000000",1,4,1,1990.0,1,0,0,-1,B01,2,1,0,1,1,5,3,BASINGSTOKE (AVENUE DE),0.0,,2,2,1,1,1,1,0,5,50,adult
202200009316,20,11,2022,0 days 16:50:00,2,75,75115,2,7,1,1,PLACE DES INSURGES DE VARSOVIE,"48,8277820000","2,2924160000",1,4,2,1968.0,5,8,0,-1,A01,3,0,2,1,5,5,4,PLACE DES INSURGES DE VARSOVIE,0.0,,1,3,0,1,2,1,0,1,30,child