Num_Acc,jour,mois,an,hrmn,lum,dep,com,agg,int,atm,col,adr,lat,long,catu,grav,sexe,an_nais,trajet,secu1,secu2,secu3,num_veh_y,senc,obs,obsm,choc,manv,motor,catr,voie,v1,v2,circ,nbv,vosp,prof,plan,surf,infra,situ,vma,age
202200012758,16,11,2022,0 days 16:15:00,1,31,31483,1,1,1,7,D 9  ROUTE DE LA SERRE DE NEROUS,"43,1230500000","0,7111200000",1,4,1,2009.0,5,2,8,-1,B01,1,0,2,4,1,5,3,D 9  ROUTE DE LA SERRE DE NEROUS,0.0,,2,2,0,2,1,1,0,1,80,adult
202200012769,24,7,2022,0 days 18:40:00,1,85,85109,2,6,1,3,VC rue Nationale,"46,8700060000"," -1,0092190000",1,1,1,1961.0,3,1,-1,-1,B01,2,0,2,4,19,5,4,,-1.0,,2,2,0,1,2,1,5,1,50,child
202200012769,24,7,2022,0 days 18:40:00,1,85,85109,2,6,1,3,VC rue Nationale,"46,8700060000"," -1,0092190000",1,3,1,2013.0,5,0,-1,-1,B01,2,0,2,4,19,5,4,,-1.0,,2,2,0,1,2,1,5,1,50,adult
202200012779,30,5,2022,0 days 17:00:00,1,973,97304,1,2,1,3,Savanes du Matiti,"5,0699450000"," -52,5952970000",1,3,1,1954.0,5,0,-1,-1,B01,1,0,2,7,19,5,2,1,0.0,,2,2,0,1,1,1,0,3,90,child
202200012779,30,5,2022,0 days 17:00:00,1,973,97304,1,2,1,3,Savanes du Matiti,"5,0699450000"," -52,5952970000",1,1,2,1982.0,1,1,-1,-1,B01,1,0,2,7,19,5,2,1,0.0,,2,2,0,1,1,1,0,3,90,adult
202200012795,30,5,2022,0 days 19:15:00,1,69,69388,2,2,1,2,Avenue Général Frère,"45,7284900000","4,8814600000",1,4,1,1974.0,0,8,-1,-1,B01,2,0,2,5,1,0,4,GENERAL FRERE (DU)                  (AV),0.0,,2,2,2,1,1,1,0,5,50,child
202200012795,30,5,2022,0 days 19:15:00,1,69,69388,2,2,1,2,Avenue Général Frère,"45,7284900000","4,8814600000",1,1,1,2004.0,0,8,-1,-1,B01,2,0,2,5,1,0,4,GENERAL FRERE (DU)                  (AV),0.0,,2,2,2,1,1,1,0,5,50,adult
202200012811,16,11,2022,0 days 18:05:00,5,05,05061,2,4,1,1,EMILE DIDIER ( AV ),"44,5657600000","6,0932300000",1,1,1,1971.0,1,8,-1,-1,A01,2,0,2,7,13,5,2,EMILE DIDIER ( AV ),0.0,,1,1,3,1,3,1,9,6,50,child
202200012811,16,11,2022,0 days 18:05:00,5,05,05061,2,4,1,1,EMILE DIDIER ( AV ),"44,5657600000","6,0932300000",1,4,1,2003.0,0,8,-1,-1,A01,2,0,2,7,13,5,2,EMILE DIDIER ( AV ),0.0,,1,1,3,1,3,1,9,6,50,adult
202200012846,18,11,2022,0 days 20:00:00,5,75,75116,2,1,1,1,QUAI SAINT EXUPERY,"48,8357490000","2,2630000000",1,4,1,1966.0,9,2,0,-1,A01,1,0,2,1,13,5,4,QUAI SAINT EXUPERY,0.0,,2,2,1,1,1,1,0,5,30,child
202200012846,18,11,2022,0 days 20:00:00,5,75,75116,2,1,1,1,QUAI SAINT EXUPERY,"48,8357490000","2,2630000000",1,4,1,1992.0,9,2,4,-1,A01,1,0,2,1,13,5,4,QUAI SAINT EXUPERY,0.0,,2,2,1,1,1,1,0,5,30,adult
202200012878,30,5,2022,0 days 17:45:00,1,44,44184,2,2,1,3,Rue Emile Littré,"47,2781700000"," -2,2211900000",1,1,2,1976.0,9,1,0,-1,A01,2,0,2,7,1,5,4,BRIAND (RUE ARISTIDE) DU 02 AU 88 - DU 0,0.0,,1,2,2,1,1,1,0,5,50,child
202200012878,30,5,2022,0 days 17:45:00,1,44,44184,2,2,1,3,Rue Emile Littré,"47,2781700000"," -2,2211900000",1,3,2,2005.0,2,8,0,-1,A01,2,0,2,7,1,5,4,BRIAND (RUE ARISTIDE) DU 02 AU 88 - DU 0,0.0,,1,2,2,1,1,1,0,5,50,adult
202200012886,18,3,2022,0 days 08:00:00,1,06,06059,2,9,1,3,976 Boulevard du Marechal Leclerc,"43,7338520000","7,3522620000",1,1,1,1964.0,1,1,-1,-1,B01,2,0,2,1,1,5,7,46,-1.0,M,3,3,0,2,1,1,5,1,30,child
202200012886,18,3,2022,0 days 08:00:00,1,06,06059,2,9,1,3,976 Boulevard du Marechal Leclerc,"43,7338520000","7,3522620000",1,3,1,1985.0,1,8,-1,-1,B01,2,0,2,1,1,5,7,46,-1.0,M,3,3,0,2,1,1,5,1,30,adult
202200012893,16,3,2022,0 days 16:34:00,1,40,40046,2,3,8,5,Avenue de Laouadie,"44,4108040000"," -1,1711700000",1,1,2,1946.0,5,1,-1,-1,C01,2,0,2,1,1,5,3,146,0.0,D,2,2,0,1,3,1,0,1,50,child
202200012893,16,3,2022,0 days 16:34:00,1,40,40046,2,3,8,5,Avenue de Laouadie,"44,4108040000"," -1,1711700000",1,3,2,1975.0,5,2,9,-1,C01,2,0,2,1,1,5,3,146,0.0,D,2,2,0,1,3,1,0,1,50,adult
202200012893,16,3,2022,0 days 16:34:00,1,40,40046,2,3,8,5,Avenue de Laouadie,"44,4108040000"," -1,1711700000",1,4,1,1977.0,5,2,9,-1,C01,2,0,2,1,1,5,3,146,0.0,D,2,2,0,1,3,1,0,1,50,adult
202200012957,17,3,2022,0 days 14:10:00,1,27,27412,1,1,1,5,Route Départementale 313,"49,2404940000","1,1133100000",1,3,1,1948.0,5,0,-1,-1,C01,1,0,0,4,1,5,3,313,-1.0,,2,2,0,2,1,1,0,1,80,child
202200012957,17,3,2022,0 days 14:10:00,1,27,27412,1,1,1,5,Route Départementale 313,"49,2404940000","1,1133100000",1,1,1,1963.0,0,1,-1,-1,C01,1,0,0,4,1,5,3,313,-1.0,,2,2,0,2,1,1,0,1,80,adult
202200012957,17,3,2022,0 days 14:10:00,1,27,27412,1,1,1,5,Route Départementale 313,"49,2404940000","1,1133100000",1,4,2,1971.0,0,1,-1,-1,C01,1,0,0,4,1,5,3,313,-1.0,,2,2,0,2,1,1,0,1,80,adult
202200012981,22,12,2022,0 days 10:35:00,1,971,97105,2,6,1,3,GASTON FEUILLARD(AVENUE),"15,9987268300"," -61,7207756639",1,1,2,1981.0,0,1,0,-1,B01,2,0,2,1,0,5,2,GASTON FEUILLARD(AVENUE),0.0,,2,2,0,1,1,1,5,1,50,child
202200012981,22,12,2022,0 days 10:35:00,1,971,97105,2,6,1,3,GASTON FEUILLARD(AVENUE),"15,9987268300"," -61,7207756639",1,4,1,2005.0,0,8,0,-1,B01,2,0,2,1,0,5,2,GASTON FEUILLARD(AVENUE),0.0,,2,2,0,1,1,1,5,1,50,adult
202200012996,20,12,2022,0 days 13:35:00,1,88,88160,2,1,2,3,DOGNEVILLE (Q. DE),"48,1811800000","6,4476400000",3,3,2,1959.0,5,0,-1,-1,A01,1,0,1,1,1,5,3,DOGNEVILLE (Q. DE),0.0,,2,2,0,1,1,2,0,1,30,child
202200012996,20,12,2022,0 days 13:35:00,1,88,88160,2,1,2,3,DOGNEVILLE (Q. DE),"48,1811800000","6,4476400000",1,1,2,2004.0,5,2,6,-1,A01,1,0,1,1,1,5,3,DOGNEVILLE (Q. DE),0.0,,2,2,0,1,1,2,0,1,30,adult
202200013004,30,5,2022,0 days 09:15:00,1,75,75116,2,1,1,6,BOULEVARD SUCHET,"48,8575430000","2,2647790000",1,1,1,1961.0,5,2,6,-1,B01,3,0,2,6,19,5,4,BOULEVARD SUCHET,0.0,,2,5,1,1,1,1,-1,5,50,child
202200013004,30,5,2022,0 days 09:15:00,1,75,75116,2,1,1,6,BOULEVARD SUCHET,"48,8575430000","2,2647790000",1,4,2,1995.0,5,2,0,-1,B01,3,0,2,6,19,5,4,BOULEVARD SUCHET,0.0,,2,5,1,1,1,1,-1,5,50,adult
202200013007,28,5,2022,0 days 13:00:00,1,75,75116,2,1,1,2,ROUTE DE SEVRES A NEUILLY,"48,8561501165","2,2375347930",1,1,1,1935.0,5,2,0,-1,B01,2,0,2,4,2,5,4,ROUTE DE SEVRES A NEUILLY,0.0,,2,4,1,1,1,1,-1,5,50,child
202200013007,28,5,2022,0 days 13:00:00,1,75,75116,2,1,1,2,ROUTE DE SEVRES A NEUILLY,"48,8561501165","2,2375347930",1,4,1,1969.0,5,2,0,-1,B01,2,0,2,4,2,5,4,ROUTE DE SEVRES A NEUILLY,0.0,,2,4,1,1,1,1,-1,5,50,adult
202200013040,10,3,2022,0 days 08:00:00,1,55,55545,2,6,1,3,MARECHAL DE LATTRE DE TASSIGNY  ( RP ),"49,1614600000","5,3899000000",1,1,2,1963.0,1,1,0,-1,B01,3,0,2,7,1,5,4,MARECHAL DE LATTRE DE TASSIGNY  ( RP ),0.0,,1,1,0,1,1,1,9,1,30,child
202200013040,10,3,2022,0 days 08:00:00,1,55,55545,2,6,1,3,MARECHAL DE LATTRE DE TASSIGNY  ( RP ),"49,1614600000","5,3899000000",1,4,1,1984.0,1,2,4,-1,B01,3,0,2,7,1,5,4,MARECHAL DE LATTRE DE TASSIGNY  ( RP ),0.0,,1,1,0,1,1,1,9,1,30,adult
202200013074,22,12,2022,0 days 19:50:00,5,65,65440,2,2,1,3,Avenue Aristide Briand,"43,2245000000","0,0653100000",1,4,1,1961.0,1,2,-1,-1,B01,2,0,2,8,1,5,4,BRIAND (AVENUE ARISTIDE),0.0,,2,3,0,1,1,1,0,1,50,child
202200013074,22,12,2022,0 days 19:50:00,5,65,65440,2,2,1,3,Avenue Aristide Briand,"43,2245000000","0,0653100000",1,1,2,1987.0,1,1,-1,-1,B01,2,0,2,8,1,5,4,BRIAND (AVENUE ARISTIDE),0.0,,2,3,0,1,1,1,0,1,50,adult
202200013084,16,3,2022,0 days 07:00:00,1,75,75117,2,1,1,6,RUE CARDINET,"48,8875000000","2,3143740000",3,4,2,1942.0,5,0,-1,-1,A01,1,0,1,8,1,5,4,RUE CARDINET,0.0,,2,3,0,4,1,1,0,1,30,child
202200013084,16,3,2022,0 days 07:00:00,1,75,75117,2,1,1,6,RUE CARDINET,"48,8875000000","2,3143740000",1,1,1,1967.0,4,2,0,-1,A01,1,0,1,8,1,5,4,RUE CARDINET,0.0,,2,3,0,4,1,1,0,1,30,adult
202200013159,22,12,2022,0 days 18:10:00,4,49,49007,2,1,2,6,AMBROISE PARE,"47,4746293515"," -0,5747424066",1,1,2,1973.0,1,1,0,-1,A01,1,0,2,1,17,5,4,AMBROISE PARE,0.0,,2,2,0,1,1,2,0,1,30,child
202200013159,22,12,2022,0 days 18:10:00,4,49,49007,2,1,2,6,AMBROISE PARE,"47,4746293515"," -0,5747424066",1,4,2,1998.0,5,8,0,-1,A01,1,0,2,1,17,5,4,AMBROISE PARE,0.0,,2,2,0,1,1,2,0,1,30,adult
202200013174,15,3,2022,0 days 12:45:00,1,92,92024,2,2,1,3,GEORGES BOISSEAU (RUE),"48,9035731496","2,3175490200",1,1,1,1960.0,0,1,8,-1,B01,1,0,2,8,19,5,4,GEORGES BOISSEAU (RUE),0.0,,2,2,3,1,1,1,5,1,30,child
202200013174,15,3,2022,0 days 12:45:00,1,92,92024,2,2,1,3,GEORGES BOISSEAU (RUE),"48,9035731496","2,3175490200",1,4,1,1984.0,0,8,0,-1,B01,1,0,2,8,19,5,4,GEORGES BOISSEAU (RUE),0.0,,2,2,3,1,1,1,5,1,30,adult
202200013175,11,9,2022,0 days 10:30:00,1,46,46055,1,1,1,2,départementale 840,"44,5862190000","2,0877030000",1,3,1,1964.0,5,2,6,-1,B01,2,0,0,4,2,5,3,840,-1.0,,2,2,0,2,3,1,0,1,80,child
202200013175,11,9,2022,0 days 10:30:00,1,46,46055,1,1,1,2,départementale 840,"44,5862190000","2,0877030000",2,1,2,2000.0,5,2,-1,-1,B01,2,0,0,4,2,5,3,840,-1.0,,2,2,0,2,3,1,0,1,80,adult
202200013175,11,9,2022,0 days 10:30:00,1,46,46055,1,1,1,2,départementale 840,"44,5862190000","2,0877030000",1,1,1,2001.0,5,2,6,5,B01,2,0,0,4,2,5,3,840,-1.0,,2,2,0,2,3,1,0,1,80,adult
202200013177,10,9,2022,0 days 13:20:00,1,09,09272,2,6,1,3,Rd 618 / RD 117,"42,9181780000","1,6405390000",1,3,1,1946.0,5,2,-1,-1,A01,1,0,2,8,9,5,3,,-1.0,,1,2,0,1,3,1,0,1,50,child
202200013177,10,9,2022,0 days 13:20:00,1,09,09272,2,6,1,3,Rd 618 / RD 117,"42,9181780000","1,6405390000",1,1,2,1984.0,5,1,-1,-1,A01,1,0,2,8,9,5,3,,-1.0,,1,2,0,1,3,1,0,1,50,adult
202200013179,23,12,2022,0 days 16:20:00,1,45,45298,2,3,8,3,23 Rue des Iris,"47,8773800000","1,8694200000",1,1,2,1962.0,5,1,0,-1,A01,1,0,2,1,19,5,4,IRIS (RUE DES),0.0,,2,2,0,1,1,2,0,1,50,child
202200013179,23,12,2022,0 days 16:20:00,1,45,45298,2,3,8,3,23 Rue des Iris,"47,8773800000","1,8694200000",1,4,1,2002.0,1,8,0,-1,A01,1,0,2,1,19,5,4,IRIS (RUE DES),0.0,,2,2,0,1,1,2,0,1,50,adult
202200013189,28,5,2022,0 days 18:30:00,1,35,35013,1,1,1,2,D873,"47,7193780000"," -2,0962030000",1,1,1,1936.0,5,1,-1,-1,B01,1,0,2,4,2,5,3,873,-1.0,,2,2,0,1,1,1,0,1,80,child
202200013189,28,5,2022,0 days 18:30:00,1,35,35013,1,1,1,2,D873,"47,7193780000"," -2,0962030000",1,3,1,1971.0,5,0,-1,-1,B01,1,0,2,4,2,5,3,873,-1.0,,2,2,0,1,1,1,0,1,80,adult
202200013192,22,12,2022,0 days 17:35:00,5,45,45208,2,2,2,3,Rue du Faubourg de la Chaussee,"47,9977400000","2,7365500000",1,1,2,1952.0,0,1,8,-1,B01,0,0,2,1,1,5,4,DURZY (BOULEVARD),0.0,,1,2,0,1,1,2,0,1,50,child
202200013192,22,12,2022,0 days 17:35:00,5,45,45208,2,2,2,3,Rue du Faubourg de la Chaussee,"47,9977400000","2,7365500000",1,4,2,1983.0,1,8,0,-1,B01,0,0,2,1,1,5,4,DURZY (BOULEVARD),0.0,,1,2,0,1,1,2,0,1,50,adult
202200013202,16,3,2022,0 days 15:23:00,1,95,95352,2,1,1,3,Avenue du Maréchal-Joffre,"49,1179512807","2,4230110645",1,1,1,1950.0,5,1,-1,-1,B01,3,0,0,2,17,5,4,16e1,0.0,D,2,2,0,1,1,1,0,1,30,child
202200013202,16,3,2022,0 days 15:23:00,1,95,95352,2,1,1,3,Avenue du Maréchal-Joffre,"49,1179512807","2,4230110645",1,4,1,2004.0,5,2,-1,-1,B01,3,0,0,2,17,5,4,16e1,0.0,D,2,2,0,1,1,1,0,1,30,adult
202200013235,16,3,2022,0 days 16:45:00,1,16,16011,1,6,8,3,D11,"45,7699700000","0,1914130000",1,3,1,1947.0,5,2,6,9,B01,1,0,2,7,2,5,3,11,0.0,,-1,2,0,1,2,1,0,1,30,child
202200013235,16,3,2022,0 days 16:45:00,1,16,16011,1,6,8,3,D11,"45,7699700000","0,1914130000",1,1,1,1974.0,1,1,-1,-1,B01,1,0,2,7,2,5,3,11,0.0,,-1,2,0,1,2,1,0,1,30,adult
202200013282,30,5,2022,0 days 15:15:00,1,03,03236,2,2,1,1,25 route de lapalisse,"46,2053750000","3,4366150000",1,2,1,1942.0,5,2,-1,-1,B01,2,0,2,1,1,5,3,52,0.0,D,2,2,0,2,1,1,0,1,50,child
202200013282,30,5,2022,0 days 15:15:00,1,03,03236,2,2,1,1,25 route de lapalisse,"46,2053750000","3,4366150000",1,1,1,1972.0,4,1,-1,-1,B01,2,0,2,1,1,5,3,52,0.0,D,2,2,0,2,1,1,0,1,50,adult
202200013299,9,9,2022,0 days 13:47:00,1,69,69152,2,6,1,3,Chemin des Mûriers,"45,6949800000","4,8266900000",1,4,2,1968.0,5,2,-1,-1,B01,3,0,2,1,5,5,7,EUROPE (DE L')                      (BD),0.0,,1,1,0,1,3,1,0,5,50,child
202200013299,9,9,2022,0 days 13:47:00,1,69,69152,2,6,1,3,Chemin des Mûriers,"45,6949800000","4,8266900000",1,1,1,1999.0,3,1,-1,-1,B01,3,0,2,1,5,5,7,EUROPE (DE L')                      (BD),0.0,,1,1,0,1,3,1,0,5,50,adult
202200013299,9,9,2022,0 days 13:47:00,1,69,69152,2,6,1,3,Chemin des Mûriers,"45,6949800000","4,8266900000",2,1,2,2001.0,3,1,-1,-1,B01,3,0,2,1,5,5,7,EUROPE (DE L')                      (BD),0.0,,1,1,0,1,3,1,0,5,50,adult
202200013315,8,9,2022,0 days 17:55:00,5,971,97107,2,1,1,3,SAINTE CLAIRE  DEVILLE ( RUE),"16,0509100000"," -61,5633400000",1,1,2,1988.0,1,1,8,-1,A01,3,0,9,1,19,5,4,SAINTE CLAIRE  DEVILLE ( RUE),0.0,,-1,1,0,1,1,1,0,1,30,child
202200013315,8,9,2022,0 days 17:55:00,5,971,97107,2,1,1,3,SAINTE CLAIRE  DEVILLE ( RUE),"16,0509100000"," -61,5633400000",1,4,1,2009.0,0,8,0,-1,A01,3,0,9,1,19,5,4,SAINTE CLAIRE  DEVILLE ( RUE),0.0,,-1,1,0,1,1,1,0,1,30,adult
202200013395,14,3,2022,0 days 14:45:00,1,73,73008,2,2,1,3,Avenue du petit port,"45,6947130895","5,8974294439",1,3,1,1966.0,5,8,0,-1,B01,2,0,2,0,0,5,4,PETIT PORT AVENUE DU A PARTIR DE AV ROOP,0.0,,1,1,2,1,1,1,-1,1,30,child
202200013395,14,3,2022,0 days 14:45:00,1,73,73008,2,2,1,3,Avenue du petit port,"45,6947130895","5,8974294439",1,1,2,1988.0,0,1,0,-1,B01,2,0,2,0,0,5,4,PETIT PORT AVENUE DU A PARTIR DE AV ROOP,0.0,,1,1,2,1,1,1,-1,1,30,adult
202200013398,15,3,2022,0 days 04:05:00,5,72,72181,2,2,2,3,NATIONALE (RUE),"47,9991500433","0,1995420454",2,1,1,1976.0,4,1,8,-1,A01,3,0,2,1,1,5,4,NATIONALE (RUE),0.0,,-1,2,0,1,1,2,0,1,30,child
202200013398,15,3,2022,0 days 04:05:00,5,72,72181,2,2,2,3,NATIONALE (RUE),"47,9991500433","0,1995420454",1,1,1,1980.0,4,1,8,-1,A01,3,0,2,1,1,5,4,NATIONALE (RUE),0.0,,-1,2,0,1,1,2,0,1,30,adult
202200013398,15,3,2022,0 days 04:05:00,5,72,72181,2,2,2,3,NATIONALE (RUE),"47,9991500433","0,1995420454",2,1,1,1996.0,4,1,8,-1,A01,3,0,2,1,1,5,4,NATIONALE (RUE),0.0,,-1,2,0,1,1,2,0,1,30,adult
202200013398,15,3,2022,0 days 04:05:00,5,72,72181,2,2,2,3,NATIONALE (RUE),"47,9991500433","0,1995420454",1,4,1,1999.0,9,8,0,-1,A01,3,0,2,1,1,5,4,NATIONALE (RUE),0.0,,-1,2,0,1,1,2,0,1,30,adult
202200013399,9,9,2022,0 days 11:00:00,1,64,64445,1,6,2,3,rond point PIERRE BOURDIEU,"43,3231500000"," -0,3255800000",1,1,2,1952.0,0,1,0,-1,B01,1,0,2,7,1,5,4,PIERRE BOURDIEU,0.0,,1,2,0,1,1,2,0,1,30,child
202200013399,9,9,2022,0 days 11:00:00,1,64,64445,1,6,2,3,rond point PIERRE BOURDIEU,"43,3231500000"," -0,3255800000",1,4,1,1996.0,1,2,0,-1,B01,1,0,2,7,1,5,4,PIERRE BOURDIEU,0.0,,1,2,0,1,1,2,0,1,30,adult
202200013413,8,9,2022,0 days 12:45:00,1,54,54395,2,2,1,3,GEBHART (RUE EMILE),"48,6755669372","6,1718139052",1,1,1,1974.0,1,1,0,-1,B01,1,0,2,1,1,5,4,GEBHART (RUE EMILE),0.0,,1,1,2,1,1,1,0,1,30,child
202200013413,8,9,2022,0 days 12:45:00,1,54,54395,2,2,1,3,GEBHART (RUE EMILE),"48,6755669372","6,1718139052",1,4,2,1997.0,2,2,0,-1,B01,1,0,2,1,1,5,4,GEBHART (RUE EMILE),0.0,,1,1,2,1,1,1,0,1,30,adult
202200013416,15,3,2022,0 days 07:45:00,1,67,67482,2,3,1,3,BRIGADE ALSACE LORRAINE (RUE DE LA),"48,5775659972","7,7530217171",1,1,2,1980.0,0,1,8,-1,B01,2,0,2,1,1,5,4,BRIGADE ALSACE LORRAINE (RUE DE LA),0.0,,1,1,0,1,1,1,0,1,50,child
202200013416,15,3,2022,0 days 07:45:00,1,67,67482,2,3,1,3,BRIGADE ALSACE LORRAINE (RUE DE LA),"48,5775659972","7,7530217171",1,4,1,2001.0,0,8,0,-1,B01,2,0,2,1,1,5,4,BRIGADE ALSACE LORRAINE (RUE DE LA),0.0,,1,1,0,1,1,1,0,1,50,adult
202200013422,14,3,2022,0 days 16:25:00,1,67,67482,2,3,1,3,OBERHAUSBERGEN (ROUTE D ),"48,5959600000","7,7078400000",1,1,1,1967.0,4,1,8,-1,B01,1,0,2,6,1,5,7,OBERHAUSBERGEN (ROUTE D ),0.0,,2,4,2,1,1,1,0,1,50,child
202200013422,14,3,2022,0 days 16:25:00,1,67,67482,2,3,1,3,OBERHAUSBERGEN (ROUTE D ),"48,5959600000","7,7078400000",1,3,1,1995.0,2,8,0,-1,B01,1,0,2,6,1,5,7,OBERHAUSBERGEN (ROUTE D ),0.0,,2,4,2,1,1,1,0,1,50,adult
202200013424,8,9,2022,0 days 14:00:00,1,49,49007,2,1,1,2,Jean de la Fontaine,"47,4614000000"," -0,5489300000",1,1,1,1975.0,4,8,0,-1,A01,1,0,2,1,2,5,4,Jean de la Fontaine,0.0,,2,1,0,1,1,1,0,1,30,child
202200013424,8,9,2022,0 days 14:00:00,1,49,49007,2,1,1,2,Jean de la Fontaine,"47,4614000000"," -0,5489300000",1,4,1,2004.0,0,8,0,-1,A01,1,0,2,1,2,5,4,Jean de la Fontaine,0.0,,2,1,0,1,1,1,0,1,30,adult
202200013426,22,12,2022,0 days 16:35:00,5,51,51454,2,6,2,3,avenue d'Epernay,"49,2299200000","4,0145100000",1,4,1,1961.0,0,8,-1,-1,B01,3,0,2,1,1,5,4,EPERNAY (AVENUE D') COTE IMPAIR,0.0,,4,1,0,1,2,2,5,1,50,child
202200013426,22,12,2022,0 days 16:35:00,5,51,51454,2,6,2,3,avenue d'Epernay,"49,2299200000","4,0145100000",1,1,1,1992.0,0,1,-1,-1,B01,3,0,2,1,1,5,4,EPERNAY (AVENUE D') COTE IMPAIR,0.0,,4,1,0,1,2,2,5,1,50,adult
202200013443,28,2,2022,0 days 12:50:00,1,59,59009,2,6,1,6,FUSILLES RUE DES DU N° 2-110,"50,6169600000","3,1469600000",1,1,1,1971.0,0,1,0,-1,B01,3,0,0,0,0,5,7,BOUDERIEZ MARCEL RUE,0.0,,2,2,0,1,1,1,0,1,50,child
202200013443,28,2,2022,0 days 12:50:00,1,59,59009,2,6,1,6,FUSILLES RUE DES DU N° 2-110,"50,6169600000","3,1469600000",1,4,1,1995.0,0,8,0,-1,B01,3,0,0,0,0,5,7,BOUDERIEZ MARCEL RUE,0.0,,2,2,0,1,1,1,0,1,50,adult
202200013455,11,3,2022,0 days 08:41:00,1,56,56121,2,2,1,3,ASSEMBLEE-NATIONALE (RUE DE L'),"47,7488100000"," -3,3629900000",1,1,1,1959.0,4,1,8,-1,B01,2,0,2,8,1,5,4,ASSEMBLEE-NATIONALE (RUE DE L'),0.0,,2,2,3,2,1,1,-1,1,30,child
202200013455,11,3,2022,0 days 08:41:00,1,56,56121,2,2,1,3,ASSEMBLEE-NATIONALE (RUE DE L'),"47,7488100000"," -3,3629900000",1,4,1,2003.0,4,8,8,-1,B01,2,0,2,8,1,5,4,ASSEMBLEE-NATIONALE (RUE DE L'),0.0,,2,2,3,2,1,1,-1,1,30,adult
202200013463,9,9,2022,0 days 20:40:00,5,33,33063,2,3,1,3,Allée de Munich,"44,8449800000"," -0,5708500000",1,1,1,1966.0,4,1,-1,-1,B01,1,0,2,1,1,5,4,ALL DE MUNICH,0.0,,1,2,3,1,1,1,5,1,30,child
202200013463,9,9,2022,0 days 20:40:00,5,33,33063,2,3,1,3,Allée de Munich,"44,8449800000"," -0,5708500000",1,4,1,1998.0,9,0,-1,-1,B01,1,0,2,1,1,5,4,ALL DE MUNICH,0.0,,1,2,3,1,1,1,5,1,30,adult
202200013473,9,9,2022,0 days 12:24:00,1,29,29232,2,9,2,3,Rue de Kerivoal,"48,0064300000"," -4,1077410000",1,1,2,1974.0,2,1,-1,-1,B01,1,0,2,1,1,5,4,,0.0,,1,1,0,3,3,2,5,1,50,child
202200013473,9,9,2022,0 days 12:24:00,1,29,29232,2,9,2,3,Rue de Kerivoal,"48,0064300000"," -4,1077410000",1,4,1,2004.0,2,2,-1,-1,B01,1,0,2,1,1,5,4,,0.0,,1,1,0,3,3,2,5,1,50,adult
202200013485,9,9,2022,0 days 16:30:00,1,25,25056,2,1,1,3,PRES DE VAUX CHE. DES,"47,2382100000","6,0611500000",1,4,2,1953.0,0,0,-1,-1,B01,2,0,2,1,1,5,4,PRES DE VAUX CHE. DES,0.0,,2,1,0,1,1,1,0,1,30,child
202200013485,9,9,2022,0 days 16:30:00,1,25,25056,2,1,1,3,PRES DE VAUX CHE. DES,"47,2382100000","6,0611500000",1,1,2,1991.0,0,1,8,-1,B01,2,0,2,1,1,5,4,PRES DE VAUX CHE. DES,0.0,,2,1,0,1,1,1,0,1,30,adult
202200013536,9,9,2022,0 days 19:45:00,5,75,75114,2,3,2,6,BOULEVARD BRUNE,"48,8264350000","2,3107190000",3,4,2,1944.0,5,0,-1,-1,A01,1,0,1,1,14,5,4,BOULEVARD BRUNE,0.0,,3,3,0,1,1,2,0,4,10,child
202200013536,9,9,2022,0 days 19:45:00,5,75,75114,2,3,2,6,BOULEVARD BRUNE,"48,8264350000","2,3107190000",1,1,1,1997.0,9,2,0,-1,A01,1,0,1,1,14,5,4,BOULEVARD BRUNE,0.0,,3,3,0,1,1,2,0,4,10,adult
202200013591,24,12,2022,0 days 19:00:00,5,51,51649,2,1,2,3,Rue Saint-Abdon,"48,7293990000","4,5860540000",1,1,1,1967.0,5,8,-1,-1,B01,2,0,2,3,19,5,2,4,0.0,N,4,4,0,1,1,2,0,1,50,child
202200013591,24,12,2022,0 days 19:00:00,5,51,51649,2,1,2,3,Rue Saint-Abdon,"48,7293990000","4,5860540000",1,4,1,2007.0,5,0,-1,-1,B01,2,0,2,3,19,5,2,4,0.0,N,4,4,0,1,1,2,0,1,50,adult
202200013613,7,2,2022,0 days 04:55:00,5,62,62042,1,1,1,1,Allee des Atrebates,"50,3178190000","2,8373910000",1,2,1,1969.0,1,0,-1,-1,B01,3,0,2,4,15,5,4,0,2.0,A,-1,2,0,1,1,1,0,1,30,child
202200013613,7,2,2022,0 days 04:55:00,5,62,62042,1,1,1,1,Allee des Atrebates,"50,3178190000","2,8373910000",1,1,2,1998.0,1,1,-1,-1,B01,3,0,2,4,15,5,4,0,2.0,A,-1,2,0,1,1,1,0,1,30,adult
202200013622,7,2,2022,0 days 15:45:00,1,61,61486,2,1,1,2,Lieu Dit la Peschardiere,"48,7737830000"," -0,7172700000",1,3,1,1951.0,5,2,-1,-1,B01,1,0,2,4,1,5,3,911,-1.0,,2,1,0,1,1,1,0,1,90,child