Num_Acc,jour,mois,an,hrmn,lum,dep,com,agg,int,atm,col,adr,lat,long,catu,grav,sexe,an_nais,trajet,secu1,secu2,secu3,num_veh_y,senc,obs,obsm,choc,manv,motor,catr,voie,v1,v2,circ,nbv,vosp,prof,plan,surf,infra,situ,vma,age
202200013622,7,2,2022,0 days 15:45:00,1,61,61486,2,1,1,2,Lieu Dit la Peschardiere,"48,7737830000"," -0,7172700000",1,1,2,1982.0,5,8,-1,-1,B01,1,0,2,4,1,5,3,911,-1.0,,2,1,0,1,1,1,0,1,90,adult
202200013681,24,4,2022,0 days 14:48:00,1,66,66136,2,3,2,2,ALDUY (Paul),"42,6783800000","2,9061200000",1,1,1,1974.0,0,1,8,-1,B01,1,0,2,1,1,5,4,ALDUY (Paul),0.0,,2,3,1,2,1,2,0,1,50,child
202200013681,24,4,2022,0 days 14:48:00,1,66,66136,2,3,2,2,ALDUY (Paul),"42,6783800000","2,9061200000",1,4,1,2003.0,0,8,0,-1,B01,1,0,2,1,1,5,4,ALDUY (Paul),0.0,,2,3,1,2,1,2,0,1,50,adult
202200013697,10,9,2022,0 days 14:15:00,1,39,39017,2,2,8,3,14 Rue Honore Chapuis,"46,7603430000","5,5307820000",1,1,1,1951.0,5,1,-1,-1,A01,3,0,2,1,19,5,3,120,-1.0,,2,2,0,1,1,1,9,1,30,child
202200013697,10,9,2022,0 days 14:15:00,1,39,39017,2,2,8,3,14 Rue Honore Chapuis,"46,7603430000","5,5307820000",1,3,1,2008.0,5,2,-1,-1,A01,3,0,2,1,19,5,3,120,-1.0,,2,2,0,1,1,1,9,1,30,adult
202200013725,23,4,2022,0 days 18:32:00,1,56,56121,2,6,1,3,GAMBETTA (RUE LEON),"47,7453000000"," -3,3660800000",1,1,1,1955.0,5,1,8,-1,B01,2,0,2,8,1,5,4,GAMBETTA (RUE LEON),0.0,,2,2,0,2,1,1,5,1,30,child
202200013725,23,4,2022,0 days 18:32:00,1,56,56121,2,6,1,3,GAMBETTA (RUE LEON),"47,7453000000"," -3,3660800000",1,4,1,1993.0,5,2,0,-1,B01,2,0,2,8,1,5,4,GAMBETTA (RUE LEON),0.0,,2,2,0,2,1,1,5,1,30,adult
202200013802,25,4,2022,0 days 21:35:00,5,75,75105,2,4,1,3,BOULEVARD DE L HOPITAL,"48,8399767715","2,3617574573",2,4,2,1960.0,9,1,0,-1,A01,1,0,2,4,14,5,4,BOULEVARD DE L HOPITAL,0.0,,2,6,3,2,1,1,-1,6,30,child
202200013802,25,4,2022,0 days 21:35:00,5,75,75105,2,4,1,3,BOULEVARD DE L HOPITAL,"48,8399767715","2,3617574573",1,1,1,1969.0,9,2,0,-1,A01,1,0,2,4,14,5,4,BOULEVARD DE L HOPITAL,0.0,,2,6,3,2,1,1,-1,6,30,adult
202200013802,25,4,2022,0 days 21:35:00,5,75,75105,2,4,1,3,BOULEVARD DE L HOPITAL,"48,8399767715","2,3617574573",1,1,1,1982.0,4,1,0,-1,A01,1,0,2,4,14,5,4,BOULEVARD DE L HOPITAL,0.0,,2,6,3,2,1,1,-1,6,30,adult
202200013810,25,4,2022,0 days 22:27:00,5,75,75103,2,2,1,3,BOULEVARD DE SEBASTOPOL,"48,8634000000","2,3509550000",1,1,1,1964.0,4,1,0,-1,A01,1,0,2,2,1,5,4,BOULEVARD DE SEBASTOPOL,0.0,,2,5,1,1,1,1,-1,5,30,child
202200013810,25,4,2022,0 days 22:27:00,5,75,75103,2,2,1,3,BOULEVARD DE SEBASTOPOL,"48,8634000000","2,3509550000",1,4,2,2001.0,9,2,0,-1,A01,1,0,2,2,1,5,4,BOULEVARD DE SEBASTOPOL,0.0,,2,5,1,1,1,1,-1,5,30,adult
202200013811,1,2,2022,0 days 18:20:00,5,74,74281,2,1,1,2,DE GAULLE (AV DU GAL) JUSQU'AU N°26,"46,3698800000","6,4776200000",1,1,1,1954.0,1,1,0,-1,A01,1,0,2,1,2,5,4,DE GAULLE (AV DU GAL) JUSQU'AU N°26,0.0,,2,2,0,1,1,1,0,1,50,child
202200013811,1,2,2022,0 days 18:20:00,5,74,74281,2,1,1,2,DE GAULLE (AV DU GAL) JUSQU'AU N°26,"46,3698800000","6,4776200000",1,4,1,2007.0,0,8,0,-1,A01,1,0,2,1,2,5,4,DE GAULLE (AV DU GAL) JUSQU'AU N°26,0.0,,2,2,0,1,1,1,0,1,50,adult
202200013830,5,2,2022,0 days 15:17:00,1,49,49267,2,1,1,3,PELLERINIERE,"47,4593800000"," -0,4850500000",1,1,1,1947.0,9,8,0,-1,B01,1,0,2,1,26,5,4,PELLERINIERE,0.0,,1,2,0,1,2,1,0,1,30,child
202200013830,5,2,2022,0 days 15:17:00,1,49,49267,2,1,1,3,PELLERINIERE,"47,4593800000"," -0,4850500000",1,4,2,2004.0,2,8,0,-1,B01,1,0,2,1,26,5,4,PELLERINIERE,0.0,,1,2,0,1,2,1,0,1,30,adult
202200013906,5,2,2022,0 days 16:30:00,1,974,97414,1,9,1,1,Chemin de Bellevue," -21,2630060000","55,4010590000",1,1,1,1970.0,5,1,-1,-1,A01,1,0,2,1,13,5,4,,-1.0,,2,2,0,2,3,1,0,1,50,child
202200013906,5,2,2022,0 days 16:30:00,1,974,97414,1,9,1,1,Chemin de Bellevue," -21,2630060000","55,4010590000",1,2,1,2005.0,5,0,-1,-1,A01,1,0,2,1,13,5,4,,-1.0,,2,2,0,2,3,1,0,1,50,adult
202200013927,4,2,2022,0 days 17:30:00,2,29,29105,2,1,1,2,Boulevard de la République,"48,5092830000"," -4,0562000000",1,1,1,1935.0,5,1,-1,-1,B01,1,0,2,4,2,5,3,32,0.0,,2,2,0,2,1,1,0,1,50,child
202200013927,4,2,2022,0 days 17:30:00,2,29,29105,2,1,1,2,Boulevard de la République,"48,5092830000"," -4,0562000000",1,3,1,1975.0,5,2,6,4,B01,1,0,2,4,2,5,3,32,0.0,,2,2,0,2,1,1,0,1,50,adult
202200013928,26,4,2022,0 days 15:40:00,1,01,01036,1,4,1,1,D8,"45,9022310000","5,6354180000",1,1,1,1951.0,5,1,-1,-1,B01,1,0,2,1,1,5,3,8,0.0,,2,1,0,2,3,1,0,1,80,child
202200013928,26,4,2022,0 days 15:40:00,1,01,01036,1,4,1,1,D8,"45,9022310000","5,6354180000",1,3,2,1984.0,5,2,-1,-1,B01,1,0,2,1,1,5,3,8,0.0,,2,1,0,2,3,1,0,1,80,adult
202200013945,26,4,2022,0 days 10:50:00,1,07,07143,1,1,1,3,,"45,3384210000","4,7578100000",1,3,1,1954.0,5,2,-1,-1,B01,3,0,2,8,2,5,3,86,0.0,D,2,2,0,1,1,1,0,1,80,child
202200013945,26,4,2022,0 days 10:50:00,1,07,07143,1,1,1,3,,"45,3384210000","4,7578100000",1,1,1,1992.0,0,8,-1,-1,B01,3,0,2,8,2,5,3,86,0.0,D,2,2,0,1,1,1,0,1,80,adult
202200014026,28,6,2022,0 days 07:05:00,2,86,86194,2,9,1,2,Boulevard Anatole France,"46,5772240000","0,3479010000",1,1,2,1980.0,0,2,-1,-1,B01,1,1,0,4,2,5,4,ANATOLE FRANCE (BOULEVARD),0.0,,1,2,0,1,1,1,5,1,50,child
202200014026,28,6,2022,0 days 07:05:00,2,86,86194,2,9,1,2,Boulevard Anatole France,"46,5772240000","0,3479010000",1,1,1,1987.0,0,1,0,-1,B01,1,1,0,4,2,5,4,ANATOLE FRANCE (BOULEVARD),0.0,,1,2,0,1,1,1,5,1,50,adult
202200014026,28,6,2022,0 days 07:05:00,2,86,86194,2,9,1,2,Boulevard Anatole France,"46,5772240000","0,3479010000",2,4,1,2011.0,0,2,-1,-1,B01,1,1,0,4,2,5,4,ANATOLE FRANCE (BOULEVARD),0.0,,1,2,0,1,1,1,5,1,50,adult
202200014043,11,10,2022,0 days 16:15:00,1,31,31555,2,3,1,3,RUE DES IFS,"43,5954100000","1,4892400000",1,1,1,1982.0,4,1,0,-1,A01,0,0,2,1,16,5,4,RUE DES IFS,0.0,,1,1,0,4,1,1,0,1,30,child
202200014043,11,10,2022,0 days 16:15:00,1,31,31555,2,3,1,3,RUE DES IFS,"43,5954100000","1,4892400000",1,3,1,2009.0,2,2,0,-1,A01,0,0,2,1,16,5,4,RUE DES IFS,0.0,,1,1,0,4,1,1,0,1,30,adult
202200014055,22,4,2022,0 days 15:50:00,1,59,59143,2,3,1,3,MARLE (RUE DE LA ),"50,6798873078","2,8747301102",1,1,1,1952.0,5,1,0,-1,A01,1,0,2,1,19,5,7,MARLE (RUE DE LA ),0.0,,2,2,0,1,1,1,0,1,50,child
202200014055,22,4,2022,0 days 15:50:00,1,59,59143,2,3,1,3,MARLE (RUE DE LA ),"50,6798873078","2,8747301102",1,3,1,2010.0,5,8,0,-1,A01,1,0,2,1,19,5,7,MARLE (RUE DE LA ),0.0,,2,2,0,1,1,1,0,1,50,adult
202200014061,11,6,2022,0 days 22:50:00,5,67,67482,2,1,1,2,PIERRE CORNEILLE (AVENUE),"48,5943724671","7,6945495605",1,1,1,1980.0,2,1,8,-1,B01,2,0,2,0,19,5,4,PIERRE CORNEILLE (AVENUE),0.0,,-1,0,0,1,1,1,9,8,50,child
202200014061,11,6,2022,0 days 22:50:00,5,67,67482,2,1,1,2,PIERRE CORNEILLE (AVENUE),"48,5943724671","7,6945495605",1,4,2,2016.0,5,2,8,-1,B01,2,0,2,0,19,5,4,PIERRE CORNEILLE (AVENUE),0.0,,-1,0,0,1,1,1,9,8,50,adult
202200014087,22,9,2022,0 days 16:30:00,1,73,73065,2,1,1,6,Voie verte Chambéry,"45,5825700000","5,9069100000",1,2,1,1934.0,5,2,-1,-1,A01,3,0,1,9,21,5,9,,0.0,,2,2,1,4,1,1,1,5,-1,child
202200014087,22,9,2022,0 days 16:30:00,1,73,73065,2,1,1,6,Voie verte Chambéry,"45,5825700000","5,9069100000",3,1,2,1993.0,5,0,-1,-1,A01,3,0,1,9,21,5,9,,0.0,,2,2,1,4,1,1,1,5,-1,adult
202200014093,11,10,2022,0 days 18:20:00,1,75,75104,2,2,1,3,BOULEVARD DE SEBASTOPOL,"48,8605740000","2,3493730000",1,1,1,1957.0,1,2,6,-1,B01,2,0,2,7,19,5,4,BOULEVARD DE SEBASTOPOL,0.0,,1,5,0,1,1,1,0,1,30,child
202200014093,11,10,2022,0 days 18:20:00,1,75,75104,2,2,1,3,BOULEVARD DE SEBASTOPOL,"48,8605740000","2,3493730000",1,4,1,1997.0,4,8,0,-1,B01,2,0,2,7,19,5,4,BOULEVARD DE SEBASTOPOL,0.0,,1,5,0,1,1,1,0,1,30,adult
202200014105,10,10,2022,0 days 13:20:00,1,75,75106,2,1,1,6,RUE DU CHERCHE MIDI,"48,8511460000","2,3288710000",3,4,1,1941.0,3,0,-1,-1,A01,1,0,1,2,1,5,4,RUE DU CHERCHE MIDI,0.0,,1,1,0,1,1,1,0,1,30,child
202200014105,10,10,2022,0 days 13:20:00,1,75,75106,2,1,1,6,RUE DU CHERCHE MIDI,"48,8511460000","2,3288710000",1,1,2,2001.0,2,8,0,-1,A01,1,0,1,2,1,5,4,RUE DU CHERCHE MIDI,0.0,,1,1,0,1,1,1,0,1,30,adult
202200014108,12,10,2022,0 days 11:15:00,1,75,75119,2,7,1,3,AVENUE DE FLANDRE,"48,8838730000","2,3686060000",1,4,2,1960.0,9,8,0,-1,B01,3,0,2,8,1,5,4,AVENUE DE FLANDRE,0.0,,1,3,1,1,1,1,0,5,30,child
202200014108,12,10,2022,0 days 11:15:00,1,75,75119,2,7,1,3,AVENUE DE FLANDRE,"48,8838730000","2,3686060000",1,1,1,1997.0,9,2,6,-1,B01,3,0,2,8,1,5,4,AVENUE DE FLANDRE,0.0,,1,3,1,1,1,1,0,5,30,adult
202200014160,12,10,2022,0 days 12:45:00,1,92,92046,2,3,1,3,AUGUSTIN DUMONT (RUE),"48,8190080000","2,3000340000",1,1,2,1961.0,5,2,8,-1,B01,1,0,9,7,1,5,3,61,0.0,,2,1,1,1,1,1,0,5,50,child
202200014160,12,10,2022,0 days 12:45:00,1,92,92046,2,3,1,3,AUGUSTIN DUMONT (RUE),"48,8190080000","2,3000340000",1,4,1,2006.0,2,2,8,-1,B01,1,0,9,7,1,5,3,61,0.0,,2,1,1,1,1,1,0,5,50,adult
202200014169,28,6,2022,0 days 20:25:00,1,75,75118,2,1,1,2,RUE DE L EVANGILE,"48,8950520000","2,3687540000",1,1,2,1945.0,5,1,0,-1,B01,3,0,2,1,1,5,4,RUE DE L EVANGILE,0.0,,1,1,0,1,1,1,8,1,30,child
202200014169,28,6,2022,0 days 20:25:00,1,75,75118,2,1,1,2,RUE DE L EVANGILE,"48,8950520000","2,3687540000",1,4,1,1999.0,9,8,0,-1,B01,3,0,2,1,1,5,4,RUE DE L EVANGILE,0.0,,1,1,0,1,1,1,8,1,30,adult
202200014169,28,6,2022,0 days 20:25:00,1,75,75118,2,1,1,2,RUE DE L EVANGILE,"48,8950520000","2,3687540000",2,1,2,2016.0,5,1,0,-1,B01,3,0,2,1,1,5,4,RUE DE L EVANGILE,0.0,,1,1,0,1,1,1,8,1,30,adult
202200014195,28,6,2022,0 days 09:15:00,1,75,75107,2,3,1,1,QUAI BRANLY,"48,8574990000","2,2910190000",1,1,1,1964.0,1,2,0,-1,A01,1,0,2,2,15,5,4,QUAI BRANLY,0.0,,2,4,1,1,1,1,-1,5,30,child
202200014195,28,6,2022,0 days 09:15:00,1,75,75107,2,3,1,1,QUAI BRANLY,"48,8574990000","2,2910190000",1,4,2,1998.0,1,2,0,-1,A01,1,0,2,2,15,5,4,QUAI BRANLY,0.0,,2,4,1,1,1,1,-1,5,30,adult
202200014200,27,6,2022,0 days 20:45:00,2,94,94068,2,9,1,3,BAC (AV DU),"48,7970200000","2,5049000000",1,1,2,1957.0,1,1,0,-1,B01,1,0,2,1,1,5,3,BAC (AV DU),0.0,,2,2,0,1,1,1,0,1,30,child
202200014200,27,6,2022,0 days 20:45:00,2,94,94068,2,9,1,3,BAC (AV DU),"48,7970200000","2,5049000000",1,4,1,2007.0,5,8,0,-1,B01,1,0,2,1,1,5,3,BAC (AV DU),0.0,,2,2,0,1,1,1,0,1,30,adult
202200014213,7,10,2022,0 days 15:15:00,1,21,21651,2,2,1,7,Route de Messigny,"47,4117650000","4,9029170000",1,4,1,1943.0,5,2,-1,-1,D01,1,0,2,1,1,5,3,,-1.0,,2,1,0,1,2,1,0,1,50,child
202200014213,7,10,2022,0 days 15:15:00,1,21,21651,2,2,1,7,Route de Messigny,"47,4117650000","4,9029170000",1,4,1,1949.0,5,2,-1,-1,D01,1,0,2,1,1,5,3,,-1.0,,2,1,0,1,2,1,0,1,50,adult
202200014213,7,10,2022,0 days 15:15:00,1,21,21651,2,2,1,7,Route de Messigny,"47,4117650000","4,9029170000",1,4,1,1965.0,5,2,-1,-1,D01,1,0,2,1,1,5,3,,-1.0,,2,1,0,1,2,1,0,1,50,adult
202200014213,7,10,2022,0 days 15:15:00,1,21,21651,2,2,1,7,Route de Messigny,"47,4117650000","4,9029170000",1,1,1,1977.0,1,8,-1,-1,D01,1,0,2,1,1,5,3,,-1.0,,2,1,0,1,2,1,0,1,50,adult
202200014259,20,6,2022,0 days 12:50:00,1,41,41106,2,1,1,3,Avenue de la République,"47,5975980000","2,0224660000",1,1,1,1972.0,0,1,-1,-1,B01,1,0,2,4,17,5,3,2020,-1.0,,2,2,0,1,1,1,0,1,50,child
202200014259,20,6,2022,0 days 12:50:00,1,41,41106,2,1,1,3,Avenue de la République,"47,5975980000","2,0224660000",1,4,1,1999.0,1,0,-1,-1,B01,1,0,2,4,17,5,3,2020,-1.0,,2,2,0,1,1,1,0,1,50,adult
202200014271,11,10,2022,0 days 15:30:00,1,2A,2A004,2,1,1,3,SAMPIERO BD,"41,9236400000","8,7392500000",1,1,1,1947.0,5,1,0,-1,B01,1,1,0,1,1,5,3,SAMPIERO BD,0.0,,3,1,0,1,1,1,0,1,50,child
202200014271,11,10,2022,0 days 15:30:00,1,2A,2A004,2,1,1,3,SAMPIERO BD,"41,9236400000","8,7392500000",1,4,2,1969.0,0,8,8,-1,B01,1,1,0,1,1,5,3,SAMPIERO BD,0.0,,3,1,0,1,1,1,0,1,50,adult
202200014282,28,6,2022,0 days 10:20:00,1,30,30064,1,1,1,1,,"43,9576200000","3,3906340000",1,3,1,1949.0,5,2,-1,-1,B01,1,0,0,3,1,5,3,273,0.0,D,2,2,0,2,2,1,0,1,30,child
202200014282,28,6,2022,0 days 10:20:00,1,30,30064,1,1,1,1,,"43,9576200000","3,3906340000",1,1,1,1971.0,5,1,-1,-1,B01,1,0,0,3,1,5,3,273,0.0,D,2,2,0,2,2,1,0,1,30,adult
202200014331,11,10,2022,0 days 16:30:00,1,56,56260,2,4,7,3,Boulevard des Iles,"47,6507570000"," -2,7914530000",1,1,1,1943.0,0,1,8,-1,B01,2,0,2,1,1,5,3,101,0.0,,2,2,0,2,1,1,0,5,50,child
202200014331,11,10,2022,0 days 16:30:00,1,56,56260,2,4,7,3,Boulevard des Iles,"47,6507570000"," -2,7914530000",1,4,2,2001.0,0,8,0,-1,B01,2,0,2,1,1,5,3,101,0.0,,2,2,0,2,1,1,0,5,50,adult
202200014361,11,10,2022,0 days 08:55:00,1,27,27701,2,1,1,3,ECHANGE (VOIE DE L'),"49,2705300000","1,2079600000",1,1,2,1984.0,1,1,8,-1,B01,1,0,2,7,0,5,4,ECHANGE (VOIE DE L'),0.0,,1,2,0,1,1,1,5,1,50,child
202200014361,11,10,2022,0 days 08:55:00,1,27,27701,2,1,1,3,ECHANGE (VOIE DE L'),"49,2705300000","1,2079600000",1,4,1,2007.0,5,2,0,-1,B01,1,0,2,7,0,5,4,ECHANGE (VOIE DE L'),0.0,,1,2,0,1,1,1,5,1,50,adult
202200014405,31,7,2022,0 days 20:10:00,1,12,12254,2,1,1,1,Rue de la Parra,"44,4112370000","2,5199250000",1,4,1,1952.0,5,2,6,-1,A01,3,0,2,3,5,5,4,,0.0,,2,2,0,2,1,1,0,1,50,child
202200014405,31,7,2022,0 days 20:10:00,1,12,12254,2,1,1,1,Rue de la Parra,"44,4112370000","2,5199250000",1,4,1,2011.0,5,0,-1,-1,A01,3,0,2,3,5,5,4,,0.0,,2,2,0,2,1,1,0,1,50,adult
202200014435,30,7,2022,0 days 11:22:00,1,74,74041,1,1,1,5,,"46,3067564590","6,6774203538",1,1,1,1949.0,0,1,-1,-1,C01,1,0,0,8,1,5,3,22,0.0,D,2,2,0,2,1,1,0,3,80,child
202200014435,30,7,2022,0 days 11:22:00,1,74,74041,1,1,1,5,,"46,3067564590","6,6774203538",1,3,1,1952.0,0,2,-1,-1,C01,1,0,0,8,1,5,3,22,0.0,D,2,2,0,2,1,1,0,3,80,adult
202200014435,30,7,2022,0 days 11:22:00,1,74,74041,1,1,1,5,,"46,3067564590","6,6774203538",1,4,1,2000.0,5,2,-1,-1,C01,1,0,0,8,1,5,3,22,0.0,D,2,2,0,2,1,1,0,3,80,adult
202200014436,30,7,2022,0 days 19:00:00,1,38,38498,2,1,7,3,Le Village,"45,5280200000","5,3390980000",1,1,1,1972.0,0,1,-1,-1,B01,1,0,2,7,19,5,3,56,-1.0,D,2,2,0,2,1,1,0,1,30,child
202200014436,30,7,2022,0 days 19:00:00,1,38,38498,2,1,7,3,Le Village,"45,5280200000","5,3390980000",1,3,1,2012.0,5,0,-1,-1,B01,1,0,2,7,19,5,3,56,-1.0,D,2,2,0,2,1,1,0,1,30,adult
202200014492,29,7,2022,0 days 08:50:00,1,69,69382,2,1,1,6,Rue Victor Hugo,"45,7517800000","4,8283700000",1,1,1,1994.0,4,8,-1,-1,A01,1,0,1,2,0,6,4,VICTOR HUGO                         (R ),0.0,,-1,0,0,1,1,1,6,6,30,child
202200014492,29,7,2022,0 days 08:50:00,1,69,69382,2,1,1,6,Rue Victor Hugo,"45,7517800000","4,8283700000",3,4,2,2018.0,5,0,-1,-1,A01,1,0,1,2,0,6,4,VICTOR HUGO                         (R ),0.0,,-1,0,0,1,1,1,6,6,30,adult
202200014523,28,7,2022,0 days 17:10:00,1,64,64122,1,1,1,1,GABRIELLE DORZIAT (ALLEE),"43,4592700000"," -1,5559400000",1,3,1,1963.0,1,2,8,-1,A01,2,0,2,1,9,5,4,GABRIELLE DORZIAT (ALLEE),0.0,,2,1,0,1,1,1,0,1,50,child
202200014523,28,7,2022,0 days 17:10:00,1,64,64122,1,1,1,1,GABRIELLE DORZIAT (ALLEE),"43,4592700000"," -1,5559400000",1,1,1,1988.0,1,1,8,-1,A01,2,0,2,1,9,5,4,GABRIELLE DORZIAT (ALLEE),0.0,,2,1,0,1,1,1,0,1,50,adult
202200014535,26,7,2022,0 days 17:15:00,1,49,49328,2,6,1,2,MARNE (ROND-POINT DE LA),"47,2501300000"," -0,0795000000",1,1,2,1944.0,0,1,0,-1,B01,2,0,0,4,1,5,4,MARNE (ROND-POINT DE LA),0.0,,1,1,0,1,2,1,0,8,50,child
202200014535,26,7,2022,0 days 17:15:00,1,49,49328,2,6,1,2,MARNE (ROND-POINT DE LA),"47,2501300000"," -0,0795000000",1,4,2,1993.0,1,8,0,-1,B01,2,0,0,4,1,5,4,MARNE (ROND-POINT DE LA),0.0,,1,1,0,1,2,1,0,8,50,adult
202200014537,29,7,2022,0 days 17:28:00,1,49,49007,2,6,7,3,Place Hubert Grimault,"47,4649600000"," -0,5655500000",1,1,2,1972.0,5,1,0,-1,A01,1,0,2,1,1,5,4,BLANCHERAIE AVENUE,0.0,,1,2,0,1,2,1,0,1,30,child
202200014537,29,7,2022,0 days 17:28:00,1,49,49007,2,6,7,3,Place Hubert Grimault,"47,4649600000"," -0,5655500000",1,4,2,1997.0,1,8,0,-1,A01,1,0,2,1,1,5,4,BLANCHERAIE AVENUE,0.0,,1,2,0,1,2,1,0,1,30,adult
202200014560,17,11,2022,0 days 18:55:00,5,92,92020,2,1,1,3,REPUBLIQUE AV. N°27 A 105 ET 26 A 178,"48,8078987966","2,2992534041",1,1,1,1932.0,9,1,0,-1,B01,0,0,2,3,1,5,4,63,0.0,,2,2,0,2,1,1,0,1,50,child
202200014560,17,11,2022,0 days 18:55:00,5,92,92020,2,1,1,3,REPUBLIQUE AV. N°27 A 105 ET 26 A 178,"48,8078987966","2,2992534041",1,4,1,1976.0,9,8,0,-1,B01,0,0,2,3,1,5,4,63,0.0,,2,2,0,2,1,1,0,1,50,adult
202200014567,29,7,2022,0 days 15:15:00,1,29,29039,2,3,1,1,Avenue de la Cascade,"47,8822000000"," -3,9171500000",1,1,2,1966.0,5,1,-1,-1,B01,2,0,2,1,13,5,4,CASCADE ( AVENUE DE LA),0.0,,2,2,0,2,2,1,5,1,30,child
202200014567,29,7,2022,0 days 15:15:00,1,29,29039,2,3,1,1,Avenue de la Cascade,"47,8822000000"," -3,9171500000",1,3,1,2011.0,5,8,-1,-1,B01,2,0,2,1,13,5,4,CASCADE ( AVENUE DE LA),0.0,,2,2,0,2,2,1,5,1,30,adult
202200014588,29,7,2022,0 days 07:50:00,1,07,07281,2,6,1,3,ROND-POINT POLE 2000,"44,9443800000","4,8566700000",1,4,1,1948.0,5,8,0,-1,B01,3,0,2,8,1,5,4,,0.0,,1,2,1,1,3,1,0,5,50,child
202200014588,29,7,2022,0 days 07:50:00,1,07,07281,2,6,1,3,ROND-POINT POLE 2000,"44,9443800000","4,8566700000",1,1,2,1988.0,1,1,0,-1,B01,3,0,2,8,1,5,4,,0.0,,1,2,1,1,3,1,0,5,50,adult
202200014647,29,7,2022,0 days 17:06:00,1,75,75107,2,3,1,3,RUE VANEAU,"48,8505360000","2,3195680000",1,1,1,1970.0,1,2,6,-1,A01,0,0,2,7,5,5,4,RUE VANEAU,0.0,,1,1,0,1,1,1,0,1,30,child
202200014647,29,7,2022,0 days 17:06:00,1,75,75107,2,3,1,3,RUE VANEAU,"48,8505360000","2,3195680000",1,4,2,1996.0,1,0,0,-1,A01,0,0,2,7,5,5,4,RUE VANEAU,0.0,,1,1,0,1,1,1,0,1,30,adult
202200014676,29,5,2022,0 days 12:00:00,1,974,97407,1,1,1,3,MASCAREIGNES(BOULEVARD)," -20,9367360000","55,3092110000",1,1,2,1966.0,5,1,8,-1,A01,2,0,2,1,1,5,2,MASCAREIGNES(BOULEVARD),0.0,,2,2,0,1,1,1,0,1,50,child
202200014676,29,5,2022,0 days 12:00:00,1,974,97407,1,1,1,3,MASCAREIGNES(BOULEVARD)," -20,9367360000","55,3092110000",1,4,1,2007.0,5,8,0,-1,A01,2,0,2,1,1,5,2,MASCAREIGNES(BOULEVARD),0.0,,2,2,0,1,1,1,0,1,50,adult
202200014752,29,5,2022,0 days 13:55:00,1,13,13002,2,1,1,2,DES TERMES (ROUTE) RD 908,"43,3848812667","5,5596008445",1,4,1,1981.0,5,2,0,-1,B01,2,0,2,4,2,5,7,DES TERMES (ROUTE) RD 908,0.0,,2,2,0,1,1,1,0,1,50,child
202200014752,29,5,2022,0 days 13:55:00,1,13,13002,2,1,1,2,DES TERMES (ROUTE) RD 908,"43,3848812667","5,5596008445",1,1,1,2003.0,0,2,8,-1,B01,2,0,2,4,2,5,7,DES TERMES (ROUTE) RD 908,0.0,,2,2,0,1,1,1,0,1,50,adult
202200014771,16,11,2022,0 days 19:05:00,3,91,91347,1,1,2,2,CHE DES MARCOUSSETS,"48,6560290000","2,2897410000",1,3,1,1973.0,1,8,4,-1,B01,3,0,2,4,2,5,4,CHE DES MARCOUSSETS,0.0,,2,2,0,1,1,2,0,1,70,child
202200014771,16,11,2022,0 days 19:05:00,3,91,91347,1,1,2,2,CHE DES MARCOUSSETS,"48,6560290000","2,2897410000",1,1,2,1994.0,5,1,0,-1,B01,3,0,2,4,2,5,4,CHE DES MARCOUSSETS,0.0,,2,2,0,1,1,2,0,1,70,adult
202200014777,24,7,2022,0 days 18:55:00,1,23,23263,1,1,1,1,,"46,3284143924","1,7189311981",1,3,1,1950.0,5,4,-1,-1,A01,1,0,2,1,13,5,3,46,-1.0,,2,2,0,1,2,1,0,1,90,child
202200014777,24,7,2022,0 days 18:55:00,1,23,23263,1,1,1,1,,"46,3284143924","1,7189311981",1,1,2,1983.0,5,1,-1,-1,A01,1,0,2,1,13,5,3,46,-1.0,,2,2,0,1,2,1,0,1,90,adult
202200014850,13,11,2022,0 days 16:48:00,1,59,59009,2,1,1,3,OUEST BOULEVARD DE L,"50,6354878038","3,1217882037",1,3,1,1948.0,0,8,0,-1,B01,3,0,0,0,0,5,7,OUEST BOULEVARD DE L,0.0,,1,2,3,1,1,1,0,6,50,child
202200014850,13,11,2022,0 days 16:48:00,1,59,59009,2,1,1,3,OUEST BOULEVARD DE L,"50,6354878038","3,1217882037",1,3,1,2002.0,5,2,8,-1,B01,3,0,0,0,0,5,7,OUEST BOULEVARD DE L,0.0,,1,2,3,1,1,1,0,6,50,adult
202200014877,15,3,2022,0 days 12:20:00,1,10,10387,2,1,8,1,COLONEL POIRIER (RUE DU),"48,2912600000","4,0906000000",1,4,1,1984.0,1,2,6,-1,A01,3,0,2,1,26,5,4,COLONEL POIRIER (RUE DU),0.0,,1,1,0,1,1,1,0,1,50,child
202200014877,15,3,2022,0 days 12:20:00,1,10,10387,2,1,8,1,COLONEL POIRIER (RUE DU),"48,2912600000","4,0906000000",1,1,1,2006.0,0,1,0,-1,A01,3,0,2,1,26,5,4,COLONEL POIRIER (RUE DU),0.0,,1,1,0,1,1,1,0,1,50,adult