Num_Acc,jour,mois,an,hrmn,lum,dep,com,agg,int,atm,col,adr,lat,long,catu,grav,sexe,an_nais,trajet,secu1,secu2,secu3,num_veh_y,senc,obs,obsm,choc,manv,motor,catr,voie,v1,v2,circ,nbv,vosp,prof,plan,surf,infra,situ,vma,age
202200017998,21,4,2022,0 days 11:55:00,1,93,93070,2,1,1,3,Boulevard Jean Jaurès,"48,9141600000","2,3365800000",1,1,1,1947.0,0,1,8,-1,A01,1,0,2,5,15,5,3,JEAN-JAURES (BD),0.0,,2,2,1,1,1,1,0,1,50,child
202200017998,21,4,2022,0 days 11:55:00,1,93,93070,2,1,1,3,Boulevard Jean Jaurès,"48,9141600000","2,3365800000",1,4,1,1990.0,0,8,0,-1,A01,1,0,2,5,15,5,3,JEAN-JAURES (BD),0.0,,2,2,1,1,1,1,0,1,50,adult
202200018061,9,10,2022,0 days 13:55:00,1,49,49007,2,2,1,3,GAIN ( LOUIS),"47,4685300000"," -0,5386700000",1,4,1,1958.0,5,8,0,-1,B01,1,0,2,8,15,5,4,GAIN ( LOUIS),0.0,,2,2,0,1,1,1,0,1,50,child
202200018061,9,10,2022,0 days 13:55:00,1,49,49007,2,2,1,3,GAIN ( LOUIS),"47,4685300000"," -0,5386700000",2,1,1,1999.0,5,1,0,-1,B01,1,0,2,8,15,5,4,GAIN ( LOUIS),0.0,,2,2,0,1,1,1,0,1,50,adult
202200018061,9,10,2022,0 days 13:55:00,1,49,49007,2,2,1,3,GAIN ( LOUIS),"47,4685300000"," -0,5386700000",1,1,2,2001.0,5,1,0,-1,B01,1,0,2,8,15,5,4,GAIN ( LOUIS),0.0,,2,2,0,1,1,1,0,1,50,adult
202200018097,9,10,2022,0 days 12:30:00,1,92,92073,2,2,1,3,CARON (RUE ALBERT),"48,8651500000","2,2086000000",1,1,1,1943.0,0,1,0,-1,B01,3,0,2,0,0,5,4,,0.0,,1,0,0,1,1,1,0,1,50,child
202200018097,9,10,2022,0 days 12:30:00,1,92,92073,2,2,1,3,CARON (RUE ALBERT),"48,8651500000","2,2086000000",1,4,1,1970.0,0,2,0,-1,B01,3,0,2,0,0,5,4,,0.0,,1,0,0,1,1,1,0,1,50,adult
202200018098,8,10,2022,0 days 16:05:00,1,35,35245,1,1,1,3,le Saut Bois,"48,2161149787"," -1,8342635036",1,2,1,1966.0,5,2,-1,-1,B01,1,0,2,8,15,5,7,28,0.0,D,2,2,0,2,1,1,0,1,80,child
202200018098,8,10,2022,0 days 16:05:00,1,35,35245,1,1,1,3,le Saut Bois,"48,2161149787"," -1,8342635036",2,1,2,1990.0,5,1,-1,-1,B01,1,0,2,8,15,5,7,28,0.0,D,2,2,0,2,1,1,0,1,80,adult
202200018098,8,10,2022,0 days 16:05:00,1,35,35245,1,1,1,3,le Saut Bois,"48,2161149787"," -1,8342635036",2,1,2,2019.0,5,3,-1,-1,B01,1,0,2,8,15,5,7,28,0.0,D,2,2,0,2,1,1,0,1,80,adult
202200018170,8,10,2022,0 days 08:45:00,1,76,76410,2,1,1,1,Rue Paul Painleve,"49,4840455357","1,0420512139",1,4,1,1983.0,0,8,-1,-1,A01,3,0,2,1,0,5,9,PAINLEVE. RUE PAUL,0.0,,2,1,0,1,4,1,-1,1,10,child
202200018170,8,10,2022,0 days 08:45:00,1,76,76410,2,1,1,1,Rue Paul Painleve,"49,4840455357","1,0420512139",1,4,1,2004.0,0,8,-1,-1,A01,3,0,2,1,0,5,9,PAINLEVE. RUE PAUL,0.0,,2,1,0,1,4,1,-1,1,10,adult
202200018221,8,10,2022,0 days 07:30:00,2,92,92002,2,3,1,3,EGLISE (RUE DE L'),"48,7520500000","2,2968400000",1,1,2,1962.0,5,1,0,-1,A01,1,0,2,7,15,5,4,,0.0,,2,2,0,2,1,1,0,1,50,child
202200018221,8,10,2022,0 days 07:30:00,2,92,92002,2,3,1,3,EGLISE (RUE DE L'),"48,7520500000","2,2968400000",1,4,1,2000.0,4,8,0,-1,A01,1,0,2,7,15,5,4,,0.0,,2,2,0,2,1,1,0,1,50,adult
202200018228,15,11,2022,0 days 20:40:00,5,33,33063,2,3,8,3,Avenue d'Arès,"44,8369900000"," -0,6067600000",1,1,2,1972.0,0,1,-1,-1,A01,2,0,2,1,1,5,4,AVE D'ARES CAUD,0.0,,1,2,3,1,1,2,5,1,30,child
202200018228,15,11,2022,0 days 20:40:00,5,33,33063,2,3,8,3,Avenue d'Arès,"44,8369900000"," -0,6067600000",1,3,1,1995.0,0,0,-1,-1,A01,2,0,2,1,1,5,4,AVE D'ARES CAUD,0.0,,1,2,3,1,1,2,5,1,30,adult
202200018320,11,11,2022,0 days 13:10:00,1,67,67482,2,3,1,6,HAUTE MONTEE (RUE DE LA),"48,5842900000","7,7475900000",3,4,1,1940.0,0,0,-1,-1,A01,1,0,1,1,1,5,4,HAUTE MONTEE (RUE DE LA),0.0,,2,2,3,1,1,9,0,1,20,child
202200018320,11,11,2022,0 days 13:10:00,1,67,67482,2,3,1,6,HAUTE MONTEE (RUE DE LA),"48,5842900000","7,7475900000",1,1,2,1990.0,0,8,8,-1,A01,1,0,1,1,1,5,4,HAUTE MONTEE (RUE DE LA),0.0,,2,2,3,1,1,9,0,1,20,adult
202200018326,10,11,2022,0 days 12:20:00,1,67,67482,2,3,1,1,KELLERMANN (QUAI),"48,5862400000","7,7456800000",1,1,1,1964.0,0,1,8,-1,B01,1,0,2,3,1,5,4,KELLERMANN (QUAI),0.0,,2,2,0,1,1,1,0,1,50,child
202200018326,10,11,2022,0 days 12:20:00,1,67,67482,2,3,1,1,KELLERMANN (QUAI),"48,5862400000","7,7456800000",1,4,2,1995.0,0,8,0,-1,B01,1,0,2,3,1,5,4,KELLERMANN (QUAI),0.0,,2,2,0,1,1,1,0,1,50,adult
202200018358,29,7,2022,0 days 14:25:00,1,34,34145,2,2,1,1,Route de la Mer,"43,6688900000","4,1435060000",1,1,1,1974.0,1,1,-1,-1,B01,0,0,2,8,19,5,3,61,0.0,D,2,1,0,1,1,1,5,1,80,child
202200018358,29,7,2022,0 days 14:25:00,1,34,34145,2,2,1,1,Route de la Mer,"43,6688900000","4,1435060000",1,4,1,2004.0,1,0,-1,-1,B01,0,0,2,8,19,5,3,61,0.0,D,2,1,0,1,1,1,5,1,80,adult
202200018373,16,7,2022,0 days 18:05:00,1,67,67286,2,2,1,3,Rue Sainte Odile,"48,4499800000","7,5430910000",1,3,1,1975.0,5,2,-1,-1,B01,3,0,2,8,1,5,4,,-1.0,,2,2,0,1,1,1,0,1,40,child
202200018373,16,7,2022,0 days 18:05:00,1,67,67286,2,2,1,3,Rue Sainte Odile,"48,4499800000","7,5430910000",1,1,1,2004.0,5,1,-1,-1,B01,3,0,2,8,1,5,4,,-1.0,,2,2,0,1,1,1,0,1,40,adult
202200018388,25,1,2022,0 days 11:30:00,1,13,13056,1,3,1,3,LAURONS RUE DES,"43,3694400000","5,0602900000",1,3,1,1943.0,5,2,8,-1,A01,0,0,2,1,19,5,3,LAURONS RUE DES,0.0,,2,2,0,3,1,1,5,1,50,child
202200018388,25,1,2022,0 days 11:30:00,1,13,13056,1,3,1,3,LAURONS RUE DES,"43,3694400000","5,0602900000",1,1,2,1970.0,5,1,8,-1,A01,0,0,2,1,19,5,3,LAURONS RUE DES,0.0,,2,2,0,3,1,1,5,1,50,adult
202200018400,2,2,2022,0 days 18:45:00,1,06,06088,2,1,1,2,MICHEL ANGE (AV.) (A PARTIR DU N° 22-23),"43,7123260000","7,2615180000",1,4,2,1964.0,5,8,0,-1,B01,2,0,2,1,2,5,4,MICHEL ANGE (AV.) (A PARTIR DU N° 22-23),0.0,,1,1,0,1,1,1,0,1,50,child
202200018400,2,2,2022,0 days 18:45:00,1,06,06088,2,1,1,2,MICHEL ANGE (AV.) (A PARTIR DU N° 22-23),"43,7123260000","7,2615180000",1,1,1,1991.0,4,1,-1,-1,B01,2,0,2,1,2,5,4,MICHEL ANGE (AV.) (A PARTIR DU N° 22-23),0.0,,1,1,0,1,1,1,0,1,50,adult
202200018415,9,11,2022,0 days 16:40:00,1,54,54547,2,1,1,1,MIRECOURT (ROUTE DE),"48,6635170000","6,1892470000",1,4,1,1975.0,1,2,0,-1,B01,1,0,2,1,1,5,4,MIRECOURT (ROUTE DE),0.0,,2, -1,1,1,1,1,0,5,20,child
202200018415,9,11,2022,0 days 16:40:00,1,54,54547,2,1,1,1,MIRECOURT (ROUTE DE),"48,6635170000","6,1892470000",1,1,1,2001.0,1,2,0,-1,B01,1,0,2,1,1,5,4,MIRECOURT (ROUTE DE),0.0,,2, -1,1,1,1,1,0,5,20,adult
202200018544,8,11,2022,0 days 18:30:00,2,31,31555,2,2,1,3,RUE DES LIBELLULES,"43,5745000000","1,4573300000",1,1,2,1979.0,1,1,0,-1,B01,3,0,2,1,1,5,4,RUE DES LIBELLULES,0.0,,2,4,2,1,1,1,0,5,50,child
202200018544,8,11,2022,0 days 18:30:00,2,31,31555,2,2,1,3,RUE DES LIBELLULES,"43,5745000000","1,4573300000",1,3,1,2004.0,2,8,0,-1,B01,3,0,2,1,1,5,4,RUE DES LIBELLULES,0.0,,2,4,2,1,1,1,0,5,50,adult
202200018567,28,5,2022,0 days 17:25:00,1,22,22215,2,6,1,3,CARPONT (LE),"48,5005000000"," -2,7768600000",1,4,1,1959.0,0,2,0,-1,B01,2,0,2,1,1,5,3,MAUPASSANT (Rue Guy de),0.0,,1,2,0,1,1,1,0,1,70,child
202200018567,28,5,2022,0 days 17:25:00,1,22,22215,2,6,1,3,CARPONT (LE),"48,5005000000"," -2,7768600000",1,1,1,1986.0,0,1,0,-1,B01,2,0,2,1,1,5,3,MAUPASSANT (Rue Guy de),0.0,,1,2,0,1,1,1,0,1,70,adult
202200018578,10,11,2022,0 days 16:45:00,1,25,25056,2,6,1,3,LAGRANGE  AVENUE LEO,"47,2430240000","6,0076880000",1,1,2,1963.0,0,1,8,-1,B01,2,0,2,1,9,5,4,LAGRANGE  AVENUE LEO,0.0,,1,1,1,1,2,1,0,1,50,child
202200018578,10,11,2022,0 days 16:45:00,1,25,25056,2,6,1,3,LAGRANGE  AVENUE LEO,"47,2430240000","6,0076880000",1,4,1,2002.0,0,8,0,-1,B01,2,0,2,1,9,5,4,LAGRANGE  AVENUE LEO,0.0,,1,1,1,1,2,1,0,1,50,adult
202200018581,26,5,2022,0 days 08:55:00,1,15,15012,2,1,1,3,Rue Felix Ramond,"44,9000400000","2,4600100000",1,4,2,1938.0,5,0,0,-1,B01,2,0,2,1,2,5,3,320,0.0,,2,2,0,2,2,1,0,1,50,child
202200018581,26,5,2022,0 days 08:55:00,1,15,15012,2,1,1,3,Rue Felix Ramond,"44,9000400000","2,4600100000",1,1,1,1964.0,3,1,0,-1,B01,2,0,2,1,2,5,3,320,0.0,,2,2,0,2,2,1,0,1,50,adult
202200018583,7,7,2022,0 days 13:20:00,1,22,22278,2,2,1,3,ABERYSTWYTH (RD-PT),"48,4979900000"," -2,7529900000",1,4,1,1966.0,1,2,0,-1,B01,3,0,2,1,1,5,4,ABERYSTWYTH (RD-PT),0.0,,1,2,0,1,2,1,9,1,30,child
202200018583,7,7,2022,0 days 13:20:00,1,22,22278,2,2,1,3,ABERYSTWYTH (RD-PT),"48,4979900000"," -2,7529900000",1,1,1,1992.0,5,1,0,-1,B01,3,0,2,1,1,5,4,ABERYSTWYTH (RD-PT),0.0,,1,2,0,1,2,1,9,1,30,adult
202200018601,27,7,2022,0 days 17:40:00,1,69,69266,2,3,1,1,Rue Léon Blum,"45,7631300000","4,9139800000",1,4,1,1977.0,0,8,-1,-1,B01,2,0,2,1,5,5,4,LEON BLUM      (Rue),0.0,,2,3,3,1,1,1,0,1,50,child
202200018601,27,7,2022,0 days 17:40:00,1,69,69266,2,3,1,1,Rue Léon Blum,"45,7631300000","4,9139800000",1,4,1,2004.0,1,1,-1,-1,B01,2,0,2,1,5,5,4,LEON BLUM      (Rue),0.0,,2,3,3,1,1,1,0,1,50,adult
202200018716,25,7,2022,0 days 10:00:00,1,05,05023,1,2,1,3,ITALIE (ROUTE D'),"44,9097900000","6,6640300000",1,4,2,1951.0,5,2,0,-1,B01,2,0,2,1,1,5,2,ITALIE (ROUTE D'),0.0,,2,2,0,1,1,1,0,5,70,child
202200018716,25,7,2022,0 days 10:00:00,1,05,05023,1,2,1,3,ITALIE (ROUTE D'),"44,9097900000","6,6640300000",1,1,1,1978.0,5,1,-1,-1,B01,2,0,2,1,1,5,2,ITALIE (ROUTE D'),0.0,,2,2,0,1,1,1,0,5,70,adult
202200018734,28,5,2022,0 days 18:00:00,1,75,75120,2,4,1,6,RUE DES PYRENEES,"48,8737070398","2,3895405406",3,4,2,1970.0,9,0,-1,-1,A01,1,0,1,1,1,5,4,RUE DES PYRENEES,0.0,,2,3,0,1,2,1,0,1,30,child
202200018734,28,5,2022,0 days 18:00:00,1,75,75120,2,4,1,6,RUE DES PYRENEES,"48,8737070398","2,3895405406",1,1,1,2003.0,9,2,0,-1,A01,1,0,1,1,1,5,4,RUE DES PYRENEES,0.0,,2,3,0,1,2,1,0,1,30,adult
202200018746,26,7,2022,0 days 23:02:00,5,75,75112,2,2,1,3,RUE DE WATTIGNIES,"48,8366220000","2,3931760000",1,1,1,1978.0,4,1,8,-1,B01,1,0,2,1,1,5,4,RUE DE LA BRECHE AUX LOUPS,0.0,,1,1,0,1,1,1,0,1,30,child
202200018746,26,7,2022,0 days 23:02:00,5,75,75112,2,2,1,3,RUE DE WATTIGNIES,"48,8366220000","2,3931760000",1,3,1,2003.0,9,8,0,-1,B01,1,0,2,1,1,5,4,RUE DE LA BRECHE AUX LOUPS,0.0,,1,1,0,1,1,1,0,1,30,adult
202200018751,27,7,2022,0 days 19:00:00,1,75,75111,2,1,1,3,AVENUE PARMENTIER,"48,8632230000","2,3760610000",1,4,1,1954.0,5,2,0,-1,B01,1,0,2,1,1,5,4,AVENUE PARMENTIER,0.0,,2,2,0,1,1,1,0,1,30,child
202200018751,27,7,2022,0 days 19:00:00,1,75,75111,2,1,1,3,AVENUE PARMENTIER,"48,8632230000","2,3760610000",1,1,1,1991.0,9,8,8,-1,B01,1,0,2,1,1,5,4,AVENUE PARMENTIER,0.0,,2,2,0,1,1,1,0,1,30,adult
202200018756,27,7,2022,0 days 18:20:00,1,75,75101,2,2,1,2,RUE DE CASTIGLIONE,"48,8659360000","2,3278910000",1,4,1,1961.0,9,8,0,-1,B01,2,1,0,7,1,5,4,RUE DU MONT THABOR,0.0,,1,1,0,1,1,1,0,1,30,child
202200018756,27,7,2022,0 days 18:20:00,1,75,75101,2,2,1,2,RUE DE CASTIGLIONE,"48,8659360000","2,3278910000",1,1,1,1995.0,4,8,0,-1,B01,2,1,0,7,1,5,4,RUE DU MONT THABOR,0.0,,1,1,0,1,1,1,0,1,30,adult
202200018780,27,5,2022,0 days 19:50:00,1,75,75112,2,1,1,3,BOULEVARD DIDEROT,"48,8459929132","2,3750001309",1,1,1,1976.0,4,1,0,-1,B01,1,0,2,1,1,5,4,BOULEVARD DIDEROT,0.0,,1,2,1,1,1,1,-1,5,30,child
202200018780,27,5,2022,0 days 19:50:00,1,75,75112,2,1,1,3,BOULEVARD DIDEROT,"48,8459929132","2,3750001309",1,4,2,2001.0,5,2,0,-1,B01,1,0,2,1,1,5,4,BOULEVARD DIDEROT,0.0,,1,2,1,1,1,1,-1,5,30,adult
202200018818,27,7,2022,0 days 08:50:00,1,84,84027,1,6,1,3,D237,"44,0969010000","4,7305260000",1,4,1,1947.0,5,2,-1,-1,B01,1,0,2,7,21,5,3,237,0.0,,1,2,0,1,2,1,0,1,80,child
202200018818,27,7,2022,0 days 08:50:00,1,84,84027,1,6,1,3,D237,"44,0969010000","4,7305260000",1,1,1,1985.0,1,1,-1,-1,B01,1,0,2,7,21,5,3,237,0.0,,1,2,0,1,2,1,0,1,80,adult
202200018820,1,2,2022,0 days 12:35:00,1,74,74133,2,3,8,3,LIBERATION (RUE DE LA),"46,1881700000","6,2093400000",1,4,1,1934.0,5,2,0,-1,B01,2,0,2,7,1,5,4,LIBERATION (RUE DE LA),0.0,,2,2,0,1,1,1,8,1,50,child
202200018820,1,2,2022,0 days 12:35:00,1,74,74133,2,3,8,3,LIBERATION (RUE DE LA),"46,1881700000","6,2093400000",1,1,2,1992.0,0,1,0,-1,B01,2,0,2,7,1,5,4,LIBERATION (RUE DE LA),0.0,,2,2,0,1,1,1,8,1,50,adult
202200018856,28,5,2022,0 days 12:30:00,1,92,92048,2,6,1,3,GENERAL DE GAULLE (AVENUE DU),"48,7865408729","2,2240110040",1,1,1,1957.0,5,1,8,-1,B01,1,0,2,0,0,5,3,57,0.0,,2,0,0,1,3,1,0,1,50,child
202200018856,28,5,2022,0 days 12:30:00,1,92,92048,2,6,1,3,GENERAL DE GAULLE (AVENUE DU),"48,7865408729","2,2240110040",1,4,1,1991.0,9,2,6,-1,B01,1,0,2,0,0,5,3,57,0.0,,2,0,0,1,3,1,0,1,50,adult
202200018861,27,5,2022,0 days 12:20:00,1,92,92025,2,1,1,6,BOURNARD (RUE DU),"48,9229090000","2,2554660000",3,4,1,1945.0,5,0,-1,-1,A01,3,0,1,1,1,5,3,986,0.0,,1,4,0,1,1,1,0,1,30,child
202200018861,27,5,2022,0 days 12:20:00,1,92,92025,2,1,1,6,BOURNARD (RUE DU),"48,9229090000","2,2554660000",1,1,1,1998.0,1,2,0,-1,A01,3,0,1,1,1,5,3,986,0.0,,1,4,0,1,1,1,0,1,30,adult
202200018869,10,7,2022,0 days 21:28:00,1,45,45069,2,6,1,3,2 Chemin des Murailles,"48,0575780000","2,2922640000",1,1,1,1982.0,0,8,-1,-1,B01,1,0,0,7,1,5,3,30,0.0,,2,2,0,1,1,1,0,1,30,child
202200018869,10,7,2022,0 days 21:28:00,1,45,45069,2,6,1,3,2 Chemin des Murailles,"48,0575780000","2,2922640000",1,4,2,2006.0,5,0,-1,-1,B01,1,0,0,7,1,5,3,30,0.0,,2,2,0,1,1,1,0,1,30,adult
202200018889,28,7,2022,0 days 17:15:00,1,30,30221,1,3,1,3,,"44,0358700000","4,7639400000",1,1,2,1982.0,5,1,-1,-1,A01,3,0,2,8,9,5,3,976,-1.0,,2,2,0,2,1,1,0,1,80,child
202200018889,28,7,2022,0 days 17:15:00,1,30,30221,1,3,1,3,,"44,0358700000","4,7639400000",1,2,2,1998.0,1,0,-1,-1,A01,3,0,2,8,9,5,3,976,-1.0,,2,2,0,2,1,1,0,1,80,adult
202200018889,28,7,2022,0 days 17:15:00,1,30,30221,1,3,1,3,,"44,0358700000","4,7639400000",2,1,1,2005.0,5,1,-1,-1,A01,3,0,2,8,9,5,3,976,-1.0,,2,2,0,2,1,1,0,1,80,adult
202200018889,28,7,2022,0 days 17:15:00,1,30,30221,1,3,1,3,,"44,0358700000","4,7639400000",2,1,1,2006.0,5,1,-1,-1,A01,3,0,2,8,9,5,3,976,-1.0,,2,2,0,2,1,1,0,1,80,adult
202200018889,28,7,2022,0 days 17:15:00,1,30,30221,1,3,1,3,,"44,0358700000","4,7639400000",2,1,2,2011.0,5,1,-1,-1,A01,3,0,2,8,9,5,3,976,-1.0,,2,2,0,2,1,1,0,1,80,adult
202200018968,28,1,2022,0 days 13:20:00,1,50,50129,2,6,1,3,EST (BOULEVARD DE L'),"49,6365700000"," -1,5962600000",1,4,2,1969.0,5,8,0,-1,A01,2,0,2,1,9,5,3,EST (BOULEVARD DE L'),0.0,,2,2,1,1,1,1,0,1,50,child
202200018968,28,1,2022,0 days 13:20:00,1,50,50129,2,6,1,3,EST (BOULEVARD DE L'),"49,6365700000"," -1,5962600000",1,1,1,1990.0,5,1,0,-1,A01,2,0,2,1,9,5,3,EST (BOULEVARD DE L'),0.0,,2,2,1,1,1,1,0,1,50,adult
202200018979,21,12,2022,0 days 15:40:00,1,09,09122,1,6,7,3,RD 919,"43,0029150000","1,6136530000",1,1,1,1932.0,5,1,0,-1,B01,1,0,2,7,1,5,3,RD 919,0.0,,1,1,0,4,4,1,9,1,50,child
202200018979,21,12,2022,0 days 15:40:00,1,09,09122,1,6,7,3,RD 919,"43,0029150000","1,6136530000",1,4,1,1991.0,1,8,0,-1,B01,1,0,2,7,1,5,3,RD 919,0.0,,1,1,0,4,4,1,9,1,50,adult
202200019038,16,12,2022,0 days 19:25:00,5,75,75108,2,3,1,3,AVENUE DES CHAMPS ELYSEES,"48,8710840000","2,3035280000",1,3,1,1970.0,9,2,0,-1,B01,1,0,2,1,1,5,4,AVENUE DES CHAMPS ELYSEES,0.0,,2,3,1,2,1,1,0,5,30,child
202200019038,16,12,2022,0 days 19:25:00,5,75,75108,2,3,1,3,AVENUE DES CHAMPS ELYSEES,"48,8710840000","2,3035280000",1,1,1,1994.0,9,2,6,-1,B01,1,0,2,1,1,5,4,AVENUE DES CHAMPS ELYSEES,0.0,,2,3,1,2,1,1,0,5,30,adult
202200019075,16,5,2022,0 days 17:35:00,1,35,35195,2,3,1,3,Chemin des Pécheurs,"48,3059610293"," -1,6759776324",1,1,1,1983.0,1,1,-1,-1,B01,3,0,2,1,1,5,4,15,-1.0,,2,2,0,1,1,1,0,3,50,child
202200019075,16,5,2022,0 days 17:35:00,1,35,35195,2,3,1,3,Chemin des Pécheurs,"48,3059610293"," -1,6759776324",1,4,1,2009.0,5,2,-1,-1,B01,3,0,2,1,1,5,4,15,-1.0,,2,2,0,1,1,1,0,3,50,adult
202200019118,9,3,2022,0 days 17:18:00,1,71,71270,2,6,1,3,NEUF CLES (BOULEVARD DES),"46,3088000000","4,8204600000",1,4,1,1948.0,5,2,0,-1,B01,2,0,2,1,1,5,4,NEUF CLES (BOULEVARD DES),0.0,,1,1,0,1,1,1,0,1,50,child
202200019118,9,3,2022,0 days 17:18:00,1,71,71270,2,6,1,3,NEUF CLES (BOULEVARD DES),"46,3088000000","4,8204600000",1,1,2,1969.0,3,1,0,-1,B01,2,0,2,1,1,5,4,NEUF CLES (BOULEVARD DES),0.0,,1,1,0,1,1,1,0,1,50,adult
202200019141,21,12,2022,0 days 10:10:00,1,93,93048,2,1,1,1,Rue de Stalingrad,"48,8603163156","2,4434146285",1,1,1,1978.0,4,1,0,-1,B01,1,1,0,1,1,5,4,STALINGRAD (RUE DE),0.0,,2,2,3,1,1,1,0,1,30,child
202200019141,21,12,2022,0 days 10:10:00,1,93,93048,2,1,1,1,Rue de Stalingrad,"48,8603163156","2,4434146285",1,4,1,2008.0,0,8,0,-1,B01,1,1,0,1,1,5,4,STALINGRAD (RUE DE),0.0,,2,2,3,1,1,1,0,1,30,adult
202200019143,9,3,2022,0 days 12:30:00,1,49,49328,2,6,1,3,CESSART (ROND-POINT),"47,2654200000"," -0,0718500000",1,4,1,1952.0,5,8,0,-1,B01,2,0,2,7,1,5,4,CESSART (ROND-POINT),0.0,,1,1,1,1,2,1,0,1,50,child
202200019143,9,3,2022,0 days 12:30:00,1,49,49328,2,6,1,3,CESSART (ROND-POINT),"47,2654200000"," -0,0718500000",1,1,1,1975.0,4,1,0,-1,B01,2,0,2,7,1,5,4,CESSART (ROND-POINT),0.0,,1,1,1,1,2,1,0,1,50,adult
202200019148,27,2,2022,0 days 18:40:00,2,45,45234,2,2,1,3,Rue Basse Mouillère,"47,8795300000","1,9089100000",1,4,2,1940.0,3,8,0,-1,A01,2,0,2,5,1,5,4,BASSE MOUILLERE (RUE ),0.0,,2,3,0,1,1,1,5,1,50,child
202200019148,27,2,2022,0 days 18:40:00,2,45,45234,2,2,1,3,Rue Basse Mouillère,"47,8795300000","1,9089100000",1,1,2,1977.0,0,1,0,-1,A01,2,0,2,5,1,5,4,BASSE MOUILLERE (RUE ),0.0,,2,3,0,1,1,1,5,1,50,adult
202200019246,6,9,2022,0 days 09:05:00,1,75,75114,2,4,1,3,BOULEVARD EDGAR QUINET,"48,8394550000","2,3305150000",1,4,1,1976.0,1,2,0,-1,B01,2,0,2,1,7,5,4,BOULEVARD EDGAR QUINET,0.0,,3,2,3,1,1,1,-1,6,30,child
202200019246,6,9,2022,0 days 09:05:00,1,75,75114,2,4,1,3,BOULEVARD EDGAR QUINET,"48,8394550000","2,3305150000",1,1,1,1998.0,1,1,0,-1,B01,2,0,2,1,7,5,4,BOULEVARD EDGAR QUINET,0.0,,3,2,3,1,1,1,-1,6,30,adult
202200019264,11,3,2022,0 days 12:45:00,1,75,75115,2,2,2,3,RUE DE LA CONVENTION,"48,8438150000","2,2819440000",1,1,2,1950.0,5,1,0,-1,B01,1,0,2,3,1,5,4,RUE DE LA CONVENTION,0.0,,2,2,0,1,1,2,0,1,30,child
202200019264,11,3,2022,0 days 12:45:00,1,75,75115,2,2,2,3,RUE DE LA CONVENTION,"48,8438150000","2,2819440000",1,4,1,1975.0,9,8,0,-1,B01,1,0,2,3,1,5,4,RUE DE LA CONVENTION,0.0,,2,2,0,1,1,2,0,1,30,adult
202200019269,6,9,2022,0 days 15:00:00,1,75,75111,2,2,1,3,AVENUE DE LA REPUBLIQUE,"48,8659990000","2,3707250000",1,1,1,1969.0,9,1,0,-1,B01,2,0,2,0,1,5,4,AVENUE DE LA REPUBLIQUE,0.0,,2,4,0,1,1,1,0,1,30,child
202200019269,6,9,2022,0 days 15:00:00,1,75,75111,2,2,1,3,AVENUE DE LA REPUBLIQUE,"48,8659990000","2,3707250000",1,4,2,1996.0,9,2,0,-1,B01,2,0,2,0,1,5,4,AVENUE DE LA REPUBLIQUE,0.0,,2,4,0,1,1,1,0,1,30,adult
202200019274,6,9,2022,0 days 11:00:00,1,75,75108,2,7,1,3,RUE DE LA PEPINIERE,"48,8748640000","2,3198980000",1,1,1,1959.0,4,1,0,-1,A01,3,0,2,3,1,5,4,RUE DE LA PEPINIERE,0.0,,2,3,1,1,3,1,-1,5,30,child
202200019274,6,9,2022,0 days 11:00:00,1,75,75108,2,7,1,3,RUE DE LA PEPINIERE,"48,8748640000","2,3198980000",1,4,1,1992.0,9,2,0,-1,A01,3,0,2,3,1,5,4,RUE DE LA PEPINIERE,0.0,,2,3,1,1,3,1,-1,5,30,adult
202200019292,6,9,2022,0 days 08:50:00,1,94,94018,2,1,1,1,Avenue de Gravelle,"48,8282600000","2,4047000000",1,1,2,1964.0,1,1,0,-1,B01,2,0,2,0,0,5,3,GRAVELLE (AV DE),0.0,,2,2,1,1,1,1,0,1,50,child
202200019292,6,9,2022,0 days 08:50:00,1,94,94018,2,1,1,1,Avenue de Gravelle,"48,8282600000","2,4047000000",1,4,1,1987.0,0,8,0,-1,B01,2,0,2,0,0,5,3,GRAVELLE (AV DE),0.0,,2,2,1,1,1,1,0,1,50,adult
202200019330,5,9,2022,0 days 12:20:00,1,92,92004,2,1,1,3,MARNE   ( AVENUE DE LA ),"48,9063900000","2,2816900000",1,4,1,1939.0,0,8,0,-1,B01,1,0,2,2,1,5,3,9,0.0,,1,2,0,1,1,1,0,1,30,child
202200019330,5,9,2022,0 days 12:20:00,1,92,92004,2,1,1,3,MARNE   ( AVENUE DE LA ),"48,9063900000","2,2816900000",1,1,2,1962.0,0,1,0,-1,B01,1,0,2,2,1,5,3,9,0.0,,1,2,0,1,1,1,0,1,30,adult
202200019375,7,9,2022,0 days 09:45:00,1,42,42311,2,4,7,1,Route de Bayard,"45,4819800000","4,3898530000",1,1,1,1940.0,5,1,-1,-1,B01,2,0,2,1,1,5,7,1498,-1.0,,2,2,0,1,1,1,5,1,70,child
202200019375,7,9,2022,0 days 09:45:00,1,42,42311,2,4,7,1,Route de Bayard,"45,4819800000","4,3898530000",1,4,1,1989.0,5,2,-1,-1,B01,2,0,2,1,1,5,7,1498,-1.0,,2,2,0,1,1,1,5,1,70,adult
202200019383,12,3,2022,0 days 19:00:00,5,67,67342,2,3,1,6,14 Rue du Klintz,"48,5491500000","7,3169930000",1,1,1,1956.0,0,1,-1,-1,B01,0,0,2,2,0,5,4,,0.0,,2,1,0,2,2,1,0,1,30,child