Num_Acc,jour,mois,an,hrmn,lum,dep,com,agg,int,atm,col,adr,lat,long,catu,grav,sexe,an_nais,trajet,secu1,secu2,secu3,num_veh_y,senc,obs,obsm,choc,manv,motor,catr,voie,v1,v2,circ,nbv,vosp,prof,plan,surf,infra,situ,vma,age
202200020832,25,7,2022,0 days 09:00:00,1,56,56260,2,6,1,2,SAINTE-ANNE (GIRATOIRE DE),"47,6642000000"," -2,7811500000",1,4,2,1976.0,1,2,0,-1,B01,3,0,2,4,1,5,4,SAINTE-ANNE(GIRATOIRE DE),0.0,,1,1,0,1,3,1,5,1,50,child
202200020832,25,7,2022,0 days 09:00:00,1,56,56260,2,6,1,2,SAINTE-ANNE (GIRATOIRE DE),"47,6642000000"," -2,7811500000",1,1,2,2000.0,0,1,0,-1,B01,3,0,2,4,1,5,4,SAINTE-ANNE(GIRATOIRE DE),0.0,,1,1,0,1,3,1,5,1,50,adult
202200020841,25,5,2022,0 days 20:52:00,2,69,69266,2,1,1,2,Rue Florian,"45,7589100000","4,8807100000",1,1,2,1959.0,0,1,-1,-1,B01,2,1,2,1,1,5,4,FLORIAN      (Rue),0.0,,2,2,0,2,1,1,0,1,50,child
202200020841,25,5,2022,0 days 20:52:00,2,69,69266,2,1,1,2,Rue Florian,"45,7589100000","4,8807100000",1,4,1,1996.0,4,8,-1,-1,B01,2,1,2,1,1,5,4,FLORIAN      (Rue),0.0,,2,2,0,2,1,1,0,1,50,adult
202200020845,23,5,2022,0 days 08:50:00,1,67,67447,2,1,8,3,BISCHWILLER (ROUTE DE),"48,6083300000","7,7499600000",1,4,2,1973.0,0,8,0,-1,A01,1,0,2,5,19,5,7,,0.0,,2,2,0,1,1,1,0,1,30,child
202200020845,23,5,2022,0 days 08:50:00,1,67,67447,2,1,8,3,BISCHWILLER (ROUTE DE),"48,6083300000","7,7499600000",1,1,1,2000.0,9,2,8,-1,A01,1,0,2,5,19,5,7,,0.0,,2,2,0,1,1,1,0,1,30,adult
202200021048,8,3,2022,0 days 18:31:00,1,85,85194,2,1,1,6,GAMBETTA (RUE LEON),"46,5002900000"," -1,7778800000",1,1,1,1954.0,0,8,0,-1,B01,3,1,0,1,1,5,4,GAMBETTA (RUE LEON),0.0,,-1,2,0,2,1,2,0,1,50,child
202200021048,8,3,2022,0 days 18:31:00,1,85,85194,2,1,1,6,GAMBETTA (RUE LEON),"46,5002900000"," -1,7778800000",1,4,2,2004.0,0,8,0,-1,B01,3,1,0,1,1,5,4,GAMBETTA (RUE LEON),0.0,,-1,2,0,2,1,2,0,1,50,adult
202200021061,10,3,2022,0 days 22:34:00,5,79,79191,2,2,1,3,Rue du Maréchal Leclerc,"46,3360310000"," -0,4520100000",1,4,1,1971.0,0,2,-1,-1,A01,2,0,2,1,1,5,3,EUROPE (BD) MARECHAL LECLERC/AVE. PARIS,0.0,,2,4,3,2,3,1,5,1,50,child
202200021061,10,3,2022,0 days 22:34:00,5,79,79191,2,2,1,3,Rue du Maréchal Leclerc,"46,3360310000"," -0,4520100000",1,1,2,1993.0,0,1,-1,-1,A01,2,0,2,1,1,5,3,EUROPE (BD) MARECHAL LECLERC/AVE. PARIS,0.0,,2,4,3,2,3,1,5,1,50,adult
202200021142,9,3,2022,0 days 16:35:00,1,33,33200,2,6,1,1,Avenue de Magudas,"44,8585700000"," -0,6772500000",1,3,1,1975.0,1,0,-1,-1,A01,2,0,2,1,1,5,4,RUE DE LA MORANDIERE,0.0,,2,2,1,1,1,1,0,5,50,child
202200021142,9,3,2022,0 days 16:35:00,1,33,33200,2,6,1,1,Avenue de Magudas,"44,8585700000"," -0,6772500000",1,1,1,1997.0,1,0,-1,-1,A01,2,0,2,1,1,5,4,RUE DE LA MORANDIERE,0.0,,2,2,1,1,1,1,0,5,50,adult
202200021183,10,3,2022,0 days 14:55:00,1,75,75120,2,7,1,1,RUE DES PRAIRIES,"48,8639200000","2,4005140000",1,1,1,1972.0,4,1,0,-1,B01,1,0,2,1,5,5,4,RUE DES PRAIRIES,0.0,,1,3,0,1,1,1,0,1,30,child
202200021183,10,3,2022,0 days 14:55:00,1,75,75120,2,7,1,1,RUE DES PRAIRIES,"48,8639200000","2,4005140000",1,4,1,2003.0,5,0,0,-1,B01,1,0,2,1,5,5,4,RUE DES PRAIRIES,0.0,,1,3,0,1,1,1,0,1,30,adult
202200021193,10,3,2022,0 days 11:40:00,1,75,75115,2,3,1,3,QUAI D ISSY LES MOULINEAUX,"48,8353760000","2,2669290000",1,1,1,1970.0,4,1,0,-1,B01,3,0,2,7,1,5,4,QUAI D ISSY LES MOULINEAUX,0.0,,1,2,0,1,1,1,0,1,30,child
202200021193,10,3,2022,0 days 11:40:00,1,75,75115,2,3,1,3,QUAI D ISSY LES MOULINEAUX,"48,8353760000","2,2669290000",1,4,1,1998.0,5,2,0,-1,B01,3,0,2,7,1,5,4,QUAI D ISSY LES MOULINEAUX,0.0,,1,2,0,1,1,1,0,1,30,adult
202200021208,4,9,2022,0 days 15:45:00,1,92,92072,2,1,1,3,CRISTALLERIE (AVENUE DE LA),"48,8262182796","2,2206088900",1,1,1,1956.0,5,8,0,-1,B01,2,0,2,1,1,5,4,,0.0,,1,1,2,2,1,1,0,5,30,child
202200021208,4,9,2022,0 days 15:45:00,1,92,92072,2,1,1,3,CRISTALLERIE (AVENUE DE LA),"48,8262182796","2,2206088900",1,4,2,2003.0,5,8,0,-1,B01,2,0,2,1,1,5,4,,0.0,,1,1,2,2,1,1,0,5,30,adult
202200021214,5,9,2022,0 days 08:30:00,1,92,92040,2,1,1,3,GENERAL LECLERC (DU) DU 32 A 62,"48,8256337901","2,2770146727",1,1,1,1968.0,4,1,8,-1,B01,1,0,2,9,13,5,3,989,0.0,,1,2,0,1,1,1,0,1,50,child
202200021214,5,9,2022,0 days 08:30:00,1,92,92040,2,1,1,3,GENERAL LECLERC (DU) DU 32 A 62,"48,8256337901","2,2770146727",1,4,2,1997.0,0,8,8,-1,B01,1,0,2,9,13,5,3,989,0.0,,1,2,0,1,1,1,0,1,50,adult
202200021236,10,3,2022,0 days 09:30:00,1,92,92026,2,3,1,3,DUBONNET,"48,9013090000","2,2599780000",1,4,1,1954.0,0,8,0,-1,B01,1,0,2,6,0,5,3,908,0.0,,3,2,2,1,1,1,0,1,50,child
202200021236,10,3,2022,0 days 09:30:00,1,92,92026,2,3,1,3,DUBONNET,"48,9013090000","2,2599780000",1,1,1,1998.0,0,1,0,-1,B01,1,0,2,6,0,5,3,908,0.0,,3,2,2,1,1,1,0,1,50,adult
202200021248,20,2,2022,0 days 13:30:00,1,31,31044,2,1,2,3,Route de Mons,"43,6102790000","1,5196650000",1,1,1,1952.0,5,1,-1,-1,A01,2,0,2,2,1,5,7,50,0.0,D,2,2,0,2,1,2,5,1,50,child
202200021248,20,2,2022,0 days 13:30:00,1,31,31044,2,1,2,3,Route de Mons,"43,6102790000","1,5196650000",1,3,1,1980.0,5,2,-1,-1,A01,2,0,2,2,1,5,7,50,0.0,D,2,2,0,2,1,2,5,1,50,adult
202200021271,11,3,2022,0 days 16:35:00,1,95,95652,2,1,2,6,1ter Rue de l Etang,"49,1251366741","2,3685675859",3,4,2,1961.0,5,0,-1,-1,A01,3,0,1,1,18,5,4,,-1.0,,1,2,3,1,1,2,0,1,30,child
202200021271,11,3,2022,0 days 16:35:00,1,95,95652,2,1,2,6,1ter Rue de l Etang,"49,1251366741","2,3685675859",1,1,1,2008.0,2,0,-1,-1,A01,3,0,1,1,18,5,4,,-1.0,,1,2,3,1,1,2,0,1,30,adult
202200021287,6,9,2022,0 days 09:10:00,1,66,66108,2,3,7,1,,"42,6959470000","2,6942520000",1,1,2,1943.0,5,8,-1,-1,A01,3,0,2,1,1,5,4,,-1.0,,2,2,0,1,1,1,0,1,50,child
202200021287,6,9,2022,0 days 09:10:00,1,66,66108,2,3,7,1,,"42,6959470000","2,6942520000",1,4,1,1964.0,5,2,9,-1,A01,3,0,2,1,1,5,4,,-1.0,,2,2,0,1,1,1,0,1,50,adult
202200021396,3,9,2022,0 days 09:50:00,1,05,05061,2,6,2,5,Avenue Maréchal Foch,"44,5622200000","6,0846200000",1,4,1,1941.0,3,1,-1,-1,B01,1,0,2,4,2,5,2,MARECHAL FOCH ( AVENUE DU ),0.0,,2,3,0,1,3,2,5,1,50,child
202200021396,3,9,2022,0 days 09:50:00,1,05,05061,2,6,2,5,Avenue Maréchal Foch,"44,5622200000","6,0846200000",2,4,2,1945.0,3,1,-1,-1,B01,1,0,2,4,2,5,2,MARECHAL FOCH ( AVENUE DU ),0.0,,2,3,0,1,3,2,5,1,50,adult
202200021396,3,9,2022,0 days 09:50:00,1,05,05061,2,6,2,5,Avenue Maréchal Foch,"44,5622200000","6,0846200000",1,4,1,1968.0,3,8,-1,-1,B01,1,0,2,4,2,5,2,MARECHAL FOCH ( AVENUE DU ),0.0,,2,3,0,1,3,2,5,1,50,adult
202200021396,3,9,2022,0 days 09:50:00,1,05,05061,2,6,2,5,Avenue Maréchal Foch,"44,5622200000","6,0846200000",1,1,1,1972.0,5,1,-1,-1,B01,1,0,2,4,2,5,2,MARECHAL FOCH ( AVENUE DU ),0.0,,2,3,0,1,3,2,5,1,50,adult
202200021423,4,9,2022,0 days 17:30:00,1,38,38517,2,4,1,1,Route de Saint-quentin,"45,2876260000","5,5248250000",1,4,1,1977.0,5,2,-1,-1,B01,0,0,2,1,1,5,4,,0.0,,2,1,0,1,1,1,0,1,50,child
202200021423,4,9,2022,0 days 17:30:00,1,38,38517,2,4,1,1,Route de Saint-quentin,"45,2876260000","5,5248250000",1,1,2,2002.0,5,1,-1,-1,B01,0,0,2,1,1,5,4,,0.0,,2,1,0,1,1,1,0,1,50,adult
202200021431,4,9,2022,0 days 16:45:00,1,07,07212,1,1,1,1,,"45,1367660000","4,3943380000",1,1,1,1956.0,5,1,-1,-1,B01,1,0,2,1,5,5,3,,0.0,A,2,2,0,1,2,1,0,1,90,child
202200021431,4,9,2022,0 days 16:45:00,1,07,07212,1,1,1,1,,"45,1367660000","4,3943380000",1,4,1,1986.0,5,2,-1,-1,B01,1,0,2,1,5,5,3,,0.0,A,2,2,0,1,2,1,0,1,90,adult
202200021499,21,6,2022,0 days 09:08:00,1,92,92049,2,1,1,3,JAURES AV. JEAN N°1 A 51 ET 2 A 50,"48,8158193515","2,3107568621",1,1,1,1962.0,1,1,0,-1,B01,2,0,2,3,1,5,4,,0.0,,1,0,0,1,1,1,0,5,50,child
202200021499,21,6,2022,0 days 09:08:00,1,92,92049,2,1,1,3,JAURES AV. JEAN N°1 A 51 ET 2 A 50,"48,8158193515","2,3107568621",1,4,1,1993.0,1,2,6,-1,B01,2,0,2,3,1,5,4,,0.0,,1,0,0,1,1,1,0,5,50,adult
202200021506,16,4,2022,0 days 12:15:00,1,64,64348,2,3,1,3,Rue de Rebèque,"43,3169700000"," -0,4236800000",1,1,1,1970.0,9,1,8,-1,A01,2,0,2,1,5,5,4,REBEQUE DE,0.0,,1,2,1,1,1,1,0,5,50,child
202200021506,16,4,2022,0 days 12:15:00,1,64,64348,2,3,1,3,Rue de Rebèque,"43,3169700000"," -0,4236800000",1,4,1,1999.0,5,8,0,-1,A01,2,0,2,1,5,5,4,REBEQUE DE,0.0,,1,2,1,1,1,1,0,5,50,adult
202200021507,24,6,2022,0 days 08:20:00,1,92,92023,2,1,1,3,GENERAL DE GAULLE (AVENUE DU),"48,7916300000","2,2668000000",1,4,1,1960.0,1,2,0,-1,A01,2,0,2,8,9,5,3,906,0.0,,2,1,1,1,1,1,0,1,30,child
202200021507,24,6,2022,0 days 08:20:00,1,92,92023,2,1,1,3,GENERAL DE GAULLE (AVENUE DU),"48,7916300000","2,2668000000",1,1,1,1993.0,1,8,6,-1,A01,2,0,2,8,9,5,3,906,0.0,,2,1,1,1,1,1,0,1,30,adult
202200021526,25,6,2022,0 days 16:00:00,1,06,06034,1,1,1,3,M6202,"43,7963530000","7,2075680000",1,3,1,1952.0,0,0,-1,-1,B01,0,3,2,5,2,5,7,6202,-1.0,M,3,2,0,1,1,1,0,1,70,child
202200021526,25,6,2022,0 days 16:00:00,1,06,06034,1,1,1,3,M6202,"43,7963530000","7,2075680000",1,1,1,1976.0,0,0,8,-1,B01,0,3,2,5,2,5,7,6202,-1.0,M,3,2,0,1,1,1,0,1,70,adult
202200021551,15,4,2022,0 days 17:00:00,1,19,19031,2,1,1,2,HUIT MAI 1945 (AVENUE DU),"45,1629100000","1,5473100000",1,1,1,1938.0,5,1,0,-1,B01,2,0,2,4,1,5,3,HUIT MAI 1945 (AVENUE DU),0.0,,2,2,0,1,1,1,0,1,50,child
202200021551,15,4,2022,0 days 17:00:00,1,19,19031,2,1,1,2,HUIT MAI 1945 (AVENUE DU),"45,1629100000","1,5473100000",1,4,1,1984.0,1,2,0,-1,B01,2,0,2,4,1,5,3,HUIT MAI 1945 (AVENUE DU),0.0,,2,2,0,1,1,1,0,1,50,adult
202200021565,25,6,2022,0 days 10:40:00,1,50,50236,1,1,1,3,route du moulin,"49,3077170000"," -1,5619540000",1,1,2,1935.0,5,1,-1,-1,B01,3,0,2,3,1,5,3,67,-1.0,,2,2,0,1,1,1,0,1,80,child
202200021565,25,6,2022,0 days 10:40:00,1,50,50236,1,1,1,3,route du moulin,"49,3077170000"," -1,5619540000",1,3,1,1956.0,5,2,-1,-1,B01,3,0,2,3,1,5,3,67,-1.0,,2,2,0,1,1,1,0,1,80,adult
202200021591,25,6,2022,0 days 10:07:00,1,13,13094,1,2,1,3,D32,"43,8071390000","4,7430680000",1,3,1,1967.0,5,2,6,-1,A01,3,0,2,3,9,5,3,32,0.0,D,2,2,0,1,1,1,0,1,80,child
202200021591,25,6,2022,0 days 10:07:00,1,13,13094,1,2,1,3,D32,"43,8071390000","4,7430680000",1,1,1,1997.0,4,1,-1,-1,A01,3,0,2,3,9,5,3,32,0.0,D,2,2,0,1,1,1,0,1,80,adult
202200021592,17,4,2022,0 days 20:00:00,2,75,75116,2,7,1,3,AVENUE DE VERSAILLES,"48,8474140000","2,2737960000",1,1,1,1941.0,5,1,0,-1,A01,2,0,2,3,15,5,4,AVENUE DE VERSAILLES,0.0,,2,4,0,1,1,1,0,1,30,child
202200021592,17,4,2022,0 days 20:00:00,2,75,75116,2,7,1,3,AVENUE DE VERSAILLES,"48,8474140000","2,2737960000",1,4,2,2002.0,9,0,0,-1,A01,2,0,2,3,15,5,4,AVENUE DE VERSAILLES,0.0,,2,4,0,1,1,1,0,1,30,adult
202200021599,19,4,2022,0 days 17:50:00,1,75,75102,2,1,1,3,BOULEVARD DE BONNE NOUVELLE,"48,8697985074","2,3520371318",1,4,2,1970.0,9,2,0,-1,B01,2,0,2,8,1,5,4,BOULEVARD DE BONNE NOUVELLE,0.0,,2,4,1,2,1,1,-1,5,30,child
202200021599,19,4,2022,0 days 17:50:00,1,75,75102,2,1,1,3,BOULEVARD DE BONNE NOUVELLE,"48,8697985074","2,3520371318",1,1,2,1992.0,9,2,0,-1,B01,2,0,2,8,1,5,4,BOULEVARD DE BONNE NOUVELLE,0.0,,2,4,1,2,1,1,-1,5,30,adult
202200021643,18,4,2022,0 days 19:30:00,1,34,34032,2,1,1,6,22 AOUT 1944 (AVENUE DU),"43,3437700000","3,2215800000",1,1,1,1978.0,4,8,0,-1,A01,1,0,1,1,1,5,4,22 AOUT 1944 (AVENUE DU),0.0,,1,2,0,2,1,1,0,1,50,child
202200021643,18,4,2022,0 days 19:30:00,1,34,34032,2,1,1,6,22 AOUT 1944 (AVENUE DU),"43,3437700000","3,2215800000",3,3,1,2010.0,9,0,-1,-1,A01,1,0,1,1,1,5,4,22 AOUT 1944 (AVENUE DU),0.0,,1,2,0,2,1,1,0,1,50,adult
202200021649,23,6,2022,0 days 20:15:00,5,974,97411,2,1,1,1,BEARN (RUE DU)," -20,8916100000","55,4787200000",1,1,1,1971.0,1,1,0,-1,B01,3,0,2,9,0,5,4,BEARN (RUE DU),0.0,,4,1,0,1,1,1,0,1,50,child
202200021649,23,6,2022,0 days 20:15:00,5,974,97411,2,1,1,1,BEARN (RUE DU)," -20,8916100000","55,4787200000",1,3,1,2002.0,0,8,0,-1,B01,3,0,2,9,0,5,4,BEARN (RUE DU),0.0,,4,1,0,1,1,1,0,1,50,adult
202200021669,23,6,2022,0 days 17:00:00,1,78,78517,2,1,7,1,LOUVIERE (RUE DE LA),"48,6432100000","1,8343800000",1,1,1,1974.0,1,1,8,-1,B01,1,0,2,1,17,5,3,LOUVIERE (RUE DE LA),0.0,,2,2,0,1,1,1,0,1,50,child
202200021669,23,6,2022,0 days 17:00:00,1,78,78517,2,1,7,1,LOUVIERE (RUE DE LA),"48,6432100000","1,8343800000",1,4,1,2009.0,2,0,0,-1,B01,1,0,2,1,17,5,3,LOUVIERE (RUE DE LA),0.0,,2,2,0,1,1,1,0,1,50,adult
202200021695,18,4,2022,0 days 15:40:00,1,77,77339,1,1,1,6,Chemin de la Grille d Honneur,"48,3736700000","2,5060420000",1,1,1,1975.0,5,2,-1,-1,A01,1,0,1,1,1,5,3,16,0.0,,2,2,0,1,1,1,0,1,90,child
202200021695,18,4,2022,0 days 15:40:00,1,77,77339,1,1,1,6,Chemin de la Grille d Honneur,"48,3736700000","2,5060420000",3,3,2,2001.0,5,0,-1,-1,A01,1,0,1,1,1,5,3,16,0.0,,2,2,0,1,1,1,0,1,90,adult
202200021699,23,6,2022,0 days 14:05:00,1,68,68149,2,1,1,3,MICHELFELDEN ( RUE DE ),"47,5928500000","7,5771700000",1,3,1,1966.0,1,2,8,-1,B01,3,0,2,8,19,5,4,MICHELFELDEN ( RUE DE ),0.0,,2,2,0,1,1,1,5,1,50,child
202200021699,23,6,2022,0 days 14:05:00,1,68,68149,2,1,1,3,MICHELFELDEN ( RUE DE ),"47,5928500000","7,5771700000",1,4,1,1988.0,5,8,0,-1,B01,3,0,2,8,19,5,4,MICHELFELDEN ( RUE DE ),0.0,,2,2,0,1,1,1,5,1,50,adult
202200021714,22,6,2022,0 days 16:29:00,1,63,63014,2,1,1,3,ROCHE GENES (RUE),"45,7603800000","3,1198800000",1,1,1,1950.0,0,1,0,-1,A01,0,0,2,4,19,5,4,ROCHE GENES (RUE),0.0,,2,2,0,1,1,1,0,1,50,child
202200021714,22,6,2022,0 days 16:29:00,1,63,63014,2,1,1,3,ROCHE GENES (RUE),"45,7603800000","3,1198800000",1,4,1,2014.0,0,2,0,-1,A01,0,0,2,4,19,5,4,ROCHE GENES (RUE),0.0,,2,2,0,1,1,1,0,1,50,adult
202200021777,23,6,2022,0 days 11:00:00,1,29,29232,2,1,1,1,Rue de Pen Ar Steir,"47,9969640000"," -4,1059970000",1,1,2,1973.0,0,1,-1,-1,B01,3,0,2,1,1,5,4,PEN AR STEIR RUE DE,0.0,,2,2,2,4,1,1,0,1,30,child
202200021777,23,6,2022,0 days 11:00:00,1,29,29232,2,1,1,1,Rue de Pen Ar Steir,"47,9969640000"," -4,1059970000",1,4,2,1999.0,0,2,-1,-1,B01,3,0,2,1,1,5,4,PEN AR STEIR RUE DE,0.0,,2,2,2,4,1,1,0,1,30,adult
202200021782,18,4,2022,0 days 10:50:00,1,75,75104,2,3,1,3,BOULEVARD BOURDON,"48,8493280000","2,3665770000",1,4,1,1983.0,5,2,6,-1,A01,2,0,2,6,16,5,4,BOULEVARD BOURDON,0.0,,2,4,0,1,1,1,0,1,30,child
202200021782,18,4,2022,0 days 10:50:00,1,75,75104,2,3,1,3,BOULEVARD BOURDON,"48,8493280000","2,3665770000",1,1,1,2005.0,5,2,0,-1,A01,2,0,2,6,16,5,4,BOULEVARD BOURDON,0.0,,2,4,0,1,1,1,0,1,30,adult
202200021793,23,6,2022,0 days 16:30:00,1,17,17300,2,2,1,3,GUITON   AVENUE JEAN (9-165 et 4),"46,1598200000"," -1,1662100000",1,4,1,1942.0,5,8,0,-1,A01,3,0,2,1,19,5,4,GUITON   AVENUE JEAN (9-165 et 4),0.0,,2,2,0,1,1,1,5,1,50,child
202200021793,23,6,2022,0 days 16:30:00,1,17,17300,2,2,1,3,GUITON   AVENUE JEAN (9-165 et 4),"46,1598200000"," -1,1662100000",1,1,1,1969.0,0,1,0,-1,A01,3,0,2,1,19,5,4,GUITON   AVENUE JEAN (9-165 et 4),0.0,,2,2,0,1,1,1,5,1,50,adult
202200021843,17,6,2022,0 days 18:35:00,1,03,03095,2,1,1,3,Avenue de Vichy,"46,1346300000","3,4435400000",1,3,1,1969.0,5,2,0,-1,B01,1,0,2,8,19,5,3,VICHY (AVENUE DE),0.0,,2,2,0,1,1,1,0,1,50,child
202200021843,17,6,2022,0 days 18:35:00,1,03,03095,2,1,1,3,Avenue de Vichy,"46,1346300000","3,4435400000",1,1,1,1992.0,5,1,8,-1,B01,1,0,2,8,19,5,3,VICHY (AVENUE DE),0.0,,2,2,0,1,1,1,0,1,50,adult
202200021906,7,10,2022,0 days 09:00:00,1,94,94059,2,6,1,3,Avenue Maurice Berteaux / Avenue Paul Lafargue,"48,8160864516","2,5620531087",1,1,1,1948.0,0,1,0,-1,B01,0,0,2,1,1,5,3,MAURICE BERTEAUX (AV),0.0,,2,2,0,1,1,1,0,1,50,child
202200021906,7,10,2022,0 days 09:00:00,1,94,94059,2,6,1,3,Avenue Maurice Berteaux / Avenue Paul Lafargue,"48,8160864516","2,5620531087",1,4,2,1987.0,0,0,-1,-1,B01,0,0,2,1,1,5,3,MAURICE BERTEAUX (AV),0.0,,2,2,0,1,1,1,0,1,50,adult
202200021911,7,10,2022,0 days 09:00:00,1,94,94075,2,9,1,3,Rue de la Garenne,"48,7249030000","2,5291000000",1,1,1,1977.0,1,1,8,-1,B01,3,0,2,8,19,5,4,GARENNE (R DE LA),0.0,,2,2,0,1,3,1,0,1,50,child
202200021911,7,10,2022,0 days 09:00:00,1,94,94075,2,9,1,3,Rue de la Garenne,"48,7249030000","2,5291000000",1,4,2,2013.0,2,8,0,-1,B01,3,0,2,8,19,5,4,GARENNE (R DE LA),0.0,,2,2,0,1,3,1,0,1,50,adult
202200021926,7,10,2022,0 days 17:50:00,1,92,92044,2,2,1,3,VIC. HUGO(RUE)077A089 ET 090A110,"48,8959600000","2,2964600000",1,1,1,1952.0,1,1,0,-1,B01,2,0,2,8,1,5,4,,0.0,,2,3,3,1,1,1,0,1,50,child
202200021926,7,10,2022,0 days 17:50:00,1,92,92044,2,2,1,3,VIC. HUGO(RUE)077A089 ET 090A110,"48,8959600000","2,2964600000",1,4,2,1990.0,5,8,0,-1,B01,2,0,2,8,1,5,4,,0.0,,2,3,3,1,1,1,0,1,50,adult
202200021973,4,10,2022,0 days 15:15:00,1,38,38485,2,1,1,3,D1532,"45,1802860000","5,6966530000",1,1,1,1938.0,5,1,-1,-1,B01,3,0,0,7,19,5,7,1532,0.0,D,1,2,0,1,1,1,0,1,50,child
202200021973,4,10,2022,0 days 15:15:00,1,38,38485,2,1,1,3,D1532,"45,1802860000","5,6966530000",1,3,1,1998.0,5,0,-1,-1,B01,3,0,0,7,19,5,7,1532,0.0,D,1,2,0,1,1,1,0,1,50,adult
202200022011,6,10,2022,0 days 09:00:00,1,69,69382,2,1,1,3,Quai Docteur Gailleton,"45,7529000000","4,8334000000",1,4,1,1967.0,0,8,-1,-1,B01,1,0,2,7,1,0,4,DOCTEUR GAILLETON (DU)              (QU),0.0,,2,6,3,1,1,1,0,1,50,child
202200022011,6,10,2022,0 days 09:00:00,1,69,69382,2,1,1,3,Quai Docteur Gailleton,"45,7529000000","4,8334000000",2,1,1,1996.0,0,1,-1,-1,B01,1,0,2,7,1,0,4,DOCTEUR GAILLETON (DU)              (QU),0.0,,2,6,3,1,1,1,0,1,50,adult
202200022011,6,10,2022,0 days 09:00:00,1,69,69382,2,1,1,3,Quai Docteur Gailleton,"45,7529000000","4,8334000000",1,1,2,1999.0,0,1,-1,-1,B01,1,0,2,7,1,0,4,DOCTEUR GAILLETON (DU)              (QU),0.0,,2,6,3,1,1,1,0,1,50,adult
202200022035,5,10,2022,0 days 16:02:00,1,67,67482,2,1,1,3,ROBERTSAU (ALLEE DE LA),"48,5905100000","7,7675500000",1,1,1,1946.0,0,1,8,-1,B01,1,0,2,8,1,5,4,ROBERTSAU (ALLEE DE LA),0.0,,3,6,1,1,1,1,0,1,50,child
202200022035,5,10,2022,0 days 16:02:00,1,67,67482,2,1,1,3,ROBERTSAU (ALLEE DE LA),"48,5905100000","7,7675500000",1,4,2,1995.0,0,8,0,-1,B01,1,0,2,8,1,5,4,ROBERTSAU (ALLEE DE LA),0.0,,3,6,1,1,1,1,0,1,50,adult
202200022060,6,10,2022,0 days 08:10:00,1,35,35238,2,3,1,3,,"48,1080360000"," -1,7007360000",1,4,1,1966.0,1,2,4,-1,B01,2,0,2,1,15,5,4,LORIENT (DE),0.0,,2,2,1,1,1,1,0,1,50,child
202200022060,6,10,2022,0 days 08:10:00,1,35,35238,2,3,1,3,,"48,1080360000"," -1,7007360000",1,4,1,1992.0,1,8,-1,-1,B01,2,0,2,1,15,5,4,LORIENT (DE),0.0,,2,2,1,1,1,1,0,1,50,adult
202200022081,15,11,2022,0 days 18:20:00,3,62,62793,1,1,8,2,D57,"50,4193270000","2,6345020000",1,1,1,1941.0,5,1,-1,-1,B01,1,0,0,4,2,5,3,57,-1.0,,2,2,0,1,1,2,0,1,80,child
202200022081,15,11,2022,0 days 18:20:00,3,62,62793,1,1,8,2,D57,"50,4193270000","2,6345020000",1,2,1,1979.0,5,0,-1,-1,B01,1,0,0,4,2,5,3,57,-1.0,,2,2,0,1,1,2,0,1,80,adult
202200022108,12,11,2022,0 days 19:50:00,5,91,91191,2,3,1,3,REPUBLIQUE (AVENUE DE LA),"48,7207550000","2,4511890000",1,1,2,1941.0,9,1,8,-1,B01,2,0,2,2,9,5,3,REPUBLIQUE (AVENUE DE LA),0.0,,2,2,0,2,1,1,0,1,30,child
202200022108,12,11,2022,0 days 19:50:00,5,91,91191,2,3,1,3,REPUBLIQUE (AVENUE DE LA),"48,7207550000","2,4511890000",1,4,1,2000.0,0,8,0,-1,B01,2,0,2,2,9,5,3,REPUBLIQUE (AVENUE DE LA),0.0,,2,2,0,2,1,1,0,1,30,adult
202200022120,10,11,2022,0 days 08:30:00,1,68,68066,2,1,1,3,ALSACE (RUE D'),"48,0809900000","7,3641000000",1,1,2,1961.0,0,1,0,-1,B01,1,0,2,7,26,5,3,ALSACE (RUE D'),0.0,,3,5,1,1,1,1,0,5,50,child
202200022120,10,11,2022,0 days 08:30:00,1,68,68066,2,1,1,3,ALSACE (RUE D'),"48,0809900000","7,3641000000",1,4,2,1990.0,0,8,0,-1,B01,1,0,2,7,26,5,3,ALSACE (RUE D'),0.0,,3,5,1,1,1,1,0,5,50,adult
202200022120,10,11,2022,0 days 08:30:00,1,68,68066,2,1,1,3,ALSACE (RUE D'),"48,0809900000","7,3641000000",2,1,2,2002.0,0,1,0,-1,B01,1,0,2,7,26,5,3,ALSACE (RUE D'),0.0,,3,5,1,1,1,1,0,5,50,adult
202200022149,13,11,2022,0 days 14:40:00,1,38,38185,2,2,1,3,BOULEVARD MARÉCHAL FOCH,"45,1807200000","5,7195600000",1,1,1,1938.0,0,1,0,-1,B01,1,0,2,6,1,5,7,BOULEVARD MARÉCHAL FOCH,0.0,,2,3,2,3,1,1,2,5,30,child
202200022149,13,11,2022,0 days 14:40:00,1,38,38185,2,2,1,3,BOULEVARD MARÉCHAL FOCH,"45,1807200000","5,7195600000",1,4,1,1973.0,0,2,8,-1,B01,1,0,2,6,1,5,7,BOULEVARD MARÉCHAL FOCH,0.0,,2,3,2,3,1,1,2,5,30,adult