Num_Acc,jour,mois,an,hrmn,lum,dep,com,agg,int,atm,col,adr,lat,long,catu,grav,sexe,an_nais,trajet,secu1,secu2,secu3,num_veh_y,senc,obs,obsm,choc,manv,motor,catr,voie,v1,v2,circ,nbv,vosp,prof,plan,surf,infra,situ,vma,age
202200022178,30,1,2022,0 days 17:17:00,1,93,93007,2,2,1,1,JULES GUESDE (AVENUE),"48,9439490000","2,4457900000",1,1,1,1969.0,5,8,0,-1,B01,0,0,2,1,19,0,4,JULES GUESDE (AVENUE),0.0,,1,1,0,1,1,1,0,1,50,child
202200022178,30,1,2022,0 days 17:17:00,1,93,93007,2,2,1,1,JULES GUESDE (AVENUE),"48,9439490000","2,4457900000",1,4,1,2005.0,0,1,0,-1,B01,0,0,2,1,19,0,4,JULES GUESDE (AVENUE),0.0,,1,1,0,1,1,1,0,1,50,adult
202200022283,13,11,2022,0 days 23:15:00,3,73,73084,1,1,1,2,D1006,"45,5067040000","6,0265750000",1,3,1,1962.0,1,4,-1,-1,B01,2,0,2,4,2,5,3,1006,-1.0,,2,3,0,1,1,1,9,1,80,child
202200022283,13,11,2022,0 days 23:15:00,3,73,73084,1,1,1,2,D1006,"45,5067040000","6,0265750000",1,1,2,2001.0,0,1,-1,-1,B01,2,0,2,4,2,5,3,1006,-1.0,,2,3,0,1,1,1,9,1,80,adult
202200022287,29,1,2022,0 days 10:00:00,1,64,64445,2,1,7,3,Cours Léon Bérard,"43,3121900000"," -0,3674100000",1,3,1,1939.0,5,8,0,-1,B01,2,0,2,8,19,5,4,LEON BERARD,0.0,,2,2,2,1,1,1,-1,5,50,child
202200022287,29,1,2022,0 days 10:00:00,1,64,64445,2,1,7,3,Cours Léon Bérard,"43,3121900000"," -0,3674100000",1,1,1,1993.0,9,1,8,-1,B01,2,0,2,8,19,5,4,LEON BERARD,0.0,,2,2,2,1,1,1,-1,5,50,adult
202200022312,10,11,2022,0 days 09:35:00,1,13,13114,1,3,1,3,Route de Berre,"43,5406900000","5,2648120000",1,1,1,1963.0,5,1,-1,-1,B01,2,0,2,1,1,5,3,10,-1.0,,2,2,1,1,1,1,0,5,70,child
202200022312,10,11,2022,0 days 09:35:00,1,13,13114,1,3,1,3,Route de Berre,"43,5406900000","5,2648120000",1,3,1,1984.0,5,2,-1,-1,B01,2,0,2,1,1,5,3,10,-1.0,,2,2,1,1,1,1,0,5,70,adult
202200022324,13,11,2022,0 days 11:30:00,1,13,13004,1,1,1,2,Route des Marais,"43,5715580000","4,7342080000",1,1,1,1938.0,5,1,-1,-1,B01,1,0,0,4,1,5,4,D83,0.0,D,2,2,0,3,1,1,0,1,70,child
202200022324,13,11,2022,0 days 11:30:00,1,13,13004,1,1,1,2,Route des Marais,"43,5715580000","4,7342080000",1,3,2,1968.0,5,4,9,-1,B01,1,0,0,4,1,5,4,D83,0.0,D,2,2,0,3,1,1,0,1,70,adult
202200022340,10,11,2022,0 days 13:33:00,1,56,56125,1,1,1,2,Le Petit Penhy,"48,0725270000"," -3,0224530000",1,1,1,1955.0,5,1,-1,-1,A01,1,0,2,4,1,5,4,,-1.0,,2,2,0,1,1,1,0,1,70,child
202200022340,10,11,2022,0 days 13:33:00,1,56,56125,1,1,1,2,Le Petit Penhy,"48,0725270000"," -3,0224530000",1,4,1,2001.0,5,2,-1,-1,A01,1,0,2,4,1,5,4,,-1.0,,2,2,0,1,1,1,0,1,70,adult
202200022343,13,11,2022,0 days 10:40:00,1,29,29161,2,6,1,2,Rond Point de l'Ecole,"47,9074964400"," -4,0504604650",1,3,1,1969.0,5,2,-1,-1,B01,1,0,2,1,1,5,3,45,0.0,,1,1,0,1,1,2,0,1,50,child
202200022343,13,11,2022,0 days 10:40:00,1,29,29161,2,6,1,2,Rond Point de l'Ecole,"47,9074964400"," -4,0504604650",1,1,1,2001.0,5,1,-1,-1,B01,1,0,2,1,1,5,3,45,0.0,,1,1,0,1,1,2,0,1,50,adult
202200022351,29,1,2022,0 days 18:45:00,5,75,75103,2,4,8,6,RUE DE TURBIGO,"48,8668580000","2,3619560000",3,4,2,1953.0,5,0,-1,-1,A01,2,0,1,2,1,5,4,RUE DE TURBIGO,0.0,,1,2,1,1,1,1,0,5,30,child
202200022351,29,1,2022,0 days 18:45:00,5,75,75103,2,4,8,6,RUE DE TURBIGO,"48,8668580000","2,3619560000",1,1,1,2004.0,1,0,8,-1,A01,2,0,1,2,1,5,4,RUE DE TURBIGO,0.0,,1,2,1,1,1,1,0,5,30,adult
202200022412,25,5,2022,0 days 11:40:00,1,10,10387,2,1,1,2,CARNOT (RUE),"48,2969274406","4,0665292740",1,1,2,1963.0,0,1,8,-1,A01,1,1,2,1,1,5,4,CARNOT (RUE),0.0,,2,0,0,1,1,1,0,1,50,child
202200022412,25,5,2022,0 days 11:40:00,1,10,10387,2,1,1,2,CARNOT (RUE),"48,2969274406","4,0665292740",1,4,2,1985.0,0,2,0,-1,A01,1,1,2,1,1,5,4,CARNOT (RUE),0.0,,2,0,0,1,1,1,0,1,50,adult
202200022488,12,11,2022,0 days 11:57:00,1,64,64445,2,3,1,3,rue de l'abbé Brémond,"43,3068250000"," -0,3664340000",1,1,1,1975.0,9,1,8,-1,B01,2,0,2,1,15,5,4,ABBE BREMOND DE L',0.0,,2,2,0,1,1,1,0,1,50,child
202200022488,12,11,2022,0 days 11:57:00,1,64,64445,2,3,1,3,rue de l'abbé Brémond,"43,3068250000"," -0,3664340000",1,4,1,1997.0,5,8,0,-1,B01,2,0,2,1,15,5,4,ABBE BREMOND DE L',0.0,,2,2,0,1,1,1,0,1,50,adult
202200022500,24,7,2022,0 days 16:50:00,1,94,94068,2,9,1,6,GUYNEMER (AV),"48,7855510000","2,4826960000",1,3,1,1963.0,5,8,0,-1,B01,2,0,2,1,1,5,4,GUYNEMER (AV),0.0,,1,1,0,1,1,1,6,1,30,child
202200022500,24,7,2022,0 days 16:50:00,1,94,94068,2,9,1,6,GUYNEMER (AV),"48,7855510000","2,4826960000",1,1,1,1997.0,5,8,0,-1,B01,2,0,2,1,1,5,4,GUYNEMER (AV),0.0,,1,1,0,1,1,1,6,1,30,adult
202200022506,25,7,2022,0 days 14:30:00,1,94,94079,2,3,1,1,Rue Guillaume Bude / Avenue Emile Bernier,"48,8253682291","2,5423023105",1,1,1,1979.0,0,1,0,-1,B01,1,0,2,1,5,5,4,GUILLAUME BUDE (R),0.0,,1,1,0,2,1,1,0,1,50,child
202200022506,25,7,2022,0 days 14:30:00,1,94,94079,2,3,1,1,Rue Guillaume Bude / Avenue Emile Bernier,"48,8253682291","2,5423023105",1,4,2,2009.0,0,8,0,-1,B01,1,0,2,1,5,5,4,GUILLAUME BUDE (R),0.0,,1,1,0,2,1,1,0,1,50,adult
202200022532,25,5,2022,0 days 16:45:00,1,75,75109,2,2,1,6,RUE DE ROCHECHOUART,"48,8787555584","2,3453141749",3,4,2,1940.0,5,0,-1,-1,A01,2,0,1,1,25,5,4,RUE DE ROCHECHOUART,0.0,,2,2,3,2,1,1,-1,4,30,child
202200022532,25,5,2022,0 days 16:45:00,1,75,75109,2,2,1,6,RUE DE ROCHECHOUART,"48,8787555584","2,3453141749",1,1,1,2010.0,5,2,0,-1,A01,2,0,1,1,25,5,4,RUE DE ROCHECHOUART,0.0,,2,2,3,2,1,1,-1,4,30,adult
202200022585,25,7,2022,0 days 17:35:00,1,44,44006,1,1,1,1,1 Route de Limarzel,"47,4444560000"," -2,4434120000",1,3,2,1965.0,5,0,-1,-1,B01,1,0,2,1,0,5,4,,-1.0,,2,2,0,2,1,1,0,1,50,child
202200022585,25,7,2022,0 days 17:35:00,1,44,44006,1,1,1,1,1 Route de Limarzel,"47,4444560000"," -2,4434120000",1,1,2,1992.0,1,1,-1,-1,B01,1,0,2,1,0,5,4,,-1.0,,2,2,0,2,1,1,0,1,50,adult
202200022622,24,5,2022,0 days 18:50:00,1,92,92064,2,1,1,3,GOUNOD,"48,8429205858","2,2127712071",1,4,2,1959.0,0,8,0,-1,B01,1,0,2,8,1,5,3,907,0.0,,2,2,0,1,1,1,0,1,50,child
202200022622,24,5,2022,0 days 18:50:00,1,92,92064,2,1,1,3,GOUNOD,"48,8429205858","2,2127712071",1,1,1,1990.0,4,2,0,-1,B01,1,0,2,8,1,5,3,907,0.0,,2,2,0,1,1,1,0,1,50,adult
202200022688,24,7,2022,0 days 10:45:00,1,69,69386,2,1,1,3,Place Jules Ferry,"45,7679416089","4,8589505239",1,1,2,1964.0,0,1,-1,-1,B01,2,0,2,8,1,5,4,JULES FERRY                         (PL),0.0,,1,1,0,1,1,1,0,1,50,child
202200022688,24,7,2022,0 days 10:45:00,1,69,69386,2,1,1,3,Place Jules Ferry,"45,7679416089","4,8589505239",1,4,2,2002.0,0,8,-1,-1,B01,2,0,2,8,1,5,4,JULES FERRY                         (PL),0.0,,1,1,0,1,1,1,0,1,50,adult
202200022704,23,7,2022,0 days 21:50:00,1,77,77186,2,1,1,6,ARMES (PLACE D'),"48,4035600000","2,7015200000",1,4,1,1981.0,-1,2,8,-1,B01,3,-1,-1,-1,0,5,4,ARMES (PLACE D'),0.0,,2,1,0,2,2,1,0,1,50,child
202200022704,23,7,2022,0 days 21:50:00,1,77,77186,2,1,1,6,ARMES (PLACE D'),"48,4035600000","2,7015200000",1,1,1,2003.0,0,1,0,-1,B01,3,-1,-1,-1,0,5,4,ARMES (PLACE D'),0.0,,2,1,0,2,2,1,0,1,50,adult
202200022705,26,4,2022,0 days 15:05:00,1,74,74042,2,6,1,3,Avenue des Glières,"46,0740570000","6,4025620000",1,1,2,1938.0,5,1,-1,-1,A01,2,0,2,7,19,5,3,1203,-1.0,,2,2,0,1,1,1,5,1,50,child
202200022705,26,4,2022,0 days 15:05:00,1,74,74042,2,6,1,3,Avenue des Glières,"46,0740570000","6,4025620000",1,3,1,1972.0,9,0,-1,-1,A01,2,0,2,7,19,5,3,1203,-1.0,,2,2,0,1,1,1,5,1,50,adult
202200022871,15,12,2022,0 days 08:50:00,1,69,69034,2,1,1,3,375 Boulevard des Canuts,"45,7853800000","4,8329700000",1,4,2,1959.0,0,8,-1,-1,A01,1,12,2,0,0,0,4,CANUTS (DES)                        (BD),0.0,,2,2,0,1,3,2,0,5,30,child
202200022871,15,12,2022,0 days 08:50:00,1,69,69034,2,1,1,3,375 Boulevard des Canuts,"45,7853800000","4,8329700000",1,1,1,1996.0,4,8,-1,-1,A01,1,12,2,0,0,0,4,CANUTS (DES)                        (BD),0.0,,2,2,0,1,3,2,0,5,30,adult
202200022902,15,12,2022,0 days 13:55:00,1,54,54547,2,2,1,3,JAURES (AVENUE JEAN),"48,6628451363","6,1623403430",1,1,1,1946.0,3,1,0,-1,B01,1,0,2,0,1,5,4,JAURES (AVENUE JEAN),0.0,,2,2,3,1,1,2,0,1,30,child
202200022902,15,12,2022,0 days 13:55:00,1,54,54547,2,2,1,3,JAURES (AVENUE JEAN),"48,6628451363","6,1623403430",1,4,1,1996.0,0,2,0,-1,B01,1,0,2,0,1,5,4,JAURES (AVENUE JEAN),0.0,,2,2,3,1,1,2,0,1,30,adult
202200022904,16,12,2022,0 days 18:24:00,5,49,49007,2,9,1,6,ROE,"47,4728873801"," -0,5533350259",3,4,2,1966.0,5,0,-1,-1,A01,3,0,1,1,1,5,4,,0.0,,2,2,3,2,1,1,9,4,30,child
202200022904,16,12,2022,0 days 18:24:00,5,49,49007,2,9,1,6,ROE,"47,4728873801"," -0,5533350259",1,1,1,2002.0,0,8,0,-1,A01,3,0,1,1,1,5,4,,0.0,,2,2,3,2,1,1,9,4,30,adult
202200022920,15,12,2022,0 days 08:00:00,2,33,33318,2,3,8,3,Avenue du Bourgailh,"44,8011732666"," -0,6633880734",1,1,2,1968.0,1,1,-1,-1,B01,1,0,2,1,1,5,4,AVE DU BOURGAILH,0.0,,4,4,2,1,1,2,0,1,50,child
202200022920,15,12,2022,0 days 08:00:00,2,33,33318,2,3,8,3,Avenue du Bourgailh,"44,8011732666"," -0,6633880734",1,4,1,1998.0,1,2,-1,-1,B01,1,0,2,1,1,5,4,AVE DU BOURGAILH,0.0,,4,4,2,1,1,2,0,1,50,adult
202200022921,14,12,2022,0 days 22:30:00,5,33,33063,2,1,1,2,Cours d'Albret,"44,8357626737"," -0,5807438493",1,4,2,1965.0,5,0,-1,-1,B01,2,0,2,4,2,5,4,CRS D'ALBRET,0.0,,2,3,3,2,1,1,0,5,30,child
202200022921,14,12,2022,0 days 22:30:00,5,33,33063,2,1,1,2,Cours d'Albret,"44,8357626737"," -0,5807438493",1,1,1,1987.0,5,1,-1,-1,B01,2,0,2,4,2,5,4,CRS D'ALBRET,0.0,,2,3,3,2,1,1,0,5,30,adult
202200022941,16,12,2022,0 days 06:30:00,5,75,75120,2,3,1,6,RUE DE MENILMONTANT,"48,8683094304","2,3881718516",3,4,1,1961.0,1,0,-1,-1,A01,2,0,1,8,1,5,4,RUE DE MENILMONTANT,0.0,,2,1,0,2,1,1,0,1,30,child
202200022941,16,12,2022,0 days 06:30:00,5,75,75120,2,3,1,6,RUE DE MENILMONTANT,"48,8683094304","2,3881718516",1,4,1,2001.0,1,8,0,-1,A01,2,0,1,8,1,5,4,RUE DE MENILMONTANT,0.0,,2,1,0,2,1,1,0,1,30,adult
202200022987,16,12,2022,0 days 18:59:00,5,92,92020,2,6,9,7,KLEBER TUE,"48,7981010271","2,2829670310",1,4,1,1988.0,5,8,0,-1,A01,2,0,0,0,16,5,4,,0.0,,1,1,0,1,1,7,0,1,50,child
202200022987,16,12,2022,0 days 18:59:00,5,92,92020,2,6,9,7,KLEBER TUE,"48,7981010271","2,2829670310",2,4,2,2019.0,5,2,0,-1,A01,2,0,0,0,16,5,4,,0.0,,1,1,0,1,1,7,0,1,50,adult
202200023074,9,3,2022,0 days 18:19:00,2,75,75106,2,1,1,2,RUE D ASSAS,"48,8483210000","2,3291950000",1,1,2,1948.0,5,1,0,-1,B01,1,0,2,4,13,5,4,RUE D ASSAS,0.0,,1,2,0,1,1,1,0,1,30,child
202200023074,9,3,2022,0 days 18:19:00,2,75,75106,2,1,1,2,RUE D ASSAS,"48,8483210000","2,3291950000",1,4,2,1995.0,9,2,0,-1,B01,1,0,2,4,13,5,4,RUE D ASSAS,0.0,,1,2,0,1,1,1,0,1,30,adult
202200023084,9,3,2022,0 days 13:45:00,1,75,75110,2,1,1,6,BOULEVARD DE MAGENTA,"48,8816370000","2,3512740000",3,4,2,1941.0,5,0,-1,-1,A01,1,0,1,1,7,5,4,BOULEVARD DE MAGENTA,0.0,,2,4,3,1,1,1,-1,6,30,child
202200023084,9,3,2022,0 days 13:45:00,1,75,75110,2,1,1,6,BOULEVARD DE MAGENTA,"48,8816370000","2,3512740000",1,1,1,1999.0,5,2,0,-1,A01,1,0,1,1,7,5,4,BOULEVARD DE MAGENTA,0.0,,2,4,3,1,1,1,-1,6,30,adult
202200023118,10,3,2022,0 days 15:15:00,1,58,58079,2,1,1,3,Route de Varzy,"47,4503940000","3,5048960000",1,3,1,1938.0,5,2,-1,-1,A01,0,0,2,1,1,5,3,951,0.0,D,2,2,0,1,1,1,0,1,50,child
202200023118,10,3,2022,0 days 15:15:00,1,58,58079,2,1,1,3,Route de Varzy,"47,4503940000","3,5048960000",1,1,1,1981.0,0,1,-1,-1,A01,0,0,2,1,1,5,3,951,0.0,D,2,2,0,1,1,1,0,1,50,adult
202200023141,9,3,2022,0 days 17:30:00,1,01,01262,2,3,1,3,Chemin de la Maladière,"45,8479010000","5,0507610000",1,4,1,1975.0,0,0,-1,-1,A01,3,0,2,2,1,5,4,,-1.0,,2,2,0,1,1,1,0,1,50,child
202200023141,9,3,2022,0 days 17:30:00,1,01,01262,2,3,1,3,Chemin de la Maladière,"45,8479010000","5,0507610000",1,1,1,1998.0,1,1,-1,-1,A01,3,0,2,2,1,5,4,,-1.0,,2,2,0,1,1,1,0,1,50,adult
202200023155,3,9,2022,0 days 17:00:00,1,75,75105,2,2,1,2,RUE LACEPEDE,"48,8437960000","2,3523050000",1,1,1,1979.0,5,1,0,-1,A01,1,0,2,1,2,5,4,RUE LACEPEDE,0.0,,2,2,0,2,1,1,0,1,30,child
202200023155,3,9,2022,0 days 17:00:00,1,75,75105,2,2,1,2,RUE LACEPEDE,"48,8437960000","2,3523050000",1,4,1,2007.0,5,0,0,-1,A01,1,0,2,1,2,5,4,RUE LACEPEDE,0.0,,2,2,0,2,1,1,0,1,30,adult
202200023182,9,3,2022,0 days 06:48:00,1,988,98818,2,3,1,3,Piste cyclabe VDE/RUE MAURICE MEUNIER," -22,2781200000","166,4687500000",1,3,1,1974.0,-1,2,-1,-1,C01,2,-1,2,1,19,5,4,RUE MAURICE MEUNIER,0.0,,2,2,1,1,1,1,9,5,30,child
202200023182,9,3,2022,0 days 06:48:00,1,988,98818,2,3,1,3,Piste cyclabe VDE/RUE MAURICE MEUNIER," -22,2781200000","166,4687500000",2,1,2,1980.0,1,8,-1,-1,C01,2,-1,2,1,19,5,4,RUE MAURICE MEUNIER,0.0,,2,2,1,1,1,1,9,5,30,adult
202200023182,9,3,2022,0 days 06:48:00,1,988,98818,2,3,1,3,Piste cyclabe VDE/RUE MAURICE MEUNIER," -22,2781200000","166,4687500000",1,1,2,1995.0,1,8,8,-1,C01,2,-1,2,1,19,5,4,RUE MAURICE MEUNIER,0.0,,2,2,1,1,1,1,9,5,30,adult
202200023209,4,9,2022,0 days 08:30:00,1,62,62506,2,1,1,2,Rue Armand Leroy,"50,7841330000","1,9275090000",1,4,1,1964.0,5,2,-1,-1,A01,1,0,2,1,1,5,3,191,-1.0,,2,2,0,4,1,1,0,1,50,child
202200023209,4,9,2022,0 days 08:30:00,1,62,62506,2,1,1,2,Rue Armand Leroy,"50,7841330000","1,9275090000",1,1,1,2000.0,5,1,-1,-1,A01,1,0,2,1,1,5,3,191,-1.0,,2,2,0,4,1,1,0,1,50,adult
202200023240,3,9,2022,0 days 15:30:00,1,38,38409,1,4,1,3,D71,"45,1060610000","5,2763770000",1,3,1,1961.0,5,2,-1,-1,B01,2,0,2,8,1,5,3,71,-1.0,,2,2,0,1,2,1,5,1,70,child
202200023240,3,9,2022,0 days 15:30:00,1,38,38409,1,4,1,3,D71,"45,1060610000","5,2763770000",1,1,1,1998.0,5,1,-1,-1,B01,2,0,2,8,1,5,3,71,-1.0,,2,2,0,1,2,1,5,1,70,adult
202200023243,8,3,2022,0 days 08:50:00,1,69,69029,2,1,1,6,Avenue François Mitterrand,"45,7382800000","4,9240200000",3,4,2,1948.0,0,0,-1,-1,A01,2,0,1,1,1,6,9,FRANCOIS MITTERRAND                 (AV),0.0,,1,2,2,1,1,1,0,5,50,child
202200023243,8,3,2022,0 days 08:50:00,1,69,69029,2,1,1,6,Avenue François Mitterrand,"45,7382800000","4,9240200000",1,1,1,1970.0,1,2,-1,-1,A01,2,0,1,1,1,6,9,FRANCOIS MITTERRAND                 (AV),0.0,,1,2,2,1,1,1,0,5,50,adult
202200023361,1,9,2022,0 days 12:10:00,1,37,37261,2,1,1,3,BERT (QUAI PAUL),"47,4028516457","0,6980395317",1,3,2,1972.0,5,8,0,-1,B01,2,0,2,6,15,5,4,,0.0,,2,2,2,1,1,1,0,1,50,child
202200023361,1,9,2022,0 days 12:10:00,1,37,37261,2,1,1,3,BERT (QUAI PAUL),"47,4028516457","0,6980395317",1,1,1,2004.0,5,1,4,-1,B01,2,0,2,6,15,5,4,,0.0,,2,2,2,1,1,1,0,1,50,adult
202200023452,16,4,2022,0 days 17:55:00,1,29,29151,1,6,7,3,D786 - Giratoire de la Vierge Noire,"48,5930100000"," -3,8293600000",1,1,2,1947.0,3,1,-1,-1,B01,1,0,2,5,1,5,3,CD 786 MORLAIX A DINARD (ROUTE DE),0.0,,1,1,0,2,2,1,0,1,70,child
202200023452,16,4,2022,0 days 17:55:00,1,29,29151,1,6,7,3,D786 - Giratoire de la Vierge Noire,"48,5930100000"," -3,8293600000",1,4,1,1975.0,5,2,-1,-1,B01,1,0,2,5,1,5,3,CD 786 MORLAIX A DINARD (ROUTE DE),0.0,,1,1,0,2,2,1,0,1,70,adult
202200023458,17,4,2022,0 days 09:25:00,1,06,06069,2,1,1,3,VICTORIA (AVENUE ET TRAVERSE),"43,6637480000","6,9275540000",1,4,1,1961.0,0,8,0,-1,A01,2,0,0,6,1,5,3,,0.0,,2,2,0,1,1,1,0,1,50,child
202200023458,17,4,2022,0 days 09:25:00,1,06,06069,2,1,1,3,VICTORIA (AVENUE ET TRAVERSE),"43,6637480000","6,9275540000",1,1,1,1990.0,9,1,-1,-1,A01,2,0,0,6,1,5,3,,0.0,,2,2,0,1,1,1,0,1,50,adult
202200023499,17,4,2022,0 days 09:30:00,1,93,93005,2,1,1,3,Boulevard Charles Floquet,"48,9336960000","2,5040980000",1,1,1,1938.0,5,8,0,-1,B01,2,0,2,6,2,5,4,CHARLES FLOQUET (BOULEVARD),0.0,,2,2,0,1,1,1,0,1,50,child
202200023499,17,4,2022,0 days 09:30:00,1,93,93005,2,1,1,3,Boulevard Charles Floquet,"48,9336960000","2,5040980000",1,4,1,1973.0,5,8,0,-1,B01,2,0,2,6,2,5,4,CHARLES FLOQUET (BOULEVARD),0.0,,2,2,0,1,1,1,0,1,50,adult
202200023578,24,6,2022,0 days 12:20:00,1,86,86121,2,2,1,3,Rue du Château d Eau,"46,6277640000","0,0758480000",1,3,1,1949.0,5,0,-1,-1,A01,3,0,2,6,1,5,4,,-1.0,,2,2,0,1,1,1,0,1,50,child
202200023578,24,6,2022,0 days 12:20:00,1,86,86121,2,2,1,3,Rue du Château d Eau,"46,6277640000","0,0758480000",1,1,1,1983.0,4,1,-1,-1,A01,3,0,2,6,1,5,4,,-1.0,,2,2,0,1,1,1,0,1,50,adult
202200023681,22,6,2022,0 days 21:25:00,2,37,37233,2,6,8,3,ERIDENCE (RUE DE L'),"47,3951918126","0,7261101902",1,4,1,1973.0,5,8,0,-1,B01,0,0,2,7,1,5,4,,0.0,,2,2,2,1,1,1,5,1,30,child
202200023681,22,6,2022,0 days 21:25:00,2,37,37233,2,6,8,3,ERIDENCE (RUE DE L'),"47,3951918126","0,7261101902",1,1,1,1996.0,5,1,0,-1,B01,0,0,2,7,1,5,4,,0.0,,2,2,2,1,1,1,5,1,30,adult
202200023722,22,6,2022,0 days 19:00:00,1,75,75117,2,3,1,3,RUE CARDINET,"48,8902590000","2,3172120000",1,1,1,1964.0,4,1,0,-1,B01,1,0,2,1,1,5,4,RUE CARDINET,0.0,,2,3,1,1,1,1,-1,5,30,child
202200023722,22,6,2022,0 days 19:00:00,1,75,75117,2,3,1,3,RUE CARDINET,"48,8902590000","2,3172120000",2,1,2,1996.0,5,1,0,-1,B01,1,0,2,1,1,5,4,RUE CARDINET,0.0,,2,3,1,1,1,1,-1,5,30,adult
202200023722,22,6,2022,0 days 19:00:00,1,75,75117,2,3,1,3,RUE CARDINET,"48,8902590000","2,3172120000",1,4,1,2000.0,2,8,0,-1,B01,1,0,2,1,1,5,4,RUE CARDINET,0.0,,2,3,1,1,1,1,-1,5,30,adult
202200023728,22,6,2022,0 days 12:55:00,1,75,75113,2,3,1,3,QUAI DE LA GARE,"48,8356730000","2,3753640000",1,1,1,1949.0,4,1,0,-1,B01,2,0,2,1,1,5,4,QUAI DE LA GARE,0.0,,-1,4,1,1,1,1,-1,5,30,child
202200023728,22,6,2022,0 days 12:55:00,1,75,75113,2,3,1,3,QUAI DE LA GARE,"48,8356730000","2,3753640000",1,4,1,1994.0,1,8,0,-1,B01,2,0,2,1,1,5,4,QUAI DE LA GARE,0.0,,-1,4,1,1,1,1,-1,5,30,adult
202200023740,16,4,2022,0 days 18:05:00,1,75,75117,2,2,1,6,RUE CARDINET,"48,8886163385","2,3156449199",3,4,1,1957.0,5,0,-1,-1,A01,1,0,1,1,16,5,4,RUE CARDINET,0.0,,2,3,0,1,1,1,0,1,30,child
202200023740,16,4,2022,0 days 18:05:00,1,75,75117,2,2,1,6,RUE CARDINET,"48,8886163385","2,3156449199",1,4,1,1991.0,1,2,0,-1,A01,1,0,1,1,16,5,4,RUE CARDINET,0.0,,2,3,0,1,1,1,0,1,30,adult
202200023749,16,4,2022,0 days 16:05:00,1,75,75114,2,7,1,6,AVENUE DU COLONEL HENRI ROL TANGUY,"48,8344497934","2,3324315250",3,4,2,1943.0,5,0,-1,-1,A01,1,0,1,7,7,5,4,AVENUE DU COLONEL HENRI ROL TANGUY,0.0,,2,6,3,1,1,1,-1,6,30,child
202200023749,16,4,2022,0 days 16:05:00,1,75,75114,2,7,1,6,AVENUE DU COLONEL HENRI ROL TANGUY,"48,8344497934","2,3324315250",1,4,1,1999.0,5,2,0,-1,A01,1,0,1,7,7,5,4,AVENUE DU COLONEL HENRI ROL TANGUY,0.0,,2,6,3,1,1,1,-1,6,30,adult
202200023789,22,6,2022,0 days 17:00:00,1,60,60130,1,9,1,1,Rue de Sacy-le-Grand,"49,3653690000","2,5262760000",1,3,1,1967.0,5,2,-1,-1,A01,3,0,2,1,0,5,5,,-1.0,,-1,5,0,2,3,9,0,8,-1,child
202200023789,22,6,2022,0 days 17:00:00,1,60,60130,1,9,1,1,Rue de Sacy-le-Grand,"49,3653690000","2,5262760000",1,4,1,2000.0,5,2,6,-1,A01,3,0,2,1,0,5,5,,-1.0,,-1,5,0,2,3,9,0,8,-1,adult
202200023808,5,10,2022,0 days 16:20:00,1,10,10362,1,1,1,4,,"48,2965500000","4,0060000000",1,4,1,1949.0,0,8,8,-1,C01,0,0,0,4,1,5,3,RD 660,0.0,,2,2,0,1,3,1,0,1,90,child
202200023808,5,10,2022,0 days 16:20:00,1,10,10362,1,1,1,4,,"48,2965500000","4,0060000000",1,1,1,1966.0,4,1,4,-1,C01,0,0,0,4,1,5,3,RD 660,0.0,,2,2,0,1,3,1,0,1,90,adult
202200023808,5,10,2022,0 days 16:20:00,1,10,10362,1,1,1,4,,"48,2965500000","4,0060000000",1,4,1,1996.0,0,1,4,-1,C01,0,0,0,4,1,5,3,RD 660,0.0,,2,2,0,1,3,1,0,1,90,adult
202200023808,5,10,2022,0 days 16:20:00,1,10,10362,1,1,1,4,,"48,2965500000","4,0060000000",2,4,1,1998.0,0,1,4,-1,C01,0,0,0,4,1,5,3,RD 660,0.0,,2,2,0,1,3,1,0,1,90,adult
202200023808,5,10,2022,0 days 16:20:00,1,10,10362,1,1,1,4,,"48,2965500000","4,0060000000",2,4,1,2020.0,0,1,0,-1,C01,0,0,0,4,1,5,3,RD 660,0.0,,2,2,0,1,3,1,0,1,90,adult
202200023808,5,10,2022,0 days 16:20:00,1,10,10362,1,1,1,4,,"48,2965500000","4,0060000000",2,4,2,2021.0,0,1,0,-1,C01,0,0,0,4,1,5,3,RD 660,0.0,,2,2,0,1,3,1,0,1,90,adult
202200023818,5,10,2022,0 days 14:05:00,1,75,75111,2,1,1,3,RUE ALEXANDRE DUMAS,"48,8531100000","2,3904450000",1,3,1,1956.0,5,8,0,-1,B01,1,0,2,3,1,5,4,RUE ALEXANDRE DUMAS,0.0,,1,1,0,2,1,1,0,1,30,child
202200023818,5,10,2022,0 days 14:05:00,1,75,75111,2,1,1,3,RUE ALEXANDRE DUMAS,"48,8531100000","2,3904450000",1,1,1,1992.0,5,8,0,-1,B01,1,0,2,3,1,5,4,RUE ALEXANDRE DUMAS,0.0,,1,1,0,2,1,1,0,1,30,adult