Num_Acc,jour,mois,an,hrmn,lum,dep,com,agg,int,atm,col,adr,lat,long,catu,grav,sexe,an_nais,trajet,secu1,secu2,secu3,num_veh_y,senc,obs,obsm,choc,manv,motor,catr,voie,v1,v2,circ,nbv,vosp,prof,plan,surf,infra,situ,vma,age
202200026164,10,11,2022,0 days 09:00:00,1,75,75115,2,3,1,6,RUE DU COTENTIN,"48,8386210000","2,3134590000",1,1,1,1999.0,9,8,0,-1,A01,2,0,1,1,1,5,4,RUE DU COTENTIN,0.0,,1,2,0,2,1,1,0,1,30,adult
202200026172,22,5,2022,0 days 07:37:00,1,06,06029,2,1,1,6,MIDI (BOULEVARD DU),"43,5490000000","6,9900800000",1,2,1,1937.0,5,2,8,-1,B01,3,0,2,4,1,5,4,MIDI (BOULEVARD DU),0.0,,2,2,0,1,1,1,0,1,50,child
202200026172,22,5,2022,0 days 07:37:00,1,06,06029,2,1,1,6,MIDI (BOULEVARD DU),"43,5490000000","6,9900800000",1,1,1,1994.0,9,8,0,-1,B01,3,0,2,4,1,5,4,MIDI (BOULEVARD DU),0.0,,2,2,0,1,1,1,0,1,50,adult
202200026174,10,11,2022,0 days 08:35:00,1,75,75104,2,1,1,3,RUE SAINT ANTOINE,"48,8538840000","2,3651400000",1,4,2,1966.0,1,8,0,-1,B01,1,0,2,8,13,5,4,RUE SAINT ANTOINE,0.0,,2,4,1,1,1,2,0,5,30,child
202200026174,10,11,2022,0 days 08:35:00,1,75,75104,2,1,1,3,RUE SAINT ANTOINE,"48,8538840000","2,3651400000",1,1,1,2006.0,1,2,0,-1,B01,1,0,2,8,13,5,4,RUE SAINT ANTOINE,0.0,,2,4,1,1,1,2,0,5,30,adult
202200026181,3,10,2022,0 days 16:15:00,1,34,34032,2,1,1,3,Parking Conforama,"43,3449600000","3,2397500000",2,1,1,1947.0,3,1,8,-1,B01,3,0,2,7,19,5,6,RIVETTI ROBERT (RUE),0.0,,-1, -1,0,1,1,1,9,1,50,child
202200026181,3,10,2022,0 days 16:15:00,1,34,34032,2,1,1,3,Parking Conforama,"43,3449600000","3,2397500000",1,4,1,2011.0,2,2,0,-1,B01,3,0,2,7,19,5,6,RIVETTI ROBERT (RUE),0.0,,-1, -1,0,1,1,1,9,1,50,adult
202200026210,4,10,2022,0 days 09:00:00,1,27,27229,2,1,1,3,GAMBETTA (BOULEVARD),"49,0189000000","1,1469100000",1,3,1,1949.0,5,8,0,-1,B01,0,0,2,8,1,5,4,GAMBETTA (BOULEVARD),0.0,,2,2,0,2,1,1,0,1,50,child
202200026210,4,10,2022,0 days 09:00:00,1,27,27229,2,1,1,3,GAMBETTA (BOULEVARD),"49,0189000000","1,1469100000",1,1,2,1978.0,5,1,5,-1,B01,0,0,2,8,1,5,4,GAMBETTA (BOULEVARD),0.0,,2,2,0,2,1,1,0,1,50,adult
202200026275,22,5,2022,0 days 14:10:00,1,75,75111,2,1,8,6,BOULEVARD DE MENILMONTANT,"48,8594390000","2,3889400000",3,4,2,1946.0,5,0,-1,-1,A01,2,0,1,1,1,5,4,BOULEVARD DE MENILMONTANT,0.0,,3,2,1,1,1,1,-1,5,30,child
202200026275,22,5,2022,0 days 14:10:00,1,75,75111,2,1,8,6,BOULEVARD DE MENILMONTANT,"48,8594390000","2,3889400000",1,1,1,1991.0,9,2,0,-1,A01,2,0,1,1,1,5,4,BOULEVARD DE MENILMONTANT,0.0,,3,2,1,1,1,1,-1,5,30,adult
202200026286,23,5,2022,0 days 17:05:00,1,75,75109,2,3,1,6,RUE SAINT LAZARE,"48,8757814213","2,3285154998",3,4,2,1972.0,9,0,-1,-1,A01,2,0,1,1,1,5,4,RUE SAINT LAZARE,0.0,,2,3,0,1,1,1,0,1,30,child
202200026286,23,5,2022,0 days 17:05:00,1,75,75109,2,3,1,6,RUE SAINT LAZARE,"48,8757814213","2,3285154998",1,1,1,2002.0,5,2,0,-1,A01,2,0,1,1,1,5,4,RUE SAINT LAZARE,0.0,,2,3,0,1,1,1,0,1,30,adult
202200026302,23,5,2022,0 days 07:50:00,1,75,75104,2,3,2,3,BOULEVARD DE SEBASTOPOL,"48,8600716582","2,3490746319",1,1,1,1968.0,4,1,0,-1,B01,1,0,2,1,1,5,4,BOULEVARD DE SEBASTOPOL,0.0,,2,5,1,1,1,2,-1,5,30,child
202200026302,23,5,2022,0 days 07:50:00,1,75,75104,2,3,2,3,BOULEVARD DE SEBASTOPOL,"48,8600716582","2,3490746319",1,4,2,1990.0,1,2,0,-1,B01,1,0,2,1,1,5,4,BOULEVARD DE SEBASTOPOL,0.0,,2,5,1,1,1,2,-1,5,30,adult
202200026345,22,7,2022,0 days 08:50:00,1,85,85191,2,6,2,3,RD763,"46,6988400000"," -1,4299700000",1,2,1,1949.0,5,2,6,-1,C01,1,0,2,2,1,5,3,NANTES ROUTE DE (SECTEUR 310),0.0,,1,2,0,1,3,2,5,1,50,child
202200026345,22,7,2022,0 days 08:50:00,1,85,85191,2,6,2,3,RD763,"46,6988400000"," -1,4299700000",1,1,2,1991.0,1,1,0,-1,C01,1,0,2,2,1,5,3,NANTES ROUTE DE (SECTEUR 310),0.0,,1,2,0,1,3,2,5,1,50,adult
202200026354,22,5,2022,0 days 12:00:00,1,92,92064,2,1,1,2,ST CLOUD,"48,8414618222","2,2225632817",1,1,2,1947.0,0,1,0,-1,B01,2,0,2,0,1,5,3,907,0.0,,3,4,0,1,1,1,0,3,50,child
202200026354,22,5,2022,0 days 12:00:00,1,92,92064,2,1,1,2,ST CLOUD,"48,8414618222","2,2225632817",1,4,1,1973.0,5,2,6,-1,B01,2,0,2,0,1,5,3,907,0.0,,3,4,0,1,1,1,0,3,50,adult
202200026366,23,5,2022,0 days 18:45:00,1,92,92026,2,9,2,2,ALMA,"48,8967900000","2,2553800000",1,1,1,1947.0,0,1,8,-1,A01,2,0,2,5,0,5,3,ALMA,0.0,,1,1,0,1,1,2,0,1,30,child
202200026366,23,5,2022,0 days 18:45:00,1,92,92026,2,9,2,2,ALMA,"48,8967900000","2,2553800000",1,4,1,1993.0,0,8,0,-1,A01,2,0,2,5,0,5,3,ALMA,0.0,,1,1,0,1,1,2,0,1,30,adult
202200026377,21,6,2022,0 days 18:05:00,1,91,91228,2,1,1,6,RUE DU PLESSIS BRIARD,"48,6330100000","2,4085500000",1,1,1,1982.0,9,1,-1,-1,B01,1,0,2,0,19,5,4,RUE DU PLESSIS BRIARD,0.0,,2,2,1,1,1,1,0,5,50,child
202200026377,21,6,2022,0 days 18:05:00,1,91,91228,2,1,1,6,RUE DU PLESSIS BRIARD,"48,6330100000","2,4085500000",1,4,1,2008.0,9,2,0,-1,B01,1,0,2,0,19,5,4,RUE DU PLESSIS BRIARD,0.0,,2,2,1,1,1,1,0,5,50,adult
202200026403,22,7,2022,0 days 11:00:00,1,26,26198,2,1,1,3,DE GAULLE (Boulevard Général),"44,5569480000","4,7480460000",1,4,2,1971.0,9,-1,8,-1,B01,0,0,2,4,1,5,4,DE GAULLE (Boulevard Général),0.0,,2,2,0,1,1,1,0,1,30,child
202200026403,22,7,2022,0 days 11:00:00,1,26,26198,2,1,1,3,DE GAULLE (Boulevard Général),"44,5569480000","4,7480460000",1,1,1,1996.0,9,1,8,-1,B01,0,0,2,4,1,5,4,DE GAULLE (Boulevard Général),0.0,,2,2,0,1,1,1,0,1,30,adult
202200026442,22,7,2022,0 days 09:30:00,1,75,75118,2,2,1,3,RUE MARX DORMOY,"48,8902450000","2,3599120000",1,4,2,1962.0,9,2,0,-1,B01,1,0,2,3,1,5,4,RUE MARX DORMOY,0.0,,2,2,1,1,1,1,0,1,30,child
202200026442,22,7,2022,0 days 09:30:00,1,75,75118,2,2,1,3,RUE MARX DORMOY,"48,8902450000","2,3599120000",1,4,1,1991.0,9,2,6,-1,B01,1,0,2,3,1,5,4,RUE MARX DORMOY,0.0,,2,2,1,1,1,1,0,1,30,adult
202200026462,21,7,2022,0 days 14:58:00,1,75,75114,2,3,1,3,RUE VERCINGETORIX,"48,8291250000","2,3064160000",1,4,1,1944.0,1,2,6,-1,A01,1,0,2,7,19,5,4,RUE VERCINGETORIX,0.0,,1,2,0,1,1,1,0,1,30,child
202200026462,21,7,2022,0 days 14:58:00,1,75,75114,2,3,1,3,RUE VERCINGETORIX,"48,8291250000","2,3064160000",1,4,1,1983.0,1,8,0,-1,A01,1,0,2,7,19,5,4,RUE VERCINGETORIX,0.0,,1,2,0,1,1,1,0,1,30,adult
202200026470,21,4,2022,0 days 14:15:00,1,974,97406,2,1,1,1,rue Eugène-Rochetaing," -21,1411790000","55,6093280000",1,4,1,1962.0,5,0,-1,-1,A01,0,0,2,1,13,5,4,,-1.0,,2,2,0,2,3,1,0,1,50,child
202200026470,21,4,2022,0 days 14:15:00,1,974,97406,2,1,1,1,rue Eugène-Rochetaing," -21,1411790000","55,6093280000",1,1,1,1988.0,4,0,-1,-1,A01,0,0,2,1,13,5,4,,-1.0,,2,2,0,2,3,1,0,1,50,adult
202200026482,20,7,2022,0 days 23:37:00,5,75,75107,2,3,1,2,QUAI BRANLY,"48,8589650000","2,2933850000",1,4,1,1965.0,5,8,0,-1,B01,3,0,2,0,1,5,4,QUAI BRANLY,0.0,,1,4,1,1,1,1,-1,5,50,child
202200026482,20,7,2022,0 days 23:37:00,5,75,75107,2,3,1,2,QUAI BRANLY,"48,8589650000","2,2933850000",1,1,1,1986.0,4,8,0,-1,B01,3,0,2,0,1,5,4,QUAI BRANLY,0.0,,1,4,1,1,1,1,-1,5,50,adult
202200026514,14,12,2022,0 days 11:10:00,1,33,33063,2,1,8,3,Rue Antoine Bourdelle,"44,8255655457"," -0,5985778570",1,1,1,1964.0,4,1,-1,-1,B01,2,0,2,8,5,5,4,RUE ANTOINE BOURDELLE,0.0,,-1,4,3,3,3,2,-1,1,50,child
202200026514,14,12,2022,0 days 11:10:00,1,33,33063,2,1,8,3,Rue Antoine Bourdelle,"44,8255655457"," -0,5985778570",1,4,1,2003.0,2,0,-1,-1,B01,2,0,2,8,5,5,4,RUE ANTOINE BOURDELLE,0.0,,-1,4,3,3,3,2,-1,1,50,adult
202200026542,17,7,2022,0 days 12:24:00,1,01,01325,1,4,1,3,D22,"45,9609730000","5,1496750000",1,3,1,1961.0,5,0,-1,-1,B01,1,0,2,1,1,5,3,22,0.0,,2,1,0,2,1,1,0,1,80,child
202200026542,17,7,2022,0 days 12:24:00,1,01,01325,1,4,1,3,D22,"45,9609730000","5,1496750000",1,1,1,1998.0,5,1,-1,-1,B01,1,0,2,1,1,5,3,22,0.0,,2,1,0,2,1,1,0,1,80,adult
202200026630,21,5,2022,0 days 15:30:00,1,51,51058,2,2,1,3,Rue de la Gazette,"49,2238396245","3,9853951335",1,1,1,1984.0,4,1,-1,-1,A01,0,0,2,2,19,5,4,GAZETTE (RUE DE LA),0.0,,2,2,0,1,1,1,0,1,30,child
202200026630,21,5,2022,0 days 15:30:00,1,51,51058,2,2,1,3,Rue de la Gazette,"49,2238396245","3,9853951335",1,4,2,2006.0,5,8,-1,-1,A01,0,0,2,2,19,5,4,GAZETTE (RUE DE LA),0.0,,2,2,0,1,1,1,0,1,30,adult
202200026682,15,12,2022,0 days 14:15:00,1,66,66145,2,3,1,3,,"42,6263060000","2,8104831000",2,1,1,1960.0,5,8,-1,-1,B01,3,0,2,1,1,5,4,,0.0,,2,2,0,2,1,1,0,1,50,child
202200026682,15,12,2022,0 days 14:15:00,1,66,66145,2,3,1,3,,"42,6263060000","2,8104831000",1,3,1,1968.0,5,0,-1,-1,B01,3,0,2,1,1,5,4,,0.0,,2,2,0,2,1,1,0,1,50,adult
202200026682,15,12,2022,0 days 14:15:00,1,66,66145,2,3,1,3,,"42,6263060000","2,8104831000",1,1,2,1996.0,5,8,-1,-1,B01,3,0,2,1,1,5,4,,0.0,,2,2,0,2,1,1,0,1,50,adult
202200026730,9,6,2022,0 days 07:40:00,1,91,91174,2,1,1,6,BD HENRI DUNANT,"48,5948800000","2,4784700000",1,4,1,1972.0,9,2,8,-1,B01,3,0,2,8,1,5,4,BD HENRI DUNANT,0.0,,2,2,0,1,1,1,0,1,50,child
202200026730,9,6,2022,0 days 07:40:00,1,91,91174,2,1,1,6,BD HENRI DUNANT,"48,5948800000","2,4784700000",1,4,1,1999.0,9,2,8,-1,B01,3,0,2,8,1,5,4,BD HENRI DUNANT,0.0,,2,2,0,1,1,1,0,1,50,adult
202200026779,13,12,2022,0 days 07:30:00,5,51,51454,2,1,1,3,rond-point porte Farman,"49,2365100000","4,0713400000",1,1,2,1980.0,1,1,-1,-1,B01,2,0,2,1,1,5,3,FARMAN (AVENUE HENRI),0.0,,-1,2,0,1,3,1,0,1,50,child
202200026779,13,12,2022,0 days 07:30:00,5,51,51454,2,1,1,3,rond-point porte Farman,"49,2365100000","4,0713400000",1,4,1,2004.0,0,0,-1,-1,B01,2,0,2,1,1,5,3,FARMAN (AVENUE HENRI),0.0,,-1,2,0,1,3,1,0,1,50,adult
202200026898,6,3,2022,0 days 17:50:00,1,91,91434,2,1,7,2,ESCADRILLE NORMANDIE NIEMEN (AVENUE DE L,"48,6470500000","2,3446800000",1,1,1,1972.0,0,1,0,-1,B01,3,0,9,4,0,5,4,ESCADRILLE NORMANDIE NIEMEN (AVENUE DE L,0.0,,2,2,0,1,1,1,0,1,50,child
202200026898,6,3,2022,0 days 17:50:00,1,91,91434,2,1,7,2,ESCADRILLE NORMANDIE NIEMEN (AVENUE DE L,"48,6470500000","2,3446800000",1,4,1,1999.0,0,8,0,-1,B01,3,0,9,4,0,5,4,ESCADRILLE NORMANDIE NIEMEN (AVENUE DE L,0.0,,2,2,0,1,1,1,0,1,50,adult
202200026929,6,3,2022,0 days 18:00:00,1,75,75114,2,3,1,6,RUE DU DEPART,"48,8418762352","2,3226240277",3,4,2,1941.0,5,0,-1,-1,A01,1,0,1,1,18,5,4,RUE DU DEPART,0.0,,2,1,0,1,1,1,0,1,30,child
202200026929,6,3,2022,0 days 18:00:00,1,75,75114,2,3,1,6,RUE DU DEPART,"48,8418762352","2,3226240277",3,4,2,1967.0,5,0,-1,-1,A01,1,0,1,1,18,5,4,RUE DU DEPART,0.0,,2,1,0,1,1,1,0,1,30,adult
202200026929,6,3,2022,0 days 18:00:00,1,75,75114,2,3,1,6,RUE DU DEPART,"48,8418762352","2,3226240277",1,1,1,1992.0,4,2,0,-1,A01,1,0,1,1,18,5,4,RUE DU DEPART,0.0,,2,1,0,1,1,1,0,1,30,adult
202200026930,6,3,2022,0 days 12:25:00,1,75,75114,2,1,1,3,AVENUE DU GENERAL LECLERC,"48,8293040000","2,3281580000",1,1,2,1956.0,5,1,0,-1,B01,2,0,2,8,25,5,4,AVENUE DU GENERAL LECLERC,0.0,,2,4,3,1,1,1,-1,4,30,child
202200026930,6,3,2022,0 days 12:25:00,1,75,75114,2,1,1,3,AVENUE DU GENERAL LECLERC,"48,8293040000","2,3281580000",1,4,1,1995.0,4,2,0,-1,B01,2,0,2,8,25,5,4,AVENUE DU GENERAL LECLERC,0.0,,2,4,3,1,1,1,-1,4,30,adult
202200027027,5,3,2022,0 days 16:40:00,1,50,50502,2,1,2,2,HAVIN,"49,1146900000"," -1,0928200000",1,1,1,1959.0,0,1,0,-1,B01,1,0,2,1,0,5,4,,0.0,,2,2,0,2,1,2,0,1,30,child
202200027027,5,3,2022,0 days 16:40:00,1,50,50502,2,1,2,2,HAVIN,"49,1146900000"," -1,0928200000",1,4,1,2006.0,0,8,0,-1,B01,1,0,2,1,0,5,4,,0.0,,2,2,0,2,1,2,0,1,30,adult
202200027028,5,3,2022,0 days 17:00:00,1,45,45284,2,6,1,3,Avenue du Capitaine Jean,"47,9107120000","1,9525870000",1,4,2,1959.0,5,8,0,-1,B01,2,0,2,1,16,5,4,CAPITAINE JEAN (AVENUE DU),0.0,,1,2,1,1,1,1,0,1,50,child
202200027028,5,3,2022,0 days 17:00:00,1,45,45284,2,6,1,3,Avenue du Capitaine Jean,"47,9107120000","1,9525870000",1,1,1,2002.0,4,1,0,-1,B01,2,0,2,1,16,5,4,CAPITAINE JEAN (AVENUE DU),0.0,,1,2,1,1,1,1,0,1,50,adult
202200027055,1,9,2022,0 days 15:20:00,1,18,18008,1,1,1,3,,"46,9730490000","2,3524050000",1,3,1,1954.0,5,2,-1,-1,B01,1,0,2,8,1,5,3,73,0.0,A,2,2,0,1,1,1,0,1,80,child
202200027055,1,9,2022,0 days 15:20:00,1,18,18008,1,1,1,3,,"46,9730490000","2,3524050000",1,1,1,1987.0,1,1,-1,-1,B01,1,0,2,8,1,5,3,73,0.0,A,2,2,0,1,1,1,0,1,80,adult
202200027069,1,9,2022,0 days 09:00:00,1,34,34145,2,1,1,3,Avenue du General de Gaulle,"43,6801320000","4,1450800000",1,1,1,1939.0,5,1,-1,-1,B01,2,0,2,8,13,5,2,,-1.0,,2,2,2,1,1,1,6,1,50,child
202200027069,1,9,2022,0 days 09:00:00,1,34,34145,2,1,1,3,Avenue du General de Gaulle,"43,6801320000","4,1450800000",1,3,2,2009.0,2,0,-1,-1,B01,2,0,2,8,13,5,2,,-1.0,,2,2,2,1,1,1,6,1,50,adult
202200027073,1,9,2022,0 days 09:10:00,1,26,26170,1,2,1,3,Avenue de Provence,"44,8896350000","4,9681650000",1,3,1,1956.0,5,2,-1,-1,B01,3,0,2,7,1,5,3,176,-1.0,,2,1,0,1,1,1,0,1,80,child
202200027073,1,9,2022,0 days 09:10:00,1,26,26170,1,2,1,3,Avenue de Provence,"44,8896350000","4,9681650000",1,1,2,1982.0,2,1,-1,-1,B01,3,0,2,7,1,5,3,176,-1.0,,2,1,0,1,1,1,0,1,80,adult
202200027169,30,8,2022,0 days 17:10:00,1,93,93032,2,2,1,3,Allée des Chênes / Allee de la Dhuys,"48,8945000000","2,5396700000",1,1,2,1957.0,0,8,0,-1,B01,2,0,2,2,1,5,4,CHENES (ALLEE DES),0.0,,1,1,0,1,1,1,0,1,50,child
202200027169,30,8,2022,0 days 17:10:00,1,93,93032,2,2,1,3,Allée des Chênes / Allee de la Dhuys,"48,8945000000","2,5396700000",1,4,1,1995.0,1,2,8,-1,B01,2,0,2,2,1,5,4,CHENES (ALLEE DES),0.0,,1,1,0,1,1,1,0,1,50,adult
202200027203,1,9,2022,0 days 07:20:00,1,74,74213,1,6,1,3,D14,"45,9196950000","6,0835990000",1,3,1,1949.0,5,2,-1,-1,B01,1,0,2,1,19,5,3,14,0.0,,1,1,1,1,3,1,0,1,50,child
202200027203,1,9,2022,0 days 07:20:00,1,74,74213,1,6,1,3,D14,"45,9196950000","6,0835990000",1,1,1,1989.0,1,1,-1,-1,B01,1,0,2,1,19,5,3,14,0.0,,1,1,1,1,3,1,0,1,50,adult
202200027226,19,6,2022,0 days 08:40:00,1,74,74208,1,1,7,2,Route du Plateau d Assy,"45,9266280000","6,6824140000",1,1,1,1954.0,3,1,-1,-1,B01,1,0,0,4,2,5,3,43,0.0,D,2,2,0,2,4,1,0,1,90,child
202200027226,19,6,2022,0 days 08:40:00,1,74,74208,1,1,7,2,Route du Plateau d Assy,"45,9266280000","6,6824140000",1,4,1,1975.0,5,0,-1,-1,B01,1,0,0,4,2,5,3,43,0.0,D,2,2,0,2,4,1,0,1,90,adult
202200027237,16,4,2022,0 days 17:50:00,1,973,97305,1,1,1,5,Route Nationale 1,"4,9127970000"," -52,3719760000",1,3,2,1979.0,5,2,-1,-1,B01,2,0,2,4,1,5,2,1,-1.0,,2,2,0,1,1,1,0,3,70,child
202200027237,16,4,2022,0 days 17:50:00,1,973,97305,1,1,1,5,Route Nationale 1,"4,9127970000"," -52,3719760000",1,3,2,1980.0,5,2,-1,-1,B01,2,0,2,4,1,5,2,1,-1.0,,2,2,0,1,1,1,0,3,70,adult
202200027237,16,4,2022,0 days 17:50:00,1,973,97305,1,1,1,5,Route Nationale 1,"4,9127970000"," -52,3719760000",1,1,1,2001.0,5,8,-1,-1,B01,2,0,2,4,1,5,2,1,-1.0,,2,2,0,1,1,1,0,3,70,adult
202200027241,31,8,2022,0 days 16:25:00,1,01,01159,2,1,1,3,970 Grande Rue,"46,3369270000","4,8907730000",1,3,2,1942.0,5,0,-1,-1,B01,2,0,2,1,25,5,3,933,0.0,,2,2,1,2,1,1,0,4,50,child
202200027241,31,8,2022,0 days 16:25:00,1,01,01159,2,1,1,3,970 Grande Rue,"46,3369270000","4,8907730000",1,1,1,1988.0,5,1,-1,-1,B01,2,0,2,1,25,5,3,933,0.0,,2,2,1,2,1,1,0,4,50,adult
202200027262,1,9,2022,0 days 06:55:00,1,987,98724,2,1,1,1,"RT 111, district de Faie"," -16,7344200000"," -150,9988400000",1,3,2,1966.0,5,0,-1,-1,B01,3,0,2,3,1,5,2,111,-1.0,,2,2,0,2,4,1,0,1,-1,child
202200027262,1,9,2022,0 days 06:55:00,1,987,98724,2,1,1,1,"RT 111, district de Faie"," -16,7344200000"," -150,9988400000",1,3,1,2003.0,5,0,-1,-1,B01,3,0,2,3,1,5,2,111,-1.0,,2,2,0,2,4,1,0,1,-1,adult
202200027284,31,8,2022,0 days 17:00:00,1,71,71026,1,1,1,2,D906,"46,6645800000","4,8664390000",1,1,1,1937.0,5,1,-1,-1,B01,2,0,2,4,1,5,3,906,-1.0,,2,2,0,1,1,1,0,1,90,child
202200027284,31,8,2022,0 days 17:00:00,1,71,71026,1,1,1,2,D906,"46,6645800000","4,8664390000",1,3,1,1978.0,3,2,-1,-1,B01,2,0,2,4,1,5,3,906,-1.0,,2,2,0,1,1,1,0,1,90,adult
202200027350,19,6,2022,0 days 11:00:00,1,34,34145,1,1,1,3,Chemin du Pont des Anes,"43,6641990000","4,1494560000",1,4,1,1959.0,5,2,9,-1,B01,0,0,2,8,1,5,4,61,0.0,,2,2,0,1,1,1,0,1,80,child
202200027350,19,6,2022,0 days 11:00:00,1,34,34145,1,1,1,3,Chemin du Pont des Anes,"43,6641990000","4,1494560000",1,1,2,1989.0,5,1,-1,-1,B01,0,0,2,8,1,5,4,61,0.0,,2,2,0,1,1,1,0,1,80,adult
202200027446,14,4,2022,0 days 16:15:00,1,75,75103,2,2,1,3,RUE DU TEMPLE,"48,8619030000","2,3569340000",1,1,1,1972.0,4,8,0,-1,B01,1,1,0,7,1,5,4,RUE DU TEMPLE,0.0,,1,1,0,1,1,1,0,1,30,child
202200027446,14,4,2022,0 days 16:15:00,1,75,75103,2,2,1,3,RUE DU TEMPLE,"48,8619030000","2,3569340000",1,4,1,2003.0,2,8,0,-1,B01,1,1,0,7,1,5,4,RUE DU TEMPLE,0.0,,1,1,0,1,1,1,0,1,30,adult
202200027484,13,4,2022,0 days 13:15:00,1,92,92025,2,1,2,2,MARECHAL JOFFRE (RUE DU),"48,9215950000","2,2578240000",1,4,2,1953.0,0,8,0,-1,B01,1,0,2,4,13,5,3,13,0.0,,1,1,0,1,1,2,0,1,30,child
202200027484,13,4,2022,0 days 13:15:00,1,92,92025,2,1,2,2,MARECHAL JOFFRE (RUE DU),"48,9215950000","2,2578240000",1,1,1,1978.0,3,1,0,-1,B01,1,0,2,4,13,5,3,13,0.0,,1,1,0,1,1,2,0,1,30,adult
202200027496,10,6,2022,0 days 21:00:00,1,69,69264,2,6,1,3,Rue de la Quarantaine,"45,9888100000","4,7269900000",1,1,1,1984.0,5,1,-1,-1,B01,1,0,2,0,0,0,4,QUARANTAINE  RUE DE LA,0.0,,2,2,0,1,2,1,9,1,30,child
202200027496,10,6,2022,0 days 21:00:00,1,69,69264,2,6,1,3,Rue de la Quarantaine,"45,9888100000","4,7269900000",1,4,1,2014.0,5,8,-1,-1,B01,1,0,2,0,0,0,4,QUARANTAINE  RUE DE LA,0.0,,2,2,0,1,2,1,9,1,30,adult
202200027517,14,4,2022,0 days 17:22:00,1,80,80054,1,1,1,3,D79,"49,9059400000","2,9044680000",1,3,1,1958.0,9,2,-1,-1,B01,3,0,2,0,10,5,3,79,-1.0,D,2,2,0,1,1,1,0,1,80,child
202200027517,14,4,2022,0 days 17:22:00,1,80,80054,1,1,1,3,D79,"49,9059400000","2,9044680000",1,1,1,1994.0,1,1,-1,-1,B01,3,0,2,0,10,5,3,79,-1.0,D,2,2,0,1,1,1,0,1,80,adult
202200027621,25,1,2022,0 days 08:45:00,1,81,81065,2,1,1,2,VILLENEUVE (RUE EMILIE DE),"43,5982166577","2,2424031794",1,4,2,1979.0,4,2,-1,-1,A01,1,0,9,2,1,5,4,VILLENEUVE (RUE EMILIE DE),0.0,,2,2,0,1,1,1,9,1,50,child
202200027621,25,1,2022,0 days 08:45:00,1,81,81065,2,1,1,2,VILLENEUVE (RUE EMILIE DE),"43,5982166577","2,2424031794",1,1,1,2001.0,5,8,-1,-1,A01,1,0,9,2,1,5,4,VILLENEUVE (RUE EMILIE DE),0.0,,2,2,0,1,1,1,9,1,50,adult
202200027626,20,6,2022,0 days 19:48:00,1,92,92007,2,1,1,3,VAILLANT-COUTURIER (AVENU PAUL),"48,7942125700","2,3163688481",1,1,2,1971.0,0,8,0,-1,B01,1,0,2,1,2,5,3,77,0.0,,-1,2,0,2,1,1,0,1,50,child
202200027626,20,6,2022,0 days 19:48:00,1,92,92007,2,1,1,3,VAILLANT-COUTURIER (AVENU PAUL),"48,7942125700","2,3163688481",1,4,1,2003.0,-1,9,0,0,B01,1,0,2,1,2,5,3,77,0.0,,-1,2,0,2,1,1,0,1,50,adult
202200027694,18,1,2022,0 days 12:10:00,1,67,67447,2,3,1,3,ZAGREB (RUE DE),"48,6112300000","7,7057000000",1,4,1,1951.0,0,8,0,-1,A01,1,0,2,1,19,5,7,ZAGREB (RUE DE),0.0,,2,2,1,1,1,1,0,1,50,child
202200027694,18,1,2022,0 days 12:10:00,1,67,67447,2,3,1,3,ZAGREB (RUE DE),"48,6112300000","7,7057000000",1,1,2,1957.0,0,1,8,-1,A01,1,0,2,1,19,5,7,ZAGREB (RUE DE),0.0,,2,2,1,1,1,1,0,1,50,adult
202200027694,18,1,2022,0 days 12:10:00,1,67,67447,2,3,1,3,ZAGREB (RUE DE),"48,6112300000","7,7057000000",2,1,2,1992.0,0,1,8,-1,A01,1,0,2,1,19,5,7,ZAGREB (RUE DE),0.0,,2,2,1,1,1,1,0,1,50,adult
202200027754,24,1,2022,0 days 14:25:00,1,01,01053,2,2,7,3,Boulevard Irene Joliot Curie,"46,2090100000","5,2340800000",1,1,1,1961.0,1,1,8,-1,B01,1,0,2,3,26,5,3,JOLIOT CURIE ( BOULEVARD IRENE COTE PAIR,0.0,,2,4,0,1,1,1,0,1,50,child
202200027754,24,1,2022,0 days 14:25:00,1,01,01053,2,2,7,3,Boulevard Irene Joliot Curie,"46,2090100000","5,2340800000",1,4,2,1984.0,1,8,0,-1,B01,1,0,2,3,26,5,3,JOLIOT CURIE ( BOULEVARD IRENE COTE PAIR,0.0,,2,4,0,1,1,1,0,1,50,adult
202200027773,25,1,2022,0 days 16:40:00,1,64,64445,2,1,7,3,Rue Maréchal Foch,"43,2966479019"," -0,3674358130",1,4,2,1947.0,5,8,0,-1,A01,3,0,2,1,15,5,4,MARECHAL FOCH,0.0,,2,0,0,1,1,1,0,1,30,child
202200027773,25,1,2022,0 days 16:40:00,1,64,64445,2,1,7,3,Rue Maréchal Foch,"43,2966479019"," -0,3674358130",1,1,1,1992.0,5,8,0,-1,A01,3,0,2,1,15,5,4,MARECHAL FOCH,0.0,,2,0,0,1,1,1,0,1,30,adult
202200027792,25,1,2022,0 days 08:20:00,2,37,37208,2,1,8,1,LAC (AVENUE DU),"47,3657776243","0,7164475322",1,3,1,1979.0,1,2,0,-1,B01,2,0,2,1,1,5,4,LAC (AVENUE DU),0.0,,2,5,1,1,1,1,0,5,50,child