Num_Acc,jour,mois,an,hrmn,lum,dep,com,agg,int,atm,col,adr,lat,long,catu,grav,sexe,an_nais,trajet,secu1,secu2,secu3,num_veh_y,senc,obs,obsm,choc,manv,motor,catr,voie,v1,v2,circ,nbv,vosp,prof,plan,surf,infra,situ,vma,age
202200027792,25,1,2022,0 days 08:20:00,2,37,37208,2,1,8,1,LAC (AVENUE DU),"47,3657776243","0,7164475322",1,1,1,1983.0,4,1,0,-1,B01,2,0,2,1,1,5,4,LAC (AVENUE DU),0.0,,2,5,1,1,1,1,0,5,50,adult
202200027792,25,1,2022,0 days 08:20:00,2,37,37208,2,1,8,1,LAC (AVENUE DU),"47,3657776243","0,7164475322",2,1,1,2003.0,4,1,0,-1,B01,2,0,2,1,1,5,4,LAC (AVENUE DU),0.0,,2,5,1,1,1,1,0,5,50,adult
202200027839,9,11,2022,0 days 18:20:00,5,93,93062,2,2,1,3,Boulevard du Nord / Avenue Thiers,"48,9013304465","2,5124031901",1,4,1,1954.0,0,8,0,-1,B01,2,0,2,8,9,5,3,THIERS (AVENUE),0.0,,2,2,0,2,1,1,0,1,50,child
202200027839,9,11,2022,0 days 18:20:00,5,93,93062,2,2,1,3,Boulevard du Nord / Avenue Thiers,"48,9013304465","2,5124031901",1,1,2,1983.0,0,1,0,-1,B01,2,0,2,8,9,5,3,THIERS (AVENUE),0.0,,2,2,0,2,1,1,0,1,50,adult
202200027847,8,11,2022,0 days 21:10:00,5,92,92036,2,1,1,6,VICTOR HUGO (RUE) (1),"48,9212920000","2,2943820000",1,1,1,1979.0,4,2,0,-1,A01,2,0,1,1,1,5,4,,0.0,,1,1,0,1,1,1,0,4,30,child
202200027847,8,11,2022,0 days 21:10:00,5,92,92036,2,1,1,6,VICTOR HUGO (RUE) (1),"48,9212920000","2,2943820000",3,4,2,2017.0,5,0,-1,-1,A01,2,0,1,1,1,5,4,,0.0,,1,1,0,1,1,1,0,4,30,adult
202200027852,9,11,2022,0 days 08:50:00,1,92,92009,2,1,1,6,BOURGUIGNONS ( RUE 33 A FIN ),"48,9135350000","2,2731890000",3,4,2,1962.0,0,0,-1,-1,A01,1,0,1,1,17,5,3,11,0.0,,1,1,0,1,1,1,0,1,50,child
202200027852,9,11,2022,0 days 08:50:00,1,92,92009,2,1,1,6,BOURGUIGNONS ( RUE 33 A FIN ),"48,9135350000","2,2731890000",1,1,1,1995.0,0,8,0,-1,A01,1,0,1,1,17,5,3,11,0.0,,1,1,0,1,1,1,0,1,50,adult
202200027857,6,11,2022,0 days 18:25:00,5,41,41150,2,1,1,3,727 Route des Grotteaux,"47,5676090000","1,4453780000",1,1,1,1965.0,9,1,-1,-1,B01,1,0,2,3,15,5,4,C5,0.0,C,2,2,0,4,1,1,0,1,50,child
202200027857,6,11,2022,0 days 18:25:00,5,41,41150,2,1,1,3,727 Route des Grotteaux,"47,5676090000","1,4453780000",1,4,2,2005.0,5,0,-1,-1,B01,1,0,2,3,15,5,4,C5,0.0,C,2,2,0,4,1,1,0,1,50,adult
202200027928,28,9,2022,0 days 14:50:00,1,59,59009,2,9,1,3,JAURES JEAN RUE    N°76 AU 128,"50,6543230713","3,1309881806",1,1,1,1963.0,1,8,0,-1,B01,1,0,2,1,26,5,7,JAURES JEAN RUE    N°76 AU 128,0.0,,1,6,2,1,1,1,0,1,50,child
202200027928,28,9,2022,0 days 14:50:00,1,59,59009,2,9,1,3,JAURES JEAN RUE    N°76 AU 128,"50,6543230713","3,1309881806",1,4,1,1991.0,1,0,0,-1,B01,1,0,2,1,26,5,7,JAURES JEAN RUE    N°76 AU 128,0.0,,1,6,2,1,1,1,0,1,50,adult
202200028013,29,9,2022,0 days 13:40:00,1,17,17415,1,1,1,4,PORT D'ENVAUX RUE DE,"45,7664100000"," -0,6439000000",1,4,1,1948.0,5,2,0,-1,B01,3,0,2,0,0,5,4,PORT D'ENVAUX RUE DE,0.0,,2,2,0,2,1,1,0,1,70,child
202200028013,29,9,2022,0 days 13:40:00,1,17,17415,1,1,1,4,PORT D'ENVAUX RUE DE,"45,7664100000"," -0,6439000000",1,2,1,1949.0,5,2,0,-1,B01,3,0,2,0,0,5,4,PORT D'ENVAUX RUE DE,0.0,,2,2,0,2,1,1,0,1,70,adult
202200028013,29,9,2022,0 days 13:40:00,1,17,17415,1,1,1,4,PORT D'ENVAUX RUE DE,"45,7664100000"," -0,6439000000",1,4,1,1952.0,5,2,0,-1,B01,3,0,2,0,0,5,4,PORT D'ENVAUX RUE DE,0.0,,2,2,0,2,1,1,0,1,70,adult
202200028013,29,9,2022,0 days 13:40:00,1,17,17415,1,1,1,4,PORT D'ENVAUX RUE DE,"45,7664100000"," -0,6439000000",1,4,1,1959.0,5,2,0,-1,B01,3,0,2,0,0,5,4,PORT D'ENVAUX RUE DE,0.0,,2,2,0,2,1,1,0,1,70,adult
202200028013,29,9,2022,0 days 13:40:00,1,17,17415,1,1,1,4,PORT D'ENVAUX RUE DE,"45,7664100000"," -0,6439000000",1,1,1,2004.0,5,1,0,-1,B01,3,0,2,0,0,5,4,PORT D'ENVAUX RUE DE,0.0,,2,2,0,2,1,1,0,1,70,adult
202200028054,8,11,2022,0 days 17:10:00,2,64,64335,2,1,2,1,Rue Lacaussade,"43,3329977069"," -0,4303336143",1,4,1,1967.0,0,8,0,-1,B01,2,0,9,1,1,5,4,LACAUSSADE,0.0,,1,1,2,1,2,2,0,5,30,child
202200028054,8,11,2022,0 days 17:10:00,2,64,64335,2,1,2,1,Rue Lacaussade,"43,3329977069"," -0,4303336143",1,4,1,2001.0,0,2,0,-1,B01,2,0,9,1,1,5,4,LACAUSSADE,0.0,,1,1,2,1,2,2,0,5,30,adult
202200028072,15,10,2022,0 days 11:46:00,1,42,42218,2,1,1,3,Rue Georges Teissier,"45,4368100000","4,3834200000",1,4,1,1965.0,5,8,0,-1,B01,3,0,2,1,19,5,4,TEISSIER GEORGES,0.0,,1,1,0,1,1,1,0,1,50,child
202200028072,15,10,2022,0 days 11:46:00,1,42,42218,2,1,1,3,Rue Georges Teissier,"45,4368100000","4,3834200000",1,1,1,1997.0,5,1,8,-1,B01,3,0,2,1,19,5,4,TEISSIER GEORGES,0.0,,1,1,0,1,1,1,0,1,50,adult
202200028078,20,5,2022,0 days 19:15:00,1,69,69383,2,2,1,3,Rue du Capitaine,"45,7505700000","4,8853400000",1,1,2,1984.0,0,1,-1,-1,B01,1,0,2,1,1,5,4,CAPITAINE (DU)                      (R ),0.0,,1,1,0,1,1,1,0,1,30,child
202200028078,20,5,2022,0 days 19:15:00,1,69,69383,2,2,1,3,Rue du Capitaine,"45,7505700000","4,8853400000",1,4,1,1990.0,0,8,-1,-1,B01,1,0,2,1,1,5,4,CAPITAINE (DU)                      (R ),0.0,,1,1,0,1,1,1,0,1,30,adult
202200028078,20,5,2022,0 days 19:15:00,1,69,69383,2,2,1,3,Rue du Capitaine,"45,7505700000","4,8853400000",2,4,1,2019.0,0,2,3,-1,B01,1,0,2,1,1,5,4,CAPITAINE (DU)                      (R ),0.0,,1,1,0,1,1,1,0,1,30,adult
202200028088,8,11,2022,0 days 22:29:00,5,31,31555,2,2,1,3,AV DE LARDENNE,"43,5920980000","1,3995580000",1,3,1,1963.0,0,8,0,-1,B01,2,0,2,1,1,5,7,AV DE LARDENNE,0.0,,2,2,2,1,1,1,0,1,50,child
202200028088,8,11,2022,0 days 22:29:00,5,31,31555,2,2,1,3,AV DE LARDENNE,"43,5920980000","1,3995580000",1,1,2,1989.0,0,1,0,-1,B01,2,0,2,1,1,5,7,AV DE LARDENNE,0.0,,2,2,2,1,1,1,0,1,50,adult
202200028089,29,6,2022,0 days 12:00:00,1,83,83144,2,1,1,3,DUCHATEL (AVE FRANCOIS),"43,1422870000","5,9883670000",1,1,2,1952.0,5,1,-1,-1,A01,3,0,2,1,1,5,4,DUCHATEL (AVE FRANCOIS),0.0,,2,1,0,1,1,1,0,1,30,child
202200028089,29,6,2022,0 days 12:00:00,1,83,83144,2,1,1,3,DUCHATEL (AVE FRANCOIS),"43,1422870000","5,9883670000",1,4,1,2005.0,5,8,0,-1,A01,3,0,2,1,1,5,4,DUCHATEL (AVE FRANCOIS),0.0,,2,1,0,1,1,1,0,1,30,adult
202200028100,8,11,2022,0 days 18:12:00,5,15,15014,2,1,1,3,POMPIDOU (AVENUE GEORGES),"44,9115000000","2,4490000000",1,1,1,1979.0,1,1,0,-1,B01,2,0,2,7,19,5,2,POMPIDOU (AVENUE GEORGES),0.0,,2,2,0,1,1,1,0,1,50,child
202200028100,8,11,2022,0 days 18:12:00,5,15,15014,2,1,1,3,POMPIDOU (AVENUE GEORGES),"44,9115000000","2,4490000000",1,4,2,2004.0,2,2,0,-1,B01,2,0,2,7,19,5,2,POMPIDOU (AVENUE GEORGES),0.0,,2,2,0,1,1,1,0,1,50,adult
202200028110,7,11,2022,0 days 16:30:00,1,07,07102,2,9,1,3,PROVENCE (AVENUE DE),"44,9236597130","4,8688530922",1,4,2,1942.0,5,2,8,-1,A01,2,0,2,1,1,5,4,PROVENCE (AVENUE DE),0.0,,2,2,0,1,1,1,0,1,30,child
202200028110,7,11,2022,0 days 16:30:00,1,07,07102,2,9,1,3,PROVENCE (AVENUE DE),"44,9236597130","4,8688530922",1,1,1,2000.0,5,2,6,-1,A01,2,0,2,1,1,5,4,PROVENCE (AVENUE DE),0.0,,2,2,0,1,1,1,0,1,30,adult
202200028127,19,5,2022,0 days 15:10:00,1,88,88160,2,3,1,1,CLEMENCEAU (PL. ET PT.),"48,1789600000","6,4463000000",1,3,1,1953.0,5,8,0,-1,B01,3,0,2,7,1,5,4,CLEMENCEAU (PL. ET PT.),0.0,,2,3,0,1,1,1,0,1,50,child
202200028127,19,5,2022,0 days 15:10:00,1,88,88160,2,3,1,1,CLEMENCEAU (PL. ET PT.),"48,1789600000","6,4463000000",1,1,2,1995.0,5,1,0,-1,B01,3,0,2,7,1,5,4,CLEMENCEAU (PL. ET PT.),0.0,,2,3,0,1,1,1,0,1,50,adult
202200028134,6,7,2022,0 days 10:50:00,1,22,22187,2,1,1,7,LEQUIER (Rue Jules),"48,5417560000"," -2,7771280000",1,1,2,1964.0,0,1,0,-1,B01,1,0,2,0,21,5,4,LEQUIER (Rue Jules),0.0,,-1,2,0,1,1,1,0,1,50,child
202200028134,6,7,2022,0 days 10:50:00,1,22,22187,2,1,1,7,LEQUIER (Rue Jules),"48,5417560000"," -2,7771280000",1,4,1,1997.0,5,2,0,-1,B01,1,0,2,0,21,5,4,LEQUIER (Rue Jules),0.0,,-1,2,0,1,1,1,0,1,50,adult
202200028274,4,10,2022,0 days 14:50:00,1,85,85302,2,1,1,7,21 Rue de la motte,"46,9535030000"," -1,0075240000",1,3,1,1943.0,5,2,4,-1,A01,1,0,0,0,1,5,4,,0.0,,2,2,0,2,2,1,0,1,50,child
202200028274,4,10,2022,0 days 14:50:00,1,85,85302,2,1,1,7,21 Rue de la motte,"46,9535030000"," -1,0075240000",1,1,1,1970.0,4,1,-1,-1,A01,1,0,0,0,1,5,4,,0.0,,2,2,0,2,2,1,0,1,50,adult
202200028308,20,5,2022,0 days 15:00:00,1,75,75111,2,2,1,3,BOULEVARD VOLTAIRE,"48,8660340000","2,3663790000",2,1,2,1955.0,5,1,0,-1,B01,2,0,2,1,1,5,4,BOULEVARD VOLTAIRE,0.0,,2,4,1,1,1,1,-1,5,30,child
202200028308,20,5,2022,0 days 15:00:00,1,75,75111,2,2,1,3,BOULEVARD VOLTAIRE,"48,8660340000","2,3663790000",1,1,1,1957.0,4,1,0,-1,B01,2,0,2,1,1,5,4,BOULEVARD VOLTAIRE,0.0,,2,4,1,1,1,1,-1,5,30,adult
202200028308,20,5,2022,0 days 15:00:00,1,75,75111,2,2,1,3,BOULEVARD VOLTAIRE,"48,8660340000","2,3663790000",1,4,2,1988.0,9,2,0,-1,B01,2,0,2,1,1,5,4,BOULEVARD VOLTAIRE,0.0,,2,4,1,1,1,1,-1,5,30,adult
202200028321,4,10,2022,0 days 19:19:00,1,32,32181,1,1,7,3,N21,"43,4235800000","0,2768680000",1,4,1,1950.0,5,2,4,-1,B01,1,0,0,6,1,5,2,21,0.0,,2,2,0,3,1,1,0,1,80,child
202200028321,4,10,2022,0 days 19:19:00,1,32,32181,1,1,7,3,N21,"43,4235800000","0,2768680000",1,1,1,1975.0,1,1,-1,-1,B01,1,0,0,6,1,5,2,21,0.0,,2,2,0,3,1,1,0,1,80,adult
202200028380,13,12,2022,0 days 08:30:00,1,75,75110,2,3,1,6,BOULEVARD DE BONNE NOUVELLE,"48,8702000000","2,3505160000",1,4,2,1963.0,9,2,0,-1,B01,1,0,2,3,1,5,4,BOULEVARD DE BONNE NOUVELLE,0.0,,2,3,1,1,1,7,0,1,30,child
202200028380,13,12,2022,0 days 08:30:00,1,75,75110,2,3,1,6,BOULEVARD DE BONNE NOUVELLE,"48,8702000000","2,3505160000",1,1,1,1998.0,4,1,0,-1,B01,1,0,2,3,1,5,4,BOULEVARD DE BONNE NOUVELLE,0.0,,2,3,1,1,1,7,0,1,30,adult
202200028412,9,12,2022,0 days 17:30:00,1,972,97212,1,1,1,1,D1,"14,7235790000"," -61,0422660000",1,1,1,1974.0,2,1,-1,-1,B01,1,0,2,1,1,5,3,1,0.0,,2,2,0,2,2,1,0,1,80,child
202200028412,9,12,2022,0 days 17:30:00,1,972,97212,1,1,1,1,D1,"14,7235790000"," -61,0422660000",1,3,1,1993.0,5,2,-1,-1,B01,1,0,2,1,1,5,3,1,0.0,,2,2,0,2,2,1,0,1,80,adult
202200028412,9,12,2022,0 days 17:30:00,1,972,97212,1,1,1,1,D1,"14,7235790000"," -61,0422660000",2,1,1,2004.0,2,1,-1,-1,B01,1,0,2,1,1,5,3,1,0.0,,2,2,0,2,2,1,0,1,80,adult
202200028486,14,12,2022,0 days 07:50:00,2,58,58160,2,1,2,3,1 Route de Busserolles,"46,9807720000","3,0936060000",1,1,2,1972.0,1,1,-1,-1,A01,2,0,2,1,19,5,3,131,0.0,D,2,2,0,1,1,2,0,1,30,child
202200028486,14,12,2022,0 days 07:50:00,2,58,58160,2,1,2,3,1 Route de Busserolles,"46,9807720000","3,0936060000",1,4,1,2007.0,1,2,-1,-1,A01,2,0,2,1,19,5,3,131,0.0,D,2,2,0,1,1,2,0,1,30,adult
202200028496,13,12,2022,0 days 19:00:00,3,85,85113,2,6,2,4,1 Rue calypso,"46,7242750000"," -2,3478610000",1,1,2,1971.0,1,8,-1,-1,C01,1,0,2,7,1,5,3,,-1.0,,2,2,0,2,1,2,0,1,30,child
202200028496,13,12,2022,0 days 19:00:00,3,85,85113,2,6,2,4,1 Rue calypso,"46,7242750000"," -2,3478610000",1,4,1,2003.0,5,0,-1,-1,C01,1,0,2,7,1,5,3,,-1.0,,2,2,0,2,1,2,0,1,30,adult
202200028496,13,12,2022,0 days 19:00:00,3,85,85113,2,6,2,4,1 Rue calypso,"46,7242750000"," -2,3478610000",1,4,2,2006.0,1,0,-1,-1,C01,1,0,2,7,1,5,3,,-1.0,,2,2,0,2,1,2,0,1,30,adult
202200028508,21,7,2022,0 days 18:00:00,1,94,94069,2,1,1,5,47 Rue du Maréchal Leclerc,"48,8179240000","2,4257550000",1,1,1,1964.0,0,1,0,-1,C01,1,0,2,4,25,5,3,MARECHAL LECLERC (R DU),0.0,,2,2,0,1,1,1,0,1,50,child
202200028508,21,7,2022,0 days 18:00:00,1,94,94069,2,1,1,5,47 Rue du Maréchal Leclerc,"48,8179240000","2,4257550000",2,1,2,1965.0,0,1,0,-1,C01,1,0,2,4,25,5,3,MARECHAL LECLERC (R DU),0.0,,2,2,0,1,1,1,0,1,50,adult
202200028508,21,7,2022,0 days 18:00:00,1,94,94069,2,1,1,5,47 Rue du Maréchal Leclerc,"48,8179240000","2,4257550000",1,4,1,1977.0,0,2,6,-1,C01,1,0,2,4,25,5,3,MARECHAL LECLERC (R DU),0.0,,2,2,0,1,1,1,0,1,50,adult
202200028508,21,7,2022,0 days 18:00:00,1,94,94069,2,1,1,5,47 Rue du Maréchal Leclerc,"48,8179240000","2,4257550000",1,1,1,2012.0,0,2,0,-1,C01,1,0,2,4,25,5,3,MARECHAL LECLERC (R DU),0.0,,2,2,0,1,1,1,0,1,50,adult
202200028562,28,5,2022,0 days 15:05:00,1,91,91521,2,1,1,6,SQ DENIS DIDEROT,"48,6390700000","2,4152800000",1,1,1,1974.0,9,1,8,-1,B01,2,0,0,0,0,5,4,SQ DENIS DIDEROT,0.0,,2,2,0,1,1,1,0,1,30,child
202200028562,28,5,2022,0 days 15:05:00,1,91,91521,2,1,1,6,SQ DENIS DIDEROT,"48,6390700000","2,4152800000",1,4,1,2012.0,9,2,8,-1,B01,2,0,0,0,0,5,4,SQ DENIS DIDEROT,0.0,,2,2,0,1,1,1,0,1,30,adult
202200028592,20,7,2022,0 days 07:50:00,2,84,84050,1,1,1,2,Route de Saint Pantaleon - D148,"43,8810670000","5,2019830000",1,3,1,1960.0,4,0,-1,-1,B01,1,0,2,4,1,5,3,148,-1.0,,2,2,0,1,2,1,0,1,80,child
202200028592,20,7,2022,0 days 07:50:00,2,84,84050,1,1,1,2,Route de Saint Pantaleon - D148,"43,8810670000","5,2019830000",1,1,1,1983.0,4,1,-1,-1,B01,1,0,2,4,1,5,3,148,-1.0,,2,2,0,1,2,1,0,1,80,adult
202200028634,11,12,2022,0 days 17:35:00,5,54,54184,2,1,1,2,FOCH (AVENUE),"48,7051100000","6,2223600000",1,1,1,1942.0,0,1,0,-1,A01,1,0,2,1,1,5,4,FOCH (AVENUE),0.0,,2,2,0,1,1,2,0,1,30,child
202200028634,11,12,2022,0 days 17:35:00,5,54,54184,2,1,1,2,FOCH (AVENUE),"48,7051100000","6,2223600000",1,4,1,1975.0,0,2,0,-1,A01,1,0,2,1,1,5,4,FOCH (AVENUE),0.0,,2,2,0,1,1,2,0,1,30,adult
202200028637,22,7,2022,0 days 11:15:00,1,55,55544,2,3,1,1,D118,"49,5065000000","5,4566060000",1,4,1,1966.0,5,2,9,-1,B01,2,0,2,1,1,5,3,118,0.0,D,2,2,0,1,1,1,0,1,50,child
202200028637,22,7,2022,0 days 11:15:00,1,55,55544,2,3,1,1,D118,"49,5065000000","5,4566060000",1,1,1,1990.0,5,1,-1,-1,B01,2,0,2,1,1,5,3,118,0.0,D,2,2,0,1,1,1,0,1,50,adult
202200028670,12,8,2022,0 days 16:20:00,1,22,22278,2,1,1,1,71° RI (DU),"48,5111700000"," -2,7622300000",1,1,2,1965.0,0,1,0,-1,B01,3,0,2,1,1,5,4,71° RI (DU),0.0,,2,2,0,1,1,1,0,1,30,child
202200028670,12,8,2022,0 days 16:20:00,1,22,22278,2,1,1,1,71° RI (DU),"48,5111700000"," -2,7622300000",1,4,1,1992.0,0,2,0,-1,B01,3,0,2,1,1,5,4,71° RI (DU),0.0,,2,2,0,1,1,1,0,1,30,adult
202200028697,11,12,2022,0 days 19:30:00,5,75,75105,2,1,1,3,QUAI DE LA TOURNELLE,"48,8502140000","2,3541980000",1,4,1,1974.0,5,8,0,-1,A01,1,0,2,1,13,5,4,QUAI DE LA TOURNELLE,0.0,,1,3,1,1,1,1,0,5,30,child
202200028697,11,12,2022,0 days 19:30:00,5,75,75105,2,1,1,3,QUAI DE LA TOURNELLE,"48,8502140000","2,3541980000",1,1,1,2001.0,9,1,8,-1,A01,1,0,2,1,13,5,4,QUAI DE LA TOURNELLE,0.0,,1,3,1,1,1,1,0,5,30,adult
202200028711,12,12,2022,0 days 12:00:00,1,75,75112,2,2,1,3,COURS DE VINCENNES,"48,8469090000","2,4113640000",1,4,1,1979.0,1,2,0,-1,B01,3,0,2,3,1,5,4,COURS DE VINCENNES,0.0,,2,4,0,1,1,1,5,1,30,child
202200028711,12,12,2022,0 days 12:00:00,1,75,75112,2,2,1,3,COURS DE VINCENNES,"48,8469090000","2,4113640000",1,1,1,2002.0,1,1,0,-1,B01,3,0,2,3,1,5,4,COURS DE VINCENNES,0.0,,2,4,0,1,1,1,5,1,30,adult
202200028768,4,3,2022,0 days 12:45:00,1,75,75112,2,2,1,3,AVENUE DE PARIS   VINCENNES,"48,8467050000","2,4158740000",1,4,1,1974.0,9,8,8,-1,B01,2,0,2,3,1,5,4,AVENUE DE PARIS   VINCENNES,0.0,,2,3,1,1,1,1,0,5,30,child
202200028768,4,3,2022,0 days 12:45:00,1,75,75112,2,2,1,3,AVENUE DE PARIS   VINCENNES,"48,8467050000","2,4158740000",1,1,1,1999.0,9,1,8,-1,B01,2,0,2,3,1,5,4,AVENUE DE PARIS   VINCENNES,0.0,,2,3,1,1,1,1,0,5,30,adult
202200028776,5,3,2022,0 days 17:00:00,1,75,75110,2,2,1,3,BOULEVARD DE MAGENTA,"48,8748052920","2,3573854566",1,1,1,1977.0,9,2,0,-1,B01,2,0,2,3,15,5,4,BOULEVARD DE MAGENTA,0.0,,2,4,0,1,1,1,0,1,30,child
202200028776,5,3,2022,0 days 17:00:00,1,75,75110,2,2,1,3,BOULEVARD DE MAGENTA,"48,8748052920","2,3573854566",1,4,2,1999.0,9,2,0,-1,B01,2,0,2,3,15,5,4,BOULEVARD DE MAGENTA,0.0,,2,4,0,1,1,1,0,1,30,adult
202200028834,6,3,2022,0 days 11:30:00,1,74,74250,2,2,1,1,Route des 4 Marronniers,"46,0634050000","6,3549580000",1,2,1,1946.0,3,0,-1,-1,B01,2,0,2,7,1,5,3,6,0.0,D,2,2,0,1,1,1,0,1,30,child
202200028834,6,3,2022,0 days 11:30:00,1,74,74250,2,2,1,1,Route des 4 Marronniers,"46,0634050000","6,3549580000",1,1,1,1970.0,4,1,-1,-1,B01,2,0,2,7,1,5,3,6,0.0,D,2,2,0,1,1,1,0,1,30,adult
202200028834,6,3,2022,0 days 11:30:00,1,74,74250,2,2,1,1,Route des 4 Marronniers,"46,0634050000","6,3549580000",2,1,1,1989.0,4,0,-1,-1,B01,2,0,2,7,1,5,3,6,0.0,D,2,2,0,1,1,1,0,1,30,adult
202200028834,6,3,2022,0 days 11:30:00,1,74,74250,2,2,1,1,Route des 4 Marronniers,"46,0634050000","6,3549580000",2,1,1,1995.0,4,0,-1,-1,B01,2,0,2,7,1,5,3,6,0.0,D,2,2,0,1,1,1,0,1,30,adult
202200028834,6,3,2022,0 days 11:30:00,1,74,74250,2,2,1,1,Route des 4 Marronniers,"46,0634050000","6,3549580000",2,1,1,2000.0,4,0,-1,-1,B01,2,0,2,7,1,5,3,6,0.0,D,2,2,0,1,1,1,0,1,30,adult
202200028892,2,3,2022,0 days 06:55:00,5,51,51230,2,1,1,3,Rue Pierre Semard,"49,0454540573","3,9592288435",1,1,1,1971.0,1,1,-1,-1,B01,2,0,2,0,0,5,3,CLEVEDON (SQUARE),0.0,,1, -1,0,1,2,1,0,1,50,child
202200028892,2,3,2022,0 days 06:55:00,5,51,51230,2,1,1,3,Rue Pierre Semard,"49,0454540573","3,9592288435",1,4,1,2005.0,2,8,-1,-1,B01,2,0,2,0,0,5,3,CLEVEDON (SQUARE),0.0,,1, -1,0,1,2,1,0,1,50,adult
202200028902,4,3,2022,0 days 15:00:00,1,35,35238,2,6,1,3,Avenue du Canada,"48,0848300000"," -1,6825000000",1,1,1,1955.0,5,1,-1,-1,B01,3,0,2,8,2,5,4,CANADA (AVENUE DU),0.0,,2,2,2,1,1,1,5,1,50,child
202200028902,4,3,2022,0 days 15:00:00,1,35,35238,2,6,1,3,Avenue du Canada,"48,0848300000"," -1,6825000000",1,4,2,2010.0,0,-1,0,-1,B01,3,0,2,8,2,5,4,CANADA (AVENUE DU),0.0,,2,2,2,1,1,1,5,1,50,adult
202200028964,29,8,2022,0 days 17:20:00,1,67,67482,2,3,1,3,PAUL ELUARD (RUE),"48,5887200000","7,6972300000",1,1,1,1946.0,0,1,8,-1,B01,2,0,2,2,19,5,4,PAUL ELUARD (RUE),0.0,,1,2,0,1,1,1,0,1,50,child
202200028964,29,8,2022,0 days 17:20:00,1,67,67482,2,3,1,3,PAUL ELUARD (RUE),"48,5887200000","7,6972300000",1,4,1,2005.0,0,8,0,-1,B01,2,0,2,2,19,5,4,PAUL ELUARD (RUE),0.0,,1,2,0,1,1,1,0,1,50,adult
202200028979,30,8,2022,0 days 19:03:00,1,45,45169,2,1,1,3,184 Route Nationale,"47,9295179042","1,8382476568",1,1,2,1990.0,5,1,0,-1,B01,3,0,2,1,19,5,4,,0.0,,2,2,0,1,1,1,0,1,50,child
202200028979,30,8,2022,0 days 19:03:00,1,45,45169,2,1,1,3,184 Route Nationale,"47,9295179042","1,8382476568",1,4,1,2014.0,5,8,0,-1,B01,3,0,2,1,19,5,4,,0.0,,2,2,0,1,1,1,0,1,50,adult
202200029011,30,8,2022,0 days 16:40:00,1,08,08105,2,9,1,2,Route de Prix,"49,7554124972","4,7085396051",1,3,1,1961.0,5,2,8,-1,A01,0,0,2,1,26,5,3,PRIX,0.0,,2,0,0,1,1,1,8,1,50,child
202200029011,30,8,2022,0 days 16:40:00,1,08,08105,2,9,1,2,Route de Prix,"49,7554124972","4,7085396051",1,1,2,1990.0,1,1,8,-1,A01,0,0,2,1,26,5,3,PRIX,0.0,,2,0,0,1,1,1,8,1,50,adult
202200029033,30,8,2022,0 days 10:00:00,1,94,94041,2,9,1,3,Rue Ernest Renan,"48,8080000000","2,3995400000",1,1,1,1977.0,4,1,0,-1,B01,1,0,2,1,1,5,4,ERNEST RENAN (R),0.0,,2,2,0,1,1,1,0,1,50,child
202200029033,30,8,2022,0 days 10:00:00,1,94,94041,2,9,1,3,Rue Ernest Renan,"48,8080000000","2,3995400000",1,4,1,2001.0,0,8,0,-1,B01,1,0,2,1,1,5,4,ERNEST RENAN (R),0.0,,2,2,0,1,1,1,0,1,50,adult
202200029037,30,8,2022,0 days 18:45:00,1,93,93070,2,1,1,3,Avenue Gabriel Péri,"48,9091865883","2,3328861983",1,1,1,1971.0,5,8,0,-1,B01,2,0,2,7,0,5,3,GABRIEL-PERI (AV),0.0,,2,3,2,1,1,1,0,5,50,child
202200029037,30,8,2022,0 days 18:45:00,1,93,93070,2,1,1,3,Avenue Gabriel Péri,"48,9091865883","2,3328861983",1,4,2,1983.0,0,1,0,-1,B01,2,0,2,7,0,5,3,GABRIEL-PERI (AV),0.0,,2,3,2,1,1,1,0,5,50,adult
202200029037,30,8,2022,0 days 18:45:00,1,93,93070,2,1,1,3,Avenue Gabriel Péri,"48,9091865883","2,3328861983",2,4,1,2017.0,0,2,0,-1,B01,2,0,2,7,0,5,3,GABRIEL-PERI (AV),0.0,,2,3,2,1,1,1,0,5,50,adult
202200029040,29,8,2022,0 days 15:15:00,1,93,93051,2,4,1,2,Rue Pierre Brossolette / Route de Neuilly,"48,8471700000","2,5415800000",1,4,1,1952.0,5,2,0,-1,B01,1,0,0,4,1,5,3,PIERRE BROSSOLETTE,0.0,,1,2,0,2,1,1,0,1,50,child
202200029040,29,8,2022,0 days 15:15:00,1,93,93051,2,4,1,2,Rue Pierre Brossolette / Route de Neuilly,"48,8471700000","2,5415800000",1,1,2,1978.0,9,1,0,-1,B01,1,0,0,4,1,5,3,PIERRE BROSSOLETTE,0.0,,1,2,0,2,1,1,0,1,50,adult
202200029054,30,8,2022,0 days 14:15:00,1,38,38336,1,9,1,3,D4,"45,4777296593","4,8004945605",1,4,1,1959.0,5,2,-1,-1,B01,1,0,0,2,1,5,3,4,0.0,,2,2,0,1,1,1,0,1,80,child