Num_Acc,jour,mois,an,hrmn,lum,dep,com,agg,int,atm,col,adr,lat,long,catu,grav,sexe,an_nais,trajet,secu1,secu2,secu3,num_veh_y,senc,obs,obsm,choc,manv,motor,catr,voie,v1,v2,circ,nbv,vosp,prof,plan,surf,infra,situ,vma,age
202200030400,12,12,2022,0 days 14:50:00,1,92,92019,2,2,1,3,MONNET JEAN (AVENUE DU),"48,7708600000","2,2850800000",1,1,2,1956.0,5,1,0,-1,B01,3,0,2,0,0,5,4,,0.0,,2,2,0,1,1,1,0,1,30,child
202200030400,12,12,2022,0 days 14:50:00,1,92,92019,2,2,1,3,MONNET JEAN (AVENUE DU),"48,7708600000","2,2850800000",2,1,1,1958.0,5,1,0,-1,B01,3,0,2,0,0,5,4,,0.0,,2,2,0,1,1,1,0,1,30,adult
202200030400,12,12,2022,0 days 14:50:00,1,92,92019,2,2,1,3,MONNET JEAN (AVENUE DU),"48,7708600000","2,2850800000",3,4,1,1967.0,5,0,-1,-1,B01,3,0,2,0,0,5,4,,0.0,,2,2,0,1,1,1,0,1,30,adult
202200030400,12,12,2022,0 days 14:50:00,1,92,92019,2,2,1,3,MONNET JEAN (AVENUE DU),"48,7708600000","2,2850800000",3,1,1,1983.0,5,0,-1,-1,B01,3,0,2,0,0,5,4,,0.0,,2,2,0,1,1,1,0,1,30,adult
202200030400,12,12,2022,0 days 14:50:00,1,92,92019,2,2,1,3,MONNET JEAN (AVENUE DU),"48,7708600000","2,2850800000",1,1,1,1991.0,1,8,0,-1,B01,3,0,2,0,0,5,4,,0.0,,2,2,0,1,1,1,0,1,30,adult
202200030410,21,7,2022,0 days 09:20:00,1,83,83016,1,1,1,3,,"43,1897520000","5,8144930000",1,1,1,1984.0,4,1,-1,-1,B01,1,0,2,8,18,5,3,n8,0.0,D,2,2,0,1,1,1,0,2,-1,child
202200030410,21,7,2022,0 days 09:20:00,1,83,83016,1,1,1,3,,"43,1897520000","5,8144930000",1,3,1,2005.0,5,2,-1,-1,B01,1,0,2,8,18,5,3,n8,0.0,D,2,2,0,1,1,1,0,2,-1,adult
202200030494,15,7,2022,0 days 13:13:00,1,87,87085,2,3,1,3,BEL AIR (BOULEVARD DE),"45,8201400000","1,2514300000",1,1,2,1964.0,5,1,0,-1,B01,2,0,2,1,1,5,4,SAINT SAENS CAMILLE (RUE),0.0,,2,2,0,1,1,1,0,1,30,child
202200030494,15,7,2022,0 days 13:13:00,1,87,87085,2,3,1,3,BEL AIR (BOULEVARD DE),"45,8201400000","1,2514300000",1,4,1,1997.0,5,2,0,-1,B01,2,0,2,1,1,5,4,SAINT SAENS CAMILLE (RUE),0.0,,2,2,0,1,1,1,0,1,30,adult
202200030519,18,7,2022,0 days 21:15:00,1,67,67267,2,1,1,3,MOZART (RUE),"48,5568100000","7,6858900000",1,1,1,1960.0,0,1,8,-1,B01,2,0,2,8,19,5,4,MOZART (RUE),0.0,,2,2,0,1,1,1,9,1,50,child
202200030519,18,7,2022,0 days 21:15:00,1,67,67267,2,1,1,3,MOZART (RUE),"48,5568100000","7,6858900000",1,4,1,2013.0,5,8,0,-1,B01,2,0,2,8,19,5,4,MOZART (RUE),0.0,,2,2,0,1,1,1,9,1,50,adult
202200030522,10,12,2022,0 days 16:20:00,1,33,33063,2,1,1,3,Boulevard Maréchal Leclerc,"44,8304354957"," -0,5968183279",1,4,1,1975.0,5,2,6,-1,B01,3,0,2,7,19,5,4,BD MARECHAL LECLERC,0.0,,3,4,3,1,1,1,0,1,50,child
202200030522,10,12,2022,0 days 16:20:00,1,33,33063,2,1,1,3,Boulevard Maréchal Leclerc,"44,8304354957"," -0,5968183279",1,4,2,2000.0,5,0,-1,-1,B01,3,0,2,7,19,5,4,BD MARECHAL LECLERC,0.0,,3,4,3,1,1,1,0,1,50,adult
202200030528,16,7,2022,0 days 14:35:00,1,67,67482,2,3,1,3,ENGELBREIT (RUE DE L ),"48,5817700000","7,7073500000",1,4,2,1985.0,0,8,8,-1,B01,2,0,2,2,15,5,4,ENGELBREIT (RUE DE L ),0.0,,2,3,0,1,1,1,0,1,50,child
202200030528,16,7,2022,0 days 14:35:00,1,67,67482,2,3,1,3,ENGELBREIT (RUE DE L ),"48,5817700000","7,7073500000",1,1,2,1989.0,0,1,8,-1,B01,2,0,2,2,15,5,4,ENGELBREIT (RUE DE L ),0.0,,2,3,0,1,1,1,0,1,50,adult
202200030528,16,7,2022,0 days 14:35:00,1,67,67482,2,3,1,3,ENGELBREIT (RUE DE L ),"48,5817700000","7,7073500000",2,1,2,2019.0,0,8,8,-1,B01,2,0,2,2,15,5,4,ENGELBREIT (RUE DE L ),0.0,,2,3,0,1,1,1,0,1,50,adult
202200030557,10,12,2022,0 days 15:35:00,1,973,97302,2,1,1,1,RABAN (ROUTE DE),"4,9333355265"," -52,3131796718",1,1,1,1972.0,0,8,0,-1,Y01,1,0,2,1,1,5,4,RABAN (ROUTE DE),0.0,,2,2,0,2,1,1,0,1,50,child
202200030557,10,12,2022,0 days 15:35:00,1,973,97302,2,1,1,1,RABAN (ROUTE DE),"4,9333355265"," -52,3131796718",1,4,1,2005.0,5,8,8,-1,Y01,1,0,2,1,1,5,4,RABAN (ROUTE DE),0.0,,2,2,0,2,1,1,0,1,50,adult
202200030599,19,7,2022,0 days 14:13:00,1,25,25056,2,1,1,3,SOUVENIR FRANCAIS PLACE DU,"47,2638740000","6,0227440000",1,1,2,1974.0,0,1,0,-1,A01,0,0,2,0,0,5,4,,0.0,,2,2,0,1,1,1,0,4,50,child
202200030599,19,7,2022,0 days 14:13:00,1,25,25056,2,1,1,3,SOUVENIR FRANCAIS PLACE DU,"47,2638740000","6,0227440000",1,3,1,2012.0,0,8,0,-1,A01,0,0,2,0,0,5,4,,0.0,,2,2,0,1,1,1,0,4,50,adult
202200030616,10,12,2022,0 days 19:00:00,5,26,26362,2,1,1,3,ROMANS AVENUE DE (301),"44,9380000000","4,9130000000",1,1,1,1982.0,5,1,8,-1,B01,2,0,2,1,1,5,4,ROMANS AVENUE DE (301),0.0,,2,3,1,2,1,1,0,1,50,child
202200030616,10,12,2022,0 days 19:00:00,5,26,26362,2,1,1,3,ROMANS AVENUE DE (301),"44,9380000000","4,9130000000",1,4,1,2003.0,0,8,0,-1,B01,2,0,2,1,1,5,4,ROMANS AVENUE DE (301),0.0,,2,3,1,2,1,1,0,1,50,adult
202200030662,19,7,2022,0 days 11:55:00,1,75,75111,2,4,7,6,BOULEVARD VOLTAIRE,"48,8532840000","2,3877200000",3,4,1,1964.0,9,0,-1,-1,A01,1,0,1,2,21,5,4,BOULEVARD VOLTAIRE,0.0,,2,4,1,1,1,1,0,5,30,child
202200030662,19,7,2022,0 days 11:55:00,1,75,75111,2,4,7,6,BOULEVARD VOLTAIRE,"48,8532840000","2,3877200000",1,1,1,2001.0,4,2,4,-1,A01,1,0,1,2,21,5,4,BOULEVARD VOLTAIRE,0.0,,2,4,1,1,1,1,0,5,30,adult
202200030669,9,12,2022,0 days 20:45:00,3,49,49029,1,1,1,2,D751,"47,3795360000"," -0,3851120000",1,2,1,1967.0,1,2,-1,-1,B01,1,0,2,4,2,5,3,751,-1.0,,2,2,0,1,1,1,0,1,80,child
202200030669,9,12,2022,0 days 20:45:00,3,49,49029,1,1,1,2,D751,"47,3795360000"," -0,3851120000",1,1,1,1994.0,5,0,-1,-1,B01,1,0,2,4,2,5,3,751,-1.0,,2,2,0,1,1,1,0,1,80,adult
202200030717,4,3,2022,0 days 12:10:00,1,39,39235,2,2,1,3,3 Rue de la Gare,"47,1516320000","5,7597760000",1,3,1,1946.0,5,0,-1,-1,B01,2,0,2,8,1,5,3,73,-1.0,,2,2,0,1,1,1,0,1,50,child
202200030717,4,3,2022,0 days 12:10:00,1,39,39235,2,2,1,3,3 Rue de la Gare,"47,1516320000","5,7597760000",1,1,2,1992.0,5,1,-1,-1,B01,2,0,2,8,1,5,3,73,-1.0,,2,2,0,1,1,1,0,1,50,adult
202200030758,3,3,2022,0 days 11:45:00,1,33,33009,2,1,1,6,LAMARQUE PLAISANCE (CRS) 1 ET +,"44,6613200000"," -1,1735500000",3,4,2,1950.0,3,0,-1,-1,A01,1,0,1,1,25,5,4,LAMARQUE PLAISANCE (CRS) 1 ET +,0.0,,1,1,0,1,1,1,0,4,50,child
202200030758,3,3,2022,0 days 11:45:00,1,33,33009,2,1,1,6,LAMARQUE PLAISANCE (CRS) 1 ET +,"44,6613200000"," -1,1735500000",1,1,2,2008.0,5,0,-1,-1,A01,1,0,1,1,25,5,4,LAMARQUE PLAISANCE (CRS) 1 ET +,0.0,,1,1,0,1,1,1,0,4,50,adult
202200030837,29,8,2022,0 days 20:36:00,1,93,93053,2,3,1,3,Allee d’Anjou / Allee du Berry,"48,8823300000","2,4583400000",1,1,1,1973.0,0,1,8,-1,A01,3,0,2,2,5,5,4,ANJOU (ALLEE D'),0.0,,1,1,0,2,1,1,0,1,30,child
202200030837,29,8,2022,0 days 20:36:00,1,93,93053,2,3,1,3,Allee d’Anjou / Allee du Berry,"48,8823300000","2,4583400000",1,3,1,2012.0,5,8,0,-1,A01,3,0,2,2,5,5,4,ANJOU (ALLEE D'),0.0,,1,1,0,2,1,1,0,1,30,adult
202200030898,29,8,2022,0 days 16:55:00,1,70,70248,2,3,1,3,9 Rue des Creuses,"47,6608280000","6,7474670000",1,1,2,1947.0,5,1,-1,-1,A01,3,0,2,1,15,5,3,,-1.0,,2,1,0,2,1,1,0,1,50,child
202200030898,29,8,2022,0 days 16:55:00,1,70,70248,2,3,1,3,9 Rue des Creuses,"47,6608280000","6,7474670000",1,4,1,2013.0,5,2,-1,-1,A01,3,0,2,1,15,5,3,,-1.0,,2,1,0,2,1,1,0,1,50,adult
202200030995,12,8,2022,0 days 14:35:00,1,15,15014,2,6,1,3,LESCUDILLIERS (BOULEVARD DE),"44,9156800000","2,4295100000",1,4,1,1952.0,5,2,-1,-1,B01,0,0,0,2,1,5,4,LESCUDILLIERS (BOULEVARD DE),0.0,,-1,2,0,1,3,1,0,1,50,child
202200030995,12,8,2022,0 days 14:35:00,1,15,15014,2,6,1,3,LESCUDILLIERS (BOULEVARD DE),"44,9156800000","2,4295100000",1,1,2,1973.0,3,1,0,-1,B01,0,0,0,2,1,5,4,LESCUDILLIERS (BOULEVARD DE),0.0,,-1,2,0,1,3,1,0,1,50,adult
202200031002,28,8,2022,0 days 08:20:00,1,75,75118,2,1,1,3,RUE DES POISSONNIERS,"48,8957560000","2,3529440000",1,1,1,1970.0,4,1,0,-1,B01,1,0,2,1,1,5,4,RUE DES POISSONNIERS,0.0,,2,2,0,1,1,1,0,1,30,child
202200031002,28,8,2022,0 days 08:20:00,1,75,75118,2,1,1,3,RUE DES POISSONNIERS,"48,8957560000","2,3529440000",1,4,2,2004.0,5,8,0,-1,B01,1,0,2,1,1,5,4,RUE DES POISSONNIERS,0.0,,2,2,0,1,1,1,0,1,30,adult
202200031017,28,8,2022,0 days 11:30:00,1,94,94041,2,1,1,7,Avenue Maurice Thorez,"48,8147200000","2,3787700000",1,4,1,1976.0,0,2,0,-1,B01,2,1,0,0,13,5,3,MAURICE THOREZ (AV),0.0,,1,2,1,2,1,1,0,5,50,child
202200031017,28,8,2022,0 days 11:30:00,1,94,94041,2,1,1,7,Avenue Maurice Thorez,"48,8147200000","2,3787700000",1,1,2,1986.0,5,8,0,-1,B01,2,1,0,0,13,5,3,MAURICE THOREZ (AV),0.0,,1,2,1,2,1,1,0,5,50,adult
202200031017,28,8,2022,0 days 11:30:00,1,94,94041,2,1,1,7,Avenue Maurice Thorez,"48,8147200000","2,3787700000",2,1,1,2014.0,0,2,0,-1,B01,2,1,0,0,13,5,3,MAURICE THOREZ (AV),0.0,,1,2,1,2,1,1,0,5,50,adult
202200031039,28,8,2022,0 days 19:10:00,1,19,19269,1,9,1,3,Avenue Edmond Michelet,"45,5364040000","1,8006900000",1,3,1,1962.0,5,2,-1,-1,B01,2,0,2,1,1,5,3,940,0.0,D,2,2,0,2,2,1,0,1,50,child
202200031039,28,8,2022,0 days 19:10:00,1,19,19269,1,9,1,3,Avenue Edmond Michelet,"45,5364040000","1,8006900000",1,1,1,1997.0,9,1,-1,-1,B01,2,0,2,1,1,5,3,940,0.0,D,2,2,0,2,2,1,0,1,50,adult
202200031040,28,8,2022,0 days 10:30:00,1,56,56175,1,4,1,2,D17,"47,7231950000"," -2,9131900000",1,3,1,1976.0,5,2,-1,-1,B01,2,0,2,4,15,5,3,17,0.0,D,2,2,0,1,1,1,0,1,80,child
202200031040,28,8,2022,0 days 10:30:00,1,56,56175,1,4,1,2,D17,"47,7231950000"," -2,9131900000",1,1,1,1997.0,5,1,-1,-1,B01,2,0,2,4,15,5,3,17,0.0,D,2,2,0,1,1,1,0,1,80,adult
202200031054,23,8,2022,0 days 16:00:00,1,54,54344,1,1,1,7,Piste Cyclable,"48,4542357040","6,2921565779",1,3,1,1948.0,5,2,-1,-1,A01,3,0,0,0,0,5,9,,-1.0,,2,1,1,1,1,1,0,5,-1,child
202200031054,23,8,2022,0 days 16:00:00,1,54,54344,1,1,1,7,Piste Cyclable,"48,4542357040","6,2921565779",2,4,1,2017.0,5,2,-1,-1,A01,3,0,0,0,0,5,9,,-1.0,,2,1,1,1,1,1,0,5,-1,adult
202200031056,27,8,2022,0 days 14:20:00,1,72,72176,2,1,1,2,Boulevard Paul Doumer,"47,6415187034","0,1602745054",1,1,2,1981.0,9,1,-1,-1,B01,1,0,0,4,2,5,3,306,0.0,,2,2,0,1,1,1,0,1,50,child
202200031056,27,8,2022,0 days 14:20:00,1,72,72176,2,1,1,2,Boulevard Paul Doumer,"47,6415187034","0,1602745054",1,4,2,2007.0,5,0,-1,-1,B01,1,0,0,4,2,5,3,306,0.0,,2,2,0,1,1,1,0,1,50,adult
202200031104,23,1,2022,0 days 11:40:00,1,22,22187,2,1,8,7,BARBUSSE (Avenue Henri),"48,5496000000"," -2,7726700000",1,1,2,1942.0,5,1,0,-1,D01,2,0,2,0,1,5,4,BARBUSSE (Avenue Henri),0.0,,2,2,0,2,1,1,0,1,50,child
202200031104,23,1,2022,0 days 11:40:00,1,22,22187,2,1,8,7,BARBUSSE (Avenue Henri),"48,5496000000"," -2,7726700000",1,1,1,2001.0,5,2,0,-1,D01,2,0,2,0,1,5,4,BARBUSSE (Avenue Henri),0.0,,2,2,0,2,1,1,0,1,50,adult
202200031104,23,1,2022,0 days 11:40:00,1,22,22187,2,1,8,7,BARBUSSE (Avenue Henri),"48,5496000000"," -2,7726700000",1,4,1,2003.0,5,2,0,-1,D01,2,0,2,0,1,5,4,BARBUSSE (Avenue Henri),0.0,,2,2,0,2,1,1,0,1,50,adult
202200031210,24,1,2022,0 days 13:55:00,1,29,29146,1,2,1,3,Route de la Trinite,"47,9186140000"," -3,8157750000",1,3,1,1960.0,5,2,4,-1,B01,1,0,2,6,1,5,3,24,0.0,D,2,2,0,1,1,1,0,1,80,child
202200031210,24,1,2022,0 days 13:55:00,1,29,29146,1,2,1,3,Route de la Trinite,"47,9186140000"," -3,8157750000",1,1,2,1982.0,1,1,-1,-1,B01,1,0,2,6,1,5,3,24,0.0,D,2,2,0,1,1,1,0,1,80,adult
202200031259,13,4,2022,0 days 17:30:00,1,71,71150,1,3,1,3,Route du Port d Arciat,"46,2429820000","4,7953020000",1,3,1,1967.0,5,2,-1,-1,B01,2,0,2,1,1,5,3,,0.0,,2,2,0,1,4,1,0,1,50,child
202200031259,13,4,2022,0 days 17:30:00,1,71,71150,1,3,1,3,Route du Port d Arciat,"46,2429820000","4,7953020000",1,1,2,2002.0,5,1,-1,-1,B01,2,0,2,1,1,5,3,,0.0,,2,2,0,1,4,1,0,1,50,adult
202200031272,18,6,2022,0 days 22:10:00,5,31,31555,2,3,1,3,LASCROSSES (BD) DU 1AU 17,"43,6103100000","1,4348000000",1,4,1,1976.0,0,8,0,-1,B01,3,0,2,1,19,5,4,LASCROSSES (BD) DU 1AU 17,0.0,,2,6,0,1,1,1,0,1,50,child
202200031272,18,6,2022,0 days 22:10:00,5,31,31555,2,3,1,3,LASCROSSES (BD) DU 1AU 17,"43,6103100000","1,4348000000",1,1,2,2000.0,5,1,8,-1,B01,3,0,2,1,19,5,4,LASCROSSES (BD) DU 1AU 17,0.0,,2,6,0,1,1,1,0,1,50,adult
202200031319,17,6,2022,0 days 23:20:00,5,01,01053,2,1,1,3,PRES DE BROU ( RUE DES),"46,1988000000","5,2486200000",1,4,1,1958.0,5,1,0,-1,B01,3,1,2,1,9,5,4,PRES DE BROU ( RUE DES),0.0,,2,2,0,1,1,1,9,1,50,child
202200031319,17,6,2022,0 days 23:20:00,5,01,01053,2,1,1,3,PRES DE BROU ( RUE DES),"46,1988000000","5,2486200000",1,2,1,1982.0,5,8,8,-1,B01,3,1,2,1,9,5,4,PRES DE BROU ( RUE DES),0.0,,2,2,0,1,1,1,9,1,50,adult
202200031374,21,1,2022,0 days 08:08:00,2,72,72181,2,1,8,3,FOUCAUDIERE (RUE),"47,9724300000","0,1894100000",1,4,2,1966.0,0,8,0,-1,B01,0,0,2,0,0,5,4,FOUCAUDIERE (RUE),0.0,,-1,2,0,1,1,1,0,1,50,child
202200031374,21,1,2022,0 days 08:08:00,2,72,72181,2,1,8,3,FOUCAUDIERE (RUE),"47,9724300000","0,1894100000",1,1,1,1988.0,4,1,0,-1,B01,0,0,2,0,0,5,4,FOUCAUDIERE (RUE),0.0,,-1,2,0,1,1,1,0,1,50,adult
202200031441,22,1,2022,0 days 19:50:00,5,14,14118,2,3,1,3,Rue du 11 Novembre,"49,1777100000"," -0,3575200000",1,3,1,1960.0,0,0,-1,-1,B01,3,0,2,1,1,5,4,SAINT LOUIS (RUE),0.0,,1,1,0,1,1,1,0,1,50,child
202200031441,22,1,2022,0 days 19:50:00,5,14,14118,2,3,1,3,Rue du 11 Novembre,"49,1777100000"," -0,3575200000",1,1,1,1990.0,9,1,-1,-1,B01,3,0,2,1,1,5,4,SAINT LOUIS (RUE),0.0,,1,1,0,1,1,1,0,1,50,adult
202200031474,18,6,2022,0 days 14:30:00,1,29,29178,1,3,1,3,Gouez Ar frout,"48,5685160925"," -4,6634790301",2,1,1,1964.0,5,2,-1,-1,B01,3,0,2,8,19,5,4,,-1.0,,2,2,0,1,1,1,5,1,80,child
202200031474,18,6,2022,0 days 14:30:00,1,29,29178,1,3,1,3,Gouez Ar frout,"48,5685160925"," -4,6634790301",1,4,1,1968.0,5,2,-1,-1,B01,3,0,2,8,19,5,4,,-1.0,,2,2,0,1,1,1,5,1,80,adult
202200031474,18,6,2022,0 days 14:30:00,1,29,29178,1,3,1,3,Gouez Ar frout,"48,5685160925"," -4,6634790301",1,4,1,2008.0,5,0,-1,-1,B01,3,0,2,8,19,5,4,,-1.0,,2,2,0,1,1,1,5,1,80,adult
202200031495,11,4,2022,0 days 08:05:00,1,75,75113,2,3,1,3,RUE DU DESSOUS DES BERGES,"48,8265060000","2,3745530000",2,1,2,1951.0,5,8,0,-1,B01,2,0,2,1,1,5,4,RUE DU DESSOUS DES BERGES,0.0,,1,1,2,1,1,1,0,1,30,child
202200031495,11,4,2022,0 days 08:05:00,1,75,75113,2,3,1,3,RUE DU DESSOUS DES BERGES,"48,8265060000","2,3745530000",1,4,1,1982.0,1,2,0,-1,B01,2,0,2,1,1,5,4,RUE DU DESSOUS DES BERGES,0.0,,1,1,2,1,1,1,0,1,30,adult
202200031577,19,6,2022,0 days 06:45:00,1,67,67151,1,1,7,1,D29,"48,6914630000","7,9135570000",1,3,1,1962.0,5,2,-1,-1,B01,1,0,2,1,1,5,3,29,-1.0,,2,2,0,1,4,9,0,1,80,child
202200031577,19,6,2022,0 days 06:45:00,1,67,67151,1,1,7,1,D29,"48,6914630000","7,9135570000",1,1,1,1995.0,0,1,-1,-1,B01,1,0,2,1,1,5,3,29,-1.0,,2,2,0,1,4,9,0,1,80,adult
202200031577,19,6,2022,0 days 06:45:00,1,67,67151,1,1,7,1,D29,"48,6914630000","7,9135570000",2,1,1,1998.0,0,1,-1,-1,B01,1,0,2,1,1,5,3,29,-1.0,,2,2,0,1,4,9,0,1,80,adult
202200031596,18,6,2022,0 days 15:00:00,1,69,69273,2,6,1,4,Rue du Dauphiné,"45,6773560000","4,9008460000",2,1,2,1972.0,4,1,-1,-1,D01,1,0,2,7,1,5,4,,-1.0,,2,2,2,3,2,1,0,1,50,child
202200031596,18,6,2022,0 days 15:00:00,1,69,69273,2,6,1,4,Rue du Dauphiné,"45,6773560000","4,9008460000",1,1,1,1991.0,0,1,-1,-1,D01,1,0,2,7,1,5,4,,-1.0,,2,2,2,3,2,1,0,1,50,adult
202200031596,18,6,2022,0 days 15:00:00,1,69,69273,2,6,1,4,Rue du Dauphiné,"45,6773560000","4,9008460000",1,4,1,1993.0,0,8,-1,-1,D01,1,0,2,7,1,5,4,,-1.0,,2,2,2,3,2,1,0,1,50,adult
202200031596,18,6,2022,0 days 15:00:00,1,69,69273,2,6,1,4,Rue du Dauphiné,"45,6773560000","4,9008460000",1,1,2,2003.0,9,1,-1,-1,D01,1,0,2,7,1,5,4,,-1.0,,2,2,2,3,2,1,0,1,50,adult
202200031596,18,6,2022,0 days 15:00:00,1,69,69273,2,6,1,4,Rue du Dauphiné,"45,6773560000","4,9008460000",1,4,1,2006.0,0,2,-1,-1,D01,1,0,2,7,1,5,4,,-1.0,,2,2,2,3,2,1,0,1,50,adult
202200031675,8,11,2022,0 days 07:10:00,2,87,87041,1,1,1,2,le verger,"46,1414710000","1,2478070000",1,2,1,1941.0,5,2,4,-1,B01,2,0,9,4,1,5,3,1,-1.0,,2,2,0,1,1,1,0,1,90,child
202200031675,8,11,2022,0 days 07:10:00,2,87,87041,1,1,1,2,le verger,"46,1414710000","1,2478070000",1,1,2,1976.0,9,1,-1,-1,B01,2,0,9,4,1,5,3,1,-1.0,,2,2,0,1,1,1,0,1,90,adult
202200031727,6,11,2022,0 days 19:20:00,5,69,69383,2,2,1,1,Rue Paul Bert,"45,7564900000","4,8473400000",1,1,1,1969.0,0,8,-1,-1,B01,1,0,2,8,1,5,4,PAUL BERT                           (R ),0.0,,1,1,0,1,1,1,0,1,30,child
202200031727,6,11,2022,0 days 19:20:00,5,69,69383,2,2,1,1,Rue Paul Bert,"45,7564900000","4,8473400000",1,4,1,1990.0,0,8,-1,-1,B01,1,0,2,8,1,5,4,PAUL BERT                           (R ),0.0,,1,1,0,1,1,1,0,1,30,adult
202200031767,5,11,2022,0 days 19:10:00,4,94,94003,2,1,1,3,Avenue Paul Doumer,"48,8051500000","2,3381700000",1,1,1,1961.0,5,1,0,-1,B01,2,1,0,1,1,5,3,PAUL DOUMER (AV),0.0,,2,2,2,1,1,1,0,5,50,child
202200031767,5,11,2022,0 days 19:10:00,4,94,94003,2,1,1,3,Avenue Paul Doumer,"48,8051500000","2,3381700000",1,4,2,1990.0,9,2,8,-1,B01,2,1,0,1,1,5,3,PAUL DOUMER (AV),0.0,,2,2,2,1,1,1,0,5,50,adult
202200031835,26,7,2022,0 days 08:45:00,1,38,38169,2,1,1,3,Rue de l'Argentière,"45,1989300000","5,6707100000",1,1,1,1963.0,0,0,-1,-1,B01,3,0,0,0,1,5,4,,0.0,,2,2,0,1,1,1,0,1,30,child
202200031835,26,7,2022,0 days 08:45:00,1,38,38169,2,1,1,3,Rue de l'Argentière,"45,1989300000","5,6707100000",1,3,2,1992.0,0,0,-1,-1,B01,3,0,0,0,1,5,4,,0.0,,2,2,0,1,1,1,0,1,30,adult
202200031858,5,11,2022,0 days 16:15:00,1,54,54395,2,1,1,3,HAUSSONVILLE (BD D'),"48,6727389301","6,1649769545",1,1,1,1964.0,0,1,0,-1,B01,1,1,0,0,1,5,4,HAUSSONVILLE (BD D'),0.0,,2,2,1,1,1,1,0,1,50,child
202200031858,5,11,2022,0 days 16:15:00,1,54,54395,2,1,1,3,HAUSSONVILLE (BD D'),"48,6727389301","6,1649769545",1,4,1,1985.0,0,2,0,-1,B01,1,1,0,0,1,5,4,HAUSSONVILLE (BD D'),0.0,,2,2,1,1,1,1,0,1,50,adult
202200031863,19,5,2022,0 days 18:20:00,1,14,14301,2,1,1,3,Rue du Centre,"49,1761800000"," -0,2818300000",1,1,1,1983.0,5,1,-1,-1,A01,3,0,2,7,25,5,4,CENTRE (RUE DU),0.0,,-1,2,0,1,1,1,0,1,50,child
202200031863,19,5,2022,0 days 18:20:00,1,14,14301,2,1,1,3,Rue du Centre,"49,1761800000"," -0,2818300000",1,4,1,2010.0,5,0,-1,-1,A01,3,0,2,7,25,5,4,CENTRE (RUE DU),0.0,,-1,2,0,1,1,1,0,1,50,adult
202200031883,19,5,2022,0 days 12:45:00,1,75,75115,2,1,1,3,BOULEVARD LEFEBVRE,"48,8306807298","2,2931927947",1,1,1,1969.0,9,1,0,-1,B01,2,0,2,1,1,5,4,BOULEVARD LEFEBVRE,0.0,,3,2,1,2,1,1,-1,5,30,child
202200031883,19,5,2022,0 days 12:45:00,1,75,75115,2,1,1,3,BOULEVARD LEFEBVRE,"48,8306807298","2,2931927947",1,4,1,2006.0,5,2,0,-1,B01,2,0,2,1,1,5,4,BOULEVARD LEFEBVRE,0.0,,3,2,1,2,1,1,-1,5,30,adult
202200031940,16,5,2022,0 days 13:40:00,1,41,41149,2,3,1,3,Avenue de la Paix,"47,7584550000","0,8747970000",1,4,1,1936.0,3,0,-1,-1,B01,1,0,2,2,1,5,3,917,0.0,,2,2,0,1,2,1,5,1,50,child
202200031940,16,5,2022,0 days 13:40:00,1,41,41149,2,3,1,3,Avenue de la Paix,"47,7584550000","0,8747970000",1,1,1,1961.0,1,1,-1,-1,B01,1,0,2,2,1,5,3,917,0.0,,2,2,0,1,2,1,5,1,50,adult
202200031950,26,9,2022,0 days 14:55:00,1,59,59009,2,1,2,1,8 MAI 1945 RUE DU A PARTIR DU N° 60,"50,6341064125","3,1552621722",1,1,2,1943.0,3,1,0,-1,B01,3,0,2,2,19,5,7,8 MAI 1945 RUE DU A PARTIR DU N° 60,0.0,,2,2,0,1,1,2,0,8,50,child
202200031950,26,9,2022,0 days 14:55:00,1,59,59009,2,1,2,1,8 MAI 1945 RUE DU A PARTIR DU N° 60,"50,6341064125","3,1552621722",1,4,2,1971.0,5,8,0,-1,B01,3,0,2,2,19,5,7,8 MAI 1945 RUE DU A PARTIR DU N° 60,0.0,,2,2,0,1,1,2,0,8,50,adult
202200031988,26,9,2022,0 days 17:40:00,1,04,04112,2,6,1,3,POMPIDOU (AV.GEORGES),"43,8271800000","5,7813900000",1,1,1,1942.0,5,1,0,-1,B01,2,0,2,4,15,5,4,POMPIDOU (AV.GEORGES),0.0,,2,2,0,1,1,1,0,1,50,child
202200031988,26,9,2022,0 days 17:40:00,1,04,04112,2,6,1,3,POMPIDOU (AV.GEORGES),"43,8271800000","5,7813900000",1,4,1,1972.0,1,2,0,-1,B01,2,0,2,4,15,5,4,POMPIDOU (AV.GEORGES),0.0,,2,2,0,1,1,1,0,1,50,adult
202200031992,26,6,2022,0 days 14:15:00,1,14,14220,2,7,1,2,Avenue Lucien Barrière,"49,3592900000","0,0707900000",1,1,1,1956.0,-1,0,-1,-1,A01,1,0,2,1,1,5,4,,0.0,,1,1,0,1,1,1,0,1,50,child
202200031992,26,6,2022,0 days 14:15:00,1,14,14220,2,7,1,2,Avenue Lucien Barrière,"49,3592900000","0,0707900000",1,4,1,2007.0,5,8,0,-1,A01,1,0,2,1,1,5,4,,0.0,,1,1,0,1,1,1,0,1,50,adult