Num_Acc,jour,mois,an,hrmn,lum,dep,com,agg,int,atm,col,adr,lat,long,catu,grav,sexe,an_nais,trajet,secu1,secu2,secu3,num_veh_y,senc,obs,obsm,choc,manv,motor,catr,voie,v1,v2,circ,nbv,vosp,prof,plan,surf,infra,situ,vma,age
202200032031,30,9,2022,0 days 19:40:00,5,75,75114,2,2,1,3,RUE EMILE DEUTSCH DE LA MEURTHE,"48,8213700000","2,3343500000",1,1,2,1955.0,5,1,0,-1,B01,1,0,2,1,1,5,4,RUE EMILE DEUTSCH DE LA MEURTHE,0.0,,1,2,1,1,1,1,-1,5,30,child
202200032031,30,9,2022,0 days 19:40:00,5,75,75114,2,2,1,3,RUE EMILE DEUTSCH DE LA MEURTHE,"48,8213700000","2,3343500000",1,4,2,2001.0,5,2,0,-1,B01,1,0,2,1,1,5,4,RUE EMILE DEUTSCH DE LA MEURTHE,0.0,,1,2,1,1,1,1,-1,5,30,adult
202200032091,13,5,2022,0 days 19:00:00,1,79,79191,2,1,1,3,94 Rue de l’Aérodrome,"46,3214600000"," -0,4194000000",1,1,2,1977.0,9,1,-1,-1,B01,3,0,0,0,19,5,4,MENDES-FRANCE P.(BD) AERODROME/LAMBON,0.0,,2,2,0,1,1,1,0,1,50,child
202200032091,13,5,2022,0 days 19:00:00,1,79,79191,2,1,1,3,94 Rue de l’Aérodrome,"46,3214600000"," -0,4194000000",1,3,1,2011.0,0,2,0,-1,B01,3,0,0,0,19,5,4,MENDES-FRANCE P.(BD) AERODROME/LAMBON,0.0,,2,2,0,1,1,1,0,1,50,adult
202200032095,18,5,2022,0 days 20:15:00,1,72,72181,2,3,1,3,REMBRANDT (AV),"47,9742300000","0,2118000000",1,1,1,1981.0,9,1,8,-1,A01,3,0,2,1,16,5,4,REMBRANDT (AV),0.0,,1,1,0,1,1,1,0,1,50,child
202200032095,18,5,2022,0 days 20:15:00,1,72,72181,2,3,1,3,REMBRANDT (AV),"47,9742300000","0,2118000000",1,4,1,2008.0,5,8,0,-1,A01,3,0,2,1,16,5,4,REMBRANDT (AV),0.0,,1,1,0,1,1,1,0,1,50,adult
202200032099,17,5,2022,0 days 13:30:00,1,67,67482,2,1,1,3,BON PASTEUR (RUE DU),"48,5880105765","7,7806170000",1,4,1,1953.0,0,8,0,-1,A01,1,0,2,1,19,5,4,BON PASTEUR (RUE DU),0.0,,2,2,3,1,1,1,9,1,50,child
202200032099,17,5,2022,0 days 13:30:00,1,67,67482,2,1,1,3,BON PASTEUR (RUE DU),"48,5880105765","7,7806170000",1,1,1,1999.0,4,2,8,-1,A01,1,0,2,1,19,5,4,BON PASTEUR (RUE DU),0.0,,2,2,3,1,1,1,9,1,50,adult
202200032114,14,5,2022,0 days 19:10:00,1,62,62215,2,4,1,3,EVRARD (R FLORENT ),"50,4862200000","2,9504700000",1,1,1,1962.0,5,1,0,-1,B01,2,0,2,8,15,5,4,EVRARD (R FLORENT ),0.0,,2,2,0,1,1,1,0,1,50,child
202200032114,14,5,2022,0 days 19:10:00,1,62,62215,2,4,1,3,EVRARD (R FLORENT ),"50,4862200000","2,9504700000",1,3,2,2005.0,5,8,0,-1,B01,2,0,2,8,15,5,4,EVRARD (R FLORENT ),0.0,,2,2,0,1,1,1,0,1,50,adult
202200032141,17,5,2022,0 days 11:00:00,1,41,41269,2,3,1,3,COURTIRAS (RUE DE),"47,8024500000","1,0500500000",1,2,1,1931.0,3,2,0,-1,B01,2,0,2,1,2,5,4,COURTIRAS (RUE DE),0.0,,2,2,2,1,1,1,0,1,50,child
202200032141,17,5,2022,0 days 11:00:00,1,41,41269,2,3,1,3,COURTIRAS (RUE DE),"47,8024500000","1,0500500000",1,1,1,1999.0,4,1,8,-1,B01,2,0,2,1,2,5,4,COURTIRAS (RUE DE),0.0,,2,2,2,1,1,1,0,1,50,adult
202200032143,18,5,2022,0 days 17:40:00,1,38,38185,2,1,1,4,ALFRED DE VIGNY (RUE ),"45,1665900000","5,7231800000",1,4,1,1953.0,0,8,0,-1,B01,3,0,2,0,23,5,4,ALFRED DE VIGNY (RUE ),0.0,,2,2,0,1,1,1,5,1,50,child
202200032143,18,5,2022,0 days 17:40:00,1,38,38185,2,1,1,4,ALFRED DE VIGNY (RUE ),"45,1665900000","5,7231800000",1,1,2,1959.0,0,1,0,-1,B01,3,0,2,0,23,5,4,ALFRED DE VIGNY (RUE ),0.0,,2,2,0,1,1,1,5,1,50,adult
202200032143,18,5,2022,0 days 17:40:00,1,38,38185,2,1,1,4,ALFRED DE VIGNY (RUE ),"45,1665900000","5,7231800000",1,4,1,1977.0,0,1,0,-1,B01,3,0,2,0,23,5,4,ALFRED DE VIGNY (RUE ),0.0,,2,2,0,1,1,1,5,1,50,adult
202200032143,18,5,2022,0 days 17:40:00,1,38,38185,2,1,1,4,ALFRED DE VIGNY (RUE ),"45,1665900000","5,7231800000",1,1,1,2003.0,0,1,0,-1,B01,3,0,2,0,23,5,4,ALFRED DE VIGNY (RUE ),0.0,,2,2,0,1,1,1,5,1,50,adult
202200032147,18,5,2022,0 days 12:20:00,1,37,37214,2,1,1,3,LANDE (RUE DE LA),"47,4206593114","0,6649685651",1,1,2,1954.0,5,1,8,-1,B01,3,0,2,1,1,5,4,LANDE (RUE DE LA),0.0,,2,2,1,1,1,1,0,1,50,child
202200032147,18,5,2022,0 days 12:20:00,1,37,37214,2,1,1,3,LANDE (RUE DE LA),"47,4206593114","0,6649685651",1,4,1,2010.0,5,2,0,-1,B01,3,0,2,1,1,5,4,LANDE (RUE DE LA),0.0,,2,2,1,1,1,1,0,1,50,adult
202200032239,1,10,2022,0 days 18:15:00,1,64,64024,2,2,1,5,BOIS BELIN (RUE DU),"43,4926000000"," -1,5192900000",1,1,1,1956.0,3,1,0,-1,D01,3,0,2,1,23,5,4,BOIS BELIN (RUE DU),0.0,,2,2,0,1,1,1,0,1,30,child
202200032239,1,10,2022,0 days 18:15:00,1,64,64024,2,2,1,5,BOIS BELIN (RUE DU),"43,4926000000"," -1,5192900000",1,4,1,1970.0,0,2,6,-1,D01,3,0,2,1,23,5,4,BOIS BELIN (RUE DU),0.0,,2,2,0,1,1,1,0,1,30,adult
202200032239,1,10,2022,0 days 18:15:00,1,64,64024,2,2,1,5,BOIS BELIN (RUE DU),"43,4926000000"," -1,5192900000",1,4,1,1993.0,5,2,0,-1,D01,3,0,2,1,23,5,4,BOIS BELIN (RUE DU),0.0,,2,2,0,1,1,1,0,1,30,adult
202200032239,1,10,2022,0 days 18:15:00,1,64,64024,2,2,1,5,BOIS BELIN (RUE DU),"43,4926000000"," -1,5192900000",1,4,2,1999.0,5,8,0,-1,D01,3,0,2,1,23,5,4,BOIS BELIN (RUE DU),0.0,,2,2,0,1,1,1,0,1,30,adult
202200032251,30,9,2022,0 days 17:00:00,1,44,44184,2,3,1,3,Boulevard de la Légion d'Honneur,"47,2769800000"," -2,2033400000",1,4,1,1964.0,5,2,8,-1,B01,2,0,2,1,1,5,4,LÉGION D'HONNEUR (BOULEVARD DE LA),0.0,,2,4,1,1,1,1,0,5,30,child
202200032251,30,9,2022,0 days 17:00:00,1,44,44184,2,3,1,3,Boulevard de la Légion d'Honneur,"47,2769800000"," -2,2033400000",1,1,1,2003.0,2,1,0,-1,B01,2,0,2,1,1,5,4,LÉGION D'HONNEUR (BOULEVARD DE LA),0.0,,2,4,1,1,1,1,0,5,30,adult
202200032280,29,6,2022,0 days 18:30:00,1,74,74056,2,7,1,6,Place du Mont Blanc,"45,9248150000","6,8723560000",3,3,2,1979.0,4,0,-1,-1,A01,3,0,1,1,19,5,4,,-1.0,,2,1,0,1,1,1,0,4,50,child
202200032280,29,6,2022,0 days 18:30:00,1,74,74056,2,7,1,6,Place du Mont Blanc,"45,9248150000","6,8723560000",1,1,1,1991.0,0,1,-1,-1,A01,3,0,1,1,19,5,4,,-1.0,,2,1,0,1,1,1,0,4,50,adult
202200032280,29,6,2022,0 days 18:30:00,1,74,74056,2,7,1,6,Place du Mont Blanc,"45,9248150000","6,8723560000",1,1,2,2005.0,5,0,-1,-1,A01,3,0,1,1,19,5,4,,-1.0,,2,1,0,1,1,1,0,4,50,adult
202200032339,19,7,2022,0 days 09:40:00,1,63,63275,2,9,1,1,chemin de siorac,"45,5437270000","3,2013130000",1,4,1,1981.0,5,2,-1,-1,B01,1,0,2,1,1,5,4,,-1.0,,2,1,0,1,1,9,0,1,30,child
202200032339,19,7,2022,0 days 09:40:00,1,63,63275,2,9,1,1,chemin de siorac,"45,5437270000","3,2013130000",1,1,1,2007.0,5,2,6,-1,B01,1,0,2,1,1,5,4,,-1.0,,2,1,0,1,1,9,0,1,30,adult
202200032363,20,7,2022,0 days 13:40:00,1,70,70063,1,1,1,1,D97,"47,7636180000","6,6111735000",1,2,1,1964.0,5,2,-1,-1,B01,1,0,2,1,2,5,3,97,-1.0,D,2,2,0,1,3,1,0,1,80,child
202200032363,20,7,2022,0 days 13:40:00,1,70,70063,1,1,1,1,D97,"47,7636180000","6,6111735000",1,1,2,1996.0,1,1,-1,-1,B01,1,0,2,1,2,5,3,97,-1.0,D,2,2,0,1,3,1,0,1,80,adult
202200032369,10,12,2022,0 days 14:35:00,1,75,75119,2,3,1,6,AVENUE DE FLANDRE,"48,8911080000","2,3776110000",3,4,2,1953.0,5,0,-1,-1,A01,1,0,1,1,21,5,4,AVENUE DE FLANDRE,0.0,,1,3,1,1,1,1,0,5,30,child
202200032369,10,12,2022,0 days 14:35:00,1,75,75119,2,3,1,6,AVENUE DE FLANDRE,"48,8911080000","2,3776110000",1,1,1,1991.0,9,2,0,-1,A01,1,0,1,1,21,5,4,AVENUE DE FLANDRE,0.0,,1,3,1,1,1,1,0,5,30,adult
202200032370,10,12,2022,0 days 11:35:00,1,75,75119,2,5,1,3,RUE DE L OURCQ,"48,8937730000","2,3733600000",1,1,1,1980.0,5,2,6,-1,A01,1,0,2,7,14,5,4,RUE DE L OURCQ,0.0,,1,2,3,1,1,1,0,6,30,child
202200032370,10,12,2022,0 days 11:35:00,1,75,75119,2,5,1,3,RUE DE L OURCQ,"48,8937730000","2,3733600000",1,1,1,1997.0,5,2,0,-1,A01,1,0,2,7,14,5,4,RUE DE L OURCQ,0.0,,1,2,3,1,1,1,0,6,30,adult
202200032370,10,12,2022,0 days 11:35:00,1,75,75119,2,5,1,3,RUE DE L OURCQ,"48,8937730000","2,3733600000",2,4,2,2001.0,5,2,6,-1,A01,1,0,2,7,14,5,4,RUE DE L OURCQ,0.0,,1,2,3,1,1,1,0,6,30,adult
202200032394,10,12,2022,0 days 11:40:00,1,93,93071,2,1,1,1,Rue Gabriel Péri,"48,9427300000","2,5327910000",1,1,2,1967.0,1,2,8,-1,B01,2,0,2,1,19,5,4,GABRIEL PERI (RUE),0.0,,2,2,0,1,1,1,0,1,50,child
202200032394,10,12,2022,0 days 11:40:00,1,93,93071,2,1,1,1,Rue Gabriel Péri,"48,9427300000","2,5327910000",1,4,1,2008.0,3,8,0,-1,B01,2,0,2,1,19,5,4,GABRIEL PERI (RUE),0.0,,2,2,0,1,1,1,0,1,50,adult
202200032422,12,11,2022,0 days 14:58:00,1,25,25495,2,1,1,3,18 rue de Beaupré,"47,2768960000","6,1072450000",1,1,1,1970.0,5,1,-1,-1,B01,3,0,2,1,1,5,4,,-1.0,,2,2,0,1,1,1,0,1,30,child
202200032422,12,11,2022,0 days 14:58:00,1,25,25495,2,1,1,3,18 rue de Beaupré,"47,2768960000","6,1072450000",1,3,1,2004.0,5,2,-1,-1,B01,3,0,2,1,1,5,4,,-1.0,,2,2,0,1,1,1,0,1,30,adult
202200032499,18,7,2022,0 days 11:45:00,1,74,74010,2,4,1,3,ALERY (AVENUE D'),"45,9006500000","6,1205820000",1,4,2,1952.0,5,2,0,-1,A01,3,0,2,1,19,5,4,ALERY (AVENUE D'),0.0,,2,2,3,1,1,1,0,1,30,child
202200032499,18,7,2022,0 days 11:45:00,1,74,74010,2,4,1,3,ALERY (AVENUE D'),"45,9006500000","6,1205820000",1,1,1,1977.0,1,2,0,-1,A01,3,0,2,1,19,5,4,ALERY (AVENUE D'),0.0,,2,2,3,1,1,1,0,1,30,adult
202200032522,18,7,2022,0 days 07:48:00,1,32,32013,2,1,1,3,rond point des justes,"43,6636000000","0,5995700000",1,4,1,1967.0,5,2,4,-1,B01,1,0,2,2,0,5,2,rond point des justes,0.0,,1,2,0,1,2,1,5,1,50,child
202200032522,18,7,2022,0 days 07:48:00,1,32,32013,2,1,1,3,rond point des justes,"43,6636000000","0,5995700000",1,1,2,1993.0,9,1,0,-1,B01,1,0,2,2,0,5,2,rond point des justes,0.0,,1,2,0,1,2,1,5,1,50,adult
202200032609,26,2,2022,0 days 17:14:00,1,86,86066,2,6,7,3,Rue Edouard Branly,"46,8021700000","0,5455890000",1,1,1,1956.0,5,1,8,-1,B01,3,0,2,7,19,5,4,BRANLY (Giratoire),0.0,,1,1,0,2,2,1,5,1,50,child
202200032609,26,2,2022,0 days 17:14:00,1,86,86066,2,6,7,3,Rue Edouard Branly,"46,8021700000","0,5455890000",2,1,2,1959.0,5,1,8,-1,B01,3,0,2,7,19,5,4,BRANLY (Giratoire),0.0,,1,1,0,2,2,1,5,1,50,adult
202200032609,26,2,2022,0 days 17:14:00,1,86,86066,2,6,7,3,Rue Edouard Branly,"46,8021700000","0,5455890000",1,3,1,2007.0,5,8,0,-1,B01,3,0,2,7,19,5,4,BRANLY (Giratoire),0.0,,1,1,0,2,2,1,5,1,50,adult
202200032636,1,3,2022,0 days 15:09:00,1,49,49246,2,1,1,3,HUGO VICTOR RUE,"47,4296200000"," -0,5279400000",1,1,2,1975.0,5,1,0,-1,A01,1,0,2,1,1,5,3,HUGO VICTOR RUE,0.0,,2,2,0,1,1,1,0,1,50,child
202200032636,1,3,2022,0 days 15:09:00,1,49,49246,2,1,1,3,HUGO VICTOR RUE,"47,4296200000"," -0,5279400000",1,4,1,1998.0,5,8,0,-1,A01,1,0,2,1,1,5,3,HUGO VICTOR RUE,0.0,,2,2,0,1,1,1,0,1,50,adult
202200032658,1,3,2022,0 days 16:50:00,1,06,06027,2,1,1,3,VAL FLEURI CHEMIN DU,"43,6651800000","7,1707470000",1,4,1,1955.0,5,8,0,-1,A01,3,0,2,0,0,5,4,VAL FLEURI CHEMIN DU,0.0,,1,1,0,1,1,1,0,4,30,child
202200032658,1,3,2022,0 days 16:50:00,1,06,06027,2,1,1,3,VAL FLEURI CHEMIN DU,"43,6651800000","7,1707470000",1,1,1,1999.0,5,8,-1,-1,A01,3,0,2,0,0,5,4,VAL FLEURI CHEMIN DU,0.0,,1,1,0,1,1,1,0,4,30,adult
202200032720,1,3,2022,0 days 14:45:00,1,71,71443,1,3,1,1,Hameau de la Forge,"46,9432840000","4,8753330000",1,3,1,1948.0,5,2,-1,-1,B01,1,0,2,1,1,5,3,62,-1.0,,2,2,0,1,1,1,0,1,80,child
202200032720,1,3,2022,0 days 14:45:00,1,71,71443,1,3,1,1,Hameau de la Forge,"46,9432840000","4,8753330000",1,1,1,1996.0,5,0,-1,-1,B01,1,0,2,1,1,5,3,62,-1.0,,2,2,0,1,1,1,0,1,80,adult
202200032738,27,8,2022,0 days 09:10:00,1,35,35281,2,1,1,3,MERMOZ (BOULEVARD JEAN),"48,0955649910"," -1,6950085759",2,1,1,1971.0,5,1,-1,-1,A01,3,0,2,7,17,5,4,MERMOZ (BOULEVARD JEAN),0.0,,2,2,0,1,1,1,0,1,50,child
202200032738,27,8,2022,0 days 09:10:00,1,35,35281,2,1,1,3,MERMOZ (BOULEVARD JEAN),"48,0955649910"," -1,6950085759",1,1,1,1993.0,5,1,-1,-1,A01,3,0,2,7,17,5,4,MERMOZ (BOULEVARD JEAN),0.0,,2,2,0,1,1,1,0,1,50,adult
202200032738,27,8,2022,0 days 09:10:00,1,35,35281,2,1,1,3,MERMOZ (BOULEVARD JEAN),"48,0955649910"," -1,6950085759",1,4,1,2002.0,5,2,4,-1,A01,3,0,2,7,17,5,4,MERMOZ (BOULEVARD JEAN),0.0,,2,2,0,1,1,1,0,1,50,adult
202200032745,27,8,2022,0 days 18:00:00,1,33,33529,2,1,1,1,ERMITAGE (AVE DE L'),"44,6338700000"," -1,1967000000",1,4,1,1953.0,0,2,-1,-1,A01,1,0,2,1,13,5,4,ERMITAGE (AVE DE L'),0.0,,2,1,0,1,1,1,0,1,50,child
202200032745,27,8,2022,0 days 18:00:00,1,33,33529,2,1,1,1,ERMITAGE (AVE DE L'),"44,6338700000"," -1,1967000000",1,4,2,1975.0,0,0,-1,-1,A01,1,0,2,1,13,5,4,ERMITAGE (AVE DE L'),0.0,,2,1,0,1,1,1,0,1,50,adult
202200032817,1,3,2022,0 days 11:05:00,1,69,69388,2,1,1,5,Cours Albert Thomas,"45,7484100000","4,8629200000",1,1,1,1946.0,0,1,-1,-1,B01,2,0,2,1,17,5,4,,0.0,,1,2,3,1,1,1,0,1,50,child
202200032817,1,3,2022,0 days 11:05:00,1,69,69388,2,1,1,5,Cours Albert Thomas,"45,7484100000","4,8629200000",1,4,1,1997.0,0,8,-1,-1,B01,2,0,2,1,17,5,4,,0.0,,1,2,3,1,1,1,0,1,50,adult
202200032817,1,3,2022,0 days 11:05:00,1,69,69388,2,1,1,5,Cours Albert Thomas,"45,7484100000","4,8629200000",1,1,1,2002.0,0,8,-1,-1,B01,2,0,2,1,17,5,4,,0.0,,1,2,3,1,1,1,0,1,50,adult
202200032818,28,2,2022,0 days 17:00:00,1,69,69386,1,1,1,3,Rue Fénelon,"45,7642400000","4,8433000000",1,1,1,1967.0,0,8,-1,-1,B01,3,0,2,1,0,5,4,FENELON                             (R ),0.0,,1,1,2,1,1,1,0,1,50,child
202200032818,28,2,2022,0 days 17:00:00,1,69,69386,1,1,1,3,Rue Fénelon,"45,7642400000","4,8433000000",1,4,1,1997.0,0,8,-1,-1,B01,3,0,2,1,0,5,4,FENELON                             (R ),0.0,,1,1,2,1,1,1,0,1,50,adult
202200032826,27,8,2022,0 days 14:50:00,1,72,72090,1,1,1,3,1407 Route des Thuaudières,"48,0294585207","0,4453933237",1,3,1,1973.0,5,0,-1,-1,B01,2,0,2,8,2,5,3,20,0.0,,-1,2,0,2,1,1,0,1,80,child
202200032826,27,8,2022,0 days 14:50:00,1,72,72090,1,1,1,3,1407 Route des Thuaudières,"48,0294585207","0,4453933237",1,4,1,2001.0,5,0,-1,-1,B01,2,0,2,8,2,5,3,20,0.0,,-1,2,0,2,1,1,0,1,80,adult
202200032849,28,8,2022,0 days 14:50:00,1,28,28383,2,4,1,3,24 Rue des Marais,"48,3171980000","1,5717640000",1,1,2,1981.0,9,1,-1,-1,A01,0,0,2,3,16,5,3,353,-1.0,,2,2,0,1,1,1,0,1,50,child
202200032849,28,8,2022,0 days 14:50:00,1,28,28383,2,4,1,3,24 Rue des Marais,"48,3171980000","1,5717640000",1,4,1,2009.0,9,0,-1,-1,A01,0,0,2,3,16,5,3,353,-1.0,,2,2,0,1,1,1,0,1,50,adult
202200032871,24,2,2022,0 days 17:20:00,1,62,62427,2,1,2,1,BROSSOLETTE (R PIERRE),"50,4065770000","2,9404180000",1,3,1,1956.0,5,8,0,-1,B01,2,0,2,1,15,5,3,BROSSOLETTE (R PIERRE),0.0,,2,2,0,1,2,2,0,1,50,child
202200032871,24,2,2022,0 days 17:20:00,1,62,62427,2,1,2,1,BROSSOLETTE (R PIERRE),"50,4065770000","2,9404180000",1,1,1,1999.0,1,1,0,-1,B01,2,0,2,1,15,5,3,BROSSOLETTE (R PIERRE),0.0,,2,2,0,1,2,2,0,1,50,adult
202200032904,27,8,2022,0 days 16:30:00,1,56,56072,1,3,1,3,Guernogas,"48,0930690000"," -2,8048070000",1,1,1,1965.0,5,1,-1,-1,B01,3,0,2,6,15,5,4,,-1.0,,2,2,0,1,1,1,0,1,80,child
202200032904,27,8,2022,0 days 16:30:00,1,56,56072,1,3,1,3,Guernogas,"48,0930690000"," -2,8048070000",1,4,1,2001.0,4,0,-1,-1,B01,3,0,2,6,15,5,4,,-1.0,,2,2,0,1,1,1,0,1,80,adult
202200032908,28,8,2022,0 days 10:15:00,1,29,29057,2,1,1,2,20 Rue Charles de Gaulle,"47,9081530000"," -3,9793490000",1,1,1,1972.0,5,1,-1,-1,B01,2,0,2,1,2,5,3,44,-1.0,,2,2,0,2,3,1,0,1,30,child
202200032908,28,8,2022,0 days 10:15:00,1,29,29057,2,1,1,2,20 Rue Charles de Gaulle,"47,9081530000"," -3,9793490000",1,4,1,1998.0,5,2,-1,-1,B01,2,0,2,1,2,5,3,44,-1.0,,2,2,0,2,3,1,0,1,30,adult
202200032928,21,1,2022,0 days 16:08:00,1,91,91477,2,1,7,2,PARIS (RUE DE),"48,7068900000","2,2391200000",1,4,1,1935.0,0,2,0,-1,B01,1,0,2,4,1,5,3,PARIS (RUE DE),0.0,,2,3,0,3,1,1,0,1,50,child
202200032928,21,1,2022,0 days 16:08:00,1,91,91477,2,1,7,2,PARIS (RUE DE),"48,7068900000","2,2391200000",1,1,1,1978.0,0,1,0,-1,B01,1,0,2,4,1,5,3,PARIS (RUE DE),0.0,,2,3,0,3,1,1,0,1,50,adult
202200032934,21,1,2022,0 days 11:45:00,1,86,86194,2,1,1,1,Rue du Bas des Sables,"46,5708960000","0,3311300000",1,1,1,1954.0,5,1,8,-1,A01,3,0,2,1,1,5,4,BAS DES SABLES (RUE DU),0.0,,1,1,0,2,1,1,9,1,50,child
202200032934,21,1,2022,0 days 11:45:00,1,86,86194,2,1,1,1,Rue du Bas des Sables,"46,5708960000","0,3311300000",1,4,1,1977.0,5,8,8,-1,A01,3,0,2,1,1,5,4,BAS DES SABLES (RUE DU),0.0,,1,1,0,2,1,1,9,1,50,adult
202200032982,26,8,2022,0 days 13:45:00,1,972,97213,1,1,1,3,VIEUX CHEMIN CALIFORNIE (RUE DU),"14,6213818330"," -61,0267446935",1,1,2,1964.0,5,1,0,-1,A01,1,0,2,1,17,5,4,VC,0.0,,-1,2,0,2,1,1,0,1,30,child
202200032982,26,8,2022,0 days 13:45:00,1,972,97213,1,1,1,3,VIEUX CHEMIN CALIFORNIE (RUE DU),"14,6213818330"," -61,0267446935",1,3,1,2004.0,5,8,0,-1,A01,1,0,2,1,17,5,4,VC,0.0,,-1,2,0,2,1,1,0,1,30,adult
202200033008,28,2,2022,0 days 22:25:00,5,75,75117,2,2,1,3,AVENUE DE CLICHY,"48,8897090000","2,3217260000",1,1,2,1961.0,9,1,0,-1,A01,1,0,2,1,1,5,4,AVENUE DE CLICHY,0.0,,2,3,0,2,1,1,0,1,30,child
202200033008,28,2,2022,0 days 22:25:00,5,75,75117,2,2,1,3,AVENUE DE CLICHY,"48,8897090000","2,3217260000",1,4,2,1994.0,9,2,0,-1,A01,1,0,2,1,1,5,4,AVENUE DE CLICHY,0.0,,2,3,0,2,1,1,0,1,30,adult
202200033029,25,8,2022,0 days 13:30:00,1,64,64445,2,6,1,3,rond-point des allées de Morlaàs,"43,3080400000"," -0,3393800000",1,1,2,1943.0,-1,1,-1,-1,B01,1,0,2,7,16,5,4,TOURASSE,0.0,,2,2,1,1,3,1,0,5,50,child
202200033029,25,8,2022,0 days 13:30:00,1,64,64445,2,6,1,3,rond-point des allées de Morlaàs,"43,3080400000"," -0,3393800000",1,4,1,1972.0,1,2,8,-1,B01,1,0,2,7,16,5,4,TOURASSE,0.0,,2,2,1,1,3,1,0,5,50,adult
202200033046,20,1,2022,0 days 12:15:00,1,35,35238,2,6,1,3,GAYEULLES (ROND POINT),"48,1274700000"," -1,6514300000",1,1,1,1949.0,5,1,0,-1,B01,3,0,2,8,19,5,4,GAYEULLES (ROND POINT),0.0,,2,1,0,1,1,1,0,1,30,child
202200033046,20,1,2022,0 days 12:15:00,1,35,35238,2,6,1,3,GAYEULLES (ROND POINT),"48,1274700000"," -1,6514300000",1,4,1,1992.0,5,0,-1,-1,B01,3,0,2,8,19,5,4,GAYEULLES (ROND POINT),0.0,,2,1,0,1,1,1,0,1,30,adult
202200033072,12,4,2022,0 days 08:20:00,1,83,83070,2,3,1,3,Avenue du Marechal Juin,"43,1360330000","6,3545020000",1,3,1,1968.0,1,0,-1,-1,B01,3,0,2,6,15,5,4,,-1.0,,2,2,0,1,1,1,0,1,50,child
202200033072,12,4,2022,0 days 08:20:00,1,83,83070,2,3,1,3,Avenue du Marechal Juin,"43,1360330000","6,3545020000",1,1,1,2002.0,1,8,-1,-1,B01,3,0,2,6,15,5,4,,-1.0,,2,2,0,1,1,1,0,1,50,adult
202200033095,10,4,2022,0 days 18:00:00,1,46,46290,2,2,1,2,CAMP DE MARO,"44,7486450000","1,4996340000",2,1,1,1954.0,5,1,-1,-1,B01,1,0,2,4,1,5,3,39,-1.0,,2,2,0,1,1,1,0,1,80,child
202200033095,10,4,2022,0 days 18:00:00,1,46,46290,2,2,1,2,CAMP DE MARO,"44,7486450000","1,4996340000",1,4,1,1960.0,5,2,-1,-1,B01,1,0,2,4,1,5,3,39,-1.0,,2,2,0,1,1,1,0,1,80,adult
202200033095,10,4,2022,0 days 18:00:00,1,46,46290,2,2,1,2,CAMP DE MARO,"44,7486450000","1,4996340000",1,1,1,1967.0,5,1,-1,-1,B01,1,0,2,4,1,5,3,39,-1.0,,2,2,0,1,1,1,0,1,80,adult
202200033095,10,4,2022,0 days 18:00:00,1,46,46290,2,2,1,2,CAMP DE MARO,"44,7486450000","1,4996340000",2,1,2,1983.0,5,1,-1,-1,B01,1,0,2,4,1,5,3,39,-1.0,,2,2,0,1,1,1,0,1,80,adult
202200033095,10,4,2022,0 days 18:00:00,1,46,46290,2,2,1,2,CAMP DE MARO,"44,7486450000","1,4996340000",2,1,1,2005.0,5,1,-1,-1,B01,1,0,2,4,1,5,3,39,-1.0,,2,2,0,1,1,1,0,1,80,adult
202200033112,22,8,2022,0 days 07:55:00,1,26,26198,2,3,1,3,45ÈME RÉGIMENT DE TRANSMISSION (RUE),"44,5634700000","4,7519700000",1,4,1,1964.0,5,2,8,-1,B01,2,0,2,7,1,5,4,45ÈME RÉGIMENT DE TRANSMISSION (RUE),0.0,,2,2,0,1,1,1,0,1,30,child
202200033112,22,8,2022,0 days 07:55:00,1,26,26198,2,3,1,3,45ÈME RÉGIMENT DE TRANSMISSION (RUE),"44,5634700000","4,7519700000",1,1,2,1985.0,5,1,8,-1,B01,2,0,2,7,1,5,4,45ÈME RÉGIMENT DE TRANSMISSION (RUE),0.0,,2,2,0,1,1,1,0,1,30,adult
202200033125,25,8,2022,0 days 20:30:00,1,14,14333,2,6,1,3,D580,"49,4177470000","0,2399780000",1,4,1,1946.0,5,2,0,-1,B01,1,0,2,8,1,5,3,,0.0,,1,2,0,1,4,1,0,1,50,child
202200033125,25,8,2022,0 days 20:30:00,1,14,14333,2,6,1,3,D580,"49,4177470000","0,2399780000",1,1,1,1986.0,0,1,0,-1,B01,1,0,2,8,1,5,3,,0.0,,1,2,0,1,4,1,0,1,50,adult
202200033176,15,6,2022,0 days 12:55:00,1,56,56162,2,1,1,2,11 Boulevard de l'Océan,"47,7346500000"," -3,4995000000",1,1,1,1948.0,5,1,8,-1,B01,1,0,2,6,1,5,3,152,0.0,,2,2,0,1,1,1,0,1,30,child