Num_Acc,jour,mois,an,hrmn,lum,dep,com,agg,int,atm,col,adr,lat,long,catu,grav,sexe,an_nais,trajet,secu1,secu2,secu3,num_veh_y,senc,obs,obsm,choc,manv,motor,catr,voie,v1,v2,circ,nbv,vosp,prof,plan,surf,infra,situ,vma,age
202200033176,15,6,2022,0 days 12:55:00,1,56,56162,2,1,1,2,11 Boulevard de l'Océan,"47,7346500000"," -3,4995000000",1,4,1,1975.0,5,8,0,-1,B01,1,0,2,6,1,5,3,152,0.0,,2,2,0,1,1,1,0,1,30,adult
202200033235,17,6,2022,0 days 07:30:00,1,35,35281,2,6,1,3,DODIN (AVENUE ROGER),"48,0821900000"," -1,7116500000",1,1,1,1959.0,4,1,-1,-1,B01,1,0,2,0,0,5,7,,0.0,,3,4,1,1,2,1,0,1,50,child
202200033235,17,6,2022,0 days 07:30:00,1,35,35281,2,6,1,3,DODIN (AVENUE ROGER),"48,0821900000"," -1,7116500000",1,4,2,1980.0,1,8,0,-1,B01,1,0,2,0,0,5,7,,0.0,,3,4,1,1,2,1,0,1,50,adult
202200033278,10,4,2022,0 days 15:40:00,1,45,45068,2,1,1,3,Rue des Ormes,"48,0122097051","2,7094783187",1,1,1,1969.0,5,1,0,-1,B01,0,0,2,8,19,5,4,ORMES (RUE DES),0.0,,2,2,0,1,1,1,0,1,50,child
202200033278,10,4,2022,0 days 15:40:00,1,45,45068,2,1,1,3,Rue des Ormes,"48,0122097051","2,7094783187",1,4,1,2014.0,5,8,0,-1,B01,0,0,2,8,19,5,4,ORMES (RUE DES),0.0,,2,2,0,1,1,1,0,1,50,adult
202200033282,17,6,2022,0 days 08:45:00,1,25,25056,2,3,1,3,16 Rue Thomas Edison,"47,2332400000","5,9745170000",1,1,1,1950.0,9,1,0,-1,B01,1,0,2,2,1,5,4,EDISON RUE THOMAS,0.0,,2,2,1,1,1,1,0,5,50,child
202200033282,17,6,2022,0 days 08:45:00,1,25,25056,2,3,1,3,16 Rue Thomas Edison,"47,2332400000","5,9745170000",1,4,2,2000.0,9,2,8,-1,B01,1,0,2,2,1,5,4,EDISON RUE THOMAS,0.0,,2,2,1,1,1,1,0,5,50,adult
202200033318,10,4,2022,0 days 14:02:00,1,06,06030,2,9,1,2,ST SAUVEUR (RUE),"43,5768880000","7,0209960000",1,4,1,1963.0,5,2,0,-1,B01,3,0,2,1,1,5,4,ST SAUVEUR (RUE),0.0,,2,1,0,1,1,1,0,1,30,child
202200033318,10,4,2022,0 days 14:02:00,1,06,06030,2,9,1,2,ST SAUVEUR (RUE),"43,5768880000","7,0209960000",1,1,1,1993.0,4,1,-1,-1,B01,3,0,2,1,1,5,4,ST SAUVEUR (RUE),0.0,,2,1,0,1,1,1,0,1,30,adult
202200033406,15,6,2022,0 days 19:00:00,1,75,75104,2,3,1,3,BOULEVARD HENRI IV,"48,8522270000","2,3660400000",1,1,2,1974.0,9,2,6,-1,A01,1,0,2,4,13,5,4,BOULEVARD HENRI IV,0.0,,2,4,0,1,1,1,0,1,30,child
202200033406,15,6,2022,0 days 19:00:00,1,75,75104,2,3,1,3,BOULEVARD HENRI IV,"48,8522270000","2,3660400000",1,4,1,2008.0,9,8,0,-1,A01,1,0,2,4,13,5,4,BOULEVARD HENRI IV,0.0,,2,4,0,1,1,1,0,1,30,adult
202200033474,10,4,2022,0 days 13:30:00,1,14,14092,2,3,1,3,Rue de l Emeraude,"49,1190760000"," -0,3062170000",1,1,1,1979.0,1,1,-1,-1,B01,3,0,2,7,19,5,4,,0.0,,2,2,0,1,1,1,0,1,50,child
202200033474,10,4,2022,0 days 13:30:00,1,14,14092,2,3,1,3,Rue de l Emeraude,"49,1190760000"," -0,3062170000",1,4,1,2013.0,5,0,-1,-1,B01,3,0,2,7,19,5,4,,0.0,,2,2,0,1,1,1,0,1,50,adult
202200033538,18,6,2022,0 days 09:45:00,1,60,60145,1,1,1,1,D85,"49,3497300000","3,0232570000",1,3,1,1948.0,5,2,-1,-1,A01,1,0,2,1,5,5,3,85,-1.0,,2,2,0,2,2,1,0,1,80,child
202200033538,18,6,2022,0 days 09:45:00,1,60,60145,1,1,1,1,D85,"49,3497300000","3,0232570000",1,1,1,1984.0,3,1,-1,-1,A01,1,0,2,1,5,5,3,85,-1.0,,2,2,0,2,2,1,0,1,80,adult
202200033568,17,6,2022,0 days 09:40:00,1,77,77508,1,1,1,3,D21,"48,8160060000","2,8498360000",1,4,1,1947.0,5,2,-1,-1,B01,2,0,2,3,1,5,3,21,0.0,,2,2,0,1,1,1,0,1,80,child
202200033568,17,6,2022,0 days 09:40:00,1,77,77508,1,1,1,3,D21,"48,8160060000","2,8498360000",1,1,2,1998.0,0,1,-1,-1,B01,2,0,2,3,1,5,3,21,0.0,,2,2,0,1,1,1,0,1,80,adult
202200033624,5,11,2022,0 days 13:30:00,1,75,75118,2,1,1,6,BOULEVARD DE LA CHAPELLE,"48,8841460000","2,3536060000",3,4,1,1956.0,3,0,-1,-1,Z01,1,0,1,1,1,5,4,BOULEVARD DE LA CHAPELLE,0.0,,1,1,1,1,1,1,0,1,30,child
202200033624,5,11,2022,0 days 13:30:00,1,75,75118,2,1,1,6,BOULEVARD DE LA CHAPELLE,"48,8841460000","2,3536060000",1,1,1,1990.0,0,8,0,-1,Z01,1,0,1,1,1,5,4,BOULEVARD DE LA CHAPELLE,0.0,,1,1,1,1,1,1,0,1,30,adult
202200033625,5,11,2022,0 days 10:52:00,1,75,75116,2,3,1,2,ROUTE DES TRIBUNES,"48,8613930000","2,2301270000",1,4,1,1973.0,5,2,0,-1,A01,3,0,2,1,1,5,4,ROUTE DES TRIBUNES,0.0,,1,1,1,1,1,1,0,5,30,child
202200033625,5,11,2022,0 days 10:52:00,1,75,75116,2,3,1,2,ROUTE DES TRIBUNES,"48,8613930000","2,2301270000",1,1,1,1998.0,5,2,0,-1,A01,3,0,2,1,1,5,4,ROUTE DES TRIBUNES,0.0,,1,1,1,1,1,1,0,5,30,adult
202200033675,5,11,2022,0 days 16:00:00,1,53,53018,1,2,2,3,"D 127,  les chesnaies","47,9072090000"," -1,0560610000",1,4,1,1933.0,5,2,-1,-1,B01,2,0,2,8,15,5,3,127,0.0,D,2,2,0,1,1,2,0,1,80,child
202200033675,5,11,2022,0 days 16:00:00,1,53,53018,1,2,2,3,"D 127,  les chesnaies","47,9072090000"," -1,0560610000",2,1,1,2000.0,0,1,-1,-1,B01,2,0,2,8,15,5,3,127,0.0,D,2,2,0,1,1,2,0,1,80,adult
202200033675,5,11,2022,0 days 16:00:00,1,53,53018,1,2,2,3,"D 127,  les chesnaies","47,9072090000"," -1,0560610000",1,1,2,2002.0,0,1,-1,-1,B01,2,0,2,8,15,5,3,127,0.0,D,2,2,0,1,1,2,0,1,80,adult
202200033678,1,11,2022,0 days 14:55:00,1,40,40194,1,1,1,3,803 Route Raphäel Lonné,"43,7080320000"," -0,8211870000",1,1,1,1928.0,5,1,-1,-1,B01,1,0,2,8,2,5,3,2,0.0,D,2,1,0,1,1,1,0,1,80,child
202200033678,1,11,2022,0 days 14:55:00,1,40,40194,1,1,1,3,803 Route Raphäel Lonné,"43,7080320000"," -0,8211870000",1,3,2,1973.0,5,2,9,-1,B01,1,0,2,8,2,5,3,2,0.0,D,2,1,0,1,1,1,0,1,80,adult
202200033692,6,11,2022,0 days 11:40:00,1,26,26311,1,9,1,3,Route de Saint-jean,"45,0427850000","5,3021750000",1,1,1,1942.0,4,1,-1,-1,B01,2,0,0,1,1,5,3,216,-1.0,,2,2,0,2,3,1,0,1,80,child
202200033692,6,11,2022,0 days 11:40:00,1,26,26311,1,9,1,3,Route de Saint-jean,"45,0427850000","5,3021750000",1,3,1,1979.0,5,2,-1,-1,B01,2,0,0,1,1,5,3,216,-1.0,,2,2,0,2,3,1,0,1,80,adult
202200033734,4,11,2022,0 days 06:00:00,5,64,64445,2,5,2,3,ALSACE LORRAINE D',"43,3042900000"," -0,3676100000",1,1,1,1969.0,1,1,8,-1,A01,1,0,2,3,1,5,4,ALSACE LORRAINE D',0.0,,1,1,2,1,2,2,0,1,30,child
202200033734,4,11,2022,0 days 06:00:00,5,64,64445,2,5,2,3,ALSACE LORRAINE D',"43,3042900000"," -0,3676100000",1,4,1,2003.0,0,8,8,-1,A01,1,0,2,3,1,5,4,ALSACE LORRAINE D',0.0,,1,1,2,1,2,2,0,1,30,adult
202200033743,3,11,2022,0 days 19:44:00,5,49,49007,2,1,1,3,BODINIER,"47,4726000000"," -0,5541200000",1,4,1,1984.0,4,8,0,-1,B01,1,0,2,8,15,5,4,BODINIER,0.0,,2,2,0,1,1,1,0,1,50,child
202200033743,3,11,2022,0 days 19:44:00,5,49,49007,2,1,1,3,BODINIER,"47,4726000000"," -0,5541200000",1,1,2,2006.0,5,8,0,-1,B01,1,0,2,8,15,5,4,BODINIER,0.0,,2,2,0,1,1,1,0,1,50,adult
202200033768,18,5,2022,0 days 20:20:00,1,27,27229,2,7,1,3,RUE VICTORIA MXENGE,"49,0087400000","1,1589100000",1,1,1,1993.0,5,1,0,-1,A01,3,0,2,1,1,5,4,RUE VICTORIA MXENGE,0.0,,1,0,0,1,1,1,0,1,30,child
202200033768,18,5,2022,0 days 20:20:00,1,27,27229,2,7,1,3,RUE VICTORIA MXENGE,"49,0087400000","1,1589100000",1,4,2,2015.0,5,8,0,-1,A01,3,0,2,1,1,5,4,RUE VICTORIA MXENGE,0.0,,1,0,0,1,1,1,0,1,30,adult
202200033779,18,5,2022,0 days 14:40:00,1,16,16102,2,1,1,2,PLANAT (BOULEVARD OSCAR),"45,6881500000"," -0,3348000000",1,1,1,1959.0,0,1,0,-1,B01,1,0,2,1,2,5,3,PLANAT (BOULEVARD OSCAR),0.0,,2,2,0,1,1,1,0,1,50,child
202200033779,18,5,2022,0 days 14:40:00,1,16,16102,2,1,1,2,PLANAT (BOULEVARD OSCAR),"45,6881500000"," -0,3348000000",1,4,1,2005.0,0,8,0,-1,B01,1,0,2,1,2,5,3,PLANAT (BOULEVARD OSCAR),0.0,,2,2,0,1,1,1,0,1,50,adult
202200033823,18,5,2022,0 days 17:20:00,1,75,75109,2,2,1,3,RUE DE PROVENCE,"48,8742050000","2,3283980000",1,4,1,1962.0,9,2,0,-1,B01,2,0,2,2,1,5,4,RUE DE PROVENCE,0.0,,2,2,0,1,1,1,0,1,30,child
202200033823,18,5,2022,0 days 17:20:00,1,75,75109,2,2,1,3,RUE DE PROVENCE,"48,8742050000","2,3283980000",1,1,1,1989.0,4,1,0,-1,B01,2,0,2,2,1,5,4,RUE DE PROVENCE,0.0,,2,2,0,1,1,1,0,1,30,adult
202200033827,18,5,2022,0 days 16:27:00,1,75,75107,2,2,1,3,BOULEVARD SAINT GERMAIN,"48,8584990000","2,3230980000",1,4,1,1967.0,1,2,0,-1,B01,2,0,2,8,7,5,4,BOULEVARD SAINT GERMAIN,0.0,,2,3,3,1,1,1,-1,6,50,child
202200033827,18,5,2022,0 days 16:27:00,1,75,75107,2,2,1,3,BOULEVARD SAINT GERMAIN,"48,8584990000","2,3230980000",1,1,1,1990.0,9,1,0,-1,B01,2,0,2,8,7,5,4,BOULEVARD SAINT GERMAIN,0.0,,2,3,3,1,1,1,-1,6,50,adult
202200033847,18,5,2022,0 days 17:25:00,1,92,92020,2,3,1,3,PRIS-PRIS ALLEE DES,"48,8008666706","2,2800513357",1,4,2,1963.0,1,2,4,-1,B01,1,0,2,1,1,5,3,68,0.0,,2,2,0,1,1,1,0,1,50,child
202200033847,18,5,2022,0 days 17:25:00,1,92,92020,2,3,1,3,PRIS-PRIS ALLEE DES,"48,8008666706","2,2800513357",1,1,2,1991.0,5,1,0,-1,B01,1,0,2,1,1,5,3,68,0.0,,2,2,0,1,1,1,0,1,50,adult
202200033853,18,5,2022,0 days 09:10:00,1,74,74005,1,1,1,5,Avenue des Trois Cols,"46,3326840000","6,4757650000",1,1,2,1956.0,3,1,-1,-1,A01,2,0,2,1,2,5,3,12,-1.0,,2,2,0,2,3,1,0,1,80,child
202200033853,18,5,2022,0 days 09:10:00,1,74,74005,1,1,1,5,Avenue des Trois Cols,"46,3326840000","6,4757650000",1,3,1,1980.0,5,2,-1,-1,A01,2,0,2,1,2,5,3,12,-1.0,,2,2,0,2,3,1,0,1,80,adult
202200033853,18,5,2022,0 days 09:10:00,1,74,74005,1,1,1,5,Avenue des Trois Cols,"46,3326840000","6,4757650000",1,1,1,1989.0,1,8,-1,-1,A01,2,0,2,1,2,5,3,12,-1.0,,2,2,0,2,3,1,0,1,80,adult
202200033915,17,4,2022,0 days 11:30:00,1,94,94019,2,1,1,2,Rue du Pont,"48,7904600000","2,5243800000",1,1,1,1948.0,5,1,0,-1,A01,2,0,2,4,2,5,3,PONT (R DU),0.0,,2,2,0,2,3,1,0,1,50,child
202200033915,17,4,2022,0 days 11:30:00,1,94,94019,2,1,1,2,Rue du Pont,"48,7904600000","2,5243800000",1,4,1,1970.0,5,2,8,-1,A01,2,0,2,4,2,5,3,PONT (R DU),0.0,,2,2,0,2,3,1,0,1,50,adult
202200033918,16,4,2022,0 days 12:15:00,1,61,61007,1,3,1,3,Route de Condé,"48,8136640000"," -0,5275420000",1,1,2,1940.0,5,1,-1,-1,A01,2,0,2,8,15,5,3,802,0.0,,2,2,0,1,1,1,0,1,50,child
202200033918,16,4,2022,0 days 12:15:00,1,61,61007,1,3,1,3,Route de Condé,"48,8136640000"," -0,5275420000",1,3,1,2001.0,5,2,-1,-1,A01,2,0,2,8,15,5,3,802,0.0,,2,2,0,1,1,1,0,1,50,adult
202200033932,17,5,2022,0 days 19:10:00,1,69,69383,2,2,1,1,Rue Duguesclin,"45,7548300000","4,8499800000",1,1,2,1958.0,5,1,-1,-1,B01,2,0,2,3,15,5,4,DUGUESCLIN                          (R ),0.0,,2,2,2,1,1,1,0,1,30,child
202200033932,17,5,2022,0 days 19:10:00,1,69,69383,2,2,1,1,Rue Duguesclin,"45,7548300000","4,8499800000",1,4,1,1979.0,0,2,-1,-1,B01,2,0,2,3,15,5,4,DUGUESCLIN                          (R ),0.0,,2,2,2,1,1,1,0,1,30,adult
202200033943,17,5,2022,0 days 19:10:00,1,2B,2B033,2,3,1,3,ST FLORENT-ANCIENNE RT DE,"42,6870300000","9,4281100000",1,3,1,1971.0,5,2,0,-1,B01,2,0,2,1,1,5,3,ST FLORENT-ANCIENNE RT DE,0.0,,2,2,0,2,1,1,0,1,70,child
202200033943,17,5,2022,0 days 19:10:00,1,2B,2B033,2,3,1,3,ST FLORENT-ANCIENNE RT DE,"42,6870300000","9,4281100000",1,1,2,2001.0,1,1,0,-1,B01,2,0,2,1,1,5,3,ST FLORENT-ANCIENNE RT DE,0.0,,2,2,0,2,1,1,0,1,70,adult
202200034013,13,5,2022,0 days 18:11:00,1,56,56121,2,1,1,6,DUGUAY-TROUIN (RUE RENE),"47,7423800000"," -3,3625700000",1,1,1,1959.0,5,1,0,-1,B01,1,1,0,1,21,5,4,DUGUAY-TROUIN (RUE RENE),0.0,,2,2,0,1,1,1,0,1,30,child
202200034013,13,5,2022,0 days 18:11:00,1,56,56121,2,1,1,6,DUGUAY-TROUIN (RUE RENE),"47,7423800000"," -3,3625700000",1,4,1,2004.0,5,2,8,-1,B01,1,1,0,1,21,5,4,DUGUAY-TROUIN (RUE RENE),0.0,,2,2,0,1,1,1,0,1,30,adult
202200034066,14,9,2022,0 days 14:00:00,1,61,61167,2,1,1,3,Route de Couvains (Gauville),"48,8295720000","0,5536450000",1,1,1,1943.0,5,1,-1,-1,B01,0,0,2,6,0,5,3,656,0.0,,2,2,0,1,1,1,0,1,50,child
202200034066,14,9,2022,0 days 14:00:00,1,61,61167,2,1,1,3,Route de Couvains (Gauville),"48,8295720000","0,5536450000",1,3,1,1966.0,5,2,-1,-1,B01,0,0,2,6,0,5,3,656,0.0,,2,2,0,1,1,1,0,1,50,adult
202200034069,2,10,2022,0 days 09:30:00,1,34,34114,1,1,1,1,D32,"43,6565780000","3,5565930000",1,4,1,1934.0,5,0,-1,-1,B01,2,0,2,8,13,5,3,D32,-1.0,,2,2,0,1,3,1,0,1,-1,child
202200034069,2,10,2022,0 days 09:30:00,1,34,34114,1,1,1,1,D32,"43,6565780000","3,5565930000",1,1,2,2001.0,5,0,-1,-1,B01,2,0,2,8,13,5,3,D32,-1.0,,2,2,0,1,3,1,0,1,-1,adult
202200034171,9,12,2022,0 days 00:50:00,5,35,35238,2,4,1,3,CHATEAUGIRON (DE),"48,1018200000"," -1,6599840000",1,1,1,1964.0,5,1,-1,-1,B01,1,0,2,8,1,5,4,CHATEAUGIRON (DE),0.0,,2,2,3,2,2,1,0,1,50,child
202200034171,9,12,2022,0 days 00:50:00,5,35,35238,2,4,1,3,CHATEAUGIRON (DE),"48,1018200000"," -1,6599840000",1,4,2,1995.0,5,0,-1,-1,B01,1,0,2,8,1,5,4,CHATEAUGIRON (DE),0.0,,2,2,3,2,2,1,0,1,50,adult
202200034220,8,12,2022,0 days 12:25:00,1,05,05061,2,2,1,3,PROVENCE (ALLEE DE),"44,5443700000","6,0614800000",1,3,1,1963.0,0,8,-1,-1,B01,2,0,2,1,1,5,4,PROVENCE (ALLEE DE),0.0,,2,2,1,1,1,1,0,5,50,child
202200034220,8,12,2022,0 days 12:25:00,1,05,05061,2,2,1,3,PROVENCE (ALLEE DE),"44,5443700000","6,0614800000",1,1,2,1994.0,1,8,-1,-1,B01,2,0,2,1,1,5,4,PROVENCE (ALLEE DE),0.0,,2,2,1,1,1,1,0,5,50,adult
202200034235,9,12,2022,0 days 00:50:00,5,75,75111,2,2,1,3,BOULEVARD VOLTAIRE,"48,8490930000","2,3947330000",1,1,1,1970.0,5,1,0,-1,A01,3,0,2,1,1,5,4,BOULEVARD VOLTAIRE,0.0,,2,2,0,1,1,1,0,1,30,child
202200034235,9,12,2022,0 days 00:50:00,5,75,75111,2,2,1,3,BOULEVARD VOLTAIRE,"48,8490930000","2,3947330000",1,4,2,2002.0,5,8,0,-1,A01,3,0,2,1,1,5,4,BOULEVARD VOLTAIRE,0.0,,2,2,0,1,1,1,0,1,30,adult
202200034279,10,12,2022,0 days 15:15:00,1,79,79135,1,1,1,1,,"46,7150690000"," -0,2146300000",1,3,1,1965.0,5,2,-1,-1,B01,3,0,2,1,1,5,4,,-1.0,,2,2,0,2,2,1,0,1,80,child
202200034279,10,12,2022,0 days 15:15:00,1,79,79135,1,1,1,1,,"46,7150690000"," -0,2146300000",1,1,1,2004.0,4,8,-1,-1,B01,3,0,2,1,1,5,4,,-1.0,,2,2,0,2,2,1,0,1,80,adult
202200034301,11,7,2022,0 days 07:30:00,1,62,62193,2,4,7,3,GAMBETTA (BOULEVARD),"50,9463100000","1,8417700000",1,4,1,1973.0,1,8,0,-1,B01,2,0,2,7,1,5,4,GAMBETTA (BOULEVARD),0.0,,2,2,0,1,1,1,0,1,50,child
202200034301,11,7,2022,0 days 07:30:00,1,62,62193,2,4,7,3,GAMBETTA (BOULEVARD),"50,9463100000","1,8417700000",1,1,1,1999.0,1,1,8,-1,B01,2,0,2,7,1,5,4,GAMBETTA (BOULEVARD),0.0,,2,2,0,1,1,1,0,1,50,adult
202200034348,17,7,2022,0 days 08:35:00,1,75,75119,2,3,1,3,RUE DE CRIMEE,"48,8888360000","2,3788760000",1,1,1,1976.0,4,1,0,-1,B01,2,0,2,1,19,5,4,RUE DE CRIMEE,0.0,,1,4,2,1,1,1,0,1,30,child
202200034348,17,7,2022,0 days 08:35:00,1,75,75119,2,3,1,3,RUE DE CRIMEE,"48,8888360000","2,3788760000",1,4,1,2010.0,9,2,0,-1,B01,2,0,2,1,19,5,4,RUE DE CRIMEE,0.0,,1,4,2,1,1,1,0,1,30,adult
202200034413,14,7,2022,0 days 18:55:00,1,70,70206,2,3,7,1,14 Rue de Luze,"47,6035700000","6,7690960000",1,1,2,1951.0,5,1,-1,-1,B01,1,0,2,1,13,5,4,14,0.0,,2,2,0,1,1,1,0,1,50,child
202200034413,14,7,2022,0 days 18:55:00,1,70,70206,2,3,7,1,14 Rue de Luze,"47,6035700000","6,7690960000",1,3,1,2014.0,5,2,-1,-1,B01,1,0,2,1,13,5,4,14,0.0,,2,2,0,1,1,1,0,1,50,adult
202200034426,18,7,2022,0 days 11:31:00,1,60,60509,2,2,1,3,Rue Georges Decroze,"49,3002180000","2,6044940000",1,4,1,1972.0,5,2,-1,-1,B01,2,0,2,1,2,5,3,1017,0.0,D,2,2,2,1,1,1,0,1,50,child
202200034426,18,7,2022,0 days 11:31:00,1,60,60509,2,2,1,3,Rue Georges Decroze,"49,3002180000","2,6044940000",2,1,1,2000.0,3,1,-1,-1,B01,2,0,2,1,2,5,3,1017,0.0,D,2,2,2,1,1,1,0,1,50,adult
202200034426,18,7,2022,0 days 11:31:00,1,60,60509,2,2,1,3,Rue Georges Decroze,"49,3002180000","2,6044940000",1,4,2,2002.0,3,1,-1,-1,B01,2,0,2,1,2,5,3,1017,0.0,D,2,2,2,1,1,1,0,1,50,adult
202200034470,6,12,2022,0 days 15:32:00,1,10,10357,2,3,1,3,GENERAL DE GAULLE (RUE DU),"48,2971000000","4,1265800000",1,1,1,1960.0,1,1,0,-1,A01,3,0,2,1,19,5,3,GENERAL DE GAULLE (RUE DU),0.0,,2,2,0,1,1,1,0,1,50,child
202200034470,6,12,2022,0 days 15:32:00,1,10,10357,2,3,1,3,GENERAL DE GAULLE (RUE DU),"48,2971000000","4,1265800000",1,4,1,2004.0,5,8,0,-1,A01,3,0,2,1,19,5,3,GENERAL DE GAULLE (RUE DU),0.0,,2,2,0,1,1,1,0,1,50,adult
202200034518,18,1,2022,0 days 11:00:00,1,19,19031,2,6,1,3,DUBAYLE (RUE ANTOINE),"45,1481678700","1,4897418022",1,1,1,1938.0,5,1,8,-1,B01,1,0,2,8,19,5,3,DUBAYLE (RUE ANTOINE),0.0,,2,2,1,1,1,1,0,1,50,child
202200034518,18,1,2022,0 days 11:00:00,1,19,19031,2,6,1,3,DUBAYLE (RUE ANTOINE),"45,1481678700","1,4897418022",1,4,1,1960.0,5,2,0,-1,B01,1,0,2,8,19,5,3,DUBAYLE (RUE ANTOINE),0.0,,2,2,1,1,1,1,0,1,50,adult
202200034560,17,7,2022,0 days 02:05:00,3,26,26198,2,1,1,1,CONTREBANDIERS (Chemin des),"44,5394410000","4,7614860000",1,1,1,1970.0,9,1,8,-1,B01,3,0,2,4,1,5,4,CONTREBANDIERS (Chemin des),0.0,,2,2,0,1,1,1,0,1,50,child
202200034560,17,7,2022,0 days 02:05:00,3,26,26198,2,1,1,1,CONTREBANDIERS (Chemin des),"44,5394410000","4,7614860000",1,4,1,2002.0,0,8,0,-1,B01,3,0,2,4,1,5,4,CONTREBANDIERS (Chemin des),0.0,,2,2,0,1,1,1,0,1,50,adult
202200034567,16,7,2022,0 days 23:00:00,3,13,13047,2,1,1,1,RADOLFZELL AVENUE DE,"43,4988800000","4,9785300000",1,1,1,1972.0,5,8,0,-1,B01,3,0,2,0,0,5,4,RADOLFZELL AVENUE DE,0.0,,-1,2,0,1,2,1,0,1,50,child
202200034567,16,7,2022,0 days 23:00:00,3,13,13047,2,1,1,1,RADOLFZELL AVENUE DE,"43,4988800000","4,9785300000",1,4,1,2003.0,9,8,0,-1,B01,3,0,2,0,0,5,4,RADOLFZELL AVENUE DE,0.0,,-1,2,0,1,2,1,0,1,50,adult
202200034583,16,7,2022,0 days 11:25:00,1,09,09122,2,9,1,1,FAURE (COURS GABRIEL),"42,9643650000","1,6104120000",1,1,2,1970.0,5,1,8,-1,B01,1,0,2,8,1,5,3,FAURE (COURS GABRIEL),0.0,,1,2,1,2,1,1,9,1,30,child
202200034583,16,7,2022,0 days 11:25:00,1,09,09122,2,9,1,1,FAURE (COURS GABRIEL),"42,9643650000","1,6104120000",1,4,1,2001.0,5,8,0,-1,B01,1,0,2,8,1,5,3,FAURE (COURS GABRIEL),0.0,,1,2,1,2,1,1,9,1,30,adult
202200034606,16,7,2022,0 days 01:50:00,5,75,75110,2,2,1,3,BOULEVARD DE MAGENTA,"48,8748050000","2,3573900000",1,1,1,1962.0,1,1,0,-1,B01,1,0,2,7,1,5,4,BOULEVARD DE MAGENTA,0.0,,2,4,3,1,1,1,0,5,30,child
202200034606,16,7,2022,0 days 01:50:00,5,75,75110,2,2,1,3,BOULEVARD DE MAGENTA,"48,8748050000","2,3573900000",1,4,1,1995.0,5,0,0,-1,B01,1,0,2,7,1,5,4,BOULEVARD DE MAGENTA,0.0,,2,4,3,1,1,1,0,5,30,adult
202200034624,1,3,2022,0 days 12:00:00,1,46,46251,2,3,1,3,Rue de Pommiers,"44,8557210000","1,8773000000",1,3,2,1964.0,1,0,-1,-1,B01,3,0,2,1,1,5,4,,-1.0,,2,2,0,1,1,1,0,1,50,child
202200034624,1,3,2022,0 days 12:00:00,1,46,46251,2,3,1,3,Rue de Pommiers,"44,8557210000","1,8773000000",1,1,1,1987.0,1,1,-1,-1,B01,3,0,2,1,1,5,4,,-1.0,,2,2,0,1,1,1,0,1,50,adult
202200034643,24,7,2022,0 days 16:30:00,1,92,92036,2,1,1,2,LOUIS CALMEL (RUE) (1),"48,9266380000","2,2941370000",1,1,1,1964.0,0,2,0,-1,B01,1,0,2,1,2,5,3,,0.0,,3,2,1,1,1,1,0,1,50,child
202200034643,24,7,2022,0 days 16:30:00,1,92,92036,2,1,1,2,LOUIS CALMEL (RUE) (1),"48,9266380000","2,2941370000",1,4,2,2005.0,0,2,0,-1,B01,1,0,2,1,2,5,3,,0.0,,3,2,1,1,1,1,0,1,50,adult
202200034652,26,8,2022,0 days 14:30:00,1,92,92012,2,1,1,6,SAUSSIERE (RUE DE LA),"48,8389609290","2,2400055528",1,1,2,1979.0,5,1,8,-1,B01,1,0,2,3,2,5,4,,0.0,,1,1,1,1,1,1,0,1,30,child
202200034652,26,8,2022,0 days 14:30:00,1,92,92012,2,1,1,6,SAUSSIERE (RUE DE LA),"48,8389609290","2,2400055528",1,4,2,2001.0,5,2,8,-1,B01,1,0,2,3,2,5,4,,0.0,,1,1,1,1,1,1,0,1,30,adult
202200034670,28,2,2022,0 days 07:45:00,1,67,67173,2,6,1,3,D31,"48,6217190000","7,6895820000",1,1,1,1945.0,0,1,-1,-1,B01,3,0,2,1,0,5,3,31,0.0,D,1,1,1,1,2,1,0,8,50,child
202200034670,28,2,2022,0 days 07:45:00,1,67,67173,2,6,1,3,D31,"48,6217190000","7,6895820000",1,4,2,1970.0,1,0,-1,-1,B01,3,0,2,1,0,5,3,31,0.0,D,1,1,1,1,2,1,0,8,50,adult
202200034699,25,8,2022,0 days 13:21:00,1,25,25482,1,3,9,3,D149,"47,2693070000","5,8192080000",1,3,1,1958.0,9,2,6,-1,B01,1,0,2,8,13,5,3,149,-1.0,,2,2,0,1,3,1,0,1,80,child
202200034699,25,8,2022,0 days 13:21:00,1,25,25482,1,3,9,3,D149,"47,2693070000","5,8192080000",1,1,2,1992.0,1,1,-1,-1,B01,1,0,2,8,13,5,3,149,-1.0,,2,2,0,1,3,1,0,1,80,adult
202200034722,26,2,2022,0 days 17:50:00,1,85,85097,1,3,7,3,RD755,"46,9158200000"," -1,0470950000",1,1,1,1967.0,1,1,-1,-1,B01,1,0,2,6,15,5,3,755,0.0,,2,2,0,1,1,1,5,1,80,child
202200034722,26,2,2022,0 days 17:50:00,1,85,85097,1,3,7,3,RD755,"46,9158200000"," -1,0470950000",1,3,1,2002.0,5,0,-1,-1,B01,1,0,2,6,15,5,3,755,0.0,,2,2,0,1,1,1,5,1,80,adult
202200034765,25,8,2022,0 days 16:45:00,1,06,06157,2,1,1,3,Chemin des Anciens Combattants d Afrique du Nord,"43,7244440000","7,0896360000",1,1,1,1975.0,5,1,-1,-1,B01,3,0,2,1,15,5,7,,0.0,,2,2,0,2,1,1,0,1,50,child