Num_Acc,jour,mois,an,hrmn,lum,dep,com,agg,int,atm,col,adr,lat,long,catu,grav,sexe,an_nais,trajet,secu1,secu2,secu3,num_veh_y,senc,obs,obsm,choc,manv,motor,catr,voie,v1,v2,circ,nbv,vosp,prof,plan,surf,infra,situ,vma,age
202200034765,25,8,2022,0 days 16:45:00,1,06,06157,2,1,1,3,Chemin des Anciens Combattants d Afrique du Nord,"43,7244440000","7,0896360000",1,2,2,2006.0,5,0,-1,-1,B01,3,0,2,1,15,5,7,,0.0,,2,2,0,2,1,1,0,1,50,adult
202200034787,28,2,2022,0 days 08:00:00,1,69,69383,2,1,1,3,Avenue Lacassagne,"45,7486700000","4,8793400000",1,4,1,1970.0,1,8,-1,-1,B01,3,0,2,0,0,0,4,LACASSAGNE                          (AV),0.0,,1,2,2,1,1,1,-1,5,50,child
202200034787,28,2,2022,0 days 08:00:00,1,69,69383,2,1,1,3,Avenue Lacassagne,"45,7486700000","4,8793400000",1,1,1,2000.0,1,8,-1,-1,B01,3,0,2,0,0,0,4,LACASSAGNE                          (AV),0.0,,1,2,2,1,1,1,-1,5,50,adult
202200034844,25,8,2022,0 days 17:00:00,1,69,69383,2,1,1,2,Rue Paul Bert,"45,7569900000","4,8522600000",1,1,1,1976.0,0,8,-1,-1,A01,1,0,2,4,1,5,4,PAUL BERT                           (R ),0.0,,2,3,2,1,1,1,0,1,30,child
202200034844,25,8,2022,0 days 17:00:00,1,69,69383,2,1,1,2,Rue Paul Bert,"45,7569900000","4,8522600000",1,4,1,1999.0,0,8,-1,-1,A01,1,0,2,4,1,5,4,PAUL BERT                           (R ),0.0,,2,3,2,1,1,1,0,1,30,adult
202200034865,19,8,2022,0 days 18:30:00,1,84,84007,2,1,1,3,PIERRE SEMARD (avenue),"43,9393000000","4,8213000000",1,1,1,1956.0,5,1,0,-1,B01,3,0,2,8,1,5,4,PIERRE SEMARD (avenue),0.0,,2,3,1,1,1,1,0,1,50,child
202200034865,19,8,2022,0 days 18:30:00,1,84,84007,2,1,1,3,PIERRE SEMARD (avenue),"43,9393000000","4,8213000000",1,2,1,1999.0,5,8,0,-1,B01,3,0,2,8,1,5,4,PIERRE SEMARD (avenue),0.0,,2,3,1,1,1,1,0,1,50,adult
202200034883,25,8,2022,0 days 15:45:00,1,71,71475,2,1,1,3,LYON (ROUTE DE ),"46,7633000000","4,8425000000",1,3,1,1949.0,5,8,0,-1,B01,2,0,2,8,1,5,3,LYON (ROUTE DE ),0.0,,2,2,2,1,1,1,0,1,50,child
202200034883,25,8,2022,0 days 15:45:00,1,71,71475,2,1,1,3,LYON (ROUTE DE ),"46,7633000000","4,8425000000",1,1,1,1994.0,0,1,8,-1,B01,2,0,2,8,1,5,3,LYON (ROUTE DE ),0.0,,2,2,2,1,1,1,0,1,50,adult
202200034959,18,1,2022,0 days 17:40:00,2,02,02131,2,6,1,3,,"49,3939060000","3,3740100000",1,3,1,1968.0,5,2,9,-1,A01,1,0,2,1,16,5,3,925,0.0,,4,1,0,1,2,1,5,1,50,child
202200034959,18,1,2022,0 days 17:40:00,2,02,02131,2,6,1,3,,"49,3939060000","3,3740100000",1,1,2,2001.0,5,1,-1,-1,A01,1,0,2,1,16,5,3,925,0.0,,4,1,0,1,2,1,5,1,50,adult
202200034990,24,2,2022,0 days 18:15:00,1,42,42218,2,1,1,2,Place Jean Jaurès,"45,4413400000","4,3873100000",1,3,1,1945.0,5,8,0,-1,B01,1,0,0,4,1,5,4,JAURES JEAN (PLACE),0.0,,1,1,0,1,1,1,0,1,30,child
202200034990,24,2,2022,0 days 18:15:00,1,42,42218,2,1,1,2,Place Jean Jaurès,"45,4413400000","4,3873100000",1,1,1,2006.0,5,2,6,-1,B01,1,0,0,4,1,5,4,JAURES JEAN (PLACE),0.0,,1,1,0,1,1,1,0,1,30,adult
202200035055,10,4,2022,0 days 14:30:00,1,87,87002,2,6,1,3,rond point de l'europe - D914,"45,9558270000","1,4024140000",1,2,1,1947.0,5,2,-1,-1,B01,1,0,2,5,1,5,3,914,-1.0,,-1,1,0,1,1,1,0,1,-1,child
202200035055,10,4,2022,0 days 14:30:00,1,87,87002,2,6,1,3,rond point de l'europe - D914,"45,9558270000","1,4024140000",2,1,1,1970.0,5,1,-1,-1,B01,1,0,2,5,1,5,3,914,-1.0,,-1,1,0,1,1,1,0,1,-1,adult
202200035055,10,4,2022,0 days 14:30:00,1,87,87002,2,6,1,3,rond point de l'europe - D914,"45,9558270000","1,4024140000",1,1,2,1971.0,5,1,-1,-1,B01,1,0,2,5,1,5,3,914,-1.0,,-1,1,0,1,1,1,0,1,-1,adult
202200035103,14,6,2022,0 days 14:15:00,1,80,80021,2,1,1,6,JEAN CATELAS (RUE),"49,8948200000","2,2918500000",3,4,2,1940.0,0,0,-1,-1,A01,0,0,1,2,1,5,4,JEAN CATELAS (RUE),0.0,,2,2,1,1,1,1,0,5,30,child
202200035103,14,6,2022,0 days 14:15:00,1,80,80021,2,1,1,6,JEAN CATELAS (RUE),"49,8948200000","2,2918500000",1,1,1,1981.0,5,2,0,-1,A01,0,0,1,2,1,5,4,JEAN CATELAS (RUE),0.0,,2,2,1,1,1,1,0,5,30,adult
202200035104,18,1,2022,0 days 18:35:00,5,69,69388,2,2,1,3,Avenue des Frères Lumière,"45,7470750317","4,8598033190",1,4,2,1967.0,5,8,-1,-1,B01,2,0,2,0,0,5,4,FRERES LUMIERE (DES)                (AV),0.0,,2,2,2,1,1,1,0,5,30,child
202200035104,18,1,2022,0 days 18:35:00,5,69,69388,2,2,1,3,Avenue des Frères Lumière,"45,7470750317","4,8598033190",1,1,2,1996.0,5,1,-1,-1,B01,2,0,2,0,0,5,4,FRERES LUMIERE (DES)                (AV),0.0,,2,2,2,1,1,1,0,5,30,adult
202200035104,18,1,2022,0 days 18:35:00,5,69,69388,2,2,1,3,Avenue des Frères Lumière,"45,7470750317","4,8598033190",2,1,2,2002.0,2,1,-1,-1,B01,2,0,2,0,0,5,4,FRERES LUMIERE (DES)                (AV),0.0,,2,2,2,1,1,1,0,5,30,adult
202200035156,9,4,2022,0 days 11:20:00,1,07,07094,1,1,1,1,,"44,8760580000","4,7763920000",1,1,2,1984.0,1,8,-1,-1,B01,3,0,2,1,1,5,3,,-1.0,,2,1,0,2,3,1,0,1,80,child
202200035156,9,4,2022,0 days 11:20:00,1,07,07094,1,1,1,1,,"44,8760580000","4,7763920000",1,3,1,2006.0,5,2,-1,-1,B01,3,0,2,1,1,5,3,,-1.0,,2,1,0,2,3,1,0,1,80,adult
202200035163,16,6,2022,0 days 08:18:00,1,63,63113,2,2,1,3,THEURIET (RUE ANDRE),"45,7649200000","3,0792100000",1,1,2,1968.0,0,1,-1,-1,B01,2,0,2,7,1,5,4,THEURIET (RUE ANDRE),0.0,,2,2,0,1,1,1,0,1,50,child
202200035163,16,6,2022,0 days 08:18:00,1,63,63113,2,2,1,3,THEURIET (RUE ANDRE),"45,7649200000","3,0792100000",1,4,1,1973.0,0,2,-1,-1,B01,2,0,2,7,1,5,4,THEURIET (RUE ANDRE),0.0,,2,2,0,1,1,1,0,1,50,adult
202200035163,16,6,2022,0 days 08:18:00,1,63,63113,2,2,1,3,THEURIET (RUE ANDRE),"45,7649200000","3,0792100000",2,4,2,2014.0,0,2,-1,-1,B01,2,0,2,7,1,5,4,THEURIET (RUE ANDRE),0.0,,2,2,0,1,1,1,0,1,50,adult
202200035209,20,8,2022,0 days 16:16:00,1,35,35186,1,1,1,3,Lieu Dit les Rivieres,"48,5901744784"," -1,7767086625",1,3,1,1938.0,5,2,-1,-1,B01,2,0,2,8,1,5,3,155,0.0,D,2,2,0,1,1,1,0,1,80,child
202200035209,20,8,2022,0 days 16:16:00,1,35,35186,1,1,1,3,Lieu Dit les Rivieres,"48,5901744784"," -1,7767086625",1,1,2,1999.0,5,1,-1,-1,B01,2,0,2,8,1,5,3,155,0.0,D,2,2,0,1,1,1,0,1,80,adult
202200035233,12,6,2022,0 days 09:16:00,1,36,36159,2,1,1,2,Avenue de la Forêt,"46,7567300000","1,7217600000",1,1,1,1941.0,5,1,0,-1,B01,1,0,2,8,1,5,3,FORET (AVENUE DE LA) R.D. N°990,0.0,,2,2,1,1,1,1,0,1,50,child
202200035233,12,6,2022,0 days 09:16:00,1,36,36159,2,1,1,2,Avenue de la Forêt,"46,7567300000","1,7217600000",1,4,2,1971.0,1,8,0,-1,B01,1,0,2,8,1,5,3,FORET (AVENUE DE LA) R.D. N°990,0.0,,2,2,1,1,1,1,0,1,50,adult
202200035257,19,8,2022,0 days 11:35:00,1,27,27457,1,1,1,1,La Noé Moussard,"48,7690536317","0,9259243010",1,1,1,1930.0,5,1,-1,-1,B01,1,0,2,4,13,5,3,840,0.0,D,2,2,0,1,1,1,0,1,80,child
202200035257,19,8,2022,0 days 11:35:00,1,27,27457,1,1,1,1,La Noé Moussard,"48,7690536317","0,9259243010",1,4,1,1954.0,3,0,-1,-1,B01,1,0,2,4,13,5,3,840,0.0,D,2,2,0,1,1,1,0,1,80,adult
202200035358,16,6,2022,0 days 18:25:00,1,75,75115,2,3,7,6,RUE LECOURBE,"48,8443990000","2,3087550000",3,4,2,1979.0,9,8,8,-1,Z01,1,0,1,1,1,5,4,RUE LECOURBE,0.0,,2,3,1,1,1,1,-1,5,30,child
202200035358,16,6,2022,0 days 18:25:00,1,75,75115,2,3,7,6,RUE LECOURBE,"48,8443990000","2,3087550000",1,1,1,2002.0,-1,8,0,-1,Z01,1,0,1,1,1,5,4,RUE LECOURBE,0.0,,2,3,1,1,1,1,-1,5,30,adult
202200035373,16,6,2022,0 days 10:35:00,1,75,75111,2,4,1,6,RUE DE CHARONNE,"48,8533290000","2,3769820000",3,4,2,1946.0,5,0,-1,-1,A01,2,0,1,1,1,5,4,RUE DE CHARONNE,0.0,,2,2,0,1,1,1,0,1,30,child
202200035373,16,6,2022,0 days 10:35:00,1,75,75111,2,4,1,6,RUE DE CHARONNE,"48,8533290000","2,3769820000",1,1,1,1989.0,1,2,0,-1,A01,2,0,1,1,1,5,4,RUE DE CHARONNE,0.0,,2,2,0,1,1,1,0,1,30,adult
202200035389,16,6,2022,0 days 17:44:00,1,94,94044,2,1,1,2,VERDUN (AV DE),"48,7503150000","2,4829700000",1,1,1,1960.0,4,1,0,-1,A01,0,0,0,1,2,5,3,VERDUN (AV DE),0.0,,2,1,0,1,1,1,0,1,50,child
202200035389,16,6,2022,0 days 17:44:00,1,94,94044,2,1,1,2,VERDUN (AV DE),"48,7503150000","2,4829700000",1,4,1,2000.0,0,8,0,-1,A01,0,0,0,1,2,5,3,VERDUN (AV DE),0.0,,2,1,0,1,1,1,0,1,50,adult
202200035542,5,11,2022,0 days 16:55:00,1,55,55516,1,1,1,6,D966,"48,6070360000","5,4036640000",1,1,1,1962.0,4,8,-1,-1,B01,0,0,0,4,2,5,3,966,0.0,,2,2,0,1,1,1,0,1,90,child
202200035542,5,11,2022,0 days 16:55:00,1,55,55516,1,1,1,6,D966,"48,6070360000","5,4036640000",1,4,1,1996.0,5,2,-1,-1,B01,0,0,0,4,2,5,3,966,0.0,,2,2,0,1,1,1,0,1,90,adult
202200035584,26,8,2022,0 days 21:40:00,5,59,59122,2,1,1,3,PERONNE (RUE DE),"50,1672972882","3,2367798686",1,1,1,1973.0,0,1,0,-1,B01,3,0,2,8,19,5,4,PERONNE (RUE DE),0.0,,2,2,0,4,3,1,0,1,50,child
202200035584,26,8,2022,0 days 21:40:00,5,59,59122,2,1,1,3,PERONNE (RUE DE),"50,1672972882","3,2367798686",1,4,2,2008.0,5,8,0,-1,B01,3,0,2,8,19,5,4,PERONNE (RUE DE),0.0,,2,2,0,4,3,1,0,1,50,adult
202200035589,3,11,2022,0 days 08:25:00,1,974,97411,2,1,1,3,MONDON (RUE MONSEIGNEUR)," -20,8948510000","55,4601210000",1,1,2,1973.0,9,1,0,-1,A01,3,0,2,1,9,5,4,MONDON (RUE MONSEIGNEUR),0.0,,-1,2,0,2,1,1,0,1,50,child
202200035589,3,11,2022,0 days 08:25:00,1,974,97411,2,1,1,3,MONDON (RUE MONSEIGNEUR)," -20,8948510000","55,4601210000",1,4,1,2005.0,5,8,0,-1,A01,3,0,2,1,9,5,4,MONDON (RUE MONSEIGNEUR),0.0,,-1,2,0,2,1,1,0,1,50,adult
202200035589,3,11,2022,0 days 08:25:00,1,974,97411,2,1,1,3,MONDON (RUE MONSEIGNEUR)," -20,8948510000","55,4601210000",2,4,1,2007.0,2,2,0,-1,A01,3,0,2,1,9,5,4,MONDON (RUE MONSEIGNEUR),0.0,,-1,2,0,2,1,1,0,1,50,adult
202200035628,2,11,2022,0 days 19:10:00,5,37,37261,2,6,1,3,EIFFEL (AVENUE GUSTAVE),"47,4257200000","0,6970600000",1,1,1,1963.0,9,1,0,-1,A01,2,0,2,5,9,5,4,,0.0,,2,6,1,1,1,1,9,8,50,child
202200035628,2,11,2022,0 days 19:10:00,5,37,37261,2,6,1,3,EIFFEL (AVENUE GUSTAVE),"47,4257200000","0,6970600000",1,4,1,1995.0,1,2,8,-1,A01,2,0,2,5,9,5,4,,0.0,,2,6,1,1,1,1,9,8,50,adult
202200035651,16,5,2022,0 days 08:25:00,1,44,44184,2,3,1,3,4 Rue des Frères Péreire,"47,2770000000"," -2,2034800000",1,1,2,1959.0,0,1,0,-1,B01,2,0,2,4,1,5,4,LÉGION D'HONNEUR (BOULEVARD DE LA),0.0,,2,2,1,1,1,1,0,5,30,child
202200035651,16,5,2022,0 days 08:25:00,1,44,44184,2,3,1,3,4 Rue des Frères Péreire,"47,2770000000"," -2,2034800000",1,4,1,1991.0,1,8,0,-1,B01,2,0,2,4,1,5,4,LÉGION D'HONNEUR (BOULEVARD DE LA),0.0,,2,2,1,1,1,1,0,5,30,adult
202200035654,29,10,2022,0 days 14:45:00,1,05,05061,2,6,1,3,Avenue Bernard Givaudan,"44,5394200000","6,0635700000",1,1,1,1946.0,5,8,-1,-1,B01,3,0,2,7,1,5,3,Bernard GIVAUDAN (Avenue) D900B,0.0,,2,2,0,1,1,1,0,1,50,child
202200035654,29,10,2022,0 days 14:45:00,1,05,05061,2,6,1,3,Avenue Bernard Givaudan,"44,5394200000","6,0635700000",1,4,1,1967.0,5,2,-1,-1,B01,3,0,2,7,1,5,3,Bernard GIVAUDAN (Avenue) D900B,0.0,,2,2,0,1,1,1,0,1,50,adult
202200035675,17,5,2022,0 days 09:00:00,1,31,31555,2,3,1,1,LARDENNE (AV DE),"43,5902000000","1,3681100000",1,1,2,1966.0,1,1,0,-1,B01,1,0,2,1,1,5,7,LARDENNE (AV DE),0.0,,2,0,0,2,1,1,0,1,50,child
202200035675,17,5,2022,0 days 09:00:00,1,31,31555,2,3,1,1,LARDENNE (AV DE),"43,5902000000","1,3681100000",1,4,1,1996.0,1,2,0,-1,B01,1,0,2,1,1,5,7,LARDENNE (AV DE),0.0,,2,0,0,2,1,1,0,1,50,adult
202200035742,17,5,2022,0 days 08:05:00,1,75,75107,2,3,1,3,QUAI D ORSAY,"48,8628900000","2,3151830000",1,4,2,1968.0,1,2,0,-1,B01,3,0,2,3,19,5,4,QUAI D ORSAY,0.0,,2,5,1,1,1,1,-1,5,30,child
202200035742,17,5,2022,0 days 08:05:00,1,75,75107,2,3,1,3,QUAI D ORSAY,"48,8628900000","2,3151830000",1,1,1,1997.0,1,2,6,-1,B01,3,0,2,3,19,5,4,QUAI D ORSAY,0.0,,2,5,1,1,1,1,-1,5,30,adult
202200035753,2,11,2022,0 days 12:35:00,1,22,22278,2,2,1,3,CRESPIN (PASTEUR),"48,5077900000"," -2,7495400000",1,3,2,1951.0,0,2,6,-1,B01,3,0,2,8,1,5,4,CRESPIN (PASTEUR),0.0,,2,2,0,1,1,1,0,1,30,child
202200035753,2,11,2022,0 days 12:35:00,1,22,22278,2,2,1,3,CRESPIN (PASTEUR),"48,5077900000"," -2,7495400000",1,1,1,2001.0,0,2,0,-1,B01,3,0,2,8,1,5,4,CRESPIN (PASTEUR),0.0,,2,2,0,1,1,1,0,1,30,adult
202200035769,17,5,2022,0 days 20:30:00,1,93,93066,2,2,1,3,Boulevard Anatole France / Rue du Docteur Finot,"48,9182856811","2,3416998982",1,1,1,1966.0,4,1,0,-1,B01,-1,0,2,1,19,5,3,FRANCE ANATOLE (BOULEVARD) NR 2 A 24,0.0,,2,4,1,1,1,1,0,1,50,child
202200035769,17,5,2022,0 days 20:30:00,1,93,93066,2,2,1,3,Boulevard Anatole France / Rue du Docteur Finot,"48,9182856811","2,3416998982",1,4,1,1997.0,0,8,0,-1,B01,-1,0,2,1,19,5,3,FRANCE ANATOLE (BOULEVARD) NR 2 A 24,0.0,,2,4,1,1,1,1,0,1,50,adult
202200035769,17,5,2022,0 days 20:30:00,1,93,93066,2,2,1,3,Boulevard Anatole France / Rue du Docteur Finot,"48,9182856811","2,3416998982",2,1,2,2004.0,0,1,0,-1,B01,-1,0,2,1,19,5,3,FRANCE ANATOLE (BOULEVARD) NR 2 A 24,0.0,,2,4,1,1,1,1,0,1,50,adult
202200035773,16,5,2022,0 days 21:50:00,5,93,93008,2,1,1,3,Avenue Jean Jaures,"48,8999000000","2,4415800000",1,4,1,1981.0,0,0,0,-1,B01,2,0,2,6,11,5,3,JAURES (AVENUE JEAN),0.0,,3,4,0,4,1,1,0,1,50,child
202200035773,16,5,2022,0 days 21:50:00,5,93,93008,2,1,1,3,Avenue Jean Jaures,"48,8999000000","2,4415800000",1,4,1,2004.0,5,2,6,-1,B01,2,0,2,6,11,5,3,JAURES (AVENUE JEAN),0.0,,3,4,0,4,1,1,0,1,50,adult
202200035789,17,5,2022,0 days 14:00:00,1,92,92024,2,2,1,3,JEAN JAURES (BD) DE (1 A 45)   (2 A 54),"48,8999400000","2,3061300000",1,4,2,1973.0,1,8,0,-1,A01,1,0,2,2,0,5,3,911,0.0,,1,3,1,1,1,1,0,1,30,child
202200035789,17,5,2022,0 days 14:00:00,1,92,92024,2,2,1,3,JEAN JAURES (BD) DE (1 A 45)   (2 A 54),"48,8999400000","2,3061300000",1,1,1,1995.0,1,8,0,-1,A01,1,0,2,2,0,5,3,911,0.0,,1,3,1,1,1,1,0,1,30,adult
202200035944,29,9,2022,0 days 09:20:00,1,69,69383,2,2,2,1,Cours Gambetta,"45,7504800000","4,8570400000",1,1,1,1975.0,0,1,-1,-1,Y01,2,0,2,8,19,0,4,GAMBETTA                            (CO),0.0,,1,2,2,1,1,2,0,1,30,child
202200035944,29,9,2022,0 days 09:20:00,1,69,69383,2,2,2,1,Cours Gambetta,"45,7504800000","4,8570400000",1,3,2,2000.0,0,0,-1,-1,Y01,2,0,2,8,19,0,4,GAMBETTA                            (CO),0.0,,1,2,2,1,1,2,0,1,30,adult
202200035962,29,9,2022,0 days 16:45:00,1,69,69091,2,1,1,5,Rue Edouard Idoux,"45,5916000000","4,7629100000",1,1,1,1958.0,0,1,-1,-1,C01,2,0,2,8,2,0,4,EDOUART IDOUX ( R ),0.0,,2,2,0,1,1,1,0,1,50,child
202200035962,29,9,2022,0 days 16:45:00,1,69,69091,2,1,1,5,Rue Edouard Idoux,"45,5916000000","4,7629100000",1,4,1,2001.0,0,8,-1,-1,C01,2,0,2,8,2,0,4,EDOUART IDOUX ( R ),0.0,,2,2,0,1,1,1,0,1,50,adult
202200035962,29,9,2022,0 days 16:45:00,1,69,69091,2,1,1,5,Rue Edouard Idoux,"45,5916000000","4,7629100000",1,-1,-1,,-1,-1,-1,-1,C01,2,0,2,8,2,0,4,EDOUART IDOUX ( R ),0.0,,2,2,0,1,1,1,0,1,50,child
202200035965,27,9,2022,0 days 10:28:00,1,66,66136,2,6,1,3,FLANDRES/DUNKERQUE (CARREFOUR),"42,6864600000","2,9066800000",1,1,2,1979.0,9,1,0,-1,B01,1,0,2,8,1,5,4,,0.0,,1,2,1,1,3,1,0,1,50,child
202200035965,27,9,2022,0 days 10:28:00,1,66,66136,2,6,1,3,FLANDRES/DUNKERQUE (CARREFOUR),"42,6864600000","2,9066800000",1,4,2,2000.0,5,8,0,-1,B01,1,0,2,8,1,5,4,,0.0,,1,2,1,1,3,1,0,1,50,adult
202200035979,29,9,2022,0 days 19:10:00,1,35,35238,2,2,1,3,FOUGERES (RUE DE),"48,1222900000"," -1,6618200000",1,4,1,1962.0,1,2,-1,-1,B01,3,0,2,1,1,5,4,FOUGERES (RUE DE),0.0,,2,2,0,2,1,1,0,1,50,child
202200035979,29,9,2022,0 days 19:10:00,1,35,35238,2,2,1,3,FOUGERES (RUE DE),"48,1222900000"," -1,6618200000",1,1,2,2000.0,5,1,-1,-1,B01,3,0,2,1,1,5,4,FOUGERES (RUE DE),0.0,,2,2,0,2,1,1,0,1,50,adult
202200035981,29,8,2022,0 days 08:10:00,1,30,30189,2,6,1,3,FOUR A CHAUX (ROND POINT),"43,8141900000","4,3344800000",1,3,1,1951.0,1,8,0,-1,B01,1,0,2,7,1,5,2,,0.0,,1,-1,0,1,2,1,0,1,50,child
202200035981,29,8,2022,0 days 08:10:00,1,30,30189,2,6,1,3,FOUR A CHAUX (ROND POINT),"43,8141900000","4,3344800000",1,1,2,1990.0,1,1,0,-1,B01,1,0,2,7,1,5,2,,0.0,,1,-1,0,1,2,1,0,1,50,adult
202200036019,29,9,2022,0 days 18:12:00,1,94,94071,2,6,1,1,Route de la Queue-en-brie / Avenue Gabriel Péri,"48,7613200000","2,5331500000",1,1,1,1977.0,0,1,0,-1,B01,2,0,2,4,15,5,3,QUEUE EN BRIE (RTE DE LA),0.0,,2,2,1,1,2,1,0,3,30,child
202200036019,29,9,2022,0 days 18:12:00,1,94,94071,2,6,1,1,Route de la Queue-en-brie / Avenue Gabriel Péri,"48,7613200000","2,5331500000",1,4,1,2005.0,9,8,0,-1,B01,2,0,2,4,15,5,3,QUEUE EN BRIE (RTE DE LA),0.0,,2,2,1,1,2,1,0,3,30,adult
202200036022,29,9,2022,0 days 12:00:00,1,93,93066,2,1,1,3,Boulevard Anatole France,"48,9267600000","2,3518300000",1,1,1,1961.0,4,1,0,-1,B01,0,1,0,0,1,5,3,FRANCE ANATOLE (BOULEVARD) NR 2 A 24,0.0,,2,4,1,1,1,1,0,1,50,child
202200036022,29,9,2022,0 days 12:00:00,1,93,93066,2,1,1,3,Boulevard Anatole France,"48,9267600000","2,3518300000",1,4,1,1986.0,5,8,8,-1,B01,0,1,0,0,1,5,3,FRANCE ANATOLE (BOULEVARD) NR 2 A 24,0.0,,2,4,1,1,1,1,0,1,50,adult
202200036045,30,9,2022,0 days 15:45:00,1,01,01384,1,1,1,1,D1504,"45,9499860000","5,4532960000",1,3,1,1966.0,5,2,-1,-1,B01,2,0,2,8,1,5,3,1504,0.0,,2,2,1,1,2,1,0,1,70,child
202200036045,30,9,2022,0 days 15:45:00,1,01,01384,1,1,1,1,D1504,"45,9499860000","5,4532960000",1,1,1,2000.0,5,1,-1,-1,B01,2,0,2,8,1,5,3,1504,0.0,,2,2,1,1,2,1,0,1,70,adult
202200036062,25,9,2022,0 days 14:15:00,1,68,68119,2,1,1,3,11 Rue de Cernay,"47,6512730000","7,1580450000",1,4,1,1962.0,5,2,-1,-1,B01,1,0,0,7,1,5,3,103,-1.0,,2,2,0,1,2,1,0,1,50,child
202200036062,25,9,2022,0 days 14:15:00,1,68,68119,2,1,1,3,11 Rue de Cernay,"47,6512730000","7,1580450000",1,1,1,2002.0,4,1,-1,-1,B01,1,0,0,7,1,5,3,103,-1.0,,2,2,0,1,2,1,0,1,50,adult
202200036093,25,9,2022,0 days 09:42:00,1,67,67101,1,2,1,3,Rue Leimenweg,"48,5270640000","7,4631070000",1,4,1,1959.0,5,2,-1,-1,A01,3,0,2,1,1,5,4,,0.0,,2,1,0,2,1,1,0,5,50,child
202200036093,25,9,2022,0 days 09:42:00,1,67,67101,1,2,1,3,Rue Leimenweg,"48,5270640000","7,4631070000",1,1,1,1980.0,5,1,-1,-1,A01,3,0,2,1,1,5,4,,0.0,,2,1,0,2,1,1,0,5,50,adult
202200036156,7,12,2022,0 days 15:30:00,1,36,36208,1,1,1,3,,"46,4964670811","2,0960605145",1,3,1,1970.0,5,2,-1,-1,B01,1,0,2,3,1,5,3,54,0.0,D,2,2,0,1,1,1,0,1,80,child
202200036156,7,12,2022,0 days 15:30:00,1,36,36208,1,1,1,3,,"46,4964670811","2,0960605145",1,1,1,1992.0,4,8,-1,-1,B01,1,0,2,3,1,5,3,54,0.0,D,2,2,0,1,1,1,0,1,80,adult
202200036257,18,1,2022,0 days 16:05:00,2,83,83137,2,1,1,1,LOTI (AVE PIERRE),"43,1138490000","5,9470320000",1,3,1,1942.0,5,2,8,-1,A01,3,0,2,1,19,5,4,LOTI (AVE PIERRE),0.0,,2,2,1,1,1,1,0,1,30,child
202200036257,18,1,2022,0 days 16:05:00,2,83,83137,2,1,1,1,LOTI (AVE PIERRE),"43,1138490000","5,9470320000",1,1,1,1981.0,1,1,-1,-1,A01,3,0,2,1,19,5,4,LOTI (AVE PIERRE),0.0,,2,2,1,1,1,1,0,1,30,adult
202200036262,18,1,2022,0 days 15:55:00,1,77,77221,1,1,1,3,D217B,"48,8521800000","2,7255600000",1,4,1,1946.0,5,2,0,-1,B01,-1,0,2,8,2,5,3,DEUX CHATEAUX (AVENUE DES ),0.0,,2,2,0,1,1,1,0,1,80,child
202200036262,18,1,2022,0 days 15:55:00,1,77,77221,1,1,1,3,D217B,"48,8521800000","2,7255600000",1,1,1,1995.0,4,1,0,-1,B01,-1,0,2,8,2,5,3,DEUX CHATEAUX (AVENUE DES ),0.0,,2,2,0,1,1,1,0,1,80,adult
202200036296,17,1,2022,0 days 06:45:00,3,59,59234,1,3,1,3,RD 120 (Z.I DES PRES LORIBES),"50,4032700000","3,0631200000",1,2,1,1967.0,1,8,4,-1,B01,2,0,2,7,1,5,1,A 21 (Sortie n° 20),0.0,,1,1,0,3,2,2,5,1,50,child
202200036296,17,1,2022,0 days 06:45:00,3,59,59234,1,3,1,3,RD 120 (Z.I DES PRES LORIBES),"50,4032700000","3,0631200000",1,1,1,1990.0,4,1,8,-1,B01,2,0,2,7,1,5,1,A 21 (Sortie n° 20),0.0,,1,1,0,3,2,2,5,1,50,adult
202200036386,30,4,2022,0 days 11:50:00,1,33,33009,2,1,1,1,PLAGE (BD DE LA) DU 196 ET +,"44,6628300000"," -1,1759400000",1,4,1,1964.0,5,0,-1,-1,A01,1,0,2,1,13,5,4,PLAGE (BD DE LA) DU 196 ET +,0.0,,1,1,1,1,1,1,0,5,50,child
202200036386,30,4,2022,0 days 11:50:00,1,33,33009,2,1,1,1,PLAGE (BD DE LA) DU 196 ET +,"44,6628300000"," -1,1759400000",1,4,2,1993.0,5,0,-1,-1,A01,1,0,2,1,13,5,4,PLAGE (BD DE LA) DU 196 ET +,0.0,,1,1,1,1,1,1,0,5,50,adult
202200036411,7,12,2022,0 days 17:57:00,5,35,35228,2,3,8,3,rue de Dinard,"48,5814910000"," -2,0585690000",1,1,1,1962.0,0,1,-1,-1,B01,1,0,2,3,1,5,4,,-1.0,,2,2,0,1,1,2,0,1,50,child