Num_Acc,jour,mois,an,hrmn,lum,dep,com,agg,int,atm,col,adr,lat,long,catu,grav,sexe,an_nais,trajet,secu1,secu2,secu3,num_veh_y,senc,obs,obsm,choc,manv,motor,catr,voie,v1,v2,circ,nbv,vosp,prof,plan,surf,infra,situ,vma,age
202200037948,27,9,2022,0 days 16:21:00,1,35,35238,2,6,2,2,VEZIN (ROUTE DE),"48,1163233687"," -1,7164769769",1,4,2,1998.0,1,2,-1,-1,B01,3,0,2,4,0,5,4,VEZIN (ROUTE DE),0.0,,1,1,1,1,2,2,0,1,50,adult
202200037951,27,9,2022,0 days 08:50:00,1,33,33281,2,2,1,3,Rue Fustel de Coulanges,"44,8439900000"," -0,6422500000",1,1,1,1963.0,0,1,-1,-1,B01,1,0,2,1,1,5,4,RUE FUSTEL DE COULANGES,0.0,,2,1,2,1,1,1,0,1,30,child
202200037951,27,9,2022,0 days 08:50:00,1,33,33281,2,2,1,3,Rue Fustel de Coulanges,"44,8439900000"," -0,6422500000",1,4,2,1992.0,0,0,-1,-1,B01,1,0,2,1,1,5,4,RUE FUSTEL DE COULANGES,0.0,,2,1,2,1,1,1,0,1,30,adult
202200037975,5,5,2022,0 days 08:25:00,1,91,91521,2,6,1,6,JOLIOT CURIE (AVENUE IRENE ET FREDERIC),"48,6383800000","2,3942200000",1,4,2,1966.0,5,2,0,-1,B01,1,0,2,7,9,5,3,JOLIOT CURIE (AVENUE IRENE ET FREDERIC),0.0,,4,1,0,1,3,1,0,1,30,child
202200037975,5,5,2022,0 days 08:25:00,1,91,91521,2,6,1,6,JOLIOT CURIE (AVENUE IRENE ET FREDERIC),"48,6383800000","2,3942200000",1,1,1,2003.0,5,1,8,-1,B01,1,0,2,7,9,5,3,JOLIOT CURIE (AVENUE IRENE ET FREDERIC),0.0,,4,1,0,1,3,1,0,1,30,adult
202200037982,28,9,2022,0 days 18:40:00,1,75,75117,2,7,1,3,PLACE DU MARECHAL JUIN,"48,8845230000","2,2972000000",1,1,1,1963.0,1,1,0,-1,B01,1,0,2,3,1,5,4,PLACE DU MARECHAL JUIN,0.0,,1,3,1,1,2,1,0,5,30,child
202200037982,28,9,2022,0 days 18:40:00,1,75,75117,2,7,1,3,PLACE DU MARECHAL JUIN,"48,8845230000","2,2972000000",1,4,2,1984.0,4,2,0,-1,B01,1,0,2,3,1,5,4,PLACE DU MARECHAL JUIN,0.0,,1,3,1,1,2,1,0,5,30,adult
202200037985,28,9,2022,0 days 09:00:00,1,75,75113,2,1,1,6,RUE DE TOLBIAC,"48,8262490000","2,3431380000",3,4,2,1946.0,5,0,-1,-1,A01,1,0,1,1,7,5,4,RUE DE TOLBIAC,0.0,,2,3,3,1,1,2,0,6,30,child
202200037985,28,9,2022,0 days 09:00:00,1,75,75113,2,1,1,6,RUE DE TOLBIAC,"48,8262490000","2,3431380000",1,4,2,1973.0,1,2,8,-1,A01,1,0,1,1,7,5,4,RUE DE TOLBIAC,0.0,,2,3,3,1,1,2,0,6,30,adult
202200038049,1,12,2022,0 days 13:48:00,1,68,68066,2,1,1,6,LADHOF (RUE DU),"48,1062300000","7,3790000000",1,1,1,1937.0,5,1,8,-1,B01,1,0,2,1,0,5,3,LADHOF (RUE DU),0.0,,2,2,0,1,1,1,0,1,50,child
202200038049,1,12,2022,0 days 13:48:00,1,68,68066,2,1,1,6,LADHOF (RUE DU),"48,1062300000","7,3790000000",1,4,1,1989.0,9,8,0,-1,B01,1,0,2,1,0,5,3,LADHOF (RUE DU),0.0,,2,2,0,1,1,1,0,1,50,adult
202200038139,17,1,2022,0 days 16:30:00,1,14,14258,2,2,1,3,D39,"48,8961260000"," -0,1894710000",1,3,1,1946.0,5,2,4,-1,B01,2,0,2,8,19,5,3,,-1.0,,2,2,0,1,1,1,0,1,50,child
202200038139,17,1,2022,0 days 16:30:00,1,14,14258,2,2,1,3,D39,"48,8961260000"," -0,1894710000",1,1,1,1998.0,4,1,-1,-1,B01,2,0,2,8,19,5,3,,-1.0,,2,2,0,1,1,1,0,1,50,adult
202200038146,13,9,2022,0 days 15:22:00,1,74,74249,1,1,1,2,D52,"46,3670900000","6,6501400000",1,2,2,1950.0,5,2,-1,-1,B01,1,0,2,4,1,5,3,52,0.0,,2,2,0,2,1,1,0,1,80,child
202200038146,13,9,2022,0 days 15:22:00,1,74,74249,1,1,1,2,D52,"46,3670900000","6,6501400000",1,1,2,1993.0,0,1,-1,-1,B01,1,0,2,4,1,5,3,52,0.0,,2,2,0,2,1,1,0,1,80,adult
202200038191,12,1,2022,0 days 16:45:00,1,18,18255,1,6,1,3,ZAC du Bois des Chagnières,"47,0489100000","2,3303700000",1,4,1,1946.0,5,8,0,-1,B01,3,0,2,1,1,5,4,ZAC BOIS DE CHAGNIERES,0.0,,1,2,0,1,2,1,9,1,50,child
202200038191,12,1,2022,0 days 16:45:00,1,18,18255,1,6,1,3,ZAC du Bois des Chagnières,"47,0489100000","2,3303700000",1,1,1,1996.0,5,1,0,-1,B01,3,0,2,1,1,5,4,ZAC BOIS DE CHAGNIERES,0.0,,1,2,0,1,2,1,9,1,50,adult
202200038219,16,1,2022,0 days 20:31:00,5,75,75102,2,1,8,3,RUE SAINT MARC,"48,8703250000","2,3416700000",1,1,1,1982.0,4,1,0,-1,B01,2,0,2,1,18,5,4,RUE SAINT MARC,0.0,,1,1,0,1,1,2,0,1,30,child
202200038219,16,1,2022,0 days 20:31:00,5,75,75102,2,1,8,3,RUE SAINT MARC,"48,8703250000","2,3416700000",2,1,1,1991.0,9,1,0,-1,B01,2,0,2,1,18,5,4,RUE SAINT MARC,0.0,,1,1,0,1,1,2,0,1,30,adult
202200038219,16,1,2022,0 days 20:31:00,5,75,75102,2,1,8,3,RUE SAINT MARC,"48,8703250000","2,3416700000",1,4,1,2003.0,4,2,0,-1,B01,2,0,2,1,18,5,4,RUE SAINT MARC,0.0,,1,1,0,1,1,2,0,1,30,adult
202200038235,6,12,2022,0 days 07:35:00,5,93,93050,2,9,1,2,Avenue Paul Doumer,"48,8584210807","2,5228080153",1,4,2,1972.0,1,8,0,-1,B01,0,0,0,0,0,5,3,PAUL DOUMER (RUE),0.0,,2,2,0,1,1,1,9,1,50,child
202200038235,6,12,2022,0 days 07:35:00,5,93,93050,2,9,1,2,Avenue Paul Doumer,"48,8584210807","2,5228080153",1,4,1,1994.0,1,2,8,-1,B01,0,0,0,0,0,5,3,PAUL DOUMER (RUE),0.0,,2,2,0,1,1,1,9,1,50,adult
202200038340,14,7,2022,0 days 09:30:00,1,83,83107,1,3,1,5,Route de Roquebrune sur Argens (Pont),"43,4121090000","6,6969610000",1,3,1,1945.0,5,2,6,-1,B01,1,0,2,1,21,5,3,7,-1.0,,2,2,2,1,1,1,0,1,80,child
202200038340,14,7,2022,0 days 09:30:00,1,83,83107,1,3,1,5,Route de Roquebrune sur Argens (Pont),"43,4121090000","6,6969610000",1,1,1,1953.0,5,1,-1,-1,B01,1,0,2,1,21,5,3,7,-1.0,,2,2,2,1,1,1,0,1,80,adult
202200038340,14,7,2022,0 days 09:30:00,1,83,83107,1,3,1,5,Route de Roquebrune sur Argens (Pont),"43,4121090000","6,6969610000",1,1,1,2000.0,5,1,-1,-1,B01,1,0,2,1,21,5,3,7,-1.0,,2,2,2,1,1,1,0,1,80,adult
202200038450,15,1,2022,0 days 10:50:00,1,43,43157,2,4,1,3,JARDINS (RUE DES),"45,0336400000","3,8830100000",1,4,1,1934.0,5,8,0,-1,B01,3,0,2,1,1,5,4,JARDINS (RUE DES),0.0,,-1,3,0,1,1,9,9,1,30,child
202200038450,15,1,2022,0 days 10:50:00,1,43,43157,2,4,1,3,JARDINS (RUE DES),"45,0336400000","3,8830100000",1,1,2,1956.0,0,8,0,-1,B01,3,0,2,1,1,5,4,JARDINS (RUE DES),0.0,,-1,3,0,1,1,9,9,1,30,adult
202200038457,5,9,2022,0 days 08:50:00,1,64,64024,2,1,1,3,BELIN (RUE DU BOIS),"43,4932000000"," -1,5250600000",1,4,1,1958.0,0,2,0,-1,B01,2,0,2,3,1,5,4,BELIN (RUE DU BOIS),0.0,,2,2,0,1,1,1,0,1,50,child
202200038457,5,9,2022,0 days 08:50:00,1,64,64024,2,1,1,3,BELIN (RUE DU BOIS),"43,4932000000"," -1,5250600000",1,1,2,1980.0,1,1,0,-1,B01,2,0,2,3,1,5,4,BELIN (RUE DU BOIS),0.0,,2,2,0,1,1,1,0,1,50,adult
202200038468,15,1,2022,0 days 03:05:00,5,31,31555,2,1,1,2,RUE DE METZ,"43,6005640000","1,4478980000",1,1,1,1972.0,4,1,0,-1,B01,2,0,0,0,0,5,4,RUE DE METZ,0.0,,1,1,3,1,1,1,9,6,50,child
202200038468,15,1,2022,0 days 03:05:00,5,31,31555,2,1,1,2,RUE DE METZ,"43,6005640000","1,4478980000",1,3,2,1997.0,5,8,0,-1,B01,2,0,0,0,0,5,4,RUE DE METZ,0.0,,1,1,3,1,1,1,9,6,50,adult
202200038505,14,7,2022,0 days 10:58:00,1,75,75119,2,2,1,3,AVENUE JEAN JAURES,"48,8828110000","2,3703550000",1,1,1,1965.0,5,1,8,-1,B01,1,0,2,8,15,5,4,AVENUE JEAN JAURES,0.0,,2,5,1,1,1,1,9,1,30,child
202200038505,14,7,2022,0 days 10:58:00,1,75,75119,2,2,1,3,AVENUE JEAN JAURES,"48,8828110000","2,3703550000",1,4,1,1993.0,5,2,8,-1,B01,1,0,2,8,15,5,4,AVENUE JEAN JAURES,0.0,,2,5,1,1,1,1,9,1,30,adult
202200038555,13,7,2022,0 days 16:30:00,1,67,67061,1,1,1,2,D133,"48,8203290000","7,4483660000",1,2,1,1965.0,1,0,-1,-1,B01,2,13,0,4,2,5,3,133,0.0,D,2,2,0,1,1,1,0,1,80,child
202200038555,13,7,2022,0 days 16:30:00,1,67,67061,1,1,1,2,D133,"48,8203290000","7,4483660000",1,1,2,1986.0,1,8,-1,-1,B01,2,13,0,4,2,5,3,133,0.0,D,2,2,0,1,1,1,0,1,80,adult
202200038586,15,7,2022,0 days 16:57:00,1,77,77347,1,1,1,6,D412,"48,4718120000","3,2280920000",1,1,1,1938.0,5,1,-1,-1,B01,2,0,2,4,1,5,3,412,0.0,,2,2,0,2,1,1,0,1,80,child
202200038586,15,7,2022,0 days 16:57:00,1,77,77347,1,1,1,6,D412,"48,4718120000","3,2280920000",1,3,1,1965.0,5,2,-1,-1,B01,2,0,2,4,1,5,3,412,0.0,,2,2,0,2,1,1,0,1,80,adult
202200038586,15,7,2022,0 days 16:57:00,1,77,77347,1,1,1,6,D412,"48,4718120000","3,2280920000",1,3,1,1972.0,5,2,-1,-1,B01,2,0,2,4,1,5,3,412,0.0,,2,2,0,2,1,1,0,1,80,adult
202200038633,23,8,2022,0 days 19:47:00,1,47,47201,2,1,1,2,MARNE (AV. DE LA),"44,1937800000","0,5959800000",1,4,1,1988.0,2,0,-1,-1,B01,0,0,2,4,1,5,3,MARNE (AV. DE LA),0.0,,2,2,2,2,1,1,0,5,50,child
202200038633,23,8,2022,0 days 19:47:00,1,47,47201,2,1,1,2,MARNE (AV. DE LA),"44,1937800000","0,5959800000",1,1,1,1997.0,4,2,6,-1,B01,0,0,2,4,1,5,3,MARNE (AV. DE LA),0.0,,2,2,2,2,1,1,0,5,50,adult
202200038633,23,8,2022,0 days 19:47:00,1,47,47201,2,1,1,2,MARNE (AV. DE LA),"44,1937800000","0,5959800000",2,4,1,2015.0,2,3,-1,-1,B01,0,0,2,4,1,5,3,MARNE (AV. DE LA),0.0,,2,2,2,2,1,1,0,5,50,adult
202200038633,23,8,2022,0 days 19:47:00,1,47,47201,2,1,1,2,MARNE (AV. DE LA),"44,1937800000","0,5959800000",2,4,2,2018.0,2,3,-1,-1,B01,0,0,2,4,1,5,3,MARNE (AV. DE LA),0.0,,2,2,2,2,1,1,0,5,50,adult
202200038639,27,2,2022,0 days 11:30:00,1,88,88175,1,3,1,1,38 Route d Aydoilles,"48,2159980000","6,5809230000",1,1,1,1961.0,5,1,-1,-1,B01,2,0,2,1,1,5,4,,-1.0,,2,2,0,2,3,1,5,1,-1,child
202200038639,27,2,2022,0 days 11:30:00,1,88,88175,1,3,1,1,38 Route d Aydoilles,"48,2159980000","6,5809230000",1,3,1,1993.0,5,2,-1,-1,B01,2,0,2,1,1,5,4,,-1.0,,2,2,0,2,3,1,5,1,-1,adult
202200038641,23,8,2022,0 days 04:45:00,3,38,38151,2,1,1,1,RN 87 (RONDEAU A J.DUCLOS),"45,1587000000","5,7077800000",1,2,1,1963.0,5,8,0,-1,A01,1,0,2,1,5,5,2,RN 87 (RONDEAU A J.DUCLOS),0.0,,2,4,0,2,1,1,3,1,50,child
202200038641,23,8,2022,0 days 04:45:00,3,38,38151,2,1,1,1,RN 87 (RONDEAU A J.DUCLOS),"45,1587000000","5,7077800000",1,1,1,1997.0,0,1,0,-1,A01,1,0,2,1,5,5,2,RN 87 (RONDEAU A J.DUCLOS),0.0,,2,4,0,2,1,1,3,1,50,adult
202200038650,25,2,2022,0 days 18:00:00,2,81,81140,2,1,1,2,Avenue Charles de Gaulle,"43,6988640000","1,8142350000",1,4,1,1945.0,5,0,-1,-1,A01,1,0,2,1,17,5,9,,-1.0,,2,1,0,1,1,1,0,1,50,child
202200038650,25,2,2022,0 days 18:00:00,2,81,81140,2,1,1,2,Avenue Charles de Gaulle,"43,6988640000","1,8142350000",1,1,1,1988.0,5,1,-1,-1,A01,1,0,2,1,17,5,9,,-1.0,,2,1,0,1,1,1,0,1,50,adult
202200038652,26,2,2022,0 days 15:35:00,1,09,09306,2,4,1,3,Avenue Peyrevidal,"42,8476510000","1,6034250000",1,3,1,1949.0,5,2,-1,-1,B01,1,0,2,0,2,5,3,618,-1.0,Y,1,2,0,1,2,1,0,1,50,child
202200038652,26,2,2022,0 days 15:35:00,1,09,09306,2,4,1,3,Avenue Peyrevidal,"42,8476510000","1,6034250000",1,1,1,1981.0,5,8,-1,-1,B01,1,0,2,0,2,5,3,618,-1.0,Y,1,2,0,1,2,1,0,1,50,adult
202200038692,23,8,2022,0 days 08:50:00,1,07,07102,2,6,1,3,Jean MOULIN (Rue),"44,9396000000","4,8650000000",1,1,2,1972.0,0,1,0,-1,B01,3,0,2,0,0,5,4,Jean MOULIN (Rue),0.0,,1,1,1,1,4,1,0,1,50,child
202200038692,23,8,2022,0 days 08:50:00,1,07,07102,2,6,1,3,Jean MOULIN (Rue),"44,9396000000","4,8650000000",1,4,1,1995.0,1,2,0,-1,B01,3,0,2,0,0,5,4,Jean MOULIN (Rue),0.0,,1,1,1,1,4,1,0,1,50,adult
202200038712,23,8,2022,0 days 17:50:00,1,75,75107,2,3,1,3,QUAI VOLTAIRE,"48,8585550000","2,3324680000",1,1,1,1946.0,4,1,0,-1,B01,3,0,2,0,1,5,4,QUAI VOLTAIRE,0.0,,2,5,1,1,1,1,-1,5,30,child
202200038712,23,8,2022,0 days 17:50:00,1,75,75107,2,3,1,3,QUAI VOLTAIRE,"48,8585550000","2,3324680000",1,4,2,1997.0,9,8,0,-1,B01,3,0,2,0,1,5,4,QUAI VOLTAIRE,0.0,,2,5,1,1,1,1,-1,5,30,adult
202200038801,15,6,2022,0 days 15:50:00,1,57,57541,2,1,1,3,15 Route de Baerenthal,"48,9836880000","7,5632130000",1,1,2,1967.0,5,8,-1,-1,A01,0,0,2,1,9,5,4,36,0.0,,1,1,0,3,1,1,0,1,50,child
202200038801,15,6,2022,0 days 15:50:00,1,57,57541,2,1,1,3,15 Route de Baerenthal,"48,9836880000","7,5632130000",1,3,1,2008.0,5,0,-1,-1,A01,0,0,2,1,9,5,4,36,0.0,,1,1,0,3,1,1,0,1,50,adult
202200038836,24,8,2022,0 days 12:35:00,1,53,53146,1,6,7,3,RN162,"48,1963405146"," -0,6666485519",1,4,1,1978.0,5,2,-1,-1,B01,2,0,2,5,1,5,2,162,-1.0,,2,2,0,1,2,1,5,1,80,child
202200038836,24,8,2022,0 days 12:35:00,1,53,53146,1,6,7,3,RN162,"48,1963405146"," -0,6666485519",1,1,1,2000.0,1,1,-1,-1,B01,2,0,2,5,1,5,2,162,-1.0,,2,2,0,1,2,1,5,1,80,adult
202200038901,25,2,2022,0 days 09:18:00,1,10,10387,2,1,1,3,CHOMEDEY DE MAISONNEUVE (AVE),"48,3088933760","4,0688896179",1,4,2,1958.0,1,8,0,-1,B01,1,0,2,0,0,5,4,CHOMEDEY DE MAISONNEUVE (AVE),0.0,,1,1,1,1,1,1,0,5,50,child
202200038901,25,2,2022,0 days 09:18:00,1,10,10387,2,1,1,3,CHOMEDEY DE MAISONNEUVE (AVE),"48,3088933760","4,0688896179",1,1,1,2000.0,0,1,0,-1,B01,1,0,2,0,0,5,4,CHOMEDEY DE MAISONNEUVE (AVE),0.0,,1,1,1,1,1,1,0,5,50,adult
202200038979,25,2,2022,0 days 16:45:00,1,75,75104,2,1,1,6,VOIE GEORGES POMPIDOU,"48,8544130374","2,3544770364",3,4,1,1951.0,5,0,-1,-1,A01,1,0,1,1,1,5,4,VOIE GEORGES POMPIDOU,0.0,,2,2,3,1,1,1,6,6,10,child
202200038979,25,2,2022,0 days 16:45:00,1,75,75104,2,1,1,6,VOIE GEORGES POMPIDOU,"48,8544130374","2,3544770364",1,4,1,2005.0,5,2,0,-1,A01,1,0,1,1,1,5,4,VOIE GEORGES POMPIDOU,0.0,,2,2,3,1,1,1,6,6,10,adult
202200038985,18,8,2022,0 days 11:40:00,1,84,84007,2,1,1,3,PEINTRES PARROCEL( Rue des),"43,9320000000","4,8289100000",1,3,1,1953.0,5,2,0,-1,B01,3,0,2,7,0,5,4,PEINTRES PARROCEL( Rue des),0.0,,1,1,1,1,3,1,0,1,50,child
202200038985,18,8,2022,0 days 11:40:00,1,84,84007,2,1,1,3,PEINTRES PARROCEL( Rue des),"43,9320000000","4,8289100000",1,1,1,2003.0,5,1,0,-1,B01,3,0,2,7,0,5,4,PEINTRES PARROCEL( Rue des),0.0,,1,1,1,1,3,1,0,1,50,adult
202200038991,25,2,2022,0 days 15:55:00,1,94,94041,2,1,1,3,122 Rue Marcel Hartmann,"48,8085360000","2,3813500000",1,1,1,1961.0,5,1,0,-1,A01,1,0,2,8,19,5,3,MARCEL HARTMANN (R),0.0,,1,1,0,1,1,1,0,1,50,child
202200038991,25,2,2022,0 days 15:55:00,1,94,94041,2,1,1,3,122 Rue Marcel Hartmann,"48,8085360000","2,3813500000",1,4,2,2001.0,4,0,0,-1,A01,1,0,2,8,19,5,3,MARCEL HARTMANN (R),0.0,,1,1,0,1,1,1,0,1,50,adult
202200039011,21,8,2022,0 days 14:20:00,1,67,67482,2,1,1,3,ROMAINS (ROUTE DES),"48,5784300000","7,7069000000",1,1,1,1975.0,0,1,8,-1,B01,2,0,2,1,19,5,4,ROMAINS (ROUTE DES),0.0,,2,5,2,1,1,1,0,1,50,child
202200039011,21,8,2022,0 days 14:20:00,1,67,67482,2,1,1,3,ROMAINS (ROUTE DES),"48,5784300000","7,7069000000",2,1,1,2004.0,0,1,8,-1,B01,2,0,2,1,19,5,4,ROMAINS (ROUTE DES),0.0,,2,5,2,1,1,1,0,1,50,adult
202200039011,21,8,2022,0 days 14:20:00,1,67,67482,2,1,1,3,ROMAINS (ROUTE DES),"48,5784300000","7,7069000000",1,4,1,2014.0,0,8,0,-1,B01,2,0,2,1,19,5,4,ROMAINS (ROUTE DES),0.0,,2,5,2,1,1,1,0,1,50,adult
202200039054,14,6,2022,0 days 15:15:00,1,83,83062,2,1,1,3,FABRI DE PEIRESC (AVENUE),"43,1385000000","6,0271000000",1,1,1,1969.0,0,1,-1,-1,B01,3,0,2,1,19,5,4,FABRI DE PEIRESC (AVENUE),0.0,,3,2,0,1,1,1,5,1,30,child
202200039054,14,6,2022,0 days 15:15:00,1,83,83062,2,1,1,3,FABRI DE PEIRESC (AVENUE),"43,1385000000","6,0271000000",1,3,2,1994.0,1,8,0,-1,B01,3,0,2,1,19,5,4,FABRI DE PEIRESC (AVENUE),0.0,,3,2,0,1,1,1,5,1,30,adult
202200039099,26,2,2022,0 days 14:35:00,1,01,01338,2,4,1,6,,"45,7103150000","5,5556420000",1,1,1,1978.0,3,8,-1,-1,B01,1,0,2,1,15,5,3,10,-1.0,B,2,2,0,1,1,1,0,1,50,child
202200039099,26,2,2022,0 days 14:35:00,1,01,01338,2,4,1,6,,"45,7103150000","5,5556420000",2,1,2,1979.0,3,8,-1,-1,B01,1,0,2,1,15,5,3,10,-1.0,B,2,2,0,1,1,1,0,1,50,adult
202200039099,26,2,2022,0 days 14:35:00,1,01,01338,2,4,1,6,,"45,7103150000","5,5556420000",1,3,1,2009.0,5,0,-1,-1,B01,1,0,2,1,15,5,3,10,-1.0,B,2,2,0,1,1,1,0,1,50,adult
202200039118,25,2,2022,0 days 16:00:00,1,43,43187,1,2,1,3,D906,"45,1595460000","3,8286710000",1,1,1,1999.0,2,1,-1,-1,B01,3,0,2,1,1,5,3,906,0.0,D,2,2,0,1,1,1,0,1,90,child
202200039118,25,2,2022,0 days 16:00:00,1,43,43187,1,2,1,3,D906,"45,1595460000","3,8286710000",1,3,1,2011.0,5,2,-1,-1,B01,3,0,2,1,1,5,3,906,0.0,D,2,2,0,1,1,1,0,1,90,adult
202200039118,25,2,2022,0 days 16:00:00,1,43,43187,1,2,1,3,D906,"45,1595460000","3,8286710000",2,1,1,2020.0,2,1,-1,-1,B01,3,0,2,1,1,5,3,906,0.0,D,2,2,0,1,1,1,0,1,90,adult
202200039126,14,6,2022,0 days 13:00:00,1,45,45234,2,2,1,3,118 Rue du Faubourg Bannier,"47,9148300000","1,8993900000",1,4,1,1982.0,1,2,0,-1,B01,3,0,2,1,1,5,4,FAUBOURG BANNIER (RUE DU ),0.0,,2,3,2,1,1,1,0,1,50,child
202200039126,14,6,2022,0 days 13:00:00,1,45,45234,2,2,1,3,118 Rue du Faubourg Bannier,"47,9148300000","1,8993900000",1,1,2,2003.0,9,1,0,-1,B01,3,0,2,1,1,5,4,FAUBOURG BANNIER (RUE DU ),0.0,,2,3,2,1,1,1,0,1,50,adult
202200039128,14,6,2022,0 days 16:30:00,1,45,45004,2,1,1,6,91 Avenue d'Antibes,"47,9865300000","2,7325500000",1,1,1,1975.0,0,1,8,-1,B01,2,0,2,7,10,5,3,ANTIBES (AVENUE D'),0.0,,2,2,0,1,1,1,0,1,50,child
202200039128,14,6,2022,0 days 16:30:00,1,45,45004,2,1,1,6,91 Avenue d'Antibes,"47,9865300000","2,7325500000",1,4,1,2006.0,0,0,-1,-1,B01,2,0,2,7,10,5,3,ANTIBES (AVENUE D'),0.0,,2,2,0,1,1,1,0,1,50,adult
202200039132,13,6,2022,0 days 09:50:00,1,38,38185,2,1,1,3,RUE GÉNÉRAL MANGIN,"45,1773600000","5,7179500000",1,1,1,1986.0,0,8,-1,-1,A01,2,0,2,7,1,5,4,RUE GÉNÉRAL MANGIN,0.0,,2,2,1,1,1,1,9,1,30,child
202200039132,13,6,2022,0 days 09:50:00,1,38,38185,2,1,1,3,RUE GÉNÉRAL MANGIN,"45,1773600000","5,7179500000",1,2,1,2008.0,2,0,0,-1,A01,2,0,2,7,1,5,4,RUE GÉNÉRAL MANGIN,0.0,,2,2,1,1,1,1,9,1,30,adult
202200039144,11,6,2022,0 days 14:10:00,1,34,34129,2,1,1,3,Avenue Georges Freche,"43,5795000000","3,9319000000",1,2,2,1954.0,5,2,0,-1,A01,3,0,2,8,15,5,4,CARNON (ROUTE DE  D21),0.0,,1,3,0,1,1,1,0,1,50,child
202200039144,11,6,2022,0 days 14:10:00,1,34,34129,2,1,1,3,Avenue Georges Freche,"43,5795000000","3,9319000000",1,1,2,1997.0,5,1,0,-1,A01,3,0,2,8,15,5,4,CARNON (ROUTE DE  D21),0.0,,1,3,0,1,1,1,0,1,50,adult
202200039153,6,4,2022,0 days 17:50:00,1,69,69388,2,2,1,3,Rue Feuillat,"45,7433400000","4,8742600000",1,1,1,1971.0,0,2,-1,-1,B01,3,0,2,0,0,0,4,FEUILLAT                            (R ),0.0,,1,1,2,1,1,1,0,1,50,child
202200039153,6,4,2022,0 days 17:50:00,1,69,69388,2,2,1,3,Rue Feuillat,"45,7433400000","4,8742600000",1,4,1,2001.0,0,8,-1,-1,B01,3,0,2,0,0,0,4,FEUILLAT                            (R ),0.0,,1,1,2,1,1,1,0,1,50,adult
202200039189,14,6,2022,0 days 19:45:00,1,75,75106,2,5,1,2,RUE DU FOUR,"48,8524100000","2,3316900000",1,1,2,1959.0,5,1,0,-1,A01,1,0,2,2,2,5,4,RUE DU FOUR,0.0,,2,2,0,1,1,1,0,1,30,child
202200039189,14,6,2022,0 days 19:45:00,1,75,75106,2,5,1,2,RUE DU FOUR,"48,8524100000","2,3316900000",1,4,1,1995.0,5,2,0,-1,A01,1,0,2,2,2,5,4,RUE DU FOUR,0.0,,2,2,0,1,1,1,0,1,30,adult
202200039203,14,6,2022,0 days 16:36:00,1,75,75113,2,2,1,6,BOULEVARD DU GENERAL JEAN SIMON,"48,8241640000","2,3767800000",3,4,2,1948.0,5,0,-1,-1,A01,1,0,1,8,1,5,4,BOULEVARD DU GENERAL JEAN SIMON,0.0,,3,2,1,2,1,1,0,5,30,child
202200039203,14,6,2022,0 days 16:36:00,1,75,75113,2,2,1,6,BOULEVARD DU GENERAL JEAN SIMON,"48,8241640000","2,3767800000",1,1,1,1987.0,1,2,0,-1,A01,1,0,1,8,1,5,4,BOULEVARD DU GENERAL JEAN SIMON,0.0,,3,2,1,2,1,1,0,5,30,adult
202200039229,6,4,2022,0 days 07:45:00,1,26,26198,1,1,1,3,SAINT GERVAIS (Route),"44,5656260000","4,7976740000",1,1,2,1966.0,4,1,8,-1,A01,1,0,2,1,19,5,3,SAINT GERVAIS (Route),0.0,,2,2,0,1,1,1,0,1,50,child
202200039229,6,4,2022,0 days 07:45:00,1,26,26198,1,1,1,3,SAINT GERVAIS (Route),"44,5656260000","4,7976740000",1,3,1,2006.0,2,8,0,-1,A01,1,0,2,1,19,5,3,SAINT GERVAIS (Route),0.0,,2,2,0,1,1,1,0,1,50,adult
202200039243,5,3,2022,0 days 12:00:00,1,75,75112,2,5,1,6,RUE DU FAUBOURG SAINT ANTOINE,"48,8500769956","2,3847386241",3,2,1,1935.0,5,0,-1,-1,Z01,3,0,1,0,1,5,4,RUE DU FAUBOURG SAINT ANTOINE,0.0,,2,4,3,1,1,1,-1,4,30,child
202200039243,5,3,2022,0 days 12:00:00,1,75,75112,2,5,1,6,RUE DU FAUBOURG SAINT ANTOINE,"48,8500769956","2,3847386241",1,1,2,2017.0,5,-1,-1,-1,Z01,3,0,1,0,1,5,4,RUE DU FAUBOURG SAINT ANTOINE,0.0,,2,4,3,1,1,1,-1,4,30,adult
202200039250,6,4,2022,0 days 14:13:00,1,75,75119,2,1,1,6,BOULEVARD DE LA VILLETTE,"48,8843780000","2,3661810000",1,1,1,1953.0,5,2,0,-1,A01,1,0,1,1,1,5,4,BOULEVARD DE LA VILLETTE,0.0,,3,3,1,1,1,1,-1,5,30,child
202200039250,6,4,2022,0 days 14:13:00,1,75,75119,2,1,1,6,BOULEVARD DE LA VILLETTE,"48,8843780000","2,3661810000",3,4,1,1988.0,9,0,-1,-1,A01,1,0,1,1,1,5,4,BOULEVARD DE LA VILLETTE,0.0,,3,3,1,1,1,1,-1,5,30,adult
202200039289,31,10,2022,0 days 12:50:00,1,75,75108,2,2,1,3,AVENUE PIERRE 1ER DE SERBIE,"48,8675340000","2,2994060000",1,1,1,1964.0,9,1,0,-1,B01,1,0,2,1,1,5,4,AVENUE PIERRE 1ER DE SERBIE,0.0,,2,2,0,1,1,1,0,1,30,child