Num_Acc,jour,mois,an,hrmn,lum,dep,com,agg,int,atm,col,adr,lat,long,catu,grav,sexe,an_nais,trajet,secu1,secu2,secu3,num_veh_y,senc,obs,obsm,choc,manv,motor,catr,voie,v1,v2,circ,nbv,vosp,prof,plan,surf,infra,situ,vma,age
202200044613,11,6,2022,0 days 23:10:00,5,75,75107,2,4,1,3,QUAI D ORSAY,"48,8629450000","2,3179070000",1,4,2,1996.0,9,2,0,-1,B01,1,0,2,8,1,5,4,QUAI D ORSAY,0.0,,2,7,1,1,1,1,-1,5,30,adult
202200044618,12,4,2022,0 days 09:10:00,1,974,97411,2,9,1,3,JAURES (BLD 1 JEAN)," -20,8900000000","55,4635000000",1,1,1,1944.0,0,1,8,-1,B01,3,0,0,0,0,5,4,JAURES (BLD 1 JEAN),0.0,,2,5,1,1,3,1,5,5,50,child
202200044618,12,4,2022,0 days 09:10:00,1,974,97411,2,9,1,3,JAURES (BLD 1 JEAN)," -20,8900000000","55,4635000000",1,3,1,1993.0,0,8,0,-1,B01,3,0,0,0,0,5,4,JAURES (BLD 1 JEAN),0.0,,2,5,1,1,3,1,5,5,50,adult
202200044631,14,4,2022,0 days 08:40:00,1,78,78551,2,3,1,3,BOUFFLERS (DE),"48,8992500000","2,0729400000",1,1,1,1973.0,5,1,0,-1,B01,3,0,2,3,19,5,2,ROOSEVELT (DU PRESIDENT),0.0,,-1,2,1,1,1,1,0,8,50,child
202200044631,14,4,2022,0 days 08:40:00,1,78,78551,2,3,1,3,BOUFFLERS (DE),"48,8992500000","2,0729400000",1,4,2,2009.0,5,0,-1,-1,B01,3,0,2,3,19,5,2,ROOSEVELT (DU PRESIDENT),0.0,,-1,2,1,1,1,1,0,8,50,adult
202200044635,21,2,2022,0 days 21:15:00,5,75,75111,2,2,1,3,RUE DU FAUBOURG SAINT ANTOINE,"48,8503960000","2,3814060000",1,1,1,1966.0,4,1,0,-1,B01,1,0,2,7,19,5,4,RUE DU FAUBOURG SAINT ANTOINE,0.0,,1,1,0,2,1,1,0,1,30,child
202200044635,21,2,2022,0 days 21:15:00,5,75,75111,2,2,1,3,RUE DU FAUBOURG SAINT ANTOINE,"48,8503960000","2,3814060000",1,4,1,2003.0,4,8,0,-1,B01,1,0,2,7,19,5,4,RUE DU FAUBOURG SAINT ANTOINE,0.0,,1,1,0,2,1,1,0,1,30,adult
202200044645,21,2,2022,0 days 20:00:00,5,75,75108,2,7,2,3,PLACE DE LA CONCORDE,"48,8666650000","2,3220150000",1,1,1,1974.0,9,2,6,-1,A01,2,0,2,8,1,5,4,PLACE DE LA CONCORDE,0.0,,1,0,0,1,1,2,0,1,30,child
202200044645,21,2,2022,0 days 20:00:00,5,75,75108,2,7,2,3,PLACE DE LA CONCORDE,"48,8666650000","2,3220150000",1,4,1,2004.0,5,8,0,-1,A01,2,0,2,8,1,5,4,PLACE DE LA CONCORDE,0.0,,1,0,0,1,1,2,0,1,30,adult
202200044664,11,6,2022,0 days 16:40:00,1,93,93066,2,1,1,1,Rue des Marnaudes,"48,9411551115","2,3834779859",1,1,1,1978.0,5,1,0,-1,B01,1,0,2,0,0,5,4,MARNAUDES,0.0,,2,2,0,1,1,1,0,1,30,child
202200044664,11,6,2022,0 days 16:40:00,1,93,93066,2,1,1,1,Rue des Marnaudes,"48,9411551115","2,3834779859",1,4,1,2016.0,5,8,0,-1,B01,1,0,2,0,0,5,4,MARNAUDES,0.0,,2,2,0,1,1,1,0,1,30,adult
202200044670,19,8,2022,0 days 11:51:00,1,91,91511,2,6,1,6,Route de Dourdan,"48,3486340000","1,9869110000",2,1,1,1938.0,0,8,-1,-1,B01,1,0,2,7,1,5,3,838,-1.0,D,2,2,0,1,1,1,5,1,50,child
202200044670,19,8,2022,0 days 11:51:00,1,91,91511,2,6,1,6,Route de Dourdan,"48,3486340000","1,9869110000",1,4,1,1983.0,5,2,-1,-1,B01,1,0,2,7,1,5,3,838,-1.0,D,2,2,0,1,1,1,5,1,50,adult
202200044670,19,8,2022,0 days 11:51:00,1,91,91511,2,6,1,6,Route de Dourdan,"48,3486340000","1,9869110000",1,4,1,2010.0,5,2,-1,-1,B01,1,0,2,7,1,5,3,838,-1.0,D,2,2,0,1,1,1,5,1,50,adult
202200044670,19,8,2022,0 days 11:51:00,1,91,91511,2,6,1,6,Route de Dourdan,"48,3486340000","1,9869110000",1,1,-1,,-1,-1,-1,-1,B01,1,0,2,7,1,5,3,838,-1.0,D,2,2,0,1,1,1,5,1,50,child
202200044690,28,10,2022,0 days 09:15:00,1,92,92040,2,1,1,6,GAMBETTA (BOULEVARD),"48,8274236132","2,2772035003",3,4,2,1973.0,0,0,-1,-1,A01,3,0,1,1,0,5,3,50,0.0,,-1,0,0,1,1,1,6,4,30,child
202200044690,28,10,2022,0 days 09:15:00,1,92,92040,2,1,1,6,GAMBETTA (BOULEVARD),"48,8274236132","2,2772035003",1,1,1,2000.0,0,0,0,0,A01,3,0,1,1,0,5,3,50,0.0,,-1,0,0,1,1,1,6,4,30,adult
202200044709,11,6,2022,0 days 12:10:00,1,92,92026,2,1,1,1,GENERAL LECLERC ( AVENUE DU ),"48,8944400000","2,2408600000",1,4,2,1986.0,0,2,0,-1,A01,3,0,2,0,19,5,3,992,0.0,,1,2,0,1,2,1,0,6,50,child
202200044709,11,6,2022,0 days 12:10:00,1,92,92026,2,1,1,1,GENERAL LECLERC ( AVENUE DU ),"48,8944400000","2,2408600000",1,1,1,1992.0,0,1,0,-1,A01,3,0,2,0,19,5,3,992,0.0,,1,2,0,1,2,1,0,6,50,adult
202200044709,11,6,2022,0 days 12:10:00,1,92,92026,2,1,1,1,GENERAL LECLERC ( AVENUE DU ),"48,8944400000","2,2408600000",2,4,2,2017.0,0,2,0,-1,A01,3,0,2,0,19,5,3,992,0.0,,1,2,0,1,2,1,0,6,50,adult
202200044717,21,2,2022,0 days 11:10:00,1,92,92026,2,2,6,3,LAMBRECHTS,"48,8982180886","2,2581936121",1,1,2,1959.0,1,1,0,-1,B01,2,0,2,1,1,5,4,,0.0,,1,1,0,1,1,2,0,1,30,child
202200044717,21,2,2022,0 days 11:10:00,1,92,92026,2,2,6,3,LAMBRECHTS,"48,8982180886","2,2581936121",1,4,1,1986.0,0,2,0,-1,B01,2,0,2,1,1,5,4,,0.0,,1,1,0,1,1,2,0,1,30,adult
202200044781,19,8,2022,0 days 16:13:00,1,05,05045,1,1,1,2,Route de Gap,"44,5320452757","6,4451270571",1,3,1,1951.0,5,2,-1,-1,B01,1,0,2,4,1,5,2,94,-1.0,,2,2,0,2,1,1,0,1,80,child
202200044781,19,8,2022,0 days 16:13:00,1,05,05045,1,1,1,2,Route de Gap,"44,5320452757","6,4451270571",1,1,1,1972.0,4,1,-1,-1,B01,1,0,2,4,1,5,2,94,-1.0,,2,2,0,2,1,1,0,1,80,adult
202200044817,11,6,2022,0 days 11:15:00,1,2B,2B123,1,1,1,3,route de la mer,"42,0043470000","9,4526570000",1,3,1,1970.0,5,0,-1,-1,B01,2,0,2,1,1,5,3,144,0.0,,2,2,1,1,1,1,0,3,70,child
202200044817,11,6,2022,0 days 11:15:00,1,2B,2B123,1,1,1,3,route de la mer,"42,0043470000","9,4526570000",1,1,1,1994.0,5,1,-1,-1,B01,2,0,2,1,1,5,3,144,0.0,,2,2,1,1,1,1,0,3,70,adult
202200044869,15,8,2022,0 days 19:35:00,1,57,57433,2,1,1,3,Route de Thionville,"49,2194370000","6,1630560000",1,1,1,1983.0,1,1,-1,-1,B01,2,0,2,7,19,5,3,953,-1.0,,2,2,0,1,1,1,0,1,50,child
202200044869,15,8,2022,0 days 19:35:00,1,57,57433,2,1,1,3,Route de Thionville,"49,2194370000","6,1630560000",1,3,1,2009.0,5,0,-1,-1,B01,2,0,2,7,19,5,3,953,-1.0,,2,2,0,1,1,1,0,1,50,adult
202200044905,1,4,2022,0 days 19:20:00,1,75,75119,2,2,1,3,BOULEVARD DE LA VILLETTE,"48,8842980000","2,3676180000",1,1,2,1967.0,9,1,0,-1,B01,1,0,2,0,1,5,4,BOULEVARD DE LA VILLETTE,0.0,,2,3,1,1,1,1,0,5,30,child
202200044905,1,4,2022,0 days 19:20:00,1,75,75119,2,2,1,3,BOULEVARD DE LA VILLETTE,"48,8842980000","2,3676180000",1,4,2,2001.0,5,8,0,-1,B01,1,0,2,0,1,5,4,BOULEVARD DE LA VILLETTE,0.0,,2,3,1,1,1,1,0,5,30,adult
202200044909,21,2,2022,0 days 16:40:00,1,59,59051,2,2,1,1,Avenue Carnot,"50,5333810000","2,8069640000",1,3,1,1941.0,5,0,-1,-1,B01,1,0,2,1,1,5,4,,-1.0,,2,2,0,1,1,1,0,1,50,child
202200044909,21,2,2022,0 days 16:40:00,1,59,59051,2,2,1,1,Avenue Carnot,"50,5333810000","2,8069640000",1,1,1,1969.0,1,1,-1,-1,B01,1,0,2,1,1,5,4,,-1.0,,2,2,0,1,1,1,0,1,50,adult
202200044911,31,3,2022,0 days 17:30:00,1,75,75118,2,2,2,1,BOULEVARD DE ROCHECHOUART,"48,8821649661","2,3396414290",1,1,1,1981.0,4,1,0,-1,A01,1,8,2,1,5,5,4,BOULEVARD DE ROCHECHOUART,0.0,,3,2,0,1,1,2,0,1,30,child
202200044911,31,3,2022,0 days 17:30:00,1,75,75118,2,2,2,1,BOULEVARD DE ROCHECHOUART,"48,8821649661","2,3396414290",2,1,1,2007.0,5,2,0,-1,A01,1,8,2,1,5,5,4,BOULEVARD DE ROCHECHOUART,0.0,,3,2,0,1,1,2,0,1,30,adult
202200044911,31,3,2022,0 days 17:30:00,1,75,75118,2,2,2,1,BOULEVARD DE ROCHECHOUART,"48,8821649661","2,3396414290",2,1,1,2008.0,5,2,0,-1,A01,1,8,2,1,5,5,4,BOULEVARD DE ROCHECHOUART,0.0,,3,2,0,1,1,2,0,1,30,adult
202200044921,18,8,2022,0 days 17:00:00,1,60,60559,2,2,1,3,Rue de Courlieu,"49,4102190000","2,3023870000",1,1,1,1963.0,5,1,-1,-1,A01,0,0,2,7,1,5,3,,-1.0,,2,2,0,1,1,1,0,1,50,child
202200044921,18,8,2022,0 days 17:00:00,1,60,60559,2,2,1,3,Rue de Courlieu,"49,4102190000","2,3023870000",1,3,1,2005.0,5,2,-1,-1,A01,0,0,2,7,1,5,3,,-1.0,,2,2,0,1,1,1,0,1,50,adult
202200045017,17,8,2022,0 days 08:17:00,1,87,87085,2,3,1,3,PICASSO (RUE PABLO),"45,9153400000","1,2982100000",1,3,1,1971.0,5,2,0,-1,B01,1,0,2,1,1,5,4,PICASSO (RUE PABLO),0.0,,2,2,0,1,1,1,0,1,50,child
202200045017,17,8,2022,0 days 08:17:00,1,87,87085,2,3,1,3,PICASSO (RUE PABLO),"45,9153400000","1,2982100000",1,1,1,1996.0,5,1,0,-1,B01,1,0,2,1,1,5,4,PICASSO (RUE PABLO),0.0,,2,2,0,1,1,1,0,1,50,adult
202200045039,19,2,2022,0 days 16:35:00,1,29,29151,2,7,1,1,Rue de Brest,"48,5744800000"," -3,8318100000",1,3,1,1963.0,5,2,-1,-1,B01,2,0,2,0,1,5,4,BREST (RUE DE),0.0,,2,2,2,1,1,1,9,5,50,child
202200045039,19,2,2022,0 days 16:35:00,1,29,29151,2,7,1,1,Rue de Brest,"48,5744800000"," -3,8318100000",1,1,1,1998.0,5,1,-1,-1,B01,2,0,2,0,1,5,4,BREST (RUE DE),0.0,,2,2,2,1,1,1,9,5,50,adult
202200045079,10,6,2022,0 days 20:15:00,5,974,97402,2,1,1,2,Route Nationale 2," -20,9996160000","55,6857220000",1,3,1,1976.0,5,0,-1,-1,B01,1,0,0,4,13,5,2,2002,0.0,,2,2,2,1,1,2,0,1,50,child
202200045079,10,6,2022,0 days 20:15:00,5,974,97402,2,1,1,2,Route Nationale 2," -20,9996160000","55,6857220000",1,1,1,2000.0,5,1,-1,-1,B01,1,0,0,4,13,5,2,2002,0.0,,2,2,2,1,1,2,0,1,50,adult
202200045083,27,10,2022,0 days 20:35:00,5,69,69382,2,3,1,1,12 Quai Jules Courmont,"45,7601800000","4,8377200000",1,1,1,1962.0,9,1,-1,-1,B01,3,0,2,1,0,0,4,JULES COURMONT                      (QU),0.0,,2,6,3,1,1,1,0,1,50,child
202200045083,27,10,2022,0 days 20:35:00,5,69,69382,2,3,1,1,12 Quai Jules Courmont,"45,7601800000","4,8377200000",1,4,1,1988.0,9,8,-1,-1,B01,3,0,2,1,0,0,4,JULES COURMONT                      (QU),0.0,,2,6,3,1,1,1,0,1,50,adult
202200045086,27,10,2022,0 days 16:05:00,1,69,69202,2,1,1,6,15 Rue Deshay,"45,7358500000","4,7997600000",3,1,1,1981.0,5,0,-1,-1,A01,2,0,1,1,1,5,4,DESHAY                              (R ),0.0,,1,1,2,2,1,1,0,1,30,child
202200045086,27,10,2022,0 days 16:05:00,1,69,69202,2,1,1,6,15 Rue Deshay,"45,7358500000","4,7997600000",1,4,1,2006.0,5,2,-1,-1,A01,2,0,1,1,1,5,4,DESHAY                              (R ),0.0,,1,1,2,2,1,1,0,1,30,adult
202200045086,27,10,2022,0 days 16:05:00,1,69,69202,2,1,1,6,15 Rue Deshay,"45,7358500000","4,7997600000",3,4,2,2016.0,5,0,-1,-1,A01,2,0,1,1,1,5,4,DESHAY                              (R ),0.0,,1,1,2,2,1,1,0,1,30,adult
202200045168,27,10,2022,0 days 08:20:00,1,69,69290,2,6,1,3,Avenue du Progrès,"45,7168800000","4,9581000000",1,4,1,1945.0,5,8,-1,-1,B01,2,0,2,7,16,5,7,PROGRES (DU)                        (R ),0.0,,1,2,2,1,2,1,0,1,50,child
202200045168,27,10,2022,0 days 08:20:00,1,69,69290,2,6,1,3,Avenue du Progrès,"45,7168800000","4,9581000000",1,1,2,1996.0,1,1,-1,-1,B01,2,0,2,7,16,5,7,PROGRES (DU)                        (R ),0.0,,1,2,2,1,2,1,0,1,50,adult
202200045194,11,6,2022,0 days 17:25:00,1,23,23063,1,1,1,3,Départementale 982,"45,7829230000","2,1551230000",1,1,1,1927.0,3,8,-1,-1,B01,3,0,2,8,2,5,3,982,0.0,D,2,2,0,1,1,1,0,1,90,child
202200045194,11,6,2022,0 days 17:25:00,1,23,23063,1,1,1,3,Départementale 982,"45,7829230000","2,1551230000",1,3,2,1962.0,5,2,-1,-1,B01,3,0,2,8,2,5,3,982,0.0,D,2,2,0,1,1,1,0,1,90,adult
202200045206,19,2,2022,0 days 10:27:00,1,37,37123,2,3,1,1,17 Rue Falloux,"47,3234821697","0,4077135399",1,3,1,1957.0,5,2,6,9,B01,1,0,2,1,1,5,4,57,-1.0,,2,2,0,1,1,1,0,1,50,child
202200045206,19,2,2022,0 days 10:27:00,1,37,37123,2,3,1,1,17 Rue Falloux,"47,3234821697","0,4077135399",1,1,1,2001.0,9,8,-1,-1,B01,1,0,2,1,1,5,4,57,-1.0,,2,2,0,1,1,1,0,1,50,adult
202200045207,1,4,2022,0 days 18:50:00,1,47,47157,2,1,1,2,Rue François Mauriac,"44,5043560000","0,1827940000",1,3,1,1957.0,3,0,-1,-1,B01,3,0,2,1,9,5,6,,-1.0,,-1,-1,0,1,1,1,9,1,-1,child
202200045207,1,4,2022,0 days 18:50:00,1,47,47157,2,1,1,2,Rue François Mauriac,"44,5043560000","0,1827940000",1,1,1,1987.0,3,1,-1,-1,B01,3,0,2,1,9,5,6,,-1.0,,-1,-1,0,1,1,1,9,1,-1,adult
202200045254,30,3,2022,0 days 06:45:00,1,974,97407,2,1,1,3,14 JUILLET 1789(AVENUE DU)," -20,9324800000","55,2944700000",1,1,1,1965.0,0,1,0,-1,B01,3,0,2,2,1,5,4,14 JUILLET 1789(AVENUE DU),0.0,,1,1,0,1,1,1,0,1,50,child
202200045254,30,3,2022,0 days 06:45:00,1,974,97407,2,1,1,3,14 JUILLET 1789(AVENUE DU)," -20,9324800000","55,2944700000",1,4,1,1996.0,0,2,0,-1,B01,3,0,2,2,1,5,4,14 JUILLET 1789(AVENUE DU),0.0,,1,1,0,1,1,1,0,1,50,adult
202200045266,31,3,2022,0 days 18:10:00,1,69,69383,2,2,1,3,Rue Julien,"45,7521700000","4,8867300000",1,3,2,1958.0,0,8,-1,-1,B01,2,0,2,1,1,5,4,JULIEN                              (R ),0.0,,1,1,2,1,1,1,0,1,30,child
202200045266,31,3,2022,0 days 18:10:00,1,69,69383,2,2,1,3,Rue Julien,"45,7521700000","4,8867300000",1,1,2,1992.0,1,1,-1,-1,B01,2,0,2,1,1,5,4,JULIEN                              (R ),0.0,,1,1,2,1,1,1,0,1,30,adult
202200045268,31,3,2022,0 days 09:40:00,1,69,69386,2,2,1,3,Rue Cuvier,"45,7670700000","4,8476500000",1,4,1,1972.0,0,8,-1,-1,B01,2,0,2,1,1,5,4,CUVIER                              (R ),0.0,,1,1,2,1,1,1,0,1,30,child
202200045268,31,3,2022,0 days 09:40:00,1,69,69386,2,2,1,3,Rue Cuvier,"45,7670700000","4,8476500000",1,1,1,1993.0,4,1,-1,-1,B01,2,0,2,1,1,5,4,CUVIER                              (R ),0.0,,1,1,2,1,1,1,0,1,30,adult
202200045307,31,3,2022,0 days 11:45:00,1,59,59426,2,9,8,3,PETIT MENIN (RUE DU),"50,7435200000","3,1448400000",1,1,2,1973.0,3,1,8,-1,B01,3,0,2,2,25,5,6,PETIT MENIN (RUE DU),0.0,,-1,-1,3,1,1,1,0,4,30,child
202200045307,31,3,2022,0 days 11:45:00,1,59,59426,2,9,8,3,PETIT MENIN (RUE DU),"50,7435200000","3,1448400000",1,4,1,1996.0,1,2,0,-1,B01,3,0,2,2,25,5,6,PETIT MENIN (RUE DU),0.0,,-1,-1,3,1,1,1,0,4,30,adult
202200045329,12,5,2022,0 days 13:50:00,1,92,92022,2,1,1,3,SALENGRO (AVENUE ROGER),"48,8140500000","2,1926400000",1,1,1,1942.0,0,8,0,-1,B01,3,0,2,1,1,5,3,910,0.0,,2,4,2,1,1,1,1,1,50,child
202200045329,12,5,2022,0 days 13:50:00,1,92,92022,2,1,1,3,SALENGRO (AVENUE ROGER),"48,8140500000","2,1926400000",1,4,1,1972.0,5,2,0,-1,B01,3,0,2,1,1,5,3,910,0.0,,2,4,2,1,1,1,1,1,50,adult
202200045330,30,3,2022,0 days 17:50:00,1,49,49007,2,1,1,2,NID DE  PIE,"47,4714800000"," -0,6020400000",1,4,2,1961.0,1,2,0,-1,B01,2,0,2,4,2,5,4,NID DE  PIE,0.0,,2,3,0,1,1,1,0,1,50,child
202200045330,30,3,2022,0 days 17:50:00,1,49,49007,2,1,1,2,NID DE  PIE,"47,4714800000"," -0,6020400000",1,1,1,1998.0,1,1,0,-1,B01,2,0,2,4,2,5,4,NID DE  PIE,0.0,,2,3,0,1,1,1,0,1,50,adult
202200045337,25,10,2022,0 days 14:05:00,1,75,75112,2,2,1,3,BOULEVARD PONIATOWSKI,"48,8333440000","2,4022730000",1,1,1,1963.0,4,1,0,-1,B01,3,0,2,8,19,5,4,BOULEVARD PONIATOWSKI,0.0,,2,2,0,1,1,1,0,5,30,child
202200045337,25,10,2022,0 days 14:05:00,1,75,75112,2,2,1,3,BOULEVARD PONIATOWSKI,"48,8333440000","2,4022730000",1,3,2,2001.0,9,8,0,-1,B01,3,0,2,8,19,5,4,BOULEVARD PONIATOWSKI,0.0,,2,2,0,1,1,1,0,5,30,adult
202200045342,11,5,2022,0 days 19:50:00,1,92,92025,2,2,1,1,MARCEAU (BD),"48,9302689663","2,2616859823",1,1,1,1979.0,5,8,0,-1,B01,2,0,2,1,26,5,4,,0.0,,2,2,0,1,1,1,0,1,30,child
202200045342,11,5,2022,0 days 19:50:00,1,92,92025,2,2,1,1,MARCEAU (BD),"48,9302689663","2,2616859823",1,4,1,2005.0,0,8,0,-1,B01,2,0,2,1,26,5,4,,0.0,,2,2,0,1,1,1,0,1,30,adult
202200045392,11,5,2022,0 days 14:35:00,1,987,98734,1,1,1,2,PK 30+400," -17,7233790000"," -149,5057300000",1,1,1,1970.0,5,1,-1,-1,A01,1,0,2,4,13,5,2,1,0.0,,2,2,0,1,2,1,0,1,-1,child
202200045392,11,5,2022,0 days 14:35:00,1,987,98734,1,1,1,2,PK 30+400," -17,7233790000"," -149,5057300000",1,3,1,2010.0,5,0,-1,-1,A01,1,0,2,4,13,5,2,1,0.0,,2,2,0,1,2,1,0,1,-1,adult
202200045467,10,5,2022,0 days 08:55:00,1,66,66136,2,2,1,3,JOFFRE (AVENUE DU MARECHAL CD 88),"42,7043900000","2,8926900000",1,4,1,1961.0,1,8,0,-1,A01,2,0,2,1,15,5,4,JOFFRE (AVENUE DU MARECHAL CD 88),0.0,,2,4,0,1,1,1,0,1,30,child
202200045467,10,5,2022,0 days 08:55:00,1,66,66136,2,2,1,3,JOFFRE (AVENUE DU MARECHAL CD 88),"42,7043900000","2,8926900000",1,1,1,1985.0,1,1,0,-1,A01,2,0,2,1,15,5,4,JOFFRE (AVENUE DU MARECHAL CD 88),0.0,,2,4,0,1,1,1,0,1,30,adult
202200045468,11,5,2022,0 days 08:10:00,1,64,64024,2,2,1,3,Avenue Eugène Bernain,"43,4840400000"," -1,5114000000",1,4,2,1972.0,1,2,0,-1,B01,3,0,2,1,1,5,4,BERNAIN (AVENUE EUGENE),0.0,,2,2,0,1,1,1,0,1,50,child
202200045468,11,5,2022,0 days 08:10:00,1,64,64024,2,2,1,3,Avenue Eugène Bernain,"43,4840400000"," -1,5114000000",1,1,2,2003.0,2,1,0,-1,B01,3,0,2,1,1,5,4,BERNAIN (AVENUE EUGENE),0.0,,2,2,0,1,1,1,0,1,50,adult
202200045479,11,5,2022,0 days 14:30:00,1,54,54395,2,1,1,3,MEZIERES (RUE ALFRED),"48,7011708455","6,1701563001",1,1,2,1964.0,0,1,0,-1,A01,1,0,2,1,15,5,4,MEZIERES (RUE ALFRED),0.0,,2,2,0,1,1,1,0,1,30,child
202200045479,11,5,2022,0 days 14:30:00,1,54,54395,2,1,1,3,MEZIERES (RUE ALFRED),"48,7011708455","6,1701563001",1,4,1,1995.0,0,2,0,-1,A01,1,0,2,1,15,5,4,MEZIERES (RUE ALFRED),0.0,,2,2,0,1,1,1,0,1,30,adult
202200045481,11,5,2022,0 days 12:30:00,1,54,54395,2,1,1,3,JACOB (RUE DU CHANOINE),"48,6997000000","6,1708000000",1,4,2,1962.0,0,2,0,-1,B01,1,0,2,1,0,5,4,JACOB (RUE DU CHANOINE),0.0,,1,2,2,1,1,1,0,5,50,child
202200045481,11,5,2022,0 days 12:30:00,1,54,54395,2,1,1,3,JACOB (RUE DU CHANOINE),"48,6997000000","6,1708000000",1,1,1,1991.0,0,1,0,-1,B01,1,0,2,1,0,5,4,JACOB (RUE DU CHANOINE),0.0,,1,2,2,1,1,1,0,5,50,adult
202200045504,11,5,2022,0 days 09:20:00,1,14,14118,2,2,1,3,D401,"49,2027710000"," -0,3911790000",1,4,1,1955.0,5,2,-1,-1,B01,1,0,2,1,1,5,3,JUIN (BOULEVARD  DU MARECHAL ),0.0,,1,2,1,1,3,9,0,5,50,child
202200045504,11,5,2022,0 days 09:20:00,1,14,14118,2,2,1,3,D401,"49,2027710000"," -0,3911790000",1,1,1,1994.0,1,1,-1,-1,B01,1,0,2,1,1,5,3,JUIN (BOULEVARD  DU MARECHAL ),0.0,,1,2,1,1,3,9,0,5,50,adult
202200045509,11,5,2022,0 days 13:20:00,1,06,06104,2,1,1,6,MONLEON (AVENUE SYLVIO DE),"43,7562030000","7,4801160000",1,1,2,1957.0,5,1,-1,-1,C01,1,0,9,7,1,5,3,,0.0,,2,2,0,2,1,1,0,1,50,child
202200045509,11,5,2022,0 days 13:20:00,1,06,06104,2,1,1,6,MONLEON (AVENUE SYLVIO DE),"43,7562030000","7,4801160000",1,1,1,1979.0,0,8,0,-1,C01,1,0,9,7,1,5,3,,0.0,,2,2,0,2,1,1,0,1,50,adult
202200045509,11,5,2022,0 days 13:20:00,1,06,06104,2,1,1,6,MONLEON (AVENUE SYLVIO DE),"43,7562030000","7,4801160000",1,3,1,2003.0,0,2,6,-1,C01,1,0,9,7,1,5,3,,0.0,,2,2,0,2,1,1,0,1,50,adult
202200045509,11,5,2022,0 days 13:20:00,1,06,06104,2,1,1,6,MONLEON (AVENUE SYLVIO DE),"43,7562030000","7,4801160000",2,1,2,2012.0,5,1,-1,-1,C01,1,0,9,7,1,5,3,,0.0,,2,2,0,2,1,1,0,1,50,adult
202200045521,11,5,2022,0 days 13:30:00,1,75,75120,2,2,1,3,AVENUE DE LA PORTE DE MONTREUIL,"48,8534838761","2,4107976258",2,1,1,1963.0,9,1,0,-1,B01,2,0,2,1,1,5,4,AVENUE DE LA PORTE DE MONTREUIL,0.0,,3,2,1,1,1,1,-1,5,30,child
202200045521,11,5,2022,0 days 13:30:00,1,75,75120,2,2,1,3,AVENUE DE LA PORTE DE MONTREUIL,"48,8534838761","2,4107976258",1,1,2,1967.0,4,1,0,-1,B01,2,0,2,1,1,5,4,AVENUE DE LA PORTE DE MONTREUIL,0.0,,3,2,1,1,1,1,-1,5,30,adult
202200045521,11,5,2022,0 days 13:30:00,1,75,75120,2,2,1,3,AVENUE DE LA PORTE DE MONTREUIL,"48,8534838761","2,4107976258",1,4,1,1988.0,5,2,0,-1,B01,2,0,2,1,1,5,4,AVENUE DE LA PORTE DE MONTREUIL,0.0,,3,2,1,1,1,1,-1,5,30,adult
202200045541,3,1,2022,0 days 11:45:00,1,33,33063,2,2,1,3,Cours Pasteur,"44,8350600000"," -0,5749800000",1,1,1,1971.0,4,0,-1,-1,A01,2,0,4,1,1,5,4,CRS PASTEUR,0.0,,2,2,3,1,1,1,4,6,50,child
202200045541,3,1,2022,0 days 11:45:00,1,33,33063,2,2,1,3,Cours Pasteur,"44,8350600000"," -0,5749800000",1,4,2,2006.0,2,0,-1,-1,A01,2,0,4,1,1,5,4,CRS PASTEUR,0.0,,2,2,3,1,1,1,4,6,50,adult
202200045565,11,1,2022,0 days 08:17:00,2,75,75119,2,2,1,3,AVENUE DE FLANDRE,"48,8944260000","2,3814870000",1,1,1,1964.0,9,1,0,-1,B01,2,0,2,1,1,5,4,AVENUE DE FLANDRE,0.0,,3,2,0,1,1,1,0,1,30,child
202200045565,11,1,2022,0 days 08:17:00,2,75,75119,2,2,1,3,AVENUE DE FLANDRE,"48,8944260000","2,3814870000",1,4,1,1990.0,9,2,0,-1,B01,2,0,2,1,1,5,4,AVENUE DE FLANDRE,0.0,,3,2,0,1,1,1,0,1,30,adult
202200045654,10,1,2022,0 days 09:40:00,1,67,67482,2,1,1,3,THUMENAU (RUE DE LA),"48,5718699166","7,7536386251",1,1,1,1954.0,5,1,8,-1,A01,1,0,2,1,19,5,4,THUMENAU (RUE DE LA),0.0,,3,7,1,1,1,1,0,1,50,child
202200045654,10,1,2022,0 days 09:40:00,1,67,67482,2,1,1,3,THUMENAU (RUE DE LA),"48,5718699166","7,7536386251",1,4,2,1986.0,1,8,0,-1,A01,1,0,2,1,19,5,4,THUMENAU (RUE DE LA),0.0,,3,7,1,1,1,1,0,1,50,adult
202200045718,22,9,2022,0 days 17:50:00,1,67,67482,2,1,1,3,GARE (PLACE DE LA),"48,5864000000","7,7432700000",1,1,1,1954.0,4,1,8,-1,A01,1,0,2,1,1,5,4,GARE (PLACE DE LA),0.0,,2,2,0,1,3,1,9,1,50,child