Num_Acc,jour,mois,an,hrmn,lum,dep,com,agg,int,atm,col,adr,lat,long,catu,grav,sexe,an_nais,trajet,secu1,secu2,secu3,num_veh_y,senc,obs,obsm,choc,manv,motor,catr,voie,v1,v2,circ,nbv,vosp,prof,plan,surf,infra,situ,vma,age
202200046946,11,6,2022,0 days 19:00:00,1,59,59015,2,1,1,1,Chemin des Biselles,"50,2737946645","3,1032299995",1,1,1,1957.0,5,1,-1,-1,B01,0,0,2,1,0,5,5,,-1.0,,4,1,0,1,1,1,0,1,30,child
202200046946,11,6,2022,0 days 19:00:00,1,59,59015,2,1,1,1,Chemin des Biselles,"50,2737946645","3,1032299995",1,4,1,2010.0,5,0,-1,-1,B01,0,0,2,1,0,5,5,,-1.0,,4,1,0,1,1,1,0,1,30,adult
202200046978,26,10,2022,0 days 19:25:00,5,91,91377,2,3,1,3,AV DU PRESIDENT J F KENNEDY,"48,7382200000","2,3001400000",1,1,1,1958.0,0,8,0,-1,B01,2,0,2,1,1,5,4,AV DU PRESIDENT J F KENNEDY,0.0,,2,2,1,1,3,1,9,1,50,child
202200046978,26,10,2022,0 days 19:25:00,5,91,91377,2,3,1,3,AV DU PRESIDENT J F KENNEDY,"48,7382200000","2,3001400000",1,3,1,1994.0,0,8,0,-1,B01,2,0,2,1,1,5,4,AV DU PRESIDENT J F KENNEDY,0.0,,2,2,1,1,3,1,9,1,50,adult
202200046986,7,10,2022,0 days 18:30:00,1,84,84007,2,3,1,1,PAMARD (Rue Paul),"43,9291000000","4,8181000000",1,1,1,1966.0,5,1,0,-1,A01,3,0,2,1,16,5,4,PAMARD (Rue Paul),0.0,,1,1,2,1,1,1,0,1,30,child
202200046986,7,10,2022,0 days 18:30:00,1,84,84007,2,3,1,1,PAMARD (Rue Paul),"43,9291000000","4,8181000000",1,3,1,1992.0,0,8,0,-1,A01,3,0,2,1,16,5,4,PAMARD (Rue Paul),0.0,,1,1,2,1,1,1,0,1,30,adult
202200047042,26,10,2022,0 days 05:55:00,5,61,61001,2,6,1,3,GENERAL DE GAULLE (PLACE DU),"48,4344000000","0,0936700000",1,1,2,1968.0,1,1,0,-1,B01,2,0,2,1,2,5,3,GENERAL DE GAULLE (PLACE DU),0.0,,1,1,0,1,2,2,5,1,30,child
202200047042,26,10,2022,0 days 05:55:00,5,61,61001,2,6,1,3,GENERAL DE GAULLE (PLACE DU),"48,4344000000","0,0936700000",1,4,1,1992.0,1,2,4,-1,B01,2,0,2,1,2,5,3,GENERAL DE GAULLE (PLACE DU),0.0,,1,1,0,1,2,2,5,1,30,adult
202200047106,26,10,2022,0 days 17:50:00,1,18,18279,2,3,1,3,Avenue de Chaillot,"47,1988400000","2,0862900000",1,1,1,1971.0,9,1,8,-1,B01,1,0,2,1,1,5,3,CHAILLOT (AVENUE DE),0.0,,2,2,0,1,3,1,5,1,50,child
202200047106,26,10,2022,0 days 17:50:00,1,18,18279,2,3,1,3,Avenue de Chaillot,"47,1988400000","2,0862900000",1,3,1,2008.0,9,8,0,-1,B01,1,0,2,1,1,5,3,CHAILLOT (AVENUE DE),0.0,,2,2,0,1,3,1,5,1,50,adult
202200047107,11,5,2022,0 days 20:30:00,2,75,75115,2,2,1,3,RUE CAMBRONNE,"48,8404070000","2,3042720000",1,1,1,1973.0,1,1,0,-1,A01,2,0,2,0,1,5,4,RUE CAMBRONNE,0.0,,2,2,0,2,1,1,0,1,30,child
202200047107,11,5,2022,0 days 20:30:00,2,75,75115,2,2,1,3,RUE CAMBRONNE,"48,8404070000","2,3042720000",1,4,2,1997.0,9,2,0,-1,A01,2,0,2,0,1,5,4,RUE CAMBRONNE,0.0,,2,2,0,2,1,1,0,1,30,adult
202200047209,30,3,2022,0 days 06:20:00,5,67,67482,2,3,2,3,NEUHOF (ROUTE),"48,5461900000","7,7655000000",1,1,2,1965.0,0,1,8,-1,A01,1,0,2,1,1,5,4,NEUHOF (ROUTE),0.0,,2,4,0,1,1,2,0,1,50,child
202200047209,30,3,2022,0 days 06:20:00,5,67,67482,2,3,2,3,NEUHOF (ROUTE),"48,5461900000","7,7655000000",1,4,1,1995.0,0,8,0,-1,A01,1,0,2,1,1,5,4,NEUHOF (ROUTE),0.0,,2,4,0,1,1,2,0,1,50,adult
202200047239,10,5,2022,0 days 11:50:00,1,59,59067,2,1,1,2,Porte de Cassel (Porte de la ville),"50,9655265058","2,4321681261",1,3,2,1951.0,9,8,-1,-1,B01,1,0,2,1,1,5,4,,0.0,,2,2,0,1,1,1,9,1,30,child
202200047239,10,5,2022,0 days 11:50:00,1,59,59067,2,1,1,2,Porte de Cassel (Porte de la ville),"50,9655265058","2,4321681261",1,1,1,1989.0,4,1,-1,-1,B01,1,0,2,1,1,5,4,,0.0,,2,2,0,1,1,1,9,1,30,adult
202200047258,30,3,2022,0 days 20:25:00,5,41,41018,2,2,1,3,MAUNOURY (AVENUE DE MARECHAL),"47,6022300000","1,3485500000",1,1,1,1936.0,5,1,0,-1,B01,1,0,2,8,1,5,4,MAUNOURY (AVENUE DE MARECHAL),0.0,,4,4,0,1,1,1,0,1,50,child
202200047258,30,3,2022,0 days 20:25:00,5,41,41018,2,2,1,3,MAUNOURY (AVENUE DE MARECHAL),"47,6022300000","1,3485500000",1,4,1,2006.0,5,2,0,-1,B01,1,0,2,8,1,5,4,MAUNOURY (AVENUE DE MARECHAL),0.0,,4,4,0,1,1,1,0,1,50,adult
202200047292,11,5,2022,0 days 18:50:00,1,31,31286,2,2,1,3,ROUT DE SAINT JULIEN,"43,2554150000","1,1196630000",1,1,2,1968.0,1,1,-1,-1,A01,2,0,2,1,9,5,3,8,-1.0,,2,0,0,1,1,1,0,1,50,child
202200047292,11,5,2022,0 days 18:50:00,1,31,31286,2,2,1,3,ROUT DE SAINT JULIEN,"43,2554150000","1,1196630000",1,4,1,2010.0,5,0,-1,-1,A01,2,0,2,1,9,5,3,8,-1.0,,2,0,0,1,1,1,0,1,50,adult
202200047302,30,3,2022,0 days 08:35:00,1,75,75117,2,1,2,7,RUE LEMERCIER,"48,8887520000","2,3199790000",1,4,2,1982.0,2,2,0,-1,A01,2,0,0,0,1,5,4,RUE LEMERCIER,0.0,,2,2,0,1,1,2,0,1,30,child
202200047302,30,3,2022,0 days 08:35:00,1,75,75117,2,1,2,7,RUE LEMERCIER,"48,8887520000","2,3199790000",2,4,1,2019.0,2,3,0,-1,A01,2,0,0,0,1,5,4,RUE LEMERCIER,0.0,,2,2,0,1,1,2,0,1,30,adult
202200047305,29,3,2022,0 days 13:30:00,1,75,75116,2,7,2,3,PLACE DE VARSOVIE,"48,8603757545","2,2912305205",1,4,1,1948.0,5,2,0,-1,A01,0,0,2,7,5,5,4,PLACE DE VARSOVIE,0.0,,2,4,0,1,1,2,0,1,30,child
202200047305,29,3,2022,0 days 13:30:00,1,75,75116,2,7,2,3,PLACE DE VARSOVIE,"48,8603757545","2,2912305205",1,1,1,1984.0,4,1,0,-1,A01,0,0,2,7,5,5,4,PLACE DE VARSOVIE,0.0,,2,4,0,1,1,2,0,1,30,adult
202200047335,12,5,2022,0 days 13:28:00,1,59,59258,2,1,1,3,1441 Route de Cobrieux,"50,5419320000","3,2222840000",1,1,1,1950.0,0,1,-1,-1,A01,1,0,2,3,13,5,4,93,0.0,A,2,2,0,1,3,1,0,1,50,child
202200047335,12,5,2022,0 days 13:28:00,1,59,59258,2,1,1,3,1441 Route de Cobrieux,"50,5419320000","3,2222840000",1,4,1,1973.0,5,2,-1,-1,A01,1,0,2,3,13,5,4,93,0.0,A,2,2,0,1,3,1,0,1,50,adult
202200047372,10,5,2022,0 days 17:35:00,1,78,78551,2,1,1,3,LORRAINE (DE),"48,8993840000","2,0920860000",1,4,2,1936.0,5,8,0,-1,B01,2,1,0,7,26,5,4,LORRAINE (DE),0.0,,2,2,0,1,1,1,0,1,50,child
202200047372,10,5,2022,0 days 17:35:00,1,78,78551,2,1,1,3,LORRAINE (DE),"48,8993840000","2,0920860000",1,1,1,1996.0,0,8,0,-1,B01,2,1,0,7,26,5,4,LORRAINE (DE),0.0,,2,2,0,1,1,1,0,1,50,adult
202200047408,9,5,2022,0 days 09:06:00,1,49,49007,2,1,1,3,BRISSAC,"47,4617207737"," -0,5481469631",1,1,2,1977.0,1,8,0,-1,A01,1,0,2,1,1,5,4,BRISSAC,0.0,,2,2,1,1,1,1,0,5,30,child
202200047408,9,5,2022,0 days 09:06:00,1,49,49007,2,1,1,3,BRISSAC,"47,4617207737"," -0,5481469631",1,4,1,2006.0,9,8,0,-1,A01,1,0,2,1,1,5,4,BRISSAC,0.0,,2,2,1,1,1,1,0,5,30,adult
202200047442,10,1,2022,0 days 07:50:00,2,2B,2B096,2,9,9,3,21 Avenue Jean Nicoli,"42,3061250000","9,1555230000",1,4,2,1993.0,1,2,6,-1,B01,1,0,2,7,1,2,4,,0.0,,2,1,0,2,2,7,0,1,50,child
202200047442,10,1,2022,0 days 07:50:00,2,2B,2B096,2,9,9,3,21 Avenue Jean Nicoli,"42,3061250000","9,1555230000",1,1,2,2003.0,2,8,-1,-1,B01,1,0,2,7,1,2,4,,0.0,,2,1,0,2,2,7,0,1,50,adult
202200047442,10,1,2022,0 days 07:50:00,2,2B,2B096,2,9,9,3,21 Avenue Jean Nicoli,"42,3061250000","9,1555230000",2,4,2,2019.0,9,2,3,-1,B01,1,0,2,7,1,2,4,,0.0,,2,1,0,2,2,7,0,1,50,adult
202200047533,9,1,2022,0 days 15:00:00,1,45,45061,2,1,4,1,2 Rue des Vallees,"48,0489560000","2,7430060000",1,1,1,1984.0,5,0,-1,-1,B01,3,0,2,1,1,5,4,,-1.0,,2,2,0,1,2,2,0,1,50,child
202200047533,9,1,2022,0 days 15:00:00,1,45,45061,2,1,4,1,2 Rue des Vallees,"48,0489560000","2,7430060000",1,3,1,2007.0,5,0,-1,-1,B01,3,0,2,1,1,5,4,,-1.0,,2,2,0,1,2,2,0,1,50,adult
202200047618,7,1,2022,0 days 23:00:00,5,94,94068,2,1,2,3,Avenue Foch,"48,8003600000","2,4966200000",1,4,2,1969.0,5,8,0,-1,B01,1,0,2,7,1,5,3,FOCH (AV),0.0,,2,2,0,1,1,2,0,1,30,child
202200047618,7,1,2022,0 days 23:00:00,5,94,94068,2,1,2,3,Avenue Foch,"48,8003600000","2,4966200000",1,1,1,2000.0,4,2,0,-1,B01,1,0,2,7,1,5,3,FOCH (AV),0.0,,2,2,0,1,1,2,0,1,30,adult
202200047642,22,9,2022,0 days 09:00:00,1,33,33318,2,6,1,3,Rue Robert Escarpit,"44,8048100000"," -0,6104800000",1,1,1,1969.0,4,1,-1,-1,B01,1,0,2,7,1,5,4,AVE DU DOCTEUR ALBERT SCHWEITZER,0.0,,3,2,2,1,2,1,0,1,50,child
202200047642,22,9,2022,0 days 09:00:00,1,33,33318,2,6,1,3,Rue Robert Escarpit,"44,8048100000"," -0,6104800000",1,4,2,2001.0,2,2,-1,-1,B01,1,0,2,7,1,5,4,AVE DU DOCTEUR ALBERT SCHWEITZER,0.0,,3,2,2,1,2,1,0,1,50,adult
202200047643,22,9,2022,0 days 09:12:00,1,33,33063,2,2,7,3,Quai Sainte-Croix,"44,8316100000"," -0,5588000000",1,4,2,1968.0,1,2,-1,-1,A01,3,0,2,1,19,5,4,QUAI SAINTE- CROIX,0.0,,3,4,0,1,1,1,5,8,50,child
202200047643,22,9,2022,0 days 09:12:00,1,33,33063,2,2,7,3,Quai Sainte-Croix,"44,8316100000"," -0,5588000000",1,1,2,1994.0,1,1,-1,-1,A01,3,0,2,1,19,5,4,QUAI SAINTE- CROIX,0.0,,3,4,0,1,1,1,5,8,50,adult
202200047654,21,9,2022,0 days 17:25:00,1,26,26362,2,6,1,3,MONTELEGER ROUTE DE,"44,8960000000","4,9160000000",1,4,1,1960.0,0,8,0,-1,B01,2,0,2,0,0,5,3,MONTELEGER ROUTE DE,0.0,,1,2,0,1,2,1,0,1,50,child
202200047654,21,9,2022,0 days 17:25:00,1,26,26362,2,6,1,3,MONTELEGER ROUTE DE,"44,8960000000","4,9160000000",1,1,2,1991.0,0,1,8,-1,B01,2,0,2,0,0,5,3,MONTELEGER ROUTE DE,0.0,,1,2,0,1,2,1,0,1,50,adult
202200047656,21,9,2022,0 days 18:33:00,1,17,17291,2,1,1,3,ONZE NOVEMBRE   RUE DU,"46,1749500000"," -1,1148500000",1,1,2,1957.0,9,1,0,-1,B01,3,0,2,5,19,5,4,ONZE NOVEMBRE   RUE DU,0.0,,2,2,0,1,1,1,0,1,30,child
202200047656,21,9,2022,0 days 18:33:00,1,17,17291,2,1,1,3,ONZE NOVEMBRE   RUE DU,"46,1749500000"," -1,1148500000",1,4,2,1998.0,0,2,0,-1,B01,3,0,2,5,19,5,4,ONZE NOVEMBRE   RUE DU,0.0,,2,2,0,1,1,1,0,1,30,adult
202200047728,22,9,2022,0 days 15:40:00,1,92,92023,2,1,1,1,PORTE DE TRIVAUX (RUE DE) N°57 A 197 ET,"48,7892000000","2,2516300000",1,3,1,1952.0,5,2,0,-1,B01,2,0,2,1,1,5,4,,0.0,,2,2,0,1,2,1,0,5,50,child
202200047728,22,9,2022,0 days 15:40:00,1,92,92023,2,1,1,1,PORTE DE TRIVAUX (RUE DE) N°57 A 197 ET,"48,7892000000","2,2516300000",1,1,1,1991.0,4,1,0,-1,B01,2,0,2,1,1,5,4,,0.0,,2,2,0,1,2,1,0,5,50,adult
202200047750,20,6,2022,0 days 13:25:00,1,59,59636,2,6,1,3,"Abbé Pierre, rue","50,6887900000","3,0650800000",1,1,2,1954.0,3,1,8,-1,B01,3,0,2,0,1,5,7,"Abbé Pierre, rue",0.0,,3,2,0,1,3,1,5,1,50,child
202200047750,20,6,2022,0 days 13:25:00,1,59,59636,2,6,1,3,"Abbé Pierre, rue","50,6887900000","3,0650800000",1,4,1,2005.0,2,8,0,-1,B01,3,0,2,0,1,5,7,"Abbé Pierre, rue",0.0,,3,2,0,1,3,1,5,1,50,adult
202200047775,30,11,2022,0 days 13:20:00,1,92,92075,2,1,8,3,JEAN BLEUZEN (RUE),"48,8230240000","2,2957860000",1,1,1,1946.0,5,8,0,-1,B01,1,1,0,1,1,5,3,130,0.0,,2,2,0,1,1,1,0,1,50,child
202200047775,30,11,2022,0 days 13:20:00,1,92,92075,2,1,8,3,JEAN BLEUZEN (RUE),"48,8230240000","2,2957860000",1,4,2,2005.0,5,8,0,-1,B01,1,1,0,1,1,5,3,130,0.0,,2,2,0,1,1,1,0,1,50,adult
202200047809,10,7,2022,0 days 08:25:00,1,54,54099,1,1,7,2,146D (RD),"49,2738500000","5,9103000000",1,4,1,1972.0,5,2,8,-1,B01,2,0,2,4,2,5,3,146D (RD),0.0,,2,2,0,1,1,1,0,1,80,child
202200047809,10,7,2022,0 days 08:25:00,1,54,54099,1,1,7,2,146D (RD),"49,2738500000","5,9103000000",1,1,2,2003.0,1,1,0,-1,B01,2,0,2,4,2,5,3,146D (RD),0.0,,2,2,0,1,1,1,0,1,80,adult
202200047874,23,9,2022,0 days 08:20:00,1,13,13097,2,9,1,3,Route Departementale 24,"43,6302980000","4,8063580000",1,1,1,1955.0,4,1,-1,-1,B01,3,0,2,7,1,5,3,24,0.0,,2,2,0,2,1,1,0,1,50,child
202200047874,23,9,2022,0 days 08:20:00,1,13,13097,2,9,1,3,Route Departementale 24,"43,6302980000","4,8063580000",1,3,1,1993.0,1,0,-1,-1,B01,3,0,2,7,1,5,3,24,0.0,,2,2,0,2,1,1,0,1,50,adult
202200047880,9,6,2022,0 days 17:45:00,1,2B,2B033,2,1,1,3,MIOT - RUE,"42,7000000000","9,4500000000",1,4,1,1970.0,0,8,0,-1,A01,3,0,2,1,1,0,4,MIOT - RUE,0.0,,2,2,0,2,1,1,0,1,50,child
202200047880,9,6,2022,0 days 17:45:00,1,2B,2B033,2,1,1,3,MIOT - RUE,"42,7000000000","9,4500000000",2,1,1,2003.0,0,8,0,-1,A01,3,0,2,1,1,0,4,MIOT - RUE,0.0,,2,2,0,2,1,1,0,1,50,adult
202200047929,15,8,2022,0 days 10:20:00,1,75,75113,2,2,1,3,BOULEVARD DU GENERAL JEAN SIMON,"48,8256650000","2,3820670000",1,4,1,1962.0,5,8,8,-1,B01,2,0,2,8,1,5,4,BOULEVARD DU GENERAL JEAN SIMON,0.0,,3,5,1,1,1,1,-1,5,30,child
202200047929,15,8,2022,0 days 10:20:00,1,75,75113,2,2,1,3,BOULEVARD DU GENERAL JEAN SIMON,"48,8256650000","2,3820670000",1,1,1,1997.0,4,1,0,-1,B01,2,0,2,8,1,5,4,BOULEVARD DU GENERAL JEAN SIMON,0.0,,3,5,1,1,1,1,-1,5,30,adult
202200047940,15,8,2022,0 days 11:55:00,1,75,75110,2,2,1,2,BOULEVARD DE LA VILLETTE,"48,8736390000","2,3750160000",1,1,1,1957.0,9,8,0,-1,B01,2,0,2,1,1,5,4,BOULEVARD DE LA VILLETTE,0.0,,1,2,1,1,1,1,0,1,30,child
202200047940,15,8,2022,0 days 11:55:00,1,75,75110,2,2,1,2,BOULEVARD DE LA VILLETTE,"48,8736390000","2,3750160000",1,4,1,1986.0,5,8,0,-1,B01,2,0,2,1,1,5,4,BOULEVARD DE LA VILLETTE,0.0,,1,2,1,1,1,1,0,1,30,adult
202200047981,17,2,2022,0 days 20:25:00,5,33,33039,2,2,1,3,Rue Ferdinand Buisson,"44,8041900000"," -0,5584700000",1,4,1,1977.0,5,0,-1,-1,B01,3,0,2,1,1,5,4,RUE FERDINAND BUISSON,0.0,,2,2,0,1,1,2,0,1,50,child
202200047981,17,2,2022,0 days 20:25:00,5,33,33039,2,2,1,3,Rue Ferdinand Buisson,"44,8041900000"," -0,5584700000",1,1,1,1998.0,5,1,-1,-1,B01,3,0,2,1,1,5,4,RUE FERDINAND BUISSON,0.0,,2,2,0,1,1,2,0,1,50,adult
202200048033,8,6,2022,0 days 17:00:00,1,67,67482,2,3,1,3,MARCHE GARE (RUE DU),"48,5964800000","7,7387500000",1,1,1,1930.0,0,1,0,-1,B01,2,0,2,0,19,5,4,MARCHE GARE (RUE DU),0.0,,3,4,0,1,3,1,0,1,50,child
202200048033,8,6,2022,0 days 17:00:00,1,67,67482,2,3,1,3,MARCHE GARE (RUE DU),"48,5964800000","7,7387500000",1,4,1,1997.0,0,8,8,-1,B01,2,0,2,0,19,5,4,MARCHE GARE (RUE DU),0.0,,3,4,0,1,3,1,0,1,50,adult
202200048070,21,9,2022,0 days 17:10:00,1,974,97416,2,3,1,1,PAVE(RUE)," -21,3413200000","55,4816100000",1,1,2,1965.0,1,1,8,-1,B01,3,0,2,1,5,5,4,ABRIEL (RUE JOSEPH),0.0,,2,2,0,2,1,1,0,1,50,child
202200048070,21,9,2022,0 days 17:10:00,1,974,97416,2,3,1,1,PAVE(RUE)," -21,3413200000","55,4816100000",1,4,1,2003.0,5,8,0,-1,B01,3,0,2,1,5,5,4,ABRIEL (RUE JOSEPH),0.0,,2,2,0,2,1,1,0,1,50,adult
202200048070,21,9,2022,0 days 17:10:00,1,974,97416,2,3,1,1,PAVE(RUE)," -21,3413200000","55,4816100000",2,4,2,2004.0,5,8,0,-1,B01,3,0,2,1,5,5,4,ABRIEL (RUE JOSEPH),0.0,,2,2,0,2,1,1,0,1,50,adult
202200048092,18,2,2022,0 days 13:45:00,1,75,75114,2,2,8,3,RUE D ALESIA,"48,8278270000","2,3303420000",1,1,1,1970.0,9,1,0,-1,B01,2,0,2,0,1,5,4,RUE D ALESIA,0.0,,2,3,1,1,1,2,-1,5,30,child
202200048092,18,2,2022,0 days 13:45:00,1,75,75114,2,2,8,3,RUE D ALESIA,"48,8278270000","2,3303420000",1,4,1,2005.0,9,2,0,-1,B01,2,0,2,0,1,5,4,RUE D ALESIA,0.0,,2,3,1,1,1,2,-1,5,30,adult
202200048094,21,9,2022,0 days 18:00:00,1,69,69388,2,3,1,2,Avenue Jean Mermoz,"45,7342300000","4,8763400000",1,4,1,1952.0,0,2,-1,-1,B01,1,0,2,1,1,5,4,JEAN MERMOZ                         (AV),0.0,,2,2,3,1,1,1,0,1,50,child
202200048094,21,9,2022,0 days 18:00:00,1,69,69388,2,3,1,2,Avenue Jean Mermoz,"45,7342300000","4,8763400000",1,1,2,1984.0,0,1,-1,-1,B01,1,0,2,1,1,5,4,JEAN MERMOZ                         (AV),0.0,,2,2,3,1,1,1,0,1,50,adult
202200048104,8,6,2022,0 days 17:00:00,1,56,56107,2,1,1,1,Quelisoy Côte,"47,7278400000"," -3,3808700000",1,3,1,1947.0,5,2,0,-1,A01,1,0,2,3,1,5,9,,0.0,,-1,-1,1,2,2,1,-1,5,20,child
202200048104,8,6,2022,0 days 17:00:00,1,56,56107,2,1,1,1,Quelisoy Côte,"47,7278400000"," -3,3808700000",1,1,2,2004.0,0,2,0,-1,A01,1,0,2,3,1,5,9,,0.0,,-1,-1,1,2,2,1,-1,5,20,adult
202200048108,6,7,2022,0 days 07:30:00,1,33,33281,2,1,1,3,Pking Roady,"44,8561000000"," -0,6543500000",1,4,1,1968.0,1,0,-1,-1,B01,3,0,2,6,20,5,6,AVE DE MAGUDAS,0.0,,-1,-1,0,1,2,1,0,1,30,child
202200048108,6,7,2022,0 days 07:30:00,1,33,33281,2,1,1,3,Pking Roady,"44,8561000000"," -0,6543500000",1,1,1,1996.0,3,1,-1,-1,B01,3,0,2,6,20,5,6,AVE DE MAGUDAS,0.0,,-1,-1,0,1,2,1,0,1,30,adult
202200048117,5,7,2022,0 days 06:30:00,1,33,33281,2,4,1,3,A630,"44,8438711604"," -0,6735523045",1,1,1,1963.0,4,1,-1,-1,B01,1,0,2,7,1,5,1,SORTIE ROCADE N°10,0.0,,1,1,0,2,3,1,3,1,50,child
202200048117,5,7,2022,0 days 06:30:00,1,33,33281,2,4,1,3,A630,"44,8438711604"," -0,6735523045",1,4,1,1991.0,1,0,-1,-1,B01,1,0,2,7,1,5,1,SORTIE ROCADE N°10,0.0,,1,1,0,2,3,1,3,1,50,adult
202200048150,21,9,2022,0 days 15:40:00,1,69,69382,2,2,1,3,Rue Grenette,"45,7633700000","4,8342300000",1,1,1,1932.0,0,8,-1,-1,A01,1,0,2,7,1,5,4,GRENETTE                            (R ),0.0,,1,2,0,1,1,1,0,1,50,child
202200048150,21,9,2022,0 days 15:40:00,1,69,69382,2,2,1,3,Rue Grenette,"45,7633700000","4,8342300000",1,4,1,1990.0,0,8,-1,-1,A01,1,0,2,7,1,5,4,GRENETTE                            (R ),0.0,,1,2,0,1,1,1,0,1,50,adult
202200048160,10,8,2022,0 days 07:40:00,1,45,45093,1,1,7,3,Avenue du Château,"48,0244330000","1,8644570000",1,4,1,1946.0,5,2,-1,-1,B01,3,0,2,8,1,5,4,1,0.0,,2,2,0,1,1,1,0,1,70,child
202200048160,10,8,2022,0 days 07:40:00,1,45,45093,1,1,7,3,Avenue du Château,"48,0244330000","1,8644570000",1,1,1,2003.0,1,8,-1,-1,B01,3,0,2,8,1,5,4,1,0.0,,2,2,0,1,1,1,0,1,70,adult
202200048185,18,6,2022,0 days 19:15:00,2,30,30189,2,1,1,6,Avenue Général Leclerc,"43,8275000000","4,3746000000",1,1,1,1943.0,5,1,0,-1,B01,1,0,2,0,0,5,3,,0.0,,-1,2,1,1,1,1,0,1,50,child
202200048185,18,6,2022,0 days 19:15:00,2,30,30189,2,1,1,6,Avenue Général Leclerc,"43,8275000000","4,3746000000",1,4,1,2004.0,5,8,0,-1,B01,1,0,2,0,0,5,3,,0.0,,-1,2,1,1,1,1,0,1,50,adult
202200048186,9,6,2022,0 days 08:15:00,1,38,38151,2,5,2,3,AVENUE DES ÉTATS GÉNÉRAUX,"45,1576500000","5,7194000000",1,1,1,1972.0,4,1,0,-1,B01,1,0,2,7,0,5,4,AVENUE DES ÉTATS GÉNÉRAUX,0.0,,3,4,0,1,1,2,0,1,50,child
202200048186,9,6,2022,0 days 08:15:00,1,38,38151,2,5,2,3,AVENUE DES ÉTATS GÉNÉRAUX,"45,1576500000","5,7194000000",1,4,1,1994.0,5,2,0,-1,B01,1,0,2,7,0,5,4,AVENUE DES ÉTATS GÉNÉRAUX,0.0,,3,4,0,1,1,2,0,1,50,adult
202200048189,9,6,2022,0 days 15:10:00,1,33,33063,2,1,1,3,Quai des Chartrons,"44,8565300000"," -0,5616300000",1,1,1,1952.0,4,1,-1,-1,B01,1,0,2,7,7,5,4,BACALAN (QUAI DE),0.0,,3,3,3,1,1,1,0,6,30,child
202200048189,9,6,2022,0 days 15:10:00,1,33,33063,2,1,1,3,Quai des Chartrons,"44,8565300000"," -0,5616300000",1,4,1,1994.0,9,8,-1,-1,B01,1,0,2,7,7,5,4,BACALAN (QUAI DE),0.0,,3,3,3,1,1,1,0,6,30,adult
202200048196,28,11,2022,0 days 07:34:00,2,05,05061,2,6,1,3,VEYNES ( ROUTE DE ),"44,5578650000","6,0687660000",1,4,1,1974.0,1,8,8,-1,B01,1,0,2,7,1,5,9,VEYNES ( ROUTE DE ),0.0,,-1,1,0,2,1,1,0,1,50,child
202200048196,28,11,2022,0 days 07:34:00,2,05,05061,2,6,1,3,VEYNES ( ROUTE DE ),"44,5578650000","6,0687660000",1,4,1,2008.0,5,2,-1,-1,B01,1,0,2,7,1,5,9,VEYNES ( ROUTE DE ),0.0,,-1,1,0,2,1,1,0,1,50,adult
202200048198,9,6,2022,0 days 20:04:00,1,30,30189,2,3,1,3,TALABOT (BOULEVARD),"43,8337400000","4,3674300000",1,4,2,1959.0,1,8,4,-1,B01,1,0,2,1,1,5,4,,0.0,,-1,3,1,1,1,1,0,1,50,child
202200048198,9,6,2022,0 days 20:04:00,1,30,30189,2,3,1,3,TALABOT (BOULEVARD),"43,8337400000","4,3674300000",1,1,2,1996.0,1,1,0,-1,B01,1,0,2,1,1,5,4,,0.0,,-1,3,1,1,1,1,0,1,50,adult
202200048261,2,4,2022,0 days 15:15:00,1,24,24322,2,2,1,3,JUIN ( AVENUE DU MARECHAL),"45,1861800000","0,7040300000",1,3,2,1950.0,0,8,0,-1,B01,0,0,0,0,0,5,3,JUIN ( AVENUE DU MARECHAL),0.0,,2,3,0,1,1,1,0,1,50,child
202200048261,2,4,2022,0 days 15:15:00,1,24,24322,2,2,1,3,JUIN ( AVENUE DU MARECHAL),"45,1861800000","0,7040300000",1,1,1,2002.0,0,1,8,-1,B01,0,0,0,0,0,5,3,JUIN ( AVENUE DU MARECHAL),0.0,,2,3,0,1,1,1,0,1,50,adult
202200048305,18,2,2022,0 days 15:30:00,1,11,11018,1,1,1,5,D911,"43,1904050718","2,2028874682",1,3,2,1956.0,1,2,-1,-1,B01,2,0,2,2,5,5,3,911,0.0,D,2,2,0,2,2,1,0,1,80,child
202200048305,18,2,2022,0 days 15:30:00,1,11,11018,1,1,1,5,D911,"43,1904050718","2,2028874682",1,3,1,1960.0,5,2,-1,-1,B01,2,0,2,2,5,5,3,911,0.0,D,2,2,0,2,2,1,0,1,80,adult
202200048305,18,2,2022,0 days 15:30:00,1,11,11018,1,1,1,5,D911,"43,1904050718","2,2028874682",1,1,1,1977.0,1,1,-1,-1,B01,2,0,2,2,5,5,3,911,0.0,D,2,2,0,2,2,1,0,1,80,adult
202200048308,27,11,2022,0 days 10:30:00,1,83,83009,2,1,1,6,ONZE NOVEMBRE 1945 (AV DU),"43,1362916188","5,7532498240",1,4,1,1948.0,0,8,0,-1,B01,3,0,2,7,1,5,4,ONZE NOVEMBRE 1945 (AV DU),0.0,,3,2,0,1,1,1,0,1,30,child