Num_Acc,jour,mois,an,hrmn,lum,dep,com,agg,int,atm,col,adr,lat,long,catu,grav,sexe,an_nais,trajet,secu1,secu2,secu3,num_veh_y,senc,obs,obsm,choc,manv,motor,catr,voie,v1,v2,circ,nbv,vosp,prof,plan,surf,infra,situ,vma,age
202200049489,6,1,2022,0 days 14:45:00,1,92,92063,2,1,1,3,COLMAR (AVENUE DE),"48,8871274100","2,1800056100",1,4,1,1971.0,0,8,0,-1,B01,2,0,2,1,0,5,3,991,0.0,,2,4,1,1,1,1,0,5,50,adult
202200049490,5,1,2022,0 days 17:25:00,2,92,92063,2,3,1,3,DIX-HUIT JUIN 1940 (AVENUE DU) EST,"48,8673315673","2,1982285380",1,1,1,1981.0,0,1,8,-1,B01,1,0,2,4,1,5,3,39,0.0,,2,3,0,2,1,1,0,1,50,child
202200049490,5,1,2022,0 days 17:25:00,2,92,92063,2,3,1,3,DIX-HUIT JUIN 1940 (AVENUE DU) EST,"48,8673315673","2,1982285380",1,4,1,2005.0,0,8,0,-1,B01,1,0,2,4,1,5,3,39,0.0,,2,3,0,2,1,1,0,1,50,adult
202200049507,7,1,2022,0 days 17:55:00,2,31,31338,1,4,2,1,Intersection D24 - D87,"43,6668160000","1,1793240000",1,1,1,1943.0,5,1,-1,-1,B01,1,0,2,8,1,5,3,24,-1.0,,2,2,0,4,1,2,0,1,80,child
202200049507,7,1,2022,0 days 17:55:00,2,31,31338,1,4,2,1,Intersection D24 - D87,"43,6668160000","1,1793240000",1,4,1,1968.0,5,2,-1,-1,B01,1,0,2,8,1,5,3,24,-1.0,,2,2,0,4,1,2,0,1,80,adult
202200049541,6,1,2022,0 days 19:45:00,3,974,97409,2,2,2,3,ROCADE SUD(RUE)," -20,9688120000","55,6555570000",1,1,1,1981.0,5,1,0,-1,B01,2,0,2,1,1,5,3,ROCADE SUD(RUE),0.0,,2,2,0,2,3,2,3,1,50,child
202200049541,6,1,2022,0 days 19:45:00,3,974,97409,2,2,2,3,ROCADE SUD(RUE)," -20,9688120000","55,6555570000",1,4,1,2002.0,5,8,0,-1,B01,2,0,2,1,1,5,3,ROCADE SUD(RUE),0.0,,2,2,0,2,3,2,3,1,50,adult
202200049541,6,1,2022,0 days 19:45:00,3,974,97409,2,2,2,3,ROCADE SUD(RUE)," -20,9688120000","55,6555570000",2,4,1,2003.0,5,8,0,-1,B01,2,0,2,1,1,5,3,ROCADE SUD(RUE),0.0,,2,2,0,2,3,2,3,1,50,adult
202200049630,21,9,2022,0 days 09:15:00,1,13,13001,2,9,1,3,LOQUI (ROUTE DE),"43,5078400000","5,3844000000",1,3,1,1944.0,3,2,6,-1,A01,2,0,9,2,19,5,7,LOQUI (ROUTE DE),0.0,,2,2,0,1,1,1,0,1,50,child
202200049630,21,9,2022,0 days 09:15:00,1,13,13001,2,9,1,3,LOQUI (ROUTE DE),"43,5078400000","5,3844000000",1,1,1,1997.0,4,1,8,-1,A01,2,0,9,2,19,5,7,LOQUI (ROUTE DE),0.0,,2,2,0,1,1,1,0,1,50,adult
202200049634,6,9,2022,0 days 09:10:00,1,11,11262,2,9,1,3,,"43,1929570000","2,9809940000",1,4,1,1940.0,0,8,0,-1,B01,2,0,2,8,2,5,4,,0.0,,1,2,0,1,2,1,9,1,50,child
202200049634,6,9,2022,0 days 09:10:00,1,11,11262,2,9,1,3,,"43,1929570000","2,9809940000",1,1,2,1989.0,0,1,8,-1,B01,2,0,2,8,2,5,4,,0.0,,1,2,0,1,2,1,9,1,50,adult
202200049748,20,9,2022,0 days 21:00:00,5,75,75114,2,2,1,3,RUE DIDOT,"48,8287380000","2,3165820000",1,4,1,1954.0,5,0,0,-1,B01,1,0,2,3,1,5,4,RUE DIDOT,0.0,,1,1,1,1,1,1,0,1,30,child
202200049748,20,9,2022,0 days 21:00:00,5,75,75114,2,2,1,3,RUE DIDOT,"48,8287380000","2,3165820000",1,1,1,1981.0,1,1,0,-1,B01,1,0,2,3,1,5,4,RUE DIDOT,0.0,,1,1,1,1,1,1,0,1,30,adult
202200049755,12,8,2022,0 days 09:15:00,1,68,68066,2,3,1,3,REUBELL (RUE),"48,0721000000","7,3585700000",1,3,1,1939.0,3,8,0,-1,B01,3,0,2,4,1,5,4,REUBELL (RUE),0.0,,1,1,0,1,1,1,8,1,30,child
202200049755,12,8,2022,0 days 09:15:00,1,68,68066,2,3,1,3,REUBELL (RUE),"48,0721000000","7,3585700000",1,1,1,1982.0,4,1,0,-1,B01,3,0,2,4,1,5,4,REUBELL (RUE),0.0,,1,1,0,1,1,1,8,1,30,adult
202200049820,17,2,2022,0 days 15:20:00,1,21,21585,1,1,1,2,Départementale 109 F,"47,2021650506","5,0821766852",1,1,1,1942.0,3,8,-1,-1,B01,1,0,2,4,1,5,3,109,0.0,F,2,2,0,1,1,1,0,1,80,child
202200049820,17,2,2022,0 days 15:20:00,1,21,21585,1,1,1,2,Départementale 109 F,"47,2021650506","5,0821766852",1,3,1,1978.0,5,0,-1,-1,B01,1,0,2,4,1,5,3,109,0.0,F,2,2,0,1,1,1,0,1,80,adult
202200049823,13,2,2022,0 days 06:45:00,3,14,14762,1,1,1,3,D512,"48,8392190000"," -0,8576900000",1,3,1,1976.0,1,2,-1,-1,B01,1,0,2,4,1,5,3,512,-1.0,,2,2,0,1,1,1,0,1,70,child
202200049823,13,2,2022,0 days 06:45:00,3,14,14762,1,1,1,3,D512,"48,8392190000"," -0,8576900000",1,1,2,2000.0,1,1,-1,-1,B01,1,0,2,4,1,5,3,512,-1.0,,2,2,0,1,1,1,0,1,70,adult
202200049923,18,10,2022,0 days 17:20:00,1,78,78158,2,2,1,6,VERSAILLES (RUE DE),"48,8191930000","2,1265580000",3,3,2,1943.0,3,8,8,-1,A01,1,0,1,1,15,5,4,VERSAILLES (RUE DE),0.0,,2,2,0,1,1,1,0,1,50,child
202200049923,18,10,2022,0 days 17:20:00,1,78,78158,2,2,1,6,VERSAILLES (RUE DE),"48,8191930000","2,1265580000",1,1,1,2010.0,2,0,-1,-1,A01,1,0,1,1,15,5,4,VERSAILLES (RUE DE),0.0,,2,2,0,1,1,1,0,1,50,adult
202200049980,7,6,2022,0 days 20:35:00,1,91,91692,2,6,1,3,MORVAN (RUE DU),"48,6824230000","2,1695340000",1,3,1,1950.0,5,8,0,-1,B01,1,1,0,8,0,5,4,MORVAN (RUE DU),0.0,,1,1,0,1,2,1,5,1,50,child
202200049980,7,6,2022,0 days 20:35:00,1,91,91692,2,6,1,3,MORVAN (RUE DU),"48,6824230000","2,1695340000",1,4,2,1986.0,0,1,8,-1,B01,1,1,0,8,0,5,4,MORVAN (RUE DU),0.0,,1,1,0,1,2,1,5,1,50,adult
202200049995,16,5,2022,0 days 12:00:00,1,92,92044,2,2,1,3,ARISTIDE BRIAND(RUE)1A49 ET 2A52,"48,8904154917","2,2836472392",1,1,1,1980.0,0,8,0,-1,A01,1,0,2,7,1,5,4,,0.0,,1,2,3,1,1,1,0,1,50,child
202200049995,16,5,2022,0 days 12:00:00,1,92,92044,2,2,1,3,ARISTIDE BRIAND(RUE)1A49 ET 2A52,"48,8904154917","2,2836472392",1,4,1,2001.0,0,8,0,-1,A01,1,0,2,7,1,5,4,,0.0,,1,2,3,1,1,1,0,1,50,adult
202200050011,24,10,2022,0 days 14:09:00,1,38,38185,2,1,2,6,FOCH (BOULEVARD MAL) (1 A 37-56),"45,1805600000","5,7206300000",3,4,1,1937.0,3,0,-1,-1,A01,0,0,1,1,25,5,4,FOCH (BOULEVARD MAL) (1 A 37-56),0.0,,1,0,1,1,1,2,0,5,30,child
202200050011,24,10,2022,0 days 14:09:00,1,38,38185,2,1,2,6,FOCH (BOULEVARD MAL) (1 A 37-56),"45,1805600000","5,7206300000",1,1,1,1994.0,0,-1,0,-1,A01,0,0,1,1,25,5,4,FOCH (BOULEVARD MAL) (1 A 37-56),0.0,,1,0,1,1,1,2,0,5,30,adult
202200050016,9,7,2022,0 days 10:45:00,1,93,93070,2,3,1,1,Rue des Rosiers / Rue Marceau,"48,9020200000","2,3426900000",1,4,1,1969.0,5,8,0,-1,A01,1,12,2,1,5,5,4,ROSIERS(DES) : APRES 61,0.0,,2,2,0,1,1,1,0,1,50,child
202200050016,9,7,2022,0 days 10:45:00,1,93,93070,2,3,1,1,Rue des Rosiers / Rue Marceau,"48,9020200000","2,3426900000",1,1,1,1991.0,4,1,0,-1,A01,1,12,2,1,5,5,4,ROSIERS(DES) : APRES 61,0.0,,2,2,0,1,1,1,0,1,50,adult
202200050082,31,8,2022,0 days 16:15:00,1,73,73132,1,1,1,3,D70,"45,7509390000","6,5914370000",1,3,1,1958.0,4,0,-1,-1,B01,1,0,2,8,1,5,3,70,-1.0,,2,2,0,1,1,1,2,1,80,child
202200050082,31,8,2022,0 days 16:15:00,1,73,73132,1,1,1,3,D70,"45,7509390000","6,5914370000",1,1,1,1963.0,4,1,-1,-1,B01,1,0,2,8,1,5,3,70,-1.0,,2,2,0,1,1,1,2,1,80,adult
202200050082,31,8,2022,0 days 16:15:00,1,73,73132,1,1,1,3,D70,"45,7509390000","6,5914370000",2,1,1,1984.0,4,1,-1,-1,B01,1,0,2,8,1,5,3,70,-1.0,,2,2,0,1,1,1,2,1,80,adult
202200050090,6,6,2022,0 days 16:46:00,1,78,78440,2,4,1,4,RHIN ET DANUBE (PONT),"48,9978000000","1,9088100000",1,1,1,1956.0,5,1,0,-1,C01,2,0,0,4,23,5,3,RHIN ET DANUBE (PONT),0.0,,2,5,0,2,1,1,5,1,50,child
202200050090,6,6,2022,0 days 16:46:00,1,78,78440,2,4,1,4,RHIN ET DANUBE (PONT),"48,9978000000","1,9088100000",1,1,1,1967.0,5,1,0,-1,C01,2,0,0,4,23,5,3,RHIN ET DANUBE (PONT),0.0,,2,5,0,2,1,1,5,1,50,adult
202200050090,6,6,2022,0 days 16:46:00,1,78,78440,2,4,1,4,RHIN ET DANUBE (PONT),"48,9978000000","1,9088100000",1,4,1,1977.0,5,2,8,-1,C01,2,0,0,4,23,5,3,RHIN ET DANUBE (PONT),0.0,,2,5,0,2,1,1,5,1,50,adult
202200050091,20,10,2022,0 days 19:09:00,1,22,22187,2,1,1,2,D36,"48,5338700000"," -2,7583900000",1,1,1,1941.0,0,1,0,-1,B01,1,0,2,4,2,5,3,RUE DE LA CROIX LORMEL,0.0,,2,3,0,1,1,1,2,1,30,child
202200050091,20,10,2022,0 days 19:09:00,1,22,22187,2,1,1,2,D36,"48,5338700000"," -2,7583900000",1,4,2,1972.0,9,2,8,-1,B01,1,0,2,4,2,5,3,RUE DE LA CROIX LORMEL,0.0,,2,3,0,1,1,1,2,1,30,adult
202200050117,4,6,2022,0 days 17:00:00,1,77,77251,1,1,2,3,D50,"48,6095100000","2,5551500000",1,3,1,1964.0,5,8,0,-1,B01,2,0,2,7,8,5,3,RD 50,0.0,,2,4,3,1,4,2,5,1,80,child
202200050117,4,6,2022,0 days 17:00:00,1,77,77251,1,1,2,3,D50,"48,6095100000","2,5551500000",1,1,1,1990.0,4,1,0,-1,B01,2,0,2,7,8,5,3,RD 50,0.0,,2,4,3,1,4,2,5,1,80,adult
202200050120,22,9,2022,0 days 13:00:00,1,65,65031,2,1,1,3,D929,"42,9110050000","0,3604460000",1,4,1,1943.0,5,2,-1,-1,B01,1,0,2,8,1,5,3,929,-1.0,D,2,2,0,1,2,1,0,1,50,child
202200050120,22,9,2022,0 days 13:00:00,1,65,65031,2,1,1,3,D929,"42,9110050000","0,3604460000",1,1,1,1966.0,4,1,-1,-1,B01,1,0,2,8,1,5,3,929,-1.0,D,2,2,0,1,2,1,0,1,50,adult
202200050251,14,8,2022,0 days 12:45:00,1,45,45040,2,3,8,1,27 Rue de Bon Coeur,"47,5539500000","2,8522090000",1,1,1,1960.0,0,8,-1,-1,A01,1,0,2,1,15,5,4,,-1.0,,2,2,0,1,1,1,0,1,50,child
202200050251,14,8,2022,0 days 12:45:00,1,45,45040,2,3,8,1,27 Rue de Bon Coeur,"47,5539500000","2,8522090000",1,3,1,2011.0,5,8,-1,-1,A01,1,0,2,1,15,5,4,,-1.0,,2,2,0,1,1,1,0,1,50,adult
202200050313,26,11,2022,0 days 13:15:00,1,67,67482,2,3,1,3,SCHIRMECK (ROUTE DE),"48,5663800000","7,7081400000",1,4,1,1946.0,0,8,0,-1,A01,1,0,2,7,15,5,7,SCHIRMECK (ROUTE DE),0.0,,2,6,3,1,1,1,0,1,50,child
202200050313,26,11,2022,0 days 13:15:00,1,67,67482,2,3,1,3,SCHIRMECK (ROUTE DE),"48,5663800000","7,7081400000",1,1,1,1981.0,0,1,0,-1,A01,1,0,2,7,15,5,7,SCHIRMECK (ROUTE DE),0.0,,2,6,3,1,1,1,0,1,50,adult
202200050379,10,7,2022,0 days 00:45:00,5,92,92026,2,6,1,3,EUROPE ( ROND POINT DE L' ),"48,9051866170","2,2560440898",1,1,2,1966.0,5,1,0,-1,B01,3,0,2,8,15,5,3,EUROPE ( ROND POINT DE L' ),0.0,,1,2,2,1,2,1,0,5,50,child
202200050379,10,7,2022,0 days 00:45:00,5,92,92026,2,6,1,3,EUROPE ( ROND POINT DE L' ),"48,9051866170","2,2560440898",1,4,1,1997.0,0,2,0,-1,B01,3,0,2,8,15,5,3,EUROPE ( ROND POINT DE L' ),0.0,,1,2,2,1,2,1,0,5,50,adult
202200050388,11,8,2022,0 days 11:00:00,1,73,73179,1,6,1,3,D14A,"45,6009420000","5,8762000000",1,3,1,1946.0,5,0,-1,-1,B01,3,0,2,3,19,5,3,14,-1.0,A,2,2,1,1,3,1,0,1,70,child
202200050388,11,8,2022,0 days 11:00:00,1,73,73179,1,6,1,3,D14A,"45,6009420000","5,8762000000",1,1,1,1979.0,5,1,-1,-1,B01,3,0,2,3,19,5,3,14,-1.0,A,2,2,1,1,3,1,0,1,70,adult
202200050397,8,6,2022,0 days 19:30:00,1,51,51055,2,6,1,3,Rue de la Potière,"49,2763600000","4,0553700000",1,4,1,1938.0,5,2,-1,-1,B01,2,0,2,1,2,5,3,POTIERE (RUE),0.0,,1,2,2,1,2,1,9,5,50,child
202200050397,8,6,2022,0 days 19:30:00,1,51,51055,2,6,1,3,Rue de la Potière,"49,2763600000","4,0553700000",1,1,2,1969.0,5,1,-1,-1,B01,2,0,2,1,2,5,3,POTIERE (RUE),0.0,,1,2,2,1,2,1,9,5,50,adult
202200050427,25,10,2022,0 days 06:30:00,3,67,67534,1,1,1,2,RD 421  PR 11+900,"48,7500740000","7,5225560000",1,4,1,1975.0,1,2,-1,-1,B01,2,0,2,4,1,5,3,421,-1.0,,2,2,0,1,1,1,0,1,80,child
202200050427,25,10,2022,0 days 06:30:00,3,67,67534,1,1,1,2,RD 421  PR 11+900,"48,7500740000","7,5225560000",1,4,1,1998.0,1,0,-1,-1,B01,2,0,2,4,1,5,3,421,-1.0,,2,2,0,1,1,1,0,1,80,adult
202200050436,16,2,2022,0 days 05:11:00,5,94,94054,2,3,3,2,Route Charles Tillon / Avenue de la Victoire,"48,7447800000","2,3863200000",1,3,1,1970.0,1,2,0,-1,B01,2,0,2,4,1,5,3,RTE CHARLES TILLON ,0.0,,2,4,1,1,1,2,5,1,50,child
202200050436,16,2,2022,0 days 05:11:00,5,94,94054,2,3,3,2,Route Charles Tillon / Avenue de la Victoire,"48,7447800000","2,3863200000",1,1,1,2001.0,4,1,0,-1,B01,2,0,2,4,1,5,3,RTE CHARLES TILLON ,0.0,,2,4,1,1,1,2,5,1,50,adult
202200050473,28,3,2022,0 days 20:45:00,5,75,75110,2,1,1,6,BOULEVARD DE STRASBOURG,"48,8699952246","2,3546368629",3,4,1,1957.0,5,0,-1,-1,A01,1,0,1,3,1,5,4,BOULEVARD DE STRASBOURG,0.0,,2,2,1,1,1,1,-1,5,30,child
202200050473,28,3,2022,0 days 20:45:00,5,75,75110,2,1,1,6,BOULEVARD DE STRASBOURG,"48,8699952246","2,3546368629",1,1,1,1988.0,1,2,-1,-1,A01,1,0,1,3,1,5,4,BOULEVARD DE STRASBOURG,0.0,,2,2,1,1,1,1,-1,5,30,adult
202200050506,24,10,2022,0 days 18:53:00,1,39,39333,2,3,1,3,1 Route de Saint-Laurent,"46,4345260000","5,7250250000",1,4,1,1947.0,0,2,4,-1,B01,1,0,2,3,1,5,3,D470E,-1.0,,2,2,0,1,2,1,0,1,50,child
202200050506,24,10,2022,0 days 18:53:00,1,39,39333,2,3,1,3,1 Route de Saint-Laurent,"46,4345260000","5,7250250000",1,1,2,1992.0,1,1,-1,-1,B01,1,0,2,3,1,5,3,D470E,-1.0,,2,2,0,1,2,1,0,1,50,adult
202200050538,28,3,2022,0 days 06:55:00,2,69,69382,2,1,1,1,86 Quai Perrache,"45,7316789947","4,8163487178",1,4,1,1969.0,1,2,-1,-1,B01,2,0,2,1,1,5,7,PERRACHE                            (QU),0.0,,1,2,1,1,1,1,2,1,50,child
202200050538,28,3,2022,0 days 06:55:00,2,69,69382,2,1,1,1,86 Quai Perrache,"45,7316789947","4,8163487178",1,1,2,1992.0,1,2,-1,-1,B01,2,0,2,1,1,5,7,PERRACHE                            (QU),0.0,,1,2,1,1,1,1,2,1,50,adult
202200050545,23,4,2022,0 days 11:30:00,1,62,62108,1,6,1,3,EUROPE,"50,4049300000","1,6027300000",1,1,1,1951.0,9,1,0,-1,B01,1,0,2,1,2,5,3,EUROPE,0.0,,-1,2,0,1,4,1,5,1,30,child
202200050545,23,4,2022,0 days 11:30:00,1,62,62108,1,6,1,3,EUROPE,"50,4049300000","1,6027300000",1,3,1,1981.0,5,2,8,-1,B01,1,0,2,1,2,5,3,EUROPE,0.0,,-1,2,0,1,4,1,5,1,30,adult
202200050570,14,2,2022,0 days 14:55:00,1,27,27355,2,3,2,3,Place Charles Henry Brasier,"48,8831760000","1,4605380000",1,1,2,1969.0,0,8,-1,-1,B01,3,0,2,2,19,5,3,833,0.0,D,2,2,0,1,1,2,0,1,50,child
202200050570,14,2,2022,0 days 14:55:00,1,27,27355,2,3,2,3,Place Charles Henry Brasier,"48,8831760000","1,4605380000",1,3,1,2007.0,0,0,-1,-1,B01,3,0,2,2,19,5,3,833,0.0,D,2,2,0,1,1,2,0,1,50,adult
202200050576,20,9,2022,0 days 16:15:00,1,69,69386,2,2,1,7,Rue Vauban,"45,7648800000","4,8435700000",1,4,2,1945.0,0,8,-1,-1,A01,2,0,2,0,9,0,4,VAUBAN                              (R ),0.0,,1,1,2,1,1,1,0,1,30,child
202200050576,20,9,2022,0 days 16:15:00,1,69,69386,2,2,1,7,Rue Vauban,"45,7648800000","4,8435700000",1,1,1,2001.0,4,1,-1,-1,A01,2,0,2,0,9,0,4,VAUBAN                              (R ),0.0,,1,1,2,1,1,1,0,1,30,adult
202200050607,8,6,2022,0 days 13:10:00,1,33,33069,2,6,2,3,Rue Lamartine,"44,8636100000"," -0,6063800000",1,1,2,1967.0,0,1,-1,-1,B01,1,0,2,1,9,5,4,RUE LAMARTINE,0.0,,2,2,0,1,2,2,0,1,30,child
202200050607,8,6,2022,0 days 13:10:00,1,33,33069,2,6,2,3,Rue Lamartine,"44,8636100000"," -0,6063800000",1,4,1,1999.0,0,0,-1,-1,B01,1,0,2,1,9,5,4,RUE LAMARTINE,0.0,,2,2,0,1,2,2,0,1,30,adult
202200050612,10,10,2022,0 days 16:00:00,1,28,28140,2,1,1,2,19 Rue de Cady,"48,6125090000","1,6713170000",1,4,1,1955.0,5,2,4,-1,B01,1,0,2,3,2,5,3,4.5,0.0,,2,2,0,1,1,1,0,1,50,child
202200050612,10,10,2022,0 days 16:00:00,1,28,28140,2,1,1,2,19 Rue de Cady,"48,6125090000","1,6713170000",1,1,1,1993.0,4,1,-1,-1,B01,1,0,2,3,2,5,3,4.5,0.0,,2,2,0,1,1,1,0,1,50,adult
202200050634,10,8,2022,0 days 20:00:00,1,77,77122,2,1,1,6,D57,"48,6584800000","2,5562000000",1,3,2,1953.0,5,8,0,-1,D01,3,0,2,7,19,5,3,AV ANDRE MALRAUX,0.0,,2,2,3,1,1,1,9,1,50,child
202200050634,10,8,2022,0 days 20:00:00,1,77,77122,2,1,1,6,D57,"48,6584800000","2,5562000000",1,1,1,1971.0,5,1,0,-1,D01,3,0,2,7,19,5,3,AV ANDRE MALRAUX,0.0,,2,2,3,1,1,1,9,1,50,adult
202200050634,10,8,2022,0 days 20:00:00,1,77,77122,2,1,1,6,D57,"48,6584800000","2,5562000000",1,1,1,2016.0,5,2,8,-1,D01,3,0,2,7,19,5,3,AV ANDRE MALRAUX,0.0,,2,2,3,1,1,1,9,1,50,adult
202200050634,10,8,2022,0 days 20:00:00,1,77,77122,2,1,1,6,D57,"48,6584800000","2,5562000000",1,3,1,2017.0,5,2,8,-1,D01,3,0,2,7,19,5,3,AV ANDRE MALRAUX,0.0,,2,2,3,1,1,1,9,1,50,adult
202200050637,10,7,2022,0 days 14:10:00,1,41,41034,1,1,1,5,D112,"47,6297900000","1,5140600000",1,2,1,1954.0,5,2,-1,-1,B01,2,0,2,1,1,5,3,,-1.0,,-1,2,0,1,1,1,0,1,70,child
202200050637,10,7,2022,0 days 14:10:00,1,41,41034,1,1,1,5,D112,"47,6297900000","1,5140600000",1,2,2,1961.0,5,0,-1,-1,B01,2,0,2,1,1,5,3,,-1.0,,-1,2,0,1,1,1,0,1,70,adult
202200050637,10,7,2022,0 days 14:10:00,1,41,41034,1,1,1,5,D112,"47,6297900000","1,5140600000",2,3,1,1981.0,0,0,-1,-1,B01,2,0,2,1,1,5,3,,-1.0,,-1,2,0,1,1,1,0,1,70,adult
202200050637,10,7,2022,0 days 14:10:00,1,41,41034,1,1,1,5,D112,"47,6297900000","1,5140600000",1,3,2,1983.0,0,1,-1,-1,B01,2,0,2,1,1,5,3,,-1.0,,-1,2,0,1,1,1,0,1,70,adult
202200050650,5,6,2022,0 days 19:35:00,1,29,29232,1,6,1,3,Rond-Point d’Ergue-Armel,"47,9836638132"," -4,0747168065",1,1,2,1953.0,5,1,-1,-1,B01,2,0,0,2,1,5,3,ERGUE ARMEL  ROND POINT D',0.0,,1,2,0,3,3,1,9,1,50,child
202200050650,5,6,2022,0 days 19:35:00,1,29,29232,1,6,1,3,Rond-Point d’Ergue-Armel,"47,9836638132"," -4,0747168065",1,4,1,1996.0,5,2,-1,-1,B01,2,0,0,2,1,5,3,ERGUE ARMEL  ROND POINT D',0.0,,1,2,0,3,3,1,9,1,50,adult
202200050651,21,4,2022,0 days 06:50:00,2,22,22278,2,3,1,3,CORDERIE (DE LA),"48,5162000000"," -2,7759410000",1,1,1,1952.0,0,1,0,-1,B01,3,0,2,1,1,5,4,OGE (PIERRE),0.0,,2,2,0,1,1,1,0,1,50,child
202200050651,21,4,2022,0 days 06:50:00,2,22,22278,2,3,1,3,CORDERIE (DE LA),"48,5162000000"," -2,7759410000",1,4,1,1982.0,0,2,6,-1,B01,3,0,2,1,1,5,4,OGE (PIERRE),0.0,,2,2,0,1,1,1,0,1,50,adult
202200050672,28,11,2022,0 days 12:45:00,1,75,75113,2,2,1,3,RUE DU MOULINET,"48,8267970000","2,3532930000",1,1,1,1971.0,4,1,-1,-1,B01,1,0,2,8,1,5,4,RUE DU MOULINET,0.0,,2,2,1,2,1,1,0,5,30,child
202200050672,28,11,2022,0 days 12:45:00,1,75,75113,2,2,1,3,RUE DU MOULINET,"48,8267970000","2,3532930000",1,4,2,2000.0,2,2,0,-1,B01,1,0,2,8,1,5,4,RUE DU MOULINET,0.0,,2,2,1,2,1,1,0,5,30,adult
202200050677,8,5,2022,0 days 21:28:00,1,17,17300,2,9,1,1,CREPEAU   AVENUE MICHEL,"46,1535940000"," -1,1550260000",1,4,1,1970.0,0,8,0,-1,A01,3,0,2,1,16,5,4,CREPEAU   AVENUE MICHEL,0.0,,-1,2,1,1,1,1,0,1,50,child
202200050677,8,5,2022,0 days 21:28:00,1,17,17300,2,9,1,1,CREPEAU   AVENUE MICHEL,"46,1535940000"," -1,1550260000",1,1,1,1993.0,0,2,8,-1,A01,3,0,2,1,16,5,4,CREPEAU   AVENUE MICHEL,0.0,,-1,2,1,1,1,1,0,1,50,adult
202200050685,9,5,2022,0 days 17:45:00,1,14,14327,2,9,1,3,D226A,"49,2074600000"," -0,3170400000",1,4,2,1960.0,1,0,-1,-1,B01,2,0,2,1,1,5,3,CD N°  226 A,0.0,,2,2,2,2,1,1,0,5,50,child
202200050685,9,5,2022,0 days 17:45:00,1,14,14327,2,9,1,3,D226A,"49,2074600000"," -0,3170400000",1,1,1,1981.0,1,1,-1,-1,B01,2,0,2,1,1,5,3,CD N°  226 A,0.0,,2,2,2,2,1,1,0,5,50,adult
202200050703,28,11,2022,0 days 19:35:00,5,75,75112,2,7,1,2,PLACE FELIX EBOUE,"48,8397437469","2,3954674602",1,1,1,1953.0,1,1,0,-1,B01,2,0,2,4,2,5,4,PLACE FELIX EBOUE,0.0,,1,3,0,1,2,1,0,1,30,child
202200050703,28,11,2022,0 days 19:35:00,5,75,75112,2,7,1,2,PLACE FELIX EBOUE,"48,8397437469","2,3954674602",1,4,1,1980.0,1,2,0,-1,B01,2,0,2,4,2,5,4,PLACE FELIX EBOUE,0.0,,1,3,0,1,2,1,0,1,30,adult
202200050715,30,9,2022,0 days 10:15:00,1,66,66171,2,1,7,2,Chemin d Al Roure,"42,6291206857","3,0066677928",1,1,1,1936.0,5,1,-1,-1,B01,3,0,0,4,1,5,4,,-1.0,,2,1,2,1,1,1,9,1,50,child
202200050715,30,9,2022,0 days 10:15:00,1,66,66171,2,1,7,2,Chemin d Al Roure,"42,6291206857","3,0066677928",1,3,1,1959.0,5,0,-1,-1,B01,3,0,0,4,1,5,4,,-1.0,,2,1,2,1,1,1,9,1,50,adult
202200050760,20,9,2022,0 days 17:10:00,1,77,77186,2,1,1,6,SAINT MERRY (RUE),"48,4022600000","2,6899300000",3,4,2,1987.0,0,0,-1,-1,A01,1,0,1,1,25,5,4,SAINT MERRY (RUE),0.0,,-1,0,0,1,1,1,0,4,30,child
202200050760,20,9,2022,0 days 17:10:00,1,77,77186,2,1,1,6,SAINT MERRY (RUE),"48,4022600000","2,6899300000",1,1,2,2009.0,9,0,-1,-1,A01,1,0,1,1,25,5,4,SAINT MERRY (RUE),0.0,,-1,0,0,1,1,1,0,4,30,adult
202200050837,27,3,2022,0 days 12:24:00,1,49,49246,2,1,1,3,D160,"47,4426911912"," -0,5351784825",1,4,1,1952.0,9,8,0,-1,B01,1,0,2,2,26,5,3,GUINEL,0.0,,1,2,0,1,2,1,0,1,30,child
202200050837,27,3,2022,0 days 12:24:00,1,49,49246,2,1,1,3,D160,"47,4426911912"," -0,5351784825",1,1,1,1988.0,9,8,0,-1,B01,1,0,2,2,26,5,3,GUINEL,0.0,,1,2,0,1,2,1,0,1,30,adult
202200050862,20,9,2022,0 days 11:50:00,1,64,64102,2,6,1,3,Rond Point de la Faiencerie,"43,4937500000"," -1,4915500000",1,4,1,1965.0,9,2,0,-1,B01,3,0,2,7,1,5,4,FAIENCERIE(Rond Point de la),0.0,,1,1,0,1,2,1,0,1,50,child
202200050862,20,9,2022,0 days 11:50:00,1,64,64102,2,6,1,3,Rond Point de la Faiencerie,"43,4937500000"," -1,4915500000",1,1,1,1993.0,5,1,0,-1,B01,3,0,2,7,1,5,4,FAIENCERIE(Rond Point de la),0.0,,1,1,0,1,2,1,0,1,50,adult