Num_Acc,jour,mois,an,hrmn,lum,dep,com,agg,int,atm,col,adr,lat,long,catu,grav,sexe,an_nais,trajet,secu1,secu2,secu3,num_veh_y,senc,obs,obsm,choc,manv,motor,catr,voie,v1,v2,circ,nbv,vosp,prof,plan,surf,infra,situ,vma,age
202200053877,27,10,2022,0 days 11:00:00,1,89,89387,2,3,1,3,PEPINIERE (RUE DE LA),"48,2008400000","3,2892100000",1,1,1,2003.0,5,1,0,-1,B01,1,0,2,5,15,5,4,PEPINIERE (RUE DE LA),0.0,,2,2,0,1,1,1,0,1,50,adult
202200054014,26,3,2022,0 days 12:00:00,1,31,31285,1,2,1,3,D59,"43,6316020000","1,5999700000",2,1,1,1936.0,5,1,-1,-1,C01,1,0,2,7,16,5,3,59,0.0,,2,2,0,1,1,1,0,1,80,child
202200054014,26,3,2022,0 days 12:00:00,1,31,31285,1,2,1,3,D59,"43,6316020000","1,5999700000",1,3,1,1938.0,5,2,-1,-1,C01,1,0,2,7,16,5,3,59,0.0,,2,2,0,1,1,1,0,1,80,adult
202200054014,26,3,2022,0 days 12:00:00,1,31,31285,1,2,1,3,D59,"43,6316020000","1,5999700000",1,1,1,1943.0,5,1,-1,-1,C01,1,0,2,7,16,5,3,59,0.0,,2,2,0,1,1,1,0,1,80,adult
202200054014,26,3,2022,0 days 12:00:00,1,31,31285,1,2,1,3,D59,"43,6316020000","1,5999700000",2,1,2,1967.0,5,1,-1,-1,C01,1,0,2,7,16,5,3,59,0.0,,2,2,0,1,1,1,0,1,80,adult
202200054048,10,8,2022,0 days 18:00:00,1,93,93029,2,1,1,3,Avenue Jean Jaurès,"48,9209537519","2,4492770178",1,4,1,1962.0,0,8,0,-1,Y01,2,0,2,5,2,5,3,JEAN JAURES (AVENUE),0.0,,2,2,0,1,1,1,0,1,50,child
202200054048,10,8,2022,0 days 18:00:00,1,93,93029,2,1,1,3,Avenue Jean Jaurès,"48,9209537519","2,4492770178",1,1,2,1983.0,0,1,0,-1,Y01,2,0,2,5,2,5,3,JEAN JAURES (AVENUE),0.0,,2,2,0,1,1,1,0,1,50,adult
202200054049,19,9,2022,0 days 18:58:00,1,65,65284,2,1,1,1,Rue la Bernede,"43,1791310000","0,0195910000",1,1,1,1943.0,5,1,-1,-1,B01,3,0,2,1,21,5,4,,-1.0,,2,2,0,2,3,1,0,1,50,child
202200054049,19,9,2022,0 days 18:58:00,1,65,65284,2,1,1,1,Rue la Bernede,"43,1791310000","0,0195910000",1,4,1,1975.0,5,2,-1,-1,B01,3,0,2,1,21,5,4,,-1.0,,2,2,0,2,3,1,0,1,50,adult
202200054079,10,8,2022,0 days 17:10:00,1,92,92050,2,1,1,3,ZOLA EMILE BOULEVARD,"48,8950025106","2,2118246555",1,1,1,1977.0,4,1,0,-1,B01,1,0,2,7,25,5,4,,0.0,,1,10,1,1,3,1,0,4,50,child
202200054079,10,8,2022,0 days 17:10:00,1,92,92050,2,1,1,3,ZOLA EMILE BOULEVARD,"48,8950025106","2,2118246555",1,4,1,2013.0,0,2,0,-1,B01,1,0,2,7,25,5,4,,0.0,,1,10,1,1,3,1,0,4,50,adult
202200054096,10,8,2022,0 days 14:30:00,1,92,92007,2,1,1,3,VERDUN (RUE DE) N° IMPAIRS,"48,8020140000","2,3180850000",1,1,1,1979.0,0,8,0,-1,B01,1,0,2,3,9,5,4,VERDUN (RUE DE) N° IMPAIRS,0.0,,2,2,1,1,1,1,0,1,50,child
202200054096,10,8,2022,0 days 14:30:00,1,92,92007,2,1,1,3,VERDUN (RUE DE) N° IMPAIRS,"48,8020140000","2,3180850000",1,4,1,2007.0,0,8,0,-1,B01,1,0,2,3,9,5,4,VERDUN (RUE DE) N° IMPAIRS,0.0,,2,2,1,1,1,1,0,1,50,adult
202200054123,19,9,2022,0 days 17:57:00,1,38,38117,2,4,1,1,Rue de Malleval,"45,1714110000","5,4153590000",1,3,1,1950.0,5,0,-1,-1,B01,0,0,2,1,1,5,3,,0.0,,2,2,0,4,2,1,0,1,50,child
202200054123,19,9,2022,0 days 17:57:00,1,38,38117,2,4,1,1,Rue de Malleval,"45,1714110000","5,4153590000",1,1,1,1981.0,0,1,-1,-1,B01,0,0,2,1,1,5,3,,0.0,,2,2,0,4,2,1,0,1,50,adult
202200054202,4,6,2022,0 days 16:05:00,1,24,24264,1,1,1,3,D6089,"45,0081650000","0,1347220000",1,3,2,1947.0,3,0,-1,-1,B01,1,0,2,8,1,5,3,6089,0.0,D,2,2,0,1,1,1,0,1,80,child
202200054202,4,6,2022,0 days 16:05:00,1,24,24264,1,1,1,3,D6089,"45,0081650000","0,1347220000",1,1,2,1978.0,0,8,-1,-1,B01,1,0,2,8,1,5,3,6089,0.0,D,2,2,0,1,1,1,0,1,80,adult
202200054208,9,7,2022,0 days 10:35:00,1,62,62318,2,9,1,3,D940,"50,5149654328","1,6348862062",1,1,1,1934.0,5,1,-1,-1,B01,1,0,2,3,1,5,3,940,-1.0,,2,1,1,1,1,1,0,5,50,child
202200054208,9,7,2022,0 days 10:35:00,1,62,62318,2,9,1,3,D940,"50,5149654328","1,6348862062",1,3,1,1984.0,5,2,-1,-1,B01,1,0,2,3,1,5,3,940,-1.0,,2,1,1,1,1,1,0,5,50,adult
202200054216,10,8,2022,0 days 10:45:00,1,56,56248,2,1,1,3,44 Rue Général Henri de Virel,"47,5858742000"," -2,6283556200",1,3,1,1960.0,5,2,-1,-1,B01,2,0,2,1,1,5,3,183,0.0,D,2,2,1,1,1,1,0,1,50,child
202200054216,10,8,2022,0 days 10:45:00,1,56,56248,2,1,1,3,44 Rue Général Henri de Virel,"47,5858742000"," -2,6283556200",1,1,1,1990.0,4,9,-1,-1,B01,2,0,2,1,1,5,3,183,0.0,D,2,2,1,1,1,1,0,1,50,adult
202200054238,2,1,2022,0 days 12:20:00,1,974,97416,2,9,1,3,PASTEUR(RUE)," -21,3371900000","55,4623500000",1,1,1,1981.0,0,1,5,-1,B01,3,0,2,8,19,5,4,PASTEUR(RUE),0.0,,2,2,0,2,1,1,0,1,30,child
202200054238,2,1,2022,0 days 12:20:00,1,974,97416,2,9,1,3,PASTEUR(RUE)," -21,3371900000","55,4623500000",1,3,1,2010.0,5,8,0,-1,B01,3,0,2,8,19,5,4,PASTEUR(RUE),0.0,,2,2,0,2,1,1,0,1,30,adult
202200054259,5,5,2022,0 days 06:50:00,1,69,69386,2,2,2,3,Rue Tête d’Or,"45,7651100000","4,8531800000",1,4,1,1977.0,1,8,-1,-1,B01,1,0,2,4,1,5,4,TETE D'OR (DE LA)                   (R ),0.0,,1,1,2,1,1,2,0,1,50,child
202200054259,5,5,2022,0 days 06:50:00,1,69,69386,2,2,2,3,Rue Tête d’Or,"45,7651100000","4,8531800000",1,1,1,2000.0,1,1,-1,-1,B01,1,0,2,4,1,5,4,TETE D'OR (DE LA)                   (R ),0.0,,1,1,2,1,1,2,0,1,50,adult
202200054265,11,8,2022,0 days 10:25:00,1,32,32344,1,1,1,3,Route de Balembitz,"43,6231271497"," -0,0702685118",1,3,1,1950.0,5,2,-1,-1,A01,3,0,2,1,13,5,4,5,-1.0,,-1,2,0,2,3,1,0,1,80,child
202200054265,11,8,2022,0 days 10:25:00,1,32,32344,1,1,1,3,Route de Balembitz,"43,6231271497"," -0,0702685118",1,1,2,1992.0,5,1,-1,-1,A01,3,0,2,1,13,5,4,5,-1.0,,-1,2,0,2,3,1,0,1,80,adult
202200054287,24,11,2022,0 days 22:05:00,5,49,49007,2,9,1,3,LETANDUERE,"47,4575600000"," -0,5541200000",1,1,1,1952.0,9,8,0,-1,B01,1,0,2,8,1,5,4,LETANDUERE,0.0,,2,2,3,1,1,2,9,1,30,child
202200054287,24,11,2022,0 days 22:05:00,5,49,49007,2,9,1,3,LETANDUERE,"47,4575600000"," -0,5541200000",1,4,1,1981.0,9,8,0,-1,B01,1,0,2,8,1,5,4,LETANDUERE,0.0,,2,2,3,1,1,2,9,1,30,adult
202200054300,21,10,2022,0 days 10:00:00,1,33,33529,2,1,1,3,CAZAUX (BD DE),"44,6095473807"," -1,1325091124",1,4,1,1944.0,5,2,6,-1,B01,1,0,2,9,1,5,4,CAZAUX (BD DE),0.0,,2,2,1,1,1,1,0,5,50,child
202200054300,21,10,2022,0 days 10:00:00,1,33,33529,2,1,1,3,CAZAUX (BD DE),"44,6095473807"," -1,1325091124",1,1,1,1967.0,0,1,-1,-1,B01,1,0,2,9,1,5,4,CAZAUX (BD DE),0.0,,2,2,1,1,1,1,0,5,50,adult
202200054302,10,8,2022,0 days 19:40:00,1,63,63195,2,2,1,1,rue des augustins / Square Lopick,"45,8278610000","3,3777270000",1,2,1,1958.0,5,0,-1,-1,B01,2,0,2,8,9,5,3,336,-1.0,,2,1,0,1,2,1,0,1,50,child
202200054302,10,8,2022,0 days 19:40:00,1,63,63195,2,2,1,1,rue des augustins / Square Lopick,"45,8278610000","3,3777270000",1,1,1,1997.0,5,1,-1,-1,B01,2,0,2,8,9,5,3,336,-1.0,,2,1,0,1,2,1,0,1,50,adult
202200054305,2,1,2022,0 days 11:55:00,1,64,64445,2,2,1,3,Place Gramont,"43,2963300000"," -0,3751300000",1,1,1,1942.0,5,1,8,-1,B01,1,0,2,1,1,5,4,GRAMONT,0.0,,1,1,0,1,1,1,0,1,30,child
202200054305,2,1,2022,0 days 11:55:00,1,64,64445,2,2,1,3,Place Gramont,"43,2963300000"," -0,3751300000",1,4,1,2004.0,9,8,0,-1,B01,1,0,2,1,1,5,4,GRAMONT,0.0,,1,1,0,1,1,1,0,1,30,adult
202200054337,28,6,2022,0 days 18:15:00,1,68,68374,2,3,8,1,Rue de l Orge,"48,0811040000","7,3222050000",1,3,1,1965.0,1,2,-1,-1,A01,1,0,2,1,1,5,3,,-1.0,,2,2,1,1,1,1,0,1,50,child
202200054337,28,6,2022,0 days 18:15:00,1,68,68374,2,3,8,1,Rue de l Orge,"48,0811040000","7,3222050000",1,1,2,2000.0,5,1,-1,-1,A01,1,0,2,1,1,5,3,,-1.0,,2,2,1,1,1,1,0,1,50,adult
202200054366,18,9,2022,0 days 12:56:00,1,59,59374,2,1,1,2,30 Route de Taisnieres,"50,1314572279","3,8381606340",1,3,1,1977.0,5,0,-1,-1,B01,2,0,2,4,2,5,3,117,0.0,D,2,2,0,2,1,1,0,1,50,child
202200054366,18,9,2022,0 days 12:56:00,1,59,59374,2,1,1,2,30 Route de Taisnieres,"50,1314572279","3,8381606340",1,1,1,2006.0,5,2,-1,-1,B01,2,0,2,4,2,5,3,117,0.0,D,2,2,0,2,1,1,0,1,50,adult
202200054367,25,11,2022,0 days 15:35:00,1,35,35281,2,1,1,1,DODIN (AVENUE ROGER),"48,0838100000"," -1,7094600000",1,4,2,1960.0,5,8,-1,-1,B01,2,0,2,1,1,5,7,,0.0,,3,4,1,1,1,1,0,5,50,child
202200054367,25,11,2022,0 days 15:35:00,1,35,35281,2,1,1,1,DODIN (AVENUE ROGER),"48,0838100000"," -1,7094600000",1,1,1,2003.0,5,8,-1,-1,B01,2,0,2,1,1,5,7,,0.0,,3,4,1,1,1,1,0,5,50,adult
202200054450,3,8,2022,0 days 08:30:00,1,27,27423,1,3,1,3,departementale 50,"48,7794400000","1,3410560000",1,3,1,1968.0,5,2,-1,-1,B01,1,0,2,1,1,5,3,50,-1.0,,2,2,0,1,1,1,0,1,80,child
202200054450,3,8,2022,0 days 08:30:00,1,27,27423,1,3,1,3,departementale 50,"48,7794400000","1,3410560000",1,1,2,1993.0,9,1,-1,-1,B01,1,0,2,1,1,5,3,50,-1.0,,2,2,0,1,1,1,0,1,80,adult
202200054472,26,3,2022,0 days 15:50:00,1,35,35152,2,2,7,1,Av du Pdt Francois Mitterrand,"48,2140900000"," -1,5061540000",1,3,2,1962.0,3,0,-1,-1,B01,1,0,2,1,26,5,3,528,-1.0,,2,3,0,1,1,1,5,1,50,child
202200054472,26,3,2022,0 days 15:50:00,1,35,35152,2,2,7,1,Av du Pdt Francois Mitterrand,"48,2140900000"," -1,5061540000",1,1,1,1996.0,5,1,-1,-1,B01,1,0,2,1,26,5,3,528,-1.0,,2,3,0,1,1,1,5,1,50,adult
202200054500,25,11,2022,0 days 09:55:00,1,29,29019,2,6,1,3,avenue Victor Le Gorgeu,"48,4005900000"," -4,4998600000",1,1,1,1966.0,1,1,-1,-1,B01,1,0,0,0,1,5,4,LE GORGEU (N°29 (TOTAL)-UBO(ALBERT 1ER ),0.0,,2,2,0,2,1,2,0,1,50,child
202200054500,25,11,2022,0 days 09:55:00,1,29,29019,2,6,1,3,avenue Victor Le Gorgeu,"48,4005900000"," -4,4998600000",1,4,2,2002.0,2,2,-1,-1,B01,1,0,0,0,1,5,4,LE GORGEU (N°29 (TOTAL)-UBO(ALBERT 1ER ),0.0,,2,2,0,2,1,2,0,1,50,adult
202200054507,13,2,2022,0 days 10:45:00,1,62,62830,2,3,1,6,Rue de la Tete,"50,0921580000","3,0894850000",1,4,1,1973.0,5,2,-1,-1,B01,3,0,0,1,1,5,3,,-1.0,,2,2,-1,1,3,1,0,1,-1,child
202200054507,13,2,2022,0 days 10:45:00,1,62,62830,2,3,1,6,Rue de la Tete,"50,0921580000","3,0894850000",1,1,1,1992.0,1,1,-1,-1,B01,3,0,0,1,1,5,3,,-1.0,,2,2,-1,1,3,1,0,1,-1,adult
202200054507,13,2,2022,0 days 10:45:00,1,62,62830,2,3,1,6,Rue de la Tete,"50,0921580000","3,0894850000",1,4,1,2004.0,5,2,-1,-1,B01,3,0,0,1,1,5,3,,-1.0,,2,2,-1,1,3,1,0,1,-1,adult
202200054559,9,8,2022,0 days 17:00:00,2,987,98714,1,1,1,3,vaitape," -16,3880000000"," -151,7650000000",1,1,1,1952.0,4,1,-1,-1,B01,1,0,2,8,1,5,2,101,0.0,,2,2,0,1,1,1,0,1,60,child
202200054559,9,8,2022,0 days 17:00:00,2,987,98714,1,1,1,3,vaitape," -16,3880000000"," -151,7650000000",1,3,1,2009.0,5,0,-1,-1,B01,1,0,2,8,1,5,2,101,0.0,,2,2,0,1,1,1,0,1,60,adult
202200054585,2,1,2022,0 days 13:50:00,1,12,12288,1,2,1,2,RD840,"44,4538180000","2,4258540000",1,1,2,1961.0,1,1,-1,-1,B01,1,0,2,4,1,5,3,57,-1.0,,2,2,0,1,1,1,0,1,70,child
202200054585,2,1,2022,0 days 13:50:00,1,12,12288,1,2,1,2,RD840,"44,4538180000","2,4258540000",1,4,1,1983.0,5,2,4,6,B01,1,0,2,4,1,5,3,57,-1.0,,2,2,0,1,1,1,0,1,70,adult
202200054589,25,11,2022,0 days 16:27:00,1,17,17415,2,1,8,3,SAINTONGE AVENUE DE,"45,7408400000"," -0,6292800000",1,4,1,1948.0,0,8,0,-1,B01,2,0,2,7,1,5,3,SAINTONGE BLANC. A APOTRES AVENUE DE,0.0,,3,2,1,1,1,1,0,5,30,child
202200054589,25,11,2022,0 days 16:27:00,1,17,17415,2,1,8,3,SAINTONGE AVENUE DE,"45,7408400000"," -0,6292800000",1,1,1,1991.0,5,1,0,-1,B01,2,0,2,7,1,5,3,SAINTONGE BLANC. A APOTRES AVENUE DE,0.0,,3,2,1,1,1,1,0,5,30,adult
202200054591,5,6,2022,0 days 19:40:00,1,56,56078,1,3,1,3,Manecohal,"47,7585700000"," -3,4744260000",1,1,1,1981.0,5,1,-1,-1,B01,3,0,2,1,15,5,4,neant,0.0,,2,2,0,1,1,1,0,1,50,child
202200054591,5,6,2022,0 days 19:40:00,1,56,56078,1,3,1,3,Manecohal,"47,7585700000"," -3,4744260000",1,3,1,2017.0,5,2,-1,-1,B01,3,0,2,1,15,5,4,neant,0.0,,2,2,0,1,1,1,0,1,50,adult
202200054623,4,5,2022,0 days 16:10:00,1,49,49007,2,1,1,6,ROI RENE BOULEVARD,"47,4675500000"," -0,5553800000",3,3,2,1968.0,1,0,-1,-1,A01,1,0,1,1,1,5,4,ROI RENE BOULEVARD,0.0,,2,2,0,1,1,1,0,1,30,child
202200054623,4,5,2022,0 days 16:10:00,1,49,49007,2,1,1,6,ROI RENE BOULEVARD,"47,4675500000"," -0,5553800000",1,1,1,2006.0,5,8,0,-1,A01,1,0,1,1,1,5,4,ROI RENE BOULEVARD,0.0,,2,2,0,1,1,1,0,1,30,adult
202200054624,12,2,2022,0 days 12:10:00,1,35,35210,1,1,1,5,Lieu-dit Le BEUCHAIS,"48,1358220000"," -1,8030350000",1,1,1,1960.0,0,8,-1,-1,C01,1,0,2,1,1,5,7,287,-1.0,,2,2,0,1,4,1,0,1,70,child
202200054624,12,2,2022,0 days 12:10:00,1,35,35210,1,1,1,5,Lieu-dit Le BEUCHAIS,"48,1358220000"," -1,8030350000",1,3,1,1981.0,5,2,-1,-1,C01,1,0,2,1,1,5,7,287,-1.0,,2,2,0,1,4,1,0,1,70,adult
202200054624,12,2,2022,0 days 12:10:00,1,35,35210,1,1,1,5,Lieu-dit Le BEUCHAIS,"48,1358220000"," -1,8030350000",1,1,1,1986.0,5,8,-1,-1,C01,1,0,2,1,1,5,7,287,-1.0,,2,2,0,1,4,1,0,1,70,adult
202200054645,5,6,2022,0 days 16:15:00,1,59,59094,2,1,1,6,26 RUE MOZART,"50,9388630000","2,1978610000",3,3,2,1964.0,5,0,-1,-1,A01,3,0,1,1,2,5,4,,0.0,,2,2,0,1,1,1,0,1,50,child
202200054645,5,6,2022,0 days 16:15:00,1,59,59094,2,1,1,6,26 RUE MOZART,"50,9388630000","2,1978610000",1,1,1,2005.0,5,0,-1,-1,A01,3,0,1,1,2,5,4,,0.0,,2,2,0,1,1,1,0,1,50,adult
202200054672,2,1,2022,0 days 11:10:00,1,36,36215,1,1,7,3,,"46,8649128585","2,0859164000",1,1,1,1949.0,3,1,-1,-1,B01,2,0,2,4,2,5,3,16,0.0,,2,2,0,1,1,1,0,1,80,child
202200054672,2,1,2022,0 days 11:10:00,1,36,36215,1,1,7,3,,"46,8649128585","2,0859164000",1,3,1,1976.0,5,2,-1,-1,B01,2,0,2,4,2,5,3,16,0.0,,2,2,0,1,1,1,0,1,80,adult
202200054697,7,8,2022,0 days 14:10:00,1,54,54318,2,3,1,2,Route de Saizerais,"48,7697320080","6,0543626555",1,1,1,1957.0,5,1,-1,-1,B01,2,0,2,6,15,5,3,90,0.0,B,2,2,0,1,1,1,0,1,50,child
202200054697,7,8,2022,0 days 14:10:00,1,54,54318,2,3,1,2,Route de Saizerais,"48,7697320080","6,0543626555",1,3,1,2004.0,5,0,-1,-1,B01,2,0,2,6,15,5,3,90,0.0,B,2,2,0,1,1,1,0,1,50,adult
202200054698,12,2,2022,0 days 13:35:00,1,78,78265,2,1,1,3,33 Rue du General Leclerc,"48,8211260000","1,7565150000",1,3,1,1952.0,5,0,-1,-1,B01,1,0,2,9,17,5,3,33,0.0,,4,2,0,1,1,1,0,1,50,child
202200054698,12,2,2022,0 days 13:35:00,1,78,78265,2,1,1,3,33 Rue du General Leclerc,"48,8211260000","1,7565150000",1,1,1,1979.0,0,1,-1,-1,B01,1,0,2,9,17,5,3,33,0.0,,4,2,0,1,1,1,0,1,50,adult
202200054717,11,8,2022,0 days 09:45:00,1,42,42147,2,1,1,1,Avenue Alsace Lorraine,"45,6041960000","4,0695470000",1,3,1,1955.0,5,0,-1,-1,B01,3,0,9,1,1,5,4,,0.0,,1,1,1,1,1,1,0,5,50,child
202200054717,11,8,2022,0 days 09:45:00,1,42,42147,2,1,1,1,Avenue Alsace Lorraine,"45,6041960000","4,0695470000",1,1,1,1977.0,3,0,-1,-1,B01,3,0,9,1,1,5,4,,0.0,,1,1,1,1,1,1,0,5,50,adult
202200054725,13,2,2022,0 days 18:30:00,3,13,13100,1,1,2,2,Route de Tarascon,"43,7949470000","4,8073610000",1,1,2,1934.0,5,1,-1,-1,B01,2,0,2,4,2,5,3,99,0.0,D,2,2,0,1,1,2,0,1,80,child
202200054725,13,2,2022,0 days 18:30:00,3,13,13100,1,1,2,2,Route de Tarascon,"43,7949470000","4,8073610000",1,3,1,1999.0,5,0,-1,-1,B01,2,0,2,4,2,5,3,99,0.0,D,2,2,0,1,1,2,0,1,80,adult
202200054735,18,9,2022,0 days 20:00:00,5,69,69383,2,1,1,3,Avenue Lacassagne,"45,7458700000","4,8869600000",1,1,1,1964.0,0,8,-1,-1,B01,1,0,2,1,1,0,4,LACASSAGNE                          (AV),0.0,,1,1,2,1,1,1,0,5,30,child
202200054735,18,9,2022,0 days 20:00:00,5,69,69383,2,1,1,3,Avenue Lacassagne,"45,7458700000","4,8869600000",1,4,1,1991.0,0,8,-1,-1,B01,1,0,2,1,1,0,4,LACASSAGNE                          (AV),0.0,,1,1,2,1,1,1,0,5,30,adult
202200054744,20,10,2022,0 days 12:30:00,1,77,77307,2,3,1,3,D344A,"48,8554000000","2,7686800000",1,1,1,1941.0,0,1,8,-1,B01,3,0,2,2,1,5,3,AV DE L EUROPE,0.0,,3,2,0,1,1,1,0,1,30,child
202200054744,20,10,2022,0 days 12:30:00,1,77,77307,2,3,1,3,D344A,"48,8554000000","2,7686800000",1,4,1,1993.0,9,2,8,-1,B01,3,0,2,2,1,5,3,AV DE L EUROPE,0.0,,3,2,0,1,1,1,0,1,30,adult
202200054759,1,1,2022,0 days 12:00:00,1,35,35124,2,6,1,3,Rue de Pierric,"47,7205180000"," -1,7324640000",1,4,1,1953.0,5,2,-1,-1,A01,1,0,2,5,9,5,3,69,-1.0,,2,2,0,2,1,1,5,1,50,child
202200054759,1,1,2022,0 days 12:00:00,1,35,35124,2,6,1,3,Rue de Pierric,"47,7205180000"," -1,7324640000",1,1,1,1978.0,3,1,-1,-1,A01,1,0,2,5,9,5,3,69,-1.0,,2,2,0,2,1,1,5,1,50,adult
202200054769,23,3,2022,0 days 10:05:00,1,90,90010,2,2,1,3,Rue de Roubaix,"47,6470000000","6,8500000000",1,1,1,1931.0,-1,1,-1,-1,D01,3,0,2,7,19,5,4,ROUBAIX (RUE),0.0,,2,2,0,1,1,1,0,1,50,child
202200054769,23,3,2022,0 days 10:05:00,1,90,90010,2,2,1,3,Rue de Roubaix,"47,6470000000","6,8500000000",1,3,2,1998.0,2,0,0,0,D01,3,0,2,7,19,5,4,ROUBAIX (RUE),0.0,,2,2,0,1,1,1,0,1,50,adult
202200054783,26,11,2022,0 days 11:15:00,1,75,75117,2,2,1,6,RUE LEGENDRE,"48,8853150000","2,3162130000",3,4,1,1935.0,0,0,-1,-1,A01,2,0,1,1,1,5,4,RUE LEGENDRE,0.0,,2,1,0,1,1,1,0,1,30,child
202200054783,26,11,2022,0 days 11:15:00,1,75,75117,2,2,1,6,RUE LEGENDRE,"48,8853150000","2,3162130000",1,1,2,2001.0,0,8,0,-1,A01,2,0,1,1,1,5,4,RUE LEGENDRE,0.0,,2,1,0,1,1,1,0,1,30,adult
202200054856,26,11,2022,0 days 11:10:00,1,75,75111,2,2,1,3,BOULEVARD VOLTAIRE,"48,8587200000","2,3785800000",2,1,1,1961.0,5,1,0,-1,B01,2,0,2,1,1,5,4,BOULEVARD VOLTAIRE,0.0,,3,2,1,1,1,1,0,5,30,child
202200054856,26,11,2022,0 days 11:10:00,1,75,75111,2,2,1,3,BOULEVARD VOLTAIRE,"48,8587200000","2,3785800000",1,1,1,1982.0,4,1,0,-1,B01,2,0,2,1,1,5,4,BOULEVARD VOLTAIRE,0.0,,3,2,1,1,1,1,0,5,30,adult
202200054856,26,11,2022,0 days 11:10:00,1,75,75111,2,2,1,3,BOULEVARD VOLTAIRE,"48,8587200000","2,3785800000",1,4,1,1994.0,5,8,0,-1,B01,2,0,2,1,1,5,4,BOULEVARD VOLTAIRE,0.0,,3,2,1,1,1,1,0,5,30,adult
202200054868,18,9,2022,0 days 17:00:00,1,51,51454,2,1,1,2,avenue Brébant,"49,2591400000","4,0095300000",1,1,1,1969.0,0,1,-1,-1,A01,0,3,2,1,2,5,4,BREBANT (AVENUE) DU 1 A 86,0.0,,2,2,0,1,1,1,0,1,50,child
202200054868,18,9,2022,0 days 17:00:00,1,51,51454,2,1,1,2,avenue Brébant,"49,2591400000","4,0095300000",1,4,1,2007.0,5,2,0,-1,A01,0,3,2,1,2,5,4,BREBANT (AVENUE) DU 1 A 86,0.0,,2,2,0,1,1,1,0,1,50,adult
202200054893,19,10,2022,0 days 10:00:00,1,62,62193,2,6,2,2,Boulevard de la Resistance,"50,9599800000","1,8442860000",1,3,1,1973.0,5,2,0,-1,B01,1,0,2,1,9,5,4,RESISTANCE (BOULEVARD DE LA),0.0,,2,1,1,1,3,2,5,1,50,child
202200054893,19,10,2022,0 days 10:00:00,1,62,62193,2,6,2,2,Boulevard de la Resistance,"50,9599800000","1,8442860000",1,1,2,1996.0,1,1,0,-1,B01,1,0,2,1,9,5,4,RESISTANCE (BOULEVARD DE LA),0.0,,2,1,1,1,3,2,5,1,50,adult
202200055038,12,2,2022,0 days 15:35:00,1,77,77374,1,1,1,6,D21,"48,7960300000","2,7186200000",1,1,1,1960.0,5,1,0,-1,B01,1,0,2,1,13,5,3,RUE DE LA PLANCHETTE,0.0,,2,2,0,1,1,1,0,1,80,child
202200055038,12,2,2022,0 days 15:35:00,1,77,77374,1,1,1,6,D21,"48,7960300000","2,7186200000",1,1,2,1987.0,5,1,0,-1,B01,1,0,2,1,13,5,3,RUE DE LA PLANCHETTE,0.0,,2,2,0,1,1,1,0,1,80,adult
202200055038,12,2,2022,0 days 15:35:00,1,77,77374,1,1,1,6,D21,"48,7960300000","2,7186200000",1,3,1,2008.0,5,2,0,-1,B01,1,0,2,1,13,5,3,RUE DE LA PLANCHETTE,0.0,,2,2,0,1,1,1,0,1,80,adult
202200055038,12,2,2022,0 days 15:35:00,1,77,77374,1,1,1,6,D21,"48,7960300000","2,7186200000",2,1,1,2019.0,0,1,0,-1,B01,1,0,2,1,13,5,3,RUE DE LA PLANCHETTE,0.0,,2,2,0,1,1,1,0,1,80,adult
202200055076,5,5,2022,0 days 19:40:00,1,92,92035,2,1,1,3,National ( boulevard ),"48,9081527910","2,2379226834",1,4,1,1973.0,1,2,6,-1,B01,3,0,2,8,19,5,3,992,0.0,,-1,2,0,1,1,1,0,1,50,child
202200055076,5,5,2022,0 days 19:40:00,1,92,92035,2,1,1,3,National ( boulevard ),"48,9081527910","2,2379226834",1,4,1,2006.0,5,8,0,-1,B01,3,0,2,8,19,5,3,992,0.0,,-1,2,0,1,1,1,0,1,50,adult
202200055091,26,11,2022,0 days 15:15:00,1,34,34172,1,1,1,3,56 Route de Lavérune,"43,6016600000","3,8521750000",1,4,1,1943.0,5,0,-1,-1,B01,2,0,2,1,1,5,4,5,0.0,,2,2,0,3,1,1,8,1,70,child
202200055091,26,11,2022,0 days 15:15:00,1,34,34172,1,1,1,3,56 Route de Lavérune,"43,6016600000","3,8521750000",1,1,1,1965.0,5,1,-1,-1,B01,2,0,2,1,1,5,4,5,0.0,,2,2,0,3,1,1,8,1,70,adult
202200055098,20,10,2022,0 days 17:30:00,1,35,35238,2,3,1,3,ROOSEVELT (BD FRANKLIN),"48,0975400000"," -1,6571300000",1,4,1,1967.0,0,8,-1,-1,B01,2,0,2,6,1,5,4,,0.0,,2,3,2,2,1,1,0,1,50,child
202200055098,20,10,2022,0 days 17:30:00,1,35,35238,2,3,1,3,ROOSEVELT (BD FRANKLIN),"48,0975400000"," -1,6571300000",1,4,1,2000.0,0,8,-1,-1,B01,2,0,2,6,1,5,4,,0.0,,2,3,2,2,1,1,0,1,50,adult